@lat	@lon	name	industrial
11.3796749	76.7454809	Needle Industries	
11.4068526	76.7138076	Milk Dairy	
11.4283926	76.6643598	Hindustan Photo Films New Plant	
11.2991328	76.6796204	Chamraj Tea Factory	
19.3414300	72.8929200	TATA Warehouse	
10.3377268	76.2219430	Aravusala	slaughterhouse
12.9985296	80.2048273	eZee Bags	
11.4084150	76.6990348	Govt. Auto Workshop	
29.9541629	77.4496894	Bidvi Sugar Mill	
22.9752916	72.6430213	GIDC VatVa	
12.8490337	77.6631347	Yokogowa Blue Star	
12.8409584	77.6636503	Flextronics	
9.5788134	77.0979758	Connemara Tea Factory	
28.7786707	77.1428523	Pyare Lal Ashok Leyland	
12.9459345	80.1389696	vinayaga	
11.3906780	76.8855117	Tuttapallam Estate	
30.3716034	76.4746896	Milkfed	
30.6995724	76.7928206	Central Warehouse	
13.0393856	77.5537217	Jagadish Kara Condiments	
13.0265319	77.5342651	Indian Bureau of Mines	
13.0281717	77.5353211	Gokaldas	
30.7397320	75.6872398	Brick Kiln	
31.3794525	75.8255419	GNA	
13.3087906	76.9460187	Shankar Oil Industries	
13.3085112	76.9457575	Kiran Industries	
30.8648284	75.8654946	Dashmesh nickeling industry	
30.8702514	75.8684720	Komal Metal Works	
30.8661711	75.8609915	Krishna Industries	
30.8667056	75.8605343	Nippi Motors	
30.8661154	75.8613538	Rattan Industries Corporation	
30.8660066	75.8609962	Sharma Industries	
30.8670816	75.8614438	A.B Machine Tools(Shaper-Lathe-Planner)	
30.8658053	75.8613950	Bharat computer Dharam Kandha	
30.8612447	75.8660297	Hatth Khaddi	
30.8677900	75.8624991	Cycle Parts Manufactures	
30.8678516	75.8625056	BBH Gears	
30.8676548	75.8624957	Deep Press Tools(Office)	
30.8672720	75.8628543	Depot(Government)	
30.8658628	75.8624743	Jaspal Boaring Company	
30.8680394	75.8624767	Dayal Enterprises	
30.8664709	75.8628097	Shukdev Singh & Son's	
30.8693565	75.8645714	Rattan International Steel Works	
30.8688986	75.8645644	Mocsow Bicycle Company	
30.8719316	75.8613636	Industry	
30.8660587	75.8667381	Kanda Oil & Mill Stone	
30.8664462	75.8667770	A-One Traders	
30.8690976	75.8668644	Shiv Motors	
30.8667536	75.8668042	Jay Ess Enterprises	
30.8657694	75.8654348	Major Singhs & Bros Machine Pvt. Ltd	
30.8669412	75.8669356	Patna Sahib Computer Kanda(Capacity 60 ton)	
30.8673496	75.8640787	Blue Stallon Equipment	
30.8661155	75.8636119	Walia Traders(Cycle parts)	
30.8658937	75.8635639	Sohal Auto Spare Parts	
30.8667128	75.8649790	Hardeep Electricals Work	
30.8701513	75.8592698	Khurana Computer Dharam Kanda	
30.8697182	75.8593413	Balco Manufacturers	
30.8684259	75.8592804	Ahmedgarh Bricks & Sales Office	
30.8674098	75.8592662	Bharat Industrial Corporation	
30.7086666	75.9442975	village bekhi - brick klin	
30.8627007	75.9203043	Prem Steels	
30.8620281	75.9193136	Shiv Company	
30.8617542	75.9213062	Gahir Dharm Khanda	
30.8651037	75.8713275	Main Chimney ESS-WAY Industries	
30.8612244	75.9206512	Technocoat Industries	
30.8620187	75.9181578	Standred House Industries	
13.0145025	80.2001435	TVS Electronics	
30.9294894	77.1142253	Solan Brewery	
13.0496137	80.2434261	Precision	
15.4010529	73.8536335		
10.3338044	77.0163106	Tea Factory	
10.2657995	76.9207653	Tea Factory	
10.2815502	76.9615241	Tea Factory	
13.0376828	77.6128514	Mahiti Infotech	
19.1283960	72.8937200	Larsen & Toubro	
21.1741903	75.8370168	MSSK Sugar Factory	
12.7841937	79.6389405	Axiles India	
30.4269014	74.0463067	Cement Pipes	
30.4069395	74.0274620	Sarhad Kesri	
30.9261312	74.6124908	Commisioner's Office	
30.9503731	74.6104792	PUDA office Ferozepur	
30.9231830	74.6212996	Bhagwan Soap Mills	
12.5560083	77.7361627	Natural Remedies	
19.1626600	72.8514684	Manish Chambers	
19.1201090	73.0247273	SP Fabricators	
11.4622825	77.4675732	Coirmedia	
10.8662802	72.1940510	Rope factory from coconut	
30.8748863	75.8594100	Super Stamp	
30.8861494	75.8581383	Sukhneel Printer	
30.7117482	76.6929751	Amson Transformers	
30.7141211	76.6897966	AVON	
30.7137636	76.6895554	EON INFOTECH LTD.	
9.1853103	78.0203717	Selvi match works	
9.1883027	78.0192867	Ice Cream Cup factory	
31.7380170	76.6099650	Wood Sae	
18.5643551	73.9161886	Baker Gauges	
20.3651096	83.2809549	Store	
20.3659090	83.2937798	Unit 1	
20.3573132	83.2716981	Unit 10	
20.3484296	83.2682684	Unit 11	
20.3778898	83.2987851	Unit 12	
20.3302976	83.2575989	Unit 15	
20.3663360	83.2896334	Unit 17	
20.3643728	83.2926594	Unit 2	
20.3629838	83.2923453	Unit 3	
20.3607211	83.2914029	Unit 4	
20.3583189	83.2641020	Unit 5	
20.3760248	83.3030623	Unit 6	
20.3591214	83.2697842	Warehouse	
13.2196403	77.2509903	Sami Labs Limited	
13.2939105	77.1736997	Chamundi Die Cast(Pvt)Ltd	
13.2886281	77.1789354	Tadimetty Aromatics Pvt.Ltd	
23.2755546	72.3447941	Shukan Oil Industries	
23.3002767	72.3121791	Tribhuvan Industries	
23.7976885	72.3785588	GT Agro Industries	
23.7771938	72.3711615	GujkoMasol Unava	
10.2589592	76.3244448	Nitta Gelatin Factory	
9.0348868	76.8536999	Brick Industry	
23.3123738	72.3425588	S Raja Export	
23.3090238	72.3400268	Raja industry	
23.3130241	72.3384175	D Raja industry	
23.7113415	86.8762296	DPS Power Sub Station	
20.1306624	72.9174845	Shaikh fabrication	
18.7324258	73.1304652	Time Mauser Industries	
12.3090345	76.6844135	Government of India Text Book Press	
19.6717308	78.5353833	Cotton Factory	
19.6731149	78.5439023	Khanapur Ice Factory	
11.1779581	75.8272710	Commonwealth Tile Factory	
11.0427547	75.8681488	Putharikkal Tyles Factory	
12.9798447	80.1915525	Vulcabras Azaleia Sporting Goods India Private Limited	
16.6940409	76.8483041	NEKRTC Bus Depot	
11.5349755	75.8799431	Fisheries farm	
12.9990581	74.8230882	Pallavi Dresses	
13.0006244	74.8233265	Smith Works	
27.2085922	78.0433102	Gatte Ki Factory	
27.2064921	78.0422154	Janrater Factory	
13.2696808	76.7218307	Ammasandra Cement Factory	
9.7149821	76.5607168	Josco Food industries	
9.7154857	76.5602965	Pariyanikkal saw mill	
30.4202512	74.5216376	Setia Paper Mill	
13.0079535	76.1242254	Hassan Co-operative Milk Producer's Socities Union Ltd (HAMUL)	
12.9706377	74.8407819	Thokur Railway Yard	depot
30.4547321	76.5660300	Mukat Pipes Pvt. Ltd.	
30.5038179	76.6245051	Shahi Furniture Works and Hotel	
30.5076902	76.6358197	Wood Works	
22.7728738	86.2090315	LAFARGE CEMENT WAREHOUSE(GODAM)	
22.7695869	86.2227698	Jamshedpur Engineering & Machine Manufacturing Company (JEMCO)	
18.4510798	74.3947244	Eicher	
19.1021833	77.9662130	cotton factori	
19.1031278	77.9709471	RIce mill	
19.1011456	77.9818355	family factori	
18.4427897	73.8205821	DRAN	
18.4440829	73.8210851	Kakade Laser	
10.1807491	76.2250204	polyplast	
18.4440721	73.8220310	Shree Mahalakshmi Steel	
10.7950584	78.7592487	Bhavani Sawmill	
10.7946086	78.7601851	Mahalaxmi Sawmill	
9.8291066	76.4700943	News Print Factory	
12.2866835	76.6435795	KSIC silk factory	
28.6915760	76.9546940	Rohit Industries Group Private Limited	
12.9358822	79.1578399	Vellore Aavin Milk Cooperative Society	
21.3944376	76.2634234	Naval Singh Sugar	
11.8274939	75.6118485	NTL Fertilizers & Chemicals Private Limited	
11.8284833	75.6185581	Geosand	
11.8255650	75.6098432	Rubco Compund Mixing Plant	
11.8280566	75.6145791	Gmmco	
12.9769937	77.6319211	B.M. Engineering Works	
12.9769730	77.6319764	Vijaya fabricators	
12.9769476	77.6319057	Vijay wood works	
22.2396540	70.6776741	GIDC moteda	
23.3334122	72.4231484	milton	
23.3230718	72.4307633	Appolo	
23.3468203	72.4179641	paras bhavani steel	
23.3435164	72.4232907	rajratna metal	
23.3260794	72.4275985	sundek	
23.3720924	72.4080644	KnK castor oil	
22.2633966	70.8300616	Virat fiber	
10.5552530	76.2266445	shopping complex;Golden Chicken Centre	slaughterhouse
10.3409349	76.2527532	Shahara soda Factory	
23.3252465	72.4278619	Rainbow paper mill- Office	
23.3723848	72.4078808	Nirma limited nandasan unit	
23.3283188	72.4265535	Ambuja chemicals	
23.3984125	72.4010069	open plot	
23.3979316	72.3980399	Swastic tiles	
23.3355747	72.4228049	sachin industries	
23.3385896	72.4230761	Ratnadeep	
23.3434584	72.4193569	Sejasmi 	
23.4962764	72.4009139	Bhupendra Crain servies	
23.3243077	72.4282045	Master coats	
23.4155751	72.3944754	Fsc godown	
23.4200809	72.3941240	heavy metals	
23.5080736	72.4008809	ashi	
23.3362572	72.4242001	sakoflex	
23.3253919	72.4311884	Rainbow paper mill	
23.3365643	72.4226136	PTC industries	
23.3072332	72.4370372	Heavy metal Tubes ltd	
23.3054853	72.4373350	Heavy metal	
23.3578617	72.4145321	Global springs	
23.3532843	72.4156119	suraj industries	
23.4265615	72.3939770	Surana industries	
23.4532918	72.3939220	McCain	
23.4481805	72.3928777	John energy bhasariya unit	
23.3604436	72.4123938	Decent industries	
23.3345945	72.4246270	Sandvik	
23.3266769	72.4282132	Lancer	
23.4306444	72.3947741	Naz cement product	
23.3570341	72.4147329	Rajratna solar industries	
22.2640545	70.8254852	Maruti industrial area	
23.3211650	72.4315454	Kamal industries	
11.6581019	78.1964660		
13.0322675	77.5247521	Avana Electrosystems Pvt. Relay unit	
23.6158298	72.4005740	Somnath marble	
23.5129813	72.3971851	Radhe industroal park	
10.6113218	76.1636277	ottu company	
23.2400692	72.5072229	Sintex Kalol	
23.2915911	72.4514449	Maxim tubes p ltd.	
11.7646525	75.5110947	Cashew processing works	
10.6114814	76.1646833	ottu company	
10.6522976	76.1652735	SK Industries	
10.6235983	76.1673377	Trading Company	
22.2807943	73.2156593	Yamuna mill compound	
10.6391376	76.1521952	focus aluminum fabrications	
22.2813201	73.2185744	Lijjat  Papad	
22.2809549	73.2195126	Venus composite	
22.2807171	73.2195240	M.M.vora 	
23.5725878	72.3357707	shiv industrial Plaza	
23.2807960	72.4439465	Bhavna Roadways	
30.8904826	75.8623850	K B Machine Tools	
22.9714764	72.6276809	Advatech engineers	
22.9736233	72.6346176	Intec Frp	
23.0383167	72.5693040	Jainik Doors	
13.1122094	80.1469873	T.I. Cycles	
17.0740891	74.2953312		
19.9010828	79.3329328	Ballarshah Plywood	
19.9305826	79.1196305	Lloyd	
23.2372450	72.5092134	Sintex	
23.2364273	72.5103384	Bharat vijay mill BVM	
23.1803117	72.5753396	Amba Food Factory	
12.9604402	80.2519006		
23.2937582	72.4496090	Creative fiber glass	
23.2935132	72.4496432	ANAND ESTATES	
23.2966833	72.4476017	vishal enginering	
23.0341362	72.6837500	Kathwada Gidc	
22.9740317	72.6324483	Varun engineering	
22.9064360	72.4367930	esdee paints near	
23.0316617	72.6846117	Alicon Enginering	
22.9582414	72.6309780	intec frp II unit	
22.9038717	72.4374833	Shri Raj meatal	
23.0410865	72.6874313	Him Suraj Electro Fiber Private Limited	
23.0157630	72.6350806	shri avirat frp cooling tower	
22.9714099	72.6353440	Hitech cooling tower	
22.9636008	72.5885693	Ensave cooling tower	
22.9631900	72.5888004	Ensave cooling Tower	
22.2337812	70.7953735	Raj Fiber	
22.2315520	70.8002010	Parfect tata	
26.8762495	73.5611839	Dhundhiyari	
12.8002462	78.7234605		
20.6341276	79.8624806	Shrikrishna Rice Mill	
22.3274087	73.1476916	Global fibrotec	
22.4146427	73.1655975	Evrest composite sokhda	
22.5325830	72.9215210	Bansari composite	
22.2823070	73.2178930	vinayak fiberglass	
22.4445919	73.1871982	Jayraj Composite	
22.2841545	70.7750433	Poonam fiber Industries	
22.2337718	70.7954321	Raj fiber	
22.2344587	70.7936373	Swagat fiber industries	
22.9661748	72.5574830	"Chiripal industries ,pirana"	
17.4390808	78.5593987	Harinam Wires	
17.4392318	78.5597621	Sterlite Tech Ltd	
17.4382387	78.5611704	Swammy Son Agency	
17.4375478	78.5615245	DE Dietrich	
17.4439014	78.5627069	Naya Bharat Ventures	
17.4439750	78.5646533	Tata Steel	
17.4437140	78.5648907	Bridgestone India Pvt Ltd	
17.4440044	78.5652032	Sri Tirupati Timber Depot	
17.4442347	78.5650476	Umiya Wood Industry	
17.4441912	78.5652286	Bhagat Wood Industry	
17.4441490	78.5647700	NavNirman Formwork Systems Pvt Ltd	
17.4442770	78.5648893	Sharadha Wood Industries	
17.4539392	78.5799863	Seesha Sai Chemicals	
17.4380800	78.5591266	"Raptakos,Brett & Co. Ltd"	
17.4376425	78.5593090	Sriram Settings	
17.4563679	78.5790404	Hindustan Cables Ltd	
17.4614642	78.5842558	Sarvodaya Solvents Pvt Ltd	
17.4608860	78.5842611	Nitish Telecom	
17.4619734	78.5842236	CloudGen Systems	
17.4624723	78.5842772	Laxmi Industries	
17.4605994	78.5847922	Nova PowerTech	
17.4614010	78.5847546	Avis Press	
17.4606245	78.5851153	Hyquip	
17.4613409	78.5852763	SS Grovures Pvt Ltd	
17.4612565	78.5859280	BullRock	
17.4576982	78.5883682	Gauthami Pipes Pvt Ltd	
17.4580164	78.5860166	BST Steel Pvt Ltd	
17.4561691	78.5860058	Sri Bajrang Ispat	
13.0418729	77.5304892	Ravago Shah Polymers Pvt Ltd	
13.0391525	77.5310256	Dadu Bedding House	
13.0388390	77.5308674	Veerabadra Accurators	
13.0350297	77.5263734	Rab Engineering Works	
13.0351787	77.5263211	Saisankara Enterprise	
13.0350767	77.5262714	AS Engineering	
13.0349657	77.5265557	Shree Ragavendra Enterprise	
13.0348442	77.5266013	Nandhi Woods	
13.0347893	77.5265625	Choudhary Steels	
13.0347475	77.5265517	Sharp Tool Enterprise	
13.0346822	77.5265410	MRK Steels	
13.0346025	77.5266389	Dhanushree Industries	
13.0344875	77.5267448	Excel Auto Engineering	
13.0346639	77.5266778	Maruthi Engg Works	
13.0346639	77.5267127	Sun Tools Engineers	
13.0346626	77.5267529	PNK Metals	
13.0346430	77.5268427	Vinayaka Metals	
16.0925898	80.1624001	ML group of companies	
16.3101510	80.4298988	athithi gruha foods	
16.3070828	80.3091707	tulasi seeds	
16.3277443	80.3462502	nico agro oil products pvt ltd	
16.3112889	80.4270274	Sakku group	
14.4908496	78.8062948	kottha's ganesh	
15.9056012	80.4695286	kamakshi dairy farms	
16.2927412	80.4339968	ITC company	
16.2966673	80.4514921	Satyam enterprises	
16.2423056	80.4953967	Eastren masala industry	
13.0026185	77.5682723	Integra Textile Factory	
16.2565632	80.3361697	KALLAM spinning mills	
16.3209357	80.4338855	supriya spinning mills	
16.1573681	80.2432835	vasanta spinners pvt ltd	
16.3054051	80.4217239	sri bajrang jute mill	
22.9581564	72.5579239	Piplaj industrial Area	
16.2838934	80.4368995	crane betel nut powder	
16.2929688	80.4389942	KCP cement	
16.3022584	80.4388313	BSA hercules cycle store	
16.2924455	80.4471256	Chowdary cycle shop	
16.1807611	80.2396845	NSL textiles	
16.2904585	80.4160950	nova agri tech pvt ltd	
16.2916505	80.4290947	Tulasi steel	
16.3960607	80.1497840	Ravi mill store	
16.1409776	80.1977940	krishna ganga spinning mill pvt ltd	
16.2184187	80.2929612	sakku spinning mill	
16.2235601	80.5245657	sri lalitha parmeswari spinning mill	
16.5142218	80.6121143	Mohan plastics	
16.3062391	80.4431252	sri shanthi play wood	
16.3029104	80.4276367	kalpana jewllers	
16.3041371	80.4340863	sree raj jewllers	
16.3042336	80.4340913	sagar sofa works	
16.3113569	80.4184291	wardrobe furniture	
16.3056648	80.4405667	veda seed science	
16.3075446	80.4360899	kalyan jewllers	
16.3153256	80.3462855	Ratnam brick industry	
16.3193394	80.4171224	AAC blocks	
16.2861755	80.4450445	new bangalore iyengar bakery	
16.2904287	80.4470662	Salecha sales corporation	
16.4347966	80.4098623	sri balaji spinning mill	
16.1956124	80.5222024	sri sireesha sai spinning mill	
16.2991271	80.4364917	tatahub	
16.3021028	80.4362260	khazana jewllers	
16.3083207	80.4340522	malabar gold	
16.3025842	80.4345916	tanishq jewllers	
16.2874322	80.4124142	RK food products	
16.2919514	80.4476285	rahul jewllers	
16.3042950	80.4294874	Aakula koteswar rao and sons	
16.3019741	80.4375494	mohmad khan and sons jewllers	
16.4593612	80.5735476	sri lakshmi paper products	
16.3164985	80.4825139	Maddala industry	
16.3033862	80.4381235	Lepakshi handcrafts	
10.0470445	76.3122770	Indway Furniture Manufacturing Company	
9.6494263	76.7391650	Glenrock Rubber Products Pvt. Ltd	
9.1760715	76.4725646	Chair manufacturing	
10.0248357	76.3162321	Popular Industries	
10.3104591	76.3320230	Bridgestone	
13.0314093	77.5273396	Priya Industries	
13.0313471	77.5273065	Apex Engineering	
13.0339471	77.5274079	ASR Engineering Equipments	
13.0340594	77.5272698	Spring Air Bedding Company (INDIA) ltd	
13.0338948	77.5272336	Gaviranga Engineering Works	
13.0338973	77.5270923	Sri Hari Engineering	
13.0338944	77.5269378	Prime. Steel	
13.0340221	77.5268859	Bhagyalakshmi Industrial Corp	
13.0339488	77.5268758	Triveni Technosys	
13.0338805	77.5268544	Sai Maruthi Precision Works	
13.0338340	77.5268565	AG Engineering	
13.0337835	77.5268534	Sri Shivshakti Enterprise	
13.0338003	77.5269317	Maruthi Steels	
13.0338181	77.5270933	Geekay Tarpaulins & Polymers Pvt Ltd	
13.0337152	77.5269815	Bright Services	
13.0337538	77.5270902	Krishna Badaram Industries	
13.0337528	77.5271421	Preci fit	
13.0338139	77.5271678	Basavi Shree Fasteners	
13.0338139	77.5272268	Shri Manjunatha Engineering	
13.0337002	77.5272040	ASD Industries	
13.0337381	77.5272845	SP Engineering Works	
13.0338073	77.5273220	Precision Engg Works	
13.0337773	77.5274280	Linsa Industries	
13.0336923	77.5274119	Sharp Engineering	
13.0337250	77.5273435	SL Technologies	
13.0336166	77.5271115	Slv Engineering Technologies	
13.0336257	77.5271638	SMS Technologies	
13.0336336	77.5272898	Vishnu Enterprises	
8.5450546	76.8916518	Supercold Refrigeration Systems Pvt Ltd	
13.0333098	77.5274628	MR Automats	
13.0336068	77.5273296	Belathu Industries	
13.0334623	77.5272270	RS Sparktech	
13.0332464	77.5271345	Om Shuthi Enterprises	
13.0332276	77.5268682	Modern Engineering Enterprise	
8.8892501	76.5927044	Swamy Oil Industries	
8.8780103	76.5976876	St. Joseph’s Art Industries	
13.0344530	77.5275402	Rapid Engineering Works	
13.0344770	77.5276373	Shristhi Engineering Works	
13.0345011	77.5277667	Afraaz Engineering Works	
13.0345536	77.5279408	SLN Engineering Works	
13.0345926	77.5280455	Karam Gears	
13.0346181	77.5281688	Ram Precision Industries	
13.0343360	77.5276666	Hi-Tech Technologies	
13.0343825	77.5278714	SB Engineering Works	
13.0344155	77.5280702	PS Engineering Co.	
17.4253603	78.5481696	Elmot Alternators	
17.4248574	78.5484258	Bhagyanagar India Pvt Ltd	
17.4244694	78.5479514	Stallion Tyres	
12.8038371	80.1908713	Softgel Private Ltd.	
10.1781104	76.2148794	Chandrasseril Flour and oil Mill	
23.0831468	72.1565417		
20.4289104	85.1644031	Shree Ganesh Cement Works	
23.2597782	72.4731068	oswal	
9.5377900	76.7591343	Thalam flour mill	mill
9.8488040	76.8376481	"Karuparambil Industries, Pannimattom"	
22.2513024	73.1861755	Satyam Composite	
22.1328969	73.1720696	Satyam composite	
22.3157898	73.1990828	Uma trades	
22.1319707	73.1724713	Jayesh cabels	
17.3549466	78.4440230	finemicro filters	
9.7409691	76.6399301	Riotech Industies	
22.7330551	71.3691630	Satyanarayana Pipe Factory	
20.6176521	79.9237883	Gaurav Paper Mill	
30.9659912	76.8055639	VIOWN Mettube	
22.7228753	75.8868815	Office	
20.5845574	79.8824273	Vaishnaomata Rice Mill	
22.9691784	72.6323673	Mamta extrusion Vatva	
13.0506071	78.5329758		
12.9207848	80.0898349	Mary Timbers	
17.3767697	82.5412456	Tandava sugar Factory	
10.1636011	76.2084233		scrap_yard
22.6329909	72.9144163		
22.0487278	70.7913575	Raj polypacks p ltd	
22.1632707	70.7990192	Payal forgins	
13.3310592	75.7887511	Sri Shankar Sawmill	
10.1582947	76.2223974		
22.7084230	75.8437688	Chatripura Cemetry	
12.8811496	77.5983865		
20.2907050	85.8915589	Agni Bricks	
17.9781799	79.5137380	Shanthi Nagar	
19.0478225	72.8608609	Rawaji Industrial Corporation	
17.9686136	79.5045248	Electric Loco Shed	
17.9653383	79.5009723	Diesel Loco Shed	
25.4802743	78.5590933	Baidyanath	
30.8920568	75.8558286		
30.8752122	75.9355782	Power Transmission Industries	
20.3243657	73.0525793	Hemilton house ware pvt ltd	
21.1613101	72.8163572	Beghani dying	
20.3233533	73.0517383	KLJ Plasticizers Ltd.	
18.3287600	73.8518108	Shogni Technoarts Pvt	
23.3247690	72.4182050	Stronglite composite	
23.3226944	72.4231670	Western protins	
21.0914690	79.0745876	Mahajan Aata Chakki	
12.8984621	77.6077509	Shabari Mosaic	
18.6759524	83.9477581	Dhanalakshmi Rice Mill	
18.6731951	83.9498787	Rajya Lakshmi Mill	
25.9082711	86.7218370	Brick production	
25.9087011	86.7176979	Brick production	
25.9074258	86.7178973	Brick production	
25.9102463	86.7229229	Brick production	
25.9124110	86.7220664	Brick production	
25.9119654	86.7241050	Brick production	
25.9144420	86.7220381	Brick production	
25.9164234	86.7220614	Brick production	
25.9205687	86.7226504	Brick production	
25.9219755	86.7230242	Brick production	
13.6747828	79.5015075	Amararaja Batteries Small Batteries Division	
13.6732660	79.5039116	Amararaja Batteries Automotive Batteries Division	
11.4929053	76.4722539	Chambala Tea Factory	
12.3235374	78.0753080	Dharmapuri Sugar Mills	
25.8746467	86.7476895	Brick production	
25.9480929	86.7273244	Brick production	
12.0625612	78.9715022	Kallakurichi Coop Sugar Mills	
22.1314091	73.1800745	Dolf industry	
12.5082404	79.1675959	Sugar factory	
20.5418699	79.8812557	Jai Bajarang Bali Rice Mill	
28.7361944	76.8878048	Ramdas Bhatta	
23.5024536	77.0794642		
17.3637981	82.5465510	ICE FACTORY	
26.6231943	76.0149477	RMC SWITCH GEARS LIMITED	
16.6131118	77.9751896	Vibha Seeds	
17.2483141	78.4732248	VEM Technologies	
10.6139007	76.2041321	Ever Shine Engineering Industry	
21.5327392	86.8305387	Emami Paper Mills	
25.5424381	87.5617286	Railway Power House	
10.7904473	78.7689291	Bhavani Sawmill	
10.5460012	76.5793408	Parappadikkal Rice & Flour Mill	
11.9414661	79.8020246	Rathinaa Iron Industries	
11.7414867	76.1194286	St Thomas Chicken stall	slaughterhouse
27.1844098	83.2519015	Brick Factory	
20.5899713	79.6774338	Hariom Rice Mill	
12.9572131	77.6619371	Bliss Chocolates India Pvt Ltd	
31.2148204	75.1974776	Dhawan Ice Factory	
27.1860372	83.2629576	Brick Factory	
11.9458505	79.8048609	Manatec Electronics	
11.9456878	79.8055715	Gevika Agro Pvt. Ltd.	
11.9456147	79.8070009	Cooperative modern rice mill	
10.7939768	76.6632971		slaughterhouse
20.5737055	79.8807052	Chhabda Rice Industries	
23.0963308	72.6217813	AmulFed Dairy	
27.1573766	83.1885360	Brick Factory	
22.5526017	72.9728394	AMUL DAIRY - KAIRA COOP MILK UNION	
16.4653877	79.9131904	Balaji Cement	
16.4766697	79.8842219		
22.3058184	73.3926916	Shri Ganesh Tape Industries	
26.5911032	88.4999156		
23.2733147	77.3195192	Garments factory	
13.0766523	80.1813734	RBC engineering	
13.0348889	80.1005489	Annai Paper and Plastic products	
22.7305950	88.3427424	Jaya Shri Textiles	
11.9348568	79.8238168	Neelavathi scrap	scrap_yard
11.9348589	79.8236396	Sri Guru Sithananda Soda Factory	
10.8652576	76.8857970	V-Guard Factory	
13.8897952	75.6691171	ERM. pvt.ltd.	
17.6650102	83.2126578	Himadri Chemical & industries ltd(vizag) (Visakhapatnam)	
11.9472542	79.8294671		scrap_yard
14.4819108	78.7186806	Kopparthy Mega Industrial Park	
14.5902565	74.8163723	Sanju Trictronics	
23.1308880	70.0748183		
18.1600351	78.8967806	Pragathi vidya nikethan E/M	
16.9413995	78.1737265		
19.0074469	76.9454261	Cotton Factory	
30.4537626	75.3453760	Gobind coach builders	
10.7458745	76.0250725	Perfect Ferro Cement	
30.3360187	76.8804009	Global Marketing Empire	
15.3516743	76.4926049	The Kishkinda Trust	
23.2458687	72.6287986	"Circuit Systems, PCB Power"	
18.2183726	76.1567372	Venkatesh Brick Production	
15.4602270	73.9691200	Crompton Kundaim Plant	
15.4606276	73.9705163	Churi Industries	
9.7484287	76.3622091	Malabar Cement Factory	
10.3376471	79.3819486	Thasim Rice Mil	
10.5863168	76.1595775	nippon toyota yard	scrap_yard
10.5588698	76.2392054	Milma Factory	
10.5617951	76.2436733	Villadam	slaughterhouse
19.1675987	73.4461913	Baldev Engineering	
9.9419290	78.1493794	Ruby Food Products Private Limited	
25.1955377	84.9964862	brickworks	
22.9876385	72.4986666	Rekson Rediator	
19.0898050	82.1718118	NMDC I&S Plant Nagarnar	
19.9356197	79.8878720	Pankaj Rice Mill	
19.9351687	79.8920913	Mahavir Rice Mill	
19.9357343	79.8920246	Sharda Rice Mill	
10.5791302	76.0396921		
18.0013895	74.4227277	Nimbkar Seeds Pvt Ltd	
19.9299980	79.8927922	Rice Mill	
13.0288262	77.6312368	Amazon Transport Services	warehouse
19.9367476	79.8876395	Gandhi Rice & Agro Industries	
19.9397623	79.8882093	Flour Mill	
21.2049532	79.1494721	Ankit Pulps & Boards Pvt Ltd	
21.2014598	79.1427103	Goverdhan Energy and Petrochemicals Pvt Ltd	
9.3670366	76.4744433	Factory	
16.1321126	80.1917962	Lakshmi Ganapathi Ginners Pvt Ltd	
17.2692599	78.5395689	Rice Mill	
31.6266757	76.0994991	BDM Juice Factory	
22.4763638	72.6257256	Rajlakshmi Agro Industries	
16.7557253	81.0298582	maize factory	
19.3804510	85.0519475	Jayashree Chemical limited	
19.3799064	85.0537363	Grasim Industries Limited	
30.8963227	75.8612429	Jaura Street	
22.9628347	72.5985939	Reliance resin industries	
18.7815336	73.7469706	DMW Corporation India Ltd	
18.7815336	73.7451467	New Holland Fiat India Pvt Ltd	
28.4149485	77.0534208		
18.5830969	73.7316902	SI Interpack Unit 3	
18.5836791	73.7317037	Familaa Frozen Foods	
18.5842257	73.7308293	RMC Ready Mix Concrete Supplier	
28.4643523	77.3073518	Himgiri Textiles	
10.0668130	77.0086938	Letchmi Tea Factory	
12.5183652	76.8952048	J M G Enterprise	
19.1254283	72.9194808	Scrap store (Raddi)	scrap_yard
19.1267577	72.9187415	chicken wala	slaughterhouse
19.1272804	72.9192135	N K traders	slaughterhouse
28.5369029	77.4108464	SPM MEDICARE PVT. LTD.	
12.2282155	75.1547871	Coconut oil Factory	
9.6470333	77.1656471	"cardamom factory ,6th mile"	
12.2769266	75.1104088	goodm wood mill	
12.4554352	75.1066152	Beedi Company Kolathur	
18.4682076	79.1936803	Cotton mill	
27.2784665	94.0246352	Dejoo Tea Factory	
12.3551717	75.1234425	Vittal Cashew Industries	
12.3435272	75.1128713	Milma Factory	
30.9237746	74.9584904	Zira Sugar Mill	
10.0698014	76.6050584	Rado Tyre Company	
11.3753185	76.0501447	keratone cocunut oil	
22.9778264	72.5894443	Gita Mediquip PVT. LTD.	
23.0290154	72.6923839	Ambica Machine Tools	
23.0425953	69.9205649	Man Industries	
30.8419412	76.1873088	Baraf da karkhana	
17.6793736	82.9567175	PLASTING RECYCLING	
20.8577043	78.9699589	Bharat Petroleum Corporation Limited	
11.3780386	76.7481188	Pony Needle Phase 2	
10.3033971	76.2146704	manjaly floar mill	
10.4776545	76.1625778	unique packaging	
11.1550221	76.1926024	aluminium fabrication company	
10.4819490	76.0741786	KT Ice Factory	
10.3000218	76.2161264	Dharani fertilizers	
10.3982924	76.2646276	Karikkod Company	
10.3987197	76.2648463	Deepa Plastics	
10.5633645	76.3500452	modern sheetsand metal thrissur	
12.9355611	79.1494042	Rajendran Steel industrial works	
11.1466918	76.1062027	Carmal Crushers And Fertilisers	
11.1467233	76.1062241	Carmal Crushers And Fertilisers	
9.0882151	76.5561338	Thirumenees pickle industries	
11.1458697	76.1193538	Divine Paper Bags	
11.1517819	76.1140280	Plastic Company	
17.6157653	77.9866738	Bluecraft Agro Pvt.ltd	
18.9545218	79.6476490	Ganesh rice mill	
17.0262305	81.8078945	Footwear factory outlet	
8.5454239	76.8908776	"Family Plastic, Monvila"	
21.1257432	79.1227897	Indrayani Handlooms	
10.6186970	76.1144217	universal crap centre	scrap_yard
10.4656355	76.2205128	hari om nama sivya	
10.7200259	76.0813701	Uncle John Ice Cream Factor	
10.5536765	76.1734448	cocoa rich chocolate factory	
10.3981463	76.2828009		
10.5163128	76.1720525	Interiors And Factory	
10.4731473	76.2397971	penna cement industries limited	
8.4776035	77.1538607	R S Hollowbricks	
23.2272161	72.5083038	Mena Packing Industries	
33.9261956	75.1235827	Silk Mills	
30.2364485	74.9108692	"Jay Bee Industries, Malout Road, Bathinda"	
17.5483484	80.6059068	singareni central work shop	
22.4117257	70.0574431	Raj Brass Industry	
9.6762238	76.5995356	Scrap shop	scrap_yard
20.4877592	85.9369425	"Pasupati Agrovet Pvt Ltd, Plant 2"	
20.4883105	85.9442011	"Pasupati Agrovet Pvt Ltd, Plant 1"	
20.5542086	85.9910044	"Pasupati Agrovet Pvt Ltd, Plant 3"	
9.5654532	76.6622269	paragon polymer products	
9.5818158	76.5825238	Varappalil Rubber Industries	
10.1642606	76.4101367	Divine Pig Farm	slaughterhouse
22.9708321	69.7240694	MBM Godham	
17.3295781	78.5801517	Fresh Meat	slaughterhouse
17.3301268	78.5757683	fresh mutton shop	slaughterhouse
17.1506845	80.8656600	poultry farm	slaughterhouse
17.1685923	80.8699833	poultry farm	slaughterhouse
17.4043449	78.5041773		
18.3842598	78.8120741	Rice mill	
18.2726982	80.4773641	BUILT factory	
12.8316483	79.8793808		
9.5911286	76.6419119	Rubber Band Company	
9.9409160	76.4074839	Metricways Rotogravure Printers Pvt. Ltd.	
9.8728592	76.4865071	Pee Cee Soda Factory	
9.9059680	76.4622617	BESTON Industries	
9.9039152	76.4504952	Foresight Systems	
9.3650736	76.6633523	"Kumbanad ,Kavalayil Oil Mills"	
9.8960279	76.5378974	Tulips Thirumarady	
9.6842337	76.6599782	Thalakulam Oil Mills	
9.8850164	76.4590935	Kannangayathu Metals	
9.8691190	76.4497939	athanickal agro agencies	
9.5676957	76.6872065	nedumavu match factory	
10.1822588	76.3829732	gaylord godown	
10.1787175	76.4172297		
9.4670952	76.5677468	Ashok rubber factory	
9.6590987	76.7207042	Heveacrumb Rubber Private Limited	
9.0055393	76.7789770	kairali Fertilisers and chemicals	
9.5498452	76.8704567		
9.8622768	76.6965918	Steel Tech Industries	
9.9737426	76.4086054	EBENEZER FILTER FABRICS TEXTILES	
9.9726899	76.4101304	AGRO MANURES AND CHEMICALS (INDIA) PVT LTD	
30.7884221	75.9176750		
9.3698845	76.8477813	Mineral water and Soda factory	
8.4640768	76.9494138	Zam Zam Chicken & Mutton	slaughterhouse
12.5160927	75.0209219	BSk chicken	slaughterhouse
9.2515419	76.7596843		
10.7958064	76.7583879	Pyare Lal Group of Industries	
10.7941452	76.7355880	Transtek Engineering & manufacturing Industries	
9.7484897	76.3640173	Alleppey Fibre Tuft	
9.7492430	76.3640091	"Total Oil India Private Limited,Cherthala"	
10.6249942	76.1027190	NKK Ice Factory	
10.6414576	76.1791059	Praveen Jewellery Box Works	
11.9320156	75.3567104	Western India Plywoods Ltd.	
11.7191014	75.5495700	Kannur spinning &weaving Mills	
11.6602184	76.1673016	auto care	
9.0580131	76.5183321	Bokhad Constructions	
9.0554447	76.5252060	maruthoorkulangara kaithari sangam	
10.0151599	76.9374821	Eastern Factory	
8.9621226	76.6674338	Kerala Electricals Ltd	
8.9620106	76.6675310	Production	
8.9622721	76.6679902	Office	
8.7837159	76.6775099	Kappil Coir Factory	
8.6398086	76.8451774	Shine Marbles	
8.6389541	76.8356701	Neptune Readymix Concrete	
8.9829497	76.9234253	Bella Hollow Bricks	
9.4491461	76.5390104	coconut mill	
8.6157369	76.9974406	cashew nut factory	
8.6953769	76.8158262	Al Kush Poultry Farm	slaughterhouse
10.0386405	76.7114918	Fifa Oil Mill	
9.0035556	76.6613422	Kuttiyil cashew factory	
18.6872376	78.1196412		
9.4913957	76.5364945		
9.4569353	76.5326482	flour mill	
10.1721143	76.4339890	Leads Consortium	
10.1727775	76.4346638	KGP Industries	
10.1740222	76.4344490	Kalpana Agro Mills	
10.1753940	76.4352037	Rice Mill	
10.1746231	76.4357578	M sand plant	
10.1736444	76.4359891	PP Granites	
9.9227132	76.2636635	GCDA Cage Farm Tourism	
9.4924311	76.5528965	plywood	
9.4384279	76.5687917	meat house	slaughterhouse
10.1950460	76.3422931		slaughterhouse
10.1884572	76.3446856	Marhaba Beef Centre	slaughterhouse
9.7430340	76.3127053	grinding mill	
8.7695193	76.8800011	Cashew Development factory	
8.7699286	76.8803014	kerala Cashew Development	
9.9383527	76.3710012	Daily Packaged Drinking Water Company	
8.7874437	76.7727223	Capex Cashew Factory	
9.2163704	76.7723644	matchbox factory	
9.8472727	76.4116114	Modern Oasis Trading	
8.7619529	76.7876402	scrap shop	scrap_yard
8.5388594	76.9412586	S.R Chicken Stall	slaughterhouse
9.4607332	76.5729578		
10.1741702	76.4368051	spice dealers	
8.5200984	76.9449309	"Suguna Daily Fressh, Amis Associates"	slaughterhouse
10.0161757	76.9528444	flour mill	
9.7824559	76.5128099	Rubber processing centre	
9.0896026	76.6832415	National flour mill	
9.8112488	76.4303133	Ettumanoorappan Match Box	
8.5147196	76.9533396	Kepco Chicken	slaughterhouse
9.7870201	76.4406590	Aiswarya Steel Industries	scrap_yard
8.9444768	76.7713615		
9.9682314	76.3145231	Exide Shop	
9.9325763	77.0549530	Coco Factory	
9.9638910	76.2707961	Haileyburia Tea Estates Ltd.	
10.0118222	76.9563060	Anna aluminium	
8.5835159	76.8276827	Euro Marine Ice Plant	
10.0288770	76.3017537	Nice Chemicals Private Limited	
9.0121647	76.9277297	SOLVE PLASTIC PRODUCTS & SOLVE PLASTIC PRODUCTS PVT LTD. (BALCO)	
9.5650399	76.3283907	Hindustan Coir Factory	
8.7684223	76.8785167	Brand Factory Mens Wear	
9.0181866	76.6602026	St George Cashew Factory	
8.9011680	76.6828689	vadakkemukku cashew factory	
9.4881332	76.7043757	asian food products	
8.4567511	76.9658977	Panchami Hollow Bricks	
9.3295688	76.9253580	meat stall	slaughterhouse
12.1826301	75.3183412		slaughterhouse
9.0434188	76.9619342	chaliyakkara factory	
9.6027010	76.3116402	jnanpeet nidhi limited	
11.3370078	75.8171703	Rubber	
8.8838809	76.6732282	parle-g godown	
10.0217987	76.5628459	HAYATH FERRO SLABS	
8.8844294	76.6746660	sastha cashew factory	
8.8843075	76.6752233	toyota service centre	
9.5445413	76.5836302	Grand Engineering Industries	
9.1031825	76.6776380	Immanuel industries	
9.5424350	76.3128521	safexpress pvt ltd	
9.0953897	76.6665664	Uthaman's rice mill	
11.3366511	75.8159054	Paper Factory	
9.6831177	76.7862806	SRK soda factory	
11.9292268	75.7676392	rubber factory odamthode	
9.5160509	76.8166565	St. Mary's Rubbers Pvt. Ltd.	
8.8860498	76.6750507	cashew factory	
9.5425046	76.6654348	Rubco	
10.0850029	76.3472930		scrap_yard
8.8037742	76.7624373	Ezhipuram Cashew factory	
8.7890524	76.7401046	Marhaba Poultry Farm	slaughterhouse
9.9573197	76.6255437	bottle company	
10.1641088	76.4008064	hollo brick factory	
9.7935463	76.3460657	Anchuthara Food Products	
9.0562344	76.5769417		slaughterhouse
10.4309749	76.2801591	flour mill	
8.5117305	76.9286610	Suraksha bhavan directorate of factories	
11.2652502	75.8823603	Minar Tmt steel	
10.5919768	76.0944266	Trichur Trophies Factory	
8.8954170	76.6822157	kiran steels	
8.9017346	76.6773590	Mangalath cashews	
8.8697518	76.6709555	cashew factory	
8.8932527	76.6713453	ms cashew	
8.9010930	76.6669294	mr hollow bricks	
9.2170165	76.7783589	Flour Mill	
9.2182715	76.7775892	Flour Mill	
9.2169038	76.7730550	Coconut And Rice Mill	
9.4262881	76.8550702	Malayalam industries	
10.0130698	76.3023381	Modern Food Pvt.	
8.8155085	76.7561135	Paripally Cashew factory	
10.2619616	76.2889054	Thoppilan mills	
8.9833773	76.6701841	cashew factory	
11.8928032	75.4076767	Parkash chicken stall	slaughterhouse
10.0221816	76.3542959	Rainbow publications	
9.7041886	76.4826872	Valiyaparambil paper industries kallara	
11.1216820	76.3496792	Flour Mill	
9.8134784	76.4540605	Kwality	
10.0823309	76.5568037		
10.0830008	76.5564062		
10.0822996	76.5563550		
10.0825562	76.5544256		
10.0830913	76.5558956		
10.0828520	76.5544009		
10.0832244	76.5543444		
10.0821699	76.5553443		
9.4982213	76.5086829	kollath hollow bricks	
9.5015371	76.5069893	CK Ladders	
9.5021951	76.5088096	Hollow Bricks	
9.5015269	76.5072373	Kochunadayil Hollow Bricks	
9.5010232	76.5071445	Hollow Bricks	
9.9774723	76.6008306	Majax Matchbx Factory	
9.9772135	76.6009540	Nellypalli Hollowbrick Factory	
11.6810483	75.5488778	ice factory	
11.6822084	75.5480192	Thadi Mill(Wood Factory)	
9.5010586	76.5238584	Hollow Bricks	
10.0876215	76.5546510		
10.0871515	76.5562846		
10.0876449	76.5542197		
10.0872351	76.5560037		
10.0877871	76.5542330		
10.0875691	76.5545693		
10.0877722	76.5543213		
10.0876636	76.5543764		
10.0876777	76.5540401		
10.0877516	76.5541180		
10.0877652	76.5539413		
10.0877703	76.5544429		
10.0871271	76.5559050		
9.8061261	76.4554483	Vaipel Bricks	
9.8061989	76.4559790	Sulu Bricks	
9.8076740	76.4557661	NN Bricks	
9.5076920	76.5174018	Rubber Factory	
9.5066338	76.5175225	Flotex Rubber And Plastic	
11.2651624	76.0049495	NP Cement Work	
11.2652804	76.0086162	Pannicode Kavilada Flour Mill	
11.4027151	75.8264995	coconut complex	
9.2588073	76.4144207	"Akshaya Centre, Valiyaparambu"	
8.6229228	76.7968270	Shahanas Poultry FArm	slaughterhouse
8.5773642	76.8554248	Sri Murugan scrap	scrap_yard
12.0339227	75.2706873	Rainbow oil mill	
9.8222851	76.4459347	Arjun Industries	
11.4351764	75.9521769	Ulccs Batch Mix Plant	
9.5098453	76.5253773	Pallathara	
9.5094218	76.5254723	Pallathara	
10.8889333	76.5423753	Therese Hollow & Solid Bricks	
10.8889780	76.5431264	Sree Krishna Live Kitchen	
10.5880160	76.5110085	Lulu bricks	
22.1387834	88.6905737		
8.3721218	77.0764870	Hollow brick	
31.6266062	74.8181848	Bubber Machine Tools	
13.7094101	77.5021337	Ajax Engineering Pvt Ltd	
9.0067638	76.8092349	Cashew Factory	
9.0046072	76.8070292	Manna Ice Cream Factory	
9.6432745	76.5338010		
10.2471266	76.1493650		slaughterhouse
30.7136761	76.6945946	Rockpecker Pvt Ltd	
11.1519729	75.8890600	Rime Rich Foods Pvt Ltd.	
11.1500318	75.8896785	National Food Industries	
11.1496146	75.8894777	Merry-Time Cream Foods Private Ltd	
11.1487003	75.8915523	Kiwi Ice Cream Factory	
11.1491690	75.8913388	EK Foods Pvt Ltd	
11.1602907	75.8729859	Steel Tech Cort Solutions Factory	
8.7480793	76.7602152	Sree Lekshmi Cashew Factory	
8.4461970	77.1250071	Delta MSand Pvt.Ltd	
8.5438469	77.0099307	Poabs Ready Mix	
11.4309603	75.7896890		
20.4839641	78.9863154	Shetkari Solvent	
20.4964410	78.9846212	Choradia Industries	
30.8793504	75.9365414	Ganpati Metal Products	
10.3629115	77.9939969	Chicken shop	slaughterhouse
22.2430156	70.8044935	Rudra Steel Industries	
20.2429190	79.0085904	Bashir Oil Mills	
12.2158949	78.9086840	Bannari Amman sugar factory	
12.3678344	79.0206417	Aadhilatchumi rise mill	
12.3046816	78.9683721	Ganabadhi Risemill	
12.3820306	78.9619274	Raja rice mill	
18.0968692	74.0041268	"Asian Paints, Khandala"	
18.1055679	73.9957905	Nipro India Ltd	
8.8986262	76.6472788	Jaysree Cashew Factory	
11.0132712	76.0885842	Malayil Food Park	
11.2446416	75.9342239	Ayisha Flour Mill	
10.0530985	76.3322458	Micro tools	
10.0532995	76.3326184	Delta engineering company	
10.0535684	76.3328633	STJ's Engineers	
10.0533494	76.3344232	Achor Industries	
25.3424117	82.4816491	Prabhat International	
22.0123157	82.9523105	Swastik Metal Industries	
18.9556149	72.8258616	Zeron Exports	
12.8563748	79.9443447	Apollo Tyres	
10.2114274	76.2897897	Kandamkulathy	
19.0682870	74.7004387	Chalk factory	
28.8462874	76.1889540	Sri Sai Spintex	
9.7149606	76.3157032	Extra Weave Pvt. Ltd.	
10.6392988	76.1546742	Aluminium Fabrications	
18.4525658	83.6368482	SRI VASAVI JUTE MILL	
16.7364645	81.6733337	The Andhra Sugars Limited	
16.7403554	81.6740947	The ANDHRA SUGARS	
16.7489604	81.6782910	sri satyanarayana spinning mills	
25.6477076	85.0750346	Bata India Limited	
12.0534156	75.2577741	Anitha Aval Mill	
25.6613787	94.7207806	Waziho Cement Factory	
22.8297520	70.8549435	Kishan Engineering Works - Manufacturer of Ceramic Machinery & Lab Instrument	
22.7343687	70.9731551	ITOLI GRANITO LLP. - Manufacturer of Digital Glazed Vitrified Tiles	
21.2149147	72.8297122	RADHE SHYAM DIAMONDS LLP	
22.2624971	70.7987228	Shree Vishwakarma Optical Industries	
24.3846795	71.6303916	Gog Maharaj welding Works	
11.0600016	76.3483527		slaughterhouse
11.0177692	76.2885699	golden bakery	
11.0987350	76.2311536	Jitha wood industries	
11.1297885	76.0014732	flour mill	
10.9113725	75.9225311	LASSI FACTORY TIRUR	
11.2716433	76.2186998	cholamandalam investment and finance company	
11.0378901	76.0112948	amanco food company	
11.0343432	76.0129936		
11.0345797	76.0133566		
8.7557514	76.9387801	Fathima Poultry Shop	slaughterhouse
8.6299650	76.9361739	Meezan Rubbers	
11.8704082	79.6340413	Lucas TVS	
9.3948451	76.8131122	Beon Engineering	
11.2470376	75.9777028	Flour mill	
11.2485562	75.9780999	Mathrubhumi industries	
9.8437780	76.7741915	Mymoons	
11.2463951	75.9780574	flour mill	
10.6724364	76.1914318	chicken shop	slaughterhouse
10.6837953	76.0727225		
9.3236848	76.8133973	Nirayannam Flour Mill.Annas Food products	
10.6372729	76.1304010	Chicken and Fish Centre	slaughterhouse
9.9544229	76.3271250	meat shop	slaughterhouse
10.6163730	76.1132812	Sultana Wood Industrial & National Aluminium Fabrication	
9.3362944	76.8255702	Arun mills	
17.5322733	78.4397529		
17.5318234	78.4400290		
17.4432160	78.5609606	Elmot Alternators Private Limited	
17.4436161	78.5618914	Voith Turbo Private Limited Plant-2	
17.4419912	78.5603570	Voith Turbo Private Limited	
17.4827841	78.4468899	Laser Shaving India Private Limited	
9.9977755	77.0429358	Highrange Milk Pvt.Ltd	
9.7867626	76.4447956	MEAT CENTRE	slaughterhouse
9.1034386	76.5442120	bricks	
11.9783471	75.7710150	PK Interlocks And Hollow Bricks Industry	
9.6235217	76.6036357	sk scraps	scrap_yard
9.6253404	76.6034655	Suresh scrap shop	scrap_yard
10.2005141	76.3018645	Hollow bricks factory	
25.5597240	85.1244052	Alkatra Factory	
25.5562665	85.1220206	Powder Factory	
9.5900763	76.4826468	Grand aluminum	
12.6134897	78.5589623	Tirupattur Sugar mills	
9.0015271	76.5318804		
8.6936009	76.7837872	Diya Flour Mill	
11.1734087	75.9022532	RG Gigelly	
11.1735297	75.9015904	ICE PLANT	
11.1729935	75.8969695	TYRE FACTORY	
9.0211033	76.5991876	CASHEW	
9.0014992	76.5347516	KMML	
8.5798071	76.8480787	sreedurga flour mill	
10.0640974	78.7866168	Maruthi Hollow Bricks	
8.4971292	77.0713156	Muralya Dairy	
8.4305373	77.0060865	Sugical Factory	
8.4345069	77.0506618	Cement Factory	
8.4244385	77.0651805	Parakuzhi Naithvyavasaya Kendram	
30.8116519	76.0089058	Yerik	
12.9766446	80.2209980	Citadel Fine Pharmaceuticals	
29.3739531	76.9683004	Mehak Handloom Industries	
27.8469867	78.3259738		
27.7649764	78.3126249		
27.8242549	78.3264518		
27.8328034	78.3248053		
27.8378601	78.3213884		
27.8462823	78.3154222		
27.8392847	78.3118460		
27.8392064	78.3095798		
27.8460951	78.3107190		
27.8481439	78.3047361		
27.8481898	78.3018137		
27.8499175	78.2877382		
27.8535409	78.2685096		
27.8492371	78.2768529		
27.8504373	78.2747866		
27.8439546	78.2670312		
27.8453842	78.2704982		
27.8913122	78.3089898		
27.9227298	78.2949316		
27.9250980	78.2923205		
11.1041883	76.0858122	PICKLE MAKING	
11.1814444	75.8277259	Feroke Tile Factory	
8.9504161	76.6430463	RESHMI INTRLOCK BRICK FACTORY	
27.8638528	78.2418196		
27.8314777	78.2109817		
27.8174355	78.2327199		
27.8133566	78.2359285		
11.2444745	76.2035414	CHICKEN STORE	slaughterhouse
8.9432032	76.7815558	"Ambalakkara Cashews, Kombara, Odanavattom"	
8.8635413	76.6968269		
9.5905822	76.4877572	Murianickal Rubber Industries	
8.8549934	76.7845741	Arayil Cashew Factory	
18.2538469	73.9315214	Uttara Foods And Feeds	
10.9150682	76.1898560	Flour Mill	
10.1358861	76.2490215	Paul's Evocation	
8.5387040	77.0206836	Sun Enterprises	
11.3090517	75.8248258	Oil mill	
8.5399142	77.0184307	Thermopenpol	
12.0363473	75.2670828	Flour Mill	
8.5052737	76.8985894	M/S Peenya Industrial Gases (P) Ltd	
9.2562662	76.5768877	Travancore Oxygen Ltd (0MT)	
8.9963424	76.5332675	The Kerala Minerals and Metals Limited (50MT)	
9.9725031	76.3880839	Air Products (35MT)	
10.0490531	76.3123999	Menachery Industries (13MT)	
9.4326095	76.5995464	Ozone Gases (22.8MT)	
10.0758187	76.2964772	Praxair India Pvt Ltd (50MT)	
10.0817510	76.3100364	Narayana Industrial Gases (20MT)	
9.5494041	76.5304456	Ajay Oxygen Pvt Ltd (13MT)	
9.9687885	76.3821069	Sterling Gases Ltd (0MT)	
9.9485793	76.2906938	Cochin Shipyard Limited (0MT)	
9.9857819	76.3673333	Southern Air Products (20MT)	
10.0765011	76.2933680	The Southern Gas Ltd (10.26MT)	
10.0495246	76.3103780	Manorama Oxygen Pvt Ltd (20MT)	
11.2010571	75.8159554	The Southern Gas Ltd (13MT)	
10.1561992	76.3519696	Vigneswara Oxygen Pvt Ltd (14.82MT)	
11.9876164	75.3801208	Balco Air Products (0MT)	
10.7863751	76.7820673	Sri Venkateswara Air Products P Ltd (13MT)	
10.5367766	76.4468932	M/S Auxilium products LLP (44.26MT)	
11.2031157	75.8143308	Govind Oxygen Company (17.1MT)	
10.6080689	76.1576032	Thrissur Gas Products Pvt Ltd (0MT)	
10.5327737	76.2189566	Sri Vigneswara Gases (0MT)	
10.7855093	76.7822016	Inox Air Products P Ltd (1000MT)	
10.7945185	76.7435287	Premier Gases (13MT)	
10.7934065	76.7722587	Southern Air Products (13MT)	
12.0945432	75.2416824	Mallar oil cocount oil mill	
8.9502104	76.6533934		
21.2270613	72.8440457	Vidhyutpreran Electricals	
9.5926165	76.3198942		
11.5702461	76.0536556	"chellode ,tea factory"	
10.4360763	76.3806278	Harisson Malayalam Limited Estate Factory	
9.9466785	76.3942627	EBENESER CHICKEN CENTER	slaughterhouse
9.9521645	76.4109220	Palal Industries	
9.9525111	76.4104464	Palal Aggregates	
28.8936463	77.1009379	CORONET ENGRS FACTORY	
9.5901679	76.3229260		
9.2946788	76.7320073	Galaxy Marbles	
8.9363660	76.9483223	Badari Rice Flour and Oil Mill	
10.2075723	76.3631666	St Mary's Industries	
22.3766769	73.1192770	Gujarat Refinery	
10.3416994	76.2623639	VK flourmill	grinding_mill
10.6641105	76.6422861	Akshayq Flour Mill	
10.2507632	76.3301604	R K Plastics	
9.2600421	76.7431662	"Coconut Oil Mill Cheekanal,Pathanamthitta"	
10.3149964	76.3750508		
22.7933657	86.2303591	Tata Tinplate	
10.7928190	76.7841604	Beml Limited	
10.7583232	76.7055690	rice mill	
9.3672320	76.8505073		grinding_mill
9.6950163	77.0403226	Marykulam Brick Making Factory	
11.2196544	75.8082657	Malabar spinning and weaving mills	
8.9473581	76.6407219	Capex cashew factory	
9.5829237	77.1136831	Malanadu Tea Factory	
8.8300743	76.9187718		
10.3397455	76.2021467	kse Ltd irinjalakuda	
27.9156023	78.2337972		
27.9165810	78.2291195		
9.8258388	76.3429781		
12.2208856	75.1580467	Ice Plant	
11.1398989	75.8334014	Bhaghavathi Plastics	
9.8260679	76.3428145		
8.9892480	76.7762701	Chappathi Kada	food_industry
9.6080695	77.1698341	Bismi Chicken store	slaughterhouse
8.4895249	76.9049784	Gomez Food Industries	
12.3227502	75.0945832		
30.8369090	76.9693694	Hanoor	
27.6226265	75.1612927	Wood Factory	
10.2408390	76.4125847	TPR	
12.3302447	75.0857968	Wood Cutting Factory	
9.6111718	76.5370240		scrap_yard
8.3310030	77.0535860	Hollow Brick Factory	
8.3202808	77.0635151	"Gemnpco Ice Factory, Poovar"	
9.6444796	76.5496859	Oxygen Plant	
11.4375526	78.1577259	PRS Tyre manufacturing factory	
8.3226884	77.0744546	hollow Bricks	
8.3484765	77.0727175	Hollow Briks	
9.4586892	76.3324006	TR PACKING PRPDUCTS	
11.9035267	75.3680582	Milma Kannur Dairy Plant	
11.0715794	76.1196105	Paper plate factory perimbalam	
11.0775010	76.1039966	Wheat Flour mill Irumbuzhi	
11.1102339	76.0918666	Elite chair factory	
11.0879081	76.1385161	Biosphere Anakkayam	
11.0792725	76.1458746	Modern distropolis	
10.1765829	76.4219756	Rice Mill	
10.1778780	76.4200764	Kairali Coconut Oil	
8.8686070	76.9435432	Cashew Factory	
22.9418817	88.6292460	Jute Corporation of India-Nagarukhra Br.	
22.9407656	88.6321109	Giribala Agro Product LTD - GAP Limited	
18.6628455	73.9267572	Alandi Factory	
33.9989374	74.7924007	Rahim Motors	
11.0667133	75.9409329	Flour Mill	
9.1585750	76.5346071		
10.9095919	76.5286874	Karimba Avil mills	
9.9302183	76.2672899		
10.9072654	76.5307243	Thuppanad Flour Mill	
34.0687329	74.7723114	Allied Steel Works	
34.0017121	74.7945217	Indian Pack Industry	
34.0014497	74.7953646	S E Fabrications	
9.1282830	76.8097072	Kinfra park adoor	
34.0008883	74.7960596	Mehraj Steel Industries	
34.0025846	74.7946553	Celeste International Steel Fabrication	
34.0010250	74.7959072	Breeze International	
34.0001526	74.7965729	Princess polymers	
10.3490902	77.9878649	Soundararaja Mills	
10.3493601	77.9990632	Subram pettai	
8.7658627	76.9567412	AHLA PLYWOOD FACTORY	
23.2500181	72.5103258	Adarja Enterprise	
11.3205591	75.7507638	Coastal Ice Plant	
34.0983260	74.7937611	Asif Embroidery	
13.4432561	80.0970255	Kl concast	
18.6229019	73.8346066	KG Industries	
33.9988824	74.7961989	Comfort Polymers	
34.0015817	74.7990584	International Enterprises	
10.0871247	76.3056375		
10.0856392	76.3050590		
10.0853970	76.3058670		
10.0875187	76.3053324		
10.0872965	76.3037370		
16.5889259	74.2991490	Shree Chhatrapati Shahu Sahakari Sakhar Karkhana	
16.6036796	74.4048824	Jawahar Shetkari Sahakari Sakhar Karkhana	
34.1293250	74.8388761	Crown Willow Works	
9.8192043	76.4216141	"Kerala Khadhi Grama Vyavasaya Board, Bhrahmamangalam"	
10.6727235	76.2617198	"Maruti Suzuki Authorised Service, (Top Clean Authorised Services, Wadakkanchery)"	
10.8625491	76.1695554	matchstick factory	
28.0078340	78.0525018		
27.9857897	77.7407706		
28.0770732	77.9697749		
27.9635580	77.8670528		
28.0895106	78.3343691		
29.4342997	77.4035096		
29.4711642	77.4051726		
29.4709494	77.4012136		
29.3463070	77.3682225		
29.3695348	77.3537063		
29.5288165	77.3795307		
29.6064932	77.2784597		
19.2304512	72.9741979	WASP Pump Factory	
14.5889663	79.5092341	Rice Mill	
9.8457708	76.5851414	"Koothattukulam Nagarasabha Vanitha Vyavasaya Kendram,Nambali Colony"	
10.1823819	76.3702112	Agro Foods and Spices	
10.1817603	76.3692020	Cinzac Hitech Engineers	
10.1816196	76.3691965	Yes & Yes Steel Industries	
10.1816982	76.3686206	Best Bond Steels Pvt Ltd	
10.1826294	76.3685646	Silver Star Plastics Ltd	
10.2232331	76.1815772	Bed	
33.9995991	74.7956655	Alliance Studio 11 UPVC	
34.0009104	74.7983595	City Infra	
34.0019530	74.7958890	Aalishan industries wax candle	
34.0005003	74.7978768	Wood Venture plyboard	
9.4287376	76.5451203	Mananam Industrial workshop	
8.3646244	77.1380794		
10.1287084	76.4684811	Modern Veneers	
17.0403023	79.4136496	Sapthagiri Pipes	
18.8734196	79.4273912		
18.8830685	79.4275059		
17.5129177	79.2907441	handloom	
17.5099148	79.2920005	fertilizer godown	
9.9518118	76.3511383	Kairali Coconut Milk Oil	
24.7962536	93.8839766	Business-1 patsoi part-1	
9.9100181	76.6667094	Sankar Cement Industry	
17.5769716	78.3923266	Aaloka Pig Farms	slaughterhouse
16.3909185	80.9978723	Kwality Feeds Limited	
20.2312485	78.9751649	Paras Agro Industries	
20.2329176	78.9724462	Swami Cotton	
20.2328314	78.9776835	Ravikamal Cotex	
10.0440511	76.4041913	KG PACKERS	
22.5791337	88.4667589	Happy Works - Working pod 2	
25.3821158	83.5417809		
25.4022950	83.4953833		
25.3911497	83.4934295		
25.3904457	83.5133848		
25.3945311	83.5114309		
25.2407265	83.3968069		
25.2399865	83.3948411		
25.2306424	83.3984065		
25.2520433	83.3990831		
25.2503385	83.3988749		
25.2502097	83.3978393		
25.2509927	83.3967873		
25.2507548	83.3959873		
25.2519046	83.3951435		
25.3713905	83.3678072		
25.2465072	83.3762265		
25.2434013	83.3866194		
25.2374782	83.3823071		
25.2373234	83.3841552		
25.2358167	83.3872241		
25.2347745	83.3877260		
25.2348157	83.3813602		
25.2335980	83.3825125		
25.2327931	83.3803107		
25.2288612	83.3849082		
25.2283658	83.3838929		
25.2282059	83.3821246		
25.2297694	83.3781887		
25.2277260	83.3777096		
25.2257239	83.3822957		
25.2191496	83.3815085		
25.2189845	83.3763292		
25.2195315	83.3743099		
25.2131840	83.3487326		
25.2169822	83.3603234		
25.2273957	83.3568096		
25.2283246	83.3556346		
25.2306053	83.3557372		
25.2295010	83.3525315		
25.2316786	83.3510370		
25.2309820	83.3472039		
25.2604675	83.3413058		
25.2589508	83.3396402		
25.2605294	83.3376551		
25.2617984	83.3344266		
25.2955415	83.3376437		
25.3130025	83.3386590		
25.3148485	83.3438498		
25.3194067	83.3451389		
25.3225106	83.3346319		
25.3260270	83.3445115		
25.3257899	83.3364573		
25.3310591	83.3418077		
25.3324820	83.3357613		
25.3621027	83.3336850		
25.3744431	83.3360225		
25.3815005	83.3497506		
25.3815206	83.3485360		
25.4747584	83.3749113		
27.3677098	81.7739647		
27.3678190	81.7709430		
27.3305199	81.8082176		
27.3298494	81.8027799		
27.3324095	81.8024369		
9.2006201	76.5268485	Sai Soda Factory	
10.7569232	75.9295966	A B B Chicken	slaughterhouse
10.7583362	75.9295196	Benzy Food and Beverages Private Limited	
10.7583188	75.9290577	Benco Coconut Oil	
28.5363177	77.3952322	MR Utility	
33.9775021	74.9803802	Khyber dairy farm	
33.9992960	74.7934280	Kashmir cotton industry	
34.0013518	74.7989088	Wani Industries	
33.9972367	74.7971717	FIL Industries	
33.9987032	74.7954783	FIL Cold Storage	
34.0004697	74.7952677	Valley Tubes Rolling Shutters	
34.0008865	74.7975922	Himalaya TMT Rolling Steel Factory	
33.9997924	74.7947988	Millenium	
33.9998829	74.7961905	New Kashmir Industries	
33.9994040	74.7939060	Saifi Enterprises	
33.9972886	74.7925095	SS Enterprises	
33.9996658	74.7986173	Snowpeak Industries	
34.0000049	74.7974700	H R Industries	
34.0020259	74.7996133	Zain Transformers	
33.9968026	74.7966215	G-Star Industries	
34.0013971	74.7968896	Dar Steel Industries	
34.0023998	74.7957627	Noor industries	
33.9988382	74.7931151	Elpha enterprises	
33.9989667	74.7929407	Universal fabricators	
33.9980342	74.7971652	Alba Power	
33.9981787	74.7962722	Alba Power	
33.9976408	74.7966130	Alba Power	
33.9965999	74.7956985	RS Profilling Pvt. Ltd.	
33.9970161	74.7955285	JK Gases	
34.0001770	74.7952418	Bisleri - Aqualite Waters	
33.9971005	74.7923676	Shah Abbas Manufacturing P.L	
16.0908414	80.1613576	Kandimalla raghavaiah & company	
17.3884523	78.5200539	Nirmal farms	slaughterhouse
22.9997873	72.6368809	Shreeji Engineers	
33.9990204	74.7915652	Liberal Fabric Industries	
34.0016698	74.7956071	Royal Refiners	
11.3256426	77.6276576	Dheeranraj textiles	
34.0015320	74.7947647	Falak Steel Industries	
33.9989591	74.7918261	Delite Electrical	
33.9986974	74.7917505	Golden Sweets/Namkeen	
33.9986844	74.7922409	Galaxy Enterprises	
33.9997594	74.7924523	Victor Enterprises	
34.0011537	74.7926196	Shah Confectionary	
34.0014828	74.7927859	New Khan Industries	
34.0028280	74.7946583	Rana Constructions	
34.0028825	74.7956098	Akbar Cottage Crafts	
34.0025466	74.7960231	J.N. Oil Chemicals	
34.0019981	74.7972722	Impressions	
34.0019005	74.7969535	Sangarmal offset printing	
34.0019137	74.7949166	Gulf Royal	
34.0021385	74.7952832	Jyoti Industries	
34.0010093	74.7989221	J.K.W. Associates	
34.0009809	74.7993710	Irfan Industries	
34.0006454	74.7992175	S.S. Enterprises	
34.0019612	74.7990959	Diamond Cement Products	
11.3969184	78.1614083	Jaihind spinning Mills	
12.0946804	75.1940721		
17.2748192	78.5928861	Veeramani  biscuit factory	
16.2390920	80.6302628	kumar pumps	
16.3451286	80.6248587	Cofee powder factory	
11.1934636	76.2394160	Scrap store	scrap_yard
21.1269318	79.0064174	Vinayaka Group Nagpur	
26.2745882	88.2112701	Soni Tea Factory	
9.9279861	76.7090204	Bellari Beef stall	slaughterhouse
9.9798568	76.6013996	kanjirakkattu saw mill	
9.9810667	76.6024537	kanjirakkattu hollow bricks	
15.9421190	78.5468540	Ice factory	
16.5152596	77.9339115		
16.5076632	77.9308303		
17.5153727	78.4627336	chequebook company	
18.0986815	79.3383295		
30.5341921	75.5715933	Sohal Steel Works	
19.9188822	79.1131878	Acc company limited	
27.0385179	75.8984643	Hero Motocorp. - Centre of Innovation and Technology	
8.9363004	76.7804621	Bethani Cashew Factory	
10.1321949	77.1033021	Gundumalai Tea Factory	
25.6930307	85.2424517	Lumbini Bevrages pvt ltd	
11.2967251	76.0017553	alfa hollow bricks	
11.3009290	76.0008650		
11.4139105	78.1587890	Salem Weld Mesh	
25.1823559	93.0158028	FCI For Corporation of India	
28.4918112	77.3030891	Gladico Motocorp	
25.5955536	85.2239444		
17.9197381	79.8974687		scrap_yard
23.8823441	91.3629783	Gemini Distilleries	
22.9775239	72.6342269	Exomet Enterprise	
12.9375117	76.1279114	Byraveshwar Bricks Works	
28.3673354	77.3019004	TECH MACH SHEET METAL COMPONENTS	
15.8231880	74.4918419	Electrofabrik	
11.6786046	78.2101791	Cotton Mills	
26.4536694	80.2839615	Mars auto PVT. LTD.	
10.5124541	76.2562781	Kannanaikkal mill	
28.6085816	78.4145827	Munipal Mint Oil Factory	
25.8577271	84.7821934	A1 BRICKS UDYOG	
28.8330245	78.8164151	JK Exim	
16.4278549	74.2924787	Sadasakhar Shugar Factory	
25.1211711	82.5905300	Mayank Industries	
18.5959173	73.7256859	Diehl Metal India	
10.5102568	76.2581750	Royal Aluminium fabrication	machine_shop
15.7742845	74.4694834	Viraaj Technocrats	
18.6013217	73.8257656	Forbes Marshall Pvt. Ltd.	
22.1087947	80.7294248	kishan rice mill	
11.0566410	76.9121400	Bakers Colours and Flavour	
10.1788094	76.3735895	Kerala State Bamboo Corporation	
17.0796354	78.2114530	MBS  INDUTIRES  SHADNAGAR	
11.9405098	79.7846972	Welcome Engineering	
26.4515362	74.6481863	Dayal Bidi House	
11.0924711	77.3088241	JR Apparels	
22.8060377	70.8208285	GIDC Sanala Road જીઆઈડીસી શનાળા  રોડ	
12.9296325	79.3427800	Sara Leather Industries	
12.9287991	79.3461431	Solar Soles	
12.9278970	79.3474926	Saalim Shoes Private Limited	
12.9281711	79.3469128		
18.4299990	79.1486225	tu	
18.4569517	79.1636603	hf	
18.9759622	74.0918108	Bhimashankar Sahakari Sakhar karkhana	
17.3740708	78.5663256		
12.9301715	79.3438730	Ghani Rasheed & Company	
17.3639494	78.5221738		
12.8249287	80.2130512	SANDS	
17.4053346	78.5461805		
18.1425056	78.8105425		
17.3759473	78.5324639		
17.3537542	78.5594234		
33.9924731	74.9135023	Stone Crusher	
17.1329035	78.4402582	Ashwini company	
26.4822619	80.3376007	Sharp Incorporation	
20.8186075	78.9515673	Varun Auto Cast	
29.3992010	76.9517085	FABFETCH	
34.0115962	74.9006723	Amul Warehouse	
9.5177240	76.5240323	kelachandra foundary	
22.9612311	72.6382711	JM Zhongkai Chemical Equipment LLP	
12.9503335	79.3191955	Malladi	
10.1539967	76.5227872	J and J Toolings	
10.1616428	76.5241767	San Rock	
10.1702761	76.5225145	Kallungal Polymers	
30.2317109	74.7912469	Bhogal Engineering Works	
33.8349710	75.0662822	GR8 Sports	
28.7521263	77.1618505		
12.8413058	79.9675675	Jayneks Thermoshield	
16.9417934	81.8324947	CIO Industries	
25.4641122	81.8681275		slaughterhouse
22.6387871	88.4254562	jessop & co ltd.	
16.8550957	79.5902699	rice industry	
17.7132973	77.5564042	Farmers Choice	
21.5994168	70.4620939	Sadguru Industries	
34.0503082	74.7889167	"Warehouse (xpress bees, Ecom Xpress, Pearl Clinic)"	
28.7443758	77.1538854	Hansraj and Sons	
12.8740662	80.2264459	Symrise Pvt Ltd	
30.1821945	78.2319860	Dhanya Dhenu Ice Cream Factory	
14.6990830	79.9785393	BMR shrimp processing plant	
28.7476917	77.1645738	Himalayan Engineering Services	
16.3580052	80.4015425	Personal animal Form	slaughterhouse
16.3576459	80.4016643	Own House Slaughter	slaughterhouse
16.3576721	80.4021382	Nani fam house	slaughterhouse
26.7326465	91.7925713	Sukali Tea Co. Pvt.	
16.9957843	73.3298395	J.K Files Company	
22.9408431	70.8996114	AQSA CERAMIC LLP	
28.0874802	76.5786672	NTN NEI Manufacturing	
32.2084297	76.3089899	Dharamsala Tea Company	
18.6175723	73.8414059	Amphenol	
9.9266691	76.3037193	Pretty Cartons	
12.9605518	80.1317647	Magnum Clothing Private Limited	
12.9605962	80.1308603	Witzenmann India Private Limited	
16.9586078	82.2636174	Ruchi Oil Industry	
22.4233227	73.1152013	Krupa Multi Care	
22.9540012	70.8995791	KOYO Unit - 2 (GREE TILES LLP)	
21.5198623	70.4410661	Gokulesh Gau Shala	slaughterhouse
11.1517872	77.2003912	SAUDAGAR ENTERPRISE SPINNING MILL	
23.0950940	70.0534016	Gokul Refinery	
12.9584737	77.5596721	Seenu Precision Tooling Systems	
22.8065876	70.8216057	GIDC	
18.4205756	76.5378186	Kirti Oil Mill	
18.4115465	76.5474532	Maharashtra State Ware Housing	
11.2322799	76.0537720		scrap_yard
9.9573918	76.2937423	Raj Electrical & Engineering Industries	
10.3117042	76.2298775	cement factory	
10.3114463	76.2299153	cement factory	
28.6334253	77.4659834	TATA Steel	
33.9998725	74.7980185	New Rajasthan Pipes	
9.9596892	76.3005521	JM Engineering	
10.8873688	78.0065557	Karur Export Company	
10.8867126	78.0067912	Prem Textiles International	
10.8873165	78.0069144	Stellar Fashion Incorp	
10.8865160	78.0102030	Atlas Export Enterprise	
10.8873200	78.0094551	The Montreal Tex	
10.8873336	78.0082166	JVS Exports	
10.8866103	78.0081389	Karur Golding Exports	
10.8866640	78.0074840	PAP Exports	
10.8873614	78.0075322	Shri Pranav Textile Creations	
10.8889762	78.0077059	Mallow International	
10.8888869	78.0084546	Pee AAA Impex	
34.0010615	74.7938448	J.N. Oil Chemicals	
25.5159848	90.1847022	District Commerce & Industries centre	
26.7003141	94.4295108	GOHAIBARI TEA FACTORY	
17.9108900	83.1978917	M/s Lakshmi Tiles Factory	
17.9078024	83.1946584	Sri Vasavi tile works	
17.9086524	83.1948174	SLN Tile Works	
17.9086341	83.1929039	Srinivas tiles factory	
17.9086145	83.1920672	Sri Raghavendra Industries	
10.9339482	75.9130778	Pidakkal flour mills	
27.0642645	88.4707791	handmade paper factory	
30.4085344	76.6694441	Kasa Feed Mills India Private Limited	
11.7912798	77.8004210	TNSTC Depot Mettur Dam	depot
8.3891511	76.9983282	Bindhu Chiken Stall	slaughterhouse
19.0051691	72.8365971	The Parel Cotton Press Factory Private Limited (PCPF)	
19.0751670	72.8830290	ANAM GARMENTS	
19.1992139	73.0961983	Vortex Baruffaldi Private Limited	
10.0865054	78.8548767	Rice Mill	
24.6198457	82.7878123	Santosh Aata Chakki	
19.0071547	83.7851988	Aditya Modren Rice Mills	
13.6309464	79.4697421	Padmavathi Flour Mill	
16.9326380	81.9256730		
10.0889180	78.8548481	Annamalai Pavers Block	
16.7097272	80.3452544	Inventaa Industries Private Limited	
16.9347979	81.9300351		
17.6309353	77.9065263		
17.6327757	77.9126632		
17.8427607	78.0708280	Indian Steels Company	
17.1448010	78.9024009	Poultry Farm	slaughterhouse
17.7344699	78.4728076	manufacture products	
17.7527226	78.4719512	manufacturing mechinery	
17.7720953	78.4715718		
17.4457240	78.6057190	Foctorys	
17.4538440	78.6089301	Industies area	
17.4538778	78.5953528	Steel foctory	
17.4560899	78.5967765	Factory	
17.4646491	78.6029013	Steel foctory	
17.4732241	78.6042197	Industiral area	
17.5302857	78.5246663		
17.5505521	78.3241840	manufacturing unit	
8.9457295	76.7038887	Deluxe Ginger Industries	
17.9064655	83.1949016	Brick Making	
22.7246571	78.3575092	RMM Agro Exports Private Limited	
22.7240912	78.3590039		
22.7204046	78.3587598		
13.6105686	77.7761542	Besto Mining India Private Limited	
26.4082655	90.2444408	Tea Estate Factory	
22.7218511	78.3602614		
22.7243726	78.3583146		
13.0002656	80.0079605	ILJIN AUTOMOTIVE PVT. LTD.	
18.0891829	73.9859821	ILJIN Global India Pvt. Ltd.	
34.0018183	74.7965845	Steel wise Industries	
34.0018714	74.7975131	Bhat Fabrication	
33.9270260	75.1175375	Timber Trolley	
30.3310054	76.3974640	DS Enterprises	
22.7237621	78.3592305	Mangalam Food Products	
22.7228399	78.3589314		
22.7236967	78.3610827		
27.1318479	88.2837376	Industrial Area	
20.0591526	86.0918743	Sri Jagannath Dal Mill	
18.0916599	83.3893650	APSRTC Zonal Workshop	depot
22.4490556	80.3462893	Agrawal Rice	
22.4718175	80.3638588	Gurunanak Rice Mill	
17.7060215	83.2064871	Viskha Dairy	
21.6125515	73.0270580	Advance Cooling Towers Pvt. Ltd.	
26.6622575	85.6482522	DARK ERA INDUSTRY PVT.LTD.	
20.0387665	86.1287969	Mahima Rice Mill	
28.8265908	77.5682731	modi distillery	
28.8271769	77.5683709	modi sugar mill	
24.8133180	85.0245484	Iron factory	
24.8108112	85.0262781	Om prakash handloom	
24.8132627	85.0245309		
24.8132578	85.0248824	Aarti Textile	
24.8118789	85.0257499	Tarun Textile.	
24.8119539	85.0257739	Om babu Textile	
24.8119200	85.0263607	Puran Prakash handloom	
24.8110726	85.0252339	Nandlal Textile handloom	
24.8109658	85.0250680	Adit Textile	
24.8107995	85.0251696	Vishwanath Textile	
24.8106725	85.0249182	Nandu Textile	
24.8108313	85.0248561	Govind Handloom	
13.8299596	79.4008615	SriVarsha Integrated Food Park	
13.8354485	79.4004467	Sri Varsha Food Products India ltd. (Maaza Juice Factory)	
26.0166117	76.3424867	green plastic pipe factory	
20.8109695	70.6910137	Sugar Factory	
28.6577793	77.4545042	Bharat Industrial Corporation	
26.3575212	90.0947769	Brick Kiln Industry	
28.6572920	77.4564315	Shri Vaishno Nuts Factory Pvt Ltd	
28.6567020	77.4557592	Hindon Electricals	
28.6586553	77.4572678	SURYA INDUSTRIES	
28.6572380	77.4561815	G.N Surgicals	
28.6556372	77.4539637	RC Industries	
28.6567919	77.4566816	Swadeshi Polytex	
27.8599089	75.6853154	saini stone cutting udhyog padewa	
28.6577812	77.4571325	Rail Inox Steel Pvt. Ltd.	
28.7358805	77.2898996		
26.0950391	76.4641542		
26.0959495	76.4622860	shyam plastic recycle	
28.5047341	77.2766133	ishant container line	
19.1138883	72.8988006	Chandivali industrial estate	
25.2809375	82.9862242	Samar Jeet Scrap Shop	scrap_yard
25.2578741	82.9905237	IMC FACTORY	
28.1068465	79.1181647	Peppermint Factory	
28.0808462	79.1336830	Agarwal Manthol Plant	
28.0677372	79.1326549	Maheshwari Stainless	
10.3679019	76.3001892	ALAGAPPASWAMI SCARP SHOP	scrap_yard
9.6611100	77.8723911	ROPE Enterprises Pvt Ltd	
18.0578589	83.3618727	Sri Ganesh Jute Mills	
17.5718042	78.4251105	THE SODA BAR	
18.5897929	84.0499555	SRI RAMAKAMESHWARI AQUA PRODUCTS	
18.5898090	84.0498216	SRI RAMA KRISHNA RAITU RICE MILL AND OIL MILL	
9.9960614	76.4208269	Trends Polymer Private Limited	
9.9960260	76.4210340	Gregory Polymers Private Limited	
13.8434651	79.8648564		
17.0849528	82.0868741	Mushroom factory	
12.2770804	76.6445855	Sri Jalaram Wood Industries	
17.1651742	74.2455298	YM Krishana Sakhar Karkhana Rethare BK	
19.2114556	75.7634580	Jai Bhavani Sahakari Sakhar Karkhana	
26.5072046	91.2931216	Brick Kiln Industry	
26.3744496	90.0888623	Brick Kiln Industry	
26.3819140	90.0828836	Brick Kiln Industry	
26.3889809	90.0809198	Brick Kiln Industry	
26.5121532	91.2949730	Brick Kiln Industry	
26.5108155	91.2926147	Brick Kiln Industry	
26.5145800	91.2956889	Brick Kiln Industry	
26.5131728	91.2918977	Brick Kiln Industry	
17.4353661	76.8920001	S. B. Patil Minerals Private Limited	
18.4974993	73.9185285	S. S. P. Enterprises	
18.5526227	83.7395163	"GMR Sugar Factory Pvt LTD, Sankili"	
18.5557268	83.7404138		
27.4837297	95.3935172	Truck Stand and Weight Bridge	depot
10.0047569	76.3454619	Filtrowin Industries	
10.0083116	76.3431613	Stable Magnet Wire Private Limited	
13.9248910	77.2676439	Manora Packaging Paper Factory	
17.5611885	80.6100707		
17.5611925	80.6100813		
17.5611516	80.6101012		
17.5611546	80.6100891		
17.5611580	80.6100468		
17.5604150	80.6118517		slaughterhouse
34.0024925	74.7947697	Denovo Engineering Ltd	
26.0949396	91.7861321		depot
23.7581181	86.7531213	Sharma Engineering And Mould Works	
23.0595692	70.8838094	Axison	
33.9125059	75.0528537	Sheikh Cardboard	
33.9551073	74.9822443	Flour Mill	
21.1028954	71.7129815	Somnath Foods	
16.0198611	80.9321791	Rice Mill	
16.0201675	80.9305684	Rice Mill	
12.8598687	75.1107960	Coastal Farms And Feeds Pvt Ltd	
12.9391717	74.8140536	Ultratech Cement Limited	
12.9392279	74.8152323	Ambuja Cements Limited	
21.1610673	71.7520973	Shah Foods and Spices	
22.2327932	70.7889781	Radheshyam Sarvajanik Gaushala	slaughterhouse
22.3244991	69.7354255	Essar Power Limited	
22.3552984	69.8457621	Reliance industries	
34.1009630	74.6312910	Baba Reshi Flour Mill	
23.8245637	78.6850051	Dyoday Gousala	slaughterhouse
34.0000452	74.7937635	MetFab Engineering	
33.9996136	74.7940969	Azan Industries	
28.2057348	77.2120458	V-Mart Palwal Warehouse	warehouse
17.3997047	82.8061527	Fish factory	
9.6997484	76.3503167	Oneness Garage	depot
12.9121070	77.6288253	Kolapuri Amma Packaging	
17.7993911	83.2100980	SSF Limited	
16.9285770	82.1676488		
16.1748891	81.0331428	Gold prince	
12.9176267	79.3408160	K.H Exports India Private Limited	
12.9183323	79.3380842	Sara Leather Industries	
25.4245928	81.9313222	Indian Oil LPG Bottling Plant	
26.1224168	91.9710964	bottle factory	
12.3710756	78.2041497	Devadharshini Food Products	
23.0322790	72.6218211	Anar rub tech pvt. ltd.	
23.0265867	72.6246859	Anar anilox roller	
12.4180668	78.1926646	KVP Milk Dairy	
17.0784372	75.1850375	Shugar factory	
25.0360716	73.8664673	Prabin Marble	
18.5505338	73.8797379	yerwada hot mix plant	
12.2892348	78.4019300	GIGA FACTORY	
18.1175514	83.4210615		scrap_yard
11.0295082	76.9754416	LMW Advanced Technology Centre	
12.3008428	78.4085214	OLA Future Factory	
12.6501157	77.7491658	INDUS TMT INDUSTRIES LTD HOSUR	
13.3886454	74.7195447	KK Fishnet	
19.2293440	72.9664150	old factory	
26.3084905	73.0443796	RAJ SHREE ICE CREAM	
28.1553220	76.1121205	Om Prakash Mill	
28.1516464	76.1233314	Mill	
29.1399679	78.2473406	KP bricks	
27.1412062	78.0087970	hydrogen factory	
27.5443885	76.6256538		
27.6319606	75.1938955	Sharda Piping System	
24.8128230	85.0243243	steel factory	
25.3477734	85.3880171	harendra rice policer mill	
24.8059266	85.0293508	Textile	
24.8052378	85.0287384	Cement	
24.8062168	85.0304258	Marble	
24.8126537	85.0284663	sand factory	
25.3420178	85.3944333	ganga sriram hitech agro	
27.6333518	75.1958169	Ola Baraf Factory	
14.5242175	76.3442808	Welding Works	
27.3954342	75.9770920		
27.6307746	75.1886725	Maheshwari Electricals (Pole Factory)	
24.8085463	85.0258997	home made pankha store	
29.1575198	76.6946432	SAINI NIWAR FACTORY	
28.0597097	76.0993737	Banana Republic	
28.7975590	76.1630660	Century Non-Woven Fabric Shri Ram	
28.0582536	76.0995201	Biggest Patties Factory	
26.7001841	82.8466799	Saurabh cups	
25.4188899	86.1236300	CISF UNIT iocl barauni	
19.0908123	78.3456052		depot
25.4208106	86.1233585	Bihar Automobiles	
20.8110610	82.2088839	chandu paplu mixture factory	
28.0471127	76.0952664	Nidhi Steel Co	
27.6297017	75.1890113	Pole Factory	
27.6475961	75.1713733	Kamla RO Water Plant & Ice Factory	
25.4184076	86.0986353	NIshant Empire Estate	
10.0374660	76.3407119	pomkudy c&a depot	depot
16.3274899	80.6250934	Mahalaxmi Turmeric Mill	
25.7791522	84.7688624	AMAR FLOUR MILL	
25.6266373	83.7602170	Pepsi  Agency	
25.6214081	83.7544940	Indian cooler house	
10.0614291	76.3639339	naval armament depot	depot
18.3761803	76.0549056	S P sugar and agro industry	
28.5541847	77.0529077	Cluster Bus Depot Dwarka Sector 22	depot
28.6236193	77.2910357	Servotron	
22.6803605	75.9914069	Candylake Nutritions Pvt. Ltd.	
19.8377573	75.2477011	MAULEE CHEMICALS	
15.5986412	73.8100609	Eco-Welcare Packaging	
16.3281501	80.4375870	Rice Mill	
20.9803511	75.6004640	Sameer bros. and company	
25.1237283	73.8576771	SHRI GANESH MARMO GRANI PVT LTD ( KISAN MARBLE )	
15.5997018	73.8151219	Sunder Food Products	
17.3880989	78.5109555	Zinda tilismath manufacturing company	
21.9055582	84.0285324	Indian oil deport	oil
21.9061599	84.0302754	"IOCL, PRRPL, Malimunda, Jharsuguda"	
23.4438982	87.4916813	Matix Fertilizers & Chemicals Ltd.	
13.0034437	77.5114274	Hasmukh Agency	depot
15.3966081	74.0246239	Merry Milk Ice Cream Factory	
10.9002121	76.1471994	Milama Dairy Factory	
26.6141294	84.9174064	Aastha Engineering Works	
26.1814521	91.7404147	Durga Trunk Factory	
16.5164716	80.6996586		
16.5070406	80.6790922	Sr Industries	
16.5074561	80.6785912	Savitha Industries	slaughterhouse
16.5076917	80.6787383	Nikhil Company	
16.5080457	80.6761871	Scrap Shop	scrap_yard
16.5070837	80.6784259	Devi Stell Polish	
16.5101504	80.6758792	Sri Durga Bhavani	
16.5072622	80.6784413	Savitha Industries	
16.4781329	80.7080926		
16.5164891	80.7002829	Prathap Industry	
16.5170342	80.6992525	Balaji Industry	
16.5162535	80.6964527	Krishna Industries	
19.8960821	74.3554423	Karmaveer Shankarrao Kale Sahakari Sakhar Karkhana	
34.0002542	74.7948273	Shafaq Industries Chakki Atta	
21.4463378	83.9045652	Samleswari Poly Bags	
11.6921030	75.7988348	St. Thomas Flour Mill	grinding_mill
16.5143248	80.7025998	Factory	
16.5135540	80.6963569	Ice Factory	
16.5164891	80.6792006		
16.5151766	80.6831584		
16.5147286	80.6928924		
16.5137393	80.6871055		
16.5159458	80.6955648		
26.1809631	91.7397855	K C Trunk & Bucket factory	
18.4510371	73.7977465	Shree Heat Exchangers	
22.4372980	73.2034991	Hilti Manufacturing Private Limited	
26.5822102	88.2673318	Bagmati Pulp & Papers	
26.5832790	88.2645527	Vaishnodevi Buildcon Pvt. Ltd.	
26.5888514	88.2794519	Swastika Tea Factory	
17.5266615	78.4537350	Fine Plastics	
16.8153545	81.5443129	Vijaya Lakshmi Rice Mill - Kunchanapalli Rd	
16.7983574	81.6290256		
16.9695944	82.0490297	Ganapathi poha making unit	
16.7450814	81.6751667	Akkamamba Textiles	
16.7451769	81.6761550	Jaya Lakshmi Fertilisers	
16.2558381	74.3567169	ELECTROTECH Enterprises	
13.0491178	77.5333275	HMT	
20.4893385	85.8408485	TBW Printing Press	
18.7285304	73.8597723	Sandhu Roadlines (Workshop 1)	depot
18.7293443	73.9904827	Sandhu Roadlines (Workshop 2)	depot
18.7219171	73.9881636	Sandhu Roadlines (Workshop 3)	depot
28.7140702	77.1720676	Shershah Cold Storage	depot
15.5914296	73.8110554	Roque Industries	
26.1651828	72.9204158	Serenity International	
16.7376973	80.2580655		
9.6195522	77.3189713	Venniar Tea Factory	
26.4351026	74.6996568	Radha Krishna Machine Tools	
30.8804255	75.8697529	Kalsi Metal Craft	
19.8504745	75.8609129	Rajuri Steel	
18.4759560	73.9672632	CosmicByte	
23.7956396	80.3799057	Shankar Dall Udyog Katni M.P	
15.6027238	77.3046707		
11.0289754	76.9755765	Textool Company	
9.9171406	78.1046358	Tourist bus parking	depot
9.9174329	78.1003469	TNSTC Ponmeni Bus depot	depot
26.2292580	72.9997261	Prince Art Exporter	
15.5898621	73.7964029	Baba Au Rhum Central	
15.5898217	73.7963494	Cream Choc Gelato	
10.0160522	76.4784078	Blue Star Industries	
31.6021120	74.7849943	Shree Balaji Feed Industries	
16.9989861	79.9302114		brickyard
11.6536290	78.0525184	JOHNTRADERS CATTLE FEED AND MANUFACTURING COMPANY	
24.4200708	85.5323777		slaughterhouse
18.5628142	74.1324056	sparkle industry	
26.5467875	92.1938784		
26.5465848	92.1928591		
26.5462302	92.1912877		
26.5479399	92.1908489		
26.5503334	92.1903534		
27.5841005	78.0533696	BOMBAY PACKS	
17.8606106	75.9705293		
28.6198939	76.9965410	Aaradhya Enterpeises	
11.8723073	79.7959554	Lenovo (India) Private Limited	
16.6334481	81.0251727		
10.3036330	76.9010382	KGR Tea Estate	
10.9564556	78.0012998	Sri Sakthi Coach	
19.9455576	73.7444786	Garware Hi-tech Films	
19.9471440	73.7459872	CG Power	
15.2500236	74.6070334	The Old Factory	
16.8646583	81.2416784	బొగ్గుపట్టి వేంపాడు రోడ్	
16.8605148	81.2482494	రైస్ మిల్ ( బియ్యం మిల్లు)	
17.3681266	78.3995434	marble shop	
22.5660665	73.4984323	Ayan Craftfold Pvt. Ltd.	
18.7644733	78.0502073		
13.1869986	80.1138980	Eko Paper Products	
10.5665608	76.2852955	Tritech Ready Mix concrete	concrete_plant
9.7257487	77.9784616	MEPCO Metal Fabricator	
9.6850269	77.9677418	Microfit Industries Pvt Ltd	
18.6963302	73.7906314	Company	
18.5743593	73.8584368	Cafvd Depot	
11.1032793	77.0269874	Piston Factory	
22.6658308	88.3898495	Food And Beverage	
26.7297429	94.2134170	Makhan Bhog	
18.0014596	79.5568398	Swiggy Instamart Public Garden	depot
20.0843894	85.9421951	United Spirit Limited	
23.0820708	78.4996814	UVW	
19.9302893	86.0605344	Milk Moo	
29.8623666	74.0327326	Brick Kiln	
18.3958290	83.6125861	paper industry	
19.1499940	72.8568709	Mahanand Dairy	
27.0617403	95.2857325		
16.5061493	74.8976067	INDIAN CANE POWER LIMITED (UNIT II)	
15.1081310	80.0364298	Sri Sai Ganesh Rice Mill	
18.6058112	78.4641264	Dhanalaxmi Rice Mill	
15.1133879	80.0379593	COW Farm	slaughterhouse
15.7554576	79.8342235	kummitha's farm	slaughterhouse
16.6437169	80.2301128	Koti Welding Works	
17.5147536	80.2809778	"Cotton Ginning Mill, Karepalli"	
22.2481441	70.8061156	SHASHWAT ENGINEERING	
11.9404779	79.8203624	Plastic Wrapper Factory	
17.6684298	79.4251649	RK Fly ash Bricks	
16.6944611	74.2331893		
23.6652720	86.4990320	ACC	
23.6611829	86.4945115	PDIL	
23.6630216	86.4872600	HINDUSTAN URVARAK & RASAYAN LIMITED SINDRI (HURL)	
17.7375949	83.3224319		scrap_yard
28.6565770	77.2022327	Pune Bag Factory	
19.5807311	75.6312066		slaughterhouse
23.2619027	77.4578720	Sigma Heavy Engineering Industries Bhopal Private Limited	
9.5589876	76.7879244	Kedison expellers	factory
9.5572073	76.7896555	Janatha godown	depot
17.6341463	82.7997405	Grip Strapping Technologies	
10.5630224	76.3644630	Tritech Ready Mix concrete	concrete_plant
34.0191454	74.9144185	BHAT TIMBER TRADERS	
28.7271872	77.7494730	Merino Industries Limited	
28.7259738	77.7478086	Merino Industries Limited	
17.8430646	83.1986029	Laxmi Enterprises Mattress Factory	
32.6891101	74.8556656	Pahalwan Sweet Shop Factory	
15.5513257	73.7698452		scrap_yard
26.9328229	81.2101321	Adeena Handloom	
22.3397121	73.1788653	Nizampura Bus Depot	depot
34.3049523	75.9710816	Seabuckthorn processing unit	
11.1300916	77.1709731	SE Forge Ltd	
11.1322029	77.1744557	Suzlon Energy	
11.1303416	77.1760271	Aspen Sez	
11.1317168	77.1785328	ZF Windpower Coimbatore	
11.1296748	77.1793964	New IA Building	
19.2147123	73.1117904	Evonik Catalysts India Pvt. Ltd.	
13.3991383	79.9962294	Konita Industries	
33.6254115	74.8746454	Mehr Cold Chain Pvt Ltd	
13.0530913	80.2401556		
12.9429222	80.1214177	Madras Export Processing Zone MEPZ	
12.8702850	77.6629513	Bosch NhP	
16.6941774	74.4607610	television broadcasting	
12.9974170	80.0112007	SIPCOT Irungattukottai	
12.8664671	74.8532443	Highland coffee works	
11.4338966	76.6675194	Hindustan Photo Films	
25.2793212	83.1399984		
25.2798455	83.1062090		
25.2867961	83.0690542		
25.2992397	83.0732446		
25.2432450	83.0652129	Ramnagar industrial area	
25.2908218	82.9592353	Banaras Loco Works - DLW Varanasi	factory
25.2989397	82.9961642		
25.3603631	82.9413623		
25.3588778	82.9473662		
28.4698736	77.0530328		
13.0459866	80.1952359	KK Nagar Container Freight Station	
13.0503887	80.2066617	Vadapalani MTC Depot	
13.0463704	80.2049566	AVM Studio	
13.0817596	80.2652790	Central Medical Depot	
13.0951554	80.1981042	Anna Nagar West MTC Depot	
13.0067179	80.2532777	Adyar Bus Depot	
13.0146892	80.2256551	Saidapet MTC Depot	
28.5888730	77.3216761	Sector 5	
12.3619918	76.6413694	Bharatiya Reserve Bank Note Mudran Private Limited - BRBNMPL	
28.5835275	77.3230302	Sector 4	
30.1134738	77.2409285	Steel auto industries	
13.0749577	80.2517294	Corporation Asphalt Plant	
13.0746939	80.2496000	"FCI FSD, Egmore"	
12.9684486	80.1738452		mine
13.1015361	80.2491261	Perambur MTC Depot	
13.0981662	80.2697294	Basin Bridge Gas Turbine Power Station	
13.1054074	80.2250691	Integral Coach Factory Carriage Works - ICF Chennai	
13.0980650	80.2076670	Integral Coach Factory	factory
13.0870899	80.2164219	Tamilnadu Civil Supplies Corporation - Anna Nagar 1 & 2 Godown	warehouse
25.4197795	82.8736322	Babat Pur Gas Plant	
30.1054227	77.3264173	Deenbandhu Chhotu Ram Thermal Power Station	
11.4052614	76.6802037	Electricity Board	
25.2715587	82.8321811		
25.2719867	82.8408402		
25.4823675	81.9741073		
25.4977540	82.0018600		
25.4974753	82.0033106		
25.4978975	82.0054761		
25.4341056	81.9158853		
25.4240930	81.9315285	Indian Oil LPG Plant	
22.2512632	73.1876496		
22.2655401	73.2164843		
22.5314648	72.9230563		
22.5417671	72.9371011		
22.5430261	72.9476717		
11.4108086	76.6887095	Sugar Daddy Bakery	
22.4631937	73.2394201	Nirma Lab Plant	
22.3793084	73.1187230	Gujarat Refinery	refinery
22.3959396	73.1170064		chemical
13.0700186	80.2652801	Corporation of Chennai - Pudupet Depot	
22.3957810	73.1988956		
13.1517928	80.2724237	Manali Petro Chemicals	
13.1420862	80.2807303	Indian Oil Corporation	
13.1472660	80.2870023	Container Corporation of India - CONCOR	
13.1258258	80.2826793	Bharath Petroleum	
13.1228920	80.2812854	Hindustan Petroleum	
13.1221770	80.2781299	Indian Oil	
13.1699051	80.3090060	Carborundum Universal	
13.1722396	80.3045558	Thiruvottiyur MTC Depot	
13.1846260	80.2997079		
13.1601565	80.2938837		
13.1562405	80.3047977		
13.1640130	80.3080916	STP Container Terminal	
13.1646984	80.3063941		
13.1666483	80.3071002	Ananda Industries	
13.1802113	80.3113399		
13.1540300	80.3015975		
13.1766760	80.3094279	MRF Tyres	
13.1746246	80.3088427		
13.1829182	80.3052510	ITC Packaging	
13.2119328	80.3217157	Ennore Foundries	
13.2126907	80.3193326	Ennore Foundries	
13.2159452	80.3239761	EID Parry Fertilizers	
13.2151278	80.3208930	Ennore MTC Depot	
13.1717143	80.2678230	Manali Fertilizers Limited - MFL	
13.1700147	80.2571715		
13.1315179	80.2358382	Madhavaram MTC Depot	
22.8233134	72.6005100		
23.0713420	72.5933046	AMGEN	
22.3671845	73.1480804	Indu Nissan Oxo Chemical Industries Ltd.	
22.3730497	73.1523505	Gujarat State Fertilizers & Chemicals Ltd.	
22.3325483	73.1645903		
13.1210649	80.1020956	Avadi MTC Depot	
13.1995006	80.3094811	Ennore Thermal Power Station	
12.9479658	80.1427747	MTC Workshop - Chrompet	
12.9389845	80.1368648	FCI Warehouse - Chrompet	
19.1536887	73.2411009	Badlapur MIDC	
13.1865414	80.2413602		
13.0557869	80.2056092	Prasad Color Labs	
13.0987302	80.2406601	Ayanavaram MTC Depot	
13.1240012	80.0732546	Food Corporation of India - FCI Avadi	
13.2334306	80.2801366	Ashok Leyland Vehicle Test Centre	
13.2461259	80.2794757	SICAL Container Freight Station	
13.2449646	80.2756047	Bay Container Storage Yard	
19.2081039	73.1904626	DMC Mills	
19.2039743	73.1958227	ITC Manufacturing Plant	
13.0903615	79.9932355	Spartek Granites	
13.1058438	79.9611949	Balaji Brewery	
12.9447443	80.1368600	Indira cotton mills	
13.1163523	80.1220285	Avadi Carshed	
13.1208119	80.1142883	Tube Products of India	
13.1392008	80.1288280	All India Radio Station	communication
12.5026914	80.1531349	TNSTC Bus Depot	
11.6963229	78.1016609	Burn Standard	
11.7166598	78.1226374	Dalmia	
12.9324560	80.1212150	Tambaram MTC Depot	
12.9082395	77.5845509	BWSSB	
12.9247414	77.5926125	BMTC Depot 4 (Jayanagara)	depot
13.0244600	80.1928497	Bharat Electronics Ltd.	
13.0109515	80.2264746	All India Radio	
31.4036025	76.4127505	gwalthai industrial area	
13.0347474	80.2053988	"MTC Bus Depot, KK Nagar"	
13.0264659	80.2056649		
13.0137509	80.2016599		
13.0093027	80.1922790	International Flavour & Fragrances	
11.4089243	76.6971781	"Timber Mart, Saw mill"	
12.9752143	77.7236569	Central Warehouse	
12.9925922	77.7441316	Concor	
13.0522938	80.0908077	Poonamallee MTC Depot	
13.0421420	80.1205300		
13.0314288	80.2428116	Government Civil Supplies Warehouse	
13.0417816	80.2031707	KK Nagar Pumping Station	
13.0441885	80.1933418	KK Nagar West MTC Terminus	
13.1039325	80.2680966	TNEB Site	
13.0917499	80.2679295		
13.1026208	80.2924190	Southern Railways Printing Press	
13.1037376	80.2916809	IOC Fuel Yard	
13.1282922	80.2124125	Kolathur Water Works	
13.6734190	79.3518810	TTD Transport Yard	
13.0493932	80.2004592	Majestic Studios	
12.9822274	77.6533084	Gas Turbine Research Establishment	
12.9811666	77.6605238	Electronics and Radar Development Establishment	
19.0738677	73.0166897	Turbhe Bus Depot	bus_depot
13.0444094	77.6462417	Sewage Treatment Plant	
13.0384209	77.5338632	Bharat Fritz Weiner	
13.0211693	77.5748124	Central Power Research Institute	
13.0518343	77.5428214	Hindustan Machine Tools	factory
12.8910236	77.5659049	Khodays Breweries	
13.0636442	77.7409644	Ranger Apparel Export	
13.0606575	77.7400107	Saint-Gobain	
12.9646692	77.6982344	Indian Space Research Organisation	
13.0090538	77.6650423	Steel Authority of India Limited - SAIL Warehouse	
13.0058369	77.6783649	Indian Telephony Industries	factory
13.0014658	77.6711124	Food Corporation of India	
13.0013920	77.6924568	Krishnarajapuram Diesel Loco Shed	
12.9951457	77.6481114	New Government Electric Factory	
12.9345562	77.5214807	Vrishabhavathi Valley 150MLD Sewage Treatment Plant	
12.9955031	80.0028694		
12.9811815	77.5711486	Khodays Distilleries	
12.8416835	77.6816122	Veerasandra Industrial Estate	
12.9552434	77.5942353	KSRTC Depot 4 (Shantinagar)	depot
12.9523776	77.5987894	KSRTC Depot 1 (Shantinagar)	depot
12.9382808	77.6035928	Nandini Dairy	
13.0126119	77.5632638	Bharath Heavy Electricals Limited	factory
13.0149658	77.5580389	Mysore Lamps	
13.0186506	77.5552623	BMTC Depot 26 (Yeshwanthpura)	depot
28.3608755	77.3217461		
28.3637228	77.3199924		
28.3765774	77.2994212		
13.0580983	80.2553411	TAFE	
13.0415279	77.5374621	BMRCL Batching Plant 1	
28.9715600	77.0886186	Neesa Foods	
28.9716174	77.0886019	Bush Foods Warehouse	
13.0307723	80.0195739		
12.9781152	77.6505224	Aeronautical Development Establishment	
12.9637703	77.6521906	National Aerospace Laboratories	
12.9623165	77.6553945	U. R. Rao Satellite Centre	factory
13.0533394	77.5361264		
13.0360139	77.5581650		
13.0561297	77.5530991	Central Research Laboratory	
13.0361507	77.5368484	HMT	
28.2333962	76.8054591	Hero Honda	
28.2558178	76.8238842	AtoTech	
12.9453546	80.1362346	balsons	
28.4560139	77.0064114		
13.0155074	77.5520636	Government Soap Factory	
26.4709381	80.3654629	Ordinance Equipment Factory	
12.9971746	77.6983937	ITI Industrial Estate	
12.9967560	77.7387324	Satellite Goods Terminal	
12.9886325	77.7688421	Food Corporation of India - FCI	
12.9851748	77.8476419	Hindustan Petroleum	
12.9848168	77.8438097	Bharath Petroleum	
12.9868579	77.8353600	Indian Oil	
12.9900925	77.8268450	Indane Bottling Plant	
13.0506771	77.4986652	Kennametal	
13.0549568	77.4827958	Jindal Aluminium Limited	factory
10.7609707	79.1193510	Central Warehouse Corporation	
13.0237542	77.5407705		
13.0282115	77.5444971		
13.0319640	77.5425195		
13.1047509	80.2749965	Corporation Lorry Depot	
13.1043420	80.2792257	Government Press	
13.0228115	77.5339098	APMC Lorry Stand	
13.0198774	77.5334828	Kanteerava Studio	
13.1037287	80.2617963		
13.1084645	80.2610532		
13.1018093	80.2694169	TNEB Site	
13.1010996	80.2478760	Century Mills	
28.6051004	77.6079771		
28.6051511	77.6067776		
19.0830430	73.0103421	APMC Grain Market	
19.0758315	73.0073483	APMC Spice Market	
19.0754565	73.0118132	APMC Fruit & Vegetable Market	
19.1426976	73.0135193		
19.2170040	72.8586133	FCI	warehouse
19.1035075	72.9230649	Godrej Estate (West)	
19.0741086	72.8901665	Kurla EMU Carshed	
19.0212281	72.9326708	Bhabha Atomic Research Centre - BARC	
18.9993997	72.9020973		
19.1603460	72.9519703	Mulund Container Yard	
18.9447587	72.9470922	Jawaharlal Nehru Port	port
18.9200321	72.9686506	JNPT	
18.8647034	72.9291167		
18.9009770	72.9995126	Container Corporation of India  CONCOR	
19.1563806	72.9451804	CEAT Tyre	
19.1870467	73.0014017	Mukund Steel	
19.0445830	72.8769136	Anik Bus Depot	bus_depot
19.0344817	72.8769411	Wadala Truck Terminal	
19.0503962	72.8586528	Dharavi BEST Bus Depot	depot
19.0288125	72.8500545	Central Railway Workshop	
18.9694545	72.8244380	Central BEST Bus Depot	depot
19.0029245	72.8331350	Western Railway Carriage Repair Workshop	
19.0016570	72.8350425	Central Railway Loco Workshop - Parel	
13.1028888	77.5885753	FM Goetze	
13.1084948	77.5858992	Yelahanka Rail Wheel Factory	factory
11.2072302	77.3256242	Netaji apparel park	
26.1414779	83.8738717		
12.9706548	77.5913334	Cubbon Park 4MLD Sewage Treatment Planet	
23.2854541	77.4271158	Coach Rehabilitation Workshop	
18.5928694	73.8292680	Sandvik Asia	
18.5951514	73.8282528		
18.5971915	73.8273885	Alfa Laval	
18.5991893	73.8265305	Forbes Marshall	
19.0135461	72.8196057	Worli BEST Bus Depot	depot
16.6450108	74.2907644		
13.1062596	80.1916901	TVS Group Companies	
12.9796119	77.5617739	Minerva Mills	
13.0699703	80.1909021	Koyambedu Metro Rail Depot	depot
12.9694409	77.6617724	HAL Aerospace Division	
12.9579893	77.5498411		
12.9526946	77.5434168	KSRTC Depot 6	depot
12.9520497	77.5390745	Karnataka Vidyuth Karkhane Limited	
12.9552983	77.5599241	TR Mills	
12.9508422	77.5365481	BMTC Depot 16 (Deepanajalinagara)	depot
12.9499715	77.5343477	Bharath Heavy Electricals	
12.9498320	77.5328509	Deepanjali Nagar Industrial Estate	
18.9892658	72.8453500		
17.1355353	77.1850544		
12.9867600	77.6524835	Bharat Earth Movers Limited	
23.6852883	86.1020950	Bokaro Steel Plant	
28.5410575	77.3989321	Noida Special Economic Zone	
12.0123751	79.8130592	Workshop	
12.9785725	77.5510552	Rajajinagar Industrial Estate	
12.9800885	77.5500325	Government Tool and Training Centre	
12.9473092	77.5341851		
9.9824192	76.2523080	International Container Transhipment Terminal	port
9.9694554	76.3725247	BPCL Refinery	
9.9674623	76.3945128	BPCL Refinery	refinery
9.9786775	76.3659600	FACT Ambalamedu	
12.9817871	77.6343849	BMTC Depot 6 (Indiranagara)	depot
22.7850438	86.1994662	Tata Steel	
18.5268906	84.2458941	East Coast Energies PVT LTD	
18.5030694	73.8279571	CDSS	
11.0523160	77.9966873	TNPL Paper Mill	
12.9858046	74.8442363	MRPL	refinery
17.2617114	80.1355684	FCI godowns	
17.2386814	80.1326939		
17.2381008	80.1338975	Agricultural market	
23.2276004	72.5095193		
12.7452895	79.9963384		
23.6705108	86.9251966	IISCO Steel Plant	
23.5364576	87.2586482	Durgapur Steel Plant	
21.1843795	81.3909595	Bhilai Steel Plant	steelmaking
28.3454961	77.3599278	Faridabad Thermal Power Plant	
11.0357063	76.9989769	FCI Godown	
25.4313603	86.0601055	Barauni Oil Refinery	refinery
25.3265879	78.5227036	BHEL	
24.4756799	77.1519587		
18.9101323	73.0208945		
31.3107770	75.3389428	Rail Coach Factory - RCF Kapurthala	factory
25.1709673	75.8144493	Kota Thermal Power Station	
13.3118210	76.9555630	Tippeswamy Oil Extraction (Abandoned)	
13.3098977	76.9534487	Channabasaveshwara Oil Industries	
13.3101693	76.9474182	HSK & Company Premises	
26.5824092	93.7872127	Numaligarh Refinery	refinery
13.3085531	76.9463308	SLN Rice Mill	
10.9960715	76.9760179	Stanes motors	
17.2660985	80.1662531		
28.5903783	77.3322077	AMPM Fashions Private Limited	textile
28.5807818	77.3188550	Ansumiti Technosoft Pvt Ltd	digital_marketing_agency
28.5868583	77.3273927	Sector 9	
28.5987051	77.3346276	Sector 11	
28.5944591	77.3265003	Sector 8	
28.5950136	77.3165751	Sector 7	
28.5849574	77.3152350	Sector 2	
28.5903643	77.3123914	Sector 1	
12.9909283	77.6539762	Byappanahalli Metro Depot	depot
12.8690723	77.6632972	703	
12.8693442	77.6639302	RBAI office	
12.8686225	77.6632113	Bosch RBAI	
28.6049742	77.3535270	Sector 57	
28.6023902	77.3670379	Sector 60	
28.6080843	77.3676234	Sector 59	
28.6059961	77.3579644	Sector 58	
28.6118101	77.3853307	Sector 65	
28.6050721	77.3848883	Sector 67	
28.6227336	77.3867554		
28.5324433	77.4075752	Sector 84A	
28.5246068	77.3983223	Sector 83	
28.6511075	77.3299054		
18.9591666	72.8347358		
12.3409897	75.1090162	khadhi	
28.6554478	77.3359790		
28.6550939	77.3269787		
28.6207551	77.3009568		depot
28.6010841	77.3011768	M.E.A. Stores	
24.4508330	82.9815099	Obra Thermal Power Station	
21.4987971	81.7837866		
21.6725240	82.0843570		
31.2143696	75.4230619	uggi adda	
31.2141388	75.4238172	uggi adda	
28.7330743	77.1017850	Rithala Power Plant	
28.7279486	77.1857227	Wastewater Treatment Plant	
28.5471299	77.2834582	Sewage Treatment Plant - Okhla	
28.5090709	77.2890381	Tughlakabad Inland Container Depot	
28.3891428	77.2225463	Pali Stone Crusher Zone II	grinding_mill
13.1055075	77.5802972	Go Go International	
13.1056420	77.5794646	Yelahanka Industrial Estate	
13.1103043	77.5782375	BMTC Depot 30 (Yelahanka)	depot
13.0958173	77.5738530	Mother Dairy	
17.6976898	80.8652205	ITC	
11.4517902	77.7923302	Pallava Textiles (P) Limited	mill
19.0734787	73.1234817	Maharashtra Industrial Development Centre - MIDC Taloja	
12.9023052	80.0228250		
8.7050303	77.3758963	Madura Coats	
22.4178163	87.8713127	Kolaghat Power Plant	
11.2374865	77.5509985	SIPCOT Perundurai	
20.2761020	86.6726079	Paradip Port	
19.3090047	84.9601546	Indian Rare Earth Limited (IREL)	factory
11.1068582	79.1719463		
19.1764899	72.8647212	Dindoshi BEST Bus Depot	depot
19.1528575	72.8367962	Oshiwara BEST Bus Depot	depot
23.2549286	72.6334336	Petrotech India	
12.3418549	76.6397128		
13.0707396	80.0315493		
31.6748756	74.8838423		
8.4835621	76.9484077	Kerala State Road Transport Coorporation Garage	depot
20.5764129	86.7040760	Tilk Rice and Oil Mill	
8.4700750	76.9258333	FCI Godown	
20.9173843	85.1626471		
20.8286502	85.1578666	NALCO	
20.8531792	85.1937858	Angul Smelter power station	
21.7623857	84.0217847	Bhushan Power & Steel	
21.7994139	83.8614080		
22.4002058	69.0188952	TATA Chemicals	
22.3367861	69.8665828	Reliance Refinery	refinery
23.2934981	85.2897405	Heavy Engineering Corporation Limited	
22.5526719	72.9714947	Amul Dairy - Kaira Cooperative	
22.3332145	87.2898201	New Wagon Shop	
20.7303524	76.5348350		
13.4188286	80.1177181		
13.4143037	80.1046680	SIPCOT Gummidipundi	
14.3435555	79.9321269	Fodd Corporation of India Godowns	
12.4239794	75.7337488		
19.0395693	73.1090609		
19.0227794	73.1106665	Central Warehousing Corporation - Kalamboli	
19.0302633	73.1102951	Steel Market	
28.9305141	77.0901312	Rai Industrial Area	
11.3628767	79.2277084	Ramco Cements	
9.1808843	77.8772587		
9.3741609	77.6786845		
13.2032500	80.1508896		
13.0165054	77.5547442	Karle Group	
26.0650495	83.7070052		
26.0803906	83.6970687		
26.0685201	83.6758660		
13.0443277	80.0582061		
14.5311763	75.7872029	Harihar Polyfibers & Grasilene Division	
12.5343274	76.9012177	"Sugar Factory , Mandya"	
17.9205385	77.5072033		
21.0514060	75.8106446		
21.0027774	75.5968558		
21.0208739	75.6859889		
20.9858347	75.5930387	MIDC - Jalgaon	
20.2589416	74.4520059	Food Corporation of India	
15.7254837	75.3890065		
13.6672503	80.2263275	Mobile Servicing Tower	
9.9551599	76.2658088		
9.9642654	76.2653406		
9.9652737	76.2696847	Kochi Port	port
15.6208047	77.2629621		
12.9888904	77.7055856	Bhoruka Gases Limited	
18.7135863	79.4049941		
13.1715301	80.3035105		
13.1767665	80.3053382		
18.6522815	73.8181275	Tata Motors Limited	
26.5194649	90.5314355	Bongaigaon Refinery	refinery
12.9692416	77.6587646	HAL Thermal Paintshop	
12.8611079	80.0712029		
12.9013845	80.1823332		
12.5570495	80.1723948	Madras Atomic Power Station	
8.5556961	76.8720976	FCI Kazhakkoottam	
15.1745702	77.3600392	Loco Shed	
25.4464959	86.0061826		
10.7894607	78.7213588	Golden Rock Workshop	
10.7621153	78.6874703		
10.7604697	78.7881866	BHEL Tiruchirappali Complex area	electrical
9.5341025	76.5236373		
26.8203856	80.9045804	Internal Street	
26.8247628	80.9031759		
13.0705120	80.2003907	Bus Parking	
16.4689059	79.4354197	Cement Factory	
22.5860890	88.3502544		
22.5904004	88.3508833		
22.5772255	88.3470166		
22.5822453	88.3484742		
22.5930990	88.3530820		
17.0602578	76.9796536	ACC Cement	
24.5955414	80.8591955		
24.5951649	80.8473346		
21.4605648	80.2102277		
19.9995167	79.2888777	Chandrapur Super Thermal Power Station	
22.5659943	88.3294075		
13.0389212	80.1636051		
13.0391542	80.1635993		
22.1989781	84.5888874		
8.7385040	77.7067613		
13.1113005	80.1477061	TI Cycles Of India	
19.1548558	72.8781375	Aarey Central Dairy	
13.1293682	80.2838308		
13.1190888	80.2702097	Korukkupet Goods Shed	
13.1328416	80.2848978		
13.2489467	80.3277584	North Chennai Thermal Station	
13.2544564	80.3003342		
13.1558839	80.2718507		
13.1888567	80.2673352		
13.1874753	80.2720235		
13.1845254	80.2663366		
13.1784992	80.2749772		
13.2070037	80.2647277		
13.1741056	80.2749395	CPCL Refinery	refinery
13.1680192	80.2861585		
13.0529809	80.1357624		
13.0540703	80.1194469		
13.0540569	80.1315278		
13.0494773	80.1204185		
13.0555862	80.1411687		
13.0373444	80.0416542		
13.0546976	80.0948130		
13.0415029	80.0615913		
13.0581202	80.0983303		
13.0592895	80.1081887		
13.0558263	80.1081619		
13.0576706	80.0962459		
13.0417640	80.0629830		
13.0551963	80.0986365		
13.0583210	80.1006187		
13.0327927	80.0507640		
12.9908454	80.2427657	IITM Research Park	
13.1331854	80.2819076	Tondiarpet Diesel Loco Shed	
13.1583274	80.2652729		
13.1754936	80.2598091		
13.1751037	80.1972059		
13.1516240	80.2204354		
13.1430968	80.2174011		
13.1472209	80.2264593		
13.1505702	80.2077778		
13.1271056	80.2371456		
13.1486124	80.2079084		
13.1768457	80.1953523		
13.1527666	80.2061462		
13.1549684	80.2072320		
13.1413395	80.2225558		
13.0693718	80.2033527		
30.7983537	75.9339703	Hot Mix Plant	
30.8436960	76.9300600		
28.7399156	77.7707813	FCI	
28.5926623	77.6157433	Dadri Powerplant	
12.7766386	77.6367729	Jigani Industrial Estate	
12.8138768	77.6954365	Bommasandra Industrial Estate	
12.6941408	77.7786830		
12.7606084	77.8068198	Sipcot Phase-I Industrial Complex	
12.7662362	77.7873630	Ashok Leyland	
12.7284891	77.8764925	Sipcot Phase II Industrial Complex	
17.0415602	82.1552065	FCI	
16.7445409	82.2989946	Reliance Industries	
13.5382445	80.0045303		
11.6551048	78.0319565	Salem Steel Plant	
28.2261167	79.2480543	IFFCO	
26.0650907	83.6893196		
23.1167601	70.0754940		
28.1553228	78.4079725	Narora Atomic Power Station	
20.3525412	72.9178744		
20.3544613	72.9133443	Vapi spectro chemicals private limited.	
20.2865248	72.9931118		
20.2455825	73.0074690		
21.1583023	72.6676834		
21.1098624	72.6437334	ArcelorMittal Nippon Steel India	
21.1655699	72.7053226		
21.1598137	72.7317118	OIl & Natural Gas Corporation	
21.1600870	72.6559164	L&T	
29.9757414	78.2216394		
30.2490082	74.9176468	National Fertilizer Limited	
30.2329438	74.9128123		
29.1716299	74.0173417	Suratgarh Super Thermal Power Plant	
30.1615872	74.9824422	Hindustan Petroleum Oil Depot	
22.6068150	88.3672873		
22.5744364	88.3762147		
22.5671027	88.3800523		
22.5665281	88.3762749		
12.9612862	77.6383280		
12.9652059	77.6364356	BESCOM	
18.5242563	73.9135629		
18.5099319	73.9154482	Hadapsar Industrial Estate	
18.6289305	73.8314352	MIDC Bhosari	
18.6559226	73.7935473		
19.2170027	72.9628887	NRB Bearings Limited	
19.2172478	72.9639509	Blue Star Limited	
19.2347327	72.9682840	Kothari Compound Godowns	warehouse
30.4036994	74.0354431	Dana Mandi	
31.2151886	75.4241342		
17.8788322	80.8522557	Aswapuram Heavy Water Plant	
10.8015716	78.7156917		
10.7985443	78.7154929		
10.7972899	78.7106366		
9.3697915	78.7894398		
24.2236153	83.0283276	Hindalco Industries Ltd.	
24.4501358	83.0404465	Cement Factory	cement
26.1570645	85.3423839	Tirhut Dugdh Utpadak Sahakari Sangh	factory
27.6634121	78.2504739		
19.0825916	73.0143173	CWC - Vashi	
15.3495430	75.1200189	Workshop and Moffusil Depot	
15.1681492	76.8668325	Food Corporation of India	
22.8087482	86.1660491	Kadma Telephone Exchange	
15.3410000	75.1190851	Murudeshwar Ceramics 	
22.5617180	88.3759760		
22.5617352	88.3823730		
22.5613983	88.3808370		
18.9895152	72.8370397	Digvijay Mills	
18.9893701	72.8394224	Western India Spinning and Weaving Mills	
18.9936906	72.8407634	Finlay Mills	
18.9867017	72.8397884	India United Mills no.2-3	
18.9848627	72.8383842	New City of Bombay Mills	
18.9834071	72.8375520	India United Mills no.5	
19.0115369	72.8406882	Gold Mohur Mills	
19.0154377	72.8494878	Dadar BEST Workshop	
19.0089107	72.8391519	Tata Mills	
22.5597488	88.3822385		
22.5609848	88.3796990		
22.5579109	88.3807987		
22.5555505	88.3807029		
13.0266116	77.6385232	BMTC Depot 23 (Kalyana Nagara)	depot
16.6920780	74.2688761	Ghatge Patil Industries	
22.5435289	88.3733627		
22.5538215	88.3788997		
22.5633231	88.3836955		
22.5678531	88.3818183		
22.5657156	88.3851249		
22.5741637	88.3809785		
22.5733545	88.3777867		
18.9870055	72.8379895	India United Mills no.4	
18.9929419	72.8352240	Jam Mills	
18.9795170	72.8246330	Modern Mills	
18.9924025	72.8232913	Raghuvanshi Mills	
19.0049364	72.8250671	Madhusudhan Mills	
19.0086734	72.8255887	Century Mills	
19.0081339	72.8278356	Bombay Dyeing	
19.0218722	72.8321034	India United Dye Works no.6	
18.9967720	72.8352893	India United Mills No.1	
18.9756257	72.8474205	Brittania Industries	factory
18.9750922	72.8473915	Devidayal & Sons Steel Mills	
22.5811683	88.3821180		
22.5803928	88.3797177		
22.5795433	88.3826842		
22.5780424	88.3805062		
16.9135629	73.2966648		
22.5756180	88.3834808		
22.5786940	88.3823274		
22.5849930	88.3800422		
22.5835838	88.3813363		
22.5870324	88.3819855		
27.3378928	96.0438669		
24.7739860	87.8937874	Farakka Super Thermal Power Station	
9.9796530	76.2260802		
22.5818635	88.3866740		
22.5826879	88.3876394		
22.5837257	88.3873841		
22.5824892	88.3860987		
22.5830872	88.3870602		
22.5835715	88.3860424		
22.5848779	88.3884857		
22.5881841	88.3892583		
22.5868627	88.3872856		
22.5872132	88.3877201		
22.5866399	88.3877131		
22.5898690	88.3859097		
27.1108465	72.3712436		
22.5909748	88.3817106		
22.5897416	88.3814558		
22.5933720	88.3817643		
22.5905997	88.3877012		
22.5920966	88.3877098		
22.5919310	88.3887592		
22.5958123	88.3808873		
26.1417253	83.5336120		
22.5987729	88.3842104		
22.5973244	88.3805279		
22.5988719	88.3825207		
22.5996470	88.3814854		
22.5971856	88.3843794		
22.5977229	88.3852108		
22.5976832	88.3867344		
22.5963436	88.3865454		
22.5950708	88.3839061		
22.5944691	88.3863375		
22.5948999	88.3884886		
22.5966308	88.3884645		
22.5952559	88.3901058		
22.6027445	88.3780684		
22.6036236	88.3803134		
22.6024796	88.3800667		
22.6041053	88.3767298		
22.6050756	88.3754876		
22.6077599	88.3713206		
22.6083999	88.3689284		
22.6078602	88.3744215		
22.6113034	88.3701969		
22.6096138	88.3734644		
22.6184161	88.3709575		
22.6139579	88.3705258		
22.6161130	88.3709830		
23.1652911	72.5493189	ICD Khodiyar depot	
22.8730665	73.3613730	Wanakbori Thermal Power Station	
21.7595750	72.2328677	Bhavnagar Port	
21.7962873	72.1505542		
21.6843335	72.5355940		
21.6911229	72.6195635		
21.6828255	72.5724389	Reliance Industries Ltd. Dahej Plant	
21.6938763	72.5429055		
19.9531020	72.7504785	Dahanu Thermal Power Station	
20.0867769	74.0442995	Niphad Sahakari Sakhar Karkhana	
22.6215920	88.3701798		
23.6319770	85.3217586	Jindal Steel	
22.6241719	88.3707537		
22.6254395	88.3684900		
22.6243778	88.3685924		
22.6273287	88.3670901		
23.6168491	86.4807062		
23.6023240	86.4662777	Santhaldih	
22.6230553	88.3738999		
22.5287194	88.3725453		
22.5258811	88.3720877		factory
22.9542500	86.0680096		
22.9089797	86.0744925	Bihar Sponge Iron Ltd.	
22.7888584	85.9439697		
22.8253267	86.0724731		
22.8353546	86.2301925		
22.7537501	86.2460070		
22.8745058	86.0645960		
17.2349633	78.4615499		
26.6756993	88.4195711	Powergrid	
22.5278918	88.3744679		
22.5249765	88.3741989		
22.5254651	88.3734668		
22.5259867	88.3756144		
22.5270506	88.3746217		
22.5272415	88.3744959		
23.7379135	86.1231162	Chandrapura Thermal Power Station	
23.7371901	86.1550118		
22.5261682	88.3769888		
22.5254150	88.3763193		
22.3248152	87.3018611		
23.7634213	86.5742801		
23.6372821	86.8868391		
23.7251143	86.8306180		
23.7367747	86.8390984		
22.5234594	88.3762069		
23.6601342	86.4274384		
22.6151964	87.3015796	Shalboni Mint	
23.6591201	86.4947831		
23.7890086	86.4320929		
23.7748204	86.3176267		
22.5199662	88.3760045		
22.5211355	88.3730465		
22.5240816	88.3755243		
22.5238210	88.3735375		
22.5206775	88.3883593		
22.5199835	88.3888002		
22.5210248	88.3864413		
22.5200273	88.3856066		
23.5121128	87.2791826		
23.5997112	87.1191113		
23.5846173	87.1763344		
22.5136349	88.3903313		
22.5156139	88.3814639		
22.5172218	88.3832843		
22.5157645	88.3802718		
22.5201662	88.3733328		
22.5171602	88.3784606		
22.5200558	88.3729467		
22.5195602	88.3725350		
22.5175891	88.3728202		
22.5184034	88.3727526		
22.5155466	88.3744236		
22.5166652	88.3732206		
22.5164568	88.3722181		
22.5158689	88.3724161		
22.5149863	88.3724347		
22.5150456	88.3741481		
22.5150518	88.3732275		
22.5151113	88.3737572		
22.5249825	88.3673223		
22.5240424	88.3712936		factory
22.5209107	88.3704306		
30.5992346	74.2547573	FCI godowns 2	
12.8881683	77.5481314	ISKCON Akshyapatra Kitchen	
22.5073200	88.3639480		
23.4957263	87.3743152		
23.5019201	87.3696475		
23.5009844	87.3664299		
23.4965757	87.3796984		
23.4971868	87.3695173		
23.5010155	87.3766161		
22.5059769	88.3539683		
23.4923720	87.3593406		
23.5182601	87.3040458	Durgapur Projects Limited Power Station	
23.5151093	87.3123928		
23.5110240	87.3178015		
23.5169428	87.3210267		
23.5055651	87.3329650		
23.5135820	87.3303073		
22.5007814	88.3497647		
22.5004697	88.3487360		
22.4962286	88.3496421		
23.4909328	87.3320041		
23.4903862	87.3380247		
23.4944532	87.3264805		
23.5049444	87.3139017		
23.4604570	87.1366381	Mejia Thermal Power Station	
22.4977822	88.3741440		
30.1697255	78.1230386		
29.5999566	78.3295983		
15.3740699	73.8727583	Zuari Agro Chemicals	
14.9977947	74.0499702		
13.3199411	76.9370170	KMF Cattle Feed Plant	
23.1929666	81.5929982	Amlai Paper Mill	
23.8013056	80.4330662		
24.5724328	80.8270765		
24.2274606	83.8830613		
23.8623245	79.4260280		
26.0338048	76.3677206		
26.0454307	76.3754163		
21.9275326	83.3478661	Jindal Steel Works	
21.2257861	81.7790732		
21.2241814	81.7870401		
22.5138653	88.3803025		
22.5136200	88.3785792		
22.5108584	88.3798829		
22.5050872	88.3837356		
26.9488140	81.1891474		
26.2303968	81.2695192		
22.5112462	88.3820486		
22.4968775	88.3600723		
17.9731675	79.6107961	Indian Oil Petroleum Reserves	
22.4991633	88.3579232		
22.4983008	88.3579855		
22.4979358	88.3582132		
22.4975207	88.3593772		
22.4976404	88.3638967		
22.4998637	88.3657672		
21.5519831	81.8060605		
22.4986964	88.3666204		
22.4991613	88.3676048		
22.4994312	88.3669340		
19.1184674	72.8660062	Marol Bus Depot	bus_depot
22.4937272	88.3659822		
22.4925968	88.3469089		
26.2258595	84.3280082		
20.9043249	70.3895798		
23.0290305	73.0863513		
20.9070498	70.3723021		
19.0463942	72.9182908	BSNL Telecom Factory Deonar	
22.4954396	88.3705659		
19.2281396	72.8414140	BEST Depot	depot
29.7921769	78.4094417		
13.0622001	77.7426856	Charoen Pokphand (Chicken Feed Factory)	
13.0644038	77.7397609	EID Parry India	
22.4905849	88.3477659		
22.4880387	88.3463698		
22.2783315	73.2174668		
22.4821514	88.3454953		
22.4834236	88.3464341		
22.4860343	88.3452969		
22.4893713	88.3443203	Technician's Studio	
22.4900086	88.3445455		
22.4814234	88.3514674		
11.1236399	76.9369982	Shiva Distilleries	
11.1235717	76.9335432	KSB Pumps	
22.5035131	88.3518397		
22.5028107	88.3495262		
22.5018889	88.3516269		
22.5026008	88.3479188		
22.5015712	88.3474883		
22.5066639	88.3462036		
22.5041470	88.3508419		
22.5038657	88.3502800		
22.5054100	88.3512205		
21.0972812	72.6214717	Shell Energy India Private Limited	oil
12.1606799	76.6780349	Raman Board	
22.5244075	88.3589226		
22.5232236	88.3570345		
22.5209119	88.3575948		
22.5239581	88.3552997		
22.5265360	88.3565038	Laundry	
13.0600551	77.7354615	Saint Gobain	
22.5300591	88.3576583		
26.1849678	91.8092826	Guwahati Refinery	refinery
22.5348319	88.3579165		
22.5353191	88.3595393		
13.0383274	80.1757718		
13.0353860	80.1757195		
13.0249475	80.1753307		
31.3681751	76.3467226		chemical
31.3667313	76.3568503	National Fertilizers Limited	
18.6897544	73.0401240	JSW Ispat Steel Plant	
18.6983376	72.8703192	Rashtriya Chemicals and Fetilizers (RCF)	chemical
22.5349837	88.3601347	GE Project	
9.9471641	76.2694819	Rail Side Container Terminal Cochin Harbour Terminus	
12.9556281	77.7037158	Karnataka Cooperative Milk Producer's Federation Ltd.	
19.0647320	72.9175248		
19.0470674	72.9128316	Deonar BEST Bus Depot	depot
19.0735512	72.8743915		
12.9887583	77.7075723		
12.9808239	77.7076745	IFB Automotive	
12.9905889	77.7053037	NGEF Ancilliary Industrial Estate	
22.5360436	88.3473445		
13.9440922	75.5515905	APMC Yard	
22.5339029	88.3466433		
17.4585327	78.4351043		
17.4666036	78.4216177		
17.4653965	78.4187942		
19.1891988	72.9907923		
12.9834642	77.7270179	Makino India Private Limited	
12.9807309	77.7255154	Varman Aviation	
12.9924534	77.7042403	Honda Car Yard	
22.5382138	88.3352065		
22.5338175	88.3358085		
31.3438878	75.6154078		
31.3446256	75.6180095		
31.3371430	75.6157767		
22.5398483	88.3327736		
22.5405646	88.3316310		
31.3678458	75.5784623		
19.1850217	72.8080967	All India Radio - AIR	communication
19.1814218	72.8191328	Malvani BEST Bus Depot	depot
16.7156913	74.2397444	State Transport Dept Workshop	
12.9905290	77.9484613		
22.5379110	88.3277741		
22.5459488	88.3250941		
22.5492038	88.3243050		
22.5429812	88.3270644		
22.5496931	88.3240628		
22.5488322	88.3230870		
22.5476975	88.3213624		
22.5468925	88.3229010		
22.5464169	88.3201236		
22.5452108	88.3238623		
22.5449173	88.3247441		
22.5458560	88.3227521		
22.5427576	88.3263884		
22.5418825	88.3167905		
22.5464208	88.3159765		
22.5436860	88.3189418		
22.5417396	88.3141419		
22.5446552	88.3117185		
22.5455712	88.3128841		
26.1851127	91.6777598		
27.3988262	95.1174482		
22.5472782	88.3009072		
22.5426394	88.3025882		
22.5442327	88.3071935		
22.5444651	88.3045678		
22.5384774	88.3013088		
15.4068689	73.8018253	Mormugão Port	port
13.8311708	75.7060053	Vishveshariya Iron and Steel Plant - VISL	
30.2728538	75.1657407		
30.2631745	75.1706868	Guru Hargobind Thermal Plant	
12.7806788	77.4187381	Bidadi Industrial Area	
12.8713809	77.4435640	Kumbalagodu Industrial Area	
30.3734378	76.1303674		
19.2137674	72.8500989	Poisar BEST Bus Depot	depot
30.3494366	76.1239980	Indian Oil Corporation Ltd. LPG Bootling Plant	
13.0372598	80.1347966	Iyyapanthangal MTC Depot	
13.1342454	80.2907674	Tondiarpet-II MTC Depot	
13.1201826	80.2585688	Vyasarpadi MTC Depot	
13.1354214	80.2303060		
13.1674607	80.2256714		
13.1425798	80.2675039		
13.1522865	80.2284391		
13.1589101	80.2269999		
13.1023516	80.2738542	Basin Bridge MTC Depot	depot
13.0378337	80.1348934		
13.0939250	80.1980870	Anna Nagar West Depot	
12.7862465	80.2220073	Kelambakkam Bus Station	
13.2147136	80.3208341		
13.0695032	80.1240100	Thiruverkadu Bus Depot	
13.1390570	80.2821304		
13.1478834	80.3011918		
19.0536601	72.8392289	Bandra BEST Bus Depot	depot
18.5888823	73.8306937	Sai Service Phugewadi	
28.0831836	75.3989627		
32.3877077	75.5468369	Kathua Industrial Area	
32.2757149	75.6422440		depot
32.5586741	75.0994874	Industrial Area	
32.6436226	74.9317063		
29.9440233	78.1063343	BHEL Haridwar	
16.8500204	74.6388841	MIDC Industrial Area	
16.8748101	74.6320468		
16.8320144	74.6248676	FCI	
22.5377395	88.2974598		
28.0643349	73.3335107		
28.2217252	77.3013059		
28.2206398	77.3015292		
28.3404115	77.3066406		
18.4281502	73.1539830		
18.5306786	72.9468397		
22.5774153	88.2545147		
22.5341631	88.2352933		
22.5586729	88.3205208		port
22.5784240	88.2790147		
22.5534873	88.2305966		
22.5602875	88.2316025		
21.1539128	79.1316852		
21.2414081	79.0995342	Koradi Thermal Power Station	
21.1623988	79.1432127		
21.2767030	79.1177088	Khaparkheda Thermal Power Station	
22.4724457	69.0813046	Okha Port	
22.4696808	69.0735094		
22.4759327	69.0693886		
23.8150196	68.7995071	Cement Factory	
23.4979860	68.5804239	Sanghi Cement	
23.3840560	68.5692048	Sanghi Cement	
23.6618438	68.7802014	Kutch Lignite Thermal Power Station	
23.4268308	68.5775097		
23.3997913	68.5703247	Sanghipuram Cement power station	
24.4798282	74.8675464		
13.2097636	75.2503935	Kudremukh Iron Ore Corporation - KIOCL	mine
18.2048143	74.6092215		
12.7221342	80.1876960		
10.9061037	76.9558806	Associate Cement Factory-Madukkarai	
10.8998308	76.9306538	Adani Factory	
10.9511471	76.9849142		
10.9370825	76.9991197	Larsen & Toubro Limited	
10.9571335	76.9736679		
10.9415559	76.9779249		
10.9556694	76.9760706		
11.0234063	76.9545381		
11.0365275	77.0194215		
11.0278767	77.0812194	Indian Oil Depot	oil_storage
30.6700422	76.7321764		
30.6693393	76.7392474		
30.7098250	76.7045788	Sector 72	
30.7174895	76.6987595	Sector 73	
30.7026010	76.6926648	Sector 75	
24.8706595	93.9264029		
30.7220875	76.7110680	Sector 58	
30.7299851	76.7068102	Sector 57	
30.6987227	76.7874204	Phase 2	
28.4071565	79.3800490	Bareilly Sleeper Treatment Plant	
25.1490533	76.1810699		
30.7214911	76.7679601		
30.7087134	76.7858093		
24.8004857	84.9679540		
28.1823439	76.6072911	Inland Container Depot	
30.7045354	76.8042492	Phase 1	
25.0088296	88.1643535		
25.0192313	88.1545466		
22.2968430	73.3809639	Waghoda GIDC	
10.9368595	78.1513077	Chettinad Cement Factory	
21.2350382	81.4060906		
21.2293135	81.4135769		
21.2378747	81.3836386	ACC Jamul	factory
21.2270842	81.3871430		
21.2337170	81.3948367		
21.3737595	81.4161920		
21.1551046	81.3489566		
30.7415884	76.7844940		
30.6808377	76.8340421	Industrial Area Phase 2	
30.6716608	76.8412549	Industrial Area Phase 1	
28.3176226	77.2979528		
28.4372618	77.3070804	Sanden Vikas Ltd.	
12.8753369	80.2239992		
16.8365024	75.7240981	Agricultural Produce Marketing Committee	
30.6885122	76.8296863	Bharat Electronics	
12.9490153	74.8218732	Baikampady Industrial Area	
22.3373804	87.3157907		
12.9572086	80.2332892	Perungudi Sewage Treatment Plant	
12.9745944	80.2473030	Nehru Nagar Industrial Estate	
12.9579860	80.2466860		
26.6115193	76.3280813		
25.7878851	84.7464921		
19.0863609	72.9184255	Ghatkopar BEST Bus Depot	depot
12.9734603	80.2514107		
12.9646497	80.2489297		
12.9790789	80.2509381	Dr VSI Estate	
12.9791885	80.2524814		
12.9717435	80.2459542		
12.9722437	80.2440599	Tirumalai Nagar	
12.9819637	80.2509787	Dr VSI Estate	
12.8778227	79.7680654		
12.8723630	79.7492675		
12.9408056	79.3503659		
12.8846987	74.8417042	Mangalore KSRTC Bus Stand	
12.9848424	80.2507803	TNEB Substation	
12.9851599	80.2442316	PWD	
25.8500137	72.2202007	Industrial Area	
27.4788968	94.9254238	railway workshop	
13.0730332	77.5572648	Vidyaranyapura Sewage Treatment Plant	
13.0410098	77.5608141		
15.4229794	75.6038013	Gadag Industrial Layout	
13.1857349	77.6391653	ITC Factory	
15.4218640	75.5613442	GCTM	
15.4241987	75.5599148	FCSM	
12.9304465	77.5733163	M M Industries	
19.0203077	72.8671432	Antop Hill Warehousing Complex	
15.0475047	76.2138457	APMC	
27.6937426	75.7291443		
13.2417535	80.2943193		
13.2369124	80.3067214	Vallur Thermal Power Station	
13.2349559	80.2837406	The Indian Cement Ltd.	
13.2427506	80.2869541		
13.1935679	80.3163191		
13.1898680	80.3149293		
13.1626750	80.2661763		
13.1837517	80.2764574		
13.1918767	80.2478785		
15.4229794	75.6433150	APMC Yard	
21.3574884	78.9299655	Saoner-I	mine
21.3433721	79.0117034		
21.4057714	78.9890677		
21.2270549	79.2381090		
21.2226552	79.2392840		
21.6269563	69.6251764	Saurashtra chemicals PVT LTD	
21.4772855	70.3725347		
26.3013224	74.1256644		
10.0042907	76.3430549	Cochin Special Economic Zone	
24.3647435	92.1665869		
9.4989633	76.3278252	William Gooadacre & Sons(i) Pvt Ltd	
12.1050941	76.7604029	Bannari Amman	
15.8268215	74.4833187	J P Foundry	
15.4352779	75.6319265	DC Mill	
9.4276370	76.3456262	Central Products Dairy - Milma	factory
9.4958896	76.3208977	Vallabhdas Limited	
9.4930455	76.3213860	"Food Corporation Of India, Alappuzha"	
17.7128180	83.2691359	Naval Dock Yard	
9.9867135	76.3556994	Hindustan Petroleum Corporation Ltd	oil
9.9820062	76.3539179	Bharat Petroleum Coporation Limited	oil
9.9790007	76.3494497	Bharat Petroleum Corporation Ltd	oil
14.5240702	75.8066026	Mysore Kilroskar Company	
14.5305544	75.8090112	K.S.R.T.C Bus Depot	bus_depot
14.4840408	75.8419616	Baathi Sugar Factory	
12.9962051	77.6637885	Coca Cola Bottling Plant	
10.0352272	76.3133672	Milma	
22.6376210	88.3499720	Jindal India	
22.5743407	88.4319432	Shyam Steel	
17.8029845	83.3812652	"STPI, Hitech City, Rushikonda"	
24.2056791	83.0523120		chemical
23.7838465	85.8809600	Bokaro Thermal Power Station	
23.7526637	85.8715745		
23.6980515	86.0615856		
23.7539628	86.0585479		
23.7718708	85.9773315		
23.7774478	85.5531952	Tata Iron and Steel Company Limited (TISCO) - West Bokaro	
23.3715569	85.4422468		
30.2226687	75.8021243		
29.6049454	78.1762121		
12.9964645	77.6707447	India Tin Industries Limited	factory
12.7494410	77.8220115	Titan Watches	
13.0556323	77.7459406	VRKP Steel Industries Private Limited	
13.0453557	77.7470556	Om Pharmaceuticals Limited	
9.2393282	76.4304992	Rajiv Gandhi Combined Cycle Power Plant	
12.9589910	77.6735862		
12.9586236	77.6779947	HAL Helicopter Division	aerospace
13.0437845	77.5318947	Peenya Metro Depot	depot
12.8435781	77.8701212		
16.9225520	81.8403114		
13.3343534	74.7864804		
9.8184050	76.3594173	Shipyard	
12.4584874	76.6831072		
25.3251719	81.8211181		
29.7735051	78.4297191		
25.3757084	81.8792904	Triveni Structurals Limited (TSL)	
28.7244504	77.8132744		
25.3614284	81.8898189	ITI Limited	factory
18.5477632	83.3323544		
19.3324708	83.4319931	Indian Metals & Ferro Alloys Limited	
19.2487965	83.4099863		
17.5631822	73.1644085	Ratnagiri Gas & Power Private Limited	
17.5604817	73.1644543	Dabhol Power Station	
17.5582290	76.0018077	Hotgi Cement Works	cement_plant
14.2619306	80.1089894	Krishnapatnam Port	port
21.3710758	83.6169953	ACC Limited Bargarh Cement Works	
21.1202767	85.9218664		
22.9341268	76.0318803		
22.9852201	76.0664417		
22.9364139	76.0175069		
24.5493556	83.9645663	Sone Valley Cements Limited	
24.6704768	83.9882914	Cement Factory	
22.3931039	82.7354624	Bharat Aluminium	aluminium_smelting
22.3441781	82.7165829		
16.2256224	77.3517697		
13.0771393	79.6487439		
11.5548001	79.4432291	Neyveli Thermal Power Station II	
28.4127290	77.3051942	Imperial Auto	
28.3581873	77.3085819	PYN Precision Components	
28.3479363	77.3085434		
22.9730544	72.5594105		
17.3295852	76.7955289		
16.6509222	74.8220406	Ugar Sugar Works	
15.9074123	74.5380491	Hindalco	
13.0998421	80.1819377	TNEB	
13.1291185	80.1664600	VSNL	
13.1125522	80.2040681		
13.2837212	80.0667306		
13.3889758	80.0203426		
13.1259518	80.0164120		
13.2916621	80.0631180		
13.2651155	80.0221485		
13.2851797	80.0717897		
22.2393200	72.7567933		
20.4431235	72.8606895		
20.4145306	72.8932541		
20.4487235	72.8751680		
20.3790333	73.0104133		
20.3660497	72.8841940		
20.2953232	72.8487844		
20.2603845	72.8559419	Sutlej Textiles and Industries	
20.2454333	72.8617556		
20.2613279	72.8735717		
20.2903968	72.8944595		
20.3250212	72.9675654		
20.2904433	73.0193244		
20.2549042	73.0153482		
23.7719988	68.6450812	Akrimota Thermal Power Station	
30.5211939	77.6608601		
31.3957932	76.3279949		
30.8423702	76.9541501		
30.7786240	76.9065095	HMT	
21.1372586	72.8440838	GIDC	
21.0943482	72.9723082		
21.0920935	72.8580916	GIDC	
21.0818748	72.9026952		
20.9441792	72.9102308		
12.8682734	79.0900247		
28.6167647	77.2524477	Pragati-I Combined Cycle Gas Power Station	
28.5878650	77.2656932		
28.6190348	77.2502162	Indraprastha Gas Turbine Power Station	
28.6241058	77.2498267		
25.7564469	73.3156763		
25.9285117	73.6796437		
25.7682066	73.3070363		
25.7959086	73.3272193	Pali Industrial Area Phase 1	
25.7742650	73.2975907		
25.8036903	73.3238831	Pali Industrial Area Phase 2	
25.7881645	73.3239497	Maharaja Shree Ummaid Mills	
25.0235565	73.9009983		
13.0048057	77.6916977	BMTC Depot 29 (KR Puram)	depot
22.8291294	69.3543010		
13.0575748	77.7421849	GlaxoSmithKline Pharmaceuticals	
22.4279163	69.8595694		
22.3899992	69.8578366		
23.2403028	69.7923065	Bhuj Sector 220	
23.2285397	69.7643146	Bhuj Sector 231	
21.6865696	72.1909263		
23.2023744	69.7435790		
23.2228137	69.7581641	Bhuj Sector 237	
23.2556150	69.6904798	Bhuj Sector 282	
22.5373517	73.4444393		
19.8203284	75.2328563	Bajaj Automobile	
19.8091433	75.2307224		
19.8352303	75.2319334		
19.8563307	75.2055260		
19.8544397	75.2149349		
19.8390082	75.2015322		
19.8531342	75.2250499		
19.8421878	75.2077506		
19.8466523	75.2191074		
19.8612735	75.2174149		
19.8322109	75.2450012		
23.0242325	70.1311321	Kandla Special Economic Zone	
23.0342514	70.1247653	Kandla Special Economic Zone	
23.0624138	70.1373207		
23.0497725	70.1376160		
23.0771216	70.1442940		
22.3884591	70.7957133		
23.0827786	70.1111401		
23.0730836	70.0701586		
23.0696967	70.0683086		
23.0708848	70.0645061		
23.0702739	70.1599625		
23.0136704	70.1037037		
23.0162337	70.0812424		
23.0723612	70.1577961		
23.0439374	70.1433269		
23.0397644	70.1424990		
23.0399221	70.1810395		
23.0300480	70.1987591		
23.0319846	70.1948210		
23.0094066	70.2127950		
23.0131351	70.2079552		
23.0146351	70.2089112		
23.0297618	70.2191170		
23.0151095	70.2165622		
23.0304917	70.2105366		
23.0215655	70.2157179		
23.0281448	70.2051120		
23.0300360	70.2158692		
23.0015093	70.2182157		port
23.0282749	70.2192797		
23.0274572	70.2154264		
23.0338506	70.2035365		
23.0099930	70.2206441		
22.9981698	70.2096609		
23.0091656	70.2159058		
23.0295707	70.1884613		
23.2451459	69.6532835	GSRTC Depot	
23.2281051	69.7376104	Manek Minerals	
23.2348184	69.7992891		
23.2234455	69.7386036		
23.2517689	69.6903778	Bhuj Sector 290	
21.2349890	73.3535557	Kakrapar Atomic Power Station	
22.5421326	88.3194538		
22.5401844	88.3194498		
22.5416632	88.3181836		
22.5393507	88.3175777		
22.5424466	88.3090320		
22.5407612	88.3059918		
22.5299403	88.3227331		
22.5291846	88.3250892		
22.5291078	88.3229730		
22.5273178	88.3250148		
22.5264711	88.3240082		
22.5221459	88.3216626		
22.5369761	88.3164605		
21.7595804	72.0981468		
22.5304479	88.3171231		
22.5261198	88.3178051		
28.2168123	77.2984061		
21.6834736	72.2815349		
21.6685282	72.5692035	ABG Shipyard Ltd	
21.7052044	72.6220261		
21.7063401	72.5979862	Dahej Special Economic Zone	
22.5232391	88.3193168		
22.5317712	88.3147821		
22.5234735	88.3166764		
22.5246350	88.3145038		
22.5261273	88.3127188		
28.3455404	77.0877823	Sigma Corporation	
28.3456453	77.0869169	Tratec Engineering	
28.3455234	77.0871302		
28.3311669	77.3366053		
28.3529908	77.2688185		
22.5311576	88.3369492	Presidency Jail	
28.4959850	77.0779102		
28.3858107	77.2838213	Godown Food Corporation	
22.5360459	88.3394229		
28.3681962	77.3195571	Anil Rubber	
22.5282035	88.3519941		
28.4184354	77.3143228	Ice factory	
28.2739282	77.2688859		
28.2629066	77.2857106		
28.2735449	77.2675965		
28.2749094	77.2746200		
28.2723436	77.2675211		
28.2751514	77.2734299		
28.2743795	77.2726981		
12.9916464	77.7885570	Karnataka State Warehousing Corporation	
12.9926317	77.7839836		
12.9940253	77.7818921		
22.6287203	75.6034537		
12.9906895	77.7468520	Kadugodi Industrial Area	
12.9927938	77.7476331		
23.2293261	69.7741269	Bhuj Sector 230	
23.2339838	69.7718931	Bhuj Sector 233	
23.1773213	70.1689991		
23.1819033	70.1742841		
23.1870197	70.1816736		
22.5220335	88.3409733		
22.5203869	88.3408484		
22.5180026	88.3398144		
22.5198229	88.3392790		
21.1705989	72.6867824	Kawas Thermal Power Station	
21.3947150	73.1069210	Surat Lignite Power Plant	
21.2101276	73.5555302	Ukai Thermal Power Station	
20.6733938	77.0617604	Akola MIDC	
23.4458153	72.3988803	Nirma ltd	
21.3421350	72.9871045	SUGEN Mega Power Plant	
20.5351183	85.9084398	Choudwar Power Plant	
19.1099163	77.3343708		
21.3360583	72.9922296		
21.3250590	72.9907050		
21.4126948	73.0735777		
21.2304892	72.8714696	Utran Gas Based Power Station	
21.5430853	73.1257265	Eliokem Valia Plant	
21.5559210	73.1535100	Godrej Valia	
21.5557528	73.1428341	Petrofils	
26.5631597	80.5264580		
17.1368371	76.9471319	JP Cement Company	
17.0099694	76.7539489		
17.1456754	76.9408461		
17.3084296	77.4739143	CCI	
17.3344106	77.4852747		
18.1006857	74.2188920		
18.1052585	74.2871917	Shri Someshwar Sahakari Sakhar Karkhana Ltd	
21.6614140	73.1387098	Jhagadia Copper Limited	
21.6569722	73.1356393	Shriram Alkali & Chemicals	
21.6488761	73.1268742	Gulshan Polyols Ltd.	
21.6511185	73.1457452	J.M. Huber Corporation	
21.6612131	73.1301259		
21.6568247	73.1452149		
21.6552490	73.1277092		
21.6593092	73.1297402		
21.6521572	73.1265047		
21.6610574	73.1325518		
21.6518698	73.1277851		
21.6542111	73.1293268		
21.6546233	73.1448210		
21.6623612	73.1343469	Lanxess Jhagadia Site	
21.6499155	73.1339503	United Phosphorus Limited	
21.6210274	73.1253918	PepsiCo India Holdings Pvt. Ltd.	
21.6239931	73.1292792	Sejal Float Glass Factory	
22.9739202	88.4689454	Warehouses: Food Corporation of India	
21.6424028	73.1355176		
21.6675539	73.1385953		
21.6442688	73.1445989		
21.6418482	73.1271746		
21.6383707	73.1450986		
21.6417255	73.1384034		
21.6444398	73.1293989		
21.6673459	73.1422787		
21.8237105	73.1137436	NTPC Jhanor-Gandhar	
26.0098557	80.7239450		
21.8004485	73.3281448		
21.6979459	73.1289304		
21.6259490	73.1533383		
22.9780502	88.4693172		
24.3651675	88.1051775	Sagardighi Thermal Power Station	
25.9091670	81.3254367	Feroze Gandhi Unchahar Thermal Power Station	
26.4553090	80.3062365	ICD CONCOR Kanpur	port
26.4546707	80.2455502		
26.4501233	80.2638515		
26.4555094	80.2396519		
26.4479217	80.2743373		
26.4433897	80.2529393		
26.4591037	80.3094622		
26.4511135	80.2572337		
26.4588043	80.2792406		
26.4654558	80.2811881		
26.4589768	80.2583248		
26.4534072	80.2816789		
30.5216317	77.4749288	Valley Iron & Steel Co.	steelmaking
28.8895811	75.8484653		
29.3152284	76.2918356		
28.8912785	75.8718242		
28.8987500	75.8815559		
28.9136179	75.8521039		
30.4519993	77.5865831		
22.9979833	88.4028234	Bandel Thermal Power Station	
18.8337870	73.3644874		
26.9872833	84.8522233		
26.9859078	84.8494891		
26.9874916	84.8457603		
26.9894722	84.8520394		
26.9869322	84.8544096		
26.9922773	84.8375387		
22.1698190	88.2015698		
21.5442026	83.9012910		
21.5469933	83.9035052		
28.2074367	77.0595627		
28.2004319	76.8641333		
28.2126213	76.8657333		
23.6794372	88.2924673		
23.8299977	87.4520014	Bakreshwar TPS	
23.7284894	85.7620738	Tenughat Thermal Power Plant	
28.4854431	77.5331921	Wipro	
28.0337822	77.2546394		
12.9772062	77.7262126	BMTC Depot 18 (ITPL)	depot
22.2295524	84.8488602		
19.1942926	72.8609941	Times Of India Press	
28.6474245	77.4334914		
28.8761295	77.1097783		
28.6966526	77.5798737		
28.6773094	77.0228998		
27.1729040	94.9478060		
27.1482156	94.8976546		
22.2314498	84.8251574		
22.2340992	84.8108648		
22.1988455	84.8429420		
22.1366080	84.8857589		
12.3555341	76.6370121		
21.0944334	85.0742078	Talcher Super Thermal Powerstation	
19.1465423	72.8016823	Larsen and Toubro	
19.0591393	72.8747283		
19.0586819	72.8729355	Swadeshi Mill	
19.0505639	72.8680354		
19.1749613	72.9469088	Mulund BEST Depot	depot
19.1812854	72.9544791		
19.2394281	73.0345620		
19.2541863	73.0294963		
19.2548787	73.0141804		
19.2632653	73.0380302		
19.2485791	73.0448798		
19.2630837	73.0299143		
19.1975381	72.9459769		
19.1989825	72.9539525		
19.2072517	72.9591267		
19.2144956	72.9706179	Voltas	
19.4963396	73.3368703		
19.1326313	72.9318487	CGPower Mumbai	
19.0971631	72.9246311	Godrej Estate (East)	
19.1065361	72.9245587		
19.1231880	72.9240900		
18.9144242	73.2967461		
14.1839042	75.0313546	RMC/APMC Yard	
18.8063615	73.2920724		
18.8008409	73.2889493	Tata Steel	
18.8432784	73.0787791		
18.9943778	72.8270908	Sun Mills Compund	
18.9922758	72.8279775	"EMU Workshop, Western Railway, Mahalaxmi"	
19.0005251	72.8329746		
18.9892410	72.8254555		
19.2204687	72.8666130	Magathane BEST Bus Depot	depot
19.0726239	73.0062989	APMC Onion & Potato Market	
19.2392859	72.8655740	BEST Depot	depot
19.1355654	72.8291824	Laxmi Industrial Estate	
19.1189414	72.8324413		
19.2008155	72.9454104	Wagle Bus Depot	depot
19.1997006	72.9432764		
19.2002886	72.9442624		
19.1929067	72.9517735		
19.1940607	72.9568555		
19.1872469	72.9774035		depot
19.1610506	72.9353671		
19.1009837	72.8829004	Bindal Estate	
19.2063400	72.8251769	Industrial Estate	
19.1842741	72.8710736	Water Reservoir	
19.1519077	73.0027666	SIEMENS	
19.1645943	73.0010144		
19.1945928	72.9866502	MSRTC Workshop	
19.1696273	72.9429781	Nandanvan Industrial Estate	
19.1755471	72.9410280	Johnson & Johnson	
19.0031067	72.8580603		
19.0082424	72.8665732		
19.0057472	72.8562781		
19.0098804	72.8605922		
19.0070806	72.8589291		
19.0075642	72.8620824		
19.0096163	72.8658547		
19.0121447	72.8630945		
19.1385703	72.8651095	Majas BEST Bus Depot	depot
19.1476860	72.8589025	National Dairy Development Board	dairy
22.4116980	88.2809842	Wonder Laminates	
14.8661137	74.4383179	Kaiga Atomic Power Station	
19.0655098	72.8854894		
19.0140741	72.8523246	Wadala BEST Bus Depot	depot
19.1892556	72.9942902		
19.1872290	72.9912039		
19.1916856	72.9930218		
28.3856047	77.3162475	Texco Tools Ltd.	
28.6844696	77.3306448	Seemapuri Depot	depot
28.6862140	77.4350285	Meerut Road Industrial Area	
28.6849656	77.1147218		
28.6775017	77.1283588		
22.7560913	72.3357692	Wonder Industries	manufacturing
11.7953799	75.4680417	Sidco Industrial Estate	
20.0082444	73.8045235	Panchvati Depot	depot
22.8178111	88.3504231		
22.8412051	88.3830738		
22.8586135	88.4032923		
12.9834379	80.2632646	Metrowater	
16.8705026	80.0202648	UltraTech Cement Ltd Factory	
12.9880723	77.7127493	Collin Aero Space	
13.2818810	80.3220660		
13.2604976	80.3042516		
13.2865686	80.3382790		
13.2896886	80.3349113		oil_storage
12.9272239	79.9123046	Sriperumbudur Industrial Park	
12.9450348	79.9395753		
12.9247348	79.8838946		
21.1126454	79.0825092	Cargo	
25.3075398	86.4914182	Jamalpur Locomotive Workshop	
17.2360023	80.1317006	Cotton market	
13.1187280	77.8277111	Hoskote Industrial Area	
24.1218446	86.3540057		
21.2315759	79.6308369	Sunflag Steel	
23.0818289	77.5242949		
23.1046676	77.5232838		
23.0821625	77.5469992		
25.7090036	86.1912917		
25.4097740	86.0291016		
28.3088584	74.9481732		
25.3218324	74.5896333		
19.2367743	73.1301925		depot
12.8598053	74.8325653	Mangalore Fishing Port	port
22.4878696	88.1832498		
22.4735516	88.1630794		
22.4578435	88.1738381		
22.4799461	88.1738295		
11.0745231	79.8324005	Pillaiperumalnallur Gas Power Plant	
16.6887698	74.1199612	Kumbhi Kasari Sugar Factory	
12.9976517	77.6737236		
13.1613021	77.7131185	Bengaluru IT Park	
28.3580588	77.3081666	Husaka Refractoris	
28.3106890	77.3091989	Kochar Agro Industries	
28.3587323	77.3050813	Krishna Fabricators	
10.8380803	79.8472004	Karaikal Port	
14.3290391	75.8801626	Davanagere Sugar Company Limited	
21.1365981	73.1021230		
21.7038163	72.9970166	Depot	
21.1545975	72.8498680		
21.1481283	73.2574622		
12.9150973	74.8544190	Sewage Treatment Farm	
15.9431785	77.3008082		
20.8317088	86.9581986	Dhamra Port	
20.7940749	86.8993959		
18.2694426	80.4770687		
16.7499515	74.2441416	Shahu Sugar Factory	
16.6941647	74.2389475	Shahu Textile Mill	
26.9577038	81.2003247		
8.9820338	76.5263664	Indian Rare Earths	
9.0012627	76.5318712	Kerala Minerals & Metals Limited	
8.9772252	77.3813360		
13.4095204	77.7284698	Chikkaballapura Industrial Area	
12.8819155	74.8353440	Mannagudda Warehouse	
18.4965532	73.8027454	Gandhi Bhavan Industrial Estate	
12.9984091	77.6915820	Devasandra Industrial Estate	
12.9990802	77.6873529	IndianOil Gas Bottling Plant 2	
12.9912428	77.6926485	BlueDart | DHL Courier Warehouse	
16.6945244	74.2342802	Udyam Nagar	
28.3486267	77.3029389		
16.6804226	74.2184448		depot
21.7809175	72.9780674	Paguthan GPEC Combined Cycle Power Plant	
22.8173404	69.5531807	Mundra Thermal Powerplant	
22.8198540	69.5188392	Coastal Gujarat Power Ltd	
22.9404207	88.4031127	ডানলপ কারখানা	tyre factory
22.8686918	88.3975974		
22.8616481	88.3819443		
22.8502745	88.3863303		
22.9710727	88.4007317		
22.8528380	88.3766995		
28.4786985	76.3753981		
28.4822247	76.3756969	Indira Gandhi Super Thermal Power Project	
28.4910807	76.3495557	Mahatma Gandhi Thermal Power Project	
13.0666943	77.7839430	"Akashavani, Hoskote"	
22.2480682	73.1774190	Shree Umiya Industries	
28.2204554	76.5797985		
15.3538918	75.1137460		
15.3528722	75.1346646	VRL Logistics	
15.3598046	75.0441093	Tarihal Industrial Area	
28.1417261	76.5976494		
15.3427182	75.1694040	Food Corporation of India - FSD	
28.7994991	76.1628391		
28.7992669	76.1536763		
28.8063667	76.1235339		
28.8080135	76.1244310		
12.9876261	77.6684954	Center for Artificial Intelligence and Robotics	
11.6918322	79.7616345		
28.8952427	76.5471352		
12.9132332	74.8126341	Indian Oil Corporation Tank Farm	oil
29.8510370	77.2621208		
29.9561793	77.5347064		
29.9381280	77.5693597		
11.8742760	79.6457085	MRF	
11.9281539	79.6576310		
11.9162412	79.6568416		
11.8957664	79.7680297		
11.9496312	79.7833268		
9.4572096	77.9258691	Ramco Cement Factory	
22.6861640	88.3361624	Hindustan Motors	factory
22.6800282	88.3890650		
22.7272298	88.3551351		
22.7149716	88.3770243		
22.6182396	88.2823681		
22.6864072	88.3041732		
22.8071521	88.3150534		
22.6910342	88.2979628		
22.6781047	88.3807255		
22.7149002	88.3495039		
22.7334893	88.3675184		
22.7360672	88.3420728		
22.6792083	88.3740813		
22.7434749	88.3758893	Britannia Engineering	
22.6775198	88.3654779		
22.7527615	88.3493615	Hooghly Jute Mill	
22.7288032	88.3369848		
22.7287193	88.3462224		
22.7468942	88.3802946	Titagarh Steel	
22.6727008	88.3894087		
22.6400308	88.3037467		
22.6261125	88.3323350		
22.6074962	88.3194901		
22.8473680	88.2171929		
11.4481361	79.5486497		
12.9911781	77.7566944		
12.9647517	77.6854775	Aircraft Research and Design Centre HAL	
12.9610747	77.6859186		
12.9628696	77.6826515	Aeronautical Development Agency	
29.7979109	77.9447105		
20.2487024	86.5995376	IOCL Paradip Refinery Tankfarm	refinery
20.2640419	86.6228933	Paradeep Phosphates Limited Township	
29.1248787	77.7038164	Daurala Sugar Works	
25.3994831	86.0251682		
27.5021938	79.7896675		
22.6131966	75.6829192		
13.2471095	77.4909214	All India Radio	communication
12.9773212	77.5576369		
12.9751422	77.5547992		
12.9832752	77.5572900		
12.9831536	77.5581504	Ram Kumar Mills	
12.9786667	77.5558963		
28.3670503	77.3036103	Royal Tools	
28.4353881	77.3060605	Otsuka Venus Automotive India Pvt. Ltd.	
28.2284891	77.3091316	Venus Ind. Co. Ltd.	
32.6760257	74.8740801		
31.1360054	76.1053738		
31.2524414	76.9290692	Ambuja Cements Limited	
31.1331956	76.1110456		
31.3226151	76.2938857		
26.8278740	92.6795174	Loco Shed	
31.7034899	76.9255088	Narayan Art Printers	
31.7010765	76.9389253	Water Treatment Plant	
28.2089941	77.0617955	Bright Autoplast Ltd.	
28.3655916	76.8803738		
28.3656018	76.8796016		
12.3585421	76.6344334	Cubic Systems	
29.5341566	75.0767693		
29.5301932	75.0545558		
20.7876475	73.0657161	Vasudhara Dairy 	
17.5231907	73.5467700		
18.8608030	76.5414749		
27.1133552	84.4601690		
20.3845592	78.0750440		
19.9663641	79.3341597		
12.7370555	80.0104568	Wipro CDC7	
10.7847747	75.9190893		port
9.9895778	76.2229258	BPCL pumping and storage plant	petroleum_terminal
9.9951966	76.2748285		
8.5929028	76.8592009	Pallippuram Power Grid	
29.1379641	77.0127220		
20.9083657	71.4614828		
20.7644328	70.6615904		
20.8682512	70.5701442	Gujarat Sidhee Cement	
20.8691964	71.3999994		
20.9302060	71.4490909		
10.8067672	76.6302139	Food Corporation of India	
10.0364639	77.4851118		
10.0068554	77.4931876		
19.9006229	74.4987649	Sanjivani Sugar Factory	
11.1667212	75.8074807	Beypore Port	port
28.0361547	73.3051988	Railway Workshop	
28.0419264	73.3205000		
28.0554697	73.3103110		
31.3512850	76.7582204		
26.6143005	92.9373328		
12.8774407	75.0172650	KSRTC Bus Depot	
12.8106750	77.6642842	Taegutec	
12.8215295	77.6841495	SKF	
12.8204992	77.6851338	Shetron	
12.8290104	77.6783662	Hebbagodi Metro Depot	depot
28.5097481	77.4211588	Sector 140A	
28.5187081	77.4046834	Sector 85	
28.5287624	77.4245504	Sector 88	
28.5135914	77.4122605	Sector 90	
28.4464453	77.5355022	Honda	factory
28.4493270	77.5414841		
28.4541214	77.5367811		
28.4513476	77.5299278		
28.4561637	77.5268003		
28.3071648	77.2981814		
12.5284022	78.2087693	TANSI	
28.6857512	77.0990254		
28.6809360	77.1470055		
28.6938707	77.1560145	Wazirpur Depot	depot
28.6858702	77.0891596		
30.5693087	77.2914451	BIROJA FACTORY	
13.4248282	74.9558867		
28.7964571	77.0717398	Pragati-III Combined Cycle Power Plant	
28.4350808	77.3072521	Sector 27A	
28.3918024	77.3134717		
28.3896791	77.3147572	Escorts Tractor Plant	
28.3613249	77.3190530	Sector 6	
28.3510557	77.3201718	Sector 4	
28.3088154	77.3078101	Sector 59	
28.3456758	77.3143338		
28.3377006	77.3143625		
28.3351152	77.3079925	Sector 25	
28.3590650	77.3049549	Sector 24	machine_shop
28.3727584	77.3117597	Yamaha Motor India	
28.3749270	77.2937587		
28.3753819	77.3024362		
28.5044447	77.3079125	Badarpur Thermal Power Station	
25.8965751	71.3285733	Barmer Power Plant	
12.9606705	77.5815251		
12.9540798	77.5986080	BMTC Central Workshop	
12.9543033	77.5940534	BMTC Substation	
12.9527563	77.5940825	Southern Roadways Private Limited	
12.9412583	77.5919703	KPTCL	
12.9616376	78.2547530	BGML Nandidurga's Shaft	
13.1810838	77.7293944	Bengaluru Aerospace Park	
13.0018163	77.6279091	BWSSB	
13.3475775	74.6994488	Malpe Port	port
26.0458044	71.2553071	Giral Lignite Power Plant	
13.1691217	76.4316910	Akshayakalpa Farms & Food	
12.9723791	78.2438929	BEML	
12.9919453	78.2212772		
12.9901549	78.2429277		
12.5870002	78.4689824		
16.4277253	74.1419408		
22.0699926	84.9142359		
26.6438071	79.4907785		
26.6311370	79.5278234	Auraiya Thermal Power Station	
11.5876313	79.4674926		
26.1896705	81.7079172		
28.6219244	77.2875443	Mother Dairy	
24.6360519	77.0423516	Chhabra Thermal Power Station	
24.7787075	76.7352332	Kawai Thermal Power Station	
12.9884079	79.8962251		
13.0166228	79.9232525	TVS Delphi	
13.0945382	79.8949775		
13.1248443	79.7714021		
13.0964665	79.9042067		
12.9904003	79.9030437		
12.9854817	79.8994545		
24.9642660	74.1203627		
24.6578945	73.8772612		
11.4675028	78.2002771		
24.3498795	73.7469768	Zawar Mines Captive Power Plant	
24.8065411	71.5972483	Transtech Green Power Plant Sanchore	
24.8837647	75.6103363	Heavy Water Plant	
11.2697363	75.9721571	Kerala Water Authrity plant	
11.0859853	77.3418863		
11.0701981	77.3194822		
11.0628316	77.3292435		
11.0734754	77.3182639		
11.0575734	77.3112697		
11.0533940	77.3194563		
11.0677861	77.3365586		
11.0730411	77.3264921		
11.0759847	77.3357663		
11.0889654	77.3400036		
11.0760415	77.3439601		
11.0822272	77.3346049		
21.8168810	84.0392763	Jharsuguda Sterlite power station	
21.9005839	83.9843367		
21.8404249	83.9801374		
21.1958980	72.8494981		
10.7243082	78.9301115		
23.3793951	85.8720922		
25.0345564	88.1584481		
25.0546089	88.1516185		
25.0652609	88.1454302		
12.9720407	80.0897132	Thirumudivakkam SIDCO Industrial Estate	
23.1635005	88.5726529		
22.3791194	88.4338958	M/s BESCO Limited (Wagon Division)	factory
25.8777907	87.1881748		
21.3315876	76.2013515		
21.8280732	76.3262024		
23.3700809	85.4291863	Usha Martin factory	
14.4688317	75.9346642		
14.4817337	75.9271082		
14.4731787	75.9274750		
10.6248914	78.5720006		
10.6526918	78.5911889		
17.4741174	78.4357686	IDPL	
13.0652939	80.1501683		
12.7669305	80.0285085		
13.1019385	80.1517635	Ultramarine & Pigments Limited	factory
12.7673216	80.0097118		
13.1389447	80.2387737		
13.1400734	80.2430100		
13.1446795	80.2346715		
12.7670937	80.0241858		
19.1281458	72.8927412	Larsen & Toubro	
20.8040132	85.2612681	Tata Steel Meramandali	metal_processing
20.8268429	85.2699975		
20.8210370	85.2827350		
20.8076658	85.2911873		
30.3706188	76.7726738		
30.3280710	76.8396930	Indian Oil	
30.2893685	76.9725212		
17.9840400	79.5134511	FCI Godowns	
30.3921990	76.8006963		
30.3999622	76.7927498		
30.3982325	76.8105202		
17.5340568	78.2746883		
17.4913584	78.2887962		
18.7023378	78.0908204		
17.5358548	78.2498411		
30.1946238	74.9420918		
30.1862959	74.9434151		
30.1726994	74.9607905	Industrial Growth Centre	
18.6987254	81.2410383		
30.3348132	76.8818883		
13.6759361	79.5049695	Amara Raja Battery Industrial	
24.5163095	86.6405268		
17.4588733	78.4301522		
13.1735576	80.2172420		
12.6671547	79.2968187		
11.1819029	79.0927368		
11.1449731	79.0969249		
11.5942948	79.7566362		
11.5903299	79.7521344		
11.6399522	79.7616937		
11.6950745	79.7585655		
11.6887070	79.7572787		
11.0598024	79.0602431	Chettinad Cement Corporation Private Limited	
10.9680364	78.9480942	Dalmia Cement	
23.2420392	77.4604508	Bharat Heavy Electrical Limited	
24.5239470	81.2596043		
22.0078918	85.4284526		
20.4898155	85.9331535		
20.5296327	85.9471698		
18.2735413	83.7926403	NACL Industries Technical Plant	
20.5166718	85.8310147	Purvi Bharat Coal Products Private Limited	
20.5269819	85.9245533	Orissa Textile Mills	
13.0577108	80.1316179		
13.0588367	80.1513004		
13.0575244	80.1382840		
12.9387172	80.0019839	JK Tyre & Industries Limited	
13.0461158	80.0233906		
13.0387234	80.0215728		
13.0475087	80.0146855		
13.0375832	80.0149565		
13.0470900	80.0102500		
13.0353714	80.0245302		
12.9922533	77.7361863	Sadaramangala Industrial Area	
12.9913355	77.7358264	San Engineering And Locomotives Company	
32.6431624	74.8421949		
33.8008274	74.9351827		
19.0487347	72.9230721	MTNL Telephone Exchange Mankhurd	
26.7461302	83.2357035		
26.7497924	83.2428640		
28.6754982	77.3743877	Rajendra Nagar Industrial Area	
12.9589666	80.1383427		
12.9645251	80.1326147		
13.9112856	75.5610739	Amrutha Rice Industries	
13.9090279	75.5530284		
12.5187715	78.2250599		depot
22.3848850	87.2869065	Tata Metaliks	
12.9794246	77.7237329		
12.9780577	77.7239967	GE BE Pvt Ltd	
12.9928399	77.6587637	KPTCL	
29.1047222	75.8569571		
29.1151857	75.8146703		
29.1286472	75.7966641		
29.1261817	75.7771282		
29.1287538	75.7641277		
29.1272868	75.7798609		
29.1222610	75.7720708		
29.1316719	75.7552055		
29.1320116	75.7493570		
29.1247195	75.7696893		
17.4325597	78.5399325	VIjaya Dairy	
29.1673924	75.7565684		
29.1340564	75.7722984		
34.1485911	77.4644900	LPG Bootling Plant	
29.3490858	75.8627398	Rajiv Gandhi Thermal Power Project	
29.1569039	73.8706882		
29.3214613	76.2947959		
25.3725578	85.5432178	Harnaut Coach Repair Workshop	
18.0084145	74.3408238	Tata Cummins Ltd	
30.2658692	75.2254377	STELCO Limited	
30.2350364	74.9259011	Guru Nanak Dev Thermal Power Plant	power
30.2338406	74.9109666	Ambuja Fly Ash Cement Plant	
30.2045392	74.9447766	PRTC Workshop	depot
9.9251644	78.1114811	Madura Coats	factory
12.8384321	75.6699909	Kempuhole Power Plant	
10.5941472	76.2061777		
12.7343599	80.0158393	Brakes India	
12.7192875	80.0146800	Mahindra Research Valley	
12.7331626	80.0142285	Sundaram Fasteners	
12.4247012	79.8704230	Brakes India	
21.5225880	70.4558373	Bus Depot Junagadh	depot
30.2551889	75.9686832	Indian Acrylics Limited	
10.7668066	76.6545626	Food Corporation of India	
12.8775130	77.5439695	Khodays Rum	
12.8094124	77.6978671	Dove Tail Industries	
13.6356166	74.6845023	Prabhakar Tile Works	
13.6288407	74.6783047	Mangalore Tiles Pvt Ltd	
28.4511644	77.3113269	Sector 32	
28.4689049	77.3041174	Sector 27C	
28.4650015	77.3093904	Sector 35	
28.4813559	77.3028035	Sector 27D	
28.4734011	77.2984969		
19.0402340	72.8860318	Rashtriya Chemicals & Fertilizers	
28.3656299	76.8815174		
28.8223449	77.1260113	All India Radio SW	communication
22.5255781	88.3397883	Alipore Central Jail	
22.5226451	88.3399081		
22.5930991	88.3916624		
22.5914155	88.3944739		
28.4355872	77.0148197	Hero MotoCorp	factory
28.4324639	77.0171732		
22.5968666	88.3961461		
22.5979803	88.4003396		
22.5965553	88.3979594		
22.6051804	88.4155211		
17.5853730	73.1770169		
22.6005650	88.3974522		
22.6003477	88.3967939		
22.6019859	88.3959356		
22.6013666	88.3971613		
22.6034227	88.3967732		
22.6092575	88.4041454		
22.6051392	88.4039091		
22.6113196	88.4077658		
22.6110170	88.4061621		
22.6115211	88.4087906		
22.6099345	88.4016929		
22.6091015	88.3976556		
18.7360250	73.8375799	MB	
18.7478335	73.8192568	Volkswagen India Private Limited	
22.6094891	88.3950088		
22.6110385	88.3946446		
22.5989105	88.3988116		
22.6021976	88.4035001		
22.6035374	88.4019352		
22.5143323	88.3401846		
18.7236489	73.8033625	Mahindra Vehicle Manufacturers Limited (MVML)	
22.5814920	88.3953765		
22.5804325	88.3992105		
22.5808622	88.4004028		
22.5790318	88.3932125		
22.5794516	88.3944013		
22.5787495	88.3977181		
22.5771079	88.4003063		
22.5791305	88.3999610		
22.5731153	88.3927639		
15.7560692	74.3081512	Nalawade Sugar Factory	
22.5777948	88.3976657		
22.5771646	88.3971493		
22.5767551	88.3960590		
22.5774248	88.3983188		
11.0067246	77.0446391	Jayem Automotives Ltd	
11.0043752	77.0430597	Saroja Mills	
11.0125551	76.9880815	Lakshmi Mills	
22.5771125	88.3957600		
22.5764946	88.3953068		
22.5777019	88.3952550		
22.5749095	88.3959409		
22.5751410	88.3948454		
22.5747163	88.3934574		
22.5771595	88.3976752		
22.5765290	88.3974569		
22.5765730	88.3981177		
22.5760129	88.3971883		
22.5758318	88.3979621		
22.5763472	88.3992162		
22.5760822	88.3986235		
22.5744805	88.4002449		
22.5715546	88.3959129		
22.5722654	88.3989223		
22.5718653	88.3979181		
11.0004298	77.0032280	Sujani Textiles	
11.0019076	77.0045819	KG Kannapiran Mills	
11.0015440	76.9957820	Pangaja Mills	
12.8409653	79.9538926	Daimler India Commercial Vehicles	
12.8358530	79.9422981	Renault Nissan	
22.7485306	75.8914851		
22.5777545	88.4200040		
22.7726825	75.8533052		
22.7749326	75.8439321		
22.7608229	75.8533053		
22.7556550	75.8526407		
22.7327156	75.8636536		
22.5911073	88.4203693		
22.5924810	88.4132574	M-I 33/11 KV Sub-Station	
22.7145938	75.8659321	Champabagh	
22.7455316	75.8895990		
22.7391159	75.8693598		
22.7370516	75.8737785	Malwa Mill	
22.7314277	75.8709822		
22.7350220	75.8729652		
22.7359890	75.8714456		
22.7570216	75.8465853		
22.7392227	75.8543528	pologround Industrial Area	
22.7838342	75.8989282		
22.5870025	88.4124451		
22.1029584	76.5362669	Shree Singaji Thermal Power Project	
22.5693380	88.4055503		
18.2641588	74.1725012		
22.5616623	88.4117036		
13.3110157	76.9214252	Shwetha Bricks Work	
22.5611443	88.4152934		
25.1805579	76.3188247	Anta Thermal Power Station	
22.5805701	88.4363259		
22.5808463	88.4312028		
22.5792723	88.4355108		
22.5809738	88.4352077		
27.2357736	77.5030529	Cimmco Wagon Factory	
26.7234872	77.8838372		
26.7339256	77.8944222		
22.5786565	88.4325116		
22.5790119	88.4314700		
22.5777376	88.4345181		
22.5784744	88.4329341		
22.5779109	88.4334647		
22.5788213	88.4375903		
22.5777804	88.4402002		
9.3808183	78.1037170		
9.4005889	78.0847407		
10.9369348	78.0427449		
10.9566596	78.1098980		
29.0615351	79.5238810	Century Pulp And Paper Mill	factory
27.1592128	81.9640301		
22.0955838	85.3477968		
22.0967663	85.3523396		
22.0927390	85.3528562		
22.1006862	85.3736186		
13.3089448	76.9233326	Shwetha Bricks Works	
13.3120235	76.9207764	Sunil Agro Exports	
22.5770568	88.4298241		
22.5756413	88.4353739		
22.5754345	88.4386750		
22.5744360	88.4268919		
19.1349752	72.8338514	Yash Raj Studios	
22.5726805	88.4265719		
22.5700263	88.4346666		
22.5710562	88.4329323		
12.3201606	76.6406819	Vani Vilasa Water Works	
28.3684887	73.5286899		
22.1102271	78.1779020	Satpura Thermal Power Station	
12.7770143	79.8666209		
10.7570815	78.8120474	SIPCOT Industrial Estate	
28.2090107	77.0590536	Hyline Auto Pvt. Ltd.	
20.5716982	86.0184813		
21.9845400	83.2347654		
22.5792263	88.4411308		
28.7467641	77.7296575		
24.8596521	81.3137040	Bansagar-I	
24.4848692	81.2961667	Bansagar-II	
24.0063057	82.4079897	Mahan Thermal Power Plant	
20.9217468	77.3193208		
23.3084352	81.0648047	Sanjay Gandhi Thermal Power Station	
14.9316148	78.3412813	Dalmia Cements	
14.5739835	77.6528069		
24.1260544	82.6491752		
24.1250466	82.6418377		
19.7212795	79.1765142	Manikgarh Cement	
19.7849506	79.1466001		
19.7877100	79.0650265		
23.0670378	81.7890919	Anuppur Thermal Power Project	
19.6805511	78.5165118		
19.7560196	79.2825742		
19.7056773	79.2208543		
19.6840732	78.4955078		
18.6602369	77.9046507		
17.3878600	76.8635876		
24.1050321	82.6740608	Vindhyachal	
19.2622718	76.8077359		
19.1577085	77.3022354		
27.0315104	74.7229624		
27.0304085	74.6983408		
24.1053291	82.7065171	Singrauli Super Thermal Power Station	
24.1384112	82.6568207	Field WorkShop	
23.2577401	72.4754523		
23.2373632	72.5107757		
23.0117608	72.3400929		
23.2917676	72.3568343		
23.2680731	72.4619952		
23.2857263	72.3983501		
23.0428233	72.2576472		
23.2567016	72.3449890		
23.3078940	72.4363995		
24.1816572	82.7910858	Renusagar Coal Power Plant	
22.9918558	71.4833346		
24.0280727	82.7935912	Rihand Thermal Power Station	
25.5346189	78.5078460		
27.2232150	78.2023262		
28.2801365	79.8083363		
28.2454266	79.9963529		
28.8111677	78.2257060		
28.8314656	78.2485234		
28.8332031	78.2300770		
28.8207815	78.2287607		
27.2187818	78.0445469		
34.1793330	77.4176478	Cement Factory	
25.4989702	78.7109887		
26.1177500	79.7579071		
25.5136804	78.7578375	Parichha Thermal Power Station	
24.2238599	82.4547023	Mahan Aluminium Bargawan Coal Power Plant	
24.2328569	82.4368228		
22.5154376	88.3211893	India Government Mint	
17.9771746	73.8881362		
22.3822124	69.7189431	Essar Refinery	refinery
22.3297269	69.7443620	Vadinar Refinery	oil
22.4413390	69.6762947		
22.4139523	69.7276060		
17.2986893	73.2104930	JSW Jaigarh Port Stack Yard	
22.8230302	72.5880184		
22.8356269	72.6077897		
22.7939524	72.6046725		
18.6277649	81.2659587	ArcelorMittal Nippon Steel India Kirandul	
18.6270362	81.2539211		
18.6400812	81.2594988		
19.6012760	73.5017741		
19.6238350	73.4776890		
17.2819016	73.2192101		
19.5254919	73.8419635		
17.0745582	74.2719832		
17.0485265	74.2343900	Bombay Rayon Fashions Ltd	
17.0710426	74.2910101		
19.5984496	73.8129631		
19.7432224	73.7627433		
19.8100571	73.8195860		
19.8108291	73.8200380		
19.8103774	73.8206765		
19.5093787	73.7581363		
19.5376172	73.6682804		
19.5336645	73.6509439		
11.6482617	79.7412750		
18.1191756	79.6475234		
19.5445938	73.3583115		
10.3477519	76.3178745		
19.7262991	73.6552756		
19.7133412	73.6331044		
21.1393803	79.1859080		
21.1944978	79.3744210		
21.0867019	79.7661740		
21.0816290	79.7834230		
21.3159682	79.3221846	Suryalakshmi Cotton Mill	
21.3236330	79.8053205		
21.3435514	79.7746896		
24.8557706	92.5957239	Hindustan Paper Corporation Limited	
19.1978465	73.8674300		
22.5810544	75.6189516	National Automotive Test Tracks	
22.6736707	75.4817018		
19.2165142	73.8611102		
19.2145810	73.8681678		
19.2240381	73.8323869		
19.2276627	73.8363164		
19.2278222	73.8386090		
21.7417761	70.6351915		
21.7537929	70.5994917		
21.7314036	70.6022084		
21.7587950	70.6099299		
21.7525582	70.6047521		
26.3623952	78.2872325		
28.5153696	77.5060237		
28.5161225	77.5177007	Surajpur Industrial Area	
28.5217246	77.4654532		
28.6185427	77.4741798		
28.5682550	77.5411132		
28.6105362	77.4972006		
28.6320515	77.4646035		
22.8137196	74.5504227		
22.9136437	74.5567417		
20.0108234	74.0910176		
20.0137618	74.0664649		
26.0208267	93.7671991		
17.5669246	78.4653760		
17.5862520	78.4741786		
17.5794276	78.4950692		
19.4856969	73.6017554		
19.8298015	73.4618349		
19.8854338	73.5394990		
19.5656186	73.1930243		
19.5611806	73.2014544		
19.5614511	73.1987300		
19.5613626	73.1996681		
13.0152372	77.5353631	BWSSB Service Station	
19.7733397	73.6143257		
19.8394056	73.6260684		
31.9310959	75.9223521		
18.4980661	73.8069329	Cummins India Ltd.	
20.3183508	86.6482227	Essar Steel Odisha Limited	
20.3086146	86.6623048	IFFCO Plant	
20.3063510	86.6170876		
21.0368510	78.9353006	Mihan Sez Power Plant	
15.8210991	74.4859697		
17.6115497	74.0635680		
21.1799234	79.3966299	Mauda Super Thermal Power Station	
20.9281374	78.9336336	Butibori Thermal Power Station	
19.1892677	72.9750466	Gaondevi Bus Depot	depot
21.1882014	81.4243243	Bhilai 500 MW Expansion Power Project	
20.2727797	78.9814126	Wardha Warora Power Plant	
21.2438204	81.4883606	Raipur Substation	
15.1821306	74.0230773		
15.4357304	74.0611387		
16.9686569	74.1351776		
15.6195959	73.9684933	Nestle India Limited	
16.4937793	80.7835063		
15.7311043	73.6835103		
18.5233099	73.8149715	Automotive Research Association of India (ARAI)	
18.3954973	76.4839706		
10.8966983	78.8348160		
11.2108435	78.8189963		
10.9456972	78.7324713		
10.7842474	78.8825447		
12.1654997	79.9469821		
12.1141361	79.9152931		
12.8555875	79.9321809	Oragadam Industrial Park	
12.8673122	79.9659156	SIPCOT Industrial Growth Centre	
9.9128215	78.2271330		
9.8674891	78.6257282		
18.1835315	74.9155732		
22.1845870	78.4532320	Nandan II	mine
13.0449658	77.5255478		
18.6689180	73.9216774		
18.6635355	74.0879090		
22.0703404	82.6053249	Marwa Thermal Power Plant	
22.2424497	82.7219486	Lanco Amarkantak	
26.9653397	81.1885846		
26.4900877	81.5577768		
26.9540238	81.1899294		
28.2929034	76.8555165		
28.2288250	76.8061127		
28.2146529	76.7829779		
28.2336609	76.8033423		
28.7788088	79.5068506	Kesar Sugar Mill	sugar_manufacturing
28.0072716	76.4611632		
28.3118486	76.8765355		
28.3952845	76.8539248		
28.0148243	76.4704727		
24.0535784	80.6107077		
21.9617037	82.4132796	Akaltara-KMPCL Coal Power Plant	
22.4143141	82.6804012	Hasdeo Thermal Power Station Korba West	
22.3853201	82.7195174	Korba East Thermal Power Station	
22.3705760	82.7202147	Dr. Shyama Prasad Mukherjee Thermal Power Station	
22.3872846	82.6839160	Korba Super Thermal Power Plant	
22.3945578	82.5561117	Chakabura Power Station	
21.7408088	83.2742158	Adani Korba West power station	
21.9082666	83.1912217	Baradarha Power Station	
22.4871421	82.6266652		
22.4900708	82.6059366	Salora Power Station	
19.7834661	73.0179845		
19.6940591	72.9921767		
19.7003599	72.9827087		
19.6744414	73.0236472		
19.6900186	72.9968276		
19.6780708	73.0179717		
10.8822247	76.9066153		
10.7959936	76.7691875		
10.7927520	76.7394336		
10.8663876	76.8841595		
23.4524337	88.4065399		
25.6514489	82.2285262	Abhavani Steels Power plant	
27.8187503	79.9370254	Rosa Thermal Power Plant	
19.3309187	73.1659339		
19.3038441	73.1121975		
19.2162382	72.9760821		
19.2182186	72.9872314	Colour Chem	
19.2267176	73.0681130		
19.2471891	73.2489994		
19.2721486	73.1776891		
19.2686202	73.1762659		
19.2729264	73.1858213		
19.2620910	73.1947945		
19.2462175	73.1629742	Century Rayon	
19.2860460	73.0952597		
19.2909253	73.1068770		
19.2612885	73.1609778		
19.4388995	73.3012063		
19.2601448	73.0989584		
19.3397729	73.1390239		
19.2621396	73.3844515	MIDC	
19.4417920	73.3007379		
19.2767684	73.3913017		
19.3377024	73.1028913		
19.3414586	73.1140712		
19.2882307	73.1109252		
19.4502535	73.3496744		
21.1102412	78.9938696	MIDC	
21.1304911	78.9720806		
13.2669257	77.5589743		
11.4726864	77.5728624		
19.1414663	72.7949554		
19.1423735	72.7975357		
20.5955074	74.2030348		
28.7583168	77.5158685		
28.6360672	77.7768856		
28.5173529	77.2850181		
28.5793518	77.2303329	Kushak Nallah Bus Depot	depot
28.8228243	77.5650472		
28.7746815	77.1206587		
28.7958383	77.1480303		
28.8469353	77.5814519		
28.7759479	77.1456212		
23.6426893	85.2929453	Patratu Thermal Power Station	
23.8209777	86.7464048	Maithon Power Plant	
25.4877023	85.7542106	Barh Super Thermal Power Station	
25.2390895	87.2663069	Kahalgaon Thermal Power Station	
23.8554005	86.9156377	Chittranjan Locomotive Works	
23.8590401	86.9088979	Chittaranjan Locomotive Works	
23.7851322	87.0472183	Crescent Power Limited	
23.5774768	87.2102967	Durgapur Steel Thermal Power Station	
8.8214563	77.7507794		
8.8378396	77.7724574		
8.8303897	77.7563542	Elcot IT Park Gangaikondan	
26.7896379	81.6891902		
11.7710694	79.6673739	EID Parry & Company	
11.5898488	79.6182055		
11.7258863	79.5539835		
28.4179206	80.5700897		
26.5101025	80.4210195		
26.5274205	80.4499359		
26.4860726	80.4631725		
28.5507896	79.2158987		
28.6893744	76.9838305		
28.7096077	76.8880318		
28.6987843	76.9207197		
28.6970213	76.9378825		
28.8018358	77.1298422		
19.0314279	72.8758748	L & T	manufacturing
18.5921978	73.7256660		
18.5203609	73.6748441		
18.5098799	73.6984449		
18.5026854	73.6739216		
15.2167800	76.7804182	ACC	
16.5015147	81.8956872	ONGC Tatipaka Refinery	refinery
28.6434112	77.1815835		
18.9332491	72.8379294	Government Mint	
18.9444697	72.8431782	Mumbai Port Trust	port
28.6779445	77.3811609		
28.6779302	77.3803256		
28.6779760	77.3796224		
20.7897249	86.0367464	Batch Plant	
20.7923460	86.0446706	Stone Factory	
20.8063128	86.0259102	Batch Plant	
18.9110357	72.8252993	Sassoon Docks	
18.9216762	72.8300354	Colaba BEST Bus Depot	depot
18.9560001	72.8404110		
18.9515141	72.8397460		
18.9524935	72.8403886		
18.9539935	72.8402885		
19.1812892	73.0218974	MAK Company	
18.5275672	73.7811770	Bharat Electronics Limited	
23.3634358	70.0532502	Khisara	
20.5896007	74.5800044		
27.8580247	72.8581066	VS Lignite Power Plant	
22.6303329	87.2964183		
19.1332828	72.8328027	Chitrakoot	
19.6197496	74.6217867		
19.0691109	73.1241709	Hindalco Industries Ltd. Taloja Works	
19.0629843	73.1192552	Rexam HTW Beverage Can (India) Ttd	
19.0585379	73.1042785	Aditya Birla Science and Technology Company	
19.0917619	73.1308152	Technova Imaging Systems	
26.7782730	80.8920254	Transport Nagar	
20.9523786	86.0599395	K.J. ISPAT LTD	factory
20.9501356	86.0647942		
20.9448038	86.0581277	VISA STEEL LTD	factory
26.8231540	80.9109822		
26.8275909	80.9274446		
26.8263784	80.9167845		
13.0524332	80.2426482		
13.0517198	80.2443832		
18.5064275	73.8050242	Vanaz	
24.3859329	85.5625835	Koderma Thermal Power Station	
20.4992239	73.6059580		
32.7576313	74.8520166	Janipur Power House	
31.0417401	76.5646905	Guru Gobind Singh Super Thermal Power Plant	
26.8606517	80.9694464		
26.8720918	81.0034881		
26.8672759	81.0092279		
26.8630422	81.0113612		
26.8646028	81.0007644		
26.8691384	80.9918677		
13.0194302	80.2634472		
13.0451250	80.2658584	TNEB	
26.9176179	80.9485200		
22.7139121	88.2753846		
22.3792957	87.2891956		
26.8744696	80.9214363	Mohan Meakin Limited	
26.8602949	80.9609121		
26.8589275	80.9653334		
26.8365865	80.8896929		
26.8412933	80.8866709		
26.8506027	80.8818526		
26.8477680	80.9004314		
26.8409884	80.9093970		
26.8447297	80.9056412		
26.8430664	80.8961017		
26.8390690	80.9023042		
19.1554630	72.9387866		
13.0177180	80.2205716		
13.0183340	80.2203592		
26.8381970	80.9023744		
26.8410073	80.8957159		
26.8479012	80.8923639		
26.8393035	80.8973057		
26.8409445	80.8920988		
26.8395640	80.8906817		
26.8473519	80.9088833		
26.8347228	80.9049551		
26.8374530	80.8969647		
26.8378676	80.9073867		
26.8374014	80.9060210		
26.8381580	80.8938814		
26.8335822	80.8940886		
26.9177759	81.0653982		
13.0165515	80.2111405		
13.0128054	80.2118868		
13.0221356	80.2086435		
13.0106827	80.2070338		
13.0106550	80.2108182		
13.0049632	80.2120238		
13.0177883	80.2133999		
13.0074819	80.2105223		
26.7769367	80.8633671		
26.7682898	80.8680466		
26.7704480	80.8722925		
26.7774879	80.8678318		
26.7764675	80.8676764		
26.7739551	80.8675238		
26.7647630	80.8716705		
28.6202590	76.9741432	Anaj Mandi	
26.8716302	80.8868873		
19.0143997	73.4231679		
18.5015849	73.8238251		
18.5021617	73.8184973		
18.5043042	73.8278704		
18.5714579	73.8404793	Kirloskar Oil Engines	
12.8656238	77.6508384	Sireesh Auto	
12.9430670	77.6677629	NAL Wind Tunnel Centre	
12.9545466	77.6606127	Central Warehousing Corporation - Export Complex	
12.9562695	77.6626184		
23.4311152	87.4852846	IFB Agro Industries Ltd.	
13.0931093	80.2482853		
13.1015417	80.2582831	Binny Mills	
13.0637436	80.2151896		
13.0631223	80.2152285		
13.0684713	80.2168855		
13.0625359	80.2547876		
26.7687122	80.8359389		
13.0980120	80.2745819		
26.7667455	80.8408169		
26.7301932	80.8477543		
26.7313916	80.8494631		
26.7686100	80.8386948		
26.7363414	80.8518958		
13.1069473	80.2922700		
13.1168198	80.2960815		
13.1080457	80.2952018		
13.1176369	80.2943638		
13.1228489	80.2947795		
13.1123678	80.2900457		
13.1233807	80.2907830		
13.1217776	80.2956200		
13.1197070	80.2914130		
13.1258620	80.2914385		
13.1030380	80.2911332		
13.1033150	80.2902746		
13.1124460	80.2522319		
13.1211614	80.2571289		
15.3518282	75.1069211	RN Shetty Group	
13.0884631	80.2503964		
13.0870713	80.2192500	MTC Depot	
13.1052052	80.1999847		
13.1054166	80.1987683		
13.1157602	80.2643878		
23.4764596	88.4667526		
23.4679475	88.4864532		
23.4516795	88.4448603		
13.1281072	80.2764550		
13.1226148	80.2763996		
13.1172160	80.2752471		
28.6190846	76.9737578		depot
13.1304765	80.2940546		
13.1272962	80.2867395		
13.1329265	80.2958734		
13.1404382	80.2983955		
13.1365695	80.2949452		
13.1078968	80.2873168		
13.1301958	80.2885724		
13.1305314	80.2863048		
13.1292760	80.2855914		
13.1378056	80.2882653		
13.1365830	80.2864928		
13.1563844	80.2884764		
13.1245469	80.2845450		
13.1343410	80.2608460		
18.5623096	73.9204462	CTR	
33.9912428	74.8622344		factory
34.0147405	74.9008840		factory
34.0279090	74.8866051		factory
33.9940141	74.9147471		factory
18.5317474	73.8632565	Sudarshan Chemicals	
12.8869388	77.5994151	British Biologicals	
12.9894977	77.6970341		
13.0272527	77.7320132	Cipla	
26.1135186	91.7744691		
13.1005668	80.1937768	MTC Depot	
13.1327756	80.2544561		
12.9958869	77.6907996	Puttappa Industrial Estate	
12.9960059	77.6918488	Sipani Fibres	
12.9948778	77.6899495	Schunk Carbon Technology India Pvt. Ltd	
10.9533343	77.9735273		
18.7759006	73.2600361	Uttam Galva Steels	
19.0343183	72.8462074		
12.9988482	77.5458309	Rajajinagar BWSSB Water Tank	
9.9328669	76.7122246	Toyo Rubbers	
12.9962049	74.8662310	OMPL	
19.9557102	73.7371373	Siemens Ltd.	
19.8637411	74.0897983	RattanIndia Nashik Thermal Power Project	
18.9986850	72.8126401	Worli Dairy	
19.9831528	73.8923770	Nashik Thermal Power Station	
21.0188476	75.8067219		
21.0465892	75.8511239	Bhusawal Thermal Power Station	
20.7161592	76.7989254	Paras Thermal Power Station	
21.0756761	77.9009980	Amravati Thermal Power Project	
18.7185090	73.6412279		
20.7072467	78.6290376		
18.3055794	73.1357388		
18.4456738	73.1202834		
27.3531417	95.3190913		
26.1956476	91.7059263		
10.2050158	76.4639570	Surya Rock Products	
27.3546120	95.3117394		
27.3901211	95.6193511	Digboi Refinery	refinery
19.3616426	73.1877833		
18.1157769	74.6847226		
27.1864301	95.3718868		
27.1775422	95.3528123	BVFCL	
27.1866074	95.3757367	Namrup Thermal Power Station	
19.0105305	74.7865528		
30.6943855	76.2452732		
19.5332934	73.6494174	Ghatghar Hydro Power Station	
23.2586107	70.0081687	Rapar Khokhara	
27.3862115	72.3043860	Bap - Punj Lloyd	
27.4037329	72.1622751	Rawra Viraj Solar Field	
27.4106888	72.2164731		
27.3958160	72.1539312	Rawra Tracker	
27.4120302	72.2123042		
27.4095982	72.2197733		
19.0670783	72.9291638	Shivaji Nagar BEST Bus Depot	depot
12.8505123	79.9380290	Kubs Locks	
12.8536892	79.9361110		
12.8493278	79.9343066	Royal Enfield Oragadam	
12.8521560	79.9379478	TVT	
30.6948646	76.2355643		
18.3484169	73.8220693		
18.3482580	73.8288062		
19.0986171	72.9143314	Bombay Textile Research Association	
16.2408929	80.5578210	Sangam Dairy	
18.6459582	73.7854181	Mather and Platt Pumps Ltd	
18.6832181	73.6038504		
27.0793716	82.0839749	Kundarkhi Thermal Power Station	
17.8155474	73.8863879		
17.8518143	73.9966445		
22.3080056	69.7120467	Essar Power	
26.1161032	91.7317134	Betkuchi Terminal IOCL	
18.7951988	74.6171738		
16.7094952	81.1002668	Jute Mill	factory
15.4373329	74.9959665	"Gem Wire Products Cooperative, Limited"	
24.5258055	76.0957413	Kalisindh Thermal Power Station	
19.1331192	74.0154220		
20.2611251	74.4369662		
20.2763224	74.1343689		
20.6634151	75.2511056		
20.6604483	75.3685254		
20.6631340	75.3112027		
20.7184971	75.6979080		
20.8990236	71.4652111	GSPC Pipavav Power Company Ltd.	
21.3488670	79.0119496		
22.4844234	88.3043773		
20.5516216	78.8299989		
30.4076309	78.4548900		
31.4098824	76.3445779		
19.6208030	74.6438546		
19.5730181	74.5018046	Padmashri Vitthalrao Vikhe Patil Sugar Factory	sugar_refinery
31.3861301	76.3698234		
20.6589615	78.4927791		
19.8977523	74.3552677		
30.8582455	79.4704069		
30.0697882	78.2480600		
30.5081926	79.0862714		
32.2840587	75.8568016		
32.2113138	76.3710653	Slate Godown	
32.2094838	76.3691302	Slate Godown	
32.2116303	76.3714250	Slate Godown	
18.0568320	74.0359133		
18.0585686	74.0610359		
19.1350599	72.8357778		
30.3634704	79.3101111		
29.7078599	77.0088028		
32.2007280	76.3447929		
29.6709125	76.9995729		
29.6792369	77.0064572		
29.6663211	76.9852241	Sector 3	
29.6900322	76.9869944	Karnal Bus Depot	bus_depot
29.6712524	76.9931069		
29.6715392	76.9908417		
29.6799877	76.9731978		
29.6819432	76.9812606		
29.6536182	76.9708212		
29.6579913	76.9721267		
29.6506666	76.9672238		
29.6539568	76.9731800		
18.2607886	75.7487251		
18.2655638	75.7236257		
18.2688851	75.7195004		
21.4575916	78.2906154		
21.4565008	78.2947435		
20.8279043	76.2006458		
20.3714155	76.0025883		
30.4065794	79.3925297		
19.8717156	75.8930080		
12.9251309	74.8219458	Kudremukh Iron Ore Plant	
12.9303795	74.8224860	Container Yard	container_yard
15.5751789	76.4216966		
15.5659190	76.4231289	GESCOM	
15.5613433	76.4242425		
12.9403813	74.8173488	Truck Terminal 	
20.0088289	73.8167177		
20.0086212	73.8188917		
26.7872980	72.0098531	Dhirubhai Ambani Solar Park	
19.9891953	73.7866097		
19.9943309	73.7853862		depot
20.9250541	84.9896680	Angul Monnet Power Company Limited	
17.5459408	73.1590527	Ratnagiri Gas & Power Private Limited	
21.6905505	83.8650286	IB Thermal Power Plant	
20.3563665	83.2836792	Ordnance Factory Bolangir	
12.6908601	79.9817035	Depot	
11.0519607	76.9904915	Ramakrishna Mills	
19.9652871	73.8362802		
12.7826024	77.4055275	Hino	
18.7462678	82.1359977	Middle Kolab Project	
18.7376065	82.8211157	Hindustan Aeronautics Limited	aerospace
18.7395593	82.8305974	Hindustan Aeronautics Limited Sukhoi Engine Division	
18.7706641	82.9087306	National Aluminium Company Ltd. Alumina Refinery	
26.1458097	83.5377386		factory
26.1523277	83.4664387		factory
26.1528016	83.4647619		factory
26.1448032	83.5339403		factory
26.0795813	83.5491793		factory
26.1631260	83.4572298		factory
26.1311314	83.5287628		factory
26.1062368	83.5529487		factory
26.0837671	83.5466239		factory
26.1670788	83.4820967		factory
26.1591997	83.4488190		factory
26.1154960	83.5220144		factory
26.0677497	83.5768278		factory
26.0673633	83.5824980		factory
26.0674624	83.5622898		factory
26.0468303	83.5653560		brickyard
26.1164678	83.5263830		factory
26.1458209	83.5191125		factory
26.1545706	83.4653162		factory
26.1172723	83.5241396		factory
26.1436812	83.5221320		factory
26.0769531	83.5457460		factory
26.1524979	83.5463448		factory
26.1419599	83.5220082		factory
20.9131110	85.2082180	Talcher Thermal Power Station	
20.9611040	86.0496258	Duburi Steel Power Plant	
21.5299494	83.9064635	Hirakud Captive Power Plant	
25.8978123	83.7581366		factory
25.8899483	83.7629685		factory
25.9172600	83.7612784		factory
25.9334385	83.7704574		factory
25.9206601	83.7602331		factory
25.9312168	83.7663955		factory
25.9151430	83.7411985		factory
12.8387622	77.6635722	Software Technology Parks of India	
12.3630869	76.6014240	Rangsons Limited	
12.9793325	74.8245433	BASF India Ltd	
16.7669208	77.1595542	Rice Mills	
16.7685799	77.1602221	Rice Mills	
12.9441743	77.5836662	Lalbagh Sewage Treatment Plant	
12.9204855	77.6443223	BMTC Depot 25 (HSR Layout)	depot
26.9709076	73.3924357	"Solar Park, Kheenvsar/Nagaur"	
13.0433550	77.5939949	BMTC Depot 28 (Hebbal)	depot
10.0111608	76.5276128	Kinfra Small Industries Park	
13.0422765	77.6041178	Hebbal 60MLD Sewage Treatment Plant	
10.7275531	78.7879768	OFT	
30.7216972	78.3610617		
30.7182741	78.3548209		
30.4143063	79.0886330		
30.4022301	79.0861887		
30.4442819	79.0750897		
30.4441031	79.0862154		
30.4339551	79.0886631		
30.4209728	79.0814982		
30.3896189	79.0692188		
30.4323251	79.0882911		
30.4324919	79.0918405		
30.4225976	79.0933967		
30.4122420	79.0906970		
30.4221268	79.0906447		
30.4038461	79.0448517		
30.4352276	79.0915108		
30.4166823	79.0894919		
30.4077785	79.0873393		
30.4049010	79.0787718		
30.4289687	79.0970885		
30.3886510	79.0734894		
30.3913174	79.0677247		
30.4249613	79.0969132		
30.4371677	79.0909634		
30.4166693	79.0815253		
30.4243917	79.0874388		
30.3931433	79.0796957		
30.4307076	79.0961027		
30.4309299	79.0845346		
30.4402108	79.0937066		
30.4269069	79.0979804		
30.4418694	79.0939379		
30.3889567	79.0782349		
30.4232391	79.0854072		
30.3030166	79.0082645		
30.3022222	78.9928192		
30.3037463	78.9946532		
18.0110435	79.6465151		
15.7853957	80.3090143		
17.4798143	78.9121767	Glass Comapany	
26.4418920	86.2783664	Brick Factory	
26.5044256	86.2854169	Brick Kiln	
26.4982459	86.2874659	Brick Kiln	
12.0408854	75.3557318	Civil Supplies Godown	
26.5948585	86.1305213		
27.9763881	77.4917951		
27.9659107	77.4782298	Brick Kiln	
28.2204369	77.4378058		
30.2572913	78.0269987		
30.4476970	77.6655727		
17.9714125	79.7077490		
17.9509749	79.6889729		
17.9506448	79.6948065		
17.9598241	79.7992705		
17.9607205	79.7929476		
17.9585760	79.7996648		
8.1521911	77.4916322		
19.1893771	72.9541272		
19.1023665	73.0833077		
19.0449782	73.0309067		
19.0460299	73.0288464		
19.0488897	73.0258105		
19.0718703	73.0320074		
19.0583830	73.0259233		
19.0611095	73.0309845		
19.0677607	73.0248238		
19.0643913	73.0244063		
19.0665361	73.0290972		
19.0935935	73.0239229		
19.0940434	73.0195537		
19.0773190	73.0281701		
19.0734837	73.0205511		
19.0740362	73.0295277		
19.0784997	73.0225759		
19.0973542	73.0175323		
19.1018924	73.0155055		
19.1175269	73.0257912		
19.1107572	73.0266463		
19.1048128	73.0220966		
19.0990388	73.0222370		
19.0872343	73.0226648		
17.3122181	78.4338181	Katedan Industrial Area	
17.3056172	78.4322832	Katedan Industrial Area	
19.1974147	73.2061201		
19.3188022	73.0890208		
19.0135324	72.8205411	Worli BEST Bus Depot	depot
8.1138711	77.5556856		
12.8472519	77.6724231	BMTC Depot 19 (Electronic City)	depot
12.9010802	77.6218060	Peter England Factory	
12.9018925	77.6229785	Shahi Exports	
12.9033466	77.6242532	Punit Creation	
19.0486975	72.8303480	Mumbai Metro Casting Yard	
12.9029087	77.6235088	SCS Modular Furniture	
18.2423794	74.7555364		
13.1310796	74.7898366	Suzlon Energy	
22.6116859	88.4280633		
22.6375071	88.4251554	Jessop & Co Ltd.	
18.6425651	73.8367526		
27.0326311	75.8928854	Ericsson Assembly line factory	
17.1235655	77.3655055	S S Stona	
17.1814323	77.2797297	Agricultural Produce Marketing Committee	
19.7983478	74.4675270		
14.4796871	78.7331261	All India Radio	
19.8152864	73.8315319		
18.3400865	73.8373719		
18.3465912	73.8255609		
18.7483861	78.2834737		
13.0285684	74.7861969	Mukka Sea Foods	
32.2706480	75.6395252		
30.8121198	76.3325806		
26.4437565	90.3633492	Bongaigaon coal power plant	
28.4441765	77.3053520		
12.9790706	77.5719358	BMTC Depot 7 (Subashnagar)	depot
28.3697942	76.8189172		
28.3806475	76.8357624		
28.1206385	76.7900649	Industrial Area Khushkhera	
28.1846245	76.8772427		
28.2051424	76.7477502		
28.0533272	76.8290324		
29.0269474	79.6811271		
18.6362994	73.7940233	Chinchwad Inland Container Depot	
12.9904017	77.7335762	Ferrari Eastern Fans India Private Limited	
13.0712617	80.2425523		
13.0942934	80.2677537		
11.2340292	77.4762739	ABT Foundry	
9.0411753	76.8553422	"Food Corporation of India, Avaneeswaram"	
17.6046541	83.1957982		
17.5938397	83.0952453	Simhadri Super Thermal Power Station	
17.0632113	82.3138602		
17.0388307	82.1390271	Samalkot Power Project	
16.9239974	81.8101541	Rajahmundry Power Plant	
16.7362223	81.8629548	Konaseema Power Plant	
18.7194455	74.1966691		
16.6399027	80.5527311	Lanco Kondapalli Power Plant	
16.5998551	80.5406878	Dr Narla Tata Rao Thermal Power Station	
16.1993970	76.6504901	Hutti Gold Mines	mine
16.5781964	79.3139600	Nagarjunasagar Dam power house	
18.3830826	79.8293215	Kakatiya Thermal Power Station	
20.0126953	79.1966007		
19.9307898	79.1197930		
20.0129779	79.2042230	Dhariwal Power Plant	
20.0062011	79.1841826		
32.2061365	76.3277404	Civil Supplies Store	
18.9675864	74.5133165		
12.9250159	77.5543862	BMTC Depot 13 (Katriguppe)	depot
26.0775153	74.3815077		
18.3525200	74.0132512		
23.0343827	72.6823007	Kathwada GIDC	
23.0217547	72.6793636		
13.0352126	77.0791610	Kunigal Industrial Area	
15.7894067	74.4723767		
28.9481874	77.2346935		
25.3803806	85.9755366		
25.3757407	85.9814396		
12.9918638	77.5216671	BMTC Depot 31 (Summanahalli)	depot
14.4774994	78.8374989	Kadapa Sub station	
14.7037753	78.4555571	Rayalaseema Thermal Power Station	
13.2019057	78.7582569	Palmaneru Sub Station	
18.5784068	73.8248300		
20.2934256	73.8208351		
12.9958978	77.7000411	VST Tillers & Tractors	
22.1291184	82.2909140	Sipat Thermal Power Station	
22.1284377	83.5350716	Dongamahua Power Plant	
21.3202503	83.0380851	Singhal Forestry	
15.2180139	75.1385073	VRL Logistics Varur	
15.2525702	74.6291723	West Coast Paper Mills	
13.3913875	78.0489267	KSRTC Bus Depot	
13.1280513	78.1587659	Tamaka Industrial Area	
13.3276154	75.7887003	Sarathi Coffee Curing Works	
23.4333967	87.2613992	XPRO India Biax Division	
26.2546352	72.9988965	Saras Dairy	
19.0424843	72.9277524	Water pumping station	
19.5941457	73.3940028	prestige	
19.6097435	73.3954151	Lalit Pipe	
20.1226898	72.9206543	Rice Mill	
13.1246986	77.9158168	Volvo Manufacturing Unit	
15.4617825	73.9630443		
18.9716639	72.8484167		
13.0055002	77.9455383	Malur KSRTC Depot	
20.1768971	73.9932397		
16.8832548	74.5903392		
13.1181673	77.8246053	Eshchand Foods Pvt. Ltd.	
12.9224809	77.7432343	BMTC Depot 41 (Gunjuru)	depot
15.6166358	73.8784859		
18.5108594	73.8373457	Ayurveda Rasashala	
13.2005302	77.6818476	Air Cargo Village	warehouse
15.3156819	74.7618827		
16.1775491	75.6808830	Bagalkot Cement	
11.0335004	76.9667195	Roots Industries India Ltd	factory
13.0356694	77.7563384	Safal Market & Mother Diary Processing Center	
13.1414645	77.8257414		
12.9134087	77.4880018	BMTC Depot 37 (Kengeri)	depot
14.7995277	74.1154798		
15.4126143	76.5770257		
15.4141632	76.5766990		
17.4034703	78.5887804	"TGSRTC Zonal Workshop , Uppal"	
8.1823135	77.4346861	SETC Depot	
15.1683905	76.3859245	Bharat Mines & Minerals Ispat Limited	
8.1597779	77.4328932	Aswin Plastiks	
12.9004699	77.3709415	Indian Deep Space Network (IDSN) Center	
15.7721062	76.7530731		
17.4707736	78.5903895	Gold Stone Engineering	
8.1166195	77.5422673		
8.1163851	77.5411945		
8.0818556	77.5500995	SETC Depot	depot
8.0932918	77.5504728	SETC Depot	
8.1187936	77.5485070		
17.1649360	74.2458434		
13.7580720	76.4230576		
13.8998066	76.5659184		
18.6223873	73.7702738	Padumjee Paper Mill	factory
29.9168901	75.2316807	Talwandi Sabo Power Limited	
19.1344459	73.4169266		
19.8755274	73.9631528		
17.4745938	78.8027706		
11.6423350	79.7402361	Bayer TPU Private Ltd.	
11.6401606	79.7415589	Elf Atochem Peroxides India	
19.1022362	72.9189687	Vikhroli BEST Bus Depot	depot
13.1600325	74.8029503	Udupi Power Corporation Limited	
28.9935560	80.0983537		
23.7103925	86.8768296	Neamatpur ECL Workshop	
23.7096628	86.9095346	Linkers India Workshop	
31.0013760	76.4514900	Centrient	
21.2039757	72.8234999	Reliance Factory	
19.0557492	72.8770555	Jogani Industrial	
19.0484644	72.8606414		
19.0559243	72.8686242		
19.2329681	72.8306376	Gorai BEST Bus Depot	depot
19.1879723	72.9955331		
19.1409667	72.8421001		
19.8773517	75.3906438	Industrial Area	
19.8850683	75.3794379	Industrial Area	
19.8751697	75.3826769	Industrial Area	
19.8751920	75.3750029		
19.8879971	75.3665166		
19.8973329	75.3680921		
29.9531912	76.8953410		
29.9733217	76.8888125		
29.9518735	76.8444026		
15.3176859	74.7682229		
29.8570647	77.0383829	Best Foods Int.	
15.6851090	73.7943008		
29.9054184	76.9814282		
29.9940268	77.0520881		
19.6949907	73.5470138		
12.9340963	74.8240985	Mangalore Chemicals and Fertilizers - MCF	
11.7874482	76.0041337		
29.4000438	76.9561799		
29.4037537	76.9536605	Industrial area	
29.4023013	76.9586259	Industrial Area	
29.4023047	76.9512635	Industrial Area	
29.3986521	76.9606919		
26.8941453	80.2173933		
29.4012322	76.9468087	Industrial area	
29.3977244	76.9532471	Industrial Area	
29.4025550	76.9475706		
29.3731014	76.9579751	Panipat Co-op. Sugar Mills Ltd.	
29.3652657	76.9558040		
29.3672111	76.9585113		
29.3658594	76.9533266		
29.3695384	76.9552044		
15.8382372	80.3706998	"ITC Ltd., ILTD Division"	
29.3563050	76.9606217	National Fertilizer Limited	
29.3550717	76.9953891		
29.3561969	76.9820620		
29.3451160	76.9853711		
29.3584078	76.9876357		
29.3391495	76.9847403		
29.3507563	76.9851317		
29.3684805	76.9800435	Sector 25	
29.4096205	76.9700476		
29.3968857	76.8798411	Panipat Thermal Power Station	
29.3965289	76.8900345	Jaypee Cement Grinding Unit	
29.4524818	76.8688877	Panipat Refinery	refinery
29.4399847	76.8770230		
29.4667690	76.8613481		
29.4772809	76.8851528		
29.4733669	76.8854831		
29.4749155	76.8908588	Panipat Refinery	refinery
29.4635733	76.8956161		
29.4706236	76.8781570	Panipat Refinery	refinery
29.4862635	76.8892104		
29.4833039	76.8899146		
29.4949095	76.9305657	Indian Oil Karnal Bottling Plant	
19.8488886	74.0467571		
18.6200133	73.8082751	Hindustan Antibiotics	
18.6163674	73.8125955	Indian Card Clothing	
18.6230485	73.8046576	ThyssenKrupp	
18.6240724	73.8060173	KSB Pumps	
19.0345455	72.9502015	Essel Studios	
19.0392499	72.8765070	Casting Yard	
19.0393163	72.8706064		
19.0573368	72.8716184		
19.0501004	72.8653372		
15.1938759	73.9465004	Carmona Electrical Sub-Station	
26.2568160	81.2554823		
26.2521292	81.2550455		
18.9097900	72.8160847	Backbay BEST Bus Depot	depot
29.2894974	76.8098653		
29.2768721	76.8033354		
18.4177367	77.0970942		
18.4129285	77.0897629		
18.5114448	76.8527413		
29.2182379	76.9969100		
29.2213575	77.0072958		
29.1701346	77.0113630		
18.5583771	74.2672002		
26.1703013	91.6778402	Pandu Port	port
26.1676408	91.6784787		
28.9879308	77.0410131		
28.9891016	77.0389675		
12.9243198	79.3273257	Parryware Factory	factory
28.0509020	73.3149745		
24.4261541	85.7819315		
22.9567000	70.4521311		port
24.4331260	85.7600934		
22.0411087	82.1389124	Sirgitti Industrial Area	
22.0488890	82.1279513		
22.0048774	82.6713615	Prakash Industries Steel Plant	
28.7467127	77.1320460		
28.6952785	77.0310516	DSIIDC MLM Hub	
28.6201931	76.9300966	Kair Depot	depot
14.6057683	78.5220086		
30.7739712	76.5158643		
14.5905762	78.5774319		
30.8007297	76.5027269		
23.6260857	72.9628066		
28.6560941	77.1478844		
28.6552529	77.1495428	Scooters India Ltd	
28.6575865	77.1459261		
20.0986892	72.9161969		
20.0976443	72.9161333		
20.1620598	72.7695052	GIDC	
28.6715747	77.0788232	Jwalapuri PVC Market	
28.6708420	77.1139479		
26.3307609	94.5323512	NST Yard	
28.6529379	77.0889240	Keshavpur Depot	depot
18.7682919	73.2116968	Loha Ispat Limited	
20.1069385	73.0273516	Sudarsan company Kheradi	
28.5275475	77.0541652	L-Band Radar and HF Transmitting Station	communication
26.2810400	73.0214823		
28.6692156	76.9626741		
26.2544967	73.0037720		
26.2495154	73.0081844		
28.6813790	76.9829522		
28.6876606	77.0071638		
18.4954186	73.8678042	Gultekdi Industrial Estate	
11.0238557	77.0090039	Rangavilas Spinning mills	
28.5409700	77.0588499	Delhi Jal Board	water
10.1777847	76.3699496	Kancor Ingredients Limited	
19.6652738	78.5264427	Meeseva centre	
16.9231421	80.3677460	"TSRTC Bus Depot,Madhira"	depot
24.6476020	73.7072543		
12.9410952	75.7902439	KSRTC Bus Depot	
28.6889489	77.1338483		
30.6668800	75.7575346	Macro Dairy	
19.5661190	73.1066794		
19.5662858	73.0927587		
19.5808249	73.0861935		
28.5220420	77.1653199	Bawa Potteries	
28.5638923	77.2756915	Delhi Jal Board	
11.9136152	79.1956187		
11.9185368	79.1968552		
12.9613946	79.4691863	Sipcot	
24.5568952	73.7029666		
28.6525467	77.1204826		
17.5109264	78.3607739	Bus Body Building Unit	
24.5836119	73.7446231		
28.6571673	77.0516554		
16.5846534	81.3860265	sri omkar industrial	
28.5513728	77.2702101	Okhla Ph III	
28.5529175	77.2797222		
17.4200626	78.4858266	DBR mill	
16.9983935	79.9569047		
20.1183767	73.0298808	"Sterling Company Ltd. Pvt.,Kherdi"	
20.1158329	73.0384102	Tima Company Pvt.Ltd.	
17.4095143	78.4661124	"Mint Compound, Government of India"	
15.8089962	78.0228278	B R REDDY FACTORIES	
14.4597391	75.9289831	KSRTC Davanagere Bus Depot no 1	
8.8937205	76.5830328	Slaughter House	
12.8798722	77.6253800	PK Kalyanamantapa	
18.3923532	73.3576606		
17.6930543	74.0055954		depot
17.7660256	74.1152906	Walchandnagar Industries Ltd	
29.0152286	77.0137425		
28.8698471	76.6729999		
28.6928592	76.9552533	"Modern Industrial Estate, Part-A"	
28.6835976	76.9533438	"Modern Industrial Estate, Part-B"	
28.3847530	76.9403020	Minda Industries	
28.3863000	76.9401583	Mindarika	
20.0983216	73.0175759	Krafs Power Componant Limited	
15.7691975	76.7452072		
28.3716505	76.9377978	Uno Minda	automotive_parts
25.6656906	91.9136637		
21.7491489	72.0748760		
15.5259586	74.9298303		
12.3785168	80.0909332		
18.2238792	74.7979792		
19.1191862	72.8625780	Giriraj Industrial Estate	
18.1135607	74.5099580		
12.9602809	79.4622280	Industrial Hub	
20.1074463	73.0229431	RAYON FASHION LTD	
28.6750676	77.3305742		
28.6776449	77.2026050	British Era Textile Industry	
16.3585655	78.0618690	"TGSRTC  Bus Depot , Wanaparthy"	depot
16.4617986	77.4263877	cement pipe industry	
31.5490629	78.0139319		
18.7622018	79.5065145	"TGSRTC Bus Depot , Godavarikhani"	depot
23.1422087	81.4685050	Damini UG mine	mine
13.0398805	74.7836376	Sterling Foods Ltd	
17.6942443	83.2446265	Hindustan Petroleum Corporation Limited	refinery
23.2099562	81.5915605	Sharda Stock Yard	
16.4904834	80.6606130	Andhra OiL Mill	
21.9660940	85.2154632	Kalta Mines Office	
16.5414010	80.6147519	Milk Factory	
16.5336161	80.5887922		
26.0643266	91.5535095		
23.1690578	81.9423328	Jamuna UGRO	
23.1858035	81.9865893	Meera Colliery	
23.1797207	81.9432404	Narayana Colliery	
17.4047903	78.4999294	maruti suzuki service center	
23.1785454	81.9540357	Jamuna 9/10 Colliery	
13.0414744	77.5200622	Sri Krishna Chandra Convention Hall	
20.1562393	73.0126694		
20.1025470	73.0219782		
20.1132024	73.0333643		
20.1114621	73.0339004		
20.1177268	73.0364218		
20.1038707	73.0181049		
17.9289383	77.4811991	Naubad Industrial Area	
15.6457890	76.8992085		
15.6329076	76.9016935		
13.4410071	77.7260318		
20.1171329	73.0014719		
20.1307305	73.0770712		
20.2345631	72.9712586		
20.2333262	73.0551054		
20.2533957	72.9444610		
12.9836120	77.7513491		
28.6297662	77.3321596	Cold Storage	
29.7972654	77.8062973		
12.7017301	76.9785689	NSL Sugar	
27.4815559	95.3488418		
19.6120137	74.1920362		
15.4096776	75.0593513	Karnataka Milk Federation - Dharwad Diary	
15.1817867	76.6694050	Jindal Steel Works	steel_mill
9.9717668	76.2918721	Ernakulam Installation	oil
12.9600233	78.2607950	BEML	
12.9588433	78.2551069	New Thali Shaft	
25.3234693	74.6314585	Modern Woollens	
28.6364928	77.3168548	Inland Container Depot	
28.6374653	77.3157829		
28.6401521	77.3163257		
28.6397075	77.3157997		
28.6404780	77.3160381		
10.9423395	79.3017014	Welding Shop	
13.3242459	76.2481371	KSRTC Depot	
23.3512298	85.3134282	S.F.C godown	
14.4029900	79.9468589		
27.4408189	94.3174571		
9.5085333	76.7712643	Midas Polymer Compounds Private Limited	
30.4939402	76.6087681		
21.1683945	75.5334048		
24.2247912	83.0057332	River Pump House	
20.4969995	74.9472058		
13.0052609	76.1170405	KSRTC Office	depot
13.0707764	76.0985238	"Master Control Facility, ISRO"	
10.1060244	77.1185141	Tata Tea Factory	
10.1039333	77.1189709	Kannan Devan Tea Factory	
18.7925168	73.6067867		
23.2234568	82.1498973	Haldibari mine	mine
23.1967673	82.1617618	JKD Mines	
16.6832801	76.8506664	Industrial Area	
16.6938542	76.8481403	NEKRTC Bus Depot	
23.7285861	73.4059156	bus depot	
28.7110716	77.2297433	Delhi Jal Board	
23.7244471	73.4014125		
28.7033437	77.1975221	MCD Workshop	
28.7120556	77.1992096	All India Radio	communication
30.4590169	76.8578921		
28.6801699	77.1920747		
28.6780745	77.1932624		
28.6352896	77.1298784	Delhi Transport Corporation Mayapuri Depot	depot
28.6568483	77.1556573	Delhi Milk Scheme	
28.6538078	77.1561708	Shadipur DTC Depot	depot
18.5503831	73.8797352	Yerwada Hot Mix Plant	
20.0050034	85.4836862	Richa Petro Products Ltd	
12.9859656	76.1194746	HPCL POL Terminal	
25.5907104	85.0425613	batala factory	
18.4960379	73.9194229	Ramtekdi Industrial Estate	
13.0069519	76.1208237		
19.1996349	72.8243954	Charkop Metro Depot	
31.4558461	75.4407015		
27.8461113	73.1982407	Barsingsar Thermal Power Station	
28.5279400	77.4654247		
28.7823211	77.2690486	B-2	
28.7854837	77.2608444	A-3/4	
28.7879761	77.2552995	A-5/6	
28.7809061	77.2623312	B-3	
28.7880500	77.2627188	A-2	
28.6782510	77.3906638		
28.6401031	77.4407837		
28.7468793	77.3114592	Inland Container Depot	
28.7527529	77.3137264	Inland Container Depot	
28.7180780	77.2874167		
28.7879694	77.2721345	A-1	
28.7873587	77.2419824	A-7	
28.7856820	77.2744326	B-1	
32.2009001	76.3672855	Mohli Water Reservoir	
22.5651923	88.3256229		
15.8446788	78.0647685		
31.6210821	74.9196789		
31.6060646	74.8706778		
13.1531941	76.2216787	Clay Mines	
20.1588440	72.9143419		
14.4463255	78.8690790	"APSRTC ZONAL WORK SHOP , KADAPA"	
14.4860794	78.8298406		
14.4159699	78.9417859		
14.4425952	78.8769010		
9.9003337	78.4245632		
12.9554404	79.3189323	SIPCOT Industrial Complex	
12.9623228	79.3064306	SIPCOT Industrial Complex	
13.1132363	79.1321289		
13.0020538	79.2943895		
22.6526632	86.3464083		
30.1264968	77.2832712	Ballarpur Paper Mill	
30.1284728	77.2767675		
30.1968750	77.3300608	HSIDC Industrial Area	
30.1407461	77.2463253	Jagadhri Workshop	
30.1420826	77.2382949	Jagadhri Workshop	
30.1350388	77.2333639		
20.1914769	72.8861442	Amgaon Industry Area	
20.2186212	72.8849431	TEMA Company Achhad	
30.1177949	77.2744014	Isgec Heavy Engineering Ltd.	
30.1187584	77.2795024		
30.1210113	77.2781965	Saraswati Sugar Mill	
8.7444298	76.6982938	Agency for Development of Aquaculture Kerala (ADAK)	
22.4177830	87.2554268		
28.7157573	77.1121261	Rohini - 1 DTC Depot	depot
30.3494338	77.0315875		
30.0562877	76.8814421		
23.2897288	77.4090447		
17.3468483	78.5341303		
20.8173541	86.0524300		
20.8208282	86.0381810		
20.8230814	86.0840804		
20.7736463	86.0602861		
31.4128107	76.8599685		
31.4118059	76.8367406	Gagal Cement Works	
31.6775388	76.0724523		
31.6815059	76.0807786		
31.6768054	76.1263053		
31.6739154	76.1234987	International Cars And Motors	automotive_industry
27.1894282	77.9836710	Doctor Soap Factory	
27.1862141	77.9522183		
28.0043387	79.0920580		
28.8401831	78.7580894	CONCOR	
28.8245717	78.7287187		
27.2105502	78.0430022	Yadav Crain Office	
27.1861425	78.0058531	Upper India Cable Factory	
31.3282389	76.8946840	Jaypee Cements	
31.5491267	75.6365990		
12.4341311	79.4503323	"Ruins of the Ricemill, Thennathur Village"	
23.0019639	72.2594922	Ford India	
23.0174717	72.2621304	Tata Motors	
17.5496060	75.9866860	Solapur Thermal Power Plant	
22.8084895	88.3654229		
22.8043597	88.3712150		
22.8030337	88.3662295		
22.8021766	88.3694941		
22.7925841	88.3778514		
22.8256472	88.3637870		
16.1915273	76.6579102	Techno Mines	
22.8178907	88.3591598		
22.8137286	88.3599238		
22.8263458	88.3729116		
22.8235670	88.3781355		
22.8200552	88.3770857		
22.8296113	88.3785859		
22.8193747	88.3704508		
22.8181429	88.3727376		
22.8180848	88.3753737		
22.8085146	88.3668042		
22.8135757	88.3743331		
22.8144459	88.3748320		
22.8171247	88.3760832		
22.8125126	88.3739080		
22.8181211	88.3784115		
22.8255139	88.3799267		
17.6167883	80.6940858	Kothagudem Thermal Power Station	
22.8145985	88.3868642		
22.8250091	88.3862476	Annapurna Cotton Mills	
16.9340990	81.7243081	Vijjeswaram Gas Power Plant	
22.8144279	88.3937028		
21.8867450	83.1205846	Uchpinda Power Station	
20.2821409	78.9779785	GMR Warora Energy Power Plant	
21.9071810	83.1299372	Athena Chhattisgarh power station	
8.2537079	77.5842734	Perungudi	
11.4385270	77.8717029	இந்தியன் ஆயில் கார்ப்பரேஷன் லிமிடெட் - சங்ககிரி முனையம்	
22.8100571	88.3956056		
9.0067718	78.0382865		
22.8007714	88.3785699		
22.7980713	88.3802824		
22.7963540	88.3824513		
22.7939236	88.3964179		
22.7881840	88.3913098		
22.7869983	88.3924582		
22.7884231	88.3937455		
22.7863643	88.3878262		
22.7850966	88.3865949		
22.7844451	88.3849708		
22.7911242	88.3749758		
22.7842025	88.3467073	Palta Water Works	
22.7834781	88.3361274		
22.7792915	88.3344566		
22.7768107	88.3351487		
22.7747942	88.3355097		
26.4624577	80.2545626	Indian Oil Coorporation	
22.7736244	88.3356021		
26.4764098	80.2409909	Panki Thermal Power Station	
22.7775939	88.3563221		
22.7759331	88.3437114		
22.7736479	88.3435894		
22.7735490	88.3449268		
22.7750032	88.3472813		
22.7709943	88.3464154		
22.7700569	88.3461069		
22.7716830	88.3368521		
22.7703030	88.3377072		
9.3656611	78.8958894		
9.3492655	78.9235724	Valathur	
22.7656957	88.3632690		
22.7688647	88.3641635		
22.7668346	88.3630357		
22.7680040	88.3632012		
22.7640181	88.3642346		
22.7447395	88.4653019	BBS Bricks	
22.7647402	88.3694863		
22.7668430	88.3664742		
22.7662671	88.3681694		
22.7656286	88.3693911		
22.7690897	88.3687505		
9.9979131	76.3738466	Brahmapuram Diesel Power Plant	
22.7745250	88.3673049		
22.7753884	88.3673661		
22.7768955	88.3671756		
22.7790819	88.3678126		
22.7781215	88.3686187		
22.7811028	88.3691055		
22.7749194	88.3683946		
22.7830090	88.3692946		
21.4860420	81.7699152		
21.5614719	81.7564487		
21.7304063	82.2137084		
21.1482322	81.1766928		
21.1843640	81.3620341	Bhilai Jaypee Cement Ltd.	
22.7806475	88.3702500		
22.7819573	88.3704512		
22.7766049	88.3694452		
23.9709238	82.6243262	Sasan UMPP	
26.9717998	72.1260941	Ugaras	
27.4391509	72.3240989	Bavadi Barsingha	
27.3841714	72.3184405	Bap - GIS 1-2	
27.3888156	72.3136676	Bap - GIS 3	
27.4154665	72.1584970		
27.3012901	72.3235303		
27.4668792	72.2829825	Lumbaniya	
27.4542077	72.2729014		
22.7739195	88.3764252		
22.7751964	88.3894831		
22.7676121	88.3701680		
22.7711082	88.3889472		
22.7701275	88.3887486		
22.7709178	88.3908689		
22.7680202	88.3911329		
26.5191759	72.8528479	Tinwari - MB Solar Power Plant	
26.5338885	72.8568513	Tinwari Swiss	
26.5253130	72.8615324	Tinwari AES	
26.4951885	71.6777116		
24.9385219	70.9864736		
22.7580853	88.3787818		
22.7571837	88.3799431		
21.4513572	81.8572654	GMR Chhattisgarh Energy Limited	
22.0138220	83.2045015	Binjkote Power Station	
22.7594638	88.3677176		
22.7625593	88.3712887		
17.1614385	79.5353801		
22.7754519	88.3903784		
22.7729504	88.3907859		
22.7748514	88.3946419		
22.7678600	88.3928337		
22.7731759	88.3988512		
22.7721051	88.3983683		
22.7704984	88.4006643		
22.7697543	88.4024104		
22.7701510	88.4044838		
22.7801180	88.3961850		
22.7762259	88.3901606		
22.7744010	88.3902562		
27.0508963	69.7170273		
16.7016450	79.8123187		
16.7168359	79.8184256		
16.7670899	79.8629096		
16.8100270	79.9166799	Maha Cement	
16.8054385	79.8713781		
16.8398381	80.0619166		
16.6577922	79.8164871		
22.7629809	88.3882902		
22.7671397	88.3917156		
22.7657181	88.3928202		
22.7650906	88.3928419		
22.7572298	88.3888374		
22.7659440	88.4018380		
22.7508885	88.3947370		
21.3344029	74.9246536	Shirpur Gold Refinery SGRL	
16.6965449	79.6482074		
22.7516578	88.3720856		
22.7507945	88.3744084		
22.7497788	88.3708142		
15.2700682	76.3920753	K.L.S. Choultry	
21.5221658	83.9020157	Hindalco Flat Rolled Products	
22.7504374	88.3682606		
27.9683027	76.3662461		
15.4047483	73.7989705		
15.4032978	73.8239985	Goa Shipyard Limited	
15.3715983	73.8708823		
15.3803573	73.8857418		
15.3736643	73.9042085		
16.6246775	79.5029950		
22.7280963	88.3724654		
22.7487542	88.3726323		
22.7453007	88.3729465		
22.7471658	88.3728182		
22.7424138	88.3738168		
22.7416706	88.3735392		
22.7406799	88.3735684		
22.7388914	88.3735256		
22.7396632	88.3734238		
22.7506412	88.3772163		
22.7475490	88.3787842		
22.7484816	88.3791945	Hanimaan Pharma	
22.7474228	88.3744913		
22.7464224	88.3747678		
22.7467575	88.3740047		
22.7453377	88.3825381		
22.7447892	88.3828299		
22.7402721	88.3780177		
22.7433030	88.3833709		
22.7428765	88.3840607		
22.7462034	88.3820034		
22.7515783	88.3800227		
22.7502613	88.3828346		
22.7506595	88.3816145		
22.7487128	88.3823141		
22.7503589	88.3920107		
22.7481538	88.3945347		
22.7481202	88.3892852		
22.7473375	88.3819400		
22.7459756	88.3831577		
22.7469071	88.3909325		
22.7446127	88.3910273		
22.7434850	88.3904359		
19.0566605	72.9208673	Deonar Weigh Bridge	
10.0775392	76.3026777	Travancore Cochin Chemicals	chemical
10.0735159	76.3191259	BSES Kochi Kerala Power Ltd	
15.1975020	76.3802522	Danapuram	
25.5019631	85.3142409	Fatwah Industrial Area	
19.9720341	73.8163259	Government of India Press	
27.2105282	78.0961238		
27.2190656	78.1020461		
22.7383397	88.3993983		
22.7406453	88.3973125		
22.7412166	88.3969251		
8.5000374	76.9001061	Travancore Titanium Products (TTP)	factory
8.5046466	76.8978324		
8.5552682	76.8635809		
8.5537386	76.8590627	Kinfra International Apparel Parks	
8.4976950	76.8967047		
8.4640254	76.9257042		
8.5136312	76.8941662	English India Clay Limited - EICL	
8.4796029	76.9470320	KSRTC Depot	depot
21.4113016	79.9707360	Tiroda Thermal Power Project	
22.7349470	88.3993138		
22.7338213	88.3992763		
22.7363854	88.3761343		
22.7393131	88.3769496		
22.7391980	88.3755340		
22.7386562	88.3791169		
22.7366303	88.3835318		
22.7324569	88.3786730		
19.4848776	72.9662033		
14.2063130	80.0880140	Simhapuri Power Plant	
14.3305462	80.1472541	Thermal Powertech Power Plant	
14.2140402	80.0930535	Meenakshi Thamminapatnam Thermal Power Plant	
14.3564538	80.1504899	Sembcorp Gayatri Power Limited (NCC)	
13.7451840	79.7111374	Srikalahasti Sub Station	
14.3263881	80.1216292	Sri Damodaram Sanjeevaiah Thermal Power Station	
20.9392715	72.9679717		
26.7407972	93.2200658	Biswanath Charaili substation	
13.0157713	77.7134048	Scalene Cybernetics Ltd	
22.7254771	88.3777915		
22.7301253	88.3768747		
22.7251393	88.3771390		
22.7269921	88.3740825		
22.7284146	88.3747686		
22.7305335	88.3735401		
22.7343314	88.3756396		
29.0622130	77.7046644	Modi Industries	
29.3515120	77.7174165		
22.7357324	88.3732658		
22.7352203	88.3732685		
22.7360379	88.3751325		
22.7383471	88.3746462		
15.9125319	78.9858818		
15.9166238	78.9923591		
15.9154104	78.9849083		
32.3961093	75.6691676		
23.6209637	86.6576229	Raghunathpur Thermal Power Station	
19.8928012	75.3664065	Garware Company	
19.8951559	75.3784218		
19.8892828	75.3660670		
19.8892527	75.3670320		
19.8900874	75.3665595		
19.8911293	75.3724866		
19.5918499	75.3701681	pinak campni	
19.7451327	75.2290857	kirtiman seeds	
19.7636394	75.2858420	"ajeet seeds pvt.ltd.company,chitegaon"	
19.7700514	75.2939200	udhyog mitra chitegaon	
19.7629463	75.2902174	ajanta farma pvt.ltd.company	
19.7772746	75.2877295	alana pvt.ldt.chitegaon	
16.8529859	81.6909744	Seven Hills Chemical Products	
15.6029306	73.7915696	Jyot Ganga Tile Work	
19.8721086	75.4913044	Fortune Pharma Pvt Ltd	
19.8718512	75.5010780	Glenmark Pharmaceuticals Ltd.	
19.8805608	75.4881822	Greaves Cotton Limited	
19.8808116	75.4857779		
19.8785072	75.5016451	Neepaz	
19.8500454	75.2203009	Siemens Ltd.	
19.8785629	75.4872158	Siemens Ltd.	
19.8747837	75.4874305	Skoda	
19.8737388	75.4963413	Wockhardt Ltd.	
19.8846904	75.5035312		
19.8878467	75.5029731		
19.8846194	75.4914340		
19.8834163	75.4915105		
19.8841907	75.4934166		
19.8809812	75.4915827		
19.8865111	75.4914247		
19.8885576	75.4911288		
19.5445060	75.3875685		
19.5452168	75.3835893		
19.5543515	75.3823555		
19.5430333	75.3857881		
19.5481009	75.3839892		
19.5513606	75.3896261	PepsiCo	
19.5593074	75.3833586	Vaidyanath-Sant Eknath Sahakar Udyog	
19.7440552	75.2978806	R.L.STEEL pvt.lmt.company	
19.7508641	75.2936116	Videocon	
19.8827992	75.3153832	Aurangabad Textiles & Apparel Parks Ltd	
19.5875024	75.3820486	"Lilasones Agro Industri,Dhangaon"	
12.8130080	77.6958402		
23.0079541	72.6174518	New Cotton Mills	
17.4254039	78.5598371		
17.4386448	78.5765970		
17.4342876	78.5616151		
17.4313572	78.5720450		
17.4403457	78.5584567		
17.3936598	78.5508540		
17.4539598	78.5563850	coca cola beaverages	
17.4527038	78.5592815		
17.4148844	78.4849532		
17.4564269	78.5565608		
17.4484766	78.5540319		
17.4553352	78.5591699		
17.4530385	78.5518414		
17.4561183	78.5574851		
17.4512486	78.5568357		
17.4560198	78.5582186		
17.4642106	78.6038063		
17.4684817	78.5923056		
17.4756194	78.6019435		
17.4569703	78.6009174		
17.4553314	78.5759944		
17.4630299	78.6079853		
17.4630272	78.5914591		
17.4703933	78.5935320		
17.4656767	78.6013975		
17.4730897	78.6038534		
17.4690583	78.6037420		
17.4644981	78.6061603		
17.4574144	78.5877440		
17.4641427	78.6008380		
17.4726015	78.6064551		
17.4673067	78.5983027		
17.4536472	78.6083250		
17.4516798	78.5995575		
17.4768414	78.7227612		
17.4530261	78.6041590		
17.4620984	78.7138386	Hindusthan Petroleum Corporation Limited	oil
17.4484643	78.6167515		
17.4553651	78.6179472		
17.4616556	78.6133686		
17.4571908	78.6155877		
17.4470174	78.6630642		
17.4615274	78.6107890		
17.4619695	78.6171500		
17.4575620	78.6136004		
17.4506967	78.6147079		
17.4508750	78.6773194		
12.7089418	77.6963492		
22.7512166	88.4487456	BBS Bricks	
12.9013240	80.1820874	Gold Winner Oil Company	
12.9018718	80.1834812	Ramarao Body Works	
24.3172186	78.1359340	Bina TPS	
17.4053021	78.5034677		
17.4042593	78.4993523		
12.8982737	74.8428827	KSRTC Bus Depot	
26.4412162	74.6434129		
26.7880467	72.9381928	Betwasiya	
26.7437597	72.9833455	Bhambuo Ki Dhani	
12.8733498	74.8225188	"Bharti Shipyard Limited, Mangalore"	
24.8766056	75.6235709	Rajasthan Atomic Power Station	
17.5264586	78.2531552		
17.5248943	78.2655243		
17.5230240	78.2711646		
17.5395777	78.3436516		
17.5254994	78.3488351		
17.5026855	78.4522849		
17.5207163	78.4467991	IDA Jeedimetla	
17.5330359	78.4595242		
11.1492969	76.9521933	Lakshmi Machine Works Limited	
12.8877806	74.8907467	Karnataka Milk Federation - Kulashekhar Milk Dairy	
12.8819192	74.8752807		
12.8817151	74.8787435		
11.1587111	76.9439229	Pricol Limited	
11.2277163	76.9152176	Synthite Industries Limited	
25.1458915	75.8564318	Instrumentation Ltd.	
9.9796530	76.2260792	Petronet LNG Limited	petroleum_terminal
25.1451890	75.8724981	J. K. Synthetics Ltd.	
25.1553220	75.8683497	Multimetals	
25.1525422	75.8670651	Paliwal Steels	
22.2544923	72.1805669		
25.2289591	75.8920911	Railway Workshop	
25.2320538	75.8843760	Gopal Mill	
22.6114105	72.9234702		
25.1467953	75.8757029		
25.1494389	75.8776636		
25.1485116	75.8791777		
25.1502466	75.8759563		
25.1532101	75.8712028		
23.0235761	72.6443028		
23.0255719	72.6542519	Odhav industrial estate	
22.9715244	72.6408091		
22.9691500	72.6323661	Vatva GIDC	
22.9744215	72.6440117		
22.9562939	72.6365737	Vatva Gidc	
23.0184530	72.6572963	Odhav industrial estate	
22.9780302	72.6324864		
23.0913749	72.6697164	Naroda GIDC	
22.9636001	72.6490962		
23.0979607	72.6710084		
23.0943337	72.6625382		
23.0225116	72.6606982	Odhav industrial estate	
25.1452001	75.8625405	Food Corporation of India	
25.1852404	75.7988600	Paryavaran Industrial Area	
25.1861768	75.8589083	All India Radio	
25.1823659	75.8680415	Rajasthan State Seeds Corporation Ltd.	
22.4300290	69.8353546	SHREE DIGVIJAY CEMENT	
21.4174290	72.2016979		
21.4006596	72.1688839		
21.5858931	72.2234876	Bhavnagar Padva Power Plant	
21.6959024	72.5612376		
21.8565864	72.1602897		
31.1078764	77.2115911	HRTC Workshop	
22.9973197	72.5717160		
23.0017631	72.5737266		
22.9881849	72.5654406		
23.0073829	72.5765046	Calico Mills compound	textile
22.9644241	72.5801526		
22.9381244	72.5534459		
22.9581552	72.5579231	Piplaj	
22.9845125	72.5797501		
22.9977352	72.5868329	GOVERMENT GODOWN	
22.9865805	72.5686649		
16.3451249	80.6249218		
12.8953364	74.8610300	Yeyyadi Industrial Area	
12.8967546	74.8452771	KSRTC Depot and Workshop	
21.8162256	76.3259846		
21.8390008	76.3556172	FCI	
22.9756047	76.0528996		
22.9791672	76.0493136		
21.9227483	73.0852840	Palej GIDC	
21.9272373	73.0789700	Palej GIDC	
24.5164743	72.7856737	India One	
13.3771977	77.1052560		
29.3537049	75.6500903		
29.3531575	75.6519521		
22.3422483	69.8603135		
29.5020665	75.4409209		
12.9601724	74.8123288	Bharat Petroleum Mangalore Coastal Installation	
12.8848938	74.8234746	Hindustan Lever Limited	
12.8981954	74.8238335	Yenepoya Wood Industries	
15.3745863	79.9408362	Tobacco Curing Furnaces of Chidipothu Radha Krishna Murthy	
23.1015753	72.0510361	Cairn ONGC	
23.1391131	71.3914785		
12.9042500	77.6383066		
29.1473985	76.6846877	New Grain Market	
12.9961719	77.5020316		
29.1186002	77.0168417	Wastewater treatment facility	
23.0402848	72.6046012		
24.7020050	84.0908206	Nabinagar Thermal Power Project	
12.9854859	77.5716020	Krishna Flour Mill	grinding_mill
12.9837855	77.5708224	Rajashri Foods	
12.9840194	77.5713993		
24.9184216	84.1918774	Rothas Industries	
15.3938108	75.1012358	Agricultural Produce Market Committee Yard	
14.4626862	75.9309195	Karnataka Oil Federation (SAFAL)	
29.4733547	77.7396724	Agarwal Paper Mill	
29.4433724	77.7031818	Trikoot Iron and Casting	
29.4636662	77.7230792	Cold Storage	
22.6946648	88.3591706		
22.5358188	88.3751930	Ballygunge Pumping Station	
22.6126943	88.3431148		
22.6132560	88.3333380		
29.4735201	77.7415711		
23.2497234	72.6710105	Gandhinagar Thermal Power Station	
22.9709906	72.5543971		
23.0101447	72.5832623	Transport Workshop	
23.0126838	72.5931682	Ankur Textile	
23.0118437	72.5896143		
23.0146469	72.5898404		
23.0084318	72.5889841		
22.9946371	72.6393911		
22.9936579	72.6344367		
22.9807803	72.6149628		
23.0902400	72.5713891		
23.0357679	72.5991222		
23.0397638	72.6146126		
23.0457785	72.6226147		
23.0478398	72.6285015		
23.0182876	72.6290864		
23.0649197	72.6461008		
27.1835174	93.9677040		
23.0972455	72.6231054	Bhat GIDC	
12.9720943	76.1203105	Food Corporation of India(FCI)	
12.9574518	76.1249572	Go Go international Pvt Ltd	
12.9849827	76.1067589	Karnataka Milk Federation	
12.2520661	76.8397480		
12.3412062	76.9157450		
24.1536074	81.9089763	Jaypee Nigrie Super Thermal Power Plant	
12.9934271	77.6545222	ITD Casting Yard	
12.9984733	77.6681573		
12.9485448	74.8356830	Total Oil India Private Limited - Lpg Division	
19.9753453	73.7921582		
10.9885282	76.9638376	Bus Depot	depot
13.3813236	77.1072033	Triveni Aeronautics Pvt. Ltd.	
13.3892065	77.0928779	Raja Brick and Tile Industries	
13.3945264	77.0910986	Karigiri Nood Industries	
13.4624518	77.0495364	Karnataka Food Processing SEZ	
31.4956767	78.1887691	Baspa 2	
24.4577097	85.5253187		
19.9981087	73.7238295		
8.9031161	76.5763675	Milma Kollam Diary	
29.2898005	77.4941281		
12.9044457	76.4220957	Nandini Hi Tech Product Plant(KMF)	
19.9972779	73.7184271		
20.0001233	73.7223597		
22.5588967	88.3836246		
22.5585622	88.3858362		
19.8325926	72.6691512	Tarapur Atomic Power Station	
22.5325344	88.3755563		
18.5186742	73.8408211	Aryabhooshan Chhapkhana	
22.6056483	88.4200158		
18.5325710	73.8709322	Raja Bahadur International Limited	
13.0402689	80.0419287	NTC Logistics India (P) Ltd.	
16.4146218	80.5944048	Hindustan Coca-Cola Beverages Private Limited	
22.6367849	88.4201088		
22.6144278	88.4118476		
22.6230778	88.4831054		
16.8742433	78.1406799	kucharkal industry	
17.4053183	78.4024227		
23.0110219	72.5877742		
12.7842672	77.7606797	HMG Granites	
22.6255510	77.7795394		
22.6315200	77.7719633		
22.7628939	77.6594192		
22.7771608	77.6525715		
22.6006278	77.7603656		
22.7815580	78.5427527		
22.7672696	78.3366472		
22.7563947	78.3459498		
22.7761652	78.5384593		
22.8175820	78.3588159		
22.7682355	78.3321605		
22.7731852	78.5388566		
22.7767322	78.3519884		
22.7841004	78.3550256		
22.8158287	78.5509998		
22.7692425	78.3366704		
22.7726058	78.3513740		
22.7719736	78.3361074		
22.7529532	78.3486989		
22.3455844	77.0990160		
22.4782667	77.4883782		
22.0578711	88.0883149	Renuka Sugar Mill	
16.8922450	78.0277297	rice mill	
12.9098263	77.5617787	BWSSB Kumaraswamy Layout Service Station	
12.9002361	77.5690941		
12.9166729	77.5466383		
12.9095962	77.5366315	BMTC Depot 33 (Poornapragna layout)	depot
12.9096216	77.5589860		
12.9109271	77.5587691		
12.8878487	77.5985955		
22.0816735	88.0394831	Apeejay Infralogistic	
22.0828491	88.0498055	Godown	
22.0796092	88.0481478	Godown	
22.0783317	88.0517205	Logistic Park	
22.0741112	88.0558029	Logistic Park	
22.0711832	88.0600166		
22.0732064	88.0657887	Ural India Limited	
22.0685806	88.0701285	Logistic Park	
22.0694717	88.0624737	Logistic Park	
22.0691896	88.0636670		
22.0679840	88.0634674		
12.8386042	77.5124746		
12.8463023	77.5171700	Tataguni Pumping Station (500MLD)	
12.8598199	77.5276718	Volkswagen	
12.9363038	77.5884705	BWSSB	
13.0118375	77.5662535	BWSSB Combined Jewel Filters	
13.0907876	77.5590997	BWSSB	
13.0119654	77.6553651	BWSSB	
12.9873543	77.5896840	BWSSB	
12.9114822	77.6467373	BWSSB	
12.8738118	77.5850945	BWSSB	
13.0265330	77.6343784	BWSSB	
13.0590659	77.5869617	BWSSB Sahakarnagara	
13.0046703	77.5746195	Vyalikaval Dhobi Ghat	
12.9532012	77.5896923		
22.0428572	88.1050039	Indian Oil Corporation Ltd IOCL Refinery	refinery
22.0488055	88.1160504	Hindustan Fertilizer Corporation Limited	
22.0670919	88.1132051	Haldia Petrochemicals Ltd.	
22.0534507	88.1249459	Hooghly Met Coke and Power Company Limited	
22.0569145	88.1368252	Bharat Petroleum Corporation Limited	
22.0607421	88.1373053	Shaw Wallace Agrochemicals Limited	
22.0641725	88.1323378	Exide Industries Limited	
16.5727122	80.3566251		
16.5720406	80.3565173		
22.0615745	88.0900214	Gokul Refoils & Solvent	
22.0670436	88.0846873	Adani Wilmar Limited	
22.0670020	88.0820291	AL Logistic Pvt. Ltd.	
22.0734792	88.0860590	Emami Bio Diesel	
23.4232547	88.3919156		
22.0827930	88.1144440	Hindustan Petrolium Ltd.	
22.0705912	88.0983258	Reliance Pvt. Ltd.	
22.0741408	88.1072324	Marcus Oil & Chemical	
22.0729977	88.1040045		
22.0787160	88.1075598	Indian Oil Petrona Pvt. Ltd.	
12.9032401	77.4741715	KSRTC Regional Workshops	
22.0770883	88.1276737	RDB Brasyans	
22.0798733	88.1242142	South Asian Petro Chemicals Ltd.	
8.9684774	76.6647776	Kollam Technopark	it
22.0666542	88.1410212	Zenith Erectors	
22.0716511	88.1551666	HPCL Haldia Oil	
21.8931260	83.7232532	Hemgir Coal Washery	
22.9381741	88.4452472	RAILWAY WORKSHOP KANCHRAPARA	
22.9288018	88.4396720	RAILWAY WORKSHOP KANCHRAPARA	
23.2555198	72.6547281		
23.2539387	72.6610647		
8.2934822	77.1029762		
23.2569776	72.6362736		
23.2539029	72.6357676		
23.2564109	72.6374211		
23.2494503	72.6310445		
23.2420124	72.6275704		
23.2581066	72.6280513		
23.2496699	72.6368806		
23.2253465	72.6265549		
23.2527501	72.6598651		
18.4491720	74.3115625	Wirtgen India	
11.7458501	79.7576308		depot
9.0345936	76.9099437	Punalur Paper Mills	
9.0368925	76.9152986	Plywood Factory	
26.7025717	85.5364896		
26.7072685	85.5436854		
26.7786857	85.4983473		
26.7082721	85.5280807		
26.7079782	85.5194077		
26.7886798	85.4921704		
26.3477423	88.0237279		
26.3487418	88.0218931		
26.3508011	88.0254897		
26.3511960	88.0220508		
26.3516720	88.0199860		
26.3372380	87.9963953		
19.1836288	72.8347083	Malad BEST Bus Depot	depot
11.9978334	79.7493929		
24.5783711	73.7544882		
24.5772053	73.7439472		
22.0376141	88.0889785	Haldia Dock Complex	port
22.4632578	69.8351311		
12.0991864	76.5480801		
10.5410009	79.4497437	Thirumakotai Power Station	
11.9131954	79.8114245		
11.0761642	78.1274204	Salem Co-operative Sugar Mill	
18.3487872	73.8100620	Emuge India	
18.6458803	73.7825192		
11.5983037	78.8169599		
11.5954268	78.8162866		
11.5862371	78.8038252		
11.5821147	78.7994479		
22.7726857	86.2111478	TRF Limited	
22.7742217	86.2062218	POLYTECHNIC	
22.7738295	86.2189690	Tata Tube Division	
12.5325081	76.9042227		
19.2942315	84.7995700		
28.0216663	81.4752353		
12.9473714	77.6972691	Kadabeesanahalli Sewage Treatment Plant	
19.3017794	84.8153816		
32.7533760	74.8151572	Power Station	
12.9663857	77.6453029	Liquid Propulsions Systems Centre	
17.5495942	80.6167173		
18.6780324	78.0816155	private land area	
13.1183204	77.3734552	United Breweries	
15.8408250	78.0100901		
24.9024965	84.9999128	Brick yards	
13.1142787	77.3770219	Denso Kirloskar	
13.1413029	77.3422968	Pepsico Bottling Plant	
13.2249942	77.2652506	Somapura Industrial Area	
14.3809643	76.0907754	Green Agro Pack	
14.3827728	76.0728405	Aradhya Steels Limited	
11.5896913	79.4515461	Neyveli New Thermal Power Station	
28.6111631	77.3370342	"Delhi Jal Board, Booster Pump station"	
27.2185610	78.0934437		
15.1420957	76.9616654	Nava Karnataka Steels	
12.9594149	77.7294112	Enliven Decors	
12.9596015	77.7274848	Natesans Artisans	
19.0908384	78.3455118	"TGSRTC Bus Depot , Nirmal"	depot
12.9006518	77.5426497	Sri Krishna Spinning and Weaving Mills	factory
13.0341582	77.6172284		
21.7716428	72.2103800		
15.1601368	77.0084595	Bellary Steels And Alloys Limited	
24.5455813	84.7806708		
24.5456852	84.7830852		
24.5448542	84.7888913		
24.5469142	84.7924634		
24.5474578	84.7955706		
24.5507027	84.8043405		
24.5556235	84.8078472		
9.0536600	76.8567904	Cashew Factory	
12.8738776	77.6566341		
12.8917711	77.6401259		
12.8888270	77.6420560		
12.8255279	77.6056583		
12.8317489	77.6059439		
12.5697794	80.1410962	Cristo Blocks	
12.5694345	80.1413531	Balaji Hallo Blocks	
15.1600394	76.7119305	Jindal SAW	
15.2251155	76.7648679	Shatavahana Kudatini Steels	
15.1842831	76.7918274	Hothur Ispat Pvt Ltd	
15.1797389	76.7896267	Scan Ispat Pvt Ltd.	
15.1741902	76.7846196	Rayen Steels Pvt Ltd.	
15.1698416	76.7844490	Agarwal Sponge Iron	
15.1505246	76.7151501	Minera Steel and Power Pvt Limited	
15.1393146	76.7113519	Metallurgical Products India Pvt Ltd	
15.1542802	76.7820196		
15.1276943	76.7867710	PGM Ferro Steels	
15.1169399	76.8039507	Hindustan Steels	
15.1183261	76.8140728	Jairaj Ispat Ltd.	
15.1169907	76.8196059	Benaka Steels	
24.8988706	84.8652834		
24.9633035	84.8547284		
24.9633537	84.8591469		
24.4662041	84.5800943		
24.4677085	84.5845324		
24.6083566	84.8233353		
24.5946961	84.8340960		
24.5964695	84.8328625		
24.6016076	84.8315635		
24.6250396	84.8117585		
24.6278290	84.8135368		
24.6282748	84.8157348		
28.5259301	77.0937325		
28.6032018	77.3661699		
28.5246081	77.2897650		
15.1484150	76.9668334		
15.1542985	76.9194544	Ballari Bus Depots 1 and 2	
28.3906154	77.3020554	Yatharthriti IT Services Private Ltd | Learning Management System|LMS Platform | LMS Software|LMS Provider| Moodle LMS| Elearning Solution	
28.4800771	77.3001042	Campari Exports Pvt. Ltd.	
28.4799591	77.3006433	MG Furnaces	
28.4804938	77.3005223	Gopal Threads	
24.5762287	84.8126191		
24.6008275	84.8263666		
24.5968920	84.8270849		
24.5775284	84.7927922		
24.5861702	84.7939401		
24.5805705	84.7945854		
28.6713246	77.4597003	Power Sub Station & Billing Counter	
11.6185430	79.7490652		
11.6215930	79.7502001		
24.6695900	84.8698751		
11.8383667	79.3393332	Chengalvarayan Co-operative Sugar Mills Ltd. Periyasevalai	
11.3938548	79.2201292	Sugar Factory	
24.5744070	84.9740868		
24.5740548	84.9757025		
24.5715812	84.9748319		
24.5964249	84.9946461		
24.5597511	84.7422253		
24.5611230	84.7450099		
19.3743091	75.9727201		
18.9213158	72.8257992	Tata Power	
18.9219654	72.8259269	BEST Receiving Station	
13.0157744	77.5514553		
19.1960691	72.9594507	sunflower oil	oil
28.4796420	77.2982971	Ben & Gaws Pvt Ltd	
24.6029000	84.8216296		
24.6013594	84.8145780		
24.6001045	84.8114317		
24.5980128	84.8117077		
24.5849342	84.8207735		
24.5489002	84.7953705		
22.1047558	83.4502490	Tamnar Power Station	
21.6649220	83.9229431	Sahajbahal Jharsuguda Ind-Barath Power Plant	
19.2180038	73.1755312		
24.9431675	85.0867262		
21.1310415	84.9904421	Angul power station	
21.7564706	83.4491144	LARA Super Thermal Power Station	
13.1082040	80.2963341		
25.8014825	85.0406957	"Rail Wheel Plant, Bela"	factory
24.6777802	84.8174430		
24.5882661	84.8046442		
24.5884536	84.8088079		
24.5830067	84.8059246		
24.5669361	84.7413447		
24.5695218	84.7467827		
13.0093027	80.1922699		
28.5047388	77.5081790		
13.0654964	80.2206408	Visewham Electricals	
13.0661114	80.2199405	Alpha Industries Factory	
17.5986647	78.4538278		
24.3263590	81.3296209		
12.9212165	80.2308202	Flowserve Sanmar	
17.5144274	78.4618362	Vasantha tools unit 2	
8.4887603	76.9596184	Indus Maruti Service Center	
17.5155222	78.4444896		
17.4615611	78.3769529		
8.8897456	76.5880442	Parvathy Mills	textile
26.5368687	72.8862367		
11.0290580	76.8989279		
11.0447953	77.0464372		
11.0513068	77.0455998		
11.0500537	77.0421049		
11.0509535	77.0442812		
11.0461465	77.0484935		
11.0487285	77.0497457		
11.0459592	77.0427191		
11.0501396	77.0493437		
11.0466838	77.0449504		
11.0480852	77.0489995		
11.0512030	77.0431474		
11.0472130	77.0445492		
11.0469512	77.0491081		
11.0509282	77.0487757		
11.0459110	77.0462534		
11.0458787	77.0478869		
11.0478888	77.0480034		
11.0261003	77.0116428		
11.0240478	77.0141858		
17.3575331	78.5075018	Parle-G Biscuit Factory	
28.6130007	77.3770883	Sector 64	
31.5847049	75.9544818		
26.9948288	71.0741879		
16.7961116	81.6628032	Anantha Lakshmi Textiles	
12.3279265	76.6418551		
12.3257088	76.6503865		
12.3612016	76.6389911		
12.3593249	76.6307398		
12.3567749	76.6316041		
12.3699560	76.6225136		
12.3620514	76.6299532		
12.3640833	76.6326870		
12.3665796	76.6230858		
12.3586576	76.6256500		
12.3605775	76.6261140		
12.3637014	76.6212016		
12.3604454	76.6375453		
12.3632953	76.6333289		
12.3606197	76.6239657		
12.3617248	76.6351019		
12.3606636	76.6336841		
12.3648947	76.6197352		
12.3560814	76.6352000		
12.3607995	76.6288371		
12.3565856	76.6189564		
19.0235727	73.0383609	Oil Refinery	oil
24.9637671	85.0974605		
11.9249843	79.8153852	Anglo French Textile Mill	
11.9218982	79.8084602		
11.9220075	79.8078939		
16.6058393	80.9059658		
16.5981789	80.8991550		
16.6018026	80.8993443		
11.9400675	79.7618813	Ponlait Dairy Plant	
11.9426885	79.7643741		
11.9420143	79.7668379		
11.9383087	79.7707660		
24.8604103	85.0380744		
24.8617598	85.0505493		
24.8736166	85.0055225		
11.9445230	79.8057176	Thattanchavady Industrial Estate	
11.9594645	79.7779832		
11.9605561	79.7789266		
24.9186682	84.9904187		
24.9213936	84.9878623		
24.9246204	84.9868645		
24.9261218	84.9837223		
24.9306589	84.9851115		
24.9328877	84.9931759		
11.8810391	79.7280152		
11.8863120	79.7330691		
11.9124993	79.6979812		
11.9172015	79.8141700		
11.9483333	79.8134730	Latha Steel Suppliers	
11.9302478	79.8189354	Swadeshi Cotton Mill	cotton_mill
11.9253722	79.8245637		
11.8797966	79.6487853		
24.9381262	85.1867778		
24.9440866	85.1888292		
24.9356031	85.1777866		
18.7489379	73.4222471		
18.7483266	73.4219901		
18.7482276	73.4215614		
18.7486979	73.4217620		
18.7485071	73.4221066		
18.6381900	73.7838729		
18.7480641	73.4219320		
18.7490459	73.4218882		
19.0213908	72.9097622	flip card	
13.0935801	77.5903436	Yelahanka Phase I 10 MLD Sewage Treatment Plant	
23.3275395	71.8200505		
23.2502860	72.0993834		
23.2731463	72.1319672		
18.4584921	73.8039715	FEVINO INDUSTRIES | Outdoor Solar Street Light & Lithium Battery Manufacturer	
20.7358372	78.6361613	"MIDC, Wardha"	
22.7343273	79.9136110	Jhabua Power Limited	
23.2436012	77.4527983	Central Power Research Institute	
20.8221920	78.4937973	Lanco Vidarbha Thermal Power Plant	
9.1247326	76.8108802	Kinfra	
29.6658878	75.6773063		
29.6427282	75.7209701		
29.6503714	75.6895449		
29.6485817	75.6984702		
29.6549945	75.7013168		
29.6131241	75.6213480		
29.6147804	75.6224449		
22.9191876	70.1042631	Tuna-Tekra Container Terminal	port
24.6591855	84.8107955		
24.6569532	84.8116394		
30.8822524	75.9366685		
24.7057565	84.8246233		
24.7295174	84.7998030		
24.7013574	84.7886598		
24.7326604	84.8349861	Brick yards	
24.6440287	84.7049912		
24.5354703	84.7565203		
24.4355149	84.8035580		
22.7212018	75.8396985		
15.1483599	76.8841842		
29.6665819	75.5696996		
29.6722112	75.5960605		
29.6668546	75.5685602		
29.6552251	75.5625893		
29.6541052	75.5625773		
29.6557450	75.5626737		
29.6668450	75.5718609		
29.6568177	75.5628926		
29.6565830	75.5635082		
29.6587601	75.5645402		
29.6578910	75.5721014		
29.6604571	75.5708125		
29.6586684	75.5721978		
29.6600731	75.5715014		
29.6586582	75.5714924		
29.6139089	75.5593998		
10.7720504	78.8362387	SIDCO Women Industrial Estate	
16.9446799	82.2645742		
11.2839629	75.7666196	Food Corporation of India - FCI	
11.2876117	75.7649828	Food Corporation of India - FCI	food_industry
11.2940344	75.7629970		
11.2654077	75.7685600		
11.2699877	75.7669889		
11.2651738	75.7667386		
11.2543299	75.7937471	Commonwealth Tile Factory	
32.0885676	76.5261992	Palampur Tea Factory	
19.5645809	73.1504427		
13.6848206	79.3283417		
29.5570747	75.4819389		
13.6374813	79.4866847		
15.1264402	76.8813991		
15.1272326	76.8809607		
9.2868605	79.3045061		
26.4710665	89.2269203		
26.7297082	88.8474916		
21.2954413	81.6146440		
21.2934505	81.5958155		
21.3201512	81.5814819		
21.3099895	81.5908448		
21.2800297	81.5792002		
26.7935222	89.0716686	Karbala Tea Estate	
26.7140090	89.0717214		
26.7108852	89.0844118		
26.7178359	89.0851109		
26.7569998	89.1071495		
26.7576183	89.0521449	Binnaguri Factory	
26.7084088	89.3378695	Subhasini Tea Estate Factory	
26.7288810	89.3448301		
26.7600820	89.3461520	Beech Tea Garden Factory	
26.7657233	89.3485785		
26.7471656	89.3774617	Bharnobari Tea Garden Factory	
26.7149963	89.3863740	Madhu Tea Estate Factory	
26.7330333	89.3734910	Satali Tea Estate Factory	
26.7373678	89.3653135		
17.4474285	78.5376639	Shawalace Distellery	
28.8104269	76.0640324	Water Works	
29.5411061	75.7449141		
29.5381192	75.7406837		
29.5355425	75.7367800		
29.5571778	75.8140695		
29.5365907	75.7343956		
29.5652284	75.7136041	The Bhuna Co-op. Sugar Mills Ltd.	
26.8158132	89.0262129		
26.7159410	88.8922477		
26.8567147	89.0790756		
26.8158752	89.0768814		
26.8168605	89.0847383		
26.8321471	89.0455099		
26.8145232	89.0501109		
26.8788905	89.0794880		
26.8338734	89.0199633		
26.8961395	89.0019481		
26.8999507	88.9651755		
26.9182216	89.0018707		
26.9212699	89.0312855		
29.5556844	75.7321075		
29.5599423	75.7328562		
29.5689667	75.7487009		
29.5732652	75.7553612		
29.5735330	75.7581408		
20.8475111	81.7229720		
20.8379136	81.7211367		
20.8437704	81.7171682		
23.3609812	85.3323793		
29.6008999	75.7876134		
29.6082374	75.7972365		
29.6022046	75.7939134		
10.1912502	76.3748504	Food Corporation of India	
9.5599566	76.5105741	Travancore Cements Ltd	
19.6148901	75.7979802		
30.8152767	75.2540153	Grandfather Food Processing	
29.6682506	75.7397960		
29.6567428	75.7596836		
29.6181880	75.8067971		
29.6912870	75.8106632		
23.7330693	86.8112714		
29.7023631	75.8478157		
24.5794494	74.8035833		
11.2847208	75.7921617		
16.8767097	74.5865223	Madhavnagar	
25.6713274	76.1892334	Lakheri Cement Works	
17.0410889	82.1630694		
13.0549595	80.1479911	Maruthi Suzuki	
20.8906700	74.7637006		
29.2460297	73.4982077		
13.2853839	75.7853809		
13.6122490	79.3189076		
13.6210270	79.3298273		
29.3650858	73.7542344		
29.3758824	73.8687251		
29.3859820	73.9610578		
29.8663604	73.9273972	RIICO Industrial Area	
29.8335214	78.1458403		
29.8003424	78.1513181		
29.7827458	78.1471457		
29.7939197	78.1553621		
29.8192979	78.1581855		
29.7787330	78.1482868		
29.7891472	78.1487464		
29.8451115	78.1463583		
29.7747014	78.1482922		
29.7999248	78.1469272		
29.8099379	78.1523076		
29.7967713	78.1480790		
29.8049267	78.1516966		
11.0575342	76.9450188		
11.0579129	76.9449202		
11.0581823	76.9467039		
11.0569760	76.9450758		
28.8448941	72.9005134		
11.0558080	76.9463434		
12.9723043	77.6212958	BWSSB	
23.0613030	72.4940579		
29.9300535	73.6709003		
27.4839925	80.9956704		
27.5030659	80.9869824		
27.4802144	80.9882717		
27.5007399	80.9808539		
27.4812873	80.9857965		
13.3518887	74.8339680	Harsha Tile Factory	
29.3844252	78.1492095	Sugar Factory	
23.8334299	69.7049036		
24.6731459	84.9807264		
24.6744850	84.9894012		
12.7629765	79.9077687		
12.7594318	79.9189150		
12.7653941	79.9073918		
12.7621769	79.9099063		
12.7582136	79.9189219		
13.6206918	79.3598607		
13.6185616	79.3594156		
13.6159812	79.3547186		
13.6185745	79.3479601		
13.6191117	79.3634393		
13.6178047	79.3654578		
13.6164228	79.3615171		
13.6166930	79.3420619		
13.6167850	79.3397461		
13.6165380	79.3597023		
13.6172190	79.3442549		
13.6152151	79.3427497		
13.6192524	79.3526960		
13.6160761	79.3489347		
13.6134732	79.3471744		
13.6134611	79.3487702		
13.6150526	79.3479152		
13.6160555	79.3457772		
13.6123987	79.3583536		
13.6142887	79.3571842		
13.6135516	79.3548576		
13.6122119	79.3539227		
28.2606762	77.3191260		
11.1507346	75.8899394	Techno Park (Food) Kakkancheri	
10.0403779	77.4982920	ATK Mills and Joshap Mills	
10.0401091	77.4965701		
9.9764284	77.4448674		
19.6689448	78.5258380	"TGSRTC Bus Depot , Adilabad"	depot
23.3832897	87.6640528		
23.3810194	87.6765061		
23.3822919	87.6739164		
23.3970081	87.6702224		
22.7308370	75.8354035		
22.7279992	75.8392548		
22.7344654	75.8324334		
22.7131176	75.8357931		
28.5503012	77.4019493	Samsung	
22.4821887	86.7134958		
22.4706748	86.7179328		
22.4747584	86.7229825		
22.3195256	87.2498159		
22.4816323	86.7317156		
22.4851114	86.7297684		
17.5537157	76.5584879		
17.4624764	76.5647005		
15.5003789	73.9439789		
15.7456001	76.1972120		
19.8932472	75.3782543	HP gas company	
19.8879971	75.3665166		
10.7946406	76.7272047	Fluidic Control Research Institute	
10.7933777	76.7245354	Instrumentation Limited	
24.2517068	78.1618428	Bina Refinery	refinery
11.8520388	75.5657599	Old Birla Wood Stockyard	
34.1296011	77.5604805	IOC Depot Leh	
34.1375715	77.5648188		
15.1406504	77.6514722	Bharath Petrolium	
17.3120438	76.8003201	Gulbarga IT Park	
29.7265456	75.5743455		
29.7294608	75.5800708		
29.7372146	75.5652776		
29.7248340	75.5705801		
29.7273117	75.5730059		
29.7269554	75.5766095		
29.7254866	75.5659224		
21.6476812	69.6011893		
21.6474563	69.5976711		
21.6489298	69.6029340		
21.6426454	69.5962004		
21.6484454	69.6006836		
21.6441122	69.5920922		
23.6936510	87.1096218		
23.6931402	87.1202104		
23.6923240	87.0997373		
21.6274398	69.5902206		
21.6450412	69.6153749	Ex - Maharana Mill	
23.5240706	87.2654201		
12.9460471	77.6712780		
12.9441752	77.6715025		
23.4955669	91.4389992	ONGC Tripura (Palatana) Power Plant	
10.8394491	78.8801960		
26.7488945	94.2231231		
23.0908123	72.5897711	AMTS Depot	depot
27.1868720	77.9583054	Washan Factory	
18.9622984	72.8443587		
26.1668173	80.3712682		
21.7060435	69.7187407		
21.6553508	69.6433280		
12.9640419	77.6460441		
12.9633925	77.6460749		
10.7741007	76.4259148	E.P.Industrial Estate	
11.1214883	79.5290129	Lanco Tanjore Power Plant	
25.7800140	73.2765256		
25.7848039	73.2573546		
22.7963619	77.6901685	"Central Farm Machinery Training & Testing Institute, Budni"	
20.7053840	78.6211167		
20.6975626	78.6344186		
10.9585753	79.3917638		
27.3418387	95.4072527	Assam Gas Based Power Plant Bokuloni	
26.9847929	94.9304693	LTPS	
26.9158231	75.8461814	Surajpole Anaj Mandi	
21.6422674	69.6230297	Natwar Oil Industries	
21.6422656	69.6238123	Gokani Oil industry	
26.8783243	75.7527097	Metro Depot	
26.7762845	75.8353992	Sitapura Industrial Area	
26.7736746	75.8518461		
23.4766041	87.3973689		
19.0992409	77.9731134		
10.7410191	78.7168676		
10.7386848	78.7176262		
10.7390628	78.7146628		
10.7423084	78.7140916		
10.7384780	78.7155498		
10.7462283	78.7278704		
23.4421632	87.4868604	Matix Fertilizers & Chemicals Ltd.	agriculture
26.9258326	75.7765429		
10.6256337	76.9043773		
10.6348426	76.8992745		
10.7022792	78.7286328		
10.6601529	78.7388442		
10.7035577	78.7233521		
10.7041037	78.7282419		
10.6497422	78.7415460		
10.6585796	78.7391558		
10.6504092	78.7675788		
10.6508934	78.7646239		
10.7114342	78.7894353	Heavy Alloy Penetrator Project	
10.6528224	78.7634261		
29.7238932	73.8690170		
11.2054136	78.2249576		
11.1742527	78.1990990		
11.1608589	78.2079610		
11.1804760	78.1976585		
20.9710485	86.0097568	TATA Steel	
20.9369899	86.1672038		
20.9371854	86.1671908		
20.9515199	86.1367248		
20.9380329	86.1621436		
15.3985839	75.0734759	N. S. Infotech Ltd	
30.4665008	76.7862372	Bharat Petroleum Gas Plant	
18.8811927	72.9707029	Uran	
12.9700370	76.1189938		
12.9657728	76.1128306		
12.9674073	76.1186502		
12.9630839	76.1234804		
12.9694066	76.1136142		
12.9626736	76.1122855		
12.9610706	76.1074835		
12.9707079	76.1129978		
12.9715356	76.1122790		
12.9664270	76.1097798		
12.9660858	76.1167206		
12.9797824	76.1235039		
12.9817515	76.1184753		
12.9722624	76.1213365		
12.9739186	76.1101721		
12.9738890	76.1131783		
12.9742440	76.1210948		
17.7407468	78.4711793		
17.2973138	73.2120345	JSW Ratnagiri Power Plant	
26.8680056	69.5753542		
26.8648679	69.5713820		
27.0799490	69.6595861		
27.3837379	70.1133593		
12.9589850	76.0997017		
12.9822787	76.1116002		
12.9509124	76.0964218		
12.9564462	76.1013284		
12.9748915	76.1092933		
14.3991368	75.9599143	NTC - Yellamma Mills Area	
14.4273271	75.9639002	Anjaneya Mills	
14.4315287	75.9369324	Vinayaka Rice Mills	
14.4776321	75.8638340	Bathi Dairy	
11.8022886	75.4907295	"Traco Cable Company, House Wires Unit"	
13.0079908	76.1282487		
13.0036450	76.1364600		
13.0106271	76.1299599		
13.0104874	76.1270828		
11.0763397	79.8448904		
17.5305761	78.1719187		
29.4485717	74.6560856	Food Corporation of India	
30.3782603	75.8496097		
10.7513439	76.7260534	"SSS Food Production, Ennappadam"	
11.0747449	79.8512320		
10.6222895	76.7908647		
11.5400453	79.4843581		
14.5591968	75.7372194	Ramco Industries	
14.5280987	75.6939607	Vekatehwara Hatcharies Pvt Limited VHPL	
18.5320864	73.8927978	Food Corporation of India	
10.8498200	76.8352235	Malabar Cement Factory-Walayar	
10.3517638	76.2726857		
24.7888867	85.2806410		
11.4674556	75.8730981	Kerala State Industrial Development Coorporation	
11.3611660	77.7412527		
11.3603777	77.7335940		
11.3607090	77.7316033		
11.3607952	77.7320931		
11.3602456	77.7314977		
11.3595207	77.7314149		
24.8590388	85.5461534		
8.5087688	76.9469650	Vikasbhavan KSRTC Bus Depot	depot
26.7286913	94.1928437		
26.7670153	94.2368228		
25.0943761	85.5537823		
25.0952140	85.5208632		
25.2511456	85.5547409		
13.0155161	80.0818057		
17.4471305	74.9565998		
19.1540722	72.8371827	Goregaon BEST Bus Depot	depot
19.0753042	72.8759232	Kurla BEST Bus Depot	depot
19.0768690	72.8746864		
18.9958535	72.8520185		
18.9943292	72.8509375		
18.9964512	72.8517538		
15.4097603	75.0647655	Indian Oil Corporation Limited	
15.4125295	75.0724178	Government Tool Room and Training Center	
15.4143216	75.0669453	Hindustan Petroleum Corporation Limited Depot	gas_storage
8.1725383	77.7055336	Kudankulam Nuclear Power Plant	
18.5173482	73.9170934		
10.6470351	76.8195513	Coca Cola Company	
13.2356943	80.1983221		
25.3564900	87.6231634		
25.3592919	87.6280210		
25.3612188	87.6252743		
13.1971293	80.1552102		
13.1981010	80.1524740		
25.4045766	87.8806081		
25.4143938	87.8906170		
13.2187160	80.1633776		
17.5640681	83.1395378	Vizag Thermal Power Station	
17.6176525	83.1656648		
13.1830311	80.1273256		
21.7357181	84.0548420		
13.1936480	80.1128512		
13.1832648	80.1042386		
15.0060977	77.0015956		
8.8165830	78.0896501		
8.8851369	78.0544525	Thoothukudi IBTPL power station	
19.1493478	74.6919224	Avihas Electricals Pvt. Ltd.	
14.7882426	77.3065234		
14.7953065	77.2932178		
11.5153732	79.3323474		
13.0986592	77.5703167	Yelahanka	
26.0922727	87.9587557		
25.4000467	87.6176424		
25.4079399	87.6165137		
15.4197684	75.0433168	Sattur Industrial Area	
17.9907600	78.6032802		
8.8724154	76.6308302	UNILEC	
9.8174098	76.4800545	Meriya Petroleum Gas Bottling Plant	
18.0439024	74.3203137		
15.3764292	75.0480228	Gamanagatti Special Economic Zone	
22.0670418	88.0846646	Adani Wilmar Limited	
15.3842274	75.1098560	Food Corporation of India	
19.6013323	73.3685169		
25.6482582	85.0925428		
25.6331876	85.1022385	Patliputra Industrial Area	
22.0445200	88.0614157		
22.0588239	88.1125248		
22.0618224	88.1241444		
23.2696451	77.4209473		
20.6199977	79.8635034	Shri Balaji Rice Products	
21.3352311	79.3872315	Rice Mill	
21.3351580	79.3873373		
19.5484538	73.3597441		
19.5465144	73.3612093	Amul Milk Factory	
19.5384308	73.3531666	Western Refrigerator	
19.5353998	73.3488601	Global	
19.5317448	73.3445733		
13.0081220	77.5511997	BWSSB Rajajinagara	
10.2838340	76.8641821	Tata Tea and Coffee Factory	
20.6028088	79.8763644	Ramdevbaba Solvent Pvt. Ltd	
12.8383888	77.7013115	Anand Brick Factory	
25.5124058	87.6120807		
25.5203841	87.6148950		
30.3354340	77.9705858	Amitabh Textile Mill	
25.2583499	88.7960461		
31.0360390	77.1091989		
21.7069628	72.6115622	DGEN Mega Power Plant	
22.8929928	69.8961685	OPG Power	
21.3639620	79.2218853		
25.2477638	88.7889862		
25.2537187	88.7889407		
21.3713356	79.3416262		
30.5547477	76.5694192	Rajpura Thermal Power Plant	
25.2100546	88.7677414		
20.5942492	79.7687786	Sahara Industries	
20.5303509	79.7299103		
20.5974952	79.7812343		
20.6043277	79.8142026		
20.6055066	79.8154189		
21.3278169	79.4348592	Rice Mill	
21.3228898	79.4496223	Rice Mill	
24.7875131	75.0878578	Padliya	
20.5313072	79.7276303	Gayatri Rice Mill	
17.1103766	77.1315316	Orient Cement	
25.8592472	74.6566768	Gulabpura	
27.5404119	71.9223729		
27.3743608	72.1429931		
27.4481553	72.3457110		
27.4510933	72.3400226		
27.5189782	71.9291458		
27.3911207	72.1360925		
27.3804209	72.1379696		
27.5407329	71.9142311		
27.5406909	71.9113744		
27.4609241	72.2697283		
27.3620108	71.7083537		
25.3340120	88.7386717		
12.9240792	77.5580746		
12.9414173	77.6253365	BMTC Depot 15 (Koramangala)	depot
25.2311883	86.9474809		
20.5258992	79.9224172	Jagdamba Rice Mill	
20.5452228	79.9078054		
22.8630384	78.8643595	Gadarwara Super Thermal Power Station	
27.3544222	81.5175249		
30.3566969	76.3594332	Biogas Plant	
23.1642360	81.6339262	Amarkantak Thermal Power Station	
22.8376403	86.0593502	Mahadev Prasad Super Thermal Power Plant	
17.6188306	83.1938819	Visakhapatnam Steel Plant	steelmaking
18.9146034	72.9932203		
18.9175880	72.9911156		
18.9161571	72.9921200	Jawaharlal Nehru Port Trust	
26.4757120	81.5611546		
18.2832236	84.0466593		
17.0105247	82.2752564		
17.1059144	82.2576378		
29.6597063	75.6944231		
29.6605808	75.7134547		
29.6609756	75.7193602		
17.1033067	82.3484684		
17.3798809	82.7226126		
29.3706063	75.8936951		
29.3650500	75.8681471		
29.3723091	75.8907484		
29.3720336	75.8923537		
29.4035882	75.8894165		
18.2791874	84.0584255		
18.2997623	84.0059458		
18.3750133	83.9979906		
18.2673005	83.9180755		
18.2919369	83.9479039		
18.3234937	83.9561534		
18.2658811	83.9170900		
18.2941632	83.9455550		
18.3356501	84.0846034		
18.2970378	83.9643056		
18.2899808	83.9463975		
18.2907769	83.9482649		
18.2520602	83.9324857		
18.1286627	83.6403448		
18.1360051	83.6236054	Aurobindo Pharma	
18.1491744	83.6110982		
17.0207013	82.2849220		
17.0574855	82.3096041	Spectrum Power Generation Kakinada Plant	
16.4866879	82.0889511	Cairn Refinery	refinery
21.3161693	79.2307789	ADM Agro Industries (I) Pvt. Ltd.	
18.9571050	73.1609828		
18.9684714	73.1620822		
18.9591016	73.1697748		
12.9830466	77.5931834	"All India Radio, Bengaluru"	
18.5401934	84.2955963		
20.7308685	83.4537773		
20.7327383	83.4636869		
20.8066389	85.2536075	Meramandali Power Station	
20.8652362	85.2653241	Kamalanga Thermal Power Plant	
18.3714186	83.8552476		
14.5662751	74.3544320		
22.0734524	88.1595255		
22.0781903	88.1620700		
22.0731262	88.1618133		
22.0818587	88.1668612		
22.0941558	88.1731272		
12.0396256	79.8534751		
22.4237028	88.1486159		
22.9553488	88.3925789		
12.9868334	80.2587347	திருவான்மியூர் எம்.டி.சி. டிப்போ	depot
24.5113052	86.6365027	Oil terminal	
17.7057657	83.2398224	Visakhapatnam Refinery	refinery
17.7163862	83.2618670		
17.7061563	83.2562099		
17.7162868	83.2485901	Hindusthan Petroleum Corporation Limited	
17.7155872	83.2403758		
17.7068605	83.2527389		
17.7039502	83.2492644		
17.7122975	83.2405352		
17.7111982	83.2364894		
17.7116806	83.2491016		
22.4937353	88.1759153		
22.7892392	88.3164506		
22.7300375	88.3156955		
22.7318847	88.3135798		
22.7522903	88.3205945		
28.4817915	77.6481768		
28.4677093	77.6646085		
28.4819239	77.6616671		
15.3354617	76.2538629	Hospet Steels	
22.0885222	88.1125623	Electrosteel Castings Limited	
17.6589228	83.0788692	Jawaharlal Nehru Pharma City	
8.6979507	78.1290355		
21.5469469	78.8192265	Raymond Textile	
27.6459451	79.7917838		
27.6809877	79.7976871		
25.9570627	80.8406524		
12.9358675	79.1578427	Vellore Aavin Milk Cooperative Society	
15.3520114	75.1083977	VRL Workshop	
21.3950941	76.2635537	Naval Singh Sugar	
14.4630812	78.2385457	Pulivendula	
14.9480647	77.6849195	Megha Solar Plant	
8.6360447	76.7857946	Perumathura Fishing Harbour	port
21.7523249	71.9504001		
21.7640118	71.9488229		
20.3287930	75.6639619		
12.8861781	77.4442511		
12.8861630	77.4468896		
12.8870811	77.4412848		
12.8897115	77.4548032		
12.9052038	77.4732991		
12.8892640	77.4518980		
12.8868036	77.4519074		
12.8894860	77.4365636		
12.8884260	77.4477782		
12.8925115	77.4554189		
12.8884070	77.4444965		
12.8897067	77.4390489		
12.8942985	77.4582875		
12.9302003	77.5062968		
12.9188092	77.5110887		
12.9296424	77.5043137		
12.9278849	77.5046339		
12.8663103	77.4591893		
27.4700566	83.4391117		brickworks
27.4460509	83.4013823		brickworks
27.4689590	83.3961828		brickworks
12.9508419	77.6067175		
12.9682281	77.7004740	ISRO	
11.8377881	75.5876316	Aysha Hosiery Factory	
11.8267855	75.6130730	Kerala State Industrial Development Corporation Industrial Growth Centre	
11.8261987	75.6089611	Rubco Industrial Complex	
11.1756771	78.1978800		
11.2507293	78.1235284		
9.5582108	76.5063818	Kottayam Port And Container Terminal (KPACT)	port
9.5690154	76.5181017		
9.5695020	76.5209915		
11.6680034	77.5917883		
17.7093194	83.2263413		
17.7163406	83.2080540	GAIL (INDIA) LIMITED VSPL	
17.7199636	83.2742241		
12.9461319	76.0915111		
12.9525466	76.1274540	Allana Coffee Curing works	warehouse
12.9649132	76.1301998		
12.9635514	76.1279923		
17.7295156	83.2870330		
9.5754741	76.5208879		
9.5657225	76.5230086		
13.0945175	77.6063449	Sewage Treatment Plant	
11.9819957	79.7770752	Morning Circle	
23.2025830	77.0995596		
23.2079632	77.0727255		
23.2118433	77.1262355		
23.2108080	77.1225931		
11.9820684	79.7773060	Wood Cutting	
11.9818264	79.7766364	Laundry	
28.5047441	77.2767645		
15.5063678	74.9157756	Belur Industrial Area	
22.1503050	85.5118382		
8.4601915	77.6380976	Nanguneri SEZ	
8.4891340	76.9517338	KSRTC Depot	depot
8.4849264	76.9506243		
29.5725544	73.7291865		
28.4316886	77.2002892		
15.4327825	75.0241365		
9.9684739	76.2951157		
26.4745287	86.5801103		brickworks
26.4903674	86.5787940		brickworks
26.4617922	86.6277333		brickworks
21.3175093	71.6732346		
8.9079037	76.6406322	Riza cashews	
15.4170649	75.0455649		
8.9066234	76.6379400	welding workshop	
8.9072489	76.6361110		
8.9039438	76.6237718		
9.9773519	76.2418338	CAP seafood	
9.9750668	76.2431327	Sea Blue Shipyard	
18.4460247	73.8198617	Anant Industrial Estate	
13.2530259	77.7156363		
13.2554852	77.7019845		
13.2414654	77.7052086		
13.0250148	77.5480094	Suryodaya Industries	
16.5053241	75.8371387	Kudgi Super Thermal Power Project	
10.0428912	76.2273879	P J Marketing	
29.1415087	78.9645215	Gama Infraprop Private Limited	
29.1550980	78.9752716	Kashipur Sravanthi power station	
28.1168630	76.8114378	Honda Cars India Ltd.	
28.1249426	76.8113320		
28.1229043	76.8095706		
28.1266909	76.8208384		
28.1280752	76.8196124		
28.1259746	76.8167931		
28.1136288	76.7987657		
28.1173953	76.8000397		
28.1191831	76.8006821		
28.1318562	76.8172694		
28.1118005	76.7984187		
28.1297889	76.8144003		
28.1137112	76.7968000		
28.1282714	76.8124290		
28.1191344	76.7988745		
28.1169662	76.7981199		
28.1157941	76.7994346		
28.1296105	76.8179232		
28.1291287	76.7768727		
28.1237997	76.7824917		
28.1251726	76.7868780		
28.1205463	76.7843613		
28.1214349	76.7840036		
28.1237609	76.7849020		
28.1229194	76.7852836		
28.1249555	76.7889919		
28.1225348	76.7851371		
28.1193070	76.7831778		
28.1188299	76.7836952		
28.1241943	76.7887324		
28.1213904	76.7816218		
28.1190195	76.7830662		
28.1209367	76.7845127		
28.1234404	76.7854770		
28.1219536	76.7842048		
28.1198624	76.7833935		
28.1201509	76.7842078		
28.1226061	76.7844597		
28.1195906	76.7832880		
28.1222176	76.7843073		
28.1211677	76.7838999		
28.1222699	76.7850300		
28.1263122	76.7900209		
28.1216959	76.7841049		
28.1219989	76.7849248		
28.1192353	76.7838526		
28.1198886	76.7841061		
28.1232398	76.7847031		
28.1201255	76.7834955		
28.1217315	76.7848211		
28.1196288	76.7840053		
28.1254398	76.7899806		
28.1206455	76.7836973		
28.1213340	76.7846669		
28.1265735	76.7873748		
28.1223420	76.7783960		
28.1249233	76.7787098		
28.1188337	76.7856266		
28.1204444	76.7861958		
28.1210043	76.7858383		
28.1200268	76.7860487		
28.1185636	76.7844290		
28.1233705	76.7862070		
28.1212115	76.7859140		
28.1185059	76.7855110		
28.1202311	76.7861213		
28.1231687	76.7871679		
28.1195838	76.7858916		
28.1218347	76.7856327		
28.1215384	76.7865830		
28.1229448	76.7865307		
28.1207680	76.7863112		
28.1198094	76.7859715		
28.1227363	76.7870238		
28.1220723	76.7862187		
28.1191574	76.7857406		
28.1210811	76.7864240		
28.1193688	76.7858151		
28.1188448	76.7850767		
28.1182874	76.7854339		
28.1220877	76.7868078		
28.1232335	76.7866334		
28.1214202	76.7859879		
28.1206832	76.7857270		
28.1193913	76.7847325		
28.1226179	76.7864148		
28.1223039	76.7868797		
28.1196048	76.7848112		
28.1213626	76.7854603		
28.1218715	76.7867357		
28.1198150	76.7848886		
28.1201460	76.7855361		
28.1229525	76.7870959		
28.1203630	76.7856146		
28.1197172	76.7853846		
28.1222903	76.7862931		
28.1212890	76.7864953		
28.1192785	76.7852302		
28.1200278	76.7849671		
28.1194960	76.7853077		
28.1206842	76.7852089		
28.1190592	76.7851529		
28.1202444	76.7850477		
28.1204642	76.7851273		
28.1199290	76.7854614		
28.1230289	76.7875556		
28.1225201	76.7869519		
28.1223546	76.7873710		
28.1215995	76.7855440		
28.1210225	76.7853301		
28.1213857	76.7870123		
28.1185180	76.7849631		
28.1225825	76.7859108		
28.1229589	76.7860506		
28.1222050	76.7857714		
28.1217442	76.7861016		
28.1226734	76.7874557		
28.1220153	76.7872715		
28.1189767	76.7845782		
25.3519769	86.0012196		
16.3108170	80.3666990		
16.3122327	80.3640892		
19.0002656	72.8298520		
30.1135373	78.2955358		depot
21.0112649	71.4739098		
21.0092819	71.4704015		
21.0337501	71.4441875		
34.2718467	74.7636849		
34.2828022	74.8174632		
34.2180082	74.7708491		
34.0410988	74.9709944		
13.1101674	77.5791782	BMTC Depot 11 (Puttenahalli)	depot
13.1498911	74.8072330	Nandikur Industrial Area	
12.9004252	77.6507074		
25.5993710	85.1355152	Karbigahiya Thermal Power Plant	
13.1188003	77.5108194		
13.1162639	77.5086549		
13.1208535	77.5132066		
13.1068962	77.5081748		
13.1127399	77.5057877		
13.1185770	77.5339759		
10.7126797	76.1363932	Kadangode Quarry	
13.3446124	77.0804127	Vin Motors	
13.3466335	77.0839659		
13.3433574	77.0927810		
13.3452913	77.0744266		
12.9779161	77.7054383	CVM Precision	
12.9746343	77.7078511		
12.9846888	77.7071697		
12.9767738	77.7074554		
12.9752851	77.7059057	Big Basket Warehouse	
12.9829178	77.7071844		
12.9833154	77.7109279		
12.9836729	77.7072416		
12.9767297	77.7066939		
12.9778095	77.7066972		
12.9805138	77.7060856		
12.9821587	77.7074348		
12.9667519	77.7211033		
12.9660070	77.7220622		
34.2678663	74.7521943		
34.2462981	74.6459735		
34.2488433	74.6450588		
22.3758994	73.1007284	Vadodara Power Plant	
23.6788972	68.7654929	Panandhro	
24.7156210	75.9535075	Mangalam Cements	
23.3396589	75.0523094		
17.0006483	81.6681958	Jeypore Sugars Ltd	
30.6939890	76.2912377	B.S. Machine Tools	
12.4470584	75.0557180		
30.2643701	75.1629464		
32.5066571	76.1700574	Chamera II Power Station	
34.0035186	74.9172923	Pampore Power Plant	
22.5142710	88.4062268	Kasba Industrial Estate	
34.1317027	74.1142961		
34.1242070	74.0888419		
34.1303439	74.1084193		
28.4327057	77.1019995	Sector 54 Gurgaon Metro Rail Depot	depot
28.4955945	77.0694729	Maruti Suzuki India Limited	
25.6492761	85.0817769		
25.6504898	85.0824930		
16.1944121	76.6533556		
22.4970279	88.5167580	Kolkata Leather Complex	leather
19.0077866	72.9194658		
18.7125423	73.6398051	Urse	
17.2608482	76.0471273	Dnyanayogi Sugars Ltd.	
17.1256096	76.1308873		
17.1216711	76.2041391		
17.0269278	76.2746383	Manali Sugar	
21.1022781	81.0259007	BNC Mill (abandoned)	
25.1433540	81.9525780	Meja Thermal Power Station	
25.1982506	81.6552633	Prayagraj Super Thermal Power Station	
13.0048589	80.2031195		
13.0019293	80.2012357		
17.5934702	82.7442736	Anrak Makavarapalem Smelter Power Plant	
17.6061121	82.7466116	Anrak Aluminium	
18.9737709	72.8438295		
27.3474697	71.6921681	DDE Renewable Energy Pvt. Ltd	
27.3601846	71.6920758	Electromech Maritech Pvt. Ltd	
27.3633683	71.6920867	Finehope allied Engg. Pvt. Ltd	
27.3665318	71.6921058	Khaya Solar Energy Pvt. Ltd	
28.1818839	73.2387230		
27.3538443	71.6920730	Newton Solar Pvt. Ltd	
27.3506555	71.6921681	Saidham Overseas Pvt. Ltd	
27.3569889	71.6920865	Vasavi Solar Power Ltd	
24.7935639	78.6466009	Lalitpur Thermal Power Station	
13.0263685	77.5128147	Avana Electrosystems Pvt Ltd	
23.3542157	85.3625413	High Tension Insulated Factory	
22.3833390	75.0774102	LIME STONE QUARRY	
22.4196988	75.0689603	MAHINDRA CEMENTS KHETAN GOLD	
23.6212834	85.2752153	Patratu Thermal Power Station	
10.7236860	76.3559307	Mangalath Granites	
10.3565581	76.2149138	KLF	coconut_oil_refinery
21.1917406	72.7958929	Gujarat Gas Company LTD.	
15.1822565	77.1043159		
32.7022751	74.8843475		
32.7148899	74.8819408		
32.6980238	74.8850956		
34.2828037	74.4349438		
32.1379686	75.4444896		
19.1113377	72.9244428		
19.1099849	72.9245877		
19.1131411	72.9214941		
15.5618002	76.7795782		
22.4137180	70.0564002	GIDC Phase 2	
22.4153171	70.0467143	GIDC Phase 3	
29.1360585	76.6852983	FCI	
28.6870334	77.0229374		
28.6710092	77.0516640		
28.6764612	77.0409932		
28.6854494	77.0377563	Mundka Industrial Area	
28.6918818	77.0263485		
28.6809453	77.0496477		
25.4527509	75.6338005		
23.6690678	87.0634058		
22.4730998	70.0322672	Digjam Textiles LTD	
30.4963287	76.6129178	Amrit Banaspati Pvt. Ltd.	
30.4952829	76.6100184	Hindustan Lever Limited	
30.5012445	76.6201115	Jalan Cryogenics	
29.3929439	75.7969916		
29.3911932	75.7960930		
29.4256294	75.8237173		
29.4229624	75.8160687		
29.4230719	75.8121979		
12.9562091	80.0422413		
29.7459343	78.0298655		
16.6637448	79.2621326	Nagarjunasagar Left Canal power plant	
22.5176322	70.0300247		
22.5481146	70.0319572		
22.5678079	70.0423785		
22.5192853	70.0268359		
22.5143900	70.0286886	Jamnagar Port	
11.7754657	77.8154167	Mettur Thermal Power Plant	
19.0069007	72.8990824		
19.0121299	72.8889388		
19.0076747	72.8997063		
19.0241665	72.8876147		
19.0163657	72.8941519	Mumbai Refinery Mahul	refinery
19.0029988	72.8943537		
19.0126505	72.9035246	Mumbai Refinery	refinery
19.0229608	72.9052066		
19.0123015	72.8583993		
19.0116240	72.8651532		
19.0149484	72.8647535		
19.0321620	72.8859844		
19.0432548	72.8676957		
19.0449880	72.8684449	Nirmal Industrial Estate	
19.0469921	72.8789617		
19.0024144	72.9083046		
19.0005717	72.8995227	Trombay Thermal Power Station	
19.0029725	72.9033569		
19.0376217	72.8916060		
18.9984217	72.8438256		
18.9789537	72.8333542		
19.0510037	72.9178182		
19.0514420	72.9197133	CPP Ltd	
19.0661508	72.8620638		
19.0635013	72.8633724		
14.4515173	78.8316071	Gas storage	
16.7052730	74.4569750	Deccan Mill	
23.6325092	86.2984935	Bokaro Steel Plant	
18.8843407	73.0483157		
16.6222278	74.3509256	Gokul Shirgaon Five Star MIDC	
19.4167568	72.8178683	Depot	depot
19.1129331	73.1271390		
19.1068302	73.1269162		
19.1120510	73.1236796		
22.2722912	73.1631598		
22.2780476	73.1606278		
22.2739541	73.1625777		
22.2877339	73.1772065		
16.8805600	74.5886933	Vasantdada Shetkari Sahkari Sakhar Karkhana	
10.4312732	76.2339380		
10.6339283	76.1625772	Kallu Mada	
10.6616133	76.1510387	Paper printing industry	
10.6518191	76.1741930	Malabar steel Industries	
10.6507524	76.1724928	Sharwill Steel Industries	
10.6508597	76.1722563	Legend industries	
10.6548367	76.1584545	sollid Cement and brick Factory	
10.6655500	76.1790537	TSG company	
10.6524448	76.1644919		
10.6423823	76.1780995	Quality Ploypack	
10.6692793	76.1428492	"PAB Productions (Hollow Bricks,Tiles)"	
23.7085512	84.7737493	Tori Power Project	
10.6518650	76.1707522	Emerald Trading Company(glass solutions)	
10.6511790	76.1719060	Sivani Enterprise(Coir bed finishing)	
10.6413124	76.1788921	Praveen International Packing Solutions	
23.6647835	86.4456596	SAIL Chasnalla ADM Building	
23.6805980	86.3457230	SAIL Parbatpur colliery Area	
23.6823271	86.3520607	SAIL Parbatpur Colliery	
24.7703771	84.1600811	Nabinagar Super Thermal Power Project	
16.3021616	77.3609322		
16.2958160	77.3581065	Yermarus Thermal Power Station	
16.7488692	74.5857453	Datta Shakari Sugar Factory	
17.2827977	74.1830545	Karad Bus Depot	depot
16.7024296	74.2438258	Depot	depot
27.4891001	94.9295159		
27.4859842	95.3672746	FCI	
27.1116963	94.8846580		
27.2966186	95.7355741		
19.0315769	72.8465962		
27.3415292	80.1541810		
27.3472962	80.1512915		
27.3433874	80.1104071		
27.3413478	80.1082807		
22.0212432	83.3032075		
22.0598514	83.3401307		
22.0292711	83.3108356		
26.7930202	93.5578920		
13.3252393	74.7267323	Marble Workshop	
17.4311583	78.8233530		
29.5193350	75.4425663		
19.1014522	72.8700212		
18.9672007	72.8498615	Mazagon Dock Shipbuilders Limited	
18.9646192	72.8427319		
18.9647202	72.8399238		
18.9642433	72.8431245		
17.1608407	77.2941352	Vasavadatta Cement	
29.0790068	79.1759777		
29.0806935	79.1733799		
19.0886465	72.8946097		
19.0869667	72.8955678		
19.0753678	72.8694640		
15.5729642	80.1754950	Veeranjaneya Rice Mill	
15.5730185	80.1750551	Prakasam SubStation	
25.0608729	75.8424135		
14.4552116	75.9303089	Ganesha Textile Mills	
18.7671355	79.4502796	Ramagundam B thermal power plant	
18.7564751	79.4604408	NTPC Ramagundam Thermal power plant	
22.3419078	82.4337860	Bhandhakhar Power Station	
22.3976326	82.7403829	Balco - III	
22.3935587	82.7435708	Balco-II Power Station	
22.3945873	82.6739500	Balco-I Captive Power Plant	
22.3871500	82.5524300	Kasaipalli Power Station	
22.3405148	82.4955104	Ratija Power Project	
22.2953082	82.5276520	S V Power Private Limited Renki	
13.4599633	74.8388642	"Surendra shetty, Rice mill"	
13.4550132	74.8247565	TNS tiles factory	
13.3987426	74.8305758	Kohinoor Industies	
13.4139173	74.8341018		
13.4827560	74.8304028		
12.9189654	77.4939686	Mailasandra Sewage Treatment Plant	
12.9589383	77.5273174	BMTC Depot 17 (Chandra Layout)	depot
15.2577361	74.0137479		
15.2891359	73.9556762	Kadamba Bus Workshop	depot
15.4179801	73.9516890		
16.9429033	77.8619233		
16.6125029	75.3992064		
29.4663105	75.2642548		
29.4710370	75.2668941		
19.4669804	72.8176698		
17.6430147	75.9172274	Industrial Estate Hotgi Road sub station	
15.9098657	73.8214970		depot
31.3900472	75.1524946	Goindwal Sahib thermal Power plant	
19.0908419	72.8374658	Santacruz BEST Bus Depot	depot
14.2761719	74.4406363		port
16.0129130	73.6938743	Bus Depot	depot
15.9918525	73.6808386		
15.9961982	73.6738407		
15.9894991	73.6625059		
17.6807130	75.9275641	Solapur APMC Market Yard	
27.1166267	72.7791912	Jatisara	
26.8716159	71.9081948	Pokhran Seamless	
26.8612268	71.9937573		
26.8351456	71.8141806	That	
13.7267539	77.5622024	Gowriganipalli	
13.0269977	77.7348846		
13.0302898	77.7309859		
13.0298648	77.7328686		
13.0290443	77.7359962	NSP Electronics Limited	
22.0717744	78.9017142		
10.5975895	79.4150115	Rice Mill	
23.5304820	87.2499002	Durgapur Thermal Power Station	
10.6700899	79.0744572	Kurungulam Sugar Mill	
12.6831135	77.4438935	Harohalli Industrial Area Phase 1 and 2	
13.0081112	80.1554843		
12.9201725	77.5993511		
13.7701223	76.7629472		
13.7568007	76.7680796		
10.8623360	79.8179266		
10.8528065	79.8241311		
10.8611079	79.8194728		
10.8510840	79.8298879		
10.8530413	79.8316420		
10.8338133	79.8424914	Karaikal Port	
30.9227711	76.8273871		
30.9504201	76.8208774		
30.9271014	76.8262392		
30.9241447	76.8290394		
30.9410768	76.8172216		
30.9489916	76.8176561		
30.9546985	76.8167925		
30.9532470	76.8226344		
30.9178488	76.8354982		
30.9347123	76.7913383		
30.9291491	76.8280175		
30.9655317	76.7627486		
30.9289030	76.8313890		
30.9786962	76.7938314		
30.9193650	76.8490005		
30.9312429	76.8381992		
30.9241079	76.8004410		
30.9103773	76.8310082		
30.9959780	76.7515182		
30.9454146	76.8449717		
30.9889606	76.7743009		
30.9392537	76.7849792		
30.9617161	76.8090462		
30.9608289	76.7604580		
30.9884696	76.7682766		
30.9915519	76.7627285		
30.9868078	76.7600209		
30.9140546	76.8293130		
30.9647636	76.7582479		
30.9618909	76.8158751		
30.9542706	76.7807462		
30.9785853	76.7560913		
30.9784399	76.7623692		
30.9758993	76.7619708		
30.9536220	76.7887976		
30.9300982	76.8333068		
30.9952146	76.7720425		
30.9446599	76.7830342		
30.9589767	76.7679052		
30.9826415	76.7823797		
30.9374293	76.8404158		
30.9259946	76.8440195		
30.9209970	76.8023059		
30.9221544	76.8007421		
30.9230817	76.7989826		
30.9716350	76.7647630		
30.9640115	76.8015226		
30.9283692	76.8358147		
25.6591645	84.9570462	Brickyards	brickyard
9.8051432	78.5150623		
16.7129190	74.4433211	Panchganga Co-Operative Sugar Mills	
28.2695494	77.4564888		
28.2727033	77.4499481		
28.2780589	77.4561580		
18.2930363	79.1242955		
28.3944954	77.4293798		
28.4111711	77.4098855		
17.6122653	75.9459245	Shri Siddheshwar Sugar Factory	
22.4243300	85.7542940	ACC Cement Ltd.	
22.2623933	70.8297175	Sahjand Industrial Area	
22.2635869	70.8255141	Maruti industrial estate	
9.5713590	77.9441132		
25.4069626	86.4254279	Brickyards	
10.4252199	78.7821811	SIPCOT Industrial Area	
26.5765193	82.5852829	JP Cement Factory	
26.4734115	82.4159092	Akbarpur Sugar Mill	
25.4412301	86.0480409		
25.4228855	86.0729097		
29.0502892	73.0856960		
17.8669069	75.0075099	Maharshi Shankarrao Mohite Patil Sahakari Karkhana Ltd	
17.8961298	75.0576442	Saswad Mali Sugar Factory	
22.4380851	73.2131496	Savli GIDC Manjusar	
17.6419802	75.9192848	Industrial Estate	
10.7390171	78.8570999		
17.6600879	75.9370101	MIDC	
8.5362890	76.9271088	Kerala Water Authority	
10.8107671	76.0376040	Anakkara Food Processing & Exports Pvt	
15.8187126	74.4863150		
15.8211584	74.4927072		
15.8137970	74.4889415		
15.8144173	74.4941293		
10.8823834	76.0313568	Crescent Hollow Bricks	
10.8788978	76.0347149	Hajar Industries	
10.8759582	76.0320370	Amra Hollow Bricks	
24.4053347	75.8158509		
17.2821652	78.7923926		
10.8046358	76.1919272	Mini Industrial Estate	
9.0650407	76.5439977	Food Corporation of India Godown	
9.0004143	76.5219842	KMML	
19.7003684	75.3002911		
12.9032303	77.7053698		
12.9043075	77.7032834		
12.9050944	77.6993495		
25.1726539	73.0915247		
25.1290556	73.0500483		
25.1651516	73.0909092		
25.3546539	73.1979129		
22.0034145	78.9378720		
9.5968201	77.9555350		
10.6081180	76.2149989	Rajagopal Spinning Mill	
25.5566512	84.8580897	Oil Depot	
23.2836100	72.4417009	Asian Tubes Limited	
14.7079172	74.2573915	Belekeri Port	port
12.9893406	77.7528082	Whitefield Metro Depot	depot
17.2734515	74.1894584	Shinde Fertilizers	
25.1642634	73.0844887		
25.1620865	73.0924734		
19.7127408	75.2990042		
19.7200013	75.2970976		
19.7304064	75.2941928		
19.7305225	75.2902963		
19.7348165	75.2911268		
19.7374005	75.2974333		
19.7414054	75.2957530		
19.7017796	75.2996680		
19.6962113	75.3028669		
19.8577025	75.3171050		
19.8567670	75.3175729		
19.8570957	75.3143106		
19.8561381	75.3195103		
19.8572007	75.3202965		
19.9037321	75.3640338	APMC Wholesale Market	
10.5423095	76.2212182	Tile Factory	
9.4498641	76.5515189	Kerala Water Authority	
26.7450181	82.1422964		
27.3869011	80.1551569		
27.3871091	80.1399366		
27.4107614	80.1216569		
27.4423704	80.0654278		
27.4667361	80.0819661		
27.4292826	80.1242071		
27.4377736	80.1244097		
27.4163702	80.1331161		
27.4223080	80.1384518		
27.3609634	80.1789578		brickyard
27.3564970	80.1653016		
27.3525229	80.2620333		
27.4455245	80.1778307		
27.4544546	80.1485170		
27.4683280	80.1482181		
27.5273160	80.2113565		
27.6172324	80.2148047		
27.6339195	79.9994974		
27.6387021	80.0253972		
27.6737956	80.0155715		
28.3218654	79.7370447		
27.9158814	80.0116395		
27.8594838	79.9565589		
27.8739339	79.9322374		
27.8842098	79.9564229		
27.8277861	79.9310789		
27.8322415	79.9305054		
27.8310539	79.9371634		
27.8318451	79.9396768		
27.8287760	79.9198225		
27.8325628	79.9205091		
27.8232947	79.9155444		
27.8378534	79.9242000		
27.8394173	79.9216555		
27.8358398	79.9201551		
27.8388412	79.9190985		
27.9889379	79.7478158		brickyard
27.8433193	79.8529116		
27.8315230	79.8487249		
27.8347908	79.8280752		
27.8539638	79.8384405		
27.8515814	79.8246044		
27.8143205	79.7371529		
27.8255392	79.7512243		
27.8180319	79.7740502		
27.9845406	79.7106075		
27.9593212	79.6687325		
27.7621533	79.8006634		
27.3496094	79.5952510		
27.3704368	79.5952726		
27.3557769	79.5622973		
25.1884848	73.1052755		
25.1682868	73.0936041		
27.3196212	79.5029507		
27.2180422	78.9910711		
27.2221170	78.9761031		
27.1917575	79.0051038		
26.8367048	79.0740610		
26.8564260	79.0687151		
26.8575493	78.9866915	Mother Dairy	factory
26.9352566	78.8574249		
26.9534730	78.8573817		
26.9744827	78.7804521		
9.5683596	76.7273407	Midas Polymer	
23.2257263	77.4408624	Sanchi Milk Factory	
21.2256380	81.3987777		
17.6872788	78.2056784		
17.6698312	78.1749880		
27.2223152	79.0036906		
27.7096098	78.9715857		
26.3423285	79.9796507		
26.3424545	79.9614952		
26.3270336	79.9734281		
26.3384662	79.9957119		
26.4188204	80.1086865		
21.2364785	72.8387653		
27.9319876	78.3939515		
21.2766103	81.6500151	Raipur Diesel Locomotive Shed	
21.2891943	81.6621960	Raipur Wagon Repairs	
26.6839930	79.2598747		
26.6547145	79.1310447		
26.6602013	79.1296883		
26.6522227	79.1004493		
26.5853473	79.2864408		
26.5843343	79.2724640		
26.5872677	79.2690737		
26.4928335	79.4341028		
27.7634573	78.3010514		
27.1762866	78.8142878		
26.7827039	79.0911918		
19.1432602	73.2916510		
18.9596696	73.0442349		
18.9615642	73.0576600		
18.9604786	73.0612101		
18.9603442	73.0654485		
26.7547934	93.0729854		
27.5526273	78.6881767	"Naveen Mandi,Etah"	
27.7699275	78.6264401		
19.7560200	75.2968057		
27.5059909	78.5970874		
27.5584653	78.4734494		
27.1994387	78.3963191		
27.1018683	78.4919302		
27.1791552	78.3547629		
27.1746815	78.3617067		
27.2117863	78.3044800		
27.1712830	78.3728103		
27.1699282	78.3687808		
27.1646018	78.3739149		
27.1682110	78.3703201		
27.9277583	78.0429620		
27.9539341	78.0800741		
27.9617371	78.0774414		
27.8624891	78.0426749		
27.8604726	78.0366620		
27.8579819	78.0375077		
27.8555593	78.0356701		
27.8595418	78.0488869		
27.8937546	78.0285180		
27.9740206	77.9980779		
27.8514176	78.1617939		
27.9367504	78.1394458	"UPSIDC Industrial Area, Talanagri"	factory
27.9788905	78.2031523		
27.9894939	78.1367529		
28.0127554	78.1328049	H'duaganj	
28.0058237	78.1312552		
27.9780744	78.1114409		
19.6171850	74.6710048		
19.6170588	74.6723090		
27.1800933	78.5291313		
27.0921628	78.6029373		
27.0882848	78.6065369		
27.0787251	78.6217362		
27.0909540	78.6287004		
27.0828319	78.6209965		
27.0835311	78.6280859		
27.0858444	78.6235683		
27.0851106	78.6121233		
11.7912865	77.8004413	TNSTC Mettur	depot
11.8111261	77.8299792		
11.8057649	77.8198887		
11.7992485	77.8397961		
11.8014576	77.8266486	Mettur Industrial Estate	
11.8212068	77.8498185		
11.8215520	77.8426033		
8.2545061	77.5365733		
26.8808487	78.3701047		
27.2262678	77.9406977		
27.2357526	77.5220013		
27.2407151	77.4913451	Printing Press Dainik Bhaskar	printing
27.1909942	77.4839614		
26.6161787	79.5421061		
27.0733695	69.6798931		
27.0586195	69.6966905		
28.4243599	74.4828871		
27.0654640	69.6510524		
26.8900809	69.5842232		
26.8298295	69.5872892		
26.8253856	69.6252723		
26.8657688	69.6489550		
26.9309821	69.6409217		
26.9113122	69.6198831		
26.9370582	69.6773147		
26.9070046	69.6929105		
26.8831250	69.6963230		
26.8523266	69.6794375		
26.7847297	69.6672328		
26.7688281	69.5036494		
27.5144505	70.0932577		
27.6760297	70.1103430		
27.6690891	70.1125644		
27.6803820	70.1113285		
27.6804730	70.1170767		
27.7400352	70.1377850		
27.7307654	70.1347721		
27.7439964	70.1381008		
27.7496394	70.1347305		
27.7537662	70.1212249		
27.7569165	70.1405879		
27.7695245	70.1334685		
27.7682159	70.1431933		
27.7749914	70.1485271		
27.8006646	70.1407852		
27.8016543	70.1337672		
27.7954404	70.1461611		
27.8060246	70.1475963		
27.8092744	70.1407135		
27.8143114	70.1464270		
27.7997401	70.1857469		
27.8188628	70.1715596		
27.8324377	70.1830688		
27.8321712	70.1976018		
27.8404004	70.1902944		
27.8359118	70.1858744		
27.8429464	70.1867453		
27.8481843	70.1903243		
27.8455845	70.2099213		
27.8209769	70.2028429		
27.8243257	70.2086196		
27.8160462	70.2053052		
27.7975684	70.2153758		
27.7153267	70.2619816		
27.6570991	70.2883638		
27.6061009	70.1935805		
27.6007834	70.1795607		
27.4920227	70.2655002		
27.4840346	70.2787506		
27.4871110	70.2762221		
27.5572210	70.0605544		
27.4383944	70.0014506		
27.4509199	70.0079504		
27.4536399	69.9839470		
27.4011275	70.0387697		
27.4108985	70.0410979		
27.4062587	70.1844430		
27.4989567	70.2515462		
27.3900050	70.1322731		
27.3959794	70.0715304		
27.2733487	70.1728456		
27.4329276	70.1707368		
27.5002656	70.3212348		
27.4064426	70.4789680		
27.3582349	70.4832309		
27.1772243	70.3140944		
21.3728817	81.4493775	JK Lakshmi Cement Ltd.	
21.3664824	81.4448843		
23.3134553	72.4361001	Torrent Pharmaceuticals Ltd	
21.2417332	81.5103361		
24.8222166	73.0093078		
24.7979170	73.0313571		
21.1471257	82.0301142		
22.1310722	73.1782251	Por Ramangamdi	
19.4726005	74.6228344		
24.8236274	73.0912139	Binani Cement	
21.2783753	81.5319855	Kedia Castle Dellon Distilleries Ltd	
23.6467551	85.4624534		
23.6223942	85.4536182		
16.7957968	74.2915967	Warana Industries	
19.2899975	72.8947048	Kapadia Compound	
19.2909632	72.8938778	Deepak Company	
19.2907518	72.8941712	Suryadipta Projects Pvt. Ltd.	
18.9703960	75.7668980	S.T Bus Divisional Workshop	depot
23.1786836	75.8145185		
23.4429014	75.4094151		
23.1712281	75.7556654		
23.1685464	75.7532056		
23.1677688	75.7563558		
23.1733638	75.7470155		
23.1754177	75.7537023		
23.1775851	75.7515699		
23.1517109	75.6695793		
20.5313590	85.9148885	UMSL Odisha	
20.4090264	85.3212345	"Laxmipathi Balaji Sugar & Distilleries Private Limited Unit -1, Sunapala"	
26.8208099	85.1790105		brickworks
13.2772779	80.2316301	Timber Cutting Yard	
13.2807097	80.2324577	Chandra CFS And Terminal Operators PVT LTD	
13.2816225	80.2131994	Bricks Company	brickyard
10.8245804	76.5950935	Parishad Production Centre-IRTC	
19.0110753	81.8279184		
10.8989769	78.8510784		
28.6375535	77.2549769	Rajghat Thermal Power Station	
28.6424527	77.2532476	Rajghat Bus Depot	bus_depot
10.8580697	78.8790865		
10.8626479	78.8764271		
10.8626426	78.8736603		
10.8633722	78.8718176		
10.8654110	78.8676549		
10.8615546	78.8653964		
10.8669771	78.8345216		
10.8754785	78.8483014		
10.8700183	78.8689534		
10.8688462	78.8680354		
10.8705175	78.8639282		
10.8822490	78.8855496		
10.9086431	78.6954618	Rice Mill	
10.9071643	78.7075291	Rice Mill	
10.9064192	78.7069084	Rice Mill	
10.9088969	78.7110813	Rice Mill	
10.9101190	78.7103920	Rice Mill	
10.9086573	78.7090408	Rice Mill	
10.9085894	78.7080565	Rice Mill	
10.9084156	78.7072008	Rice Mill	
10.9082641	78.7064384	Rice Mill	
10.9080298	78.7055459	Rice Mill	
10.9080903	78.7042852	Rice Mill	
10.9104093	78.7081336	Rice Mill	
10.9098767	78.7070406	Rice Mill	
10.9109848	78.7023071	Rice Mill	
10.9104753	78.7009637	Rice Mill	
10.9098006	78.7012074	Rice Mill	
10.9088896	78.7026196	Rice Mill	
10.9171625	78.6980089	Rice Mill	
10.9149125	78.6978568	Rice Mill	
10.9128610	78.6999536	Rice Mill	
10.9130546	78.6986523	Rice Mill	
10.9121815	78.6992745	Rice Mill	
10.9070211	78.7054697	Rice Mill	
10.9078142	78.6969021		
10.9085608	78.6968958		
25.3539663	83.0424566	Brickyard	
25.3547254	83.0466383	Brickyard	
25.2993144	82.9269018	Brickyard	
25.3746755	83.0541250	Brickyards	
10.9166011	78.6976447	Rice Mill	
10.9106876	78.7074306	Rice Mill	
10.9117029	78.7082554	Rice Mill	
10.9221895	78.7024886	Rice Mill	
10.9185877	78.6955404	Rice Mill	
10.9172406	78.6961989	Rice Mill	
10.9159580	78.6962767	Rice Mill	
10.9143010	78.6953553	Rice Mill	
10.9138458	78.6965919	Rice Mill	
10.9128088	78.6973743	Rice Mill	
10.9129024	78.6959073	Rice Mill	
10.9172806	78.7026735	Rice Mill	
10.8183066	76.6660653	Milma Cattle Feed Plant	
12.8941314	77.7066379		
12.8954977	77.7047765	BMTC Depot 42 (Kodathi)	depot
26.8089267	85.5257610		brickworks
12.8748421	79.6622105		
12.8768459	79.6629066		
26.1921284	85.3028978	Kanti Thermal Power Station	
17.0396919	82.1289705	Gautami Combined Cycle Power Plant	
11.5924804	79.4719788	Neyveli Thermal Power Station I	
15.6666514	77.4850633		
15.2323525	78.2015899		
8.9120190	77.7447131	Kayanathar	
32.6372818	74.9239883		
32.6316638	74.9207290		
25.3975149	81.8668269	Cotton Mill	
25.2319439	83.0479611	Brick works	
25.2210794	83.0417333	Brickworks	
25.2149008	83.0387935	Brickworks	
25.2019612	83.0342015	Brickworks	
25.1979351	83.0391912	Brickworks	
25.1970263	83.0373960	Brickworks	
25.2038673	83.0395313	Brickworks	
25.2073449	83.0404487	Brickworks	
25.2130548	83.0473232	Brickworks	
24.6388567	83.1025295	Churk Cement Factory	
13.7525440	76.8858628	KSRTC Bus Depot	
25.1647457	82.9946273	Brickworks	
25.1637258	82.9982813	Brickworks	
25.1619926	82.9992258	Brickworks	
25.1608430	83.0001116	Brickworks	
25.1558377	82.9973629	Brickworks	
25.1583315	82.9988220	Brickworks	
25.1599528	82.9968028	Brickworks	
25.1574826	83.0032901	Brickworks	
25.1585615	83.0003330	Brickworks	
25.1571403	83.0011902	Brickworks	
25.1542928	82.9929992	Brickworks	
25.1525299	82.9929536	Brickworks	
25.1684240	83.0165062	Brickworks	
25.1700275	83.0174311	Brickworks	
25.1658597	83.0191637	Brickworks	
25.1680114	83.0224660	Brickworks	
25.1668382	83.0245308	Brickworks	
25.1659137	83.0213941	Brickworks	
25.1699042	83.0221217	Brickworks	
25.1725239	83.0244904	Brickworks	
25.1715146	83.0242214	Brickworks	
25.1729319	83.0272782	Brickworks	
14.4482804	75.7909597	Cargill India Private Limited	
16.8330827	80.0368046	Zuari Cement Factory	
16.8303376	80.0420313	Sitapuram Power Plant	
10.0471254	76.3401901	Hindustan Machine Tools (HMT)	
25.1313978	82.9289316	Brickworks	
25.1151670	82.5668723		
25.1149850	82.5687482		
18.5122117	73.9153803		
22.0905364	73.1798361	Reckitt Benckiser	
22.4745347	73.3062714	Indutch Composites Technology PVT.LTD.	
12.3648483	76.6200501	Topnote Aromatics	
26.4904751	89.4612729	Alipurduar substation	
9.6261598	76.4934243		
17.8604178	75.9708267		
13.1939153	77.7006997		
27.2245762	74.2518714		
28.1252614	72.9763240		
28.1371721	72.9667178		
10.1819052	76.3746779	Transformers and Electricals Kerala Ltd	
10.7963674	76.7688455	Hindustan Petroleum Corpn	
27.3297466	72.2715141		
21.4334589	70.3040242		
22.3237294	70.7840296		
18.9617196	72.9008405		
18.9600872	72.9024471		
25.0924981	82.5106258		
10.1826562	76.1706305	Muanmbam Harbour	port
20.2860348	86.6396948	Cargill Foods Industry	
17.6348480	78.4088651	Indian Air Force Oil Storages	
20.9270686	79.2469872	Lodha Industries	
22.0804235	88.1027062	Hiranmaye Haldia Power Plant	
9.1994224	76.4854904	Alleppey Co-operative Spinning Mills Limited	
9.1988135	76.4856355	Alleppey Co-operative Spinning Mills Limited	
9.1988828	76.4860503	Alleppey Co-operative Spinning Mills Limited	
9.0868828	76.5294480	Cashew factory	
20.2615124	86.6047767	IOCL Oil Refinery / Petrochemical Plant	
20.2836219	86.6220628	Hindustan Petroleum Corporation Limited	refinery
20.2858011	86.6270373	IOCL Terminal	refinery
29.8451921	73.8767468	Shree Tractors (Farmtrac Dealer)	distributor
29.8520125	73.8767424		
9.4929124	78.6424732		brickyard
9.4991424	78.6411443		brickyard
9.4948013	78.6408064		brickyard
9.4914732	78.6434617		brickyard
9.4885076	78.6456665		brickyard
9.4894970	78.6489281		brickyard
25.1362679	82.9403696	Brickworks	
25.1687990	82.9608469	Brickworks	
23.5717451	72.9579290	GIDC	
11.5325153	76.1302334	AVT Tea Factory	
15.7440513	73.6546400		
12.5491982	77.7842244	Garments	
29.3668540	73.5598475		
10.3426749	76.2370866		
21.1607814	72.8160624	Beghani dying	
20.3226066	73.0513692	KLJ Plasticizers Ltd.	
19.4071063	72.8717210	Everlast Composites Pvt. Ltd.	
19.4075260	72.8719306	Khokhani Estate	
19.4088694	72.8717180	Neelkanth Industrial Estate	
28.6613007	77.5766006		
28.6554645	77.5713328		
28.6495331	77.5813535		
23.3249729	72.4182615	Stronglite composite	
20.5925500	79.7202668		
23.3255862	72.4184915	Apurvi pipes	
23.3225279	72.4234134	Western protins	
23.3237574	72.4278260	Master coats	
30.5964458	76.8484699	slacimehca ingas	
8.1954568	77.4189607	Rice godown	
25.0612285	82.8826408		
13.7172224	80.1724664	Ascent Wind Profiler	
19.0704253	77.3108863		
19.0752607	77.3101326		
19.0764953	77.3111491		
19.0822139	77.3150342		
19.0614968	77.3038790		
19.0593590	77.3032017		
20.6577332	79.7181212		
20.6576474	79.7181067	Tulshiram Rice Mill	
23.1655747	72.8141633	Gujara Electrical Board Office	
22.4066035	69.7371071	BORD's crude oil terminal	
25.0916406	82.8968277		
20.6562913	79.8809725	Maa Tuljabhawani Rice Mill	
20.6341639	79.8625575		
28.8672971	76.5139469		
14.2743600	74.4317426		port
23.1655928	72.8054878		
27.4605259	94.9459450		
16.7104795	80.3269995		
30.5768720	76.4417463		agriculture
22.2827034	79.5338380		
22.2817751	79.5371905		
22.2775668	79.5091991		
22.2925412	79.5292178		
21.4036894	72.1614589		
21.4081356	72.1667152		
21.4181363	72.1538862		
12.9777131	76.8813042	HPCL LPG Bottling Yard Yediyur	
13.0695674	77.2332213		
19.1282816	72.9320756		
12.1398560	76.6618012		
19.1260075	72.9264567		
9.9789451	76.3763557		
16.5243013	80.6201260		
19.3943579	75.7058358		
23.1889491	79.9171630	Krishi Upaj Mandi	
22.9582492	72.6308827	intec frp II unit	
20.7779665	79.4947310		
23.1647893	72.8141516		
23.7412924	92.7965939	"UD&PA Dumping Ground, Tuirial"	
23.7290547	92.7749941	Quarry	
18.1941857	80.1334607		
11.5778549	76.0529980	Chundale Tea Factory	
23.1488565	72.7859840		
27.2323260	80.2929754		brickyard
27.0714544	80.4987428		brickyard
27.1465953	80.3932803		brickyard
27.1501384	80.3952571		brickyard
27.1637069	80.3538384		brickyard
17.2362001	78.4490531	Air India Engineering Services Limited	
27.0966547	80.5035894		brickyard
27.2657210	80.2256378		brickyard
13.1164238	77.5819147	Yelahanka Combined Cycle Power Plant	
23.1059392	72.5633186		
17.8351762	83.3583469	COSTAL GOLD	
20.6140514	79.8761811		
20.6139439	79.8762134	Gajanan Rice Mill	
28.3325974	79.5078159		brickyard
28.3293971	79.4920424		brickyard
28.3324876	79.4949734		brickyard
28.3302401	79.5001903		brickyard
28.3336515	79.5004452		brickyard
28.3337247	79.4971594		brickyard
28.3356209	79.4993508		brickyard
28.2999140	79.5226351		brickyard
28.2462243	79.4414247		brickyard
28.1546587	79.5758559		
28.3147112	79.5924627		brickyard
28.3116155	79.5922522		brickyard
22.1475077	87.8989878	brickfield	
22.1460243	87.9017641	brickfield	
28.2207797	79.5306689		brickyard
28.2184896	79.5321333		brickyard
28.2194030	79.5336407		brickyard
28.2212075	79.5326591		brickyard
28.2285762	79.5178157		brickyard
28.2315444	79.5190951		brickyard
28.2334585	79.5206481		brickyard
28.2424662	79.5143584		brickyard
28.2449733	79.5138347		brickyard
28.2488837	79.5193620		
28.2493207	79.5182194		brickyard
28.2530445	79.5118786		brickyard
28.2579918	79.5148183		brickyard
28.2584760	79.5198233		brickyard
28.2616028	79.5119175		brickyard
8.9820042	76.5554724	Mini Industrial Estate	
28.0754059	79.6295926		brickyard
28.0773302	79.6227006		brickyard
28.0783110	79.6222956		brickyard
27.9234114	79.8356663		
28.2796906	79.8418119		brickyard
28.2798023	79.8335177		brickyard
28.2835586	79.8223965		brickyard
28.2821236	79.8311851		brickyard
28.2815210	79.8276336		brickyard
28.2749090	79.8657025		brickyard
28.3206325	79.8001186		brickyard
28.3255666	79.8004192		brickyard
28.3341142	79.7993255		brickyard
28.1031681	79.8783371		brickyard
28.1870894	79.8404485		brickyard
28.1839753	79.8391093		brickyard
28.1788225	79.8395852		brickyard
28.1783578	79.8418403		brickyard
22.1296845	87.9167437	brickfield	
22.1323483	87.9114845	brickfield	
22.1332682	87.9076577	brickfield	
22.1342844	87.8997586	brickfield	
22.1345503	87.9035354	brickfield	
22.1260560	87.9245905	brickfield	
22.1279776	87.9210271	brickfield	
20.4435245	85.8973157	Odisha Government Press	
25.9413183	86.7449751	Brick production	
20.2598562	72.9240130		
20.1971170	72.9064898	Company	
20.1968242	72.9051018	Iron company	
20.1969831	72.9053794		
19.0758771	73.0156894		
18.1578639	79.7496125		
25.5567068	83.4055254		
15.6724036	78.2592196	Kurnool Ultra Mega Solar Park	
16.7409947	80.4352426		
18.9104852	72.8168190		
18.6671438	73.9569475		
14.0583728	78.7426761		
22.3684009	70.9614366	Kuvadava GIDC	
20.5834908	73.0243407		
24.4102743	83.8429275		brickyard
9.9499549	76.3340309	Container Freight Station	
29.7575881	78.0640413		
20.8692305	73.1751516		
9.4079945	76.5770840	Traco Cable Factory	
24.4459489	83.0745824		cement
24.4506548	83.0290561		
24.4625780	83.0394128		
24.5073638	83.0172906		
12.5131752	77.7878915	Gowdon	
23.2702188	77.4363187	Sector I	
16.8617067	74.1990397	Warana Suger Factory	
23.2537414	77.4537225	CPRI Colony	
23.2665393	77.4479792	Industrial Area Slums	factory
23.2715764	77.4475585	New Industrial Area	
31.9982339	76.8167053		
32.0127271	76.8250604	Winch Camp	
31.9901288	76.8080404	Shanan Power Project	
21.1181347	73.3810414		
26.9212400	84.8271633		brickyard
26.9298998	84.8231779		brickyard
26.9316322	84.8159634		brickyard
26.9293052	84.8178405		brickyard
24.5658798	81.1749414	Jaypee Rewa Plant Ltd.	cement
24.5493095	81.1785042	Jaypee Soya & Mustard Processing Unit	
24.5492149	81.1818127		
24.5515569	81.1817798		
24.5303071	81.1682745	Jaypee Bela Plant	
24.5495268	81.1397251		
19.9774324	79.2361020	MIDC Khutala	
21.1140958	73.4075877		
21.1150928	73.3626953		
27.1990763	83.7845336		brickyard
27.1968393	83.7834083		brickyard
27.1986526	83.7803853		brickyard
27.1944383	83.7792463		brickyard
27.1953449	83.7769842		brickyard
27.1923243	83.7774740		brickyard
27.1927867	83.7751254		brickyard
27.1874813	83.7762058		brickyard
27.1872080	83.7799548		brickyard
22.6251543	75.7902687	iim indore power generator	
27.3726275	83.3983186		brickworks
27.3391756	83.3748419		brickworks
27.3475291	83.3790221		brickworks
27.3440847	83.4200580		brickworks
18.8796409	73.1809304		
27.1104800	78.5885475	Paddy Mill	
30.7713713	75.4820265		brickworks
30.7683803	75.4884766		brickworks
30.7698485	75.4890006		brickworks
31.8388358	74.9411949		brickworks
31.7571615	74.9465368		brickworks
31.7482647	74.9474457		brickworks
20.2478203	72.8864839		
24.1856253	72.4347245	Food Corporation of India	
31.3525259	74.7384459		brickworks
31.3232854	74.7181182		brickworks
31.2460635	74.7728689		brickworks
31.2450156	74.7666385		brickworks
31.2443140	74.7751081		brickworks
24.1354000	72.4414524	Banas Dairy	
9.3570928	78.8549998		
30.9368875	74.6392197		brickworks
10.9571309	77.0082413	Composite Waste Management Centre	
10.0958789	77.0346952		
10.0709116	77.0454790	Sevenmallay Tea Factory	
31.4636991	75.1454176		brickworks
31.4657334	75.1471353		brickworks
31.4636262	75.1418389		brickworks
31.4837865	75.1772732		brickworks
31.4566419	75.2066480		brickworks
31.4712416	75.2090582		brickworks
31.5461149	75.2588006		brickworks
31.5305812	75.2865353		brickworks
31.5253555	75.2832094		brickworks
31.5700545	75.3313276		brickworks
31.5702412	75.3084975		brickworks
31.5692822	75.3059826		brickworks
31.5708973	75.3054951		brickworks
31.5752233	75.3033515		brickworks
31.5732473	75.3022418		brickworks
31.5791733	75.2965448		brickworks
31.5968164	75.3012466		brickworks
31.5952560	75.3020371		brickworks
31.5450443	75.1381053		brickworks
31.5645371	75.2214483		brickworks
31.5730705	75.2207307		brickworks
31.5750044	75.2202051		brickworks
31.5759567	75.2397246		brickworks
31.5474715	75.2305409		brickworks
31.5142901	75.1769486		brickworks
31.5136625	75.1757584		brickworks
31.4896843	75.2092814		brickworks
31.4900670	75.2593588		brickworks
31.4861488	75.2397428		brickworks
31.5030972	75.2497388		brickworks
31.5039127	75.2481350		brickworks
31.5071019	75.2458206		brickworks
31.5102433	75.2488275		brickworks
31.5080519	75.2582995		brickworks
31.5112706	75.2641197		brickworks
31.5243737	75.2655047		brickworks
31.5208906	75.2719516		brickworks
31.5222825	75.2716213		brickworks
31.5234944	75.2733593		brickworks
31.4993066	75.2422167		brickworks
31.5007850	75.2410003		brickworks
31.5174554	75.2475587		brickworks
31.5127900	75.2468115		brickworks
31.5147628	75.2448024		brickworks
31.5161957	75.2418910		brickworks
31.5097125	75.2373054		brickworks
31.5103936	75.2341686		brickworks
10.0726586	77.1483377		
10.0788564	77.0622106		
10.0534686	77.1092895	Lockhart Tea Factory	grinding_mill
10.0491805	77.1228674		
10.0685230	77.0723118		
10.0579539	77.2063377		
10.0070151	77.2178551		
14.4308926	75.9679502	GM Agro and Beverages Limited	
14.4502449	75.9441180		
24.5648191	81.0000381	Prism Cement Plant	
24.5624884	81.0085907		
22.3749878	88.4308985	Sasta Sundar	factory
24.6097955	80.9044126		
21.8592135	75.9643784	Anaant Agro Industries	
21.8668034	75.9605241		
21.8654916	75.9715506	Nirmal Natural  Fibers	
21.8666988	75.9681308	Mandi	
21.8653802	75.9681201		
21.8644759	75.9687933	Krishi Upaj  Mandi	
10.8995665	76.9968571		
31.7172908	74.6667778		brickworks
31.6746329	74.6472735		brickworks
31.6657351	74.6316601		brickworks
31.8102559	74.8318508		brickworks
31.7949467	74.8662475		brickworks
31.7493581	74.8603532		brickworks
31.7554747	74.7925303		brickworks
31.7623564	74.8006331		brickworks
31.7956472	74.8168251		brickworks
31.7972099	74.8256159		brickworks
31.7479641	74.6973395		brickworks
31.7488661	74.8034807		brickworks
31.7317629	74.7305367		brickworks
31.6542334	74.5729947		brickworks
20.3112497	86.6452217		
31.8259035	74.9898712		brickworks
31.8534948	74.9201644		brickworks
31.8262134	74.8591527		brickworks
31.8256256	74.7890860		brickworks
31.9053716	75.0620531		brickworks
31.9071440	75.0638231		brickworks
31.8583787	75.0734033		brickworks
23.2716021	77.4538857	Bagsevania	
22.9787782	72.4880680		
22.9749870	72.4890992		
22.9835250	72.4952138		
26.5615966	88.2804532		
25.7950928	84.7493693		
25.5756112	83.5750043		
25.8627759	86.6002612		brickworks
25.8601790	86.5973727		brickworks
25.8652247	86.5974285		brickworks
25.8580103	86.5776520		brickworks
25.8571811	86.5730596		brickworks
25.8534452	86.5886617		brickworks
25.8550181	86.5860704		brickworks
25.8547619	86.5883746		brickworks
25.8609216	86.5879441		brickworks
25.8562426	86.5816727		brickworks
25.8526980	86.5821193		brickworks
26.7126350	88.2507826		
31.1866223	74.7864178		brickyard
31.1922637	74.7871059		brickyard
31.1964356	74.7818270		brickyard
31.2295704	74.8521843		brickyard
26.3750277	87.2300692		brickworks
26.3775654	87.2378304		brickworks
26.3756268	87.2394592		brickworks
26.3445048	87.2468444		brickworks
26.3500244	87.2445118		brickworks
26.3569677	87.2453273		brickworks
26.3586671	87.2367005		brickworks
26.3608836	87.2384933		brickworks
26.3651959	87.2395891		brickworks
28.6767469	77.1446644		
24.7984712	85.5419969		
18.6200805	73.8267222	MIDC Bhosari	
18.6184484	73.8369896	MIDC Bhosari	
18.6376389	73.8326531	MIDC Bhosari	
9.5975601	77.9169342		
9.3900391	78.1044791		
9.5880881	78.0225685		
24.2536669	80.7979434	KJS Cement Factory	
26.2976600	88.1856519		brickworks
26.2811946	88.1750798		
26.2795908	88.1782166		brickworks
26.2801262	88.1734852		brickworks
26.1776093	88.0138918		brickworks
26.2986577	88.1549035		brickworks
26.2991270	88.1508692		brickworks
26.2955118	88.1548671		brickworks
26.2954549	88.1568420		brickworks
11.4510500	76.9068669		
11.4417007	76.9007480		
11.4314191	76.9041657		
26.3777158	87.9748639		brickyard
26.3853801	87.9659478		brickyard
26.3362174	88.0124194		
26.3378994	88.0140502		
26.3405431	88.0077910		
26.3346654	88.0001372		
26.3349371	88.0000610		brickyard
26.3372448	87.9964981		brickyard
26.3429762	87.9986964		brickyard
26.3442519	87.9883703		brickworks
26.3454387	87.9888941		brickyard
26.3360723	87.9577453		brickyard
26.3414580	87.9746100		brickworks
26.3382141	87.9736179		brickyard
26.3377106	87.9754802		brickyard
26.3336661	87.9813357		brickyard
26.3306465	87.9837948		brickyard
26.3241440	87.9843108		brickyard
26.3158099	87.9901983		brickyard
26.3166813	87.9989367		brickyard
26.3197475	88.0077309		brickyard
26.3407848	88.0076740		brickyard
26.3380353	88.0139020		brickyard
26.3363928	88.0124578		brickyard
26.3330487	88.0138109		brickyard
26.3348438	88.0167450		brickyard
26.3487988	88.0219365		brickworks
26.3476620	88.0237886		brickworks
26.3508490	88.0257500		brickworks
26.3511246	88.0217794		brickworks
26.3515028	88.0200914		brickworks
26.3509674	88.0032478		brickyard
26.3523274	88.0008309		brickyard
26.3505369	87.9998969		brickyard
26.3531156	87.9914842		brickyard
26.3546920	87.9818187		brickyard
26.3603505	87.9842311		brickyard
26.3586922	88.0001771		brickyard
26.3461085	88.0055782		brickyard
26.3463909	88.0018195		brickyard
23.4389497	72.6531565		
22.7683119	86.2359112		
11.4585861	76.9983139		
26.3912346	86.0554265	brick kiln	
26.3797001	86.0535201	brick kiln	
26.4194910	86.0288624	brick kiln	
26.4101101	86.0207868	brick kiln	
26.3622742	86.0413336	brick kiln	
26.3639369	86.0428435	brick kiln	
26.4105772	86.0514798	brick kiln	
26.3881329	86.0243356	brick kiln	
26.3864423	86.0244412	brick kiln	
26.3543215	86.0400387	brick kiln	
26.3640561	86.0265591	brick kiln	
24.1998255	80.7978892	Maihar Cement	
24.2632690	80.8206167		
24.3133721	80.9535478		
26.6169500	88.2949225		brickyard
26.6177665	88.2920551		brickyard
26.6045771	88.2869790		brickyard
16.7322217	82.2849584		
16.7390594	82.2146309		
16.7442079	82.2931593	Reliance Industries	
25.2858399	80.5792953		
20.9392192	73.1956251		
22.1311658	73.1799959	Dolf industry	
19.2704452	84.7780998		
19.2699917	84.7778625		
19.2737913	84.7808386		
19.2714456	84.7796451		
22.7712147	86.2235946		
22.8039435	86.0927218		
20.8137135	73.0092982		
21.1647586	72.9869444		
21.1585162	72.9778882		
21.1589517	72.9893001		
25.6096714	88.1424710		brickworks
25.6388012	88.3493739		brickyard
25.6398205	88.3462974		brickyard
10.8808901	76.9195372		
26.4592853	80.2184826		
21.0953596	73.3001855		
21.1344699	73.2403407		
21.1441671	73.2486076		
25.7400882	87.8752693		brickyard
24.1651800	81.9069647		
24.1667826	81.9097060		
21.1323784	73.4001310		
20.7685915	73.0013969		
20.7634584	73.0003918		
20.7656497	72.9970191		
20.7663987	72.9924183		
20.7722393	72.9739499	"The Agrcultural Produce Market Committee,Bilimora"	
20.7751799	72.9721714		
20.7735514	72.9706623		
20.7721900	72.9688656		
21.1185119	73.0938043		
21.1196593	73.0859626		
27.1844050	88.5495686		
27.1952963	88.6202475		
11.4273410	76.7568009		
11.4056677	76.7493591		
21.0095106	73.2491385		
28.7347434	76.8594587		
28.7316645	76.8579714	Hindustan petroleum corporation limited	
20.9947252	73.2926480		
20.9942280	73.2992660		
17.0431076	82.2046003	rice mill	
17.0408315	82.2033711		
20.8167722	72.9975309		
15.6700310	76.1086179	KEB	
15.6736570	76.1051266		
15.6726684	76.1078357	Stone Boulders	
26.0621679	89.3699597		
29.9540290	75.5418516		
29.9527624	75.5425155		
29.9445237	75.5423646		
20.9047925	74.7258228		
29.9387569	75.5661153		
29.9384982	75.5674367		
21.1450337	73.0338575		
21.1553842	73.0514826		
19.1736566	83.4054340	Sleeper Plant	
9.5059448	78.2487206		
25.9103381	87.5212339		brickworks
25.9297579	87.5307074		brickworks
25.9315067	87.5328317		brickworks
25.9343819	87.5326681		brickworks
26.4881213	71.2045993		
25.6043272	87.8780642		brickworks
28.2897295	78.4249673	TATA Chemicals	
26.6628652	88.3757461	Siliguri Marketing Terminal	oil
29.9412485	75.5432944		
17.6871809	83.0986677	Tandava Lakshmi Fabrication industry	
17.6872013	83.0992050	PBL Transport	
29.9093632	75.5400637		
13.0051536	77.4650127		
12.9960209	77.4622339		
12.9910669	77.4514997		
12.9898483	77.4482998		
12.9884462	77.4480665		
12.9887302	77.4545071	Machohalli Industrial Area	
12.9893524	77.4604422		
12.9844297	77.4552806	Machohalli Industrial Area	
12.9679620	77.4420746		
12.9686572	77.4453091		
12.9769219	77.4409572	Yerappa Industrial Layout	
12.9753955	77.4254883		
26.2505494	81.5120088		
26.2636098	81.4983651		
22.5656242	88.4904777		
26.3999248	87.2669280		
17.5486618	78.3778462	Dr. Reddy's Laboratories Limited	
25.9272724	83.5676998	Swadeshi Cotton Mill	
25.9625629	83.5731421	New Sabji Mandi	
19.7127275	83.3977733		
21.2091093	73.5723312	JK Paper Ltd.	factory
23.7652791	86.0303762		
20.8337947	73.2472714		
14.3748844	76.5822565	Varavoo Kaval	
22.5624433	88.4889131		
26.5144387	86.9870576		
26.3946384	87.1697175		
20.6719287	79.6039040		
20.9497071	79.2255902	Purti	
26.3520661	87.3141364		
26.3511589	87.3130192		
26.3514930	87.3174020		
26.1134435	91.6785211	Solid waste disposal site	
28.2363585	77.8249021		
26.4388391	88.1015231		
26.4332384	88.0985562		
26.5706401	88.1281211		
26.4343148	87.8987230		
26.4357602	87.9103285		
26.0997325	91.6174371	Spey Bottlers Private Limited	manufacturing
30.1127212	80.8345246		
29.9386252	75.5572821		
29.9380991	75.5586453		
29.9406355	75.5545915		
29.9437338	75.5387977		
29.9109628	75.5376395		
29.9091786	75.5494059		
20.7483977	73.0473859		
20.7493203	73.0499574		
26.6236417	76.0156547	RMC Switchgears Ltd.	
21.8123247	76.3389667		
21.8293544	76.3221997		
19.8392558	75.2287670	Sterlite Technologies Ltd.	
19.2976497	84.8005579		
19.2536386	84.7291005		
26.3513306	87.3234645		
26.3523499	87.3226351		
19.8406885	75.2272072	Varroc	
26.5139963	87.0104804	R.K. Flour Mill	
26.7781422	88.3065027	mijnbouw	
22.9355784	72.6384218		
26.4501725	87.8620721		
26.4503291	87.8627028		
8.7077399	77.5549364		
22.3864867	82.5962743		
26.3682921	87.2800565		
16.6137378	77.9745869	Vibha Seeds	
21.1595328	72.9565743		
26.6117059	75.9300482	Indian Oil Corporation Chaksu Station	
26.2763475	74.8986375		
12.7132688	77.8713401	Waste Sewage treatment	
17.6887240	83.1396219	Brick Factory	
26.8970161	75.7909064	Sudershanpura Industrial Area	warehouse
21.0550805	73.0580429		
22.7184554	88.2749945		
18.6729612	83.9500418	Wood Depot	
21.9676335	83.8945734	Darlipali Super Thermal Power Station	
22.9368505	88.3862350		
10.6151705	76.2037818	Sheon Polymers	
10.6168060	76.2033228	Spinner HDPE Pipes	
24.9612837	74.6581059		
24.3250549	82.2930451	Brickworks	
24.1595547	82.4006366		
21.7586976	78.3021515		
21.7731079	78.2634111		
20.9736277	73.0053259		
25.0230316	73.9011506	JK Tyre & Industries Ltd	
25.0405366	73.8610135		
13.6743850	80.1956893	Telemtry and Telecommand	
25.2851570	89.0042275		
25.2872466	89.0072721		
12.3054958	76.6948407		
23.9271937	85.3424224		
23.8181746	85.5700555		
12.7070708	79.9480623		brickyard
12.7034521	79.9506050		brickyard
12.7145225	79.9462276		brickyard
12.7102002	79.9462773		brickyard
12.7215671	79.9410845		brickyard
12.7242607	79.9394296		brickyard
12.7261105	79.9341993		brickyard
23.7960489	85.5692292		
23.7967487	85.5499559		
23.8236795	85.4902673		
23.8270445	85.4870041		brickyard
23.8183534	85.4729895		
25.4732978	88.7091518		
23.7234683	85.5248520		
23.7405312	85.6438988		
23.7577755	85.8945674	Power Plant	
24.4133028	85.4824399		
24.4188402	85.4900977		
24.4400113	85.5214966		
25.4636282	88.8322290		
25.5131626	88.7599955		
12.6978560	79.9035162		brickyard
8.2943287	77.5465882	High Altitude Test Facility	
8.2933895	77.5494547	Cryo Main Engine and Stage Test Facility	
8.2913572	77.5469808	"Stage Test Facility, Principal Test Stand"	
16.8316796	80.0583219		
16.8110555	80.1482042		
16.8764845	80.1217034		
16.7984181	79.9130657		
16.8520484	80.0440116		
16.4593095	80.5735481		
23.6564568	85.3622787		
16.4061120	80.5532685		
16.1272978	80.9621159	KCP Sugar and Industries Corporation Limited	
23.7913529	86.2724392		
23.7091632	86.3756760		
23.7508798	86.3865878		
23.7610186	86.3806140		
23.7409550	86.3519675	Moonidih coal project	mine
23.7245025	86.3409031		
23.6548168	86.4487431		
21.2214461	72.8371086	Dobariya Estate	
15.0449087	75.1726862		
24.6106964	73.9934086	Regen Powertech	
24.7645347	74.6074893	TPP Aditya Cement Works UltraTech Cement Works	
19.2403959	73.1176775		
21.9109733	72.7648024		
21.4336195	72.9003388		
10.0835246	78.7378269	Chemical Industry	
25.9461843	89.8893045		
19.2762279	73.0912471		
19.2740809	73.0869448		
19.2791446	73.0958765		
19.2664496	73.0730751		
19.2805624	73.0683410		
19.2527542	73.0391707		
19.2826486	73.0468029		
19.2987256	73.0420741		
19.3151883	73.0465561		
19.3119686	73.0461376		
19.3090980	73.0433428		
19.3052402	73.0473607		
19.3061921	73.0524409		
19.3116319	73.0509067		
19.3193091	73.0606163		
19.3140037	73.0583042		
19.2887194	73.0410039		
19.2903905	73.0286550		
19.2919676	73.0252459		
19.2959346	73.0192083		
19.2431790	73.0215176		
19.3231058	73.1100815		
19.2246564	73.0173764		
23.6465439	85.3354589		
19.3147077	73.1247639		
19.3193471	73.1098884		
19.3617286	73.1587529		
19.2421320	73.1506661		depot
19.2412088	73.1526616	Century Rayon	
19.2880411	73.2109809		
19.3379730	73.1156552		
19.3511634	73.1455779		
19.3495336	73.1484049		
19.3537041	73.1540268		
19.3556223	73.1692376		
21.6741916	72.2831705	Ghogha Port	
21.6780876	72.5463509		
21.6824924	72.5508065		
12.0353215	78.5007423	Amman Granites	
12.5858633	77.8610570		
23.2731069	86.3532826	Brick work	
23.2724488	86.3529762		
21.6471584	73.1257913		
21.6582265	73.0799474		
21.6638240	73.0832611		
21.6863363	73.1041432		
21.6824426	73.1012875		
21.5780916	73.3558901		
23.2169634	87.9035064	Brick work	
26.8994319	88.2477277		
23.2145898	87.8656500	Brick works	
11.9836313	75.3747439		
11.9837699	75.3746718	Keltron	
11.9823207	75.3744904	"KSEB 110KV Substation, Mangad"	
20.5762257	79.8833825		
20.5735946	79.8805679		
26.6480554	88.4136245	Sewage Treatment Plant	
27.4434397	96.1062312		
31.7081572	74.9279026	Amritsar Swadeshi Textile Corporation Pvt Ltd	
24.4865676	92.4374212		
11.6829149	79.7531924		
11.0074056	79.0834939	Sugar Factory	
16.4172657	80.5563723		
16.4175134	80.5564982		
16.4176180	80.5564705		
16.4176691	80.5565011		
16.4177414	80.5565355		
16.4178558	80.5565921		
26.4917004	74.5590207		
24.8689294	73.7772873		
22.5701040	88.9272883		
22.5708735	88.9344497		
22.5713030	88.9362085		
22.5734366	88.9354286		
22.5795526	88.9348976		
21.8985780	72.7854904		
21.8855843	72.7820385	"GAIL (India) Limited, Gas Processing Unit, Gandhar"	gas_plant
21.8163066	72.6959251		
22.4382189	73.2127726	Indutch composite	
22.4359084	73.2077466	Dupont	
10.2527046	78.9636835		
22.7707596	72.3326365	Kerala GIDC	
22.4327699	73.2273055	Bombardier Rail Coach	
21.7788626	72.9012558		
12.6505373	77.2110075	Chennapatna KSRTC Depot	depot
26.1819489	91.6691373	Assam Tube Factory	
17.7063203	83.2075474	vishaka dairy	
25.8215190	84.8500715		
21.8313292	72.6520436		
21.9094989	72.6847200		
21.9270026	72.7196001		
21.7176460	72.7580387		
21.7013507	72.5730270		
21.7070846	72.5554401		
12.8041860	77.6605968	Biocon Park	
22.9594739	78.7318404		
13.9893776	77.4794443		
13.9444723	77.5177308	Beechiganipalle	
13.9817869	77.4800063	Kalipi	
13.9359089	77.4906150	Seegipalle	
26.6243882	88.4779526		
26.4988706	88.6631160		
23.1667503	72.5062626		
29.9181696	74.9522387	Guru Gobind Singh Refinery	refinery
17.7103951	83.2166532		
17.7063297	83.2001260		
22.3729251	73.1414446		
27.3971663	77.6810056		
27.4001537	77.6790181		
27.3811057	77.6861823	Mathura Refinery	refinery
32.7555101	74.8418063	Sub-Station Paloura	
26.6582845	76.0752931		
11.9365890	79.8330610	Utility Boxes	
28.9170405	77.6508148	Bhalla International - Vinex	
8.1496440	77.2980345		
10.7481952	76.4296146		
21.4583612	72.9260780		
21.4552743	72.9431129	Piramal Glass Limited	factory
31.7545679	78.6059251		
31.7587084	78.5998284		
31.7581872	78.5993015		
31.7484975	78.5756135		
25.3395119	88.7206719		
25.3395874	88.7259236		
23.1911780	72.5867258		
24.6720630	73.7347276		
24.8405848	74.5851383	Saras Dairy	
11.4355592	76.6438986	(PPI) Sterling Bio Tech Ooty	
22.2423187	73.1779114	Bombardian	
22.2516432	73.1785184	Vijay Flexible Containers Pvt Ltd	
28.8716898	72.7327954		
22.5262257	73.4611635		
22.5570433	73.4435992	CEAT Tyres Limited	
13.5005462	75.1981828	Malathi Rice Mill	
8.5002497	77.6164649		
31.5177290	78.1019998		
31.5201002	78.1210837		
32.0172665	78.5829654		
20.8184040	79.3749891		
22.5464170	73.4325491	HNG Float Glass	
22.5498355	73.4394678		
22.5427483	73.4181698		
22.5455507	73.4200306	"Moflex Suspensions Pvt.Ltd,"	
22.5450110	73.4219123	Samvedna Bio Medical Waste Incinerator	
22.5432032	73.4252902	Himgiri Castings Pvt. Ltd	
22.5395371	73.4319445	Supreme Composite Cylinder	
22.5417602	73.4313555	Abeinsa Power Structures	
22.5420909	73.4336133	INTEGRA Engineering India Limited	
22.4524032	73.4675154	Pharmaceuticals Limited Panelav Plant	
22.4587662	73.4529230	Polycab Cables Industries Pvt Ltd Unit 2	
22.4605643	73.4535400	Polycab Cables Industries Pvt Ltd Unit 5	
22.4800471	73.4536677	Polyknew Wires Pvt Ltd	
22.4819699	73.4533522		
22.4755794	73.4585157		
22.4780946	73.4625186		
23.4152918	91.2798482		
20.0077970	73.8135526	Tapovan Bus Depot	depot
8.5929240	78.0954592	DCW	chemical
22.4611928	73.3968773	Tufropes Private Limited	
22.4561411	73.3873136	Reliance Composite Solution	
8.3237659	77.9507392		
25.9201148	71.5154533		
25.9400791	71.4938454		
25.9278531	71.5018344		
25.9441131	71.5095404		
25.9378216	71.5198280		
25.9315936	71.5143563		
19.0070584	76.5866590		
26.6626698	88.3604294		
16.7682358	80.0137469		
16.7738632	80.0527266	Pulichintala powerhouse	
27.1857305	83.2620672	Brick Yard	
8.1406139	77.4415433		
8.1540648	77.3865151		
18.0771860	77.4586585		
18.0125848	77.5018769		
13.6975539	80.2332553	Sounding Rocket Launch Complex	
26.4612183	80.1914473		
26.4810313	76.9870886		
24.4975512	77.1478279		
30.0027695	76.5310668		
18.2913742	79.9755697		
18.4328540	79.8570677	5-incline	
18.3188431	80.0009192		
22.6627474	77.2738152	Ashirwad traders	
11.3516325	79.3676753	Caffe Industry	
23.0346755	88.8792309	India Border Control	
16.7000545	75.1186470		
16.6651555	75.0495413		
11.3633588	76.8044087		
28.1882939	76.6091676	New Grain Market	
29.3042106	73.5846851		
29.2997009	73.5924916		
26.6342034	88.4378267		
8.2634688	77.3207248		
28.1909932	77.7744598		
30.5024218	74.1119147		
30.4787830	74.4926946		
30.4725706	74.4915251		
8.3420328	77.1614578	Rail Neer PLant	
24.6587909	74.6575535	Vibrant Polymers LLP	
13.0166233	77.6935879	KR Puram Phase I 20MLD Sewage Treatment Planet	
30.0702299	74.9240116		
30.0721023	74.8735475		
28.7809517	76.0448607		
29.4240048	74.6578502		
21.6125365	73.4750004		
21.7854173	83.8857610		
21.7871532	84.0555190	Jharsuguda CPP Power Station	
21.8044683	84.0478007	Vedanta Aluminium	
21.5325836	83.9067367	HINDALCO Industries Ltd. - Smelter	
21.8572368	83.9663172	MSP Steel	
22.2104521	84.5948885		
19.1626750	73.1295963		
19.1488018	73.0846227		
26.6335031	85.4208631		
26.3973284	85.5237901		
24.6268009	80.8319815		
24.6090054	80.8502716		
11.0523537	76.9920020		
11.0515884	76.9888933		
11.0511365	76.9858870		
11.0215644	76.9181639		
13.1259394	80.0482535	TI Metal Forming	
21.1188200	72.7072563		
21.1217941	72.8571031		
25.2602725	91.7104608	Cement Factory	factory
12.0198162	79.7934463		
12.0097641	79.7733808		
12.0221677	79.7662110		
12.0251083	79.7664590		
13.2761354	80.3427192		port
12.7034312	80.2251318	Nemmeli Seawater Desalination Plant	
19.2383097	72.9854675		
19.2411178	72.9847098	Xhtmlchop	wellsite
27.0552994	88.2321813	Singtom Steinthal Tea Garden	
16.1699740	74.8008871		
16.1871816	74.7772890		
15.8942586	74.5443414	KIADB Industrial Estate	
15.8548221	75.1023781		
16.0793467	74.8300373		
15.9415797	75.2170962		
11.5928535	78.6168203		
11.5934027	78.6139823		
11.5934920	78.6116141		
14.3889726	76.7229953		
13.3064502	80.1685061	nelcast	
17.2657089	78.4650597	Indu Techzone Pvt.Ltd	
17.2602799	78.4739572	Telangana State Trading Corporation Limited	
17.2610661	78.4748006	Sri Venkateswara Aero Space Pvt. Ltd.	
17.2584671	78.4739986	Astra Microwave Products Ltd.	
17.2570448	78.4739914	Grape Growers Mutually Aided Co-Operative Marketing	
23.6680852	86.1203239		
23.6661935	86.1246771		
23.6668611	86.1246261		
8.4711743	76.9781079	KSRTC Central Works	
21.7777147	70.6145261		
21.7665095	70.6161932		
21.7632162	70.6114917		
20.9199263	70.3540328	Aditya Birla Rayon Factory	
12.6218808	80.1924848	Mamallapuram Telephone Exchange	
25.2303619	74.6201705		
25.2318950	74.6251809		
25.2257314	74.6291935		
21.8352946	73.4149460		
21.8267365	73.3871463		
28.3325278	77.3610534		
18.2924260	79.8904618		
18.1990833	79.9337232		
18.2029002	79.9373442		
28.3298732	77.3546905		
28.3265953	77.3548141		
13.7891288	80.2009262	Solid Propellant Booster Plant	
18.9804222	73.1124113		
21.6196888	73.0288337	GIDC	
12.8202148	77.6229568		
12.8200155	77.6236058		
12.8343140	77.5753048		
12.8357042	77.5754738		
12.8372460	77.5734973		
12.8402579	77.6972626		
17.6897237	83.2786486	Hindustan Shipyard limited	
26.5880834	74.8617249		
26.6084666	74.8468816		
26.6080926	74.8585653		
26.6064763	74.8687924		
26.5979698	74.8572618		
26.5844591	74.8462593		
26.6226626	74.8594773		
26.6264751	74.8435530		
26.3342732	74.5630878		
26.9023789	75.1796123	Salt Works	
27.1605288	75.3668976		
27.6570607	76.1028528		
27.6667105	76.1297178		cement
27.8152414	76.2234235		
28.3995009	77.3539651		
28.3997443	77.3530942		
12.9955401	76.0754139		
12.9933068	76.0736356		
21.1709081	72.9943167		
21.1654328	73.0042890		
22.8822279	88.4125279		
18.9921168	73.1164565	Panvel Bus Depot	depot
24.9301267	74.6347140	Birla Cement	
24.6946439	74.6825479	JK Cement	
24.6432919	74.6840768	JK Cement	
26.8166934	75.5676233		
26.8090282	75.5786901		
26.8117998	75.5626800		
18.9767985	73.0146976	Navi Mumbai Special Economic Zone	
19.1141419	72.9254650		
18.0075059	76.0729329		
22.3823607	73.4605979		
30.6828353	75.7208861		
9.5937584	76.3259632		
8.9608728	77.0364017		
22.8784832	74.2961555		
22.8066487	73.6158415		
23.5273101	74.4278347	Thikariya Industrial Area	
23.5751534	74.4485843		
26.5506491	88.5110211		
20.2547212	86.5840164		
20.2545821	86.5839082		
26.6512192	88.3678695		
26.5279783	88.5918047		
26.5913934	88.5004320		
27.2345913	77.4953350		
19.1035874	72.8805650		
26.9504322	75.8925838		
26.1318869	91.6221536		
12.9719939	77.6446002	BWSSB Indiranagar	
20.3226305	72.9996046		
20.3169080	73.0652956		
20.3160746	73.0723680		
20.3192456	73.0603289		
20.3185661	73.0565839		
20.3237349	73.0536920		
20.3225596	73.0510696		
16.5255615	81.7441608		
28.6577893	77.3278257	Paharpur Cooling Towers ltd	
20.5365485	72.9389949	Atul Bioscience limited	
17.3203775	78.6653252		
19.1217326	72.9917361	Ghansoli Bus Depot	bus_depot
15.5242802	77.2664416	Chagi	
17.0100123	81.7375383		
17.4636886	78.8288003	Sree Balaji Granites	
17.4637125	78.8289583		
31.4146015	75.4901273		brickyard
23.1911474	88.9493926		
22.4612233	73.3167548	SUNRISE INDUSTRIES (I) LTD.	
8.7496553	78.2119323		port
23.2020567	88.9140339		
16.8721390	74.5778408		
16.8721630	74.5785851		
16.8726306	74.5787510		
16.8768170	74.5808796		
23.1803031	88.9288994		
12.9904736	77.8113958		
12.9889810	77.8098649		
10.8732981	76.8932973	Sree Venketeswara Structurals	
10.7942657	76.7635789	Arya Vaidya Pharmacy Ltd	
10.8574565	76.8623320	Solakkarai R F	
17.8687328	74.8413067		
20.2890101	72.8979296	Supreme Nonwowen Industries.	
20.3362719	72.9025838	Nesetech Instruments Pvt.	
20.4391339	72.9201039	Kipra Electricals pvt .ltd.	
20.6751379	72.9487398	Balaji Wafers.	
10.4496437	76.2572770	Orma Marbles	
20.8292104	72.9493516	NHB - New Heaven Ballbarings	
20.8535524	72.9458872	Harsh Gruha Udhyog	
21.0829598	72.8721644	Sursez GIDC	
21.0946583	72.8686441	Textrade International.	
21.1805444	72.8466144	Millennium Textile Market 4	
21.1852147	72.8457842	Millenium Textile Market.	
19.6799837	72.7686109	Udhyog Nagar	
12.9458236	79.9385971	Faurecia Automotive	
21.3328736	72.8953799	Krishna Park Industrial Estate	
21.3402731	72.8971442	Sayan Sugar Factory	
29.9298043	73.8793147	Ganganagar Industries Area	
29.9290307	73.8820941	Rajasthan State Ganganagar Sugar Mills	sugar
19.0358327	72.8541816		
21.7411783	73.0122076	Gujarat Narmada Valley Fertilizers & Chemicals Limited	
22.7881754	86.2193960		
10.1751016	76.4358668	National Granites	
12.9678236	77.6605512		
26.6282197	74.8961809		
32.2049401	76.3385484	Dari Butcherkhana	slaughterhouse
22.2388599	73.1779792		
26.2087570	91.8526705		brickyard
26.1841771	91.8420713		
26.1717802	91.8352019	Oil India Limited Pipeline Headquarters	
26.1638389	91.8345924		
22.2616981	73.0365599		
22.2565773	73.0384038		
22.2574695	73.0191579		
22.2418436	73.0307497		
22.2427020	73.0520387		
22.2411732	73.0530287		
22.2508772	73.0146372		
22.2556143	73.0000141		
17.3361723	78.6894561		
17.3388479	78.6893486		
21.3212738	72.8733797		
21.3145150	72.8699884		
17.7213792	83.2063234	Gateway East India Pvt. Ltd	container_terminal
20.4265080	72.8591081		
28.1589519	76.8399627		
28.1848579	76.8607991	Saint-Gobain	
22.8929390	69.6641618		
18.6563882	74.0996483		
26.6443925	88.3695546		
27.4958282	71.9199096		
27.4928945	71.9049483		
26.5805049	73.0716528		
26.5795598	73.0645054		
25.8037621	72.2887141	Bithuja	
30.9931025	76.5106318	SML Isuzu Limited	
8.5336980	77.7990094	Munanjipatti	
22.6117536	75.6967034		
22.6187859	75.7013898		
19.8449027	75.2191174		
19.8480897	75.2190826		
29.0262000	79.3935618	Ashok Leyland	
29.0291564	79.4311256	Tata Motors	factory
12.7201297	77.8787905		
9.4155892	78.2474862	Melamudimannar	
9.5700547	78.3126517	Narikudi	
9.5221996	78.2273494	Tiruchuli	
9.5134695	78.2149838		
11.0108586	77.0677741	V.R. Textiles	factory
10.9600146	79.2946762		
14.5019256	78.7400064	Kopparthi Special Economic Zone	
22.3183828	69.6005772	Port	
27.4553419	70.1537545		
21.0761817	79.0343597	Air India MRO	
21.0608062	79.0468886	Mihan Multi-Modal Logistic Park (MMLP)	depot
31.5607882	76.9027332		
26.1239520	73.0558972	uma polymers	factory
16.5985191	80.5368918		
11.0782029	77.1136610		
24.1915390	82.8085320	Anpara-D	
20.2608604	86.6713854		
25.9011396	86.7536527	Electric Locomotive Factory	factory
32.5371380	75.9814643	Tibetan Handicraft Centre	factory
10.8760106	77.0023610	Primier Mills	
26.1735292	81.0114237		factory
26.1714037	89.7125583		
26.1713747	89.7130414		
18.6760690	74.1180107	Tractor Plant	
22.6377287	72.8007442		
17.1790514	79.6063540	Sudhakar PVC Pipes	
17.5944872	78.0677942		
17.5928606	78.0657624		
21.5423499	72.9834099		
18.7865190	73.6892399	GM	
17.9404251	83.4786134	Divi’s Laboratories Limited	
12.7220708	79.6668810	Cheyyar SEZ Developers Pvt. Ltd.	
19.9713125	72.7453155	Dahanu thermal power plant campus	
15.4139294	74.0482244		
15.4126330	74.0423134		
26.2677296	74.1892146	Shree Cement	
26.1259656	74.3383992		
14.9319723	78.0018707		
14.9408621	78.0175858		
14.9512642	78.0769971		
10.0715963	76.3183536	Kerala State Industrial Enterprises	
19.2381365	73.1427816	Electric/Diesel  Locomotive Shed Kalyan	
10.7006562	76.8535673	MK Gastech Pvt Ltd	
10.3276755	76.9196185	Shree Murugan Tea Factory	
10.2952840	76.8995695	Murugan Tea Factory	
10.3140616	76.9268517	Injippara Tea Factory	
16.8764578	79.5654914	rice mill	
16.7530354	78.0459738		
22.5288574	72.7162955		
17.6224146	80.7013338		
17.6223040	80.7021993		
22.4652770	73.3215251		
20.5234881	72.9639096		
20.6240252	72.9735290		
20.6168317	72.9649009		
20.2486990	72.9613729		
21.0869470	72.9642650	White Lotus Industries Ltd	
23.0256422	72.3026057	Bosch Rexroth India Limited	
23.0334281	72.2844865	Faurecia Automotive Seating India Pvt. Ltd.	
19.1576819	73.0028482	Bharat Bijli	electrical
22.0535341	88.1078618		
21.5758810	73.0675404		
22.0795222	88.1242781		
21.6107717	73.1415253		
21.3879969	72.9405189		
22.1063144	88.1773947	Haldia Energy power station	
13.0053732	80.2083962		
10.8266997	79.8099938	Narimanam Refinery	refinery
28.2943909	79.1663084		
20.6429813	72.9556511		
21.5368299	73.8316827		
22.2616657	70.6986903	Balaji wafers	
22.6212501	70.9782694	"Food Corporation of India, Wankaner"	
28.6978089	77.3057011	Nand Nagri Bus Depot	depot
10.7583232	76.7055490	"PRS Rice Mills, Palakkad"	
14.4563728	75.9059694	Lakshmi Flour Mills	factory
18.6910816	78.0598990	industrial Sheds	
26.5726743	88.5287756		factory
18.1474104	77.4226941		
18.4867713	80.4643071		
13.0017415	77.6842424	BMTC Depot 24 (KR Puram)	depot
12.9813983	79.9310424	Resource Recovery Park - Sriperumbudur	
34.0536283	75.0177759		
34.0487837	75.0141147		
34.0323542	75.0151420		
34.0769831	74.9766013		
19.1402594	73.9664848		
21.3306495	72.7630736		
28.1547178	72.9640728		
26.1462837	86.3688346	brick klin	
26.1227773	92.2225455		
26.7805636	92.2520605		
26.9542301	94.5460157		
26.9722878	94.5869945		
27.3790605	95.0921630		
15.7788785	78.0565109		
22.3073756	73.3909742		
22.3179711	73.3914983		
28.4869854	77.5517846	Noida-Greater Noida Metro Depot	depot
18.9920708	73.0308968	Ambuja Cement	distributor
18.0825430	80.2425635		
26.1131765	91.8917728		
26.0986094	91.5251711		
11.2936533	75.8257586	Govt.Printing Press Vellimadukunnu	
21.5439719	81.9499715		
21.5762571	82.0218141		
18.1987291	79.9816838		
22.8717417	88.2140779	Himadri Speciality Chemicals Limited	factory
23.7927372	85.8512932		
20.7109972	83.2515351		
20.1735530	85.6456094	Khorda Industrial Area	factory
10.2370006	76.4147326	He-Man Robopark	
19.1600312	72.9287377		
19.1552704	72.9337370	TATA Power Salsette Receiving Station	
19.1580423	72.9310172		
19.1564212	72.9359633		
19.1551627	72.9355623		
29.6910460	73.5844856	Kalpataru Biomass Power Plant	
10.2128153	76.3558810	Packmen Packaging Services	
10.3295769	76.3943591	Coconut Processing Factory	
10.4179133	76.3412325		
22.2238761	73.0196210		
22.2306836	73.0091886		
22.2394215	73.0196678		
22.2720611	73.0515260		
22.2701546	73.0559368		
22.2655744	73.0528508		
11.2840718	75.9914824	Bricks factory	
10.2637652	76.3552654		
10.2640011	76.3549415		
9.5538784	77.8845410	Amathur	
10.5787334	78.6348366	Valathadippatti	
9.7586330	76.3061005		
9.7584858	76.3060345		
9.5898107	76.3332453	VKC Factory	
8.9214573	77.7008084		
8.9173541	77.7146244	Shezhilanallur	
27.3377331	70.5340733	Ramgarh Gas Thermal Power Station	
20.3374493	73.0896742		
20.3502623	73.0262681		
20.3157122	72.9611142		
20.3187168	72.9643541		
20.2351058	73.0153193		
9.6497893	76.3478970	Kerafibertex	
20.2655377	72.9304114		
20.2725089	72.9134510		
20.2721916	72.9169917		
20.2117270	72.8764149		
20.2214865	72.8779493		
9.8484812	76.2909916		
9.6253033	76.3400321		
20.2135959	72.8734259		
9.6112829	76.3535175	Fibre World	
9.7316203	76.3378603	Vayalar East Coir Cooperative Society	
9.6109044	76.3543719	Fibre World	
9.6089954	76.3536467		
9.6086939	76.3537194		
10.0863438	76.4492455	NOH Plywoods & Boards	
9.6925277	76.3627494	Mac Dowells Company	factory
9.6206615	76.3354840		
9.6294105	76.3303683	Fomil Coir Composite Board Factory	
9.6369152	76.3381024	Rubber Tech Coir factory	
9.6366794	76.3377962	Rubber Tech Coir Factory	
26.0309395	91.2729951		
20.1433458	85.4989349	Tile Factory	
9.6814542	76.3652569		
10.0462052	76.4920604	HLL Lifecare Limited	
10.0451563	76.4910765	National Plywood Industries	
10.0887050	76.4033814	chenthara plywood	
9.6970350	76.3211520		
9.6972781	76.3211168	Latex backing unit	
9.6619375	76.3296317	Pack World	
9.7484348	76.3623001		
22.1215912	72.8992679		
9.7077393	76.3482697	Ram Coir Mills	
9.6930288	76.3366161	Halal Centre	slaughterhouse
9.6937059	76.3369723	Thirumala Oil Complex	
22.0938100	73.1936251		
22.0858798	73.1755704		
22.0916636	73.1801933		
22.0945042	73.1797637		
22.0954409	73.1848108		
22.0805005	73.1643957		
9.6044575	76.3634768	Factory	
18.7994261	73.7992979		
10.0927904	76.4741757	"Plystone Plywood Pvt. Limited, Allapra"	
10.0789939	76.4322990	Eden Plywood	
10.0901607	76.4223717	Tens Rubber Co Pvt ltd	
9.3135655	76.5509896	"Aluminium Industries Ltd., Switchgear Division"	
15.4787555	73.9625654		
10.0721809	76.4438545	Cochin Veneers	
9.6581622	76.3500880	Rubber Backing Company	
10.0867214	76.4034185	Sree Sastha Plywoods	
22.4488699	88.2771541	Joka Metro Depot	depot
17.6646174	83.0912438	Ramky Pharmacity India	
17.6601755	83.0807668	SNF India Pvt Ltd	
17.6619658	83.0864963	Aurobindo Pharma Limited	
11.4566217	76.8590601	Tea Factory	
11.4580767	76.8608263	Tea Factory	
11.4595488	76.8600699	Tea Factory	
21.7453485	72.0709594		
28.3683914	76.8933272	Maruti Suzuki India	
19.8730757	75.4758138	Loya Pre Engineered Buildings Pvt Ltd	
10.0761554	76.4398247	Youpee Sns Ply Ind	
9.6659866	76.3427831		
9.6667277	76.3421718		
14.8008651	74.1125696		
9.2194713	76.6645013	Hindhusthan Agro	
21.1710233	72.7384249		
21.1678488	72.7389173		
21.1613984	72.7401555		
21.1570500	72.7419998		
22.6886712	72.3518929		
22.6890754	72.3588192		
22.6914864	72.3568360		
22.6965412	72.3680113		
22.7033644	72.3716202		
22.7161227	72.4696403		
22.7011420	72.5385350		
22.7095054	72.5996213		
22.7300241	72.6369874		
22.7330520	72.6397817		
22.7342453	72.6476008		
22.7458181	72.6698596		
22.7116610	72.8099754		
22.7086373	72.8144688		
22.1563629	73.1862397		
22.1493543	73.1852119		
22.1264940	73.1896042		
22.1216435	73.1909429		
22.1134881	73.1930768		
10.0805828	76.4703085	Rubber Factory	
14.2413319	76.3707429		
20.7987903	74.1174914		
20.8441521	74.7561982		
20.8545325	74.7736407		
20.1736439	85.6340727		
22.1464955	73.5692218		
22.8122117	69.7058554	Oriental Carbon and Chemicals Limited	
22.8106454	69.7039309		
20.3189654	72.9607616		
13.5558195	80.0132916	VRV Asia Pacific Private Limited	factory
13.5513864	80.0211837	Foxconn	factory
13.5490558	79.9944578	Mondelez International	
13.5481742	80.0059166	Unicharm Private Limited	
13.5481168	80.0111031	Nippon Seiki	
13.5473136	80.0090187	Nittan India Tech Private Limited	
13.5375429	79.9936240	Danieli	factory
22.5101039	73.2635089		
22.9046674	72.2471537	Asiatic Composite ltd	
9.5454369	76.3431610	Kerala Spinners Textiles	mill
13.2085223	80.2549112		
13.2019450	80.2634391	RMS Ropheka Multi Speciality Hospital	hospital
30.2987339	75.5019119		
30.2982614	75.4925431		
10.5659559	76.1691450	Kap India Tiles	factory
19.0009353	72.8589769		
18.9983844	72.8556881	Sewri Dockyard	
18.9807555	72.8451151		
18.9824019	72.8573921	HPCL Lubricants Terminal	petroleum_terminal
18.9856785	72.8515542	Sewri Dockyard	
18.9960786	72.8581528	MTHL Casting Yard	
31.0104791	76.4395183		
31.0043524	76.4457625		
31.1137678	76.6435352		
18.9990192	72.8475979		
18.9731819	72.8413564	Thakkar Estate	
19.9353220	79.8925277		
25.5784389	85.1220560	Indian Oil	
25.5758829	85.1205587	BPCL Depot	
18.7941014	73.3472666		
18.7909401	73.3512497	Mohan Rocky	factory
18.7917146	73.3501956	India Steel Ltd	factory
10.8469305	79.8364949		
19.0590578	72.9216203		
19.0589008	72.9196179		
19.0582112	72.9194114		
19.0580616	72.9209161		
19.0572267	72.9217521		
19.0567078	72.9172817	Deonar Abattoir	slaughterhouse
19.0561298	72.9260820		
19.0572250	72.9259519		
18.9940998	72.8551863		
18.9986585	72.8576695		
18.9991617	72.8588366		
19.0632307	72.9159905		
19.0616805	72.9166232	Janata Timber Market	
19.0525842	72.9171422		
19.0663699	72.9110825		
19.0166193	72.8663911		
19.0054820	72.8619048		
19.0033421	72.8605943		
19.0022856	72.8614542		
28.1323405	76.3617531	Inland Container Depot - ICD Kathuwas	
28.1011644	76.2497547	Mandi	
19.2871843	72.9014916		
19.2884217	72.8974256		
19.5242455	73.1216795		
19.5318495	73.1236348		
19.5327544	73.1310739		
19.5599368	73.0729651		
19.5199933	73.1053340		
19.5072718	73.1115889		
19.5138318	73.0981578		
19.5442558	73.0976308		
19.4981496	73.0905014		
19.5398778	73.1010479		
17.5439570	78.2088323		
17.5492725	78.2159219		
18.7471679	74.2371055		
18.7855000	74.2778858	Maharashtra Industrial Development Corporation	
18.3433290	74.6778622		
18.3538177	74.6917481	Poultry Hatcheries	
18.3444127	74.6836961		
18.3442481	74.6850572		
18.3441143	74.6843813		
30.2618268	78.0424138		
13.5601795	80.0177269	VRL Logistics Ltd	
19.2662049	72.9690685	Anand Nagar Bus Depot	depot
19.2180144	72.9900621		
19.2041211	72.9664846	Mondelez Cadbury Pvt Ltd.	
19.2092267	72.9666488	Raymond Mills	
17.5494227	78.2158177		
17.5490621	78.2155520		
17.5488499	78.2163492		
17.5483099	78.2169127		
19.1570941	72.9449943		
19.1557417	72.9442674		
19.1555694	72.9460365		
19.1555483	72.9450451		
19.1520764	72.9446486		
19.1614779	72.9427625		
19.5862096	74.7064841		
22.6329929	75.6191674		
22.6315281	75.6269633		
22.6307949	75.6307270		
22.6223267	75.6226415		
18.9705902	73.1339857		
18.9700837	73.1363831	All Cargo Global Logistics	
19.0842924	73.1245253		
19.2931245	72.9039117		
19.3401368	72.8934342		
19.3350925	72.8919535		
19.3831126	72.8961324		
19.3793982	72.8937265		
19.3448416	72.9172092		
19.3408885	72.9191780		
19.3398811	72.9257119		
19.3592563	72.8938794		
19.3704383	72.8971785		
19.3783051	72.8974146		
19.3802028	72.8993940		
19.3798334	72.9038894		
19.3669135	72.9004615		
19.3701625	72.9052895		
19.3605823	72.9065877		
19.3619893	72.9020656		
19.3380741	72.9569489		
19.3494476	72.9694104		
19.3307952	72.9591188		
19.4202514	72.8706783		
19.4294943	72.8792775		
19.4272456	72.8723359		
19.4094217	72.8799990		
19.4115923	72.8512671		
19.4175739	72.8482255		
19.4131810	72.8487217		
19.4120148	72.8559717		
22.4603997	73.4111592		
22.4605890	73.4053610		
22.4829608	73.4599338		
19.1814086	73.0004444		
19.1152266	72.8661694		
19.1195139	72.8612263	MIDC Industrial Estate	
19.1140292	72.8696564		
19.1223537	72.8627479	MIDC Industrial Estate	
19.1332434	72.8720918	Andheri Veravali Reservoir	
19.1388056	72.8774133	Modern Bakery	
19.1532966	72.8791970		
19.1454115	72.8819865		
19.1329923	72.8824384	Aarey Metro Depot	depot
22.7567814	72.6559559		
26.1537997	91.7680706		
31.2884969	75.5553563		
23.1919412	69.4772306		
25.5935206	85.1709737	Bina sangeet	
23.7889908	91.2681846		
23.7853757	91.2663353	Jute Mill	
26.9496097	75.8250672		
27.5223813	71.9637982		
12.9745164	77.6595914	Bharat Earth Movers Limited	
30.5961381	76.3226520		brickyard
30.6228838	76.2729568		brickyard
30.5749007	76.3184883		brickyard
30.6338074	76.3389534		
30.6329806	76.3415047		
30.5808414	76.3684657		brickyard
30.6335028	76.2604887		
10.0851686	76.4016635	Safa Plywoods Pvt Ltd	
30.4980025	76.2833794		brickyard
30.4981102	76.3065432		brickyard
19.1665754	72.8657511		
19.1621548	72.9446224		
19.1659846	72.9417127	Raja Industrial Estate	
30.6447217	76.3275793		
30.6497778	76.3246426		
30.6525102	76.3179187		
30.6557981	76.3100383		
30.6551689	76.2318327		
30.6421692	76.2233265		
18.7811380	84.0933548		
30.6686802	76.2797677		
30.6810946	76.2720671		
30.6764651	76.2736512		
30.6633855	76.3075659		
30.6608127	76.3074049		
30.6733353	76.2973868		
30.6392832	76.3161746		
30.6377778	76.3398677		
30.6360293	76.3423641		
30.6239344	76.3190086		
22.8304351	74.2649853		
30.6193036	76.3816637		
30.6201648	76.3865029		
30.6242005	76.3937993		
30.6312004	76.3829083		
30.5975434	76.3517746		
30.5997856	76.3475813		brickyard
30.5943141	76.3386229		
30.5954084	76.3410296		
30.6380470	76.2682376		
30.6413543	76.2751291		
30.6219011	76.2462967		
30.5166429	76.3793447		brickyard
30.5212347	76.3817148		agriculture
30.5211733	76.3777921		agriculture
30.4984129	76.2769471		brickyard
30.5360674	76.2914978		brickyard
30.5116923	76.2422679		
30.5046902	76.2644423		brickyard
30.5854384	76.2326460		
30.5917318	76.2312219		
30.5980300	76.2335499		
30.5981527	76.2300880		
30.6003704	76.2292471		
30.6008789	76.2339875		
30.5780082	76.2338770		brickyard
30.5926099	76.2212361		agriculture
30.6058471	76.2110421		agriculture
30.6049674	76.2142927		agriculture
30.6074518	76.2194846		agriculture
30.6091083	76.2098456		agriculture
30.6074607	76.2059679		agriculture
30.6706867	76.2465865		
30.6571290	76.2268524		
30.6566937	76.2300505		
30.6542131	76.2279021		
30.6515309	76.2279490		
30.6471688	76.2298952		
30.6430802	76.2276229	Nahar Sugar Industries Limited	sugar_mill
30.6433492	76.2432208		brickyard
30.6309356	76.2549559		
30.6346855	76.2642747		
30.6347028	76.2559399		
30.6473827	76.2722858		
30.6424039	76.2683202		
30.6433928	76.2707756		
30.6530471	76.2762916		
30.6575179	76.2761021		
30.6521598	76.2808005		
30.6047765	76.2262444		agriculture
30.6163831	76.3920960		
30.6208701	76.4033925		
19.1851894	72.9400751		
30.6337111	76.4235114		agriculture
30.5903243	76.4177784		
30.5739649	76.4403142		
30.5771335	76.4446149		
30.6080075	76.3542589		agriculture
30.5590363	76.4091209		
22.5973280	73.4525793		
30.5267136	76.4238619		brickyard
30.4987420	76.4137346		brickyard
30.4182789	76.3806341		
30.4138989	76.3783700		
30.5157662	76.3679774		
30.4423158	76.3436665		
30.4522411	76.3957130		factory
30.4803056	76.4925606		agriculture
30.5117093	76.4618990		agriculture
30.4605425	76.4226759		
30.4521289	76.3830329		agriculture
30.4822571	76.3360823		
30.4912506	76.3972348		brickyard
30.4337793	76.4083397		agriculture
30.4337993	76.4059391		agriculture
30.4325892	76.4055197		agriculture
23.0041808	72.7530835		
30.4185508	76.3518504		
30.4113712	76.3719847		agriculture
30.4163238	76.3672499		agriculture
30.4659823	76.7895214		
30.4599768	76.7894040		
30.4506155	76.7886008		
30.5027625	76.7870682		
30.4721347	76.7292772		
30.5383398	76.4987312		
30.4597512	76.8751815		
30.4289548	76.9201877		
30.5145123	76.8198073		
30.5100930	76.8081893		
30.4983312	76.8389154		
30.4855176	76.8834802		
30.5106602	76.7963218		
30.4239961	76.9116622		
30.5585401	76.6905261		
30.5549716	76.6862870		
29.7939807	77.9413289		
29.7926551	77.9379725		
29.7971724	77.8031371		
19.0886332	73.1296561		
19.0879809	73.1338245		
30.6438914	76.3109064		
30.6463558	76.2974122		
30.6435705	76.2999737		
30.6406098	76.3067355		
30.6454951	76.3214583		
30.6483934	76.3108152		
30.6471634	76.3035438		
30.5579026	76.2391868		
30.4996648	76.5564787		
30.6434898	76.3212839		
30.6344618	76.3176924		
30.6295229	76.3172472		
30.6317985	76.3207662		
30.4790394	76.5565841		
30.4805347	76.5542296		
30.5657714	76.8898451		
30.5653037	76.8918863		
30.5707437	76.8917214		
30.5703072	76.8899538		
9.3147400	76.6172976		
31.8183629	75.3699846		
31.3636341	75.3808942		
30.2522602	76.5788859		
30.1788765	76.5295708		
30.1795906	76.5258962		
32.0021190	75.0496969		brickyard
32.0280821	75.0262946		
30.5044925	76.8107508		
30.5476898	76.8804144		
9.8483645	76.8236275	Kurian Abrham Latex Processing	
31.4328879	75.3562700		
31.4490074	75.4430079		
11.2962058	76.9026473	Sharadha Terry Products	
13.4165579	80.0575439		
13.3581058	79.9919634		
18.7990998	73.8058305		
18.8010156	73.7906619	Schindler	
18.7967761	73.7970945		
18.7965619	73.7985721		
18.7806203	73.8270763		
18.7487248	73.8000852	Volkswagen India Private Limited	
18.7588359	73.7866017		
18.7668661	73.7707468		
30.6956852	75.0947915		
30.7073826	75.0997845		
30.7050638	75.0970553		
30.7034206	75.0982207		
30.7027564	75.0964920		
30.7012089	75.0959247		
30.6982776	75.0946306		
30.6974034	75.0926511		
30.6967011	75.0978894		
30.2192848	76.4560193		agriculture
30.2190507	76.4526665		agriculture
31.1373136	76.1065877		
30.3806044	74.6344400		
9.2684438	76.6556172		
30.4329859	74.0564386		
30.4510321	74.0428975		
30.4145175	74.0130043		
30.4122830	74.0135542		
21.2652898	81.6642440	mow  mowamart timbertimbrr Haryanaharyanshri shri haryahary shri	
19.1649437	73.9541902		
30.2868911	74.1019625		
30.4058869	74.0474895		
30.4112005	74.0462771		
30.4389199	74.0365568		brickyard
30.4383881	74.0384289		brickyard
30.4646016	76.5478260		
30.4712043	76.5421611		
30.4733981	76.5459055		
30.4705108	76.5454710		
30.4297018	76.4078146		
30.4203799	76.4087146		
30.3987513	76.5087220		
30.4536380	76.5638561		
30.4546254	76.5651812		
30.4557328	76.5659147		factory
30.4440976	76.5568610		
30.4443344	76.5576012		
30.4454873	76.5575637		
30.3945858	76.3190470		
21.0877296	72.6416284		
30.3377087	76.6113299		
30.3860032	76.4935193		
30.4046899	76.5162926		
30.4073363	76.5159680		
30.4062918	76.5151673		
30.4134465	76.5267437		
30.4159284	76.5325682		brickyard
30.1957294	76.5094677		
30.3718279	76.4197250		
30.3985420	76.4056568		
30.3865736	76.4193695		
30.3286824	76.6063222		
30.3885935	76.4950213		
30.3829039	76.5762546		
30.3800740	76.7514257		
30.4023845	76.6666947		
30.2928759	76.4156842		
30.3147293	76.4245785		
30.3069062	76.4234895		
30.3093237	76.4197544		
30.3496922	76.3496375		
13.0388519	77.5259587		
13.0399461	77.5252953		
18.7525506	73.7825342	Flash Electronics	
18.7579369	73.7784664		
18.7572933	73.7736641		
30.5970440	75.8581844		
30.5954648	75.8588791		
30.5111589	75.8769111		
30.5104175	75.8810319		
30.5075175	75.8898130		
30.6783452	76.2935284		
30.6846691	76.2586046		
30.6829761	76.2622672		
30.6811918	76.2641233		
30.6793371	76.2680366		
30.6785805	76.2617093		
30.6746380	76.2591719		
30.6745849	76.2717676		
30.6776047	76.2252260		
10.5417529	72.6179231	Solar Power Station	
10.5655159	72.6405041		
30.6880334	76.2573292		
30.6993558	76.4075678		
30.5373649	76.5236820		
19.2763534	73.3992181		
19.2612028	73.3954771	MIDC	
30.4891822	76.5826571		
30.4874731	76.5851006		
30.5660405	76.5855043		
30.5772166	76.4576353		
13.2755023	77.5584946	Bombay Rayon	
13.2468460	77.5501164	Indo-MIM	
13.2547794	77.5578344	TAFE	
30.7242077	76.2132794		
30.7273735	76.2093982		
30.7158099	76.2131131		
9.4997692	76.3478090	Bus depot	depot
9.2367840	76.6734184	"Chithra Tiles, Kulanada"	
30.7067010	76.6598993		
30.2675833	76.3383360		
30.2729159	76.3564262		
30.2750633	76.4215932		
21.3110213	81.6396325		
30.1589549	76.3687432		
30.2591228	76.3446392		
30.2537501	76.3352904		
30.1870158	76.2307834		
29.9587504	76.0839915		
29.9608325	76.0850134		
9.2616128	76.6058724		
29.9199999	76.0373103		
29.8278469	76.0993687		
29.8776321	75.6813383		
29.8901482	75.7122588		
29.8917830	75.7141672		
29.9033558	75.2953630		brickyard
29.8787042	75.6857036		
29.9330699	75.8782433		brickyard
29.9639533	75.9847605		brickyard
29.8983381	75.3574535		brickyard
30.1314229	74.7991919		
30.5749605	74.5451948		
30.4881133	74.5391250		
30.8804297	74.6033343		
30.9842111	74.6395898		brickyard
30.9816516	74.6453432		
30.9841008	74.6440181		
12.9337947	78.8357207		
31.3370200	74.9007860		
31.2974850	74.8768366		brickyard
31.3429571	74.9414977		
31.4054390	75.0557714		brickyard
10.9184046	77.0062412	VKC Footprints Global Pvt Ltd	
10.8633033	77.0129558	TTK Prestige Ltd	
31.5131811	75.5373734		brickyard
31.5185842	75.6692764		brickyard
31.5083379	75.6476257		
31.3071758	76.2058148		
31.3039239	76.2169567		
31.3012303	76.2156116		
21.4880150	86.8830287		
31.4990303	75.8427832		
31.4022420	76.0200128		
31.4146838	76.0196279		brickyard
31.3885794	76.0717821		brickyard
31.3920997	76.0702640		brickyard
31.3912903	76.0685098		brickyard
31.3785025	76.0834632		brickyard
31.2769056	76.2621195		brickyard
31.2503827	76.2908931		brickyard
31.0061537	76.4272767		
30.8698067	76.4924450		brickyard
30.7988175	76.4753768		
30.7256085	76.4901477		
30.7484874	76.5167392		brickyard
26.2556375	87.8997556	"Altabari Power House, NBPDL"	
18.5559018	73.8191530		
15.8637218	74.5213768	(Central Bus Stand) CBT	depot
15.8601721	74.5202865	Central Bus Depot	depot
15.9011528	74.5487186	KIADB Industrial Estate	
15.9001648	74.5438857	Belgaum Power Plant	
15.8872476	74.5033496	APMC Market Yard	
15.8566656	74.5344780		
21.3990232	81.8519425		
30.3474806	76.3333431		
30.3488126	76.3251114		
30.2399982	76.2625314		
30.2535786	76.2611407		brickyard
30.2738448	76.3135645		brickyard
30.2505017	76.3123527		
30.1732999	76.1977252		brickyard
30.1753474	76.1976475		brickyard
30.1699907	76.2193170		
30.1824958	76.2278371		
30.2058945	76.2438619		
30.2130418	76.2487502		
30.2106255	76.2484941		
30.1511460	76.1787138		
30.1439338	76.1937650		
30.1541622	76.1695299		
30.1526338	76.1682773		
30.1500523	76.1707623		
30.1466418	76.1725661		
30.1635428	76.1869615		
30.1665578	76.2023266		
30.1676952	76.2002546		
30.0451057	76.0111373		
30.0471338	76.0119125		
30.0485709	76.0166426		
30.0324777	76.0249414		
30.1152481	76.1771125		
30.1163803	76.1762394		
30.1204636	76.1808448		
30.1223185	76.1880826		
30.1245375	76.1843142		
30.1287528	76.1725541		
30.1294580	76.1739461		
30.1299568	76.1748138		
30.1317616	76.1764607		
30.1323392	76.1792354		
30.1341033	76.1804948		
30.1357492	76.1814241		
30.1418717	76.1917265		
30.1436555	76.1895593		
30.1416149	76.1922683		
30.1425131	76.2094478		
30.1349512	76.1975724		
30.1258320	76.1905932		
21.1496920	79.1641679		
21.1478909	79.1672659		
29.9581438	75.7941976		
18.7959230	73.7720025		
18.7967244	73.7820594		
18.7972120	73.7852405		
18.7964731	73.7852687		
18.7989565	73.7863801		
18.7996216	73.7877802		
18.7992357	73.7884974		
9.4336734	77.8281408		
9.4354991	77.8414017		
9.4363352	77.8511596		
9.4387219	77.8558963		
9.4339021	77.8567010		
9.4339433	77.8609442		
29.9040533	75.4730782		
29.9265787	75.4376731		brickyard
12.9007139	79.9055225		
12.8079654	80.2472704		
12.7996548	80.2462576		
29.9357836	75.2354103		
30.0786396	75.7077098		
30.4338403	76.2163116		
30.3821612	76.2436299		
30.4431564	76.2081952		
30.4671066	76.2325980		
22.4177290	73.3152176		
30.3625769	76.1158856		
30.1064891	74.9313417		
30.0502181	75.0375411		
30.1461640	74.9041521		
30.1463843	74.9070865		
30.1466069	74.9107128		
30.1415690	74.9057696		
30.1349825	74.8998271		
30.1358861	74.9024436		
30.1338377	74.9041414		
30.1324250	74.9020010		
30.1283816	74.9027601		
30.1287922	74.9009764		
30.1290996	74.9083284		
30.1303651	74.9059036		
30.1278816	74.9108523		
30.7018374	74.6158790		
30.9381207	74.6769288		
30.9143549	74.6587998		
30.8723886	74.6598834		
9.3844872	77.7530176		
9.4039847	77.7492598		
9.4047522	77.7454054		
9.4090177	77.7460868		
9.4136484	77.7469933		
9.4149079	77.7326488		
9.3992058	77.7378791		
9.4036196	77.7370477		
9.4073031	77.7314580		
9.4191840	77.7459419		
9.4204329	77.7425623		
9.4167179	77.7570086		
9.4270585	77.7654630		
9.4379756	77.7661389		
9.4431193	77.7683705		
9.4363776	77.7729249		
9.4395579	77.7777636		
9.4199619	77.7697116		
9.4289954	77.7926337		
9.4351657	77.7925104		
9.4330437	77.7967590		
9.4261483	77.8158027		
9.4095522	77.8117204		
9.4167972	77.8067529		
9.4135161	77.8171653		
9.4195703	77.8205287		
9.4170830	77.8262204		
9.4119020	77.8260165		
9.4076682	77.8319067		
9.4130081	77.8295249		
9.4255080	77.8333605		
9.4316836	77.8324217		
30.9257680	74.6412232		
30.9337563	74.6703145		
30.9559118	74.6410087		
30.9520590	74.6542373		brickyard
30.9518704	74.6601864		brickyard
30.9516726	74.6632603		
30.8845522	74.6483647		
30.8858807	74.6470683		
30.8805057	74.6554926		
30.6985531	76.4582589		
30.6956540	76.4342988		
30.6415675	76.4788918		brickyard
30.6429324	76.4759668		
30.7025177	75.8376521		
30.6561303	75.8518825		
30.6515823	75.8537266		
30.6299625	75.9409011		
30.5973961	75.8776935		
30.6650927	75.8577887		
30.6676122	75.8532009		
30.6656719	75.8540900		
30.5042313	75.9198188		
30.5302448	75.9355930		
30.3996732	76.1178302		
30.3888781	76.1269739		
30.3863653	76.1250562		
30.3929685	76.1216926		
30.4279926	75.8808920		
30.2542526	75.9127572		
30.2197600	75.8663477		
30.2285740	75.8158921		
30.2262561	75.8515030		
30.8373730	76.6549909		
31.6646003	75.6386965		
28.6032274	77.3703041		
31.0577961	75.4827743		brickyard
19.8226435	73.6669911		
29.2372612	78.9782158		
22.6269035	75.6031598		
22.6264205	75.6020738		
20.2833307	72.8564117		
20.2911361	72.8541881		
31.5719517	74.8870798		
31.5807496	74.8972535		
31.5823994	74.8899606		
31.5641066	74.8776198		food
22.0363384	73.1209579		
22.0259379	73.1151562		
22.0485940	73.1522325		
31.5941305	74.9489584		
31.6282490	74.9531185		
31.6523540	74.9229088		
31.6453214	74.9272675		
31.7096654	74.9280108		
31.7123924	74.9275920		
31.7669513	74.7794737		
31.7668395	74.7847321		
31.7638579	74.7856548		
31.5286123	74.7202813		brickyard
31.6136155	74.7246718		
31.6179029	74.7341510		
31.6520480	74.7350093		
31.6846160	74.7131198		brickyard
31.6135721	74.9199584		
31.6148308	74.9389847		
26.1670048	91.7399146		
31.6539111	74.7811702		
22.6948977	72.6647974		
31.6608802	74.9197532		
27.5529240	78.5358658		
27.5518907	78.5386821		
31.6528676	74.9164125		
31.6478919	74.9058366		
31.6508537	74.9075398		
31.6042772	74.8645145		
31.5880259	74.8564035		
31.6086942	74.7253079		
31.6159217	74.6879856		
31.6257985	74.8113155		
31.6250632	74.8087594		
31.6320881	74.8540580		
31.6179760	74.7730512		brickyard
31.6113176	74.7906518		
31.6092047	74.7864407		
31.6048770	74.7853544		brickyard
31.6089169	74.8395096		
31.6059803	74.7937122		brickyard
31.6002636	74.7907604		
31.6179611	74.7216292		
31.6182112	74.7181973		
31.6204678	74.7754464		
31.6240263	74.7771710		
31.6243323	74.7730431		
9.3180849	76.4195923	Karuvatta 66 kV KSEB Substation	
31.6202417	74.7417203		brickyard
31.6215618	74.7489676		
31.6220300	74.7553519		
31.6591691	74.7657474		brickyard
31.6582524	74.7887219		
31.6610173	74.7841368		
31.6586212	74.7845605		
31.6496608	74.8117460		
31.6480169	74.8017695		
31.6532603	74.7970945		
31.6573199	74.8129087		brickyard
31.5865863	74.8857281		
31.5799978	74.8843330		
31.5907961	74.8781776		
31.5880634	74.8828501		
31.6123090	74.8486465		
31.6123136	74.8519859		
31.6025686	74.8496139		
31.6049968	74.8471660		
31.5876546	74.8434538		brickyard
31.5898708	74.8456317		brickyard
31.6182112	74.8250096		brickyard
31.6150980	74.8299435		brickyard
31.6791049	74.8388859		
31.6845407	74.9023806		
31.6741562	74.9138483		
31.6751104	74.9143700		
31.6651482	74.9122685		
31.6669749	74.9126627		
31.6691729	74.9085483		
31.6692939	74.9165144		
31.6728186	74.8928198		
31.6732043	74.8964508		
31.6567890	74.9179118		
31.6597239	74.9169302		
31.7058311	74.9245329		
31.7068584	74.9134047		
31.7012386	74.9239240		
31.7016106	74.9186643		
31.7054990	74.9186173		
31.6995636	74.9145779		
31.6981076	74.9172896		
31.6939153	74.9113914		
31.5620178	74.8873991		
31.5612955	74.8896199		
31.5567188	74.8916316		
31.5378575	74.8902637		
31.5348193	74.8822170		
31.5320484	74.8962933		
31.4505531	74.9167424		
31.4421953	74.9467617		
31.4387901	74.9454769		
11.4872581	78.8812865		quarry
31.5055331	74.7962268		
31.4818032	74.7785765		
31.4815870	74.7801120		
31.4789805	74.7772810		
31.4732570	74.7760565		
31.4830840	74.9076391		
31.4863481	74.9067244		
31.4868124	74.8990533		
31.4798954	74.8953679		
31.4850558	74.9046041		
31.4786808	74.9091088		
31.4805680	74.9094575		
31.4807327	74.9069296		
31.5527658	74.8447533		
31.5049683	74.7564993		
31.5716252	74.8354634		
31.5696771	74.8340097		
31.5681116	74.8317835		
31.6075715	74.9374692		
31.6049113	74.9367396		
31.5504160	74.9008369		
31.6871141	74.7227704		
31.6842657	74.7205790		
31.5978340	74.7837143		
31.5517007	74.7610831		
31.7225172	75.0290840		
31.6417032	74.9801942		
31.6297062	74.9420169		
31.6517638	74.9608714		
31.5823901	74.9890602		
31.5776248	74.9956677		
31.5375943	74.9976540		
31.4779167	74.9471078		
31.5745685	75.0090587		
31.6075235	75.0293201		
31.6050655	75.0522530		
31.5833156	75.0503259		
31.5819172	75.0478152		
31.5687686	75.0436163		
31.5700553	75.0480312		
31.5682933	75.0494259		
31.5663828	75.0446758		
31.5855205	75.0534439		
31.5859289	75.0557936		
31.6422010	75.0087268		
31.6927514	75.0191305		brickyard
31.6854868	74.9616936		brickyard
31.6765039	74.9529241		
31.6780606	74.9517613		
31.6849413	74.9566269		
31.5391970	74.7700766		brickyard
31.5743103	74.7103270		brickyard
31.5725153	74.7101225		brickyard
31.4883746	74.8835609		brickyard
31.6192070	74.7044886		
31.6186284	74.7135937		
31.7008792	74.7661284		brickyard
31.7534993	74.9821146		brickyard
31.4675836	74.8451382		brickyard
31.5260071	75.0109644		brickyard
31.5186951	74.9974434		brickyard
31.5178960	74.9977492		brickyard
31.5137905	74.9433540		
11.5261596	79.7517592	IL&FS Tamil Nadu Thermal Power Station	
31.7524434	74.7762363		brickyard
31.7062875	74.9068330		
31.7075151	74.9066587		
31.7052036	74.9098572		
31.7071398	74.9047235		
31.7064541	74.9079230		
31.7074067	74.8953693		brickyard
31.7113041	74.8969759		brickyard
11.8454379	79.7675545		
11.8455663	79.7620372		
11.8322017	79.7910035		
11.8576778	79.7923498		
31.4297732	75.6426019		
31.4300032	75.6468277		
30.8177286	75.6542640		
30.9736790	75.8109883		
30.9696567	75.8155653		
30.9117762	76.1582245		
30.9087277	76.1517532		
31.2908016	75.6844993		
22.3103365	72.7306599		
31.2695976	75.7205066		brickyard
31.2686772	75.7211195		brickyard
31.3700414	75.6475773		
31.3696132	75.6427279		
31.4028006	75.6876804		
10.3406760	79.8553323	Salt fields	factory
10.3413171	79.8611670	Salt fields	factory
10.5951709	76.0362248		
22.3885445	73.1331616		
22.3908012	73.1362699		
22.3905497	73.1410922		
31.4042636	75.5139162		
31.4003155	75.5218220		
31.3992029	75.5192551		
31.3965837	75.5208215		
31.4563591	75.6273348		
27.5647444	79.3262451		
27.5698065	79.3289160		brickyard
27.5673598	79.3265811		brickyard
27.5641428	79.3241349		brickyard
27.5562067	79.3210571		brickyard
27.4915317	79.2733311		brickyard
27.4634889	79.2593796		brickyard
27.4664126	79.2646247		brickyard
27.7149019	79.4271934		brickyard
27.7114636	79.4292278		brickyard
27.6882261	79.4111537		brickyard
27.8558930	79.5958413		brickyard
10.7051116	79.1150806		
27.9673014	79.7473848		
27.9624668	79.7445006		
27.9739900	79.7354289		
27.9725912	79.7301100		
28.0572787	79.8690471		
28.0415584	79.8739596		brickyard
28.1975041	80.2906971		brickyard
28.1948971	80.2728778		brickyard
28.1963214	80.2740874		brickyard
28.1967339	80.2622321		
28.2066442	80.2611083		
28.2153848	80.2703700		
28.0999636	79.9745706		brickyard
28.1014530	79.9699344		brickyard
19.0486353	79.5085233		
22.6187941	73.4559335		
28.2386557	80.6351396		brickyard
28.2293686	80.6341874		
10.6822309	78.9725338		
21.7324446	72.6387398		
21.7267068	72.7187129		
21.7249672	72.7118318		
21.7318136	72.7202796		
21.7046901	72.6491204		
21.7116283	72.6617477		
21.6966528	72.7073738		
28.2329394	80.8663394		
22.0907598	82.6610362		
22.0903124	82.6573402		
22.4499830	82.6505005		
21.9983308	82.5179994		
21.9690218	82.3509246	Arasmeta Cement Plant	
21.9627627	82.3551597		
22.0011011	82.4090051		
21.7893745	82.2360071		
21.9738225	83.1433940		
21.3742607	81.6491139		
21.3618199	81.6882987		
21.3526592	81.6720199	Jayaswal Neco	
21.2293070	81.7535001		
10.4993105	76.1966843	Korbian Matress	
10.4552561	76.2806220		
10.4532086	76.2805208		
10.4547668	76.2819135		
10.4551651	76.2840513		
13.2348402	80.0201347		brickyard
13.2303855	80.0207926		brickyard
13.2302495	80.0163752		brickyard
21.8783554	83.5551560		
21.8773797	83.5480857		
10.3402653	76.2888756	Delicious Cashew	
13.2271683	80.0463109		brickyard
22.4169454	72.8887584		
22.2992158	72.7222619		
16.8521936	81.3067386		
22.4137591	72.8331198		
22.4106844	72.8388783		
22.9256201	72.4492068		
22.9106160	72.4256307		
22.9243273	72.4408226		
22.9368555	72.4518474		
22.9395750	72.4541539		
22.9419074	72.4571317		
22.9542947	72.4678318		
22.9521575	72.4683998		
22.8938208	72.4180335		
22.8838701	72.4138105		
22.8774310	72.4035274		
22.8904139	72.4103607		
22.8975800	72.4149044		
22.8728234	72.3932796		
22.8714033	72.3965867		
22.8615862	72.3832034		
22.8592409	72.3792735		
22.8554266	72.3814357		
22.8510046	72.3751237		
22.8476928	72.3757059		
22.8428903	72.3689131		
22.8425068	72.3726989		
22.8489405	72.3747885		
22.8990748	72.4270075		
22.9180755	72.4260582		
22.9596291	72.4727317		
22.9582855	72.4755659		
22.9588679	72.4775762		
22.9619101	72.4775370		
22.9638209	72.4760982		
22.9688429	72.4798421		
22.7871268	72.3335794		
22.7509914	72.3069954		
22.7151036	72.2582079		
22.6838062	72.2376850		
22.6707867	72.2338161		
22.6669632	72.2280720		
22.6279603	72.1764659		
10.7273892	79.0902997		
10.4304440	79.6088047		
10.7543883	79.5941949		
20.0887727	78.9405924		
20.1134421	78.9035457		
19.9176122	79.1136110		
20.0220496	79.1872752		
20.0433431	79.1919393	Central Workshop Western Coalfields Limited	captive_workshop
19.3520692	79.4880715	Sirpur Paper Mills	
19.8652113	79.3400109	Ballarpur Industries Limited	
13.2220396	80.0930289		brickyard
13.2666604	80.1788157		brickyard
13.2684092	80.1650139		
13.2582366	80.1283634		brickyard
13.2521876	80.1502981		brickyard
13.2391597	80.1133214		
13.2401601	80.1113767		brickyard
13.2363613	80.1045869		brickyard
13.2305334	80.1066420		brickyard
13.2301899	80.1136586		brickyard
13.2268120	80.1103555		brickyard
13.2388866	80.1276735		brickyard
13.2343605	80.0913106		brickyard
13.2267380	80.0887372		brickyard
13.2209248	80.0792009		
13.2398928	80.0549846		brickyard
13.2280884	80.0114422		brickyard
13.2308145	80.0093901		brickyard
13.2247392	80.0039339		brickyard
13.2413088	79.9019027		
13.2766212	80.2065970		brickyard
13.2775460	80.2008775		brickyard
13.2783830	80.1959095		brickyard
13.2671318	80.1886698		brickyard
13.2790295	80.1883168		brickyard
13.2346443	80.0793081		brickyard
13.2463727	80.0783336		brickyard
18.5568704	73.7693739	Bitwise	
21.5451708	74.4728766		depot
22.5944145	75.2943921	"Sabzi & Anaj Mandi, Dhar"	
16.3818754	79.7250688	"Sri Chakra Cement Limited , Karempudi"	
19.0190003	73.1008369		
22.5338473	72.7878627		
22.8858668	72.5879099		
22.8813689	72.5919973		
22.8809593	72.5955577		
22.8774802	72.5917751		
22.8749837	72.5921843		
22.8742624	72.5940658		
22.8700656	72.5944507		
22.8660854	72.5938637		
22.8563597	72.5972225		
22.8580239	72.5993438		
22.8583911	72.6016417		
22.8630400	72.5917319		
22.8627809	72.5932865		
22.8999922	72.5974066		
22.8998335	72.5910723		
22.9137179	72.5981895		
22.9062372	72.5893799		
22.9092225	72.5931120		
22.9198842	72.5922604		
22.9243638	72.5929007		
22.9492450	72.5838924		
10.8376211	79.4039567		
22.8087491	69.7049408		
22.8090521	69.6960707		
22.8010656	69.6815801		
22.7822205	69.6769613		
22.7814106	69.6788013		
23.3383154	70.3267908		
9.9899136	76.2560620	Hatchery and Training Complex	
29.2787816	77.7415806		
29.2731759	77.7408457		
29.0938083	77.9247218	Mawana Sugar Mill	
25.8310192	83.6570263		
10.3172947	76.2739959	Thomphson Industry	godown
16.8615981	81.9203567		
16.8623198	81.9209864		storage
16.4922824	82.0064591	CoConut peat	
16.4916111	82.0065865	coconut peat	
26.9454111	88.8130474		
26.1329203	92.0040312	Star Cement	
12.8944693	80.1146477		
12.8899629	80.1193076		
17.6799703	83.2846340	industrial building	
26.5885350	82.5996539	NTPC Tanda	
27.1665437	84.6276144		brickworks
27.1368636	84.6374226		brickworks
27.1327570	84.6326929		brickworks
27.1321708	84.6358687		brickworks
27.1288496	84.6307382		brickworks
27.0799685	84.6397311		brickworks
27.0827921	84.6405056		brickworks
27.0823346	84.6379380		brickworks
27.1345840	84.6240726		brickworks
25.5712949	84.7570645		
25.5922435	84.7395777	Gidha Industrial Area	
27.3597951	71.9620371	Baroo A	
27.3834724	72.2415380		
27.3950813	72.2294586		
27.4765605	72.0003511		
27.4595201	71.9997952		
27.4672210	71.9823997		
27.4667184	71.9590008		
27.4718576	71.9588868		
27.4780276	71.9595118		
27.5279841	71.9329204		
27.5261562	71.9342843		
27.4967221	71.9551693		
27.4902953	71.9550607		
27.4834958	71.9603881		
18.8024089	74.3075082	Cummins Generator Technologies	
18.7976722	74.3038456		
18.8004468	74.3040897		
19.9588301	79.8870295		
12.9478049	77.6984899		
26.0371334	78.2275298		
25.7853674	78.1780726		
25.6650494	78.4689582		
25.6876734	78.4315037		
22.5378325	73.1302229		
26.7196045	94.6311021		
22.5568730	88.9334813		
22.5548418	88.9358255		
22.5533729	88.9382288		
22.8622678	73.6249666		
19.9433565	79.8975974		
19.9432052	79.8977053		
22.3515688	72.5892583		
15.3645130	73.9198485		
15.3639764	73.9224368		
15.3584412	73.9560282		
15.3600196	73.9550168		
15.3622733	73.9520424		
15.3712103	73.9467162		
15.3700827	73.9307013		
15.3693029	73.9331247		
27.5086091	81.6870457		
27.1290042	84.0766847		
29.6765227	77.6680640	"Triveni Sugar Unit, Deoband"	
11.4819701	75.7436164		
24.5418333	76.2030386		
20.8349997	70.6907773		
20.8441334	70.4666412		chemical
16.7169326	79.6930432	Penna Cement	
16.6468926	79.7029137		
16.8435451	79.9867022		
16.8204394	79.9706035		
10.4224226	76.2922267	kaycee distillaries	
10.4047882	76.2893206		
22.0273503	87.9614514		
8.8221123	78.0787396		
17.8012208	75.7539939		
17.7923743	75.7533180		
17.7956790	75.6637216		
17.7976224	75.6784630		
17.5264369	76.0544872		
17.5311429	76.0391987		
17.5425750	76.0335096		
17.3795824	76.3402607		
17.2736586	76.8778289		
17.2684591	76.8753505		
18.2616518	74.1703105		
18.2617715	74.2142397		
18.2701054	74.1978595		
18.2509821	74.1790611		
18.2547884	74.1751170		
18.2581928	74.1773912		
18.2657474	74.1742265		
18.2735743	74.1739100		
18.0077801	74.3344462		
17.3632645	74.1137480		
17.7509040	74.0784824		
17.7647898	74.1172161		
17.1014327	74.4487667		
17.0837584	74.4184497	Kirloskar	
17.1354309	74.4276255		
16.8727723	74.2160770		
16.8699976	74.2179304		
16.7265678	74.4871277		
16.7141529	74.4649890		
16.7082958	74.4262952		
16.7285688	74.4526345		
16.7297915	74.4724989		
16.7329867	74.4822836		
16.7128581	74.4529455		
16.7370917	74.4108510		
16.7585382	74.4471950		
18.8868583	73.1734139		
18.8848356	73.1689167		
18.8505764	73.1559352		
18.8677826	73.1647808		
18.9198464	73.1236321		
18.9210591	73.1282482		
18.9019727	73.1651956		
18.9047742	73.1591820		
18.8966432	73.1565133		
18.8693059	73.1914182		
18.8547672	73.2198590		
18.8524320	73.2238179		
18.8516096	73.2179976		
18.8536262	73.2132661		
18.8637525	73.2168817		
18.8609453	73.2074350		
18.8669455	73.2063192		
18.8626548	73.2024998		
18.8487921	73.1003773		
18.8472284	73.1095290		
18.8704379	73.1558588		
20.3025848	85.8534739		
20.3071631	85.8517412		
20.3168725	85.8504671		
20.2997868	85.8576232		
20.3071522	85.8573550		
18.7087931	73.0284512	Dharamtar Port	port
18.5252813	73.1384513		
18.5140348	73.1380999		
18.5583614	73.1124968	Reliance Industries Ltd	oil
18.4857143	73.1859344		
18.4926841	73.1837732	Maharashtra Seamless Limited	factory
17.6171663	73.4755272		
17.6227751	73.4705866		
17.6064676	73.4869319		
17.6256508	73.4784427		
16.8965747	73.2829660		
16.8192173	74.7823369	"Shree Mohanrao Sugar Factory, Arag"	
29.9242262	77.5846298		brickyard
29.9178170	77.5747043		brickyard
29.9180565	77.5770968		brickyard
29.9207009	77.5834979		brickyard
29.9203649	77.5876097		brickyard
19.0725825	74.7160971		
19.0297513	74.7406125		
19.0272963	74.7336442	Vehicle Research and Development Establishment - VRDE	
18.9914994	74.6697056		
18.9671197	74.5208108		
18.9610161	74.5151568		
18.5893281	74.6202028		
19.6062275	74.6250576		
19.6328713	74.6132773		
19.6857861	74.6176332		
19.8949670	74.4970357	MIDC Kopargaon	
19.8209185	74.5668965	Godavari Bio Refineries Ltd	
29.4993000	77.7105059		brickyard
29.4986428	77.7078317		brickyard
24.9799725	74.6535104		
8.3046371	77.2290212	SETC Depot	depot
20.2684926	74.4918751		
20.4824014	74.9858684		
20.2749790	74.4976365		
21.4512862	76.4006799		
22.5931143	77.7590928		
23.0548014	77.5438258	Nahar Poly Films	
22.2592223	76.0129129		
22.2366611	76.0444665		
22.2776100	76.0257179		
22.3006860	75.9930217		
22.3896624	75.9589898		
19.9299313	79.8928437		
23.2694489	85.3970504		
23.2629893	85.4198358		
21.0176647	75.4957616		
21.0126470	75.4951394		
21.0168434	75.4767502		
21.0144448	75.4757470		
21.0144739	75.4617619		
21.0181655	75.4558450		
21.0182667	75.4507009		
21.0206491	75.4514515		
21.0123015	75.4067552		
21.0135083	75.4040320		
21.0044092	75.4002535		
21.0178850	75.3444904		
21.0162625	75.3346145		
21.0055309	75.3013444		
21.0082903	75.2999938		
20.7568262	75.3867245		
20.7608115	75.3832752		
21.1540071	73.8213712		
23.2724143	85.4133784	Arvind	textile
21.1544771	74.8533304	Jindal Power Limited	
21.3385298	74.5635599		
21.0023158	75.2720386		
22.7817408	73.5806376		
22.8670214	73.3605141		
22.4779524	73.3036083		
22.4629857	73.3162009		
22.4563091	73.3209219		
22.4689207	73.3106410		
22.4801484	73.3002958		
23.3218436	85.2023703		
22.4611967	73.2079661		
22.4532798	73.2339258		
22.4322922	73.3206752		
22.4265501	73.3215522		
22.8201603	73.9212727		
22.8035382	73.7990230		
23.0380315	75.0048732		
23.0957500	74.7569043		
23.0638510	75.3718423		
23.2811205	85.4136908		
23.3693721	85.4446650		
12.9196556	79.8832391	DIS	
12.9189688	79.8860863		
12.9146349	79.8863122	YCH Logistics	
12.9173475	79.8957265	Mentor Printing and Logistics Pvt Ltd	
12.9134229	79.8956154		
12.9101393	79.8947576	High Valley Insulations P Ltd	
12.9092002	79.8944689	PREI POLAR ENGINEERING PRIVATE LIMITED	
23.4900451	85.5128145		
12.9165159	79.8910388		
18.6519341	73.7855550		
18.6591722	73.7834347	Bajaj Auto	
18.6570709	73.7877617	Force Motors	
19.9367121	79.8877406		
19.9358579	79.8888283		
23.5029394	85.4972282		
20.8965253	84.9791898		
20.8753652	84.9872383	Angul Steel Plant	
28.1804063	76.8572777		
28.2177743	76.8443965		
12.9226060	79.8912291	Foxconn	
12.9155472	79.8821298	Samsung India Electronics	
15.1296978	76.9324849		
15.1278698	76.9194111		
26.9849050	83.1212821	Brick works	
26.9848768	83.1271785	Brick works	
26.7659310	83.2220081	Jute Mills	
26.7524350	83.2305482		
24.8665779	74.3067572		
12.9161130	79.8767745	Flex India DTA Plant	
12.9162303	79.8786262	Flex India SEZ Plant	
12.9167277	79.8784900	Flex India	
22.5141948	88.2200057	Bata India Ltd.	
22.5316572	88.2365184		
22.5524254	88.2765108		
22.5501730	88.2882719		
22.5451810	88.2937768		
22.5460253	88.2940351		
22.5139805	88.3071587		
22.5153119	88.3022484		
22.5161299	88.3083737		
22.5146903	88.3145696		
22.5331656	88.2950485		
22.5414378	88.2948929		
22.5412495	88.2923046		
22.5136670	88.2665286		
22.5126511	88.2719841		
22.5135952	88.2777026		
22.5227899	88.3122924		
22.5228023	88.3095861		
22.5196458	88.3097604		
22.5212512	88.3002680		
22.5312960	88.3039615		
22.5304752	88.3086016		
22.5322764	88.3097738		
22.5324115	88.3117866		
22.5325925	88.2978540		
22.5201372	88.3172933		
22.5179411	88.3185977		
22.5120912	88.3176970		
22.5000186	88.1967348		
22.4841533	88.1426131		
22.4824581	88.1345611		
22.4797341	88.1261229		
22.5049795	88.1844824		
22.6103661	88.2312333		
22.6053199	88.2389098		
22.6020018	88.2396823		
22.5896795	88.2205206		
22.5940819	88.2150811		
22.5942832	88.2276821		
22.5939341	88.2315230		
22.5715360	88.1941652		
22.5656907	88.1817600		
22.4741108	88.1177383		
22.4957418	88.2156605		
22.4763712	88.1884039		
22.4624474	88.1336989		
22.4226674	87.8637385		
22.4561801	87.8939187		
22.4754839	88.0044204		
22.4815783	88.0469542		
22.4759399	88.0504176		
22.3407032	87.2588628		
22.3596211	87.2835767		
22.3585891	87.2854757		
22.3652876	87.3565650		
22.7244154	86.1873471		
22.5952466	86.4521697		mine
23.3912961	84.6548778		
23.1032786	87.3042914		
23.1036276	87.3085749		
23.1010668	87.3081900		
23.2855173	87.8698298		
20.4744386	85.7505186		
20.4789666	85.7476325	Bhubaneshwar Jasper Power Plant	
20.5163583	85.7235825		
13.2914658	80.3416215		
22.2224365	84.7573784		
22.3639114	87.3462868		
22.3639308	87.3444389		
22.3639213	87.3451791		
22.3607499	87.3550375		
22.3675383	87.3602048		
22.7638443	86.2482165		
22.7569123	86.2492340	Jojobera power plant	
17.5316246	78.1693135		
17.5290009	78.1739036	Kirby	
17.5396376	78.1783980		
17.5413369	78.1795934		
17.5332428	78.1866959		
17.5357633	78.1823641		
17.5061326	78.1282518		
17.5790450	78.1618519		
17.5788241	78.1599298		
17.5395472	78.1802827		
17.5406917	78.1811846		
17.5365287	78.1761307		
17.5335321	78.1799575		
17.5353864	78.1807053		
17.5544299	78.1791200		
17.5503984	78.1826645		
17.5379140	78.1819001		
18.9037542	76.5439455	Parli Thermal Power Station	
17.6970008	77.5584125		
17.6863066	77.5818953		
17.6890230	77.5771800		
19.8446032	75.1999129		
19.8396323	75.2028623		
19.8327757	75.1974352		
19.8301764	75.1968616		
19.8585992	75.2076709		
19.8371924	75.2375448		
19.8337852	75.2397100		
19.8303259	75.2343572		
19.8306716	75.2326538		
17.1358603	78.2879492		
19.8373764	75.2344647		
23.5530584	85.5104730		
11.3558118	79.2258992	The India Cements	
11.6399841	79.7361557		
11.6460327	79.7390966		
11.6543512	79.7425940		chemical
11.6864701	79.7539793		
11.6842545	79.7538985		
11.6926075	79.7561161		
23.3005216	85.1945597		
24.2079611	87.2906900		
22.7759208	72.6425323		
22.7795166	72.6501928		
22.7805958	72.6402956		
22.7832013	72.6406129		
22.7869330	72.6343981		
22.7909195	72.6328549		
22.7988984	72.6304263		
22.8033394	72.6262814		
22.8072453	72.6204666		
22.8099861	72.6097634		
22.8172823	72.6208472		
22.8242380	72.6091990		
22.8247479	72.6143319		
22.8267113	72.6169135		
22.8324219	72.6232543		
22.9457432	72.5876193		
22.7628041	72.6556741		
22.7094053	72.7572139		
22.7093757	72.7739447		
22.7118313	72.7785817		
22.6854125	72.8369290		
22.6538264	72.8729065		
22.6492546	72.8777409		
22.6422616	72.8896796		
13.1359044	80.0830686		
13.1362016	80.0907619		
13.1329986	80.0718234		
22.5957030	72.9538122		
22.4546840	73.0540080		
22.4612648	73.0645364		
22.4640145	73.0663751		
22.4612598	73.0691650		
22.4354750	73.0928386		
22.4330150	73.1086602		
22.4263958	73.1188807		
22.4173479	73.1197261		
22.4079839	73.1322326		
22.4004833	73.1356424		
22.3933367	73.1384056		
22.3835047	73.1515330		
12.7722117	80.0213304		
12.7735772	80.0214392		
12.7696874	80.0170360		
12.7852828	80.0222176		
12.8042132	79.9093577	Varroc Polymers	
12.8487937	79.9320059		
12.8457029	79.9302390		
12.8491828	79.9252337	Nokia	
12.8626166	79.9296462		
12.8628612	79.9347816		
12.8589133	79.9342737		
12.8575345	79.9445334		
12.7789287	79.8586557		
12.7776837	79.8616638		
14.5427213	78.7459324		
24.1725699	86.3011265		
24.1582564	86.3408822		
24.1596611	86.3492990		
24.1449766	86.3369286		
24.1564209	86.3272163		
24.1592158	86.3264304		
8.8076921	78.0980837		
8.8180412	78.0742470		
8.8154039	78.0756712		
11.1792492	77.1579615		
11.1316580	77.1803337		
11.1617648	77.2266434		
11.1690579	77.2274826		
10.0790705	76.3129824		
10.0770711	76.3263143	IAC Company	
16.8787027	74.6519064		
16.8798884	74.6598206		
16.8797736	74.6590022		
21.0438605	75.8615210		
20.7204478	76.9058298	BCPL	
22.7877047	69.6537494		
21.5599394	81.7961954		
21.5238287	81.8093759		
19.1787342	73.0033792	Vodafone Datacenter	
19.1778881	73.0006521		
19.2150397	73.1750246		
28.6501902	77.3266027		
23.0753543	77.5466376		
23.0737102	77.5316984		
23.0789002	77.5266535		
23.6803036	80.6501895	Birla White Cement	
10.4226468	76.2553592		
23.1131182	72.0703661		
24.2050230	83.8771753		
21.6970331	72.5932749		
21.7204988	72.6595267		
21.7254544	72.6584864		
21.6938866	72.6734165		
21.6997059	72.6672475		
21.7057243	72.6563403		
21.7038639	72.5951014		chemical
21.6965235	72.5864433		
21.6969720	72.5899637		
21.6926481	72.5930603		
21.7079095	72.6392016		
21.7245105	72.6133351		
21.7261475	72.6120657		
21.7195843	72.6130388		chemical
21.7195710	72.6070357		
21.7206755	72.6043309		
21.6804198	72.5530794		
21.6815063	72.5501991		
21.6798770	72.5506501		
21.6833754	72.5496855		
21.6859605	72.5521744		
21.6817871	72.5477125		
21.6837095	72.5463596		
21.6816455	72.5438372		
21.7018787	72.5444753		
21.6637193	72.5547207		
21.6680135	72.5514435	Milan Laboratories	
21.6696679	72.5500912		
21.6682219	72.5479842		
21.6731473	72.5448530		
21.6721350	72.5362414		
21.6914440	72.5880509		
21.7050240	72.6302049		
10.4323580	76.2846096		
21.7190322	72.6176387	Payal Polyplast	
21.7045431	72.6206964		
21.7034241	72.6176615		
21.7087645	72.6214904		
21.7088568	72.6192212		
21.7093540	72.6175659		
21.7269304	72.6378141	Kaneria Granito	
21.6970212	72.5958236		
21.1592426	72.6874604	Hazira Reliance Power Plant	
21.1658810	72.6619850	GSEG Combined Cycle Power plant	
21.1686624	72.6504367		
21.1596682	72.6527313		
21.1689145	72.6738225	Reliance	
21.6205715	73.0143817		
21.6247430	73.0121179		
21.6283454	73.0180590		
21.6274671	73.0213179		
21.6282986	73.0473320		
21.6298022	73.0438498		
21.6271268	73.0319260		
21.6245556	73.0296738		
21.6246225	73.0287042		
21.6266642	73.0290437		
21.6292374	73.0301933		
20.3556040	72.9393013		
21.6298906	73.0360627		
21.6274542	73.0358500		
17.6505481	83.0814930		
17.6643221	83.0783682	Emmennar Pharama Private Limited	
17.6522574	83.0843577	Avra Laboratories	
17.6542942	83.0885535	Kanoria Chemicals & Industries	
17.6575225	83.0897096	Aptuit Laurus Limited	
17.6497967	83.0785654	Vasudha Pharma Chem Limited	
17.6566756	83.0807217	Vishnu Chemicals	
17.6691359	83.0959645		
17.6580460	83.1026110		
17.6593692	83.0988130		
17.6636046	83.1023280		
17.6606827	83.0912143	Laurus Labs Pvt. Ltd	
17.6581117	83.0787663	Vayajayanthi Drugs	
17.6566471	83.0782730	SMS Pharmaceuticals	
17.6687551	83.1002077		
17.6636321	83.0958223		
17.6655777	83.0976670		
20.2529371	72.9445933		
20.2275700	73.0299901		
20.3654299	72.9406505		
20.3698611	72.9421086		
20.3684590	72.9422366		
20.3707845	72.9396902		
20.3710561	72.9343995		
20.3667664	72.9370898		
20.3564058	72.9350484		
19.0875038	73.0258297		
19.0739897	73.0254304		
19.0752614	73.0197984		
19.0745125	73.0206694		
23.4414389	75.4060283		
22.3912455	73.1077331		
22.3938733	73.1133982		
22.3977129	73.1120490		
22.3976534	73.1101640		
28.2578743	77.3203472	Indian Oil Lube	
22.4137708	73.0910557		
22.4145390	73.0905493		
22.4153552	73.0895876		
22.4090689	73.0888422		
22.4105456	73.0902998		
22.4113054	73.0908481		
22.4145692	73.0938354		
21.6395208	73.1495798		
21.8035044	72.8945151		
21.7876662	72.8945218		
21.7864286	72.8877277		
23.3029601	70.4754294		
23.3081261	70.4685254		
23.1708486	70.2189204		
23.3159808	70.4901456		
23.4099341	72.4314317	Crystal Ceramics	
17.5394208	78.3435635	Teja Plastics	factory
27.5087653	76.7004063		
27.5020887	76.6758115		
27.5073203	76.6835983	Walplast	
27.5063373	76.6890939		
24.8858221	93.9104878		
28.7117393	76.8858178		
28.7117019	76.8991707		
24.8985432	93.9128923		
24.8999848	93.9105373		
24.7765457	87.8852830	Ambuja Cements	
28.7222435	77.3290703		
28.7267761	77.3309881		
28.7765109	77.4866930		
28.7411673	77.4864060		
28.7084858	77.4572783		
28.7020514	77.4509364		
28.7182798	77.4663512		
28.7377245	77.3186324		
28.7345000	77.3132694		
22.8993800	73.0623963		
23.5082380	87.2779901		
23.5163261	87.2720750		
23.5089950	87.2814971		
23.5088168	87.2829504		
23.5118297	87.2780005		
23.5148115	87.2772514		
22.8587122	86.0574853		
28.6519634	77.4646300		
28.6408567	77.4563325		
28.6474969	77.4528188		
28.6552797	77.4609304		
28.6587385	77.4585968		
8.2619987	77.1420549		
28.7639442	77.7643633		
28.7667655	77.7685153		
28.9289322	77.6530838		
28.9467450	77.6581237		
28.9238941	77.6445973		
28.9043270	77.6602185		
28.9194992	77.6545322		
23.3240837	85.2007207		
10.5049609	76.2884670		
28.7687924	77.9860251		
28.7644144	77.9881750		
23.6778706	85.0235018		
23.6818684	84.9830594		
23.6509087	84.9955156		
23.6765912	85.0097438		
27.8319509	76.2640321		
8.7616304	78.1688645	NTPL Thermal Power Station	
8.7627686	78.1759041	Tuticorin Thermal Power Station	
22.2297042	70.9080631		
26.3619623	75.9389739		
27.9073000	76.3036858		
27.8478893	76.2707859		
21.2497371	79.3694293		
22.9848923	72.8112944		
12.9806593	74.8713435	Cardolite Specialty Chemicals India LLP	manufacturing
21.4488397	80.1760984		
21.4477014	80.1678211		
21.4730083	80.1315201		
21.4680312	80.1322657		
21.0935243	80.9549743		
21.1924396	80.7329571		
17.3245568	76.8226658	Bus Depot	
21.1209791	81.1375952		
21.1299810	81.1411679		
21.1891879	81.2074185		
21.0807235	81.0283461		
21.1042521	81.0539800		
17.3524231	76.8382488	Agricultural Produce Marketing Committee	
21.2367224	81.5799933		
21.3509884	81.6883680		
21.3345674	81.7071569		
21.3396541	81.6939658		
21.3498667	81.6937190		
21.3475210	81.6532321		
21.3174923	81.6366148		
21.3159819	81.6460078		
21.2559117	81.6238422		
21.9685492	82.0714598		
22.0629464	82.1941334		
22.0179313	82.1841931	Silpahari Industrial Area	
22.0553794	82.2225004		
23.0377605	70.2172207		
23.1067446	70.1875037		
23.1000170	70.1814057		
22.8644338	74.2579839		
20.9989002	86.0197681		
20.9742647	86.0463205		
20.9529290	86.0521690		
22.0998010	85.3621146	IDCOL Kalinga Ironworks LTD. (IKIWL)	
25.5402863	82.0462874		
22.7718340	72.6492298		
22.9019063	72.6720403		
22.2985467	82.7030558	Swastik Power and Mineral Resources Private Limited	
22.1177028	82.6953954		
22.8845762	72.5831868		
22.8811396	72.5755628		
22.8824351	72.5730722		
22.8791457	72.5689406		
22.9043993	72.5920885		
21.8716050	83.4964264		
21.8773797	83.4966999		
21.8923280	84.0976488		
23.3597767	85.2419517		
23.3382724	85.2117124		
23.3362455	85.2101460		
28.0960637	76.5873053		
30.8885876	75.9109474		
30.8875875	75.9070180		
30.8800372	75.9026528		
30.8860080	75.8981440		
18.3877508	73.3529916		air_separation
18.4079896	73.3615963	Mangaon Combined Cycle Power Plant	
18.3878640	73.3445053		
21.2305446	78.8971272		
21.2265930	78.9037040		
21.2310358	78.9011546		
22.2330610	84.6294934		
22.2362092	84.6240431		
22.2362986	84.6559453		
22.2202380	84.6614761		
22.0991996	84.3752468		
23.0109850	72.3560920		
22.6270835	75.6087765		
22.6186966	75.5677038		
22.6291196	75.5645871		
22.6294738	75.5859341		
22.6345910	75.5951668		
22.3116591	84.7658461		
22.2330312	84.7550100		
22.2351565	84.7695851		
22.2247136	84.7718543		
22.2257614	84.7641027		
22.2217741	84.6967384		
21.2934992	81.6180083		
21.3914025	81.6465778		
21.3654583	81.6812253		
21.3748409	81.6819012		
23.6139814	87.1496413		
19.7973995	72.7370386		
19.7971773	72.7351868		
19.7939256	72.7345314		
19.7950928	72.7418451		
22.0852968	84.8601794		
19.7799574	72.7485624		
19.7886914	72.7445447		
19.7905122	72.7339003	D'Decor Home Fabrics	
19.7852688	72.7307507		
22.9668470	72.6369580		
22.9624128	72.6377693		
22.9603877	72.6336109		
22.9615583	72.6335502		
22.0223077	80.7066768		
23.0222213	72.3115810		
23.0248313	72.3177295		
23.0216763	72.3268503		
22.9983229	72.2769393		
23.0350778	72.2790357		
26.9370700	82.4969282		
27.0533677	82.6530330	Brick works	
8.8302916	77.7448797		
8.8300575	77.7413700		
8.8300756	77.7400879		
8.8410788	77.7366449		
17.0125079	81.7374135	Andhra Sugars	
17.1823370	81.6190651		
17.1184979	76.4004707	Renuka Sugars	
16.6553471	80.5600458	Hindustan Petroleum Corporation Ltd.	
16.6596565	80.5531043	Indian Oil Corporation Ltd.	
22.9698571	72.6560883		
10.2927837	76.2647053		
28.4910807	76.3495557		
23.2922626	77.4271459		
26.8153557	82.7789956		
21.2040517	79.1501118		
27.3724500	94.8839407	Brahmaputra Cracker and Polymer Limited (BCPL)	polymer
29.7001798	76.9572309	Fish Seed Farm	
24.7860624	93.8887712		
24.7729243	93.8847573		
24.7871972	93.9082374		
21.9690765	85.3171527		
21.9959433	85.3038704		
21.9940184	85.3259718		
21.7973644	84.9346643		
21.8054481	84.9392509		
21.8028333	84.9313814		
21.8001487	84.9287045		
21.7975387	84.9288225		
21.8357568	84.9298793		
21.8308767	84.9289727		
21.8474383	84.9291765		
22.0494727	85.3650194		
22.0899893	85.3503209		
22.0203086	85.4279123		
22.0111574	85.4306852		
22.0896214	85.4733592		
22.1685011	85.4376778		
21.9289533	85.2235114	Rungta Kamanda power station	
24.6620700	94.0009760		
24.6383150	93.9869857		
14.2746692	80.0976954		
14.3541836	80.1398456		
14.2726388	80.0812538		
24.7209205	93.8432783		
12.3563333	76.5114878		
12.3761482	76.5886062		
10.6453852	76.2485116		scrap_yard
12.3561931	76.5253222	ITC	
12.3751244	76.5916874		
12.3663693	76.5841551		
13.2333117	80.2636641		brickyard
13.2261973	80.2665139		brickyard
13.2281085	80.2696107		brickyard
13.2308929	80.2585538		brickyard
13.2345620	80.2695020		brickyard
13.2271949	80.2615635		brickyard
24.8184356	93.8815816		
13.2719878	80.3358407	Container Terminal-1 Stage-II	port
13.2370853	80.2529845		brickyard
13.2237702	80.2631212		
24.8135069	93.8180494		
24.8889572	93.9211133		
19.1670119	72.9432009	Nandanvan Industrial Estate	
19.1689960	72.9425264		
19.1708589	72.9423747	Anupam Industrial Estate 2	
13.2199825	80.2757732		
19.1719337	72.9425702	Nahur Udyog Premises	
19.1679206	72.9379052	Ashok Industrial Estate	
19.1649523	72.9341420	Patel Compound	
19.1604543	72.9365091	J.B. Advani & Co.	
13.2723399	80.2025464		brickyard
19.1635085	72.9412874		
13.2392492	80.1229515		brickyard
13.2140701	80.0846011		brickyard
13.2110767	80.0812399		brickworks
19.4135529	79.2741519		
19.0861086	79.4767874		
11.7197982	78.0872289		
10.2053945	78.7623732		
21.2757857	82.8064146		
19.8145852	79.3042808		
19.8293511	79.3034578		
22.7448492	81.8802720		
22.1251075	82.1012566		
23.1510613	81.5391809	Bangwar Mine	mine
23.3404334	80.9362712	Pinoura	mine
24.7824803	93.8719645		
24.8014247	93.8740969		
24.7956613	93.8797993		
24.7999370	93.8770339		
23.6429664	80.2619558		
23.8233723	80.3800375		
23.8017195	80.3949290		
23.8072705	80.3965491		
23.7137944	80.3706550		
23.7189464	80.3669268		
19.1863078	72.9488915		
19.1850577	72.9492884		
24.7553031	93.8790134		
19.1476780	72.9363426		
19.1459057	72.9337902		
19.1466898	72.9319821		
19.1443156	72.9324147		
19.1409835	72.9348962	Jai Hind Mill Compound	
19.1578016	72.9422289	Anjani Industrial Estate	
19.1588521	72.9401089		
19.1612777	72.9402454	Krishna Mills Compound	
19.1577939	72.9391296		
19.1563929	72.9392128		
19.1521095	72.9386092	Tiki Tar Estate	
19.1548134	72.9380022	Sardar Pratap Singh Industrial Estate	
19.1533843	72.9451413		
19.1538844	72.9441180		
19.1531167	72.9431275		
19.1558126	72.9427170		
19.1591039	72.9344807	Hind Rectifiers Ltd	
24.1346818	80.7537871		
24.1657717	80.6939981		
23.8934450	80.3973967		
23.8979990	80.4021281		
25.8072072	80.1435190		
25.8035810	80.1481175		
25.7993773	80.1393777		
26.3759965	80.1098961		
24.6001384	93.7596175		
24.5800694	93.7638635		
25.1337871	75.8854249		
23.2384478	82.1277326	Khedia Crusher	
23.2394582	82.1137235	Kurja Road W/B	
23.2587151	82.1221912	Bijuri Rd W/D	
24.4933679	94.0013677		
23.1984511	82.1312946	Rajnagar 7/8 Bunker	
23.9020501	85.4034528		
23.9273631	85.3814530		
23.9374793	85.3751609		
23.9325319	85.3787054		
23.9328054	85.3802839		
23.9254221	85.3867989		
23.9239241	85.3860131		
23.9097522	85.3963262		
10.2001640	76.2016347		slaughterhouse
23.1903868	82.1231300	Rajnagar 5/6 Bunker	
23.3543520	82.7300254	Jhilmili	mine
23.3501535	82.7282604	Pandav Para	
25.7670084	93.1489482		
22.7544737	85.8593291		
22.7456258	85.8812320		
22.7748535	86.0165655		
22.8000000	86.0304915		
22.7975668	86.0263986		
22.7962118	86.0121560		
17.1320039	79.6481230		
23.2738951	72.3157775		
23.2845981	72.3387030		
23.2768969	72.3444393	Pragati Cotton Industries	
24.7241194	92.6874125		
24.6929620	92.7114538		
24.8290349	92.7086341		
26.8475827	82.7252061		
18.3808187	76.4831600		
18.3779003	76.4863022		
8.8747252	76.6257546	United Electrical Industry	
8.8862132	76.6300361	Cashew Factory	
8.8911596	76.6298806	Cashew Factory	
25.2074553	92.3509240		
25.1675573	92.3827055		
25.1916413	92.3595665		
25.1916070	92.4015452	Star Cement	
25.2049363	92.3799777		
25.1755727	92.3954486		
19.1699695	72.9394730		
24.9226546	92.7857288		
19.1674782	72.9383884	Softesule Private Limited	
19.1676543	72.9383631	Asma Steel Industries	
24.8578218	93.0233592		
24.8799568	93.0414935		
24.8406581	93.0216305		
24.7263060	92.9796486		
10.0814487	76.2975115	Indian Rare Earths Limited	factory
10.0783113	76.2950425	Hindustan Insecticides Limited	factory
25.5122501	92.7651729		
12.9945107	77.7023218		
12.9978266	77.7006417		
12.9976936	77.7026388		
11.9092183	79.8235267	Puducherry Fishing Harbour	port
11.9179520	79.8256021	Puducherry Port	port
15.9587052	74.8748986		
10.1891554	78.6932377		
10.1949175	78.7042036		
24.9006209	93.9901560		
19.1305750	72.8749683	SEEPZ Village Bus Stn(Temporary)	depot
14.6371301	79.9741321	Siemens Gamesa Renewable Energy	
24.5919634	92.8872987		
24.9181096	84.1844129		
23.0160717	72.7528772		
23.0148424	72.7557872		
22.9824316	72.7274117		
23.0982706	72.7647229		
23.0969988	72.7580218		
23.0959953	72.7476792		
23.0983601	72.7490394		
23.0918535	72.7514554		
24.9282114	84.1493028		
24.9151686	84.1560030		
24.9182554	84.1566977		
24.9124051	84.1680649		
24.9113811	84.1653344		
24.8853221	84.1706961		
24.8131624	84.0943497		
24.7257932	84.0062445		
24.9380253	84.1092882		
24.8905606	84.1763073		
24.4210167	92.5718603		
24.5266163	92.6230154		
24.5605767	92.6373369		
24.5897440	92.6465463		
24.6684781	92.7953271		
25.2940280	82.9673868	Food Corporation of India	
25.3263607	82.9828223		
24.6239640	92.6912856		
24.8401688	92.9383170		
18.7908537	74.2939573		
18.8004811	74.2931652		
18.8002271	74.2981835		
18.8038010	74.3016248		
18.8051098	74.2961799		
18.8075561	74.2959264		
18.8081122	74.2943104		
18.7956697	74.2873273		
18.8000792	74.3103956		
18.8057001	74.3033454		
23.5273028	85.6997054		
8.8826603	76.5947430	Food Corporation of India	
13.3843722	77.1101162	Mann and Hummel Filter Pvt. Ltd	
13.3845236	77.1074783		
13.3686686	77.1185296		
27.5781005	82.4195570		
27.5414768	82.4239611		
10.3493308	78.8254726		
10.4586478	78.7417588		
25.5105928	81.3795921		
25.4393739	81.7721455	Indian Oil Storage Facility	oil
23.3716707	72.9259411		
13.1053602	80.2745168		
13.1058696	80.2742470		
13.1057155	80.2919381		
26.3576911	79.9893240		
26.4391671	82.5201317		
9.9864422	76.2490637		
9.9878728	76.2487615		
9.9903981	76.2465584	M.V. Logistics	
9.9868165	76.2515061		
26.7603601	83.1051645		
25.6639904	82.2328699		
25.6532218	82.2295359		
10.1798746	76.4974675		
10.1715941	76.4922836		
10.1517086	76.4696958		
10.1503937	76.4658939		
10.1519620	76.4537769		
10.1538550	76.4725954		
25.8417789	80.1541767		
26.0118426	79.4924113		
26.1264787	79.7388876		
26.1151430	79.7331503		
26.1220260	79.7353189		
26.1205870	79.7372179		
26.1096529	79.7383698		
26.8307636	82.7416108		
26.8136076	82.7393412	Brick fabrication	
26.8119540	82.7445186	Brick fabrication	
26.8169043	82.7273157	Brick fabrication	
26.8209748	82.7896923	Brick fabrication	
10.2298032	78.7560364		
27.8409569	77.4149197		
27.5090815	77.7092983		
27.5466233	77.8002901		
27.5491809	77.7982597		
27.5533371	77.7967476		
12.9951388	80.1926237		
27.3831960	77.6963935		
27.3641865	77.6853696		
27.3167433	77.7663991		
27.3169482	77.7708140		
27.5339167	77.6655722		
27.5308039	77.6621751		
27.5340635	77.6623053		
27.5313176	77.6563816		
27.5208257	77.6487306		
27.5007227	77.6433702		
27.4778271	77.6376155		
17.0119033	82.2793150		
17.0204947	82.2773087		
16.9979350	82.2724067		
16.9869945	82.2714628		
16.9744135	82.2666148		
16.7358772	82.2935981		
17.0296376	81.7721414	A P Paper Mill	
10.2241569	77.4876077		
27.8159370	77.6133442		brickyard
27.7638505	77.4743333		
27.7624691	77.4709672		
27.7497917	77.4891874		
27.7486690	77.4857595		
27.7472282	77.4872535		
27.7445944	77.4907927		
27.7421529	77.4914257		
27.7384839	77.4926917		
27.7383213	77.4988353		
26.0954816	91.8787909		
26.0869229	91.8797833		
26.0767879	91.8738073		
26.0704589	91.8696875		
26.0671919	91.8615335		
26.0663411	91.8737349		
26.0435438	91.8664259		
26.0400977	91.8615228		
26.0401748	91.8628853		
26.0362779	91.8614477		
26.0306721	91.8511561		
26.0270882	91.8443137		
26.0242827	91.8403038		
26.0171265	91.8281910		
26.0178231	91.8316081		
26.0242368	91.8477684		
26.0316915	91.8564535		
26.0520331	91.8709373		
26.0508575	91.8688854		
15.4427236	76.5317273		
15.4369893	76.5434164		
15.4364360	76.5402567		
27.5322512	77.6521604		
27.5313890	77.6482371		
27.5303020	77.6495030		
16.2927844	77.3437339		
10.3746753	78.5702873		
27.4691411	77.6291787		
23.5790320	72.7487664		
26.7828564	82.7520437	Brick frabrication	
26.7752439	82.7513412	Brick frabrication	
26.7703866	82.7555807	Brick frabrication	
26.7709075	82.7406343	Brick frabrication	
26.6256353	82.7207238	Brick frabrication	
27.2441138	77.8547470		
27.3141314	77.7768879		
27.2988353	77.7894527		
27.7255960	77.4807518		
10.5443736	79.8292995		
13.2871801	78.6575979		
13.3233708	78.6732093	Punganur	
23.3941339	72.6697226		
23.3980522	72.6731607		
23.3920422	72.6635548		
23.4086478	72.6671024		
27.1327438	82.6579903	Brick fabrication	
27.7632109	77.4446976		
20.6880062	86.1095955		
23.5000640	86.7086077		
26.7912666	89.3582198		
28.0774090	75.8149982	Khetri Copper Complex	
22.2204440	84.7528444	Shri Mahavir Ferro Alloys Pvt. Ltd.	factory
27.7352933	77.5381793		
27.7303729	77.5362843		
27.7070456	77.5082560		
27.7658821	77.4385982		
27.7716784	77.4402803		
23.8838634	72.0695910		
8.3010829	77.5461705	Semicryogenic Integrated Engine Test (SIET) Facility	
27.7491580	77.2381783		
22.2130669	73.7377883		
18.4401180	79.8761178	6-Incline	
22.6043272	73.4416371		
9.9382388	78.1708028	Honeywell Technology Solutions	
26.3951936	87.2575001		
13.0551144	77.4747813		
13.0557101	77.4729654		
13.0423920	77.4928848	Nagasandra	
13.0276536	77.5221283		
13.0285140	77.5262474	Peenya Substation	
13.9662446	79.8949777		
13.9600050	79.8934936		
9.1700304	77.8589540	Lakshmi Mills Co. Ltd.	
27.8087511	77.4273853		
27.8203276	77.4186185		
27.8312324	77.4137610		
17.0205599	81.6655794		
17.0293900	81.7021915		
17.0238856	81.7167345		petrochemical
17.0000518	81.7348203	avanthi Feeds PVT.LTD	factory
17.0066148	81.7284458	Avanthi Feeds PVT. LTD	factory
17.0280961	81.6993553		
17.0267262	81.6651000	Bella Green	
23.5102306	72.7457620		
23.5399442	72.7220212		
13.6604914	79.9841261		
23.1061111	72.7407913		
23.1075283	72.7463146		
23.1133685	72.7430165		
13.6556262	79.9825167		
13.0543896	77.5753574		
22.7126637	72.4394873		
22.7659888	72.5699308		
27.4771311	77.6594004		
23.6228586	72.8155033		
11.6920053	79.7577327		
11.6929272	79.7583550		
23.2913109	72.5783000		
13.0056071	77.6684676	Khadi and Village Industries Commission	
27.5268769	77.6571661		
13.0050934	77.4958795		
12.9678195	77.4951688	Mallathahalli Sewage Treatment Plant	
27.4528929	77.6620920		
11.5141503	79.5690246		
13.0285992	77.6311514		
29.2937899	79.5438400	HMT	factory
23.5495527	72.7331277		
23.5276935	72.7132637		
29.3772037	78.6729107		
22.7412348	72.2906751		
22.7065182	72.3338262		
11.5853390	79.5148835	Ferrocarril	
24.8663589	92.5789252		
24.5869684	92.5514540		
13.5760387	74.7163685	Siddi vinayaka cashew factory	
17.1418186	81.6631033	Tadipudi Lift Irrigation Scheme	wellsite
27.2857896	77.5304988		
27.2415072	77.5004768		
17.1086403	81.6721675		brickyard
17.1023442	81.6706949		brickyard
17.0933008	81.6711884		
17.0907869	81.6722626		brickyard
27.2464530	77.4981326		
17.0755429	81.6876361		brickyard
23.3022474	72.5086805		
18.5732154	73.7650647	Balewadi Bus Depot	depot
23.2985130	72.4627861		
23.2769867	72.4712079		
17.0868959	81.6708432		brickyard
17.0911660	81.6735413		brickyard
17.0942931	81.6727429		brickyard
23.3986051	72.3995657		
23.4659940	72.3957551		
17.1059687	81.6747528		brickyard
17.1094314	81.6736213		brickyard
23.0905548	72.0601101		
23.7783882	72.3707172		
23.4053300	72.4121243		
23.4047495	72.4215622		
23.4082664	72.4233221		
28.3209579	77.3048002		
28.3168249	77.2995056		
28.3218215	77.3082456		
22.4084643	73.0932569		
17.0268093	81.7010911		
17.0215731	81.7022860		
17.0430578	81.7210776		
16.9818235	81.7139872		
16.9837834	81.7080031		
16.9849544	81.7094448		
17.0006426	81.7338904		
27.0144655	77.1716259		
21.6658871	73.0654253		
21.4968638	72.9972523		
21.4884112	72.9986425		
21.4734548	72.9908302		
21.4185641	72.9679450		
9.5625232	76.5593860		
20.5944649	72.9624148		
13.2277418	74.7899115	ISPRL	
27.2120665	77.2076627		
27.2124195	77.2111281		
27.1964807	77.4934334		
25.8703882	81.3156433	Arkha Farm and Foods Pvt. Ltd.	cold_storage
16.9257617	74.4484757	Rajaram Bapu Sugar Factory	factory
23.3937313	72.5280291		
23.4025922	72.2990108		
17.0777611	81.7016335		brickyard
17.0233821	81.7203386		
23.3004330	72.3121128		
23.3113120	72.3416256		
23.3189275	72.3465063		
23.3127230	72.3381704		
23.3190559	72.3233708		
23.5873323	72.3527841		
16.1985539	81.1607861	FCI	warehouse
23.5469839	72.7297712		
27.8779331	77.3736191		
28.0175391	77.3396274		
28.0403594	77.3437849		
23.0951683	72.1833893		
23.3006528	72.2751270		
28.0952483	76.6046673		
28.1118460	76.6121774		
23.0124571	71.2077537		
22.8481620	70.8493911		
22.8477080	70.8529350		
22.8689980	70.8587265		
22.7680182	70.9064230		
22.7540354	70.9110399		
22.7192185	70.9706552		
22.6650705	70.9508216		
23.4697983	72.3965134		
23.4555769	72.3948946		
23.5020392	72.4034657		
18.0533379	79.7672487		
16.7433633	81.0277258	chicken farms	
27.6810947	78.0749175		
27.6780365	78.0736823		
27.6785306	78.0780986		
22.2417422	73.1798103		
22.2357325	73.1837992		
22.8119015	86.2392640		
22.8154246	86.2360434		
22.8078687	86.2321175		
12.7260935	80.0175329		
12.7263250	80.0252657		
12.7251581	80.0231830		
12.7254970	80.0240158		
12.7236878	80.0186299		
12.7236013	80.0169360		
12.7298648	80.0155037		
12.7348764	80.0176050		
24.6103399	85.2232784	Brick fabrication	
12.9919358	77.7054812	Rajamane Industries Pvt. Ltd	
18.7757379	73.6968188		
29.1818394	79.0091510		
29.1839107	78.9948723		
29.1894404	79.0036082		
29.1726696	79.0075699		
29.1626432	79.0153322		
29.1655995	79.0075645		
18.4664925	74.5552805		
29.6410687	78.3959109		
29.6243409	78.3742681		
29.5993430	78.3230808		
10.7273687	79.0159501	Waste Water Treatment Plant	water_treatment
22.3870889	69.8110658		
9.2469473	76.5820314		
19.2992640	84.9551063	Gopalpur Port	port
19.3347508	84.9571755	Surf Titanium Plant	metal_processing
19.3804735	85.0529684		
9.2852623	76.4561870	brick industry	
22.8280515	79.2203817		
22.8266968	79.2058200		
22.8265683	79.2166721		
22.8259601	79.2108196		
22.8252679	79.2197835		
22.8299798	79.1921836		
9.9105560	78.2791168		
9.9080195	78.2796398		
9.9090605	78.2749325		
9.9107726	78.2722986		
9.8580675	78.2596412		
31.2420724	76.9801470		
27.4977322	71.9391170		
27.3490998	71.9938240		
27.4867762	72.0975332		
30.4559016	77.5678673		
30.4549906	77.5657565		
30.4573051	77.5632861		
30.4465128	77.5701915		
30.4444548	77.5747257		
30.4317717	77.5784809		
30.4297735	77.5897649		
30.4325684	77.5842636		brickyard
30.4504171	77.6231061		
30.4724663	77.6270154		
30.4796188	77.6329109		
30.4571062	77.6005889		
30.4559479	77.6003220		brickyard
13.0255772	77.6324455	BMTC Depot 10 (Hennuru)	depot
12.9545271	77.5452852		
12.9541451	77.5476918		
12.9528512	77.5453676		
12.9495277	77.5443262		
12.9496408	77.5454865		
12.9495761	77.5470404		
12.9508475	77.5472597		
29.9602993	75.6997272		
12.9774680	77.6208553		
12.9780896	77.6230867	Srinivasa Oil Mill	
12.7230991	79.6546488	"SIPCOT Mamandur, Cheyyar"	factory
11.9513196	79.7986786		
11.9488279	79.8024213		
25.7535128	85.1291216	Brick fabrication	
11.0023877	77.5672118	Sivasakthi Modern Rice Mill	
26.6978412	89.6951981		
12.9867123	77.6223080	Halasuru 2MLD Sewage Treatment Plant	
12.8714228	77.6628619	SEG Automotive	
11.0074594	77.5525162	Coconut Oil Mill	oil
25.3462617	85.0891872	Brick fabrication	
25.3541096	85.0881526	Brick fabrication	
11.0045999	77.5371264	Sri Srinivasa Rice Mill	
25.4873360	85.4474693	Brick fabrication	
25.4867388	85.4526359	Brick fabrication	
25.4861965	85.4564841	Brick fabrication	
26.0238657	89.9907142		
25.7996857	84.9870448	Brick fabrication	
13.5527034	80.0143666	Kobelco Construction Equipment India Private Limited	
13.5518009	80.0127360	Metal One	
13.5510840	80.0113619	NHK Springs India Limited	
13.5510633	80.0093916		
13.5498175	80.0100151		
13.6184945	79.5027458		
13.6354563	79.5127425		
13.6338376	79.5114738		
13.6368900	79.5145502		
12.8931385	76.3696360		
9.6967136	76.3261020		
25.6860948	85.2594007	Brick fabrication	
27.2103700	74.2532243		
26.9814404	72.2590408	Sanwreej	
13.5174700	79.9768209		
13.5141005	79.9763073		
13.5168388	80.0004942		
13.5450596	79.9974641		
13.5468619	80.0009997		
13.5352398	79.9889492		
13.5125409	80.0126378		
13.5142596	79.9691217		
13.5121624	79.9889651		
13.5248669	79.9880011		
13.5288076	79.9907276		
13.5306518	79.9884309		
13.5321273	79.9866590		
13.5339178	79.9839152		
13.5438241	80.0013365		
22.7609367	88.3184052		
22.7134070	88.3070017		
22.7188426	88.3082717		
22.7471900	88.3682907		
22.7482776	88.3703928		
22.7300995	88.3453604		
22.7314185	88.3410333		
22.7282613	88.3409566		
22.7293105	88.3647177	National Jute Manufacturers	
22.7347464	88.3708601		
22.9175128	88.4055850		
22.9133018	88.4057217		
22.8028427	88.3488831		
22.8061814	88.3491432		
22.7418335	88.3675365		
22.7271428	88.3645187		
22.7091210	88.3733409		
22.7075356	88.3730659		
22.7395720	88.3677941		
22.7444796	88.3688191		
22.7316431	88.3705478	Titagarh Power Plant	
28.2029757	77.3132720		
28.2033449	77.3097466		
28.2115180	77.2777784		
28.2278302	77.3030073		
28.2232008	77.3037814		
22.3667824	69.8791408		
22.3465412	69.9003274		
22.3317196	69.8997671		
19.0929200	73.1322181		
19.0884133	73.1220214		
19.0933667	73.1205963		
19.0913385	73.1257806		
19.0878272	73.1280658		
19.0881973	73.1265543		
19.0664612	73.1326041		
19.0917763	73.1204462	Acuprint Systems	
21.5505670	73.0021039		
21.5837054	72.9921153		
21.5727164	72.9986137		
21.5663803	72.9996601		
21.5747137	72.9975173		
17.4438916	78.5583856		
17.4419078	78.5601378		
17.4321748	78.5669316		
17.4291034	78.5586853		
17.4285695	78.5630299		
17.4280733	78.5635798		
17.4321384	78.5699862		
23.3585160	72.9504016		
23.5115013	72.9142212		
23.5057460	72.9148919		
23.5089828	72.9199504		
23.1934871	72.6223078	IT Park	
25.6859120	85.2704815	Brick fabrication	
21.6101816	73.0355067		
21.6163910	73.0366248		
21.6230356	73.0325103		
21.6219019	73.0396569		
21.6229983	73.0391065		
21.6240100	73.0397729		
21.6210662	73.0384839		
21.6213681	73.0474306	ACPTCL	
25.6922302	85.2581535	Brick fabrication	
13.7355058	80.1847674		
24.5132922	73.7547129		
24.5366803	73.7965071		
24.3337462	73.6887735	Zawar Zinc Mine	
24.3396897	73.6940735	Zawar Zinc Mine	
24.3636098	73.7199033	Hindustan Zinc Limited	
24.3501683	73.7045556	Zawar Zinc Mine	
29.9684063	78.0566328		
29.9653760	78.0529820		
29.9629868	78.0551903		
29.9595195	78.0664602	Rockman Industries	
29.9481296	78.0716370		
29.9492126	78.0765726	Vijai Electricals	
29.9666148	78.0731355	Sterlite Technology	
29.9653254	78.0732492	Havells	
29.9615597	78.0718383	Hero MotoCorp	
29.9563172	78.0795550	ITC	
29.9493168	78.0808249	Luminous Power Technologies Limited	
29.9499015	78.0794578		
29.9497461	78.0782100		
29.9481994	78.0787902	Eveready Industries	
29.9483948	78.0803453	Halonix	
29.9521842	78.0780932		
21.0543452	79.0139253		
21.0674087	79.0299841		
13.1358040	78.0071971		
13.1268929	78.0003870		
13.1268798	78.0018233		
13.1124892	77.9837801		
13.1190452	77.9875069		
13.1188883	77.9919336		
13.1079140	77.9880249		
13.1098434	77.9832676		
13.1056109	77.9833208		
13.1056290	77.9850886		
13.1038598	77.9847428		
13.1053563	77.9881225		
13.0970149	77.9775694		
26.2151124	81.8198099		
26.2119988	81.8238626		
20.1103030	73.9304174		
20.1106442	73.9369983		
17.5238319	78.2853475		
17.5205541	78.2826398		
17.4756960	78.4453963		
17.4710786	78.4457557		
17.4726679	78.4461692		
17.4734567	78.4500606		
17.3346551	78.5112351	Midhani	
17.4751598	78.1544343	Bharat Dynamics Limited	factory
17.5854554	78.1521713		
17.5855471	78.1601984		
17.5345502	78.1644341		
17.5388771	78.1709934		
22.4076382	73.0935350		
22.4051046	73.0990842		
22.4044947	73.0941827		
22.4041061	73.0944908		
22.4025202	73.0957587		
22.4075575	73.0950802		
17.0036846	81.6625329		
22.7670933	75.8438368	Indore Tools Pvt. Ltd.	
22.7626758	75.8417726	Shri Nakoda Recycling industries	
22.7647270	75.8436696	ITL Industries Limited	
22.7630405	75.8376493	JAYANT MARKETING PVT. LTD.	
22.7722168	75.8549761	Gurukripa Industries	
22.7715497	75.8550727	Ramesh Textiles India Pvt. Ltd.	
34.0284827	78.1674312		
23.6427265	72.2514130		
22.0615840	75.8593458	Khargone power station	
22.5910903	70.9676751		
22.5926219	70.9736957		
22.5877697	70.9787697		
22.5880594	70.9763025		
22.5836329	70.9773019		
22.5731969	70.9827775		
22.5629183	70.9876120		
25.4750475	85.1944227	Brick fabrication	
25.4755675	85.1938570	Brick fabrication	
25.4731147	85.1909093	Brick fabrication	
25.5027121	85.3656086		brickyard
22.5264145	88.2503167	Mukherjee Bituminas Plant	grinding_mill
22.5253714	88.2468989	Akra Eet Khola	brickworks
22.5254445	88.2494879	Akra Eet khola	brickworks
22.5179156	88.2361928		brickworks
11.1724445	75.8321321	IOC Feroke Depot	
22.7725300	75.8508593	B.C. Petro Chem	
34.1382314	77.5668897		
25.8577560	85.7867807	SAMASTIPUL OLD JUNCTION	
22.7664895	75.8555374	Kanal Enterprises	
22.7696929	75.8556684	BVC FOOD COMPANY	
22.7699931	75.8575199	Hindustan Equipments Pvt. Ltd	
22.7719691	75.8484526	Amar Jyoti Industries	
22.7704495	75.8470096	Maa Gayatri Steel Pvt Ltd	
22.7671437	75.8505628	Prem Textiles	
22.7598917	75.8389422	Shree Paper Industries	
22.7558997	75.8440247	Vora Wires Industries (India) Limited	
22.6972960	75.8439754	House of paper	
13.0942061	80.2105238		
21.7115516	70.4220542		
27.2299599	78.1240019		
27.2248178	78.1289103		
27.2242239	78.1120125		
27.2245483	78.1247798		
27.2255357	78.1213197		
27.2256955	78.1232938		
22.7522749	75.8456952	Skyline Industries (P) Limited	
25.4412304	81.7584702		
25.4406905	81.7647265		
25.4471885	81.7665547	Sabzi Mandi	
25.4177254	81.8561536	Ganga Pollution Control Unit	
25.4456979	81.8737704		
25.3355559	81.9168574		
25.3401426	81.9156825		
25.3367341	81.9092560		
25.3451661	81.8977831		
25.3873186	81.8682491	GEC	
23.0191101	71.2788917		
13.1195135	77.3683231		
13.1154162	77.3766847		
13.1148958	77.3824878	ABB India Limited	factory
13.0186685	77.5052867		
21.6348037	70.4313701		
21.5783086	70.4684061		
21.5925568	70.4853818		
21.6005124	70.5242577		
21.4672275	70.6170488		
21.5985173	70.5759459		
21.5985397	70.5813110		
21.6019114	70.5803320		
21.6024451	70.5790150		
21.6085797	70.5790123		
21.6116844	70.5774781		
21.4551256	70.4373649		
31.4968610	75.8381536		
14.3478859	79.9252314		
14.3447041	79.9250651		
14.3021404	79.9078774		
21.5420722	70.4437244		
21.6012306	70.5654135		
21.6073229	70.4535734		
21.6229976	70.4510576		
21.6212423	70.4517871		
21.6108041	70.4543030		
21.6017918	70.4583854		
21.6340433	70.4443681		
21.6363470	70.4441321		
21.6375338	70.4457628		
21.6573883	70.5375535		
21.6611973	70.5362928		
21.5488481	70.6052953		
21.6299941	70.4494617		
21.6298071	70.4487884		
22.5435364	71.2182893		
21.5789814	70.4658848		
21.6299392	70.5585873		
21.4439756	70.6003466		
21.4297356	70.5110403		
21.4848516	70.4651365		
21.6258327	70.4482667		
21.6375687	70.4457397		
21.6300971	70.4486577		
21.6363720	70.4443145		
21.6340832	70.4445988		
21.6333451	70.4429734		
21.6341417	70.4399667		
21.4570378	70.4745537		
21.4576070	70.4761523		
21.4584982	70.4787165		
21.4555947	70.4738483		
21.4639650	70.4846576		
21.4895162	70.4389447		
21.4914566	70.4378182		
21.5980410	70.5094579		
21.6001358	70.4917521		
21.5973302	70.4888633		
21.6027743	70.4939059		
21.6015523	70.4935249		
21.6022431	70.4923958		
21.4516607	70.4827157		
17.5237823	73.5441533		
17.6297218	73.4819028		
17.6269163	73.4811831		
17.6213950	73.4794419		
17.6131629	73.4880531		
17.6097972	73.4925559		
17.6014450	73.4885493		
17.5995613	73.4892591		
17.5975653	73.4895305		
17.5883654	73.4942870		
17.5916141	73.4917251		
17.5956227	73.4903732		
17.6201317	73.4829518		
17.6166269	73.4761870		
17.6159971	73.4804176		
18.4278427	73.1500988		
18.4262990	73.1491943		
18.4268108	73.1471572		
18.4269424	73.1447177		
18.4265101	73.1418199		
18.4267299	73.1431443		
18.4237691	73.1479874		
18.4249819	73.1582202		
18.4286954	73.1600725		
18.4251602	73.1629911		
18.4336169	73.1465697		
18.4299945	73.1508471		
18.4296342	73.1485697		
19.1398329	73.0047237		
19.1362766	73.0058724		
19.1376893	73.0056604		
20.2709446	73.0490372		
20.2736845	73.0523738		
20.2743990	73.0490050		
20.2176598	73.0325751		
20.2186175	73.0294195		
20.2192360	73.0217235		
20.2310229	73.0420513		
20.2280504	73.0374433		
20.2274850	73.0347296		
20.2351418	73.0354786		
20.2396841	73.0355148		
20.2329308	73.0233305		
20.2284508	73.0184546		
20.3217913	73.0629337		
20.3107867	73.0665317		
20.3112053	73.0623549		
20.2475734	72.7960284		
20.1658839	72.7617331		
21.7357181	84.0618142	Aditya Aluminum Power Station	
21.8336965	84.1365006		
28.5569377	77.2657108	Flatted Factory Complex	
21.7465828	84.0556911		
15.4708290	74.9935091	Dharwad BRTS Depot	depot
21.8846985	70.0876723		
23.1307755	70.0870934		
23.1327632	70.0903970		
23.0947890	70.0861309		
23.0991337	70.0903072		
23.1060650	70.0822860		
24.6687709	84.9676663		
10.0669048	77.0085342		
10.5388466	79.6370038		
31.2920381	76.4962632		
28.1028589	76.6006630		
28.1105742	76.6070514		
28.1125277	76.6033664		
28.1139119	76.6152528		
28.1153249	76.6129720		
28.1183677	76.6107130		
28.1175656	76.6130090		
28.1195876	76.6053492		
28.1209412	76.6053633		
28.1190231	76.6071932		
28.1175464	76.6071795		
28.1164576	76.6071644		
28.0918684	76.6002302		
28.0933598	76.5986509		
28.0905650	76.6024317		
28.0984328	76.6107386		
28.0979701	76.6100431		
28.0990404	76.6096156		
28.0999620	76.6110005		
28.1009773	76.6077777		
28.1012002	76.6049780		
28.1025998	76.6074784		
28.1232266	76.6325918		
28.1206201	76.6130325		
28.1080902	76.6140497		
28.1078815	76.6062437		
28.1102661	76.6054341		
28.1130454	76.6067957		
28.1146529	76.6048958		
28.1185028	76.6053428		
28.1169953	76.6189265		
28.1170119	76.6174229		
28.1180813	76.6185110		
28.1009557	76.6138731		
28.1023771	76.6158862		
28.1033231	76.6211240		
28.1039871	76.6184381		
28.1071828	76.6165955		
28.0958007	76.6017758		
28.0971723	76.6029794		
28.0952275	76.6046268		
28.0960402	76.6058589		
28.0979983	76.6042154		
28.0986609	76.6073319		
28.0947620	76.5943428		
28.0915384	76.5956136		
28.0991757	76.5950797		
28.0888276	76.5955592		
28.0906734	76.5963668		
28.0875866	76.5924050		
28.0843011	76.5839807		
28.0875625	76.5788577		
28.0908273	76.5806150		
28.0903594	76.5828331		
28.0948968	76.5863485		
28.0945085	76.5844407		
28.0943015	76.5818891		
28.0976745	76.5828301		
28.0995993	76.5816377		
28.0995234	76.5844246		
28.0992390	76.5867007		
28.0991142	76.5883903		
28.0986067	76.5905642		
28.1010154	76.5911624		
28.1019654	76.5912918		
28.1032500	76.5906782		
28.1048979	76.5907855		
28.1051013	76.5870260		
28.1052978	76.5833540		
28.1033411	76.5840451		
28.1013774	76.5870626		
28.1028138	76.5882252		
28.1031261	76.5858091		
18.9839312	75.6309504		
28.3690615	76.9377648		
28.3710830	76.9313114		
28.3711596	76.9227370		
28.3611856	76.9187285		
28.3586472	76.9343096		
28.3593704	76.9320436		
28.3593351	76.9303623		
28.3628607	76.9270634		
28.3626449	76.9310184		
18.9727406	76.1743391		
24.0683588	76.5881864	Khilchipur	
8.1605124	77.4329923		
8.1642292	77.4337735		
20.2572061	72.9653187		
20.2602980	72.9709869		
20.2839584	72.9828040		
21.5337542	83.9129171		
21.8069975	84.0639208		
29.9135254	78.0017146		
29.9592697	78.0627268		
29.9609458	78.0650739	Classic Stripes	
29.9634183	78.0649423	Sunmax Auto Engineering	
29.9619523	78.0650230	Napino Auto & Electronics	
29.9637999	78.0669272	Satyam Auto Components	
29.9623696	78.0669822	A.G. Industries	
29.9560884	78.0667737		
20.2304391	73.0321620		
20.2257340	73.0377168		
20.2254583	73.0357254		
20.2207115	73.0378007		
20.2243951	73.0374142		
20.2208437	73.0304285		
20.3311729	72.9702902		
20.3218743	72.9746152		
20.3229408	72.9687935		
20.3249656	72.9683134		
20.3253654	72.9706603		
20.3147711	72.9774249		
20.3121199	72.9595024		
20.3117652	72.9621926		
26.2074753	87.8744244		brickworks
26.2153948	87.8641167		brickworks
26.2167735	87.8506400		brickworks
26.2272741	87.8461406		brickworks
26.2242437	87.8463605		brickworks
26.2206741	87.8483533		brickworks
26.3613114	86.7898033		
27.5495317	79.3186525		
27.5492487	79.3146666		
27.4107345	82.1563772		
27.4061210	82.1611744		
28.8138586	79.8901748		
28.6192140	79.8186215		
28.9206828	79.9846744		
28.9187905	79.9834299		
17.4226892	78.5628603		
23.6572805	85.5073160		
26.5002313	86.5181089		
28.0912121	76.5841077		
28.2175096	76.7939586		
28.2176328	76.7920982		
28.2176548	76.7897014		
28.2154011	76.7916012		
28.2122781	76.7860063		
28.2101904	76.7733645		
28.2101980	76.7751049		
28.2095238	76.7777582		
28.2107187	76.7777674		
28.2176957	76.7857188		
28.2177175	76.7841212		
28.2334965	76.8033225		
23.3754523	72.0512098		
28.6960851	77.6178115		
28.6981766	77.6186321		
28.6968737	77.5778189		
12.8142121	77.6776689		
12.8153531	77.6765380	Times of India Press	
12.7770608	77.6470824		
12.7781890	77.6452685		
12.7892324	77.6579664		
12.7892566	77.6568999		
12.7912837	77.6554281		
13.0061047	80.0048622		
13.0009857	80.0169900		
13.0031005	80.0128896		
13.0050459	80.0094414		
13.0026198	80.0097513		
12.9955367	80.0302016		
13.0007115	80.0242659		
12.9981887	80.0166088		
12.9962979	80.0167737		
12.9576086	79.9801523		
12.9594631	79.9809247		
12.9548535	79.9807812		
12.9566740	79.9769357		
12.9534103	79.9927930		
12.9570047	79.9929879		
28.9136817	79.7001082		
28.8240624	78.8765413		
29.1453444	78.9396697		
29.1371074	78.9338869		
29.2081048	78.9633965		depot
29.1978149	78.9631766		
28.9608856	77.6798879		
28.9643583	77.6761803		
28.9834732	77.6894562		
21.9614916	70.7652918		
28.8854564	77.6172914		
28.8776684	77.6160543		
28.9680745	77.6701855		
28.9399439	77.6543015		
29.0356896	77.7818995		
18.7538173	73.7945625		
18.7540663	73.7920063		
21.3845144	78.9270392		
21.4598125	78.8747964		
16.7467726	77.9958693	"TGSRTC Bus Depot , Mahabubagar"	depot
16.4702502	80.9381594		
17.1880589	80.5655431	kakatiya cement and sugars limited	
21.1641539	79.1721356	विटा भट्टी	
26.7449301	83.4314579		
27.2444383	94.9285315		oil
27.2595725	94.9746612		oil
34.2372820	74.3695450		
11.9443797	79.8040009	Ajantha Steel Plant	
27.4487538	95.0829519		
22.0244572	82.9663996	Vandana Trailor	factory
11.1218950	76.0449861		
21.5711040	73.0692208		
9.4983399	78.2606531		
9.4921330	78.2687071		
9.3905452	78.3485846		
9.3593648	78.2177358		
10.9333156	75.9986450		
10.9326828	75.9996586		
10.9308874	75.9985418		
8.2715421	77.8700071		
10.9366315	75.9967102		
22.4660408	70.5563716		
11.2170518	76.1119015		
11.2100270	76.1079159		brickyard
27.1403243	94.7741525		oil
27.1513936	94.7647000		brickyard
27.1327948	94.7867356		brickyard
23.8574311	78.7062478		
27.1255696	94.8195507		brickyard
27.1307013	94.8562458		oil
19.3103176	84.9011911	TATA Industries Park	
22.3906006	70.9077687		
22.3904269	70.9135304		
22.4369601	70.9117596		
27.3456900	94.8621802		brickyard
27.3626492	94.8512868		brickyard
21.9602414	70.8153161		
21.9564602	70.8113702		
22.1448355	70.7917886		
22.0696786	70.7849524		
22.0552584	70.7891124		
22.0330305	70.7879312		
22.0074684	70.7912531		
21.9977833	70.7941419		
21.9999959	70.7955839		
27.3843130	94.8036907		brickyard
27.3850116	94.8086451		brickyard
22.1704022	87.9099141		
9.9503805	76.2440482	Dhobi Khana	
19.0951410	84.6342348		
9.9638347	76.2688375		
9.9630595	76.2716727		
9.9662769	76.2625785		
9.9386681	76.2623462	Thoppumpady Fishing Harbour	port
9.9444667	76.2603575		
9.9448603	76.2612788		
10.9670305	76.1486852	Palachode Industrial Park	
12.7675940	77.6458190		
12.7725897	77.6314558		
12.7788491	77.6328445	Suretex Prophylactics(I)Ltd	
12.7763536	77.6403162	Tata Advanced Materials	
12.7679186	77.6381224		
12.7799329	77.6282596	Kirloskar Toyota	
12.7793264	77.6313619	Otis Elevator Company (India) Ltd	
12.7626153	77.6419989		
9.9687945	76.2474868	Palm Fibre India	
30.5559062	74.1518691		
22.6845039	71.5417142		
22.7054442	71.5694767		
22.5640516	71.2130142		
22.5712917	71.2253462		
22.5732855	71.2113976		
22.5805195	71.1936963		
22.5900668	71.1940139		
22.5967879	71.2000818		
22.5953331	71.1851864		
22.6080131	71.1879923		
22.6124954	71.1944296		
22.6181607	71.1902266		
22.8799379	70.8774034		
22.9150655	70.8871380		
22.9449990	70.9031602		
22.9605665	70.8961057		
19.1643028	72.9329383	Munshi Compund	
19.1644648	72.9365432	Madni Industrial Estate	
19.1631689	72.9287910		
19.1525010	72.9261081		
16.4079927	74.7923408		
21.3586269	70.7477397		
19.1874921	72.9411131		
19.1887853	72.9452276		
19.1634053	72.9367151	Madani Estate	
19.1632036	72.9347209		
19.1622417	72.9369367		
19.1628245	72.9361007		
19.1636896	72.9357675		
19.1635871	72.9343876		
19.1634096	72.9291665		
22.4335015	73.2298490		
22.4343077	73.2309620		
22.4350562	73.2310176		
13.0069537	80.0100281		
13.0071715	80.0093474		
23.0553980	69.6093207		
23.0504199	69.6158013		
19.8360233	72.6643385		
18.1799051	74.5938403		
18.1934737	74.6163948		
19.0780833	84.6479322		
27.4665745	94.9710889		brickyard
27.4709322	94.9799133		brickyard
9.5863852	78.4719702		brickyard
9.6791034	78.4480728		brickyard
11.6240927	75.5796723	Rani Food Products	
11.6238522	75.5797160	Rani Food Products	
27.5486984	95.1286922		brickyard
27.5317846	95.1396163		brickyard
27.4877885	95.1127290		brickyard
27.4845664	95.1104757		oil
13.4129613	77.7319153	Titan Company Limited	
9.8380914	78.2064101		
9.8472801	78.1971913		
9.8585379	78.1905395		
9.8457633	78.2047391		
9.8446718	78.2125658		
9.8458161	78.2011208		
9.8493309	78.2011718		
9.8508875	78.1997985		
9.8416538	78.1978726		
9.8490376	78.1928247		
9.8511437	78.1941820		
9.8661696	78.2144325		
9.8849708	78.1767798		
9.8864505	78.1802613		
9.8821936	78.1821415		
9.8808169	78.1808567		
9.8688703	78.2082286		
9.8708442	78.2057342		
9.8696340	78.2004019		
9.7214402	78.4715706		
25.6312592	85.1279448	Casting Yard	
25.7084242	85.1206634	Brick fabrication	
23.1811674	69.6671954		
23.0247588	69.4297957		
20.7944987	76.4944303		
9.7404361	78.3979171		brickyard
9.7189288	78.4230629		brickyard
10.9610927	76.3113301		
10.9612647	76.3114628		
10.9612584	76.3117304		
10.9505733	76.3167119		
27.4823864	95.1246723		oil
27.4474762	95.1869017		brickyard
27.4516905	95.1946260		brickyard
27.4758361	95.1869082		brickyard
27.4480224	95.1742945		brickyard
19.9727041	79.2297250	Uttam Bricks	brickyard
13.5954024	80.0237851		
13.5785055	80.0331339		
22.1664679	70.8258891		
22.1499035	70.8241201		
22.1397384	70.7864134		
22.1365858	70.7852872		
9.2639327	76.6150708		slaughterhouse
22.3853362	70.9638822		
22.3725508	70.9666435		
22.3749305	70.9641253		
22.3764849	70.9769663		
22.4008914	71.0247579		
22.4071897	71.0166043		
26.2405774	86.3192214		
26.2426638	86.3177769		
15.7996796	74.6334530		quarry
15.7994360	74.6386294		quarry
15.7979846	74.6304384		quarry
26.2001866	86.3324167		
26.2117348	86.1123539		
27.4005158	95.0533525		brickyard
25.5069053	85.3280731		brickyard
25.5076299	85.3459148		brickyard
25.5074064	85.3405624		brickyard
25.5001617	85.3767093		brickyard
26.2355924	86.1369215		
23.1976203	69.3637758		
25.4646850	85.5686210	Brick fabrication	
25.4659567	85.5740208	Brick fabrication	
25.4684268	85.5786012	Brick fabrication	
27.3706410	95.0835220		brickyard
21.4401200	83.9175549	Jagadamba Rice Mill	
21.4607909	83.9255851	B R Steel Plant	
22.2011510	71.6294692		
22.2012334	71.6254675		
22.1963551	71.6296042		
22.1901451	71.6335150		
21.7268806	71.9694383		
21.7320444	71.9733443		
21.7356801	71.9780653		
21.7363519	71.9885571		
21.7378883	72.0398331		
21.7354514	72.0428584		
27.3163537	94.9932405		brickyard
30.2611189	74.0769413		
13.2365617	77.2802138		
13.2181957	77.2615416		
13.2393052	77.2692691		
13.2354547	77.2647669		
13.2263997	77.2592671		
13.2285564	77.2624080		
13.2267929	77.2515980		
13.2185469	77.2562552	Jindal Aluminium	factory
13.0399810	77.5312153		
13.0413734	77.5327573		
13.0414012	77.5301385		
13.0380869	77.5245379	Wipro Infrastructure Engineering	
13.0415492	77.5273164		
13.0424212	77.5281337		
13.0395019	77.5281824		
22.9779944	72.5685690		
21.4362560	83.9211831	Annapurna Rice Mill	
21.4337569	83.9231645	Tara Rice Mill	
21.4448024	83.9402641	Chandrama Rice Mill	
23.5181739	68.9649501		
23.2470439	69.8627686		
23.6225908	69.0095901		
23.4807118	68.5018936		
23.6184672	69.0127283		
23.7401517	68.8109404		
23.0394064	70.0178057		
9.8806583	78.4677753		
9.8773817	78.2717823		
9.8733440	78.2766290		
9.8694807	78.2805142		
27.3756551	95.0535972		brickyard
27.3836302	95.0519743		brickyard
27.3866324	95.0503931		brickyard
23.3251933	70.3411889		
23.3310847	70.3272951		
23.3350449	70.2362716		
23.2696607	70.0680864		
23.2685692	70.0645914		
23.2642673	70.0739094		
27.3892881	95.1453952		oil
26.4784474	85.3354878		
26.4758273	85.3308421		
13.0217508	79.2276800		
13.0093881	79.2436464		
12.9537439	79.3131422	Thirumalai Chemicals Limited	factory
12.9523727	79.3159203	Ultramarine & Pigments Limited	factory
12.9717832	79.2989662		
12.9649977	79.8153499	CEAT Tyres	
25.5632624	85.3167581	Brick fabrication	
27.3391194	95.2436017		oil
23.3937861	88.3676277		
23.3918240	88.3656566		
23.4232804	88.3781245	Water Treatment Plant	
25.6693745	85.1760505	Brick fabrication	
25.6654762	85.1709967	Brick fabrication	
25.6727506	85.1831875	Brick fabrication	
25.6731927	85.1852138	Brick fabrication	
25.6789067	85.1761214	Brick fabrication	
25.6798355	85.1791277	Brick fabrication	
25.6803699	85.1874488	Brick fabrication	
25.6853286	85.1789554	Brick fabrication	
25.6858576	85.1689548	Brick fabrication	
25.7057966	85.1603610	Brick fabrication	
25.7079360	85.1576156	Brick fabrication	
16.5070374	74.6142161		
16.2653960	75.5304437		
16.4367734	75.6861782		
16.4373160	75.6864211		
16.5136053	74.4779666		
16.5154620	74.4754386		
23.4854670	85.6572407		
17.8166119	83.1962918		
26.4452287	85.6948138	Brick kiln	
26.4426944	85.7047487	Abandonned brick kiln (chimney removed)	
26.4288424	85.7518235	Brick kiln	
26.4367791	85.7911668	Brick kiln	
26.4322759	85.7895896	Brick kiln	
26.4238110	85.7792316	Abandonned brick kiln (no chimney)	
18.7522908	79.4725204	Telangana Super Thermal Power Plant	
18.8221821	79.5723250	Singareni Thermal Power Plant	
8.9129778	78.1450814	Mutiara Thermal Power Plant	
23.6381641	87.2838455	Jhanjra KB & RS Factory	
25.3927687	86.0239228		
21.4369377	83.9268199	Rice Mill	
12.9352233	77.5165129		
26.4180514	85.6241284		
26.4031475	85.6388381		
26.4036358	85.6416067		
21.3734834	71.3264912		
21.5909521	71.2490468		
21.5912563	71.2451626		
21.6207802	71.2599094		
26.7471315	85.5485379		
8.5333941	76.9935418	ISRO	
22.0458190	71.2186566		
22.0647857	71.2378123		
22.0699900	71.2452676		
22.0189949	71.1698924		
8.9859271	76.5248393	Mannumala - IREL Mining Site	
8.9282689	76.9096050	Anchal Cashew Nut Corporation	factory
30.9446074	74.7151529		
21.8200928	71.5218229		
8.8659319	76.6228855	capex	
31.5555023	77.7533425		
31.5420931	77.7788156		
26.6243384	85.4499179		
26.6185659	85.4306261		
26.6130392	85.4305561		
21.7705586	71.5130041		
21.7792824	71.5197217		
21.7906646	71.5143812		
21.5483658	71.8108881		
21.5452359	71.8147264		
21.6895423	71.4481073		
21.7743956	71.5157775		
25.8982388	86.1067446		
21.8957567	71.8936876		
26.1162885	85.9572209		
10.9487613	76.1008304		
21.7327766	71.9864478		
21.7313667	72.0203771		
21.7328300	72.0317371		
21.7344163	72.0313041		
21.5205026	71.5780664		
18.2020358	73.9389740	Anant Dairy Farms	
30.0292006	76.3289691	M/S Bhagwati Rice & Gen. Mills	
31.5769542	75.5821006		brickyard
26.2404430	82.1090229		brickyard
26.2311214	82.1149250		brickyard
26.2439277	82.1292293		brickyard
26.0216178	86.1035210		
26.1637257	85.7355170		
10.6343406	78.4410879		
11.3221938	77.7432310		
21.3794625	72.0221967		
21.3695170	72.0147277		
21.3728811	72.0079640		
21.3754243	72.0051879		
28.7995328	77.0692647	Ramky Enviro Engineers Ltd (WtE)	
28.7976888	77.0671511		
28.7722161	77.1103047		
28.7842539	77.1279341		
28.7786058	77.1306244		
28.7639366	77.1337469		
28.7695603	77.1329560		
28.7688976	77.1311800		
28.7900039	77.2781894		
21.3355692	72.0135442		
21.3420023	72.0201190		
21.3476484	72.0246336		
21.3641862	72.0214472		
21.3238615	71.8289058		
21.2912361	71.9617192		
21.1405916	71.8125798		
21.1306646	71.7989066		
21.1121673	71.7896140		
21.1084116	71.7872550		
21.1264847	71.6993107		
26.1467084	85.7532367		
18.4680981	79.1937880	cotton mill	
18.8707776	79.5134786	RK-6 Coal mine	mine
18.4941311	79.2075956		
17.1783998	78.6355094		
17.1784017	78.6355114		
17.1778930	78.6354319		
17.4403333	78.5521564	Manikchand Roller Flour Mill	grinding_mill
26.0976484	85.7397622		
26.1003161	85.7380182		
28.6182504	77.3754269		
28.6247182	77.3760463		
28.6219197	77.3805860		
28.7685951	77.1294813		
28.7694853	77.1261423		
28.7715404	77.1279728		
28.7732817	77.1355531		
28.7739081	77.1330639		
28.7807781	77.1369627		
29.5931147	78.2720894		
26.0710787	85.8130207		
26.0738884	85.8179085		
26.0789141	85.8221437		
26.0798663	85.8216347		
26.0777710	85.8436757		
26.0734488	85.8329040		
28.8382232	77.1236674		
28.7486599	77.0852628		
28.7526856	77.0816990		
28.7483538	77.0757700		
28.7476253	77.1115384		
21.3356104	72.0280835		
26.0980736	85.7225324		
26.1017137	85.7261568		
20.0015309	79.4950374		
19.9463766	79.3110704	Makhali	mine
25.5817389	84.8658324		
25.5897899	84.8641701		
11.0254415	76.0165307	Royal-glass	
26.1661114	86.1451093		
11.0147870	76.1565503		
31.3550658	75.1378852		
25.5690437	91.9156632	Industrial Training Institute (ITI)	
9.4896726	78.2255799		
30.9236555	74.9577715	"Sugar Mill, Zira"	
25.9910339	85.9085717		
26.7399477	83.2290476		
25.1556688	82.4132431		brickyard
27.2640501	81.1490589		brickyard
25.4260065	82.3939472		brickyard
25.4218750	82.3919034		brickyard
18.1827177	73.9516125		
21.4204626	72.1308376		
21.4186578	72.1472323		
11.0156964	76.0882475	Malayil Curry Powder	
21.6156622	72.1396576		
21.6497798	72.1456998		
21.6611204	72.1446647		
21.6606188	72.1555854		
21.6817618	72.1750764		
21.6818407	72.1781098		
21.6817940	72.1831919		
21.6816218	72.1873704		
21.6826703	72.1949451		
21.6742723	72.2414458		
12.8437751	77.7820764		
27.8148148	76.2225920		
27.8057297	76.2249617		
27.8081923	76.2226260		
27.8084462	76.2256957		
27.8118803	76.2251911		
27.8185762	76.2288995		
27.8210941	76.2322346		
27.8197871	76.2342059		
28.2066229	76.7750654		
28.2058595	76.7727747		
28.2094065	76.7733528		
28.2153918	76.7916025		
28.2175178	76.7939654		
28.2176627	76.7897075		
28.2176311	76.7920951		
21.7782240	72.1045917		
25.1708151	85.5169102		
24.4010021	83.6092240		
29.0511244	77.4666783		
20.1146152	85.5483540		
20.1150692	85.5731535		
20.1180310	85.5873049		
20.1254656	85.5759001		
20.1040170	85.5823588		
20.0720405	85.5740011		
11.1698199	75.9696612	Sellekts	
21.6202760	72.1441383		
21.6586765	72.1891799		
21.6241398	72.1406189		
21.6303216	72.1427556		
21.6951304	72.2256306		
21.6884471	72.1769163		
21.6803920	72.1632394		
21.1213607	71.7970163		
21.1102982	71.7712224		
21.1461746	71.8177250		
21.1504587	71.8245123		
21.1784033	71.8549848		
21.3224290	71.8314984		
10.0337193	78.6928730		
9.6324905	76.6049815	BSNL ayarkunnan	
21.0688847	71.7450921		
21.0716881	71.7552163		
21.0981765	71.7451740		
21.0947757	71.7523854		
21.1193258	71.7645073		
21.1198650	71.7670417		
21.1214120	71.7660966		
21.1219455	71.7691066		
21.1242002	71.7724778		
21.1127238	71.7598578		
21.1048166	71.7558399		
21.1074889	71.7452436		
21.1061428	71.7375900		
21.5117353	83.5393443		
21.7903212	83.9904691		
21.1377204	78.6947385		
21.1345119	78.7727304		
21.1343017	78.7756165		
21.1127722	78.9600116		
21.1477008	79.0012103		
22.3780107	87.2829009		
21.1936438	81.2059231		
19.7886787	73.6627661		
22.4810851	88.0418676		
22.4752446	88.0420143		
22.4751884	88.0433648		
22.4763636	88.0608646		
21.7493843	72.0379445		
21.7475619	72.0396175		
21.7630113	71.9700331		
21.7697593	71.9623400		
11.0417252	76.2240728	flour mill	
17.4063519	78.5057762		
21.9772805	71.5827591		
16.4879895	77.9201890		
16.4751494	77.9146200		
16.4709486	77.9145710		
16.4682221	77.9157579		
16.4662454	77.9120712		
16.4682619	77.9091758		
16.4678529	77.9019218		
16.4892922	77.9289557		
16.4818837	77.9127243		
22.1454652	71.8956331		
25.2612895	83.0457076		
8.5696686	76.9925333	Keltron	factory
18.7429920	73.9067235	IOCL	
19.4008836	78.4460735		
26.0397898	85.9039671		
26.0465706	85.9016289		
26.0301045	85.8937875		
26.0277094	85.8937894		
26.0251666	85.8947698		
26.0431312	85.9158803		
26.0433933	85.9058352		
20.4713253	85.8489640	CDA Sewage Treatment Plant	
20.5302394	85.8776701		
26.0518551	85.9131000		
17.5901781	78.0735685		
23.0071536	88.4076592	Tribeni Tissues Paper Mill	paper_mill
10.1586945	78.5003802		
21.8612696	72.0686156		
21.8727747	72.1582570		
25.3558676	83.1040160		
25.3572228	83.1016198	Brick yards	
26.0199483	85.9702928		
12.9387497	79.9333946		
12.9159419	79.8782390		
12.9469735	79.9400771		
12.9391550	79.9228576		
12.9331881	79.9134710		
12.9257796	79.9084868		
12.9218514	79.9089374		
12.9252285	79.9113090		
12.9360716	79.9208070		
12.9357971	79.9229045		
12.9367722	79.9229836		
12.9369506	79.9182200		
12.9335148	79.9215679		
12.9329686	79.9191347		
12.9296394	79.9212141		
12.9289316	79.9152676		
12.9010950	79.9069918		
12.9003292	79.9046930		
12.8992514	79.9068026		
12.8984694	79.9051062		
12.8985723	79.9034264		
12.8986973	79.9020723		
12.8988377	79.9003579		
12.8954812	79.9226725		
12.8952786	79.9285130		
12.9025771	79.9014615		
25.9995406	85.9461233		
26.0082028	85.9408690		
26.0082455	85.9381518		
10.7689712	75.9211910		
10.7686389	75.9214522		
11.0340242	76.1605536		
11.0329459	76.1620071		
11.1642969	76.3203386		
11.1703096	76.3171136		
11.1282998	75.9669162		
11.0054053	76.1403012		
11.0091441	76.1453898		
11.0366486	76.1606658		
10.9958970	76.0651676	TIP TOP Furniture Industries	factory
10.9952783	76.0643848		
12.4710331	78.5939972		
11.0182831	76.1525555		
12.4230952	78.6274346		
12.5701599	78.7983772		
10.6088195	79.2707405		
10.9987824	76.0537832		
10.6013124	79.2812952		
12.8047474	79.3181414		
25.9863994	85.9625750		
25.9870185	85.9609439		
25.9925420	85.9512014		
14.2569029	77.3512454		
23.5016800	91.2745026	Khedabari Gas Commissioning Station	
23.9115569	91.2767530		
23.0150707	88.4143670	Kesoram Rayon	factory
28.6087706	77.1807589	ISRO Earth Station	
25.2635230	87.0315456		
9.5952015	78.0405155		
9.5973992	78.0483918		
9.5822502	78.0181003		
17.4500144	78.3919967		
25.8896857	85.9560502		
21.3487867	71.3061833		
21.5331271	71.5713590		
12.3451243	78.9481616	Chengam	
25.8078642	85.9307241		
21.3563803	71.3043727		
13.9925112	77.3645049		
21.5898660	71.2439405		
21.5577821	71.2250356		
21.5770574	71.2293340		
21.5776456	71.2187375		
21.5616881	71.3281440		
21.1288437	71.6866932		
21.1309645	71.6877598		
21.1700718	71.6072966		
21.6845371	71.5182882		
31.2000646	76.6336083		
31.1977611	76.6296440		
18.9381659	72.8406475	Berth- 1	port
11.9666809	75.5726288	Hilltop stone crusher	factory
11.9676678	75.5736472	Karithoor paramba stone crusher	
26.4900785	80.4709327		
25.2342682	81.5557328		
26.4630398	80.4432555		
26.4630415	80.4446851		
26.4646621	80.4457330		
26.4568245	80.4418565		
26.8641895	75.8031553	Saras Dairy Jaipur	
17.6808180	82.9526873	Ferro company	factory
17.6898004	82.9577026	VELAGAPUDI STEEL	
21.0677455	71.7486096		
21.0579110	71.7232436		
20.9609857	71.5877873		
11.9401222	75.5371932		factory
26.9120143	75.7444448	Jvvnl Vaishali Nagar	
21.0540654	75.8181793		
26.5922537	80.2168793		
17.6891810	83.1499510		
17.6563412	83.0690805	Ramky Pharmacity India Limited	
17.5665904	83.1097765		
17.6716833	83.1025795		
17.6585875	83.0943750		
17.6690155	83.0774787	Vegesna Laboratories Pvt Ltd.	
17.6692652	83.0766535	Vandana Life Sciences Private Limited	
17.6682751	83.0799787	Vijayasri Organics Limited	
17.6686704	83.0786310	Auctus Pharma Limited	
17.6679267	83.0756609		
17.6695771	83.0756176	Vivin Laboratories Pvt. Ltd	
17.6447509	83.0948460		
17.6506229	83.0918030		
17.6506416	83.0758072	Glochem Industries Limited	
17.6521507	83.0716867	Ramky Pharmacity India Limited	
17.1796003	81.6115173		
23.0742685	88.5019353		
22.9814394	88.4720626		
12.3570333	76.6244606		
23.6793166	86.9398843		
22.0688673	88.0868490		
20.3635593	72.9333692		
20.3636549	72.9339863		
20.3685373	72.9303675		
20.3657921	72.9336411		
20.3705564	72.9264235		
20.3694061	72.9276132		
20.3690584	72.9381613		
21.1863503	72.7178836		
21.1782318	72.7221680		
21.1862340	72.7357853		
21.1831754	72.7208808		
34.1020061	74.7619093		
34.0995542	74.7628105	Gati	
34.1005870	74.7651037	Mandi Bus Adda	
26.8693822	80.0891182		
21.1135872	71.7253659		
18.7431085	73.8315699	ARAI	
25.3727450	83.0574190	Brickyards	
26.5803706	80.2212937		
26.6101957	80.2052719		
26.6060162	80.2093143		
25.2431683	82.9680293	Brickyard	
25.2439649	82.9661138	Brickyard	
11.3791449	76.7469755	Pony Needle Industry Yellanalli	
11.3789501	76.7462206	Pony Needle industry Yellanalli Phase 3	
23.0432778	69.9198555		
26.4369737	80.1829062		
10.6154651	76.0890041	Kitex Authorised Dealer	
10.5180865	76.1822164	out view creations	
9.9182763	78.1078249		bus_depot
9.0573512	76.5477537	Kerala Feeds Limited	
26.0922318	90.7430650		
10.6165735	76.1564150	Dolphin woods	
9.0643420	76.5682412	brick industry karoorkadavu	
9.0656983	76.5455034	Ee Cee Foods Ruby flour mill	grinding_mill
9.0596018	76.5339157		
9.0661026	76.5455605	nadiyath industries	sawmill
9.0678505	76.5453119	RM Plastic company	factory
16.6637063	80.9068193		
9.0442902	76.5641350	bibin hollow bricks	
10.3158928	76.2196062	cement godown	
9.9138496	76.5547806	Thekkekara Tar Mixing Plant	
10.9736271	76.1910112	Steel Industrial	
28.0406723	76.1142481		
17.6155833	77.9867033	Bluecraft Agro Pvt.ltd	
18.0245905	78.2665810		
10.9920527	77.1407874		
10.9970641	77.1425323		
11.0097278	77.1407655		
11.0036630	77.1424403		
10.9413419	77.7003845		
10.4809466	77.9419932		
10.5047145	77.9405683		
10.5148092	77.9403090		
10.4223948	78.0566490		
10.4243205	78.0649954		
10.5099863	78.0275202		
10.5534339	77.9485131		
10.5499533	77.9456591		
26.2572655	85.6500665		
10.9638623	79.7744322		
15.0194427	78.0145490	Ultratech Cement Limited	
11.9438399	75.5570321	Kinfra Industrial Park	factory
26.3068096	85.6842962		
26.3266384	86.3096291		brickyard
11.1587141	75.8927159		
26.2389044	85.5834492		
26.2605573	85.6820082		
26.2523099	85.6830442		
29.1858554	74.7923805		brickworks
29.1845710	74.7987789		brickworks
29.1844024	74.8107482		brickworks
29.1841799	74.8217802		brickworks
29.1833628	74.8166197		brickworks
29.1825102	74.8200757		brickworks
29.3612387	74.6494603		brickworks
29.3620920	74.6517966		brickworks
29.3356138	74.6949562		brickworks
29.3142151	74.8009501		brickworks
29.3551175	74.8037772		brickworks
29.3110518	74.8936365		brickworks
29.3279951	74.8877578		brickworks
26.1176741	85.6045031		
27.3855029	79.6080441		brickyard
27.3980807	79.5996299		brickyard
27.3899803	79.6141487		brickyard
27.3866437	79.6106324		brickyard
27.3888241	79.6033207		brickyard
27.3924106	79.5991230		brickyard
26.1296201	85.6105207		
23.4709374	85.2127344		brickyard
23.4588839	85.2414957		brickyard
23.4606776	85.2385452		brickyard
23.4543171	85.2221810		brickyard
23.4559633	85.2309009		
23.4578234	85.2348626		brickyard
23.4538692	85.2382207		brickyard
23.4494290	85.2353413		brickyard
24.0877787	75.7954824	NTPC Mandsaur	
11.2329984	75.9030767		
11.1927549	75.8705911		
25.3615535	83.0945421	Brick yards	
25.3603946	83.0992648	Brick yards	
25.3557605	83.0962349	Brick yards	
22.1890081	71.6392935		
28.6949698	78.0545475		brickyard
28.6497581	78.1596619		brickyard
28.5878132	78.1515214		brickyard
28.5157981	78.1493234		brickyard
28.5159242	77.9995876		brickyard
28.5221814	77.9767754		brickyard
28.5560661	78.0012225		brickyard
28.5580474	78.0023678		brickyard
28.6171630	78.0278913		brickyard
28.6247469	78.0266740		brickyard
28.6329893	78.0293515		brickyard
28.5959795	78.0970417		brickyard
26.8444143	75.9518294		brickyard
26.8479827	75.9541616		brickyard
26.8507083	75.9521824		brickyard
26.8524552	75.9523417		brickyard
26.8572275	75.9533572		brickyard
26.8596845	75.9518648		brickyard
26.8542787	75.9574148		brickyard
26.8551436	75.9595372		brickyard
26.8558907	75.9613207		brickyard
26.8583105	75.9620503		brickyard
26.8596053	75.9606336		brickyard
26.8612420	75.9597462		brickyard
26.8609285	75.9580833		brickyard
26.8620503	75.9552787		brickyard
10.2595262	76.3570201	koratty slaughter house	slaughterhouse
21.9876886	71.5055438		
11.3591546	76.8354332	Brooklane Coonoor Tea Factory	
22.1922630	71.3649669		
22.0866226	71.2584496		
22.0945831	71.2652686		
22.0998654	71.2708631		
8.3439859	77.5914090		
8.3545374	77.5942710		
22.0453530	71.2326646		
22.1690415	71.6925722		
26.8335963	94.8008322		
10.4335585	76.2734377	Textile mill	
8.3657021	77.1549369	Parassala	
22.1707440	72.9503131		
22.1571465	72.9340320		
22.1525831	72.9334268		
22.1538922	72.9294965		
22.1512987	72.9273346		
15.0503980	76.6070223		
15.1283023	76.6365856		
15.1220698	76.6415611		
15.1229036	76.6426581		
21.1033140	71.7366174		
21.1057459	71.7248596		
21.1050724	71.7214123		
21.1029194	71.7140460		
21.1051928	71.6976441		
25.9563872	85.8486285		
25.9507915	85.8581932		
9.0134526	76.8031416	SAAJ Industries for pencil slat manufacture	timber
8.8715766	76.6129218	Cashew Factory	
10.7550982	75.9501219		
11.2042458	75.8803541		
11.2039639	75.8803023		
26.9241280	83.7014394		
18.6279529	73.8366541		
18.6305368	73.8328846		
25.9687500	85.9010623		
25.9643437	85.8885914		
25.9322140	85.8998197		
25.9297796	85.8929580		
15.5289176	73.7810522	Saligao Solid Waste Management Facility	
12.9479460	77.5331365		
21.0095504	71.4770884		
21.0425356	71.4623287		
11.0677874	76.0781212		
25.9579452	91.1363238		brickyard
27.3391364	95.3142641		
27.3335260	95.2912277		
27.3349055	95.2921669		
16.6520428	80.5531067		
16.6472835	80.5555144	Kondapalli Industrial Development Area (IDA)	
16.6351290	80.5491771		
16.6467719	80.5615510		
16.6377033	80.5575194		
23.4438222	87.7860189		
23.4492605	87.7865446		
26.4445203	90.3670031		
26.4438205	90.3675292		
20.9739171	71.5067662		
26.7490748	83.5311614	Brick yards	
26.6858963	83.5558779		
13.0570367	77.5550846	BEL Product Development & Innovation Centre	
11.1383924	75.9824519		
20.9463895	71.4913179		
20.9414808	71.4960863		
21.0374662	79.0425853	Khapri Depot	depot
21.1030690	78.9937806	Hingna Depot	depot
23.2395790	69.6501767	Bhuj Sector 391	
23.2327790	69.6469903	Bhuj Sector 164	
23.2302108	69.6427041	Bhuj Sector 162	
23.2288847	69.6406764	Bhuj Sector 116	
23.2329269	69.6435088	Bhuj Sector 110	
23.2309798	69.6388028	Bhuj Sector 111	
23.2653288	69.6499193	Bhuj Sector 98	
23.2629190	69.6545031	Bhuj Sector 97	
23.2674703	69.6591112	Bhuj Sector 95	
23.2577664	69.6934649	Bhuj Sector 280	
23.2549966	69.6948409	Bhuj Sector 272	
23.2538617	69.6975284	Bhuj Sector 270	
23.2548290	69.6988776	Bhuj Sector 271	
23.2568423	69.6988373	Bhuj Sector 273	
23.2587323	69.6976974	Bhuj Sector 274	
23.2562114	69.7056154	Bhuj Sector 67	
23.2506321	69.7005808	Bhuj Sector 66	
23.2466423	69.7057229	Madhapar Sector 47	
12.9481949	77.5362112		
12.9405659	77.7168370	Bellandur Amani 90MLD Sewage Treatment Plant	
26.1807164	85.8788729		
30.1976605	74.9427062	Grain Market	
17.9050976	77.4996035		
28.8336991	77.1276503		
26.5022697	86.2294352		
11.1524018	75.8822204		
22.9853998	70.2234860	Kandla International Container Terminal	port
12.9243561	77.5039261		
12.9264983	77.5033309		
12.9227797	77.4943044		
12.6932134	77.4474997		
12.6767007	77.4353191		
12.6762775	77.4349372		
12.6728192	77.4494016		
12.6698252	77.4483889		
12.6702375	77.4482902		
12.6693320	77.4420443	Dairy Classic ice cream Pvt LTD	
12.6727878	77.4379519	Anthem Lifesciences Pvt. Ltd.	
12.6737805	77.4350055		
12.6760375	77.4333254		
12.6817325	77.4340479		
12.6813117	77.4361502		
12.6814329	77.4429448		
12.6816423	77.4418706		
12.6778662	77.4434074		
12.6774030	77.4485076		
12.6772617	77.4469185		
12.6750597	77.4471599		
12.9140441	77.4890104	Vrishabhavathi Valley 180MLD Sewage Treatment Plant	
21.9517007	75.2695119		
31.5331641	76.2302684		
23.9669734	88.6365879		brickyard
26.7405186	83.6919511		
12.9305870	77.5081144		
18.1940311	74.6138587		
18.1978252	74.6146895		
18.1968411	74.6136775		
18.1982621	74.6123298		
18.2207725	74.6049421		
18.2262281	74.6036906		
18.2266903	74.6079142		
18.2159261	74.6025258		
18.2186217	74.6016739		
18.2066304	74.6045290		
18.2068317	74.6071338		
18.2115899	74.6053608		
18.2013434	74.6049725		
18.1989962	74.6085069		
18.1837333	74.5960372		
18.2149371	74.6029454		
21.0587864	79.0269485		
21.0244096	78.9986890		
20.9040108	78.9799189		
20.9074535	78.9786905		
20.9263271	78.9709021		
20.9273229	78.9745385		
20.9299847	78.9782446		
20.9269058	78.9583084		
20.9486531	78.9676080		
20.9447135	78.9685022		
20.9284490	78.9644989		
20.9421039	78.9512353		
20.9435619	78.9536096		
20.9444821	78.9578313		
20.9355699	78.9302229		
20.9231215	78.9394981	LPG	
20.9260853	78.9415298		
20.9283985	78.9410412		
20.9288965	78.9396946		
20.9329397	78.9502216		
20.9270705	78.9493834		
20.9279667	78.9484054		
20.9214391	78.9535931		
20.9280055	78.9681655		
20.9367437	78.9571524		
20.9416451	78.9626459		
20.9418904	78.9677927		
20.9436551	78.9682044		
20.9455089	78.9646518		
20.9437428	78.9656255		
20.9511323	78.9632759		
20.9486401	78.9489662		
20.9341831	78.9511308	Maharashtra Industrial Development Corporation	
22.6362657	75.5796584		
20.8077974	79.0551120		
26.9089496	83.8361512		
26.9047732	83.8398267		
17.2965486	78.3701055		
17.2979469	78.3702130		
17.2946850	78.3650918		
13.0410645	77.6421337		
21.3434290	81.6536196		
11.8812849	79.7300746		
13.0200425	77.5523199		
13.0174902	77.5542296	Mandovi Motors Pvt. Ltd.	
13.0181452	77.5540316		
12.9873426	77.7964935		
12.9910747	77.7805772		
29.9518251	78.0713770		
29.9624986	78.0617425		
29.9672546	78.0617620		
29.9701291	78.0582514		
29.9687423	78.0547580		
29.9636465	78.0498449		
29.9628751	78.0512832		
29.9571873	78.0561661		
29.9572809	78.0607616		
29.9553758	78.0575497		
29.9697155	78.0670492	Alps Industries	
29.9661904	78.0773080	Om Sai Pharma Pack	
29.9611406	78.0775102	Lakhani Footwear	
29.9623324	78.0776843		
29.9617740	78.0773660		
29.9590240	78.0775890	Surya Processed Food	
29.9580725	78.0779778	Panasonic	
29.9571515	78.0779283	Prime	
29.0546129	79.6832760		
29.0476838	79.6865340		
29.0438213	79.6882333		
29.0396852	79.6876299		
29.0359065	79.6858576		
29.0316577	79.6899150		
29.0331176	79.6865336		
29.0307594	79.6842066		
29.0290847	79.6846038		
29.0272451	79.6841261		
29.0275240	79.6856147		
29.0267224	79.6852059		
29.0251794	79.6826324		
29.0218992	79.6871761		
28.9925248	79.4396529		
29.0111835	79.4073395		
29.0101012	79.4073252		
29.0095900	79.4043339		
29.0100849	79.4020771		
29.0110718	79.4043435		
29.0125190	79.4027288		
29.0142666	79.4073008		
29.0143698	79.4034779		
29.0163207	79.4036597		
29.0194579	79.4058912		
29.0211318	79.4029167		
28.9924427	79.4232588		
28.9923759	79.4205227		
28.9968815	79.4248070		
28.9981938	79.4212309		
29.0063506	79.4155889		
29.0065054	79.4043295		
29.0093027	79.4116768		
29.0164364	79.4173155		
29.0344235	79.3967766		
9.9979705	78.2774156		
10.0019350	78.2733578		
9.9965147	78.2431490		
9.9985045	78.2464928		
28.7129036	76.8941420		
28.7050440	76.8733294		
28.7060997	76.8798089		
28.7015041	76.8804881		
28.7026779	76.8812391		
21.5135785	71.1947010		
27.9603270	76.3898227		
27.9608058	76.3888198		
27.9611965	76.3860218		
27.9618390	76.3827984		
27.9627126	76.3806117		
27.9618673	76.3783435		
27.9599854	76.3812963		
27.9592962	76.3827841		
27.9585850	76.3842127		
27.9579510	76.3855316		
27.9648457	76.4002464		
27.9626648	76.4001435		
27.9629851	76.3951867		
27.9642525	76.3962355		
27.9645596	76.3930615		
27.9657016	76.3916741		
27.9672718	76.3935158		
27.9666175	76.3887891		
27.9674780	76.3902020		
27.9672404	76.3855917		
27.9640708	76.3817666		
27.9704568	76.3908926		
27.9705470	76.3964148		
27.9710407	76.3967470		
27.9720515	76.3987072		
27.9736480	76.3955505		
27.9731057	76.3946633		
27.9708293	76.4014676		
27.9737052	76.4030851		
27.9756373	76.3998749		
27.9758438	76.4018928		
27.9835735	76.3912555		
27.9810975	76.3887126		
27.9793990	76.3903488		
27.9773240	76.3925224		
27.9766134	76.3893584		
27.9748557	76.3883015		
27.9737695	76.3866681		
27.9721407	76.3853784		
27.9735389	76.3811410		
27.9765872	76.3818872		
27.9682530	76.3943017		
27.9630630	76.3681673		
27.9728272	76.3774520		
26.7354252	83.8050434	Brick yard	
26.7314988	83.8219355	Brick yards	
26.7287505	83.8083089	Brick yards	
26.7345357	83.7919460	Brick yards	
13.0840699	77.5500239	BMTC Depot 45 (MS Palya)	depot
13.1801372	77.5650510		
26.7388490	83.7597902	Brick yards	
21.5436755	71.1650722		
21.5468843	71.1659631		
13.0381834	77.5582506	BESCOM	
13.0881651	77.5946398		
13.0920120	77.5936065		
21.6100016	71.1844842		
13.1352064	77.5709864		
13.1364230	77.5698326		
26.7451020	83.6512025	Brick yards	
26.7425772	83.6503661	Brick yards	
26.7399482	83.6461269	Brick yards	
26.7336532	83.6269312	Brick yards	
26.7355850	83.6292145	Brick yards	
26.7353358	83.6335639	Brick yards	
26.7349557	83.6362833	Brick yards	
26.7480669	83.6510067	Brick yards	
22.5708037	88.1777287		
22.5709715	88.1793646		
22.5722135	88.1769622		
22.5699895	88.1715418		
22.5705590	88.1746924		
19.8788309	73.9625978		
19.8787897	73.9611842		
19.8702781	73.9736879		
19.8619750	73.9777265		
19.8609633	73.9779358		
19.8677616	73.9644232		
19.8922111	73.9747292		
19.8912343	73.9738186		
19.8882891	73.9817257		
19.8831588	73.9807883		
19.8625585	73.9755341		
19.8676421	73.9786241		
19.8715302	73.9779825		
19.8727000	73.9654505		
19.8750853	73.9621111		
15.3624435	73.9231952		
15.3651086	73.9348809		
15.3640417	73.9359173		
15.3633010	73.9411681		
15.3661561	73.9380339		
15.3716083	73.9443008		
19.8471751	73.6795937		
19.8453687	73.6775485		
18.7828436	73.2627614		
18.7891829	73.2831677		
18.7712687	73.2583871	Khopoli Uttam Galva Steel Works Captive Power Plant	
18.7846655	73.2592955		
18.7788287	73.2665455		
12.8740218	77.4473825		
13.0489322	77.4928690		
12.8704981	79.9738505		
12.8690445	79.9707875		
12.8715016	79.9705508		
12.8730617	79.9702898		
12.8729114	79.9667493		
12.8717791	79.9648865		
12.8673966	79.9547316		
12.8620775	79.9502609		
12.8607155	79.9510761	Doowon Automotive	
12.8582458	79.9509228		
12.8559038	79.9488802		
12.8624952	79.9588738		
11.9198854	79.6431756		
11.9228037	79.6391911		
11.9313353	79.6427719		
11.9290955	79.6558062		
11.9327617	79.6529134		
11.9325609	79.6518673		
11.9311936	79.6487895		
11.9310637	79.6472110		
11.9341039	79.6474065		
11.9325767	79.6576998		
11.9280655	79.6640057		
11.9262429	79.6621335		
11.9253834	79.6621952		
11.9213039	79.6623011		
11.9216486	79.6669267		
11.9231082	79.6642993		
11.9274931	79.6593883		
12.8949545	77.4696502		
12.8978290	77.4760701	Doddabele 40MLD Sewage Treatment Plant	
26.7434264	83.6339302	Brick yards	
26.7546789	83.6499822	Brick yards	
26.7531952	83.6518921	Brick yards	
26.7496193	83.6143129	Brick yards	
13.0290523	80.0210606	OTTO Clothing Pvt Ltd.	
13.0306359	80.0195695	Winergy Drive Systems Ltd	
27.5798455	95.5540771		
27.4977338	79.1703868	"Aliganj, Local Power Station"	
26.9078947	83.9805169		sugar_refinery
16.5707010	79.6451551		
17.3306899	78.5756673	TAJ Mutton Shop	slaughterhouse
17.1507695	80.8652565		slaughterhouse
17.1506612	80.8652338		slaughterhouse
17.1686288	80.8702708		slaughterhouse
17.1684592	80.8702217		slaughterhouse
16.3731444	81.6322220	Rice mill	
26.7381248	83.5386368	Brick yards	
26.7308392	83.5438338	Brick yards	
21.8415078	71.2930819		
21.8385991	71.2936477		
21.8336894	71.2931740		
21.8321780	71.2897278		
21.8298003	71.2895773		
21.8256281	71.2869158		
21.8183540	71.3768811		
21.8414895	71.3188431		
21.8492282	71.3239410		
21.8372642	71.3191089		
21.8356408	71.3333675		
21.8323842	71.3352182		
17.4716989	78.5944043		
17.4687306	78.6019282		
17.4706357	78.5990882		
10.2721207	76.3555678	Kinfra Small Industries Promotion Park	
31.2618061	74.9946384	Dana Mandi Chola Sahib	
27.0253028	92.6074263		
27.0251045	92.6119887		
26.8271656	92.6495585		
31.3934765	74.9525151	Sheron Sugar Milll	
13.0441819	77.6628060	Horamavu Agara 20MLD Sewage Treatment Plant	
29.4733735	77.7080934		
25.3873150	81.2885788		
14.1400908	77.3154368	Palavalli	
26.7340608	83.6148790	Brick yards	
26.7309027	83.6417182	Brick yards	
25.1393963	75.8565392	OLD GODOWNS	
26.8313988	83.5468413		
20.8411216	71.0705710		
26.7370929	83.5738774	Brick yards	
26.7220408	83.5825961	Brick yards	
26.7331291	83.6102676	Brick yards	
26.7291963	83.8601379	Brick yards	
31.3506320	74.6923731		
26.7248557	83.5445813	Brick yards	
26.7559484	83.8787382	Brick yards	
12.9676997	77.5675389	Binny Mills	
30.1911623	74.9607575	Focal Point - 1 ITI Chowk	
12.9164417	77.6402415	Agaram 35MLD Sewage Treatment Plant	
18.1006707	83.5895915		
18.1141901	83.5956245		
13.0215406	77.5367002		distributor
13.0532657	77.4965581	Karnataka State Labour Institute	
13.0506931	77.4955933		
13.0380473	77.5307382		
12.9778948	77.5573395		
12.8377877	77.5457121	Khoday	
12.8102530	77.5027728		
12.8323577	77.5317275		
13.1608235	77.5449800		poultry_farm
13.1627763	77.5421054		poultry_farm
34.4196276	74.5992816	Patushay Grid	
13.0408460	77.5892827	Karnataka State Seeds Corporation Limited	warehouse
27.1606529	69.7207940		
27.1489731	69.7305599		
27.1615884	69.7570413		
27.1630155	69.7427881		
27.1406384	69.7503198		
27.1431254	69.7691918		
27.3881418	69.9985099		
23.8489101	85.0121078	North Karanpura Thermal Power Station	
27.1755468	80.8485952		
9.4925310	76.7517923	Mini Industrial Estate	
26.4022458	87.2664443		
9.8821234	76.4599839	Malabar Extrusions Pvt Limited	
19.0818198	84.7019599		
24.3235063	82.2925162		
11.1189226	76.1698869		
31.1420531	74.5658915	Dana Mandi Khemkaran	
10.1933275	76.4508201		
10.3625735	76.9838083	Parry Agro Industries-Iyerpadi Estate	
12.9520445	80.1801243		
9.2666906	76.5409789	Wood mill	
9.9691326	76.4156325	Polyformalin.Ltd	
8.9610195	76.8078099		
24.1986500	82.5780960		
10.2047053	76.4627991		
8.4630612	76.9914719	timbers ground skp	factory
23.9781039	82.6343697		
14.6700426	74.8211901		
13.7221454	77.5031456		
18.6530628	74.0748720		
18.6523533	74.0740026		
18.6542698	74.0761073		
18.6543559	74.0803250		
18.6558534	74.0844731		
18.6566545	74.0838052		
18.6536469	74.0875891		
18.6541245	74.0913020		
18.6550560	74.0916641		
18.6582047	74.0943785		
18.6599238	74.0952127		
18.6600045	74.0930360		
18.6589727	74.0933720		
18.6757092	74.0886482		
18.6743800	74.1150333		
23.0398383	70.1208736		
23.0374330	70.1185119		
23.0396297	70.1194259		
23.0360816	70.1294285		
23.0288245	70.1287552		
23.0227469	70.1314784		
18.0672223	74.1773861		
18.0625163	74.1755945		
18.0611138	74.1706928		
18.0564293	74.1716382		
18.0638678	74.1732167		
18.0660277	74.1737759		
18.0455463	74.0579997		
18.0550445	74.0421223		
18.0604661	74.0465199		
18.0657204	74.0480380		
18.0610016	74.0617575		
18.2738687	74.1766789		
18.2750492	74.1720404		
18.2490049	74.1793062		
18.2520591	74.1767456		
18.2537208	74.1760450		
18.2562863	74.1750437		
18.2570496	74.1801389		
18.2583310	74.1800591		
18.2630012	74.1772413		
18.2645622	74.1793152		
18.2614710	74.1756003		
18.1709583	73.9517869		
18.1685704	73.9543659		
18.1527373	73.9463501		
18.1520874	73.9472684		
18.1441198	73.9535452		
18.1450872	73.9535383		
18.1436980	73.9520779		
18.1456351	73.9516246		
18.1329059	73.9474136		
18.1347857	73.9533063		
18.1361597	73.9526130		
18.1365840	73.9510426		
18.1387163	73.9509313		
18.1395459	73.9537730		
18.1259138	73.9807561		
18.1552800	73.9575014		
18.1592096	73.9639092		
18.1531336	73.9524025		
18.1526697	73.9561951		
18.1495730	73.9434682		
18.1475084	73.9482131		
18.1496779	73.9455698		
18.1642393	73.9266291		
18.1641539	73.9222370		
18.1603513	73.9266211		
18.1622717	73.9386964		
18.1239892	73.9810901		
18.1131002	73.9848371		
18.1048375	73.9910574		
18.1045332	73.9955820		
18.1010207	74.0046268		
18.0949625	74.0062248		
18.0884023	74.0058777		
18.0906590	73.9982458		
18.0867578	73.9871156		
18.0905128	73.9859911		
18.2570860	74.1739399		
18.0956224	74.0001109		
25.4418633	81.2875213		brickyard
10.8945417	76.3287918	area	
10.8896791	76.3398872	area	
12.9583857	77.6902856	HAL Tejas Production Phase 2	
10.6371984	76.1857721	Star Industries	factory
21.5899707	71.2011541		
21.5924280	71.2033282		
11.2152459	77.8409473	Skm Egg Products	
15.2095635	74.1627499	Varun Beverages Ltd.	
15.2122427	74.1649438		
18.2544573	83.7872991		
9.3942314	77.5682350		
9.3928485	77.5682039		
19.0851835	84.6386719		
11.2656762	75.8821585	minar tmt	
23.9068477	82.6097283		
24.2022582	82.5859838		
9.5725874	76.7920593	Tufko International	
25.4453570	81.5155171		
25.4426073	81.3865417		
20.8066378	70.9390056		
24.1190993	82.6748966		
17.6414223	78.6902317		
25.4823240	86.6772687		
25.4695727	81.2252228		brickyard
30.4501286	74.0509280		
20.8068113	70.6948083		
24.1680343	82.7040481		
24.1935226	82.7083526		
24.1957925	82.7089404		
24.0038363	82.4017724		
20.8390859	71.0353370		
10.0909694	76.3463475		slaughterhouse
20.8483152	71.0959714		
24.2933674	82.2006216		
24.0626869	81.9745865		
24.0604281	81.9700009		
24.0603564	81.9774762		
24.0593785	81.9723474		
9.3599902	76.9833302	Vellapallil Hollow Bricks	brickworks
9.3618620	76.4522926	Chudukattil Earth Movers	
21.3320785	71.3138763		
21.3287934	71.3130996		
12.8168242	77.4104150	Coca-Cola	depot
12.8106387	77.4224165		
12.7851891	77.4205459	Toyota Kirloskar	factory
13.0043047	77.6882344		
24.0834660	82.5741617		warehouse
9.5677442	76.6872576		
17.6258557	83.1560121	Andhra Pradesh Medtech Zone	
25.4917371	81.2724258		brickyard
25.4911529	81.2496820		brickyard
9.2656772	76.4870789	NTPC Water Supply Unit	
9.6240070	76.3316362		
9.0426820	76.7137963	St.Mary's Cashew Factory	factory
9.0424334	76.7149539		factory
8.9628205	76.6698219	Alind	metal_processing
10.1280311	76.4721502	Nap Mill Ground	
10.1275300	76.4717701	Ponmani Rice Mill	
8.9289324	76.8551648		slaughterhouse
8.5967339	76.8556868	"Benoy Marble's and Granites,Pallipuram"	
18.3517839	76.7501060	Stone crusher	
8.5954282	76.8558691	woodmill area	
9.7340618	76.3189036	Indian Emporium Outlet	
11.6223165	76.2506093	Malabar Meat Factory	meat
10.0470126	76.3387774	hmt	
9.0036153	76.6612832	Cashew factory building	
9.0561438	76.7062082	brick and tiles manufacturing	
9.0605367	76.7123333		
9.0564282	76.7088285		
9.0567662	76.7062686		
9.0578625	76.7077623	Cashew factory	
9.0531968	76.7037684	brick factory	
9.7031263	77.0403666	Chicken Centre	slaughterhouse
9.7015849	77.0400724	Halal	slaughterhouse
8.5672640	76.8783658		
8.3685164	77.1128212	Nail Industry	
8.4574002	76.9361615	Fishnet Factory Matsyafed	
18.6869778	78.1193257		
18.6868501	78.1195905		
18.6875764	78.1196719		
18.6874428	78.1199288		
9.3599984	76.9832420	Vellapallil Soft drinks	factory
10.1732034	76.4329018		
9.4049461	76.6975207	Chicken	slaughterhouse
10.1720447	76.4337769		
10.1727683	76.4345916		
10.1739071	76.4345771		
10.1734643	76.4359972		
9.8598980	76.7277969	malankara factory	factory
11.9868698	75.5857358	"Agreenco Fruit Products,Private Limited"	
28.5246616	77.0910535		
28.5248666	77.0930110		
28.5256703	77.0918710		
28.5243447	77.0914956		
28.5259462	77.0930503		
8.9161285	76.9207413		brickyard
9.7101869	77.0470885	Beef Store	slaughterhouse
9.4050581	76.5600951	Akhil timbers	sawmill
9.4038631	76.5617141		
9.4009969	76.5650119	Traco	ceramic_factory
10.1573998	76.3551177	Kamco	
9.0368379	76.7107223		
18.6478846	78.0915740		
18.6474956	78.0915585		
11.2163674	76.1131760	crusherur	mine
9.5654362	76.6622067		
18.6801267	78.0900215		
18.6792931	78.0898378		
18.6795907	78.0910079		
11.2141521	76.1398439		brickyard
9.5188634	76.3285055	Kerala Balers Pvt. Ltd.	factory
8.7687779	76.7783802	Cashew Factory	
8.7869697	76.7766086	Capex Cashew Factory	
11.2113974	76.1495924		
9.4462910	76.5965923	sn flour mill	
10.1686961	76.3725809		factory
10.0872230	76.4055908	V Star creations pvt.ltd warehouse	
9.0443824	76.7223577	St Gregorios Cashew Factory	
9.1640306	76.6422715	panayil cashew factory	
11.2114435	76.1252942		
10.0133727	76.3017330	Modern Food Enterprises Pvt.	
9.4381025	76.6016049	Nithin Industries solid block	factory
24.0085688	82.4643083		
24.0077683	82.4659475		
9.4607300	76.5729512		
9.4608504	76.5727021		
11.2887052	75.7657733	Ace Motors Vehicle Yard	
11.2905583	75.7615117	Wipro Enterprises Pvt	
9.5605233	76.6742351	stone creshr	
9.5640814	76.7577820	shajis scrap shop	scrap_yard
14.6636617	78.4577570		
9.9372896	78.1284690		
8.4957786	77.0724033		scrap_yard
9.3506474	76.6222776	thappurackal chicken center	slaughterhouse
33.7316041	74.8212839		
10.0906663	76.3438248	Forest Industries( Travancore) Limited	furniture
9.9367706	77.0382829	brick plant	
10.0039025	76.9680463	Chebazhadi Cement Works	
9.9952112	76.5912613	Ferroslab Unit	
8.9006077	76.6563938	Akkavila	
9.5229194	76.3266299	NC John and sons	factory
10.0147314	76.9378948	Eastern Curry Powders	
12.5157453	75.0538562	C M S Bricks Centre	
9.4748410	76.5518160		scrap_yard
9.5095266	76.6706282		
11.2145083	76.1355228		
9.9383671	76.3154123	paper industry	
11.2141980	76.1373181		
11.2140977	76.1360347		
9.1452562	76.6264103		
10.7596567	76.7299696	insil	factory
10.9463846	76.0041048		brickyard
9.0208579	76.9222712		slaughterhouse
30.2511777	75.9213954		
30.2491486	75.9009630		
9.9323791	77.0549223		factory
30.1973858	75.8728239		
10.1044229	76.5090192	Wood Cutting	sawmill
10.1031832	76.5127100		sawmill
9.2583392	76.7222850		
10.0114592	76.9548363		slaughterhouse
8.5832798	76.8273770	Euro Marine Iceplant	
11.2481979	75.7789434	Sun Umbrella Pvt Ltd	
11.9865187	75.6029061	Mariya interlock	brickyard
8.6330607	76.7889771	Muthalpozhy Fishing Harbour	port
11.5218098	75.7712720	Subiksha Oil	
8.9342799	76.7726531	Paruthiyara Cashew Factory	food_processing
21.1492365	72.6489582		
21.1603238	72.6504340		
21.1636002	72.6512105		
21.1531483	72.6590243		
21.1591127	72.6589256		
21.1588961	72.6444977		
21.1613586	72.6488868		
21.1645879	72.6589769		
21.1487919	72.6567717		
10.0992549	76.5146790		
10.1002236	76.5059409	Plywood Mill	
9.4436500	76.5454501		scrap_yard
8.6167205	77.0367949		
9.1551948	76.6049487	Cashew nuts factory	
23.8561641	72.3674889	Microtrol Sterilisation Services Pvt LTd	
9.7464633	77.1006847		scrap_yard
9.7474955	77.1086404		
9.9904887	76.3970772	Philips Carbon Black	
9.7398793	77.0895835		
9.5116840	76.5471207	Plywood industy	woodworking
11.2518465	75.7940815		
10.1071484	76.5147351		brickyard
10.1068540	76.5148504		
10.0265906	76.6263052		
10.2103762	76.3978864	Bricks	
8.9006294	76.7098009		factory
8.9029381	76.7043039		factory
12.0257765	75.2633556		
9.9476890	76.6314250	Eastern Rethread	
10.0237937	76.5576477	Mambillil Scraps	scrap_yard
9.5294200	76.8052635	Vellyedathu Crusher	
11.2066609	75.8073226	KSEB Nallalam	
9.0514876	76.7029362	Cashew Corporation Factory കശുവണ്ടി ഫാക്ടറി	
10.2067372	76.3810686		
24.1285478	82.6515964		
9.9057859	76.2948187	The Prime House	cold_storage
22.4030228	73.1345814		
22.7117666	72.8523171		
22.7118074	72.8516226		
22.7024966	72.8523213		
22.7060398	72.8491482		
22.7087418	72.8429684		
30.7077149	76.8081782		
30.7095899	76.8096209		
30.7085907	76.8088385		
30.7048769	76.7953053		
30.7055305	76.7980452		
30.7065956	76.7969571		
30.7068267	76.7984958		
30.6963196	76.7992218		
30.6996417	76.7981690		
30.7028843	76.8018570		
10.0108392	76.2776406	Chanayil Meat Stall	slaughterhouse
10.1590039	76.4939919	plywood industry	
9.0693954	76.6408608	AM Body Workshop	
11.2022365	75.8128370	SAIL-Steel Complex Limited	
8.8396789	76.6380634	mayyanad timber depot	
9.5162189	76.8170965	st mary's rubber private limited	
9.5161071	76.8166822	St. Mary's Rubbers Pvt. Ltd.	
11.0127338	76.4924454	hollow brick industry	
8.9433757	76.6785687	Godown	depot
11.3581752	76.0067767		scrap_yard
10.3378892	76.2035673	K S E Limited	agrifood
10.2859403	76.2998545	Saint Antony's Tiles Kerala	
9.9953789	76.5813763		
10.3891886	76.3027498	irrigation	
8.9497877	76.7064082	Dwaraka Poultry Farm	slaughterhouse
11.3093550	75.8234101		
11.0146076	76.4889026		factory
11.1173188	76.0474507		
30.9621135	76.8157223		
30.9636866	76.8018271		
30.9632887	76.7978614		
30.9616284	76.8004799		
30.9641408	76.8056320		
30.9640569	76.8048379		
30.9643099	76.8028618		
30.9632835	76.7809247		
30.9625579	76.7817830		
30.9627235	76.7835157		
30.9645325	76.7774928		
30.9795718	76.7941133		
30.9828786	76.7874786		
30.9863235	76.7827233		
30.9923038	76.7740005		
30.9893188	76.7735069		
30.9957711	76.7746972		
30.9979616	76.7745118		
30.9864525	76.7677993		
30.9895889	76.7686159		
30.9909494	76.7648408		
30.9927937	76.7602409		
31.0243654	76.6488030		
31.0274615	76.6406947		
30.9482318	76.8084656		
30.9471513	76.8102398		
30.9549854	76.8239214		
30.9562068	76.8173960		
30.9532643	76.8168247		
30.9515546	76.8238587		
30.9529727	76.8274623		
30.9534791	76.8312894		
30.9541752	76.8297266		
30.9438990	76.8451577		
30.9405564	76.8425183		
30.9414704	76.8432927		
30.9368530	76.8402832		
30.9363888	76.8395154		
30.9341285	76.8370469		
30.9351597	76.8379860		
30.9354516	76.8391303		
30.9343723	76.8393578		
30.9331174	76.8382984		
30.9339766	76.8387387		
30.9260332	76.8264935		
30.9279015	76.8268829		
30.9300589	76.8275323		
30.9289030	76.8320313		
30.9300175	76.8333068		
30.9306343	76.8346847		
30.9301238	76.8365805		
30.9293286	76.8381899		
30.9321620	76.8425471		
30.9283054	76.8401638		
30.9261534	76.8394384		
30.9269794	76.8428273		
30.9249489	76.8439311		
30.9238536	76.8494873		
30.9256714	76.8479785		
30.9249575	76.8528003		
30.9174287	76.8340074		
30.9177151	76.8335613		
30.9179568	76.8352837		
30.9170340	76.8374028		
30.9153617	76.8331895		
30.9139051	76.8407031		
30.8961026	76.8827453		
30.9167182	76.8421715		
30.9136438	76.8522151		
30.9137129	76.8497568		
30.9121619	76.8462807		
30.9160819	76.8687791		
30.8961487	76.8806425		
30.9035734	76.8696883		
30.9058030	76.8367105		
30.9602625	76.7730121		
30.9612360	76.7715932		
30.9602233	76.7686669		
30.9634583	76.7720506		
31.1279697	76.6694614		
31.0956892	76.6935315		
31.0958833	76.6874792		
31.0901974	76.7015353		
31.0302966	76.7041173		
31.0311102	76.7045510		
31.0307770	76.7031070		
31.0843045	76.7009157		
31.0797068	76.7057571		
31.0616401	76.7062546		
31.0610932	76.6988343		
31.0595997	76.6718580		
31.0613402	76.6713028		
31.0607209	76.6696478		
31.0629061	76.6727163		
31.0608588	76.6616803		
31.0677997	76.6716715		
31.0656768	76.6746971		
31.0541644	76.6973242		
31.0551674	76.6980739		
31.0460644	76.6965558		
31.0461920	76.6989268		
31.0499582	76.6971418		
30.9965608	76.7236850		
30.9982892	76.7355940		
30.9986209	76.7366655		
31.0184787	76.7142301		
31.0193499	76.7181744		
31.0170674	76.7205039		
8.5082079	76.9067752	Ultratech Cement Ltd.	factory
30.8585483	76.5639809		
30.8630103	76.5629135		
30.8652326	76.5620601		
31.0357397	76.5658734		
11.3482760	75.7405489		
11.2156319	75.7984124		
30.9893216	76.7541200		
30.9838375	76.7525146		
31.0043766	76.7289340		
31.0035248	76.7281079		
31.0331350	76.6745402		
31.0270892	76.6375096		
31.0281292	76.6372695		
31.0300816	76.6460096		
25.3548964	83.0038442		
11.1865419	75.8345335	tile factory	
11.1823596	75.8306467		
9.4677885	76.5674667	Industril Estate IE Nagar	
10.1791245	76.3746532		
10.1795663	76.3751100		
10.1784198	76.3744446		
10.1784509	76.3740653		
10.1787978	76.3732640	Kerala State Bamboo Corporation	
10.1787823	76.3724136		
10.1787387	76.3717229		
10.0099927	76.4362826	K.K Industries	
31.0338998	76.6264482		
31.0362204	76.6328948		
31.0317745	76.6336660		
31.0302333	76.6343540		
20.9830148	75.5796128		
20.9772823	75.5891333		
20.9833710	75.5845959		
20.9863818	75.5848096		
20.9885473	75.6014401		
21.0132660	75.5050619		
21.0175717	75.4943534		
21.0595479	73.1307051		
19.7851578	73.6603046		
19.8370403	73.6756977		
19.8408286	73.6769128		
19.8440252	73.6731858		
19.8336379	73.6789580		
19.8351531	73.6776919		
19.8363490	73.6738886		
19.8329731	73.7031247		
19.8399242	73.6935586		
19.8486447	73.6751318		
19.8480455	73.6766459		
19.8392846	73.6794944		
19.8363528	73.6808335		
19.8274246	73.6859934		
19.8201161	73.6717965		
19.8151700	73.6701993		
19.8168559	73.6660110		
19.6944113	73.5427820		
15.5331222	74.0785963		
15.5325195	74.0759129		
15.5312861	74.0759987		
21.0422404	75.9311398		
20.8657970	75.6569033		
20.9382729	75.5565620		
20.9856550	75.5812795		
13.1623041	77.7065080	40MLD Tertiary Treatment Plant	
13.1849005	77.7180630	Dynamatic	
13.1831488	77.7191684		
13.1814422	77.7195275		
13.1795904	77.7205609		
13.1745931	77.7375871		
13.1761657	77.7350635		
13.1767937	77.7337036	Thyssenkrupp Aerospace	
13.1776516	77.7346726	Tata Advanced Systems	
13.1759736	77.7319575		
13.1806904	77.7273266	Magellan Aerospace	
13.1742737	77.7265926		
13.1735404	77.7278161	Starrag India	
13.1771736	77.7215484		
13.1759168	77.7235714	Molex India	
10.0322282	76.5547663	Three star Plywood	
10.0315110	76.5580170	Green Field Plywoods	timber
13.0448536	77.7460006		
13.0535192	77.7365482		
13.0596555	77.7375536	Tann Utility Services	
9.9983168	76.2774673	Hindustan Petroleum Corporation Limited	
10.0842872	76.3482078		scrap_yard
10.4248566	76.3104890		
17.5102498	82.9997336		
17.5126660	82.9969792		
17.5179350	82.9971599	Asian Paints Limited	
17.5085527	82.9663671		
17.5071204	82.9670694		
17.5042581	82.9631304		
17.5031455	82.9563580		
17.5032039	82.9573051		
17.4963480	82.9497900		
17.4984963	82.9651535		
17.5154193	82.9633648	Laurus Labs Pvt Ltd	
17.5184197	82.9655380	Vasant Chemicals Pvt Ltd	
17.5181474	82.9611996		
17.5179681	82.9573937	Sundaram Alloys Limited	
17.5194700	82.9832615	Toyotsu Rare Earths India Pvt. Ltd	
17.5283808	82.9966007	Rain CII Carbon (Vizag) Limited	
17.5347595	82.9943607	Southern Online Bio Technologies Ltd	
17.5338515	82.9911399	Pokarna Ltd	
17.5325621	83.0034150	Abhijeet Ferrotech Limited	
17.6519675	83.0871773		
17.6503235	83.0876235		
17.6480260	83.0836149		
17.6516220	83.0779688	Suven Lifes Sciences Ltd	
17.6531289	83.0749977		
17.6556132	83.0711821	Sri Sai Chandana API Private Limited	
17.6570171	83.0716080	Silicon Life Sciences Pvt. Ltd	
17.6572080	83.0702970	AR Life Sciences Pvt Ltd	
17.6593404	83.0730689	VASUDHA PHARMACHEM	
17.6065831	83.2038941		
17.7070862	83.1694945		
17.7000618	83.1700752		
17.6990877	83.1760235		
17.6972180	83.1761451		
17.6960540	83.1776986		
17.6969884	83.1780901		
17.7063138	83.1558984		
17.7089999	83.1615123		
17.7105228	83.1603884		
17.7153257	83.1656553		
17.7175258	83.1681873		
17.7206075	83.1703797		
17.7240861	83.1722148		
17.7268938	83.1745515		
9.8781686	76.7211260		factory
10.0868709	76.3848293	Mezhukkattil Mills	
23.5865255	88.2272310	Star	brickyard
9.7194952	76.6539566	Premium furnitures	
10.7729274	76.6841113	FACT Mixing Complex	chemical
10.7704637	76.6888877		
17.6522088	82.9415993		
17.6361313	82.9304722		
17.6532874	82.9274118		
17.5947561	82.7478930		
18.0552103	83.5471791		
18.0603691	83.5453257		
17.8912895	83.3915586		
17.8884229	83.3874254		
17.8336893	83.3531273	Vizag Foods Pvt Ltd	slaughterhouse
17.4845600	82.9860744		
17.5011485	82.9648662	Laurus Labs Pvt Ltd	
9.1582676	76.5055280	KSCDC Factory	factory
16.4823479	81.5196195		
16.5107844	81.5239768		
16.5117132	81.5119490		
16.5109797	81.5118518		
16.5250177	81.5104437		
16.5944231	81.5347376		
16.5718350	81.4640656		
16.5569066	81.4669306		
16.5478730	81.4657983		
9.6083540	76.5135806		
10.0911135	76.3916917	ISRO APEP Aluva	
17.7070555	83.1710999		
17.2046228	78.6753944		
17.2709988	78.6749169		
17.2645482	78.6684930		
17.2675750	78.6760275		
17.2899692	78.7532274		
17.2925801	78.7450755		
17.2924111	78.7457460		
17.2934329	78.7564936		
17.2834465	78.8106853		
17.2907951	78.8195094		
17.2205873	79.0254924		
17.2295310	78.9617014		
17.2436360	78.9237562		
17.2427138	78.9161601		
17.2345251	78.9281550		
17.2362446	78.4516625		
17.2403437	78.4614601		
17.2397192	78.4747866		
17.2437356	78.4796813		
17.2425549	78.4814499		
17.1919846	78.5068846		
17.2014484	78.5004366		
17.2058292	78.5043691		
17.1928181	78.4960789		
17.1681069	78.4687388		
17.1715723	78.4688134		
17.1701217	78.4728061		
17.1705249	78.4728737		
17.1710365	78.4729575		
17.1706734	78.4687688		
17.1668268	78.4742811		
17.1086464	78.6704532		
27.9059044	76.3060800		
27.9066590	76.3031856		
27.9050685	76.3024695		
27.9045523	76.3036040		
27.9034436	76.3019118		
27.9019206	76.3071728		
27.9647086	76.3862470		
27.9633019	76.3846811		
27.9639233	76.3834548		
10.3965780	76.2432256	Mary vijayam plastic company	factory
10.3942076	76.2452976	Prakas Oil mill	
10.3952886	76.2434918	Vishnu oil mill	
10.3471146	76.3069034		
10.2582152	76.2879850		
19.7773817	73.6709092		
8.9674238	76.6703602	Aluminium Industries	
8.9690548	76.6637052	Kerala Ceramics Limited	
15.4013924	74.0945046	Sugar Factory	
15.4152736	74.0640863		
15.4146797	74.0697009		
15.4179143	74.0748313	Madras Rubber Factory	
15.4195031	74.0636664	Devayani Food Industries	
15.4217463	74.0610440	Nestle India Ltd.	
15.4368626	74.0583337		
16.7464104	78.4910944		
16.8712361	78.5303566	Surya Lakshmi Cotton Mill	factory
16.8713439	78.5325385		
17.8717975	78.7581432		
17.8747497	78.7579233		
17.8723463	78.7513814		
9.2328446	76.7695004	Brick Construction factory	
11.9756863	75.3405590	Shalimar Plywoods	
9.9217697	76.3191418		scrap_yard
9.9227404	76.3181910		
11.3593639	75.7999507	Orukkam Flour Mill	
10.1051566	76.4586466	Fousia Timber Industries	
10.7443192	76.7365886	rice mill	
23.5852932	88.2366696	SBF	brickyard
23.5852499	88.2348650	Hero	brickyard
23.5864205	88.2401774	Rani	brickyard
23.5819179	88.2360029	Millon	brickyard
13.1154959	77.7768262		
13.1297948	77.8229073		
13.1169121	77.8350885		
13.1253868	77.8310154		
13.1242805	77.8260720		
13.1222638	77.8228674		
13.1208970	77.8225666		
13.1219323	77.8276556		
13.1219314	77.8267663		
13.1241675	77.8218127		
13.1235937	77.8305428		
13.1217038	77.8327532		
13.1174586	77.8295631		
13.1172422	77.8253357		
13.1189807	77.8255098		
13.1188925	77.8273147		
13.1136541	77.8225484		
13.1144326	77.8252897		
13.1402450	77.8225897	RSA Turbotech	
13.1840850	77.7264258	Centum Electronics Limited	
13.1023468	77.8143503		
13.1016787	77.8141398		
13.1144849	77.8207642		
13.1217430	77.8314922		
13.1205539	77.8277346		
13.1220518	77.8296644		
13.1184402	77.8295763		
18.5949285	73.7143940		
18.5939136	73.7114987		
18.5950240	73.7241760		
18.5952081	73.7224854		
18.5937757	73.7270674		
18.5925619	73.7274322		
18.5907962	73.7293954		
18.5918696	73.7301162		
18.5908967	73.7280894		
18.5986221	73.7220228		
18.5930157	73.7129067		
31.0430045	76.7023480		
13.0241432	77.5282082		
13.0347853	77.5116706	"ISRO Telemetry, Tracking and Command Network"	
13.0370587	77.5128375		
13.0285930	77.5190081		
13.0326086	77.5116106		
13.0295283	77.5144150		
13.0292409	77.5130195		
13.0320572	77.5148977		
13.0276671	77.5140220		
13.0267085	77.5087981		
13.0331773	77.5168739		
13.0281113	77.5168289		
13.0278461	77.5162831		
13.2823378	75.8163862		
13.2864243	75.7851780		
13.2847772	75.7871874		
13.3395896	75.8327289		
13.3393443	75.8342738		
10.4014136	76.1195673	Valapad 110 kV KSEB Substation	
22.0893133	78.9902133		
22.0899247	78.9916751		
21.9983321	78.8704097		
21.8762398	77.9795274		
21.9050228	77.8815115		
21.9055181	77.8846604		
22.0879101	78.9756306		
21.0033566	70.6066529		
30.9519647	76.8376871		
30.9503360	76.8368742		
30.9745379	76.7675337		
30.9736128	76.7624092		
21.0656410	70.5411504		
11.1411344	75.9774849		brickyard
11.1416733	75.9754701	Thayil Bread caompany	
11.8634747	75.4091128		scrap_yard
9.7047090	76.4802202	Salini Steels	scrap_yard
30.9434306	76.8170205		
30.9441278	76.8168066		
30.9448480	76.8165030		
30.9456766	76.8201439		
30.9432416	76.8233817		
30.9436679	76.8244341		
30.9428034	76.8276300		
30.9414729	76.8255953		
30.9450981	76.8262125		
30.9433557	76.8155170		
30.9423174	76.8173893		
30.9415784	76.8164505		
30.9397115	76.8152288		
30.9367144	76.7981143		
30.9373476	76.7977355		
30.9295053	76.8005864		
30.9377411	76.8193816		
30.9425159	76.8246741		
30.9450935	76.8229163		
30.9561683	76.7703340		
30.9570130	76.7713465		
30.9590239	76.7709482		
30.9875822	76.7817414		
30.9778603	76.7816529		
30.9813414	76.7719955		
30.9759383	76.7616241		
30.9771097	76.7568545		
30.9788318	76.7609932		
30.9718083	76.7664063		
10.5823946	76.1916754	Kunnathupeedika factory	
19.2781648	72.8919188		
10.7913470	76.7864730	Bharat Earth Movers Limited ( BEML )	factory
10.7845974	76.7894704	Kinfra	
10.0043965	76.3457276	XO Pack Private Limited	
8.9917669	76.6778671	cashew factory	
12.3409494	75.1090953	khadhi	
9.4001390	76.6071814	Maruthi Flour Mill	
27.5138070	76.6797993		
27.5150172	76.7077983		
27.5162433	76.6949587		
27.5159395	76.6956020		
27.5148408	76.6976618		
27.5167797	76.6890557		
27.5161776	76.6827577		
27.5194654	76.6781419		
27.5164698	76.6727263		
27.5153421	76.6695770		
27.5132220	76.6727446		
27.5119635	76.6727597		
27.5074200	76.6752101		
27.5052934	76.6748599		
27.5054685	76.6789639		
27.5014368	76.6822035		
27.4931573	76.7028910		
27.4948965	76.6980667		
27.5109879	76.6887060		
28.4350384	77.3077890		
28.4441552	77.3064681		
28.4480402	77.3061669		
28.4510429	77.3058748		
28.4514843	77.3062192		
28.4530672	77.3056813		
28.4537419	77.3056127		
28.4542048	77.3055644		
28.4594207	77.3083509		
28.4374728	77.3100461		
25.4192539	78.6571132		
28.6532808	77.3228833		
28.6546578	77.3243987		
28.6541072	77.3416436		
28.6506451	77.3329434		
28.6484061	77.3252083		
28.6477570	77.3252760		
28.6487548	77.3234602		
28.6485270	77.3307456		
26.2728089	91.7029141		
26.2738485	91.7051956		
28.6621075	77.3488280		
28.6661390	77.3420952		
28.6652699	77.3458395		
28.6630798	77.3432947		
28.6555206	77.3404877		
28.0627030	76.4043751		
28.0623472	76.4028005		
28.0737212	76.4006405		
28.0744090	76.4039745		
28.0772337	76.4045148		
10.0084420	76.3595769		
10.0099645	76.3567252		
9.0641694	76.6678595	bhoothakuzhi cashew factory	factory
9.9753930	76.2893993		depot
8.9610183	76.6768431	Ceramics	
30.9246985	76.8001472		
30.9238106	76.8019237		
30.9295718	76.8041881		
30.9349767	76.7845759		
30.9392537	76.7853279		
30.9393188	76.7833462		
30.9407193	76.7839354		
9.2125495	76.7451580		
9.5866262	76.4881036	Al Ameen chicken centre	slaughterhouse
10.4138269	76.2362073	Orion Industries	
30.9540408	76.7877753		
30.9535809	76.7903237		
30.9466044	76.7810941		
30.9445128	76.7838325		
30.9448962	76.7862053		
30.9596454	76.7668134		
11.9387304	75.3523234	Bricks And Ceramics	
10.4975142	76.1477859	Junkyard	scrap_yard
10.4954207	76.1456211	Hollow Bricks	
12.0430146	75.5045657	KSEB 110 kV Substation	
9.0082042	76.6435435	cashew factory	factory
9.5244862	76.5362567		
30.7568262	76.7450094		
30.9002420	76.8395350		
30.9244574	76.8288915		
30.9272673	76.8255907		
25.4224588	81.6705193		brickyard
11.6362525	76.3060991	Wayanad Milk plant	
10.1142907	76.5160639	Mini Industrial Estate	
11.1834099	75.8326567		
9.8134487	76.4541093	Kwality	
10.6493083	76.7427057		
21.0068033	70.2392402		
12.4000916	75.0642501		
11.9900877	75.3842016	Sathyam flour mill	
10.9314360	76.0418329		
9.0208504	76.5987529		
12.0229235	75.2737404	interlock production	
24.1159939	82.6197724		
23.1363150	82.0645291		
11.4413189	75.9021403		
11.1442871	76.1262795	Biscuit factory	
13.1203023	77.9000804		
11.4352425	75.9011595		bakery
20.9668158	70.2857433		
20.9680817	70.2876996		
11.9900523	75.3847400		
9.8293761	76.4715784		
9.8316242	76.4527122		scrap_yard
11.4029688	75.8267987	coconut complex	
20.8502023	70.4599904		
10.1553107	76.3336647		
11.4361782	75.9030680		bakery
11.4363853	75.9021802	Salkara	bakery
24.0973965	82.6608892		
11.4931747	75.6261320	FCI Godown Thikkodi	warehouse
12.0793968	75.2571009	PMJ Plywoods	
9.5901231	77.1045655	plant nursery factory	
12.0201161	75.4887962		power loom
10.0461980	76.3082217	Carborundum Universal Limited	
10.0449514	76.3092973	Carborandum Universal Plant 2	
11.8127093	75.4941616	pinarayi wevwes	
11.0775561	76.1039066		grain_mill
25.4494749	81.6950092		brickyard
24.1886109	82.6526468		
9.5699836	77.0897566	factory	
11.6055901	76.0415402	Hollow Bricks	
9.5116834	76.5264084	electrochemicals	
25.4903745	81.6514420		brickyard
25.4891543	81.6557510		brickyard
11.1153729	76.3285609	Hollow Bricks	
11.1136299	75.9368318		
11.1033227	75.9229335		
11.1020998	75.9225442		
25.4465189	81.7065414		brickyard
8.5953193	76.9109559	Lekshmi Hollowbricks	brickworks
8.5276091	76.9678124	HLL Lifecare Ltd.	factory
13.5557112	79.9886298	PU Core	
13.5542869	79.9880319		
13.5540538	79.9861698		
13.5515235	79.9852255		
13.5498209	79.9857655		
13.5305559	79.9863456		
13.5170534	79.9905391		
13.5133953	79.9941395		
13.5073402	79.9927057		
13.5062224	79.9927842		
13.5234799	79.9831217		
13.5237447	79.9840452		
11.1216711	76.3373251	KT Glass House	
11.1300045	76.3436000	Hollow Bricks]	
9.0392074	76.8516487	Avaneeswaram Cables	electrical
24.0587760	82.6784959		
30.1188152	77.8877825		
30.1153896	77.8877704		
25.4535631	81.6588007		brickyard
25.4605790	81.6549082		brickyard
25.4558397	81.6549624		brickyard
24.8817356	79.5966366		
24.7906424	79.7955370		
25.2980984	79.8806074	Mahoba Galla Mandi Samiti	
25.1431892	80.0097880		
24.5800487	80.8605793		
11.2468012	75.9415301	Vazhakkad Tiles	
11.1069604	75.9236517		
15.5180827	73.9236760		
15.5183321	73.9263153		
15.5049985	73.9391954		
15.5075729	73.9373178		
15.4966631	73.9388707	Syngenta Biosciences Pvt Ltd	
17.2990361	82.5908482		
15.3665084	73.9518406		
15.3700699	73.9281895		
15.3684504	73.9299189		
15.3770862	73.9323724		
15.3755293	73.9286528		
15.3748620	73.9309582		
15.3756056	73.9324602		
15.3763439	73.9324709		
15.3739310	73.9327083		
15.3715683	73.9355651		
15.3722506	73.9367893		
15.3723806	73.9380339		
15.3711876	73.9384201		
15.3695525	73.9434050		
15.3704429	73.9400321		
15.3632626	73.9501394		
15.3661955	73.9433339		
15.4186055	73.9525445		
15.4166236	73.9508067		
15.4152081	73.9492882		
15.4705793	73.9737958		
15.4752826	73.9724627		
15.4717205	73.9779730		
15.4728772	73.9786559		
15.4794534	73.9694104		
15.4781578	73.9719108		
15.4771787	73.9762822		
15.4793655	73.9789993		
15.4658047	73.9688122		
15.4627646	73.9714355		
15.4620149	73.9701721		
15.4616261	73.9673401		
15.4688004	73.9728451		
21.0131824	70.2989926		
21.0153254	70.2967947		
10.5314088	76.6967655	Chandramala Tea Factory	
12.9589573	76.1282011		
30.1047383	77.8658420		
12.3455305	75.1149161	campco	
14.2561191	80.1147670	NCT - Navayuga Container Terminal	port
9.9253246	78.1450526	ஆவின் பால்	dairy
26.3783287	74.6045936		
24.0479944	82.6303824		
24.0506400	82.6316798		
24.0509880	82.6327355		
24.0512055	82.6330978		
24.0510475	82.6330456		
24.0508884	82.6330074		
24.0507625	82.6329157		
24.0506033	82.6329410		
21.8790186	88.4557217		slaughterhouse
25.2126911	80.6603710		
14.1956245	80.1098438		
14.1861085	80.1048240		
10.0951721	76.6395198		tile
25.0997093	83.6480892		
26.8663134	75.2357765		
24.2951764	93.8398317		
21.0990523	70.2827714		
21.0495879	70.2892207		
15.4335675	80.0462265	Rise group of institutions	
24.0802879	82.5990459		
16.9361457	82.2295520	Ice Factory	
26.3874067	87.9365779		
23.9506292	82.6175905		
23.9518755	82.6162503		
23.9530387	82.6152539		
23.9494014	82.6192056		
23.9523903	82.6155237		
11.2532843	75.7802683		
9.2068782	76.6770758	Industrial area	
18.7084551	73.5682730		
22.5585128	88.2755797	Shalimar Paints Ltd (Howrah Unit)	
23.9789245	82.6276448		
20.8806060	74.7671717		
25.6738901	76.6677475		
25.6716604	76.6626246		
25.6728169	76.6631126		
25.6698893	76.6672969		
12.9010503	77.3727090		
18.5042470	73.7980115	Kumbre Park Bus Depot	depot
18.5061685	73.7949998	Kothrud Depot (PMPML)	depot
24.0791771	82.6567459		
24.0533254	82.6559854		
24.0537897	82.6557304		
18.8269885	79.3987996		
28.6882371	76.9908618	Indian Oil Tikri Bottling Plant	
28.5367314	77.3091291	Indian Oil Madanpur Khadar Bottling Plant	
21.5775646	81.7742952		
18.5272791	73.8770368	Pune Station PMPML Depot	depot
21.2132862	81.8597639		
26.0204026	86.1252248		
32.2981366	76.6148290		
20.9925823	81.8753877		
20.9961307	81.8787566		
21.0434411	81.6021215		
21.0454288	81.6029316		
13.0179940	77.6320917	Nagadevi Industrial Complex	
31.7797093	77.4074444	Sainj Hydro Power Project	
9.3971290	76.3473480	A M Fisheries Complex	
27.4929759	72.0243555		
27.4835771	71.9240704		
27.4821626	71.9042415		
27.5057793	71.9126470		
27.5019242	71.9481956		
27.4896042	71.9839360		
27.4721064	72.0248090		
27.4875514	72.0018947		
17.9854273	76.3670695		
17.9854504	76.3671375	Lokmangal Mauli Sugar factory	
23.0098184	70.1153844		
23.0328109	70.1494914		
18.0658976	78.3827010		
26.7018036	77.8501849	Dholpur Combined Power Station	
22.1199538	78.1576448	Sarni	mine
13.2568431	77.5555649	Ajax Engineering Pvt Ltd	
13.2582330	77.5556069	Ajax Engineering Pvt Ltd	
19.1957109	83.0280214	Utkal Alumina Smelter Power Plant	
19.1882705	83.0275386	Utkal Alumina	
23.8476124	72.3719323		
23.8793920	72.3695075		
23.8768807	72.3653341		
13.3247592	77.1396768		
15.1850873	76.6646871	Vijayanagar Toranagallu Power Station	
18.9667240	78.3448430	Pochampad hydro power plant	
18.0282273	80.7394614	Bhadradri Thermal Power Plant	
27.4990045	78.8287148	Jawaharpur Super Thermal Power Station	
8.7559982	78.1574518	SEPC	
18.8866831	72.9902163		
18.9030538	73.0111429		
18.9059034	73.0139270		
18.9051091	73.0153258		
18.9042843	73.0091804		
18.8983363	73.0027744		
18.9409603	73.0263365		
18.9473560	73.0396306		
18.9223430	73.0455905		
18.9116889	73.0479993		
18.9285795	73.0432596		
18.9313577	73.0432409		
18.9355033	73.0428251		
18.9353003	73.0398694		
18.9250172	73.0408859		
18.9128534	73.0402046		
18.9100901	73.0436701		
16.9305896	81.8617728	Jegurupadu Combined Cycle Power Plant	
10.8297449	76.6836258	Small Hydro Electric Project Malampuzha	
11.0338116	79.5861223	Kuttulam Power Plant	
21.1100577	72.6558735	Hazira Power Plant	
31.7855112	77.3319587	Parbati-III	
16.1259584	75.2704722	Guttigoli	
16.2078483	75.2082018	Dalmia Cement (Bharat)	cement
16.2049492	75.2990753	Cement Factory	
28.0828522	80.4840482		
28.0903037	80.4688614	Sugar Mill	
11.4862194	77.2694790		
11.2109468	77.5773758		
11.2323284	77.5969506		
11.4521501	77.8288972	India Cements Limited	
11.4090134	77.7842036		
11.4046067	77.7837932		
11.4884359	77.8915348		
11.4889774	77.8870421		
8.8044306	78.1583167		
8.8059944	78.1596579		
8.7397105	78.0303902		
11.3844831	77.8996002		
10.3477780	77.9897802		
10.3521870	77.9874963		
10.3712144	77.9902630		
10.3497582	77.9898163		
8.7741913	77.7171081		
8.7755272	77.7145574		
10.0041463	78.1318045	Madurai Chettikulam Flyover Project Site	
12.4250240	75.9969854		
9.9988308	76.9724717		
12.8695205	74.9682361	Sujeer Mill	
12.8688753	74.9686083		
12.8755019	74.9468046		
23.9433749	72.3671311		
23.9399722	72.3612517		
23.9517732	72.3706233		
18.1180929	73.5249576		
18.1011026	73.4718207	Sudarshan Chemicals Limited	
18.1072903	73.4737314		
18.1088136	73.4721494		
18.1100577	73.4747788		
18.1048774	73.4789416		
18.1048354	73.4818027		
18.1047697	73.4806650		
18.1120879	73.4937809		
18.1107162	73.4928731		
18.1145215	73.4875502		
18.1114450	73.4862864		
18.1086692	73.4830957		
18.1069768	73.4840116		
18.1070531	73.4866533		
18.1054380	73.4875595		
18.1012419	73.4923782		
18.1009640	73.4919249		
18.1009555	73.4902168		
18.1005717	73.4873841		
18.1069474	73.5158810		
18.1089615	73.5176459		
18.1083215	73.5187831		
18.1108569	73.5142770		
18.1120489	73.5169696		
18.1113171	73.5194180		
11.9524680	75.5143109	cloth factory	
15.4999146	78.2104012		
16.2181618	77.8015065		
16.2214120	77.8019946		
24.0226052	81.0909904		
24.0226029	81.0910813		
15.3642634	78.2168144		
14.5516477	78.7979821		
11.3812037	76.7407030	Cliff house Needle Industry	
28.4690898	76.8252495		
16.1789515	75.3576172		
30.0700779	78.2599765	Indian Drugs and Pharmaceuticals Limited	
30.0665496	78.2552826		
23.6622955	86.5001621		
23.8030201	86.1822698		
23.7886386	86.1926472		
23.7080307	86.3799834		
23.7015716	86.3975573		
23.4320936	87.5094241	"HPCL LPG Plant , Panagarh"	
23.4379678	87.5120259	NU Vista Limited: Panagarh Plant	
23.4633142	87.4630039		
23.0699008	86.9024000		
22.2737550	88.0988646	Falta Special Economic Zone	
18.5668505	73.8123504	PMPML Aundh Gaon Bus Parking	depot
24.9799258	88.1379247		
24.3884318	88.0848759		
21.9360643	83.3194757		
21.9702556	83.2710886		
21.9099675	83.3370387		
22.1074947	83.5218430		
20.2749477	73.0039455		scrap_yard
21.6318441	82.1106523		
20.2453073	74.4312680		
19.9159455	75.2092856		
19.7860224	74.0670588		
13.0434122	77.5240856		
13.0412439	77.5227902		
13.0255593	77.5143210		
13.0174698	77.5104525		
13.0197700	77.5059063		
13.0232364	77.5142758		
13.0272624	77.5103407		
13.0267472	77.5110226		
13.0271981	77.5111701		
13.0310727	77.5094392		
13.0311723	77.5124073		
13.0198713	77.5142741	Banavathy Power Systems	
14.0427728	80.1441827		
14.0526578	80.1416266		
14.0582363	80.1399260		
14.0550931	80.1383757	CPF India Private Limited	
14.0363014	80.1445395		
16.3086517	77.3558467		
16.3609603	77.3371733	Raichur Thermal Power Station	
17.5676754	80.3347108		
17.5231628	80.2241206		
16.6583948	80.9694421		
16.7032966	80.9423303		
16.6960310	80.8930850		
8.2810372	73.0542425	Canning Factory	
10.6773468	78.5953143		
10.6401312	78.5755065		
10.6417751	78.5753184		
10.6241089	78.5611336		
10.6265609	78.5602578		
10.6283650	78.5651878		
10.6285473	78.5717483		
13.2056670	78.7319085		
13.1910904	78.5974467		
13.1962401	78.5946625		
13.1943129	78.5916263		
15.0231577	77.8417664	Virannapalle	
14.9138248	77.9731196		
14.9180520	77.9735515		
15.0765419	77.9821050		
15.0630248	77.9513132		
15.2216217	77.9312503		
10.5819316	78.3556362		
10.5965683	78.4301573		
10.6874364	78.4416586		
10.7081179	78.5371546		
10.6653499	78.5808693		
22.4814098	88.0584213		
22.4752373	88.0452235		
22.4794098	88.0342894		
22.4807518	88.0454555		
22.5906114	88.2227731		
22.5943922	88.2196278		
22.5696169	88.1939349		
22.5614659	88.1773284		
22.5642615	88.1773630		
22.5652593	88.1777206		
22.5655825	88.1760174		
22.5664658	88.1734896		
22.5677070	88.1743997		
22.5700117	88.1764673		
22.5556890	88.0805750		
22.5641032	88.0778057		
22.5651726	88.0751858		
22.5744658	88.1068097		
22.5484707	88.1566579		
22.5482068	88.1508288		
22.5622728	88.1892179		
22.5633081	88.1896350		
22.5682225	88.1833251		
26.6922808	88.4467992	Food Corporation of India	warehouse
8.8907585	76.7565781	Gowri cashew Factory	
17.7323215	83.2192898		
17.7271467	83.2092972		
17.6913183	83.1789534		
25.1485270	80.6536715		
8.5074320	77.6472151		
8.8829296	76.7625579	Rubber Board	
9.4412777	78.0518639	GRT 6	
9.4546352	78.1516126	Kallurani Phoebus	
9.4696033	78.1530972		
9.4461077	78.1500032	Kallurani Aadhavan	
9.4380881	78.1720859	Muthuramalingapuram	
8.7267786	76.7634680		scrap_yard
25.1174000	80.4176241		
13.1295075	79.9361157		
13.0882435	79.9010834	Caterpillar BCP	
13.0392824	79.8480883		
13.0144258	79.8441670		
13.1525686	79.8159662		
13.0278474	79.8021904		
13.0316049	79.9617549		
13.0496273	79.9629485		
13.0148988	79.9609798		
13.0183960	79.9227073		
26.3635662	87.3630962		
21.3530357	81.3104072		
21.9675885	88.3400812		
21.6447781	88.2819532		
26.2443084	90.5827743		
26.2487270	90.5826160		
26.2495233	90.5554399		
26.2201639	90.5691003		
26.2318431	90.5719623		
26.2321004	90.5752882		
26.2274160	90.5705434		
26.2327472	91.6999626		
26.2095948	91.7040932		
26.2241146	91.6959179		
26.3124825	91.7249125		
26.3547186	91.6735053		
26.3884338	91.6459966		
26.3846951	91.6379446		
26.5784240	92.2404156		
22.1920356	88.6901325		
21.2812608	70.4155346		
27.3611065	72.1879206		
27.3719755	72.1835473		
27.3665940	72.1729714		
21.2396349	81.5590158		
20.9840254	85.2756804		
21.1922570	81.8802277		
24.3045892	81.2746507		
27.9454644	80.7539642		factory
11.9454339	75.5416049		
11.9373775	75.5363425		
32.0929824	75.4612416		
32.5425894	75.1069808		
11.7375173	78.9491263	Poompuhar THDC Ltd	
8.8777384	76.7274838	"Green Land Paper Mills, Kummalloor"	
9.1996487	76.4858760	Alleppey Co-operative Spinning Mills Limited	
22.8539445	78.6507650		
22.9116132	78.7590927		
23.0126600	77.6347375		
23.0081347	77.6247945		
23.0497510	77.5475845		
23.0874006	77.5493695		
23.0864568	77.5536704		
23.0879797	77.5467047		
23.0890981	77.5482523		
23.0850183	77.5456895		
23.0862000	77.5437675		
23.1084844	77.5225540		
23.1115214	77.5147687		
23.1151903	77.5179595		
23.1128881	77.5190228		
23.1075798	77.5134928		
23.0986305	77.5298088	Mandideep Graphite Power Station	
23.0981556	77.5242571		
23.0903232	77.5188895	SMV Beverages PepsiCo India	
23.0777584	77.5288595		
23.0756196	77.5299033		
23.0831822	77.5243792		
23.0811508	77.5243115		
23.0848598	77.5315904		
23.0851879	77.5281457		
23.0882321	77.5291000		
23.0804813	77.5328434		
20.9121752	76.4687281		
17.5242605	78.8392018		
20.9649379	76.4755069		
10.3905381	76.2894553	NS bricks	
21.2915671	70.2224541		
21.2935030	70.2273390		
10.0838624	77.6128245	Sujaatha Exim Impex	
10.0758510	77.6098346	Tata Coffee LTD	
10.0615206	77.6130438	Rajshree Sugars LTD	
23.2671820	69.7807883		
23.2309984	69.7947429	Ajarakhpur	
22.9277353	69.8231363		
22.9073587	69.8739266		
22.9367070	69.7915828		
21.3316957	70.2457803		
21.3347579	70.2457181		
21.3367795	70.2485903		
21.3408948	70.2478461		
21.3459514	70.2486347		
21.3489166	70.2495899		
12.7824336	77.4942125		
25.8482677	92.8843343		
30.4533532	75.3459229		factory
25.2153333	80.8952565		
25.2162065	80.8931964		
19.1815389	72.9516479		
30.7667913	74.5406070	Jhoke Sarkari Industrial Park	factory
8.9093307	76.6381562		
13.8389446	77.4606943		
13.7762155	77.4903757		
8.8736751	76.7706948	Cashew Factory	food_processing
8.8734399	76.7704221		
8.8734848	76.7708182		
8.8735786	76.7705173		
8.8738162	76.7707371		
8.8739783	76.7706624		
8.8736880	76.7710346		
8.8736687	76.7706666		
27.4695622	72.0084165		
20.7537976	82.9155645		
13.6518203	79.9772420		
13.6601761	80.0004620		
13.6600068	79.9992200		
13.6623978	80.0044772		
13.6552423	79.9887595		
13.5524556	80.0189120		
13.5587542	80.0152810		
13.5513296	79.9893682	KCL Limited	
13.5064617	79.9883812		
13.5025653	79.9891323		
13.3581835	79.9912020		
13.4789832	79.9685517		
13.4779686	79.9698257		
13.4761388	79.9699679		
13.4273184	79.9907068		
13.4129378	80.0120196		
13.3881440	80.0218090		
13.4454991	80.0971663		
13.4478834	80.1160839		
13.3934322	80.0770739		
13.3901593	80.0413630		
13.3863422	80.0561822		
13.3767763	80.0875532		
13.3871773	80.1082841		
13.3732600	80.1147066		
13.4366671	80.0964448	Chennai OPG Power Plant	
13.4249443	80.0871241		
13.4222633	80.0621715		
13.4230790	80.0651781	ARS Metals Gummidipoondi captive power station	
13.3627005	79.9967766		
13.5509823	80.0154791		
13.5548113	80.0189318	Isuzu	
13.1795202	80.2583403		
13.1930965	80.2663203		
13.1915891	80.2666359		
13.1896254	80.2628878		
13.2428739	80.3092512		
13.2385919	80.3104393		oil_storage
13.2545081	80.3046042		
13.2975303	80.3405901		
13.3087334	80.3427760		
13.3177148	80.3317630		
13.3173138	80.3384991		
13.4716393	80.1100489		
13.4337910	80.0719857		
13.4104423	80.1101321		
13.4054250	80.1137719		
13.4110866	80.1016174		
13.4226380	80.1132046		
13.4227632	80.1042473		
13.4249258	80.1045894		
13.4223823	80.1081151		
13.4205474	80.1161422		
13.4191321	80.1165285		
13.4164272	80.1160582		
13.4179896	80.1005057		
13.4187481	80.0929442		
13.4141823	80.0945430		
13.4148580	80.1018445		
13.4124721	80.1009939		
13.4121534	80.0990787		
13.4132039	80.0990974		
13.4076166	80.1040864		
13.4091246	80.1078402		
13.4090594	80.1087373		
13.4095956	80.1123740		
13.4030277	80.1076430		
13.1507873	80.2677776		
13.1464725	80.2631414		
13.1729723	80.2836114		
13.1609246	80.2939440		
13.1420498	80.2801120		
13.1782830	80.2828479	CPCL Refinery	refinery
13.1785528	80.2784096		
13.1771665	80.2774644		
13.1737779	80.2796213	CPCL Refinery	refinery
10.0041843	77.5725331		
10.0170635	77.5610438		
10.2621621	76.2932139		
10.2636236	76.2931717		
10.2820242	76.2886246		
10.2814040	76.2898316		
10.4553952	76.3012210		
9.9443003	77.4470392		
10.5586285	77.2502630		
10.6098360	77.2824830		
10.8674881	77.4021095		
10.8685970	77.4749369		
10.8586321	77.4666381		
10.8994961	77.5245671		
10.9428535	77.5394172		
10.9389797	77.5383416		
10.9856359	77.5623285		
11.0189020	77.5743338		
11.0184288	77.5925034		
11.0072564	77.6073468		
10.9998619	77.5874448		
10.9514515	77.7542540		
10.9765557	77.7339658		
10.9680952	77.7281159		
10.9633620	77.7031780		
10.9612238	77.6592476		
10.9621731	77.6694708		
10.9632488	77.6692884		
10.9531975	77.6814777		
10.9581928	77.6515067		
10.9663145	77.6374962		
10.9749981	77.6180756		
10.9698726	77.6184337		
10.9770138	77.6060888		
11.0012482	77.5847827		
10.9976239	77.5838694	RKG Ghee	
10.0780830	76.5597604		
10.0825353	76.5715085		
10.7506151	79.5966600		
12.9014870	79.8048431		
12.9067523	79.7938956		
12.8941648	79.8027724		
12.8714914	79.8015788		
12.8475191	79.8369330		
11.3314806	75.8059142		
10.0288318	76.5644502		
10.0251855	76.5751241	K Board particle Board	
26.3539664	78.1269550		
26.3008765	78.1073280		
26.3681494	78.0887269		
26.3645482	78.0858944		
26.3640327	78.0881300		
26.3714272	78.0860064		
26.3795695	78.0774993		
26.3810932	78.0801679		
26.3843962	78.0792466		
26.3948942	78.0738807		
26.3802217	78.0816310		
30.5059415	76.8169883		
30.4982597	76.8075241		
30.5011092	76.8075872		
30.5108394	76.7922387		
30.5107086	76.7965381		
30.5105922	76.7991586		
30.5034956	76.7926417		
30.5033870	76.7959065		
30.5385987	76.8196785		
30.5868151	76.8633940		
30.5809272	76.8743902		
30.5859406	76.8840864		
30.5846255	76.8887522		
30.5802792	76.8928374		
30.5792319	76.8942924		
30.5787754	76.8988641		
30.5724671	76.8995299		
30.5735392	76.9067068		
30.5719030	76.9046442		
30.5711062	76.9070327		
30.5671063	76.9032414		
30.5734368	76.8928662		
30.5762724	76.8932320		
30.5855666	76.8785329		
30.6053752	76.8606779		
30.6067462	76.8579559		
30.6086421	76.8514436		
30.6079275	76.8537017		
30.6039643	76.8561217		
30.6002855	76.8465248		
30.6032152	76.8428555		
30.6327604	76.8761152		
30.6262513	76.8725381		
30.6106211	76.8979820		
30.6089681	76.9013035		
30.6068847	76.9173605		
30.6052733	76.9509894		
30.5990550	76.9523305		
30.5413823	76.9834596		
30.4571271	77.0539695		
30.2845705	77.3029574		
30.1520389	76.8935144		
30.1755189	76.8661943		
30.2337649	76.9217175		
30.2925642	76.9748278		
30.2929952	76.9626268		
30.2922853	76.9653239		
30.2874343	76.9634986		
30.4764865	77.2104603		
30.5188333	77.2438512		
30.5161252	77.2362243		
30.5174561	77.2294530		
30.5189534	77.2289514		
30.5126707	77.2251735		
30.5097371	77.2141644		
30.5101265	77.2181368		
30.5104177	77.2166576		
30.5046312	77.2144782		
30.5043735	77.2161613		
30.5037819	77.2149624		
30.5038581	77.2129025		
30.5040927	77.2098769		
30.5099139	77.2059971		
30.5112010	77.2079122		
30.5182452	77.2066100		
30.5180601	77.2053034		
30.5261507	77.2017699		
30.5259543	77.1944703		
30.5249401	77.1961668		
30.5241152	77.1963384		
30.5293622	77.1981489		
30.5276340	77.1923541		
30.5281863	77.1883388		
30.5215632	77.1979987		
30.5200902	77.2072537		
30.5200071	77.2111027		
30.5176734	77.1999836		
30.5207025	77.2031915		
30.5243994	77.2022889		
21.1377516	79.6829728		
21.1170168	79.7112728		
21.0857464	79.7658196		
21.1471254	79.6759918		
21.1488465	79.4438553	Visaka Industries	
21.2050544	79.2460344		
21.1565963	79.3787672		
21.1562384	79.3825279		
21.1626293	79.3812995		
21.1596978	79.6374724		
12.6597807	79.9991812		
12.6831901	80.0041030		
12.7879657	80.0243524		
12.7777945	80.0247896		
12.7773111	80.0233716		
12.7809495	80.0240743		
12.7690281	80.0119246		
12.7662711	80.0063385	Rane TRW Steering Systems Pvt Ltd	
12.7382408	79.9985254		
12.7394782	80.0018791		
12.7905479	80.0192652		
12.7881116	80.0168596		
12.7868011	80.0190774		
12.7871392	80.0183978		
12.7879041	80.0198793		
12.7884982	80.0202404		
12.7902613	80.0213319		
12.7891938	80.0182932		
12.7901231	80.0234450		
12.7904283	80.0229552		
12.7919587	80.0242761		
12.7905265	80.0263804		
12.7888721	80.0229459		
12.7886426	80.0233482		
12.7885883	80.0215488		
12.7874335	80.0275871		
12.7885366	80.0316531		
12.7882103	80.0323096		
12.7840258	80.0301841		
12.7833766	80.0275257	The Hindu - Newspaper Printing	
12.7860029	80.0319953		
12.7858149	80.0325010		
12.7851417	80.0340059		
12.7859199	80.0355230		
12.7805090	80.0285018		
12.7796519	80.0232985		
12.7788421	80.0253971		
12.7841872	80.0276649	Maraimalai Nagar Industrial Area	
12.7707971	80.0212598		
12.7690616	80.0226982		
12.7671258	80.0228095		
12.7672251	80.0256461		
12.7679965	80.0278240		
12.7368332	79.9965044		
12.7386436	79.9963233		
12.7342878	79.9982308		
12.7331852	79.9988272		
12.7328356	80.0169589		
12.7331705	80.0190695		
12.7263891	80.0199167		
12.7247467	80.0202339		
12.7267253	80.0215376		
12.7271132	80.0231065		
12.7281427	80.0244073		
12.7291081	80.0254681		
12.7211888	80.0198528		
12.7229081	80.0203585		
12.7168328	80.0194574		
12.7157784	80.0184703		
12.7151243	80.0214261		
12.7001487	80.0091872		
12.6974457	80.0100709		
20.9441123	82.8371085		
20.9321906	82.8135976		
11.6236395	75.5796392	Rani Food Products	
12.9861346	77.8157925		
12.9889734	77.8424317	Petronet MHB	
13.0355294	77.8967155		
13.0831583	77.9645277		
13.0842319	77.9636878		
13.1021482	77.9839904		
13.1028207	77.9842700		
12.9431177	77.6647128		
12.9401116	77.6574716	K&C Valley Sewage Treatment Plant	
18.9611041	72.8449693		
18.9194239	72.9718067		
18.9226720	72.9646444		
18.9183175	72.9746196		
18.8805531	72.9761539		
12.7742249	77.6298693		
12.7743011	77.6317454	Lapp Kabel India Pvt Ltd	
12.7742028	77.6356062	Intermed Labs Pvt.Ltd	
12.7706572	77.6396191		
12.7664412	77.6414461		
12.7666189	77.6408893		
12.7682424	77.6458339		
12.7687874	77.6458428		
12.7720161	77.6415007		
12.7857840	77.6483920		
12.7836872	77.6506591		
12.7828429	77.6493703	Aragen Biologics	
12.7821134	77.6481159		
12.7810603	77.6487111		
12.7803801	77.6503733		
12.7815565	77.6503627		
12.7829080	77.6536431		
12.7832652	77.6519112		
12.7931369	77.6594715		
12.7939451	77.6583865		
12.7955354	77.6606879		
12.8028597	77.6641828		
12.8015350	77.6633767		
12.8045351	77.6636133		
12.8150026	77.6675986		
12.8140506	77.6741995		
12.8095037	77.6820043		
12.8106421	77.6831123		
12.8104186	77.6834312		
12.8097573	77.6843127		
12.8101873	77.6842941		
12.8089091	77.6853188		
12.8122467	77.6851078		
12.8125508	77.6842205		
12.8180239	77.6870572		
12.8163865	77.6881556		
12.8178440	77.6844121		
12.8123754	77.6655426		
12.8105472	77.6615700		
12.8114331	77.6600737	Apotex Pharmachem india pvt. ltd.	
12.8088172	77.6633021		
12.8096272	77.6636693		
12.8097370	77.6626968		
12.8099208	77.6616481		
12.8102333	77.6990435		
12.8131091	77.6908198		
12.8124801	77.6924479		
12.8108903	77.6928872		
12.8103751	77.6905144		
12.7957577	77.4219632		
12.7977796	77.4250907		
12.7890225	77.4162018		
12.7727820	77.4120458		
12.7734470	77.4113219		
12.7790723	77.4120363		
12.7766370	77.4103224		
12.7783918	77.4227537		
12.7836872	77.4277752		
12.7897254	77.4290103		
12.7879304	77.4277474		
12.7886164	77.4271033		
12.7814270	77.4267269		
12.8184688	77.4108954	Toyota	
12.8133675	77.4246723		
12.8138552	77.4260027		
12.8072138	77.4243048		
12.8107270	77.4211561		
12.8111795	77.4219464		
12.8085582	77.4232111		
12.7695180	77.6356320		
12.7651527	77.6428566		
12.7669868	77.6445407		
12.7735841	77.6461657		
12.8370571	77.6637940		
28.7648524	77.9919567		
28.7215261	77.8289626		
28.7126390	77.7753388		
28.7207593	77.7328179		
28.6964527	77.6816527		
28.7002712	77.6751342		
28.7015258	77.6123276		
28.6981896	77.5837594		
28.6634485	77.5747664		
28.6497391	77.5681690		
28.6503860	77.5707427		
28.6534071	77.5845604		
28.6541055	77.5804402		
29.4322077	77.7647750		
29.4296065	77.7751270		
29.4177455	77.7593985		
29.4271618	77.7614906		
29.4230676	77.7609810		
29.4674507	77.7910486		
29.4673786	77.7924016		
29.4660151	77.7865814		
29.4724508	77.7851630		
29.4716429	77.7934427		
29.4707807	77.7910312		
29.4701513	77.8052014		
29.4694409	77.8080135		
29.4691091	77.7894304		
29.5718486	77.6881241		
29.5133473	77.7076546		
29.4680596	77.6660148		
29.4666089	77.6650089		
29.3719751	77.7025008		
29.3736100	77.7027931		
29.3746467	77.7026510		
29.3839489	77.6997543		
29.3952190	77.7049489		
29.4012810	77.7035227		
29.4003556	77.7023157		
29.4033016	77.7026322		
29.4082892	77.6976541		
29.4125715	77.7005025		
29.4128367	77.7016814		
29.4129582	77.6989979		
29.4165516	77.7002330		
29.4198353	77.7018196		
29.4199814	77.6987565		
29.9657192	77.7837529		
29.9579672	77.7917741		
29.9532288	77.7920946		
29.9526292	77.7913759		
29.9766841	77.7775443		
29.9745540	77.7760610		
29.9690926	77.7729700		
29.9702270	77.7713907		
29.9710937	77.7746657		
29.9702631	77.7784891		
29.9661259	77.7753067		
29.9674875	77.7704418		
29.9544419	77.7928912		
29.9558594	77.7907683		
29.9565325	77.7899274		
29.9572843	77.7889234		
29.9592465	77.7893427		
29.9594713	77.7882376		
29.9601562	77.7935055		
29.9543792	77.7987089		
29.9511489	77.7983804		
29.9529708	77.7964573		
29.9497396	77.7941838		
29.7446914	77.8543460		
29.7402993	77.8467420		
29.4708723	77.9118123		
29.4443719	77.7894996		
28.7223199	78.0898989		
28.7489986	78.0978369		
11.8687955	75.3706358		
29.9678233	77.7763374		
29.9597821	77.7701139		
29.9490141	77.7826304		
29.9503268	77.7883154		
29.9522458	77.7898281		
29.9521876	77.7891556		
29.9528064	77.7888539		
29.9395688	77.8053180		
29.9432992	77.7991401		
29.9472775	77.7913450		
29.9472351	77.7898592		
29.9476104	77.7906664		
29.9529720	77.7944095		
29.9502668	77.7962208		
29.9493291	77.7965498		
29.9557967	77.8001373		
29.9518065	77.7977447		
29.9515590	77.7980022		
29.6756771	77.6661803		
29.7984609	77.8041203		
29.8001403	77.8046340		
29.7965484	77.8019444		
29.7946648	77.8002109		
10.7916425	76.8158644		
24.2127877	72.2996713		
24.2460744	72.1980071		
25.2358744	73.2286137		
24.6920699	73.0027449		
24.4512831	72.7564189		
24.4364641	72.7353877		
24.4249936	72.7033594		
11.6880669	76.0481054	Paper Factory (closed)	
8.9473936	76.6405994	Cashew Factory	
8.9473493	76.6408119	Cashew Factory	
13.2311727	77.7284405		
9.7165613	76.3541727	Coir Co Operative Society	
28.3930473	77.0014277		
28.4798528	76.8067154		
28.4635770	76.7961824		
28.4693177	76.8019618		
28.4319753	76.9224943		
13.0964623	77.6791227		
13.0510820	77.7563320		
13.0290442	77.7623463		
13.0436213	77.7494638		
13.0542848	77.7444787		
13.0538210	77.7466072		
21.1866296	70.2643609		
21.1873409	70.2654689		
21.2563569	70.2574324		
21.2719243	70.2565438		
21.2999256	70.2621840		
21.2959445	70.2740582		
21.4867029	70.3773541		
21.4894634	70.3788007		
13.0943593	77.3634427		
13.0895052	77.3752579		
13.0731374	77.3587435		
13.0760793	77.3646203		
13.0739159	77.3635823		
13.0744908	77.3664495		
13.0707284	77.3612326		
13.0668642	77.3628366		
13.1181734	77.3781735		
13.1174645	77.3770196		
13.1165121	77.3779665		
13.1165414	77.3695890		
13.1117865	77.3765669		
13.0928128	77.4461970		
13.0949053	77.4441665		
13.0944873	77.4464062		
11.2479289	75.9480445	Ramla flour oil mill	
9.4715356	76.5768039		slaughterhouse
11.0234668	76.0401633	Hyka Poly Urithin Factory	
26.3374063	87.3575352		
26.6050160	79.4172867		
17.4901338	78.3548774	"Mini Industrial Estate, Hafeezpet"	
9.7636890	76.4150059	Oil Mill	
20.8812488	82.5019612		
22.4091577	83.5911586		
22.4009553	83.5623047		
22.4141962	83.5503522		
29.7883665	76.4544710	"Sugar Mill, Kaithal"	sugar_refinery
16.8677935	74.6320981		
16.8681905	74.6329143		
16.8690710	74.6321660		
19.7045389	75.0621933		
19.6934102	75.0688183		
19.7643984	75.1600563		
19.7662845	75.1672983		
19.7803335	75.1696171		
19.7826832	75.1989886		
19.7786424	75.1960355		
19.7814390	75.2082474		
19.7846594	75.2081886		
19.7848109	75.2096183		
19.8054356	75.2285497		
19.8629543	75.2228339		
19.8612634	75.2198208		
19.8597470	75.2214781		
19.8629993	75.2220961		
19.8633849	75.2240229		
19.8621475	75.2268571		
19.8596285	75.2247515		
19.8609052	75.2235585		
19.8575309	75.2276272		
19.8561882	75.2268686		
19.8515897	75.2207857		
19.8501579	75.2226500		
19.8494927	75.2225467		
19.8473926	75.2222201		
19.8529463	75.2272953		
19.8572532	75.2216673		
19.8536003	75.2214749		
19.8542639	75.2077197		
19.8546101	75.2090096		
19.8555206	75.2096642		
19.8520788	75.2098343		
19.8508897	75.2115956		
19.8501839	75.2087770		
19.8516853	75.2060943		
19.8473667	75.2075402		
19.8470482	75.2067219		
19.8467160	75.2036732		
19.8454042	75.2027763		
19.8453213	75.2031960		
19.8459592	75.2057257		
19.8500364	75.2104293		
19.8321688	75.2050977		
19.8272405	75.1953301		
19.8259247	75.1960619		
19.8265529	75.1932580		
19.8284642	75.1948364		
19.8401067	75.1992555		
19.8427689	75.2003624		
19.8417039	75.1994696		
19.8359611	75.1987884		
19.8381385	75.1991437		
19.8364603	75.2010994		
19.8355752	75.2009432		
19.8351974	75.2026771		
19.8359377	75.2036315		
19.8372901	75.2076481		
19.8336804	75.2068330		
19.8340096	75.2012211		
19.8308357	75.2005533		
19.8305315	75.2022128		
19.8474021	75.2002806		
19.8578597	75.2084773		
19.8605778	75.2088883		
19.8628926	75.2180454		
19.8619360	75.2145788		
19.8618490	75.2161287		
19.8620490	75.2128121		
19.4768895	75.3695261		
19.5404257	75.3821674		
19.5509327	75.3812195		
19.5498833	75.3864814		
19.7003711	75.1789995		
21.1273941	79.0028867		
21.1327370	79.0046548		
21.1319947	79.0017843		
21.1406198	79.0011868		
21.1417434	79.0011342		
21.1461460	79.0081264		
21.1210831	78.9803764		
21.1182769	78.9760981		
21.1212193	78.9838415		
21.1211550	78.9864473		
21.1216356	78.9850173		
21.1179741	78.9979315		
21.1174457	78.9959034		
21.1139082	78.9907443		
21.1087674	78.9912003		
21.1148129	79.0068015		
21.0839095	78.9727213		
21.0676438	79.0400259		
21.0710159	79.0369323		
21.0426250	79.0325332		
21.0276568	79.0329731		
19.8648003	75.2175012		
19.8609283	75.2175941		
22.4549470	83.5983067		
10.1507688	76.3546277	Kerala Ayurveda Ltd	
28.3155404	76.8750943		
28.3102058	76.8741897		
28.3061689	76.8705988		
28.3121503	76.8761882		
28.3132299	76.8762946		
28.3140119	76.8759108		
28.3092123	76.8789540		
28.2909202	76.8504731		
28.2900303	76.8528573		
28.2788818	76.8863047		
28.2842490	76.8799024		
28.2727402	76.8932378		
28.2727627	76.8887764		
28.2746295	76.8893514		
28.2749192	76.8686614		
28.2721456	76.8729863		
28.2371849	76.8037575		
28.2369793	76.8044375		
28.2387102	76.8034319		
28.2380674	76.8071479		
28.2282324	76.8002772		
28.2299313	76.8002788		
28.2296700	76.8009253		
28.2104308	76.7919553		
28.2104591	76.7904451		
28.2171278	76.7823767		
28.2079926	76.8487236		
28.1980542	76.8624491		
28.1981748	76.8615713		
28.1983308	76.8604494		
28.2006687	76.8528858		
28.2008860	76.8511525		
28.2007901	76.8519505		
28.2031653	76.8521535		
28.2039829	76.8524592		
28.2040356	76.8512869		
28.2034965	76.8498114		
28.2042827	76.8501440		
28.2061771	76.8496914		
28.1410890	76.8190303	Siegwerk India Private Limited	
28.1657226	76.8222519	Nahar Industrial Enterprises Limited	
28.1977203	76.8600657		
28.1969196	76.8601814		
28.2009634	76.8665967		
28.2008009	76.8671692		
28.2013621	76.8694749		
28.2015549	76.8687236		
28.2060663	76.8706237		
28.2105190	76.8708087		
28.2105112	76.8678001		
28.2160241	76.8727562		
28.2165911	76.8715770		
28.2175190	76.8709013		
28.2175186	76.8693941		
28.2168596	76.8426020		
28.2168242	76.8411711		
28.2198564	76.8429331		
28.2059501	76.8530380		
28.2061786	76.8511113		
28.2103849	76.8510950		
28.2108143	76.8512205		
28.2111511	76.8501222		
28.2142775	76.8530171		
28.2176631	76.8559864		
28.2160607	76.8569639		
28.2204875	76.8578093		
28.2200467	76.8497884		
28.2202638	76.8513940		
28.2188274	76.8531191		
28.2174853	76.8514252		
28.2187510	76.8513582		
28.2177602	76.8478734		
28.2149657	76.8480385		
28.2152086	76.8424439		
28.2153497	76.8434474		
28.2142499	76.8420153		
28.2134148	76.8435489		
28.2176610	76.8387241		
28.2112115	76.8583928		
28.2092291	76.8587366		
28.2181190	76.8721321		
28.2142124	76.8710134		
28.2125870	76.8645103		
28.2081868	76.8578787		
28.2045635	76.8594627		
28.2029433	76.8559501		
28.2023852	76.8571257		
28.2013547	76.8553401		
28.2014891	76.8541546		
28.2002654	76.8560136		
28.2004261	76.8546097		
28.2001386	76.8569015		
28.1985725	76.8587490		
28.1981860	76.8565260		
28.1999118	76.8618295		
28.1999182	76.8594680		
28.1920183	76.8573201		
28.1931953	76.8563511		
28.1903181	76.8569827		
28.1904151	76.8585465		
28.1914304	76.8611124		
28.1976700	76.8645906		
28.1963540	76.8647965		
28.1947366	76.8663352		
28.1964833	76.8671494		
28.1905695	76.8755724		
28.1905409	76.8769880		
28.1854327	76.8721798		
28.1872944	76.8728634		
28.1875671	76.8742188		
28.1870213	76.8758979		
28.1860243	76.8735749		
28.1804797	76.8725247		
28.1809489	76.8755496		
28.1834699	76.8787219		
28.1842740	76.8791704		
28.1850751	76.8796225		
28.1859914	76.8802239		
28.1852787	76.8817518		
28.1797988	76.8790733		
28.1791264	76.8763871		
28.1787488	76.8772938		
28.1768850	76.8770768		
28.1826745	76.8782723		
28.1819592	76.8778751		
28.1823480	76.8801269		
28.1830008	76.8834621		
28.1879688	76.8767302		
28.1884376	76.8778196		
28.1832447	76.8650624		
28.1777205	76.8604452		
28.1778340	76.8616310		
28.1784298	76.8629452		
28.1805023	76.8623559		
28.1801778	76.8603341		
28.1524588	76.8780944		
28.1531491	76.8783600		
28.1515932	76.8870228		
28.1622723	76.8737115		
28.1620656	76.8742960		
28.1607074	76.8778721		
28.1605076	76.8785113		
28.1599310	76.8777660		
28.1589887	76.8775304		
28.1575029	76.8769711		
28.1560778	76.8759800		
28.1545690	76.8777980		
28.1559561	76.8783278		
28.1554432	76.8807980		
28.1536365	76.8800886		
28.1484972	76.8771412		
28.1488632	76.8759152		
28.1488642	76.8729248		
28.1472822	76.8721962		
28.1507093	76.8827654		
28.1475811	76.8846690		
28.1483927	76.8819710		
28.1453692	76.8868451		
28.1471973	76.8872147		
28.1459696	76.8911269		
28.1446911	76.8930586		
28.1422627	76.8859336		
28.1418117	76.8843828		
28.1414703	76.8806144		
28.1405808	76.8801888		
28.1402558	76.8827581		
28.1426364	76.8944632		
28.1376991	76.8932516		
28.1358877	76.8938209		
28.1371320	76.8946813		
28.1372943	76.8974679		
28.1359736	76.8907343		
28.1305142	76.8782442		
28.1288395	76.8794381		
28.1296817	76.8788420		
28.1321788	76.8802682		
28.1330843	76.8796477		
28.2255817	76.7947152		
28.2318660	76.7994640		
28.2369209	76.8027491		
25.2818481	83.1438830		
25.2825799	83.1463199		
28.2167745	76.8722505		
28.1059413	76.6254920		
28.2139540	76.7840189		
28.2170724	76.8452520		
28.2933583	76.7221823		
28.2937628	76.7210592		
28.3202504	76.7981037		
28.2712815	76.8347186		
28.2721556	76.8322439		
28.1940256	76.8727827		
28.1849447	76.8713588		
28.1951108	76.8796850		
28.1954766	76.8790115		
28.1932737	76.8870322		
28.1943111	76.8873672		
28.1950503	76.8879555		
28.1950710	76.8865426		
28.1951616	76.8851742		
28.1956387	76.8838284		
28.1961517	76.8825114		
28.1943499	76.8831230		
28.2099283	76.8528669		
28.2100858	76.8520749		
28.2098763	76.8500706		
28.2099558	76.8489562		
28.2096851	76.8482033		
28.2059404	76.8554096		
28.2059859	76.8549020		
28.2077020	76.8595227		
28.2087316	76.8681170		
28.2080654	76.8688254		
28.2072068	76.8685405		
28.2067685	76.8684014		
28.2113864	76.8663988		
28.2117878	76.8687123		
28.2122525	76.8688816		
28.2104710	76.8614759		
28.2060044	76.8629794		
28.2055150	76.8613641		
28.2055257	76.8688724		
28.2054039	76.8679631		
28.2036675	76.8673862		
28.2033690	76.8672922		
28.2015491	76.8673543		
28.2019266	76.8665525		
28.2014110	76.8645211		
28.1206065	76.6148815		
28.1175238	76.6166116		
28.1193301	76.6103179		
28.1184072	76.6088093		
28.1157835	76.6020374		
28.1066106	76.6073616		
28.1072127	76.6081637		
28.1060738	76.6048604		
28.1034210	76.6108035		
28.1042964	76.6122923		
28.1048568	76.6092120		
28.1030323	76.6139394		
28.1024042	76.6129937		
28.1017631	76.6119858		
28.1048874	76.6131606		
28.1036511	76.6148735		
28.1042841	76.6158123		
28.1050634	76.6169997		
28.1055379	76.6177269		
28.0940052	76.6093726		
28.0948398	76.6084022		
28.0945031	76.6079012		
28.0918584	76.6051911		
28.1079523	76.7930951		
28.1118039	76.7930403		
28.1132796	76.7938795		
28.1127490	76.7929315		
28.1172113	76.8052305		
28.1142591	76.8021918		
28.1032398	76.8080305		
28.1032046	76.8091844		
28.0977054	76.8108582		
28.0994326	76.8116988		
28.1003968	76.8035934		
28.1006089	76.8022729		
28.1009491	76.7990952		
28.1384415	76.7809191		
28.1817296	76.8760053		
24.6124486	74.6293678		
24.5405153	74.7747449		
24.4577365	74.8609043		
27.3220637	71.2118754		
9.9342663	78.0880905	JK Fenner	factory
9.9317416	78.0861919	TVS Tyre industries	factory
9.8441530	76.4069592	Bharati Laundry Machines	
25.3420276	82.4812295	Prabhat International	textile
28.7494962	76.1536914		
21.0346151	82.0369621		
11.0122370	77.0934438	Agasthiya Granites	mineral_processing
11.0129738	77.0932838	எக்கர் பம்ப்ஸ்	factory
11.0097741	77.0923858	Kay Arr Industries	
23.3168976	82.5053046		
22.5502762	88.5337750		
23.2510142	82.8566122		
27.4965829	95.4547012		
27.5869586	95.6229534		
27.4598321	95.0302443		
27.4576539	95.0178235		
27.4576068	94.9729603		
22.5994265	83.9272132		
9.6921485	76.9606976		
9.6919438	76.9609789	AVT Tea Factory	
9.6919503	76.9612543		
9.6880169	76.9732470		
9.6881636	76.9735632	AVT Pasuparai Estate	
13.0647479	77.3296550		
13.0889532	77.3741932		
13.0650092	77.4504335		
13.1748859	77.5393340		
13.1753534	77.5401376		
13.2522655	77.5460133		
13.2517826	77.5474416		
13.2525369	77.5450960		
13.2513236	77.5429590		
13.2513302	77.5486184		
13.2518100	77.5486557		
13.2536172	77.5469354		
13.2528817	77.5502915		
13.2529066	77.5510008		
13.2503289	77.5509918		
13.2500377	77.5524272		
13.2495052	77.5495935		
13.2467300	77.5465737		
13.2478158	77.5452116		
13.2569224	77.5542978		
13.2717754	77.5570785		
13.2657269	77.5617572		
13.2716399	77.5632580		
13.2696885	77.5612906		
13.2674350	77.5717954		
13.2739733	77.5792515	Obedanahalli Industrial Area	
13.2751068	77.5729365		
13.2747289	77.5747834		
13.2733852	77.5804562	Ajax Engineering	
13.2760544	77.5799024		
13.2774334	77.5805555		
13.2792682	77.5806963		
13.2799650	77.5791492		
13.2813980	77.5810906		
13.2703516	77.5600876		
13.2849900	77.5801266		
13.2866777	77.5824143		
13.2905345	77.5753896		
13.2913904	77.5692835		
13.2957004	77.5604709		
13.4112739	77.7290446		
13.4110521	77.7311501		
13.2510616	77.5526074		
13.2234688	77.2543761		
13.1997602	77.2656146		
13.1783932	77.2961677		
13.1381273	77.3551521		
13.1402092	77.3587033		
13.1422283	77.3433846		
13.1438103	77.3426221		
13.1402836	77.4935518	Fish Seed Production and Rearing Farm	
13.1422859	77.4944168	Fish Seed Production and Rearing Farm	
13.2450223	77.5416622		
10.7232009	76.6383283	V Guard Warehouse	
22.0061693	83.3826524		
22.0214150	83.3799755		
17.8318828	79.7039464		
8.5793541	76.9042975		scrap_yard
9.6314723	77.0291629	Thengakal Factory	
22.9879208	83.4431899		
25.7771217	75.3806520		
23.0533345	88.8072435		transport
23.0567997	88.8359911		
23.0556799	88.8085381		
10.5141755	76.2052623		
10.5144643	76.2063700	Goods Shed	
21.8706965	81.9740957		
34.0298160	74.9108282		
34.0318053	74.9074351		
34.0284865	74.9122930		
33.9979093	74.9173969		
33.9989723	74.9198430		
20.1307719	82.6623773		
21.2539368	83.0057886		
20.1562203	82.6790996		
20.2213760	82.7327465		
25.4644544	81.6749941		brickyard
10.2778220	76.3862770	Carborundum Universal Limited	
28.4628335	77.0707179	indus	factory
20.9091560	82.5262090		
20.9079265	82.5350623		
20.1444032	82.7058251		
9.1539696	76.5459113	Cashew Nut Factory	
8.9037113	76.6732557	Dev Snacks	
11.1132459	75.8939010	NN Hydro Foods Pvt Ltd	
20.3347230	82.7192348		
20.3311453	82.7221034		
13.2063442	77.6705822	ITC Filtrona	
20.3678502	82.8124872		
20.2756068	82.7618149		
20.2587599	82.8414752		
20.2676988	82.8365667		
20.3075392	82.8037820		
20.2753954	82.7801357		
20.2819859	82.7706863		
25.8793594	80.5038584		
25.8803121	80.5042830		
25.8801655	80.5045306		
9.9663561	76.5643014	Ashly Group of Companies	
10.2003751	76.2016340		slaughterhouse
10.2002764	76.2016069		slaughterhouse
19.0682837	74.7004175		
19.0625004	74.7005767		
8.4237826	77.1228870	Kairali export	
12.6801022	77.9842400		
12.6767470	77.9789210		
12.6509011	78.0320799		
12.6563236	78.0292824		
12.6757538	77.9577618		
12.6799125	77.9460790		
12.6361560	77.9135424		
20.3249378	82.7281934		
26.4916280	93.9693381		
26.4935329	93.9721263		
26.4876502	93.9749721		
24.7366841	93.9082333		
24.8404633	93.8896403		
24.8658820	92.5824791		
8.9843166	76.7067660	Cashew Factory	brickyard
8.9658349	76.6875060	Leela Oil Mill	
9.8264556	76.3467626	Quality Food Products	
26.9901107	75.7688605	"Rajdhani Krishi Upaj Mandi, Sikar Road"	
26.9721044	75.7786341	VRL LOGISTICS LTD JAIPUR VKIA	
26.7687355	75.9309719		
9.4602409	77.5540137		depot
22.0014319	83.3691582		
22.0108781	83.3237578		
21.9957344	83.3455172		
9.3369245	78.2582961		
23.1999700	81.5741190	Stone crasher	
21.8661935	83.3816546		
9.6017111	78.0352637		
26.8593306	75.8098450	Malviya Nagar Power Grid	
26.7358681	75.8869169	Unique Power Technologies	
26.7340264	75.8889261	Ahuja Corporation Private Limited	
10.5532043	76.2007906	Metal Factory	
10.5573866	76.2020565		
20.8115233	82.6669854		
20.8215818	82.6539123		
20.8231287	82.6546124		
20.8208774	82.6391266		
17.7544904	78.5086763		
17.7192048	78.4989130		
17.7094752	78.4993664		
17.7284735	78.4858560		
17.7464769	78.4766400		
17.7423359	78.4851211		
18.8906040	79.4872749		
11.2861581	76.9423762		
11.3077945	76.9462037	Tippu Sultan Used Automobile Spares and Scraps Market	
20.9321342	82.5795789		
20.9319313	82.5773366		
9.2219760	78.3859139		
9.2211187	78.4087224		
21.7854654	72.1707323	Excel Crop Care Limited	
27.3368713	72.1406829		
27.3480026	72.1556778		
27.3633540	72.1405093		
27.3511831	72.1387410		
16.8821844	74.6226291		
16.8795330	74.6283773		
16.8796999	74.6298873		
16.8789042	74.6293160		
16.8789376	74.6297962		
16.8782549	74.6289807		
16.8783738	74.6297330		
16.8789222	74.6278596		
16.8803184	74.6276316		
16.8824077	74.6289084		
16.8825412	74.6271462		
11.4071355	77.6736241	Aavin Erode	dairy
26.8035021	72.0080905	Dhirubhai Ambani Solar Park	
18.6427110	74.3744234	"Ghodganga Co-operative Sugar Factory,"	
9.9869307	76.2728632	Matsyafed Nylon Net Factory	
22.9299392	76.0359738		
22.9289277	76.0390270		
22.9308841	76.0420284		
22.9328352	76.0434888		
22.9306870	76.0437060		
22.9857479	76.0615454		
22.9427463	76.0154812		
23.0269039	75.2537835		
23.2124412	75.7471396		
23.2393627	75.7487737		
23.2460452	75.7321514		
23.1771218	75.6980190		
23.1851629	75.8086212		
23.1830498	75.8160851		
23.1806831	75.8105269		
23.1493670	75.8209238		
23.0985556	75.8960282		
22.9856602	76.0549056		
22.9885653	76.0551437		
22.9707329	76.1510763		
22.9738216	76.1456857		
22.9684954	76.1516811		
22.9651404	76.1193859		
23.3758943	75.0361490		
23.3670453	75.0521511		
23.3653566	75.0465185		
23.3658203	75.0453946		
23.3562443	75.0450197		
23.3508269	75.0485355		
23.3018949	75.0621330		
23.2925545	75.0830903		
23.0137759	75.2405360		
24.8503208	73.8117850		
24.5241499	73.7927788		
24.5111250	73.7557818		
24.6035501	73.8163689		
24.9094410	74.3985919		
24.9370623	74.4749719		
24.7525068	74.5675805		
24.4189005	74.8944158		
24.4058128	74.8975995		
24.3956527	74.9039590		
24.4571515	74.9447426		
23.4557602	74.9326801		
23.4865999	74.8248728		
23.3073033	75.0725533		
23.3190553	75.0661683		
18.6365334	74.3818069	Reliance Fuel Pump Station	
18.4511478	83.6450496	SRI LAKSHMI OIL MILL	
16.3700709	81.4902840		
22.9340571	76.0370475		
22.9320132	76.0363631		
22.9312777	76.0400033		
23.0045425	76.0922018		
23.0189854	76.1060789		
23.0179474	76.1066173		
23.0162737	76.1047820		
23.0149428	76.1034259		
23.0185430	76.1091373		
23.0182232	76.1132920		
23.0226655	76.1101109		
23.0263683	76.1070893		
18.4463810	83.6773503	ANNAPURNA RICE INDUSTRY	
22.8704547	72.3951381		
22.8588086	72.3848578		
22.8086687	72.3809123		
22.8098456	72.3798059		
22.8071791	72.3817921		
22.7822354	72.3241299		
22.7824061	72.3229900		
22.7800122	72.3221987		
22.7754842	72.3250581		
22.7744277	72.3290787		
22.7674915	72.3395124		
22.7426649	72.3016169		
22.7360724	72.2973186		
22.7359413	72.2885357		
22.6860161	72.2372666		
22.6697069	72.2376061		
22.6141336	72.3934117		
22.6130862	72.3942229		
22.6124803	72.3909711		
22.5972522	72.3553535		
22.3614419	72.5787239		
22.3133514	72.4465379		
22.3326832	72.6440625		
22.3312061	72.6442837		
22.5867129	75.2791410		
22.7030595	75.4309166		
22.6742955	75.4704711		
22.6691973	75.4777559		
22.6745031	75.4848422		
22.6760521	75.4824068		
22.6682367	75.5068365		
22.6689248	75.5026898		
22.6687417	75.5040980		
22.6957574	75.6424838		
22.6831269	75.6336044		
22.6938087	75.7112342		
22.6845622	75.7589607		
22.6905026	75.7762201		
22.6893667	75.7728929		
22.6920579	75.7753041		
22.8867913	75.9752722		
22.9320138	75.9970129		
22.9199858	76.0331690		
22.8384908	75.9482959		
22.8177547	75.9219700		
22.8147540	75.9209361		
22.8155115	75.9218453		
22.8068758	75.9152605		
22.8234273	75.9227868		
22.7307115	75.8395739		
22.7275735	75.8424076		
22.6230845	75.7541751		
22.6236940	75.7596119		
22.6715606	72.2626564		
22.7084993	72.2602371		
22.7481019	72.2785780		
22.8428488	72.3646461		
22.8475849	72.3653072		
22.8548392	72.3635799		
22.8647884	72.3631520		
22.8805888	72.3564586		
22.8676813	72.3928924		
22.8666828	72.4097139		
22.9146248	72.4434708		
22.9205700	72.4462658		
22.9207937	72.4482156		
22.9229750	72.4485267		
22.9098449	72.4347601		
22.9162590	72.4475745		
22.9167100	72.4499685		
22.9210653	72.4446443		
22.9248809	72.4525421		
22.9294238	72.4568510		
22.9293225	72.4579534		
22.9285956	72.4578394		
22.9353116	72.4482293		
22.9347150	72.4481345		
22.9344604	72.4544030		
22.9352906	72.4607389		
22.9363058	72.4604344		
22.9336875	72.4606102		
22.9368733	72.4577048		
22.9429825	72.4564259		
22.9476297	72.4658579		
14.1885769	77.3576686		
14.2038985	77.3802455	Kambalahalli A	
14.1939596	77.3474608	Kambalahalli B	
14.1768534	77.4389959	Indiranagar	
14.2433013	77.3485820		
14.2423329	77.3529433		
15.8999158	74.8920218		
15.9133821	74.8946357		
14.6505732	79.5846928		
10.7481009	78.7941290		
16.3140927	80.3436385		
16.3203145	80.3474083		
13.2074273	80.1528470		
21.6514878	70.6884026		
21.6753903	70.5505395		
21.6768294	70.5522211		
21.6825970	70.5578598		
21.7141917	70.5856455		
21.6423690	70.6278311		
21.6378572	70.6208480		
21.6266996	70.6253267		
30.8281352	75.0698402		
30.8526879	75.1326096		
30.8493662	75.1330675		
30.8390309	75.1348027		
30.8219588	75.1534300		
29.9466114	75.0092061		
29.9360607	74.9810551		
29.9287495	74.9726933		refinery
30.2931213	75.5038043		
30.3377986	75.5105513		
30.3592084	75.6240490		
30.3775089	75.5711948		
30.4567636	74.0357468		
30.4469992	74.0500241		
28.0612090	73.3028988		
28.0572338	73.3337020		
28.0622859	73.3336115		
28.0634067	73.3317192		
28.0629589	73.3312336		
28.0678409	73.3371639		
28.1405278	73.3751697		
28.1776318	73.3945357		
21.7190284	70.6465641		
21.7223977	70.6461124		
21.7253922	70.6416451		
21.7277323	70.6440014		
21.7314511	70.6403285		
21.7340935	70.6395390		
21.7314759	70.6426593		
21.7343759	70.6436807		
21.7391994	70.6518531		
21.6851161	70.5570447		
21.7024282	70.5739056		
21.7185377	70.5902636		
27.3974581	83.1922759		
27.3985308	83.1929934		
27.3971127	83.1993288		
27.3951707	83.1260616		
27.4024361	83.1094895		
27.4487228	83.0083099		
27.4885710	82.7509967		
27.4169727	83.0092661		
24.0510913	82.6329181		
21.6349134	70.6286706		
21.4990168	70.1898357		
21.5008001	70.1733451		
21.4818610	70.3467032		
21.4836826	70.3522887		
27.3479932	82.3176921	Utraula Thermal Power Station	
21.4299418	70.3036899		
21.0574296	70.5179600		
25.5834885	85.0650224	FCI	
27.2309115	82.2992921		
27.7453243	82.1731170		
27.3077921	83.2350987		
27.3462993	83.2156902		
27.3438012	83.2138261		
25.8895024	74.6330210		
25.8874163	74.6362464		
20.8810696	82.7771129		
20.8894791	82.7809384		
27.1673920	81.7878485		
20.9826679	82.8093691		
20.9051295	82.7377045		
25.5688583	85.2395940		
25.5750442	85.2362466		
25.5733272	85.2456307		
25.5754902	85.2559676		
25.5598235	85.2545085	Casting Yard	
27.1313287	81.9206976		
27.1477677	81.9517770		
27.1400655	82.2508084	Lords Distillery Ltd	factory
20.9173215	82.8001638		
20.9158881	82.7987784		
20.9147096	82.7975392		
11.1211032	78.0195058		
11.8120798	77.9015623		
11.8144858	77.9182014	JSW Steel Plant	steel
11.8242207	77.8455819		
11.8124094	77.8273365	Mettur Malco Power Plant	
27.2986649	81.8895753		
26.5725681	88.5197692	Teesta Agro Industries Limited	factory
25.0196050	74.6454455	Teesta Agro Industries Ltd.	factory
16.7574185	78.0090302	Rajvir Industries	
16.8542285	74.6388320		
16.8542281	74.6394333		
16.8531154	74.6394971		
16.8561827	74.6383349		
16.8560267	74.6362725		
16.8554611	74.6364375		
16.8561348	74.6373349		
16.8565689	74.6382559		
16.8552779	74.6395280		
16.8535726	74.6409014		
16.8550654	74.6386165		
16.8543592	74.6377471		
16.8548028	74.6376557		
16.8555599	74.6374462		
16.8551734	74.6375644		
16.8661496	74.6334710		
16.8670041	74.6307445		
16.8660197	74.6322773		
16.8658975	74.6311525		
25.3036654	81.1928391		
25.6504680	74.8699781	Nimbera	
20.9318461	82.8264427		
20.9693029	82.9631053		
26.8984333	81.9712619		
21.0464289	82.9929529		
27.1108738	81.9601777		
27.0996985	81.9827619		
27.1026653	81.9801200		
27.1043282	81.9716334		
27.1068448	81.9730322		
27.1111734	81.9685770		
27.1013920	81.9786608		
27.1176052	81.9920558		
27.1192369	81.9907334		
27.1176374	81.9868496		
27.1167732	81.9854964		
27.1062610	81.9835546		
27.1100060	81.9829201		
21.0362990	83.0333054		
21.0746344	83.0275628		
21.1045211	82.9851423		
26.9937473	84.3959829		
27.1128757	84.4713127		
26.8693340	84.5150086		
26.8697672	84.5120341		
26.8735978	84.5102316		
26.9436298	84.5408732		
20.9863393	83.0832884		
20.9848818	83.0889961		
20.9859837	83.0879661		
17.6915426	83.0158201		
18.1756448	83.4527626		
18.0904280	83.3903021		
26.7555371	82.0945658		
25.6564937	94.1276902	Solid Waste Sorting Site	
26.7590338	82.0465851		
26.7569261	82.0441081		
26.7592469	82.0439981		
11.7610653	75.5093235		
25.4097146	81.0025147		
27.0150545	81.8004763		
25.7094677	94.0713849	Solid Waste Processing	
29.2054927	79.5059155	Dhan Mill	grinding_mill
27.1247467	82.4951242		
27.1241952	82.4890771		
27.0127915	82.4912015		
27.0845688	82.5296268		
27.0798403	82.5293841		
27.0809663	82.5288825		
17.4666743	78.3300196	"TGSRTC Bus Depot  , Hyderabad Central University ( HCU )"	depot
27.0979674	82.0042920		
21.7383537	70.4900928		
21.7468268	70.4461649		
21.7409985	70.4923160		
21.7418248	70.4696445		
21.7389707	70.4699115		
21.7437171	70.4653886		
21.7461741	70.4554462		
27.0873544	82.0013617		
27.0872959	82.0067382		
27.0889830	82.0061373		
27.0852517	82.0209901		
27.0882582	82.0152448		
27.0912504	82.0148599		
27.1503418	82.0178653		
21.4978020	70.9564731		
20.9700456	83.3032094		
27.1873015	81.9526635		
27.1855466	81.9132417		
27.2443606	81.9420446		
20.9512839	83.3215154		
25.8923581	86.0369691		
21.7550520	70.3372515		
21.7537586	70.3299121		
21.7501494	70.3194801		
21.7483685	70.3161993		
21.7485002	70.3116883		
21.7478772	70.3092195		
21.7453370	70.3034368		
21.7462893	70.3016561		
21.7471811	70.2954759		
21.7534373	70.2968192		
21.7293745	70.2457473		
21.7299894	70.2406637		
21.7255364	70.2351570		
21.7281094	70.2351075		
21.6979326	70.1637765		
21.6462952	70.0638692		
21.6735282	69.7761690		
21.8274778	70.6818176		
21.8274199	70.6830054		
21.7867749	70.6300181		
21.7781632	70.6299791		
21.7750650	70.6334658		
21.7823010	70.6272440		
21.7785380	70.6244933		
21.7741381	70.6203740		
21.7663975	70.6345960		
21.7732569	70.6376173		
21.7693753	70.6442670		
21.7989819	70.6245810		
21.8566910	70.6077392		
21.8336015	70.6151985		
21.6776240	70.8771630		
21.8867728	70.8809578		
21.8859468	70.8850344		
21.9494172	70.8037129		
21.9546629	70.8088568		
21.9861305	70.7974689		
22.0386338	70.7948309		
22.0813252	70.7780456		
22.1566612	70.7857871		
22.1652239	70.7862894		
22.1657116	70.7820876		
22.1751484	70.7866126		
22.1758071	70.7790676		
22.1582889	70.7792783		
22.1708314	70.7865429		
22.1662837	70.7907058		
22.1700469	70.7918166		
22.1562674	70.7967551		
22.2032376	70.8035335		
21.7391695	70.6484689		
27.1633340	81.8355945		
22.0145778	71.1216142		
22.0249583	71.1286550		
22.0019094	71.0568304		
21.9117478	70.8429512		
22.0567960	71.2248739		
22.0544840	71.2210996		
15.0706472	76.8672073		
15.0684820	76.8684947		
15.0602147	76.8638385		
15.0458682	76.8780058		
15.0540812	76.8542254		
11.7644990	75.4821545		
11.7644103	75.4814554		
15.1321601	77.6263583		
11.8459353	75.4067887	Ball Factory	
11.8442983	75.4093439	Kirens Flour Mill	
26.9910788	82.5086439		
27.1499624	81.9634500		
26.9574708	82.4927088		
26.9590750	82.4881357		
26.9908051	82.5666104		
26.9919165	82.5577953		
26.9902685	82.5568110		
26.9789211	82.5575874		
27.0098595	82.5578785		
27.0049958	82.5761195		
26.9968841	82.4874839		
26.9969773	82.4856922		
27.0768730	82.5369774		
21.0424448	83.1406045		
21.0309064	83.1241196		
21.0313997	83.1186600		
21.0276944	83.1146715		
27.0784300	82.4255370		
10.9153641	79.8305360	MOH Bus Depot	depot
27.1163828	81.8262322		
27.1180408	81.8263543		
8.8296216	76.7271071	Aarathi Rice and Flour Mill	
27.0974384	81.5974868		
27.0218370	81.6859245		
9.5785978	76.8247061	kuttanadu rubber company ltd	
9.5769121	76.8253725	malanadu milk factory	
26.9533215	81.7768568		
26.9490215	81.7684186		
26.9324175	81.8730059		
23.2614492	87.8252663	WBSEDCL 33KV Electric Sub Station	electrical
27.0076155	81.9082729		
27.0076908	81.9071799		
27.0079346	81.9032519		
26.9857686	81.9566835		
26.9737257	81.9489365		
26.9836885	81.9416275		
26.9843721	81.8723836		
26.9581785	81.8328465		
13.6694689	79.0543904		
27.3621523	81.9784811		
26.8761255	81.8777481		
26.8758085	81.8859610		
27.1118885	81.5710174		
21.3248421	83.4768717		
21.3249620	83.4736262		
21.3328897	83.5031467		
25.4213840	81.6815873		
27.0550794	81.7567831		
27.0565174	81.7609097		
27.0602317	81.7585118		
26.9990625	81.8137653		
27.0055197	81.8098748		
27.0087053	81.7690435		
27.0115215	81.7693398		
27.0582456	81.7462849		
11.0503393	75.9963904	StecOn Polymers Pvt Ltd	
26.9997890	81.8805684		
10.8244121	79.8472031		
10.8394281	79.8349144		
10.8443153	79.8303256		
10.8596904	79.8162812		
21.3058804	83.4137834		
21.2891782	83.4013742		
21.3003203	83.3344531		
9.5546490	76.8400970	quarry	
21.2948199	83.4825218		
21.2981986	83.4847682		
21.3032966	83.4766826		
21.3099012	83.4741385		
21.3126198	83.4731810		
21.3156533	83.4679426		
21.3190377	83.4624669		
21.3125898	83.4590604		
21.2181745	83.4350695		
21.3056780	83.4326528		brickyard
24.7155454	74.6688312		
12.9885692	77.6781968		
27.0821794	82.0885027		
27.0826415	82.0830270		
21.4520226	83.5565910		
21.4786605	83.5243026		
21.4459563	83.6490830		
21.4681559	83.5399022		
13.2433018	78.7286952		
21.4838458	83.5011860		
21.4332573	83.5662684		
21.4287593	83.5682867		
21.4089859	83.5731026		
21.4114955	83.5750606		
21.4133533	83.5816803		
21.4433212	83.5532476		
21.4423363	83.5655053		
21.4415124	83.5618226		
21.3814000	83.5586938		
21.3801137	83.5504970		
21.3816872	83.5517670		
21.3783553	83.5468371		
15.3844278	73.8339303	Fuel Storage Facility	
21.8116224	71.0961420		
21.8128480	71.0999398		
21.8180086	71.1783181		
21.8497392	71.2250132		
21.8357476	71.2769454		
21.8360213	71.2821961		
21.8393650	71.2860452		
13.1850709	78.8258100		
21.6957190	83.5567868	ACC Ltd. Dungri Limestone	
11.7172307	76.0816857	Geo Mix	
11.7592065	75.4926579		
21.7990750	70.6575881		
21.8020825	70.6662447		
27.2719308	82.1322951		
13.1990583	78.9183625		
13.1962121	78.9176059		
21.8733845	70.7129709		
21.8704103	70.7121645		
22.0948305	79.6087307		
22.7673219	77.8364825	Mohasa Babai Industrial Area	
23.2650357	77.2695413		
23.2720138	77.2683907		
23.2622808	77.2590325		
22.7580725	78.8266737		
27.3972711	81.9530538		
11.1166572	75.8916650		
10.9766642	76.1988237	changathi	slaughterhouse
21.9443131	70.7901900		
22.0031193	70.7902678		
11.0986833	76.2311761	Jitha wood industries	
21.9361959	70.7714706		
21.9452628	70.7742213		
21.9402715	70.7663456		
21.9458449	70.7637950		
8.8526278	76.6215743		
13.2033826	79.0346574	Amara Raja Growth Corridor	
11.0323682	76.0289622	safa flour mill	
11.0406341	76.0293200	malabar flour oil mill	
13.1458821	80.2953329		
13.1427029	80.2955265		
13.1419646	80.2974102		
13.1445713	80.2990641	Sri Lakshmi Agro	
13.1506243	80.3023826		
13.1523961	80.3030236		
13.1242271	80.2954379		
13.1283234	80.2957839		
13.1314360	80.2964990		
11.0075277	76.3188831	KM FLOUR ANA OIL MILL	
13.2383007	80.2791184		
11.1001457	76.2327907		
21.8868048	70.8755841		
21.8775933	70.7100979		
21.8758781	70.7116454		
21.8756893	70.7056852		
8.8594827	76.6194933		
11.0990745	75.9689219		
21.7761700	70.6062961		
21.7741446	70.6113821		
21.7721384	70.6024963		
14.5916919	79.9668330		
14.6017571	79.9634085		
11.0738632	76.1873733	kenza foods	
11.0215765	76.3817968		slaughterhouse
11.0348321	76.0137007	flour and oil mill	
10.9966123	76.3882584	Flour Mill	
28.0225890	76.1002112	HSAMB Market	
28.0499048	76.0954476	Hafed Mills	
31.4060350	76.2796298		
27.9879587	73.3894940		
28.4218943	74.4861707		
28.4058699	76.7054406	Vikas Spool Private Limted	manufacturing
28.5030822	76.3682387		
21.7604907	72.0135432		
25.0395300	79.4237467		
28.1879647	76.4732605		
27.3335877	75.5880779		
26.5441166	74.7711039		
23.6014796	74.2558890		
23.5504570	74.4050762		
26.6887192	79.3467285		
16.8307729	78.1428190		
13.2633042	77.4960216		
13.2333503	77.4844909		
13.2292536	77.4789722		
13.1549271	77.4378822		
13.1804914	77.4901707	Central Fodder Seed Production Farm	
13.1806875	77.4731806	"Animal Quarantine And Certification Services, Hessarghatta office"	
26.8740069	82.1487772		
22.2223234	70.9264858		
12.2718238	75.1228394	Nileshwer China Clay Mine	
27.1694586	81.9476143		
26.0758026	74.1074181		
24.7944539	73.0355297		
24.8067637	73.0336153		
24.8027068	73.0340222		
24.6379858	72.9163951		
24.6393727	72.9144371		
23.8194513	71.6045791		
23.8272811	71.6090611	APMC	
9.1016610	76.7947558		
8.7591050	76.9388358	Kallara Cashew Factory	
11.3088859	75.9699428	RK Bricks	
26.0865640	74.2885074		
26.0833287	74.3164855		
11.8289750	75.9828307	KSEB Pole Manufacturing Unit	
31.4476057	76.3124421		
11.4377701	75.7236127	Kapre	
22.0085837	71.1099986		
22.0131980	71.1146356		
22.0206754	71.1242469		
27.1733767	81.9890034		
27.1780266	81.9778870		
27.1800519	81.9748991		
9.0157750	76.7021563	"cashew factory,poreekkal"	
21.8647411	71.2981915		
22.0221541	69.2643573		
22.0222482	69.1831720		
26.5157356	86.9940491		
12.4434591	75.0642999	maruti suzuki service car park	automobile
9.9293574	76.4092420	St Johns Enterprises	
10.0117614	76.9510856	Cadbury	
11.2118050	76.2828732	Siji mol Rice Mill	
12.3953748	75.1841278	Vittal Agro Industries	
29.3252860	78.2921469		
29.4624211	77.3096752		
29.4414289	77.3144388		
30.1521549	76.8631571		
30.1555939	76.8759716		
30.1722333	76.8685122		
30.1634306	76.8799370		
29.9929596	77.0537363		
19.2395257	72.9744028	Mulla Bagh Bus Depot	depot
10.0271121	76.6145291	kaula curry powder	grinding_mill
19.2394325	72.9707764	Kothari Industrial Area	warehouse
9.5087706	76.7950217	Fathima Flour mill	grinding_mill
32.4063331	75.5609393		
14.6459591	75.5630862		
9.5947996	76.3292748	Dc Mills	
32.8896778	75.1207566	SICOP Industrial Area Udhampur	depot
9.9689329	76.4254926	Surya mills puthencruz	
11.8280537	75.4236169	Theepetti company	
10.5080339	76.2057839	Poly Industry	
27.0047276	82.0931777		
27.0049236	82.0975639		
10.4816840	76.2418531	baloon factory	
10.6486696	76.1863632	K Karunakaran Smaraka Cherukida Vyavasaya Estate Mundathicode	
10.6491876	76.1864684	Aqua Star uPVC Rain Harvesting System	
10.6513228	76.1885247	Pisharath Bricks	
21.6541438	83.4440871		
11.3250389	75.7889514	Hindustan chemicals	
21.5898184	83.4180442		
22.0751795	71.2592738		
22.1197248	71.7488558		
9.1701898	76.5262049	Mani Foods	
9.1618392	76.5300383	Cashew Nut Factory	
9.1617099	76.5301066	Cashew Nut Factory	
20.7118058	70.8744171		
22.1013314	71.0296807		
22.0097791	71.0813464		
22.3553966	71.7170925		
22.3735238	71.7163541		
22.3752444	71.9526570		
26.9500266	75.7588032		warehouse
22.1356318	70.9786559		
22.1429799	70.9803420		
22.1370809	70.9928230		
10.1125950	76.5461561	keram oil mill	
16.1456634	81.1826873	Fishing Harbour	port
9.3017662	76.4608056		
9.3024995	76.4602834		
9.3031809	76.4597773		
27.1872597	82.0453539		
9.3094303	76.4595243		
9.3090149	76.4589906		
9.3090150	76.4589910		
9.3090332	76.4594529		
9.3103012	76.4595412		
9.3149768	76.4549234		
13.1954466	77.6466586	Swan Silk Pvt. Ltd.	
13.1952022	77.6486093		
13.0328162	77.6230465		
27.0904772	82.0365194		
27.0771034	82.0515506		
27.0827843	82.0328831		
15.7677624	76.2361345		
16.5551394	75.2309980	Project Jamkhandi	
16.7120362	78.4736238	Project Mahbubnagar	
15.5862294	76.1904109	Project Koppal	
22.2175254	84.8486003		
10.8491628	76.2692432		
22.2009780	71.3873011		
22.3894968	70.9950754		
22.4097887	70.9906058		
22.4282542	70.9204298		
22.3580399	70.8016348		
22.4309473	70.7839230		
22.4823392	70.7687890		
22.5035148	70.7583568		
22.5249469	70.7477761		
22.5985583	70.7494395		
22.6433617	70.7489040		
22.6545720	70.7267539		
22.0300787	71.1946102		
22.0261251	71.1893529		
22.0309742	71.1939000		
8.9284777	76.9098355	CASHEW FACTORY ANCHAL	
22.9822391	77.6421243		
23.1572095	78.9509779		
22.7385264	77.7100700		
22.5938375	76.9021914		
22.9964492	77.5841282		
23.6228855	85.6880968	Rajrappa Washery	mine
23.6226289	85.5350471		
23.6247804	85.5336687		
27.3224769	82.1403611		
11.2071135	77.7496487		
18.8506754	72.9677970	Karanja Port	port
23.2298506	79.9791655		
23.1963753	79.9658077		
23.1976917	79.9648476		
23.1153803	79.8768067		
22.9073612	79.0455365		
22.9362452	79.0484091		
23.2131830	79.9162835		
23.1922704	79.9211088		
22.3180635	71.2323519		
29.2238076	79.5325200	Roadways Workshop Haldwani Depot	depot
17.8311455	79.7870904		rice_mill
17.8315711	79.7870573		rice_mill
23.9905901	79.3900153		
23.9113950	79.1836917		
8.8146068	76.8201695	madavoor nuts factory	
26.4265420	80.3583732		
28.9589220	77.7386981	E - block power grid	
21.4781089	83.7690273		
21.4785943	83.8091142		brickyard
21.4371284	83.8277771		
21.4372782	83.8337316		
21.4319465	83.8363789		
21.4313929	83.8347682		
21.4428587	83.8456352		
21.4230016	83.8237363		
21.4160951	83.8243398		
21.4017940	83.8586009		
21.4082730	83.8386058		
27.2599157	82.2419719		
27.2617076	82.2510351		
27.2590479	82.2506542		
27.2253414	82.2952084		
27.2708437	82.2475791		
27.2650694	82.2458733		
27.2630320	82.2456425		
27.2651409	82.2492823		
27.2640965	82.2486923		
21.4301894	83.8152518		
22.0040319	70.8324344		
22.5763949	71.1856524		
30.5400333	79.5261106		
9.9884344	76.6838554		
8.8415429	76.9298682	cashew factory	
8.8416635	76.9299243		
12.3666804	75.1298139	shiya bread factory	
21.4246889	83.7337589		brickyard
10.1690755	76.4620331		
10.1686823	76.4621229	Mundeth Pipes And Water Tanks	
22.5477559	72.5186288		
22.5420356	72.5368514		
22.5409249	72.5402914		
22.5391667	72.5508520		
21.4005229	83.7398074		
21.3989509	83.7517566		
21.4219267	83.7361380		
21.4087843	83.7205196		brickyard
21.4085099	83.7274296		
9.7009368	76.7845458	KK foods	
10.2061055	76.3561884	Ayurjyothi Ayurveda Medicines Production Centre	
12.1379090	76.6640031		
12.1392595	76.6620824		
12.1343558	76.6596928		
12.1433907	76.6585323		
12.1415853	76.6608140		
12.1356539	76.6651564		
12.1907132	76.6424543		
12.1848030	76.6765124		
12.1872551	76.6768402		
12.1899520	76.6763386		
12.1919005	76.6764131		
12.1918589	76.6779872		
12.1909518	76.6803110		
12.1697970	76.7063686		
12.1669453	76.6925636		
12.1575056	76.6840794		
12.1526325	76.7016158		
12.1611699	76.6996282		
12.1631757	76.7084178		
12.1686269	76.7089999		
12.2071247	76.9051740		
12.2079190	76.9088017		
12.2058728	76.9222556		
12.2061193	76.9244235		
12.5094632	77.4066733		
12.8244350	77.6765125		
12.8243734	77.6776931		
12.8244163	77.6804200		
12.8245350	77.6818317		
12.8249285	77.6753726		
12.8211788	77.6754360		
12.8133510	77.6633996		
12.8122034	77.6641742		
12.8135850	77.6690510		
12.8215162	77.6790127		
12.8197606	77.6786892		
12.8220593	77.6808056		
12.8193836	77.6803208		
12.8186401	77.6800263		
12.8161622	77.6789710		
12.8155204	77.6784660		
12.8168515	77.6806757		
12.8157630	77.6840265		
12.8132778	77.6880517		
12.8109173	77.6878057		
12.8113526	77.6830298		
12.8112898	77.6739924		
12.8127924	77.6744149		
12.8141953	77.6757310		
12.8156485	77.6743593		
12.8156984	77.6748270		
12.7976800	77.6571098		
12.7900099	77.6598229		
12.7845721	77.6545670		
12.7841181	77.6466036		
12.7834419	77.6455965		
12.7779998	77.6345753		
12.7720270	77.6330198	Murugan Industries	
12.7732532	77.6332400	Muniyappa	
12.7864395	77.6540011		
12.7897967	77.6541473		
12.7902803	77.6545984		
12.7895247	77.6551733		
12.7904190	77.6559726		
12.7912301	77.6566323		
12.7976070	77.6614302	Microtrol Sterilisation Services Private Limited	
12.7984649	77.6601112		
12.8151863	77.6660275		
12.8139856	77.6673572		
12.8124042	77.6794363		
12.8174678	77.6864355		
12.8166034	77.6854951		
12.8194619	77.6817453		
12.8196833	77.6815206		
12.8181063	77.6729494		
12.8171332	77.6750139		
12.8169497	77.6746590		
12.8142144	77.6820111		
12.8154272	77.6825321		
12.8123832	77.6813583		
12.8104783	77.6907820		
12.6424686	77.8475359		
12.6442667	77.8459266		
12.6504391	77.8515290		
12.6573836	77.8436856		
12.6557427	77.8442100		
12.6553442	77.8465730		
12.6758963	77.8356550		
10.9870656	77.5094501		
10.9852330	77.5129813	MPM Textiles	
10.9671051	77.3970187		
10.9913312	77.2415994		
10.9976227	77.2331115		
11.0052904	77.1896465		
11.0317450	77.1448654		
11.0338169	77.1432066	Bull Machines Pvt Ltd  Plant 2	
11.0218513	77.1067085		
11.0214235	77.1100531		
11.0156607	77.0973910		
11.0155551	77.0960206	Sandfits Foundaries	mineral_processing
11.0642434	77.1088370		
11.0633745	77.1060862		
11.0916895	77.1286341		
11.0981865	77.1332201		
11.1003690	77.1316436		
11.0991040	77.1295997		
11.0981908	77.1314504		
11.1050682	77.1302931		
11.1054445	77.1367519		
11.1008359	77.1356133		
11.0746395	77.1287468		
11.0802870	77.1315490		
11.0840681	77.1334943		
11.0846373	77.1304866		
11.0811606	77.1398201	KPR mills	textile
11.1310489	77.1740206	Special Economic Zone	
11.1311974	77.1911671	KPR MILLS	
12.5849575	77.8358377		
12.6524400	77.7821893		
12.6922530	77.7710957		
12.7035162	77.7834606		
12.7117596	77.7871500		
12.7382342	77.7798987		
12.7367338	77.7902975		
12.7359174	77.7881277	TVS Motors	
12.6429279	77.7391738		
12.6437144	77.7393362		
12.6470605	77.7532133		
12.6506145	77.7514825		
12.6504680	77.7405372		
12.6471718	77.7389051		
12.6462217	77.7386997		
12.6479032	77.7378470		
12.6480353	77.7482915		
12.6555516	77.7465226		
12.6574372	77.7474506		
12.6601680	77.7493590		
12.6611717	77.7509643		
12.6749000	77.7638640		
12.6737434	77.7669650		
12.7031355	77.7814074		
12.6970048	77.7647636		
12.6940022	77.7675397		
12.6923564	77.7612895		
12.6938885	77.7366111		
12.7200920	77.7177310		
12.7372231	77.7076318		
12.7481860	77.7170464		
12.7550061	77.7064842		
12.7737229	77.7005080		
12.7703198	77.7007963		
12.7718383	77.7003122		
12.8036261	77.6851389		
12.8108748	77.6886774		
12.7685069	77.7972834		
12.7717271	77.7962145		
12.7486831	77.8160759		
12.7478438	77.8162064		
12.7481386	77.8177088		
12.7571807	77.7959115		
12.7617291	77.8032513		
12.7658440	77.7953992		
12.7648748	77.7952274		
12.7673192	77.7957660		
12.7668655	77.8053716		
12.7552755	77.8046742		
12.7487880	77.8146540		
12.7483491	77.8132433		
12.7491955	77.8198725		
12.7532217	77.8152314		
12.7559315	77.8103324		
12.7518394	77.8137396		
12.7514051	77.8119470		
12.7530466	77.8103440		
12.7512150	77.8076104		
12.7610731	77.8013416	Tata Steel Limited - Tubes Hosur	
12.7633902	77.8032468		
12.7640652	77.8005879		
12.7656842	77.7993024		
12.7629541	77.7970837	Bharat Firtz Werner	
12.7597079	77.7931300		
12.7797072	77.7563126		
12.7807346	77.7361585		
12.7803561	77.7418984	B P N Pharma	
12.7804838	77.7414242	Addep Roloforms	
12.7856592	77.7402764	Eaase-Teraoka Limited	
12.7943990	77.7168051		
12.8116274	77.6989388		
12.8083437	77.6996416		
12.7421271	79.7997120		
12.4879000	78.4931289		
12.4821531	78.4685102		
12.5002392	78.4099012		
12.5380115	78.3832615		
12.5432846	78.2134294		
12.5915883	78.1123664		
12.6569757	78.0029883		
12.6782946	77.9542454		
12.6795750	77.9519592		
12.6808611	77.9419068		
12.6874567	77.9217365		
12.6958510	77.8802790		
12.7224508	77.8694254		
12.7143570	77.8401585		
12.7670381	77.7254673		
12.7770477	77.7282600		
12.6780514	77.9840136		
12.6682099	77.9888360		
12.6703728	77.9691607		
12.6743334	77.9799743		
12.6789725	77.9773780		
12.7264768	77.9034841		
12.7229473	77.9068396		
12.7096506	77.8914812		
12.7252367	77.8707812		
12.7252314	77.8637606		
12.7255323	77.8623739		
12.7286280	77.8738692		
12.7282396	77.8774016		
12.7309729	77.8795140		
12.7303466	77.8815322		
12.7328963	77.8777641		
12.7332514	77.8828900		
12.7331750	77.8744675		
12.8365904	77.7967469	Exide	factory
12.8217620	77.7432235		
12.8176546	77.6933901		
12.8175264	77.6942329		
9.3040460	77.5498027		
9.4791924	77.5849168		
9.4824715	77.5925611		
9.4276466	77.5725733	Rajapalayam Mills	
9.4440215	77.6073951		
9.4154028	77.6333883		
9.4458922	77.6474136		
11.0362810	78.0086428		
11.7033571	78.2107956	Narasus	coffee
11.8769657	78.3671107		
11.8977164	78.3735037		
12.4775047	78.3303955		
12.5565618	78.3437197		
11.5883000	78.5522769		
11.5823329	78.5307616		
11.5717920	78.4610684		
11.5843771	78.4525752		
11.5794425	78.5611578		
11.5933218	78.6279112		
11.5879282	78.6925524		
11.5834141	78.7058026		
11.5842641	78.7029808		
11.5756179	78.7701072		
11.5903679	78.7745221		
11.5905991	78.7684110		
11.6292235	78.8704741		
11.6281175	78.8696507		
10.4515967	78.1139843		
10.4494446	78.1121825		
10.4365102	78.0900371		
10.4304590	78.0817129		
10.4279467	78.0730587		
10.4228565	78.0623137		
8.8940005	78.1341690		
8.7770992	77.5571948		
8.7890183	77.7317449		
8.8249457	77.7426991		
8.8478353	77.7599255		
8.8491158	77.7467573		
8.8526182	77.7441371		
9.5313025	77.9469171		
8.4592665	77.6377604		
8.5772326	77.6779787		
8.5737356	77.6802371		
8.8471306	77.7595256		
9.6176778	76.5294058	paragon Polymer	factory
10.3173101	78.0016959		
10.3919620	77.9974982		
10.3868279	78.0081841		
10.3844454	78.0098899		
10.4248693	77.9560111		
10.4923771	77.9422699		
10.4682984	77.9454365		
10.4635310	77.9485827		
10.4587807	77.9488885		
10.4540527	77.9474991		
10.4850505	77.9435791		
10.5120855	77.9406702		
10.5174726	77.9412690		
10.7128183	78.0935481	Chettinad Cement	
10.9589209	78.2534036		
10.9441307	78.2350561		
10.8836374	78.4015207		
10.6451281	78.4564255		
10.6386263	78.4292748		
8.4958713	76.9856429	Vijayamohini Mills (NTC)	
10.6892774	79.4663268		
10.7605213	78.7928854		
10.7695550	78.7872453		
10.7769332	78.8364646		
10.7549735	78.8108747		
10.7458362	78.7876555		
10.6238285	78.5670607		
10.5553523	77.7497432		
10.6080696	77.9348928		
10.6148213	77.9368468		
10.5916921	77.9387766		
10.5734574	77.9405388		
10.5674603	77.9398843		
10.5648328	77.9420609		
10.5628868	77.9425290		
10.5577807	77.9445661		
10.5520130	77.9456710		
10.5227792	77.9281658		
10.5218179	77.9044282		
10.5200181	77.9071788		
10.4351646	77.9558216		
8.4918417	76.9137168		
10.4760778	77.2923013		
10.5563872	77.3344106		
10.5617363	77.3354217		
10.6645895	77.2793870		
10.6331932	77.2722557		
10.6048344	77.1811001		
10.6021536	77.1835725		
10.5992060	77.1887988		
10.5765556	77.1789203	Premier Mills	
21.3350771	83.8414858		
9.5158260	76.7926838		
9.7004617	76.7845765	Ajmi Foods	
9.9253433	76.4163830		
10.9523100	77.3047748		
10.9479953	77.3213589		
10.9491513	77.3213214		
10.9474186	77.3252588		
10.6762266	77.3341651		
20.6913779	81.5290207		
28.5937580	77.3200465	Sector 6	
28.5915270	77.3164153	Sector 6	
10.3247680	76.3222134		
9.5810036	76.5882421	NOHA BRICKS	brickyard
9.5475071	77.6711624		
9.4937797	77.8262193		
9.4999735	77.7809404		
9.5168078	77.7894071		
9.6917374	77.8209247		
9.7901835	77.9428891		
9.9935154	77.4583205		
10.1211044	77.8443763		
10.1675468	77.8404898		
10.1658783	77.8264403		
10.2092205	77.8077158		
10.2491995	77.8730786		
10.2661745	77.9173940		
10.3340659	77.9279257		
10.3327206	77.9264600		
10.3312969	77.9246601		
10.3865944	77.9390448		
10.3352654	76.3245209		
9.1988627	77.8281891		
9.2574359	77.9012968		
9.2568946	77.9071251		
9.3152258	77.7491102		
9.3253134	77.7708529		
9.3964232	77.7853804		
9.4784013	77.7582666		
8.7673706	78.1970063		
8.7579136	78.1933889		
8.7566249	78.1893414		
8.7365751	78.1360933		
8.8742289	78.1379728		
8.8389584	78.1035528		
8.8516335	78.1217257		
8.8560793	78.0573960		
8.8534634	78.0572109		
8.6595243	78.0904770		
8.6627713	78.0912934		
8.7035920	78.0935562		
8.7226491	78.1050883		
8.7292135	78.1022686		
8.7380365	78.1439785		
8.7389114	78.1496412		
9.5904714	77.9954383		
9.5526153	78.1116464		
9.5471956	78.0947078		
9.5438669	78.1099552		
9.5451952	78.0886407		
9.5035394	78.1531024		
9.5148354	78.1454626		
9.5116879	78.1407845		
9.4925510	78.1393388		
9.4947547	78.1343258		
9.5036327	78.1407603		
9.4999715	78.1636343		
9.5076537	78.1726948		
9.5052596	78.1743791		
9.5043549	78.1696719		
9.0577830	78.1888336		brickyard
8.8943705	78.1092847		
8.8825356	78.1087643		
9.9778865	76.4866957		
10.0040707	76.4533806		
9.9946314	76.4348915		
9.8915158	76.3760425		
9.9567848	76.3481406	Milma Diary	
9.9873500	76.3758507		
9.9661640	76.3837554		
9.9614678	76.3791949	Hindustan Organic Chemicals Limited (HOCL)	
10.0194857	76.3451649		
10.0049210	76.3673629	Nitta Gelatin India Limited	
10.0037167	76.3649449		
10.0072288	76.3420684		
10.0046481	76.3414935		
10.0051976	76.3416175		
10.0014822	76.3412576		
10.0006290	76.3409673		
10.0017911	76.3406346		
10.0020449	76.3412819		
10.0031309	76.3448082		
10.0040810	76.3458513		
10.0040310	76.3450067		
10.0030827	76.3457512		
10.0024641	76.3445715		
10.0017257	76.3443071		
10.0040891	76.3432163		
10.0056913	76.3416246		
10.0069458	76.3437032		
9.9877175	76.3507171	Traco Cable  Company	manufacturing_company
10.0800662	76.3245341		
10.0544562	76.3500490		
10.0542811	76.3507050		
10.0752276	76.3633021	Kerala Rice Bazar	
10.0919569	76.4041936		
10.0923747	76.4040562		
10.0925834	76.4047106		
10.0938593	76.3904874	Feroke boards ltd	
10.0914241	76.3861974		
10.0776643	76.4024730		
10.0896364	76.4042191		
10.0702937	76.4201112		
10.0586432	76.4074713		
10.0489375	76.4354729		
10.0437292	76.4397463	"Kitex Garments,Choorakodu"	
10.0373217	76.4275923		factory
10.0282035	76.4518987		
10.0274636	76.4515829		
9.9982513	76.4565461	synthite compound	
9.9276496	76.4157737		scrap_yard
9.9279623	76.4164058		
9.9550545	76.4136511		
9.9537172	76.4088070		
10.0029190	76.3440612		
11.2096406	75.8742062		
11.1545625	75.8895917		
11.1573815	75.8928640		
11.1517159	75.8886945		
11.0981367	76.0504948		
11.0682075	76.0479855		
11.0632515	76.0459162		
10.7202654	76.0814146		
11.9290234	75.3446969		
11.9280235	75.3441699		
11.9306976	75.3423489		
11.9307685	75.3398126		
11.8860946	75.3819019	Cannanore Spinning & Weaving Mills	
11.3848467	75.7361580		
11.3194879	75.7532497		
11.3011149	75.7635131	Ahammed Roller Flour Mills P Ltd	
11.2960421	75.7645029		
11.2922478	75.7635299		
11.2927960	75.7632757		
11.2087451	75.8112047	PeeKay Steel Complex	metal
11.1843381	75.8191720		
11.1731247	75.8971475		
11.1512203	75.8869806		
11.1503769	75.8892920		
11.1497668	75.8894689		
11.1499861	75.8896875		
9.9142491	76.2846536		
9.9355594	76.2794253		
9.9330205	76.2782006		
9.9368077	76.2714980		
9.9536327	76.2676143		
9.9504747	76.2677048		
9.9643192	76.2736163		
9.9687969	76.2639419		
9.9662485	76.2658658		
9.9652580	76.2636897		
9.9671476	76.2613961		
9.9674390	76.2606396		
10.0676640	76.3298552		
10.0780327	76.3636547		
9.9680783	76.2597167		
8.8798114	76.7222406	Krishnan Food Processors	
18.6804099	74.1147989	Shikrapur-Sanaswadi Industrial Area	factory
8.8610660	76.7044030	Cashew Factory	
27.1285570	93.8397565		
27.1110683	93.8214531		
22.3393742	70.9068694		
22.3176097	70.8798777		
13.1441705	80.2981868		
13.1652868	80.3082937		
13.1740651	80.3072530	Royal Enfield Motors	
13.1734681	80.3105111		
15.1345514	76.9188317		
8.8533428	76.6721237	Lekshman Concrete	construction
22.3778042	71.0028816		
22.3844887	70.9922868		
22.3777650	70.9810933		
24.8676463	92.5685048		
22.4149879	71.0432851		
22.4191292	71.0566433		
22.4159387	71.0539690		
22.4445670	71.0744448		
22.4494434	71.0687597		
22.4523834	71.0720070		
22.4573646	71.0676175		
22.4561798	71.0576071		
22.4532094	71.0618596		
22.4642530	71.0535172		
22.4669698	71.0495237		
22.4695293	71.0445654		
22.5152566	71.0150968		
22.5811359	70.9887753		
22.7425000	70.9982017		
22.7088174	70.9839689		
9.6728161	76.5850884		
9.6762788	76.5891528		factory
9.6741432	76.5954897	st marys earth movers	
9.6739802	76.5947637	KMMS Clay factory	
8.8960110	76.6483628		
23.2600905	81.4646295		
9.6134568	76.5041910	sree Ayappavilasam pappadam factory	
19.0872962	72.8356352		
19.0904215	72.8392413		
22.4169543	73.3074874	Nexus Industrial Park	factory
21.7266840	73.0026260		
21.7304511	73.0107335		
21.7333172	73.0107285		
21.7477782	72.9943444		
21.7903866	72.8912006		
21.7906616	72.8837116		
21.8064594	72.8927143		
21.7105532	72.6036763		
21.7089709	72.6037322		
21.6893966	72.6259879		
21.6927110	72.6166208		
21.6926652	72.6139587		
21.6926082	72.6113034		
21.6966891	72.6179170		
21.6933785	72.6244133	Dahej OPAL Captive Power Plant	
21.6922960	72.6208996		
21.7176178	72.6215146		
21.7152978	72.6198723		
21.7167686	72.6179858		
21.7277372	72.6207850		
21.7263481	72.5969267		
21.7291851	72.5998031		
21.7253967	72.6037491		
21.7240296	72.5924796		
21.7282831	72.5907177		
21.7178935	72.6049794		
21.7177015	72.6072635		
21.7336119	72.6172948		
21.7398536	72.6265892		
21.7394707	72.6312583		
21.7357339	72.6319723		
21.7313877	72.6286867		
21.7556821	72.6586699		
21.7333209	72.6594168		
21.7317189	72.6510121		
21.7394662	72.6618509		
21.7402339	72.6662262		
21.7459575	72.6745981		
21.7435208	72.6866842		
21.7462837	72.6809631		
21.7355134	72.6893690		
21.7194685	72.6720513		
21.7249921	72.6662987		
21.7182799	72.6496603		
21.7196067	72.6521480		
21.7048427	72.6345446		
21.7042578	72.6266046		
21.7116126	72.6304094		
21.7098885	72.6305116		
21.7018147	72.6037475		
21.6899365	72.6083515		
21.6893009	72.6035840		
21.6793636	72.5609582		
21.6896187	72.5777633		
21.6862720	72.5838939	Dahej Cogen Power Plant	
21.6736567	72.5640524		
21.6820593	72.5434475		
21.6858165	72.5403903		
21.6864816	72.5466656		
21.7039928	72.5779079		
21.6999640	72.5760054		
19.8528527	75.8405375		
19.8534374	75.8422085		
19.8751912	75.8246085		
19.3740808	75.7008661		
19.7581165	75.8487494		
19.8329584	75.8437705		
19.8505481	75.8610568		
19.8498574	75.8562497		
19.8522802	75.8469392		
19.8494226	75.8378550		
19.8472385	75.8435044		
19.8456500	75.8354875		
19.8436742	75.8419678		
19.8328620	75.9670607		
19.8339508	75.9605326		
19.8332292	75.9801981		
19.8325909	75.9794131		
20.8117790	79.3169171		
20.8183515	79.3096081		
20.8222121	79.3083353		
20.8203152	79.3049401		
20.8152400	79.3119109		
20.8176061	79.3127229		
20.6379501	79.0693519		
20.6458902	78.9299490		
20.6189404	78.9356599		
20.6221057	78.9404921		
20.6233947	78.9419295		
20.6195337	78.9364685		
20.6081174	78.9190784		
20.6464615	78.6024758		
20.6450102	78.6023470		
20.6522846	78.6102947		
20.6568694	78.4927718		
20.6590905	78.4983023		
20.6619270	78.4923269		
20.6618505	78.4889179		
20.7581693	78.3296375		
20.7250062	78.3145492		
19.8916714	75.9864879		
19.8834108	75.9629276		
19.8803136	75.9636810		
19.9026778	75.8813037		
19.8989502	75.8769295		
19.8937587	75.8816838		
19.8886119	75.8776894		
19.8736815	75.5076181		
19.8759145	75.5288279		
19.8825535	75.5030473		
19.8820615	75.5107525		
19.8704408	75.5034515		
19.8732894	75.4937607		
19.8777411	75.4924576		
19.8739782	75.4816997		
19.8773315	75.4826107		
19.8799684	75.4810547		
19.8865809	75.4881269	Align Components Ltd.	
19.8915067	75.4881056		
19.8987169	75.4850784		
19.8996589	75.4919882		
19.8943209	75.4900686		
19.8910742	75.4909934		
19.9087501	74.7482067		
19.6261416	73.5558178		
19.7091409	73.6016500		
19.5393420	73.3510890		
19.5492416	73.3591407		
19.5478070	73.3597463		
19.5450180	73.3547244		
19.5394962	73.3596209		
19.5098060	73.3318394		
19.4426154	73.2973507		
19.4018652	73.2591120		
19.3919654	73.2753606		
19.4177977	73.2600573		
19.3979628	73.2396076		
19.4041371	73.2575736		
19.8703474	73.6866036		
23.5616589	71.9912222		
23.6796380	71.9138780		
23.6695591	71.9183278		
24.2357730	72.2488480		
24.3620956	72.5680340		
24.3617542	72.5697291		
24.4133558	72.6418618		
24.4145776	72.6758359		
24.4213730	72.6963379		
24.4197941	72.7198731		
24.4454525	72.7510397		
24.4619530	72.7734133		
24.4665254	72.7743870		
24.5361411	72.8037410		
24.5156156	72.7830354		
19.8161581	73.8037960		
19.8964584	73.8833219		brickyard
19.8966231	73.8852426		
19.9199905	73.9076284		
19.9245771	73.9212204		
19.9246618	73.9218859		
19.9239041	73.9168759		
20.0839185	73.8903428		
20.0859942	73.8934676		
20.0860849	73.8971114		
20.1256067	73.9639869		
21.2001944	74.2594711		
21.3796080	74.2595865		
21.4325669	74.2509283		
21.4313760	74.2383259		
21.4687974	74.2362821		
21.5139750	74.1243454		
21.3220346	72.9866489		
21.3253930	72.9704189		
21.3282564	72.9497204		
21.3383163	72.9555475		
21.3493897	72.9648506		
21.3490387	72.9654997		
21.3626068	72.9627002		
21.3611043	72.9501092		
21.3760425	72.9563842		
21.3854435	72.9649084		
21.4352637	72.9091897		
21.4541818	72.9229868		
21.4527516	72.9204749		
21.4518080	72.9192536		
21.4599089	72.9262837		
21.4603254	72.9246242		
21.4498620	72.9371508		
21.4425023	72.9298438		
21.4398497	72.9351774		
21.4507807	72.9103924		
21.4861893	72.9079584		
21.4990406	72.9092548		
21.5792981	72.9075547		
21.7276347	73.0089509		
21.7544838	73.0150589		
21.7542284	73.0123177		
21.7899103	73.0273086		
21.8731608	73.0612493		
21.9216455	73.0640736		
21.9268235	73.0840936		
21.9279692	73.0900470		
21.9212842	73.0863286		
21.9208533	73.0849396		
21.9260709	73.0771531		
21.9292225	73.0791893		
21.9646659	73.0900829		
22.0010440	73.1080961		
22.0042546	73.1090668		
22.0108072	73.1105778		
21.9895131	73.1172242		
22.0548450	73.1643614		
22.0487944	73.1498449		
22.0527319	73.1544761		
22.0472056	73.1464269		
22.0350282	73.2065419		
22.0266466	73.2031099		
22.0295272	73.2051175		
22.0282479	73.2034828		
22.0286805	73.2021605		
21.7997071	72.8588403		
21.7956410	72.8604028		
21.6722235	72.8210352		
21.6839049	72.6612702		
21.7408564	72.6752593		
21.7351821	72.6505273		
21.7375367	72.6438716		
21.7415303	72.6419691		
21.7473234	72.6579502		
21.7446583	72.6544333		
21.7456722	72.6589876		
21.7465293	72.6615076		
21.7465930	72.6653310		
21.7335501	72.6543501		
21.7307477	72.6581917		
21.7245079	72.6507746		
19.7336668	75.2932546		
19.7366126	75.2925888		
19.7826199	75.2789709		
19.8556484	75.2293523		
19.8577999	75.2104812		
19.8589553	75.2140754		
19.8567302	75.2140888		
19.8566324	75.2145575		
19.7556323	75.1662321		
19.7526219	75.1565802		
19.7643548	75.1641534		
19.7695785	75.1755461		
19.7816203	75.2068292		
19.8411004	75.2253851		
19.8380035	75.2399949		
19.8387032	75.2381276		
19.8388727	75.2369136		
19.8365612	75.2398454		
19.8334790	75.2424820		
19.8328683	75.2341873		
19.8342315	75.2338168		
19.8356775	75.2371596		
19.8361348	75.2343983		
19.8310080	75.2313168		
19.8338550	75.2309042		
19.7605044	75.5010790		
19.7674545	75.5036594		
19.7821864	75.2902520		
19.7707100	75.2886863		
19.7639674	75.2959530		
19.7568211	75.3010278		
18.2597262	74.1789375		
18.4434385	74.3681422		
18.4059698	74.5167205		
18.4216440	74.4553288		
18.7978099	73.8094180		
18.8002482	73.8033602		
18.7995683	73.7934386		
18.7914677	73.7754969		
18.7903472	73.7681626		
18.7807829	73.7740168		
18.7718903	73.7739976		
18.7745181	73.7633844		
18.7529410	73.7736359		
18.7544385	73.7745714		
18.7530941	73.7843487		
18.7560896	73.7813043		
18.7562986	73.7778112		
18.7603615	73.7891509		
18.7568640	73.8018957		
18.7558517	73.8006861		
18.7552919	73.7974153		
18.7552142	73.7982774		
18.7510946	73.7921872		
18.7500220	73.8039165		
18.7498424	73.8052383		
18.7487080	73.8045484		
18.7494416	73.8102375		
18.7472009	73.8126520		
18.7396636	73.8119017		
18.7399545	73.8129625		
18.7414603	73.8107988		
18.7414506	73.8097391		
18.7414551	73.8075760		
18.7343447	73.8055945		
18.7317389	73.7967299		
18.7312331	73.7975507		
18.7303314	73.8107725		
18.7197576	73.8127801		
18.7190669	73.8118848		
18.7179699	73.8112239		
18.7186080	73.8119291		
18.7178966	73.8119737		
18.7159110	73.8076130		
18.7143453	73.8065988		
18.7123814	73.8059968		
18.7094055	73.7795529		
18.6909172	73.7992187		
18.6482879	73.7863407		
18.6452739	73.7877256		
18.6366815	73.7794161		
18.6425266	73.8016664		
18.6457007	73.8004255		
18.6473979	73.8015353		
18.6559659	73.7938697		
18.6549787	73.7944379		
18.6580868	73.7970194		
18.6584496	73.7965619		
18.6567607	73.7968786		
18.6562879	73.7964604		
18.6552708	73.7986871		
18.6550478	73.7968625		
18.6556703	73.7913950		
18.6580497	73.7938375		
18.6521767	73.8022902		
18.6537612	73.8029015		
18.6524574	73.8045045		
18.6446806	73.8044602		
18.6420644	73.8057989		
18.6491872	73.8246246		
18.6439146	73.8234995		
18.6259678	73.8325325		
18.6240774	73.8325989		
18.5645620	73.9373472		
18.5636523	73.9235633		
18.4766375	73.9624003		
18.4758657	73.9645019		
18.4767000	73.9638725		
18.4682298	73.9601299		
18.4670489	73.9582826		
18.4545535	73.9707796		
18.4512778	73.9672230		
18.4471605	73.9745750		
18.4142360	74.0057503		
18.4142564	74.0047618		
18.3602089	74.0252191		
18.3595737	74.0236422		
18.3518177	74.0147160		
18.3520907	74.0141685		
18.1764845	73.9601970		
18.1717382	73.9652690		
18.1494772	73.9476241		
18.1171600	73.9823949		
18.1148490	73.9853534		
18.0952862	73.9742262		
18.0833163	73.9853762		
18.0804447	73.9855197		
18.0965492	74.0008287		
18.1905013	74.0414787		
18.4113992	74.4944871		
18.4127160	74.5008646		
18.4029507	74.5093697		
18.4072915	74.5040407		
18.4093350	74.5071667		
18.4077362	74.5099977		
18.3995576	74.5208850		
18.4034327	74.5172435		
18.4010175	74.5227794		
18.4022171	74.5202046		
18.4018720	74.5238497		
18.4037270	74.5250700		
18.3983375	74.5225248		
18.4024943	74.5289106		
18.3974744	74.5303913		
18.4033400	74.5313010		
18.4035345	74.5335231		
18.4030979	74.5424010		
18.4040970	74.5391652		
17.3281972	75.6801447		
17.4458183	75.7165315		
17.4687236	75.3984324		
17.5468590	75.4622421		
17.7376246	75.3216964		
18.0473226	75.2573924		
18.0378175	75.2181503		
18.0434044	75.2137922		
18.0427472	75.2171501		
18.0453742	75.2210927		
18.0434079	75.2270525		
18.0339185	75.0977057		
18.0945290	75.0161102		
18.1786782	74.9159608		
18.1839499	74.9178958		
18.1865083	74.9153785		
18.1855144	74.9208462		
18.1400429	74.9586466		
18.0919568	74.9555540		
18.0938384	74.9470750		
18.1086300	74.2599968		
18.3096062	74.3677573		
18.3860263	74.4590154		
18.3958725	74.5271446		
18.3970013	74.5254497		
26.3914107	80.3088395		
17.6976191	75.5361932		
17.7033685	75.9073439		
17.5697514	75.6475478		
17.5723980	75.6490123		
17.6248457	75.6678039		
17.6635823	75.7958800		
17.7619105	75.8210572		
17.7566390	75.8114454	Somany Evergreen Knits	textile
17.7707885	75.8050485		
17.7738908	75.8071245		
17.7684603	75.8080915		
17.7701427	75.8122886		
17.7723906	75.8142262		
17.7688745	75.8142447		
17.7696934	75.8005817		
17.7705121	75.7993403		
17.7704856	75.7963620		
17.7643370	75.8209849		
17.7574996	75.7997149		
17.7495398	75.7960135		
17.7443873	75.8064251		
17.7414201	75.8132252		
17.8870666	75.2584355		
18.0375746	75.2153192		
13.2747361	80.1491690		
13.2520337	80.1547346		
19.0913050	72.8485883		
19.1919405	72.8265198		
19.2570216	73.0508847		
19.2494098	73.0445621		
19.2326137	73.0076507		
19.0801505	73.1507868		
19.0819573	73.1389359		
19.0803451	73.1402709		
19.0803152	73.1423310		
19.0802329	73.1415370		
19.0792564	73.1419937		
19.0789768	73.1414531		
19.0793977	73.1379222		
19.0801350	73.1352681		
19.0806220	73.1349367		
19.0547775	73.1182222		
19.0544147	73.1122153		
19.0686064	73.1169767		
19.0687104	73.1185238		
19.0684563	73.1146937		
19.0565975	73.1209070		
19.0545142	73.1207051		
19.0542666	73.1216682		
19.0590807	73.1169820		
19.0576307	73.1172618		
19.0582251	73.1095210		
19.0624725	73.1159264		
19.0634912	73.1157712		
19.0613592	73.1213110		
19.0605007	73.1197749		
19.0589399	73.1209743		
19.0632625	73.1257497		
19.0711009	73.1385156		
19.0764077	73.1404073		
19.0818256	73.1377972		
19.0823378	73.1361429		
19.0831898	73.1354423		
19.0858558	73.1314108		
19.0850960	73.1269487		
19.0792768	73.1184956		
19.0767430	73.1201953		
19.0791064	73.1208358		
19.0813904	73.1223356		
19.0774785	73.1184938		
21.7781811	72.9047681		
21.7760808	72.8979286		
21.7815782	72.9052875		
21.7835411	72.9087605		
21.7779003	72.8943045		
21.7779788	72.8093429		
21.7849336	72.8052986		
21.7964117	72.8310688		
21.8000029	72.8246640		
21.8037572	72.8191906		
21.9939978	72.8613093		
22.0338746	72.8540244		
22.1707038	72.9559533		
22.1664418	72.9676590		
22.1686675	72.9522121		
22.1629407	72.9357259		
22.1603436	72.9312184		
22.1340322	72.9082896		
22.1215357	72.8610585		
22.1149820	72.8682720		
22.1102382	72.8716600		
22.0833309	72.8612047		
22.0882847	72.8654813		
22.0767990	72.8507522		
22.0813600	72.8583455		
22.0765244	72.8429093		
22.0781388	72.8436631		
22.0731328	72.8398624		
21.9609921	73.0020851		
21.9322203	72.8097358		
21.6707319	72.5488296		
21.6784563	72.5519034		
21.6820372	72.5528044		
21.7116709	72.6890471		
21.7216647	72.6286424		
21.7169238	72.6383429		
21.7201598	72.6376208		
21.7299467	72.6257296		
21.7288686	72.6175185		
21.6944686	72.5867008		
21.7112577	72.6180642		
21.6984780	72.6281741		
21.6984099	72.6292285		
21.6983136	72.6302219		
21.6977345	72.6361227		
21.6995348	72.6365379		
21.6996616	72.6353687		
21.7027051	72.6300801		
21.6999738	72.6279330		
21.7174975	72.7611194		
21.7168923	72.7566496		
13.1472365	79.9059113		
13.0802647	79.6405872		
13.0778375	79.6119225		
13.0961580	79.6954679		
13.0991871	79.7003817		
13.1033155	79.4442898		
13.1045739	79.4354975		
13.1057494	79.4293606		
13.3624916	79.9879172		
25.5598960	85.1244600	Alkatra Factory	
25.5562517	85.1219912	Powder Factory	
18.2245949	74.6021588		
18.2263358	74.6069041		
18.2286603	74.6038426		
18.2294398	74.5977648		
18.2330676	74.5971117		
18.2346059	74.6046487		
18.2206715	74.5909888		
18.0695874	74.1747227		
18.2724786	74.1751988		
18.2729887	74.1739952		
18.2755673	74.1747067		
18.2755676	74.1739572		
18.2754869	74.1758388		
18.2753264	74.1768122		
18.2665983	74.1733588		
18.2674693	74.1745795		
18.2680030	74.1752827		
18.2648179	74.1775793		
12.8999574	79.3376157		
12.8910155	79.2736557		
12.9027129	79.2754406		
12.9161850	79.3862722		
20.9090045	70.3753602		
20.9099238	70.3757117		
20.9101194	70.3810010		
20.9038717	70.3775945		
9.5933288	76.4639457		scrap_yard
20.9113735	70.3534305		
20.9095332	70.3745045		
13.4015366	76.1716815		
22.4015249	82.7448694		
21.2892394	83.7403619		
21.3002366	83.7645024		
27.2893558	82.0521158		brickyard
22.3499646	71.7375201		
27.1564813	82.2308287		
21.3389458	83.5854784		
21.3405123	83.5771501		
21.3398052	83.5791604		
21.3400151	83.5695849		
21.3322619	83.6029975		
21.3233565	83.6016221		
21.3234941	83.5988653		
21.3307111	83.6063915		
21.3285312	83.6064747		
21.3487405	83.6541792		
21.3477659	83.6363156		
21.3301027	83.6466059		
21.3274218	83.6361225		
21.3359715	83.6407641		
21.3372007	83.6404824		
21.3394330	83.6394055		
21.3413742	83.6383675		
21.3495246	83.6413864		
21.3440120	83.6310880		
21.3432004	83.6345288		
22.7445440	88.3473766	Belting Factory	
24.5571405	77.7150535		
24.5874270	77.7252862		
24.5750459	77.7373749		
28.3191947	77.2991770		
28.3207905	77.2982322		
28.3130068	77.3045275		
28.3146123	77.2997471		
28.2979323	77.3008641		
28.2980677	77.2943518		
28.2981945	77.2937011		
28.2980680	77.2929768		
28.3018952	77.2984354		
28.3723307	77.2336888		
28.4576617	77.2881196		
28.4779324	77.2985599	Gurukul Industrial Area	
28.4758282	77.2997353		
28.4769152	77.2999052		
24.7257834	78.4324961		
27.1504611	81.7258639		
27.1673586	81.7334761		
27.1648171	81.7190190		
27.1493418	81.7133864		
21.1195066	72.6401427	Hazira II (Essar) Power Plant	
26.9680244	81.9452968		
26.9499193	81.9256281		
23.0336774	85.2873271		
14.4602779	75.9289081	KSRTC Bus Depot No 2	
27.1361570	81.7746265		
20.2547791	75.8536112		
20.2644794	75.6458875		
20.2999585	75.6545344		
20.2545325	75.7467118		
20.2574816	75.7514057		
27.2480746	81.8178222		
27.2401086	81.8558961		
27.2263717	81.8733466		
27.2258744	81.8644725		
10.1592964	76.4572102		
10.1269371	76.4691004		
10.1209935	76.4617217		
10.1366854	76.4615768	Nirapara KKR Mills  - A Wipro Compnay	
27.0355717	82.2611081		
13.0745520	77.4450504	BMTC Depot 40 (Nelamangala)	depot
8.9644543	76.8233518	Patteri Cashew Factory	
32.0241131	75.3640817		
32.0375387	75.3598008		
32.0458921	75.4256916		
31.6458911	74.9278075		
31.6585550	74.9214363		
31.5518292	75.1367937		
31.5646992	74.8810609		food
31.5866191	74.8541450		
31.5879984	74.8531331		
31.4906287	74.9556089		
31.5306442	74.8953269		
31.5302863	74.8987877		
31.5320576	74.8802510		
31.5565036	74.8907500		
31.5550355	74.8983559		
31.5573245	74.8923490		
31.5749787	74.8862752		
31.5758782	74.8853030		
30.9999727	76.4554297		
30.8445144	76.7174341	Majra	
30.8654370	76.5947981		
30.8629638	76.5819035		
30.8617328	76.5700155		
30.8611835	76.5703650		
30.8652728	76.5711407		
30.8660199	76.5715075		
30.7013473	76.8031662		
30.7062014	76.8069926		
30.7052292	76.8062136		
30.7126969	76.8098489		
30.7142668	76.8104382		
31.7507792	74.9317517		
31.3348694	75.3879154		
31.3430094	75.3809288		
31.3426485	75.3796376		
31.3444870	75.3629910		
31.3613717	75.3708726		
31.3755834	75.4198726		
31.3574048	75.3841415		
31.3546305	75.4022323		
31.3570166	75.3999491		
31.3472717	75.4491473		
31.3400160	75.5167376	Jaspo Worldwide	
31.3406694	75.5198736		
31.3391470	75.5215310		
31.3374078	75.5136927		
31.3335269	75.5185242		
31.3351637	75.5136389		
31.3650271	75.5596773		
31.3619772	75.5709834		
31.3618279	75.5722504		
28.7606953	76.7283835		
28.7636758	76.7202496		
28.7638219	76.7260652		
28.7623284	76.7256804		
28.7837009	76.7788653		
28.7595660	76.7854308		
28.7598694	76.7841419		
28.7534628	76.7938415		
28.7558579	76.8027914		
28.7550126	76.8159209		
28.7542874	76.8127574		
28.7440260	76.8161860		
28.7365955	76.8263539		
28.7411179	76.8247536		
28.7386148	76.8343233		
28.7387017	76.8351836		
28.7360347	76.8349269		
28.7345377	76.8436763		
28.8194582	76.8316258		
28.8222687	76.8347602		
28.8441792	76.8561982		
28.8474366	76.8576292		
28.8406560	76.8542978		
29.3099386	76.9902455		
29.2880932	76.9960860		
29.1722827	77.0137826		
29.1849104	77.0224322		
29.1114739	77.0421349		
29.1115263	77.0393575		
29.1114643	77.0430519		
29.1115825	77.0450897		
29.1115915	77.0441674		
29.1109705	77.0450781		
29.1101564	77.0450630		
29.1060445	77.0408367		
28.9779470	77.0153993		
28.7261203	76.8936719		
28.7282216	76.8579924	Hindustan petroleum corporation limited	
28.7286604	76.8557159		
28.7423245	76.8396642		
28.7422155	76.8370912		
28.7412991	76.8348134		
28.7413881	76.8335086		
28.7392875	76.8407133		
28.7351598	76.8376292		
28.7354666	76.8368528		
28.7401621	76.8276159		
28.7390113	76.8260968		
28.7404455	76.8195752		
28.7499009	76.8133028		
28.7502403	76.8123652		
29.3519741	76.9503773		
29.3425113	76.9412957		
29.3427609	76.9414231		
29.3380203	76.9325791		
29.3374396	76.9329125		
29.3363709	76.9311057		
29.3357183	76.9311466		
29.3292895	76.9344543		
29.3281344	76.9292401		
29.3132131	76.9066451		
29.2924465	76.8978669		
29.2937185	76.8897513		
29.2862468	76.9004828		
29.4324644	77.0050732		
29.4329056	77.0083580		
29.3743957	77.0391571		
29.3756167	77.0380210		
29.3229848	76.9954944		
29.3243959	76.9901784		
29.3135227	76.9926722		
29.3114617	77.0062903		
29.3001899	76.9968394		
29.2987290	76.9979718		
29.3020706	76.9924018		
29.3257842	77.0013795		
29.3259888	77.0003829		
29.4655802	76.9858084		
29.4677030	77.0019105		
29.4696394	76.9982131		
29.4717696	77.0009637		
29.4780820	76.9983345		
29.4772556	76.9985417		
29.4816134	77.0001416		
29.4818118	77.0040587		
29.4824914	77.0032865		
29.4850082	77.0112586		
29.4968802	77.0450646		
29.5004122	77.0420294		
29.5009624	77.0420400		
29.5009718	77.0406784		
29.4962114	77.0513463		
29.4962756	77.0545582		
29.4851054	76.9755282		
29.4728759	76.9697817		
29.0919398	77.0945062		
29.0939172	77.0935558		
29.0939111	77.0942386		
29.0932897	77.0945265		
29.0907563	77.0858665		
29.0857226	77.0847986		
29.0962271	77.0497907		
29.2857506	76.9975750		
29.2946156	76.9983579		
29.4214795	76.9339182		
29.4341093	76.9686109		
29.4548077	76.9675353		
29.4544997	76.9684810		
29.4552035	76.9695792		
29.4734795	76.9786481		
29.4725279	76.9778915		
29.4742414	76.9758753		
29.4873210	76.9963750		
29.4876338	76.9944164		
28.3674926	76.9060075		
28.3791841	76.8880547		
28.3769315	76.8951211		
28.3728685	76.9452578		
28.3740498	76.9471299		
28.3713733	76.9438378		
28.3707178	76.9251339		
28.3715266	76.9251441		
28.3577101	76.9312235		
28.3591715	76.9289046		
28.3592862	76.9276924		
28.3714246	76.9088646		
28.3704964	76.9035413		
28.3667708	76.8957966		
28.3634024	76.8814498		
28.3633814	76.8833720		
28.3655821	76.8815063		
28.3650803	76.8826463		
28.3655552	76.8830375		
28.3677691	76.8796301		
28.3677534	76.8807607		
28.3677230	76.8826818		
29.0216497	77.0675435		
29.0216134	77.0712668		
29.0244444	77.0707655		
29.0210222	77.0696349		
29.0707930	77.0593882		
29.0976960	77.0474524		
29.0619960	77.0595069		
29.0680950	77.0650980		
29.0691425	77.0645274		
29.0693278	77.0665421		
29.0735210	77.0719046		
29.0711059	77.0714551		
29.0707523	77.0724501		
29.0769722	77.0998259		
29.0769048	77.0820227		
29.0774785	77.0794593		
29.0760913	77.0785705		
29.0755473	77.0782435		
29.0740049	77.0782321		
29.0752234	77.0811718		
23.1504571	72.4347013		
23.1512460	72.4313861		
23.1559132	72.4478978		
23.2629116	72.6315338		
23.2598960	72.6305584		
23.2584774	72.6279776		
23.2585753	72.6284982		
23.2576641	72.6304111		
23.2590353	72.6264079		
23.2567779	72.6378341		
23.2557267	72.6374424		
23.2513364	72.6367204		
23.2486978	72.6363087		
23.2447137	72.6277101		
23.1292977	72.4729617		
23.1142449	72.4727397		
23.1158834	72.4704243		
23.1162154	72.4691863		
23.1115763	72.4627760		
23.1071727	72.4598671		
23.0528725	72.4429035		
23.1477462	72.4577307		
23.1476797	72.4567192		
23.1486355	72.4576307		
23.1487159	72.4536203		
23.1453828	72.4484571		
23.1405300	72.4535854		
23.1369032	72.4734525		
23.1354604	72.4740614		
23.1216324	72.4614181		
23.1235405	72.4745808		
23.1312944	72.4749720		
23.0202476	72.2783429		
23.0281419	72.2725478		
23.0295465	72.2762666		
23.0276323	72.2761881		
23.0252273	72.2817624		
23.0277526	72.2821426		
23.0292406	72.2809378		
23.0292940	72.2801307		
23.0221861	72.2777171		
23.0217477	72.2795493		
23.0227026	72.2819294		
23.0257225	72.2743058		
23.0245756	72.2741725		
23.0216564	72.2739856		
23.0229590	72.2740807		
23.0251085	72.2769824	Tata Motors	
23.0308708	72.2685090		
23.0483177	72.3671224		
23.0268836	72.3757047		
21.3021620	83.7635864		
21.3028367	83.7624613		
22.9921165	72.2914332		
22.9863709	72.2481416		
22.9861985	72.2566857		
22.9883147	72.2519973		
22.9886877	72.2486095		
22.9896593	72.2481686		
22.9892177	72.2457142		
22.9983075	72.2464224		
22.9936145	72.2464184		
22.9928928	72.2506986		
22.9922679	72.2530474		
22.9917949	72.2569804		
22.9945022	72.2587047		
22.9960127	72.2581230		
22.9958549	72.2550435		
23.0284864	72.2854984		
23.0293392	72.2854585		
22.6487422	72.1865916		
22.6750021	72.2995408		
22.6923239	72.2802114		
22.7724484	72.3485836		
22.7593364	72.3333152		
22.7934732	72.3387560		
22.9387339	72.2440257		
22.9791643	72.2897553		
22.9810342	72.2900389		
22.9831417	72.2902850		
22.9737555	72.2535569		
22.9798155	72.2485815		
22.9764656	72.2528242		
22.9789199	72.2528487		
22.9784948	72.2599332		
22.9791356	72.2782056		
22.9834317	72.2463647		
22.9863740	72.2509939		
22.9839737	72.2520751		
23.1143541	72.1824745		
23.1172502	72.1885657		
23.1519023	72.4413683		
23.1515052	72.4416885		
23.1527679	72.4399638		
23.1546151	72.4490244		
23.1580867	72.4463180		
23.1590981	72.4496721		
23.1622603	72.4460854		
23.1648896	72.4445128		
23.1662226	72.4450774		
23.1633845	72.4411816		
30.8617987	75.7395966		
30.8627834	75.7392540		
30.9627185	75.8574369		
30.9597466	75.8623565		
30.9541904	75.8365758		
30.9524120	75.8241968		
30.9540762	75.8148734		
30.9544071	75.8133443		
30.9588536	75.8169333		
30.9867773	75.7734799		
30.9797366	75.7509725		
30.9787273	75.7545224		
30.9766220	75.7541261		
30.8930540	75.8017172		
30.8712333	75.9205793		
30.8716047	75.9226365		
30.8628698	75.9306134		
30.8625106	75.9270005		
30.8573428	75.9141280		
30.8577455	75.9099616		
30.8602816	75.9264643		
30.8572659	75.9337747		
30.8565537	75.9304073		
30.8445260	75.9267615		
30.8526096	75.9313956		
30.8548931	75.9292492		
30.8543063	75.9313822		
30.8557288	75.9319541		
30.8550762	75.9333338		
30.8677843	75.9366506		
30.8711476	75.9457520		
30.8916363	75.9046228		
30.8917101	75.9058599		
30.8911332	75.9066355		
30.8824697	75.8983152		
30.8836559	75.9018186		
30.8839027	75.9110487		
30.8835761	75.9107876		
30.8861201	75.9118205		
30.8830819	75.9138052		
30.8835159	75.9129856		
30.8817861	75.9130268		
30.8822874	75.9331709		
30.8846169	75.9338992		
30.8664649	75.9403660		
30.8732611	75.9615125		
30.8795689	75.9582970		
30.8791844	75.9527717		
30.8773087	75.9472953		
30.8772165	75.9437175		
30.8781300	75.9410324		
30.9723800	75.8970085		
30.9638850	75.9015893		
30.9616570	75.8999540		
30.9566127	75.9023093		
30.9573448	75.8982318		
30.9528042	75.9085724		
30.9543430	75.9088587		
30.9543627	75.9109958		
30.9547790	75.9101884		
30.9532596	75.8903516		
30.9534320	75.8909393		
30.9568104	75.8810897		
30.9567682	75.8817240		
30.9082840	75.8908144	Vardhaman Mill	
30.9046355	75.8900021		
30.8782028	75.9508393		
30.7130332	76.6939018		
30.7126242	76.6943707		
30.7107296	76.6972321		
30.7181539	76.6974189		
30.7174016	76.6939467		
30.7172184	76.6923638		
30.7179332	76.6934904		
30.7183688	76.6924576		
30.7070105	76.7012667		
30.7032422	76.6963709		
30.7235514	76.7059985		
30.7230907	76.7078740		
30.7210794	76.7102946		
30.7276619	76.7086120		
30.7279595	76.7090773		
30.7319466	76.7078599		
30.7336273	76.7046649		
30.7067622	76.7052800		
30.7071124	76.7058488		
30.7184016	76.6978171		
18.1486478	73.9478496		
19.1203244	72.9266923		
19.1214903	72.9266386		
19.1083797	72.9259199		
22.5869927	77.8906270		
22.5893450	77.8909830		
22.5713058	77.8243000		
22.5569274	77.8080351		
22.5536255	77.8102452		
22.5531357	77.7904116		
22.6325238	77.7884911		
27.2493431	81.8060232		
27.2477050	81.7809230		
27.2599539	81.7920864		
16.8818280	74.6270538		
26.9437864	82.4943410		
24.8838318	79.9011612		
10.3761959	76.2921187	Keerthi Tile Company	brickworks
9.4471745	76.5740773		
8.9785989	76.5379582		
9.4413503	76.5830673		
21.2121471	72.8215295		
21.2180382	72.8177449		
21.2127423	72.8171226		
21.2149753	72.8154865		
21.2291285	72.8410266		
21.2146552	72.8352892		
21.2231364	72.8470534		
21.2260218	72.8461522		
21.2247403	72.8423958		
21.2304096	72.8425326		
9.4411312	76.5958899		
22.1754707	73.1636084		
9.4411153	76.6008677		
23.4307203	68.7146039		
9.4408195	76.5995868		
10.0099938	76.9549670		slaughterhouse
11.1734737	75.9023083	RG GINGELLY	
11.1734662	75.9015912	Ice Plant	
9.4614101	76.4474328		brickyard
13.0666535	74.8183877	Canara Lightings Pvt. Ltd.	factory
8.8644225	76.6549529	cashew factor	
9.5293946	76.5195049	Diamond Roller Flour Mill Pvt Ltd	factory
21.3963099	83.8176356		
21.3953609	83.8155368		
21.3989708	83.8120982		
11.1694288	75.9056170	Kaala Poot	slaughterhouse
8.4955484	76.9262604	Engineering Workshop	warehouse
8.4019192	77.0747794	FLOUR MILL	
8.3731180	77.1455265	Akshaya Food Products	
9.1216020	76.6649641	cashew factory	
9.0817707	76.5076315	Cashew Factory	
29.7394655	77.6567893		brickyard
9.0555516	76.7488525		brickyard
18.8051974	74.3332493		
18.8020274	74.3098752		
18.8095767	74.2931234		
18.7852467	74.2823887		
18.7803387	74.2797335		
18.7765735	74.2750563		
18.7781517	74.2781542		
18.7730611	74.2708760		
18.7747681	74.2687789		
18.7696357	74.2586034		
18.7729713	74.2595508		
18.7756049	74.2599204		
18.7757098	74.2637354		
18.6821542	73.6341771		
18.6846912	73.6466454	Tata Motors	
18.6868153	73.6462994		
18.7049242	73.6449301		
18.7065423	73.6448577		
18.7029259	73.6471671		
18.7059363	73.6473187		
18.7108790	73.6481528		
18.7115948	73.6391682		
18.7116520	73.6413139		
18.7092784	73.6396086		
18.4384030	74.3132347		
18.4494275	74.3120508		
18.4727455	74.3089767		
18.4766199	74.3032864		
18.4703973	74.2892671		
18.4706049	74.2880406		
18.5495127	74.3317875		
18.5075757	73.9472137		
18.6826687	74.1094847		
18.6944592	74.0889269		
18.6998988	74.0828196		
18.6947247	74.0752783		
18.6936322	74.0768382		
18.6607165	74.0506062		
18.6594626	74.0512580		
18.6586112	74.0534467		
18.5123269	74.1862160		
18.5151336	74.1808436		
18.5186968	74.1852343		
18.4904356	74.0313721		
18.4947917	74.0156248		
18.4921793	74.0151273		
18.4928496	74.0090091		
12.9725601	79.2972254		
12.9713098	79.3011140		
13.0053039	79.2977284		
13.0669955	79.6957462		
13.0882190	79.6862840		
13.0752876	79.6513241		
13.1413897	79.6324870		
13.1383284	79.6285335		
13.7646241	79.7622650		
13.7797143	79.8055767		
15.5186350	74.9376010	Tata Marco Polo Dharwad	
15.5136633	74.9127031		
15.4992839	74.9097741	BPCL LPG Bottling Plant	
15.4969694	74.9070463		
15.5091371	74.9061368		
15.5098216	74.9104587		
15.5138251	74.9110808		
15.5096573	74.9261630		
15.5043467	74.9192809		
15.5042254	74.9225144		
15.5013996	74.9253024		
15.3596009	75.0457920		
15.3599949	75.0464607		
15.3548464	75.0428680		
15.3558835	75.0418701		
15.3710303	75.0357167		
15.3755454	75.0538457		
15.3722059	75.0456360		
15.3589110	75.0502453		
15.3403939	75.0096870		
15.5499243	74.9365479		
15.4984336	74.9291087		
15.4963181	74.9204579		
15.4962922	74.9216737		
15.4181711	75.0628295	Rayapur Industrial Area	
15.4131116	75.0584350		
15.2925576	75.1525757		
15.3656157	75.0430667		
15.3733929	75.0450422		
16.7643609	74.5125979		
16.7643335	74.5164241		
16.7609050	74.4794083		
16.7637647	74.4597021		
16.7577971	74.4461065		
16.7602154	74.4495794		
16.3927808	75.0424656	Godavari Biorefineries Ltd.	
14.2111827	76.4241468		
11.8653872	75.4022666	The Cannanore Co-operative Spinning Mills Ltd.	factory
11.5415923	79.4148533	Neyveli Zero Power Plant	
11.9345736	75.3327772		
11.9357637	75.3460112		
11.9376178	75.3435731		
11.9405686	75.3561124		
11.9415658	75.3572228		
11.9422797	75.3590312		
18.0150743	74.1782230		
19.9295725	79.1317285	Ghugus Coal Power Plant	
22.2217742	84.8786967	Rourkela Works II Power Plant	
22.4455675	73.2255284		
22.4451793	73.2229992		
22.4446200	73.2243199		
22.4431522	73.2241345		
22.4317544	73.2001855		
22.4359811	73.2000683		
22.4235276	73.2155782		
22.4368448	73.1988953		
22.4377731	73.2091985		
22.4488493	73.2239829		
22.4475050	73.2283749		
22.4512200	73.2283696		
22.4495405	73.2315937		
22.4543102	73.2313657		
22.4563445	73.2327690		
22.4584440	73.2320792		
22.4561554	73.2381275		
22.4582919	73.2375758		
22.4584216	73.2395614		
22.4565829	73.2414428		
22.4577106	73.2262099		
22.4370339	73.2340748		
22.4322823	73.2240191		
22.4305782	73.2239633		
22.4358205	73.2194116		
22.4384455	73.2200816		
22.4408664	73.2069221		
22.4437434	73.2080464		
22.4421843	73.1940421		
22.4339031	73.1947684		
22.4347747	73.1945152		
22.4345979	73.1972090		
22.4310985	73.1965747		
22.4396444	73.1957249		
22.4537311	73.1925219		
22.4596468	73.1939449		
22.4601388	73.1946167		
22.4634243	73.1899899		
22.4686443	73.2044872		
22.4678104	73.2106349		
22.4629671	73.2148681		
22.4696865	73.2179323		
22.4622917	73.3222298		
22.4639845	73.3244384		
22.4600384	73.4474405		
22.4736758	73.4541607		
22.1740786	70.7870860		
22.1791331	70.7819027		
22.1375903	70.7952423		
22.1399850	70.7905206		
22.1418534	70.7772758		
22.1433427	70.7825437		
22.1415242	70.7831606		
22.1365540	70.7850288		
22.1483292	70.7819236		
22.1487365	70.7815426		
22.1529832	70.7832940		
22.1535330	70.7831676		
22.1572496	70.7857463		
22.1572629	70.7868419		
22.1596170	70.7838446		
22.5624684	71.2046567		
22.5607213	71.2061130		
22.5520947	71.2173955		
22.5710383	71.9799006		
22.5581228	73.4380729		
22.5572222	73.4336794		
22.5436436	73.4456758		
22.5437467	73.4487635		
22.4570168	73.3821320		
22.4520764	73.4469361		
22.4659588	73.4369516		
22.4777839	73.4547201		
22.4780092	73.4625186		
22.4793685	73.4608220		
22.4834164	73.4644139		
22.5321030	73.4538523		
22.5344520	73.4576608		
22.5340300	73.4582530		
22.5368621	73.4569193		
22.5384340	73.4548123		
22.5408059	73.4508679		
22.5469051	73.4619753		
22.5523709	73.4573780		
22.5528539	73.4573901		
22.5278940	73.4625082		
21.7947837	72.8606302		
21.7910269	72.8283577		
21.7812585	72.8215892		
21.7942451	72.8001523		
21.7992359	72.8274706		
21.7979023	72.9002014		
22.5513329	73.4223976		
22.5396925	73.4355547		
22.5389519	73.4390412		
18.6372469	73.7420717		
21.9108808	70.7053524		
22.0388303	70.7839922		
22.0421114	70.7797033		
22.0969968	70.7779974		
22.0975207	70.7780107		
22.0888642	70.7636112		
22.0895618	70.7640096		
22.0877577	70.7739411		
22.0882983	70.7763882		
22.0648261	70.7810357		
22.0626319	70.7805112		
22.0747175	70.7848207		
22.0749387	70.7886305		
22.0948145	70.8074400		
22.1005030	70.8025825		
22.1448023	70.7843475		
22.1447985	70.7841411		
22.1512715	70.7776420		
22.1503509	70.7878277		
22.1591606	70.7827347		
22.0831817	70.7823041		
22.1631874	70.8514859		
22.1785671	70.8464795		
22.1701677	70.8296855		
22.1711339	70.8231078		
22.1687121	70.8043460		
22.1635483	70.8044907		
22.1486662	70.7933349		
22.1490356	70.7934797		
22.1504143	70.7881369		
21.2868414	83.6003298		brickyard
21.2805557	83.5957097		
21.2838236	83.5921128		
21.2867776	83.5928014		
21.2885458	83.5891060		
21.2817836	83.6017011		brickyard
12.9522350	80.1860530	Fuchs Lubricants (India) Pvt. Ltd. Regional Office (South)	
12.9516763	80.1866559	Mahatha Petroleum Private Limited	
8.9010941	76.6669316	M R Hollow Bricks	
8.9093264	76.6612899	Dev Snacks (Factory)	
21.2921828	83.5806732		brickyard
21.3049077	83.5730839		brickyard
21.3095806	83.5671964		brickyard
21.3165922	83.5717978		brickyard
21.3167877	83.5829330		brickyard
21.3425827	83.5300076		brickyard
21.3687334	83.5664924		brickyard
21.3901182	83.5915650		brickyard
21.3869908	83.5825158		brickyard
21.3756030	83.6366777		brickyard
21.4020562	83.6068461		
21.4055573	83.6257048		
29.4557652	76.8597266	Panipat Naphtha Cracker Power Plant	
22.0661852	88.1027175	HPL Cogen Haldia Power Plant	
21.1509828	79.4597500	Sriram Food Industries	
21.5362797	83.9051648		
9.4651679	77.5629589	Tamil Nadu Warehouse	
26.7073614	80.9707752		
26.6936360	80.9807100		
20.9593670	85.2107166		
20.9135069	85.1059556		
8.7666104	76.7453663		
8.7668302	76.7455978		
28.5109218	77.4907668		
28.5022767	77.4872106		
28.5211197	77.4722037		
28.4920057	77.4943341		
28.6776930	77.5145665		
28.6745419	77.4929157		
28.5405253	77.5313223		
13.7487848	76.8886168		
21.3599277	83.7027446		
23.8828335	91.3564715		
23.8855704	91.3549460		
23.8908799	91.3546228		
23.8911889	91.3664574		
23.8851289	91.3678005		
23.8843074	91.3599471		
21.5160131	83.8528756	"Hirakud Hydro Electric Project, Burla"	
21.3527046	83.9161351	Chiplima Hydro Electric Project	
22.3859282	70.9154749		
22.3800474	70.9253441		
22.3846768	70.9304333		
22.4058813	70.9077997		
22.4131358	70.9134687		
19.2379477	72.9734763		
10.8032894	76.7283914	Gramalakshmi Mudralayam	printing
10.9930361	76.4149867	Poultry Food	
10.9932478	76.4155384	Hollow Bricks	
22.5154779	71.4932033		
22.4163528	71.1453555		
21.0849405	83.5628593		
22.7265138	70.7855672		
22.7346417	70.7880603		
22.7332527	70.7918796		
22.7530541	70.7994659		
22.7560401	70.7938579		
22.7631919	70.7941123		
22.7712668	70.7960664		
22.7709429	70.8010525		
22.7779488	70.8034669		
22.7817942	70.8013634		
8.8770210	76.6559761	Dev Snacks Factory	
8.8774668	76.6555592	Qetcos limited - HMT	
10.2649949	76.9038964	Tata Coffee	coffee
28.9109910	78.7171134		
11.0935804	76.2372833	floar mill	
18.3401803	82.8349245		
14.0246725	75.9192726		
11.8141257	75.9582008		
11.7784337	76.0041538		
14.5245436	75.8113606		
11.4163999	76.8474835	Tea Factory	
30.1792987	74.4691710		
23.6871631	86.0923057	Bokaro Works Power Plant	
27.9325620	77.7471149		
28.1122972	78.3592847		
27.9115598	78.1750044		
27.8209696	78.0336343		
27.9923658	78.2570542		
28.0977567	78.0748632		
28.0981171	78.0684881		
28.3564594	78.3801118		
28.7063006	78.5437908		
28.8903809	78.4664647		
8.8853692	76.9227205	Cashew Factory	
10.3153877	76.2195427	Solid Block Manufacturing Unit	
8.8676076	76.9273150	A Star Cashew Factory	
26.0743273	74.3854471	Ajmer power station	
27.4720159	80.7768850		
15.4683073	74.0371119		mine
21.2398987	83.8298511		brickyard
16.8418792	74.6323926		
10.0040299	76.9687373	Kavumolayil Cement Products	
10.3944840	76.3374336		
18.4045144	79.1694157		
21.2068836	83.8127916		
21.2806645	83.8611303		
21.2768368	83.8656860		
21.2752559	83.8690871		
21.2740024	83.8676615		
21.2652728	83.8649136		
21.2606485	83.8620731		
24.9644517	74.6676295	Chanderia Smelter Power Plant	
10.0055533	76.9637219	Sree Narayan Cement Products	
8.9628000	76.6715804	alind	
27.4656106	78.2915005		
27.4655642	78.2892918		
27.1960001	82.1059468		
27.2088737	82.1246422		
27.2308498	82.1606330		
27.1933139	82.1634334		
9.0461754	76.8197231	Cashew Factory	
30.5403162	77.2469799		
30.5828170	77.1975781		
11.6634125	75.7344104	Flour Mill	
11.4347637	75.8015520	Milma Dairy	
21.4154365	83.6583902		
8.9696613	76.6864490	cashew factory	
8.9430707	76.7814831	Cashew Factory	
13.3125669	80.3450939	Kattupalli Container Terminal	port
12.8375348	79.8986017		
27.2165700	80.2622657		brickyard
27.2130243	80.2724459		brickyard
21.2844952	83.5382071		
21.2867265	83.5170579		
27.3779415	72.2108474		
27.3699058	72.1298147		
26.7112663	71.4133107		
26.6821211	71.5337212		
13.2688546	77.5487342	Birla Cement Packing Factory	
13.3121945	77.5387949	APMC Yard	
21.2220912	81.8015813		
21.2443323	81.7700278		
21.2445909	81.7764759		
8.9092820	76.6367714		
8.9035912	76.6237413		
8.9037542	76.6239700		
8.8654984	76.6970844		
18.6064087	83.3732325		
18.5800740	83.3509031		
18.8599478	83.0227214		
18.8455530	83.0203289		
21.5192875	84.8517626		
16.5726041	82.0111315	ONGC	
21.8493901	85.4117274		
8.8675306	76.7872014	Cashew factory	
22.3316663	70.8828616		
22.3290938	70.8757497		
22.3282598	70.8726718		
22.3253546	70.8648913		
8.8714468	76.7793599		
12.0142629	75.3685213	Mini Industrial Estate	factory
22.0346004	70.7922199		
22.0683001	70.7903259		
22.0577110	70.7760074		
22.0565997	70.7821199		
22.0624331	70.7744287		
22.0697854	70.7758822		
22.0705526	70.7809491		
22.0790455	70.7699633		
22.0759701	70.7727781		
22.0767067	70.7774806		
22.0777949	70.7808944		
22.0784145	70.7833107		
22.0891364	70.7697965		
22.0900710	70.7748108		
22.0968511	70.7700132		
22.1055852	70.7735505		
22.1034531	70.7793383		
22.1034261	70.7767415		
22.1190517	70.7813539		
22.1315915	70.7282498		
22.1319275	70.7058023		
11.1132281	75.8878883	Sreekala Oxygen Company	gas
22.1974228	70.5474979		
30.4445623	74.4787108		
30.4203162	74.5186543		
30.4730860	74.5048517		
24.6391562	83.1015125	Jaypee Churk Power Station	
8.9483086	76.6018179		
16.5145833	77.2865407	Rail Bogie Karkhana	railway
11.2098913	76.1389052		scrap_yard
8.9506880	76.5969149		
16.2307188	80.5410183	Sangam Dana Factory	factory
11.8175969	75.9421246	WAM TEA tea factory	
14.6763563	76.6728586		
10.9160734	76.0795521	Shalimar	
11.4581446	76.0007660	Flour Mill	
11.4575468	75.9836298	Jeevan Kudumbashree	
9.0176475	76.8352208	Cashew factory Chethady	
9.0171128	76.8311859	Chethady Cashew factory	
9.0277975	76.8552776	Brick Industry	
25.8381152	78.4059984		
9.7844027	76.4667653	Government Ghadhi Bhavan.	
18.8078818	73.8791970	Tata International Vehicle Applications Pvt. Ltd.	
18.7958361	73.8804089	Viscon Rubber	
10.4697832	76.2380544		sawmill
21.0189213	71.4399587		
24.3295374	81.3285274	Kariajhar power station	
21.6833585	72.5742244		
21.0346584	71.4396842		
8.9657577	76.6434255	Sada Casew Factory	
22.5479236	88.2939961	Southern CESC power station	
23.4994277	68.5776903	SANGHIPURAM CEMENT	
10.9116543	76.0784458		
30.6536937	76.3251056		
30.6552717	76.2304126		
30.6519405	76.2304561		
30.7284086	76.0792920		
30.7598958	76.0834448		
30.7668795	76.0837689		
30.7727702	76.0626492		
30.7880514	76.0494871		
30.8104869	76.0350774		
30.8051220	76.0179703		
30.8124094	76.0130698		
30.8119844	76.0136916		
30.8131426	76.0127544		
30.8147391	76.0131700		
30.8154896	76.0104293		
30.8523184	76.0639447		
30.8908951	76.1329231		
30.9007602	76.1389280		
30.9034030	76.1361283		
31.0188637	76.1255842	Deenbandhu Chhotu Ram Thermal Power Station	
31.3057515	75.3230071		
31.3821142	75.5822990		
31.3794148	75.5819767		
31.3769688	75.6024384		
31.3615487	75.5741201		
31.3776001	75.5999937		
31.3836827	75.6152822		
30.2680654	76.1632158		
30.2682816	76.1655897		
30.2796340	76.3594935		
30.3788459	76.4346306		
30.3842899	76.4057279		
31.5087649	75.8918595		
31.5073231	75.8904930		
31.5085174	75.8991149		
31.5565503	75.9194353		
30.2533053	75.9153905		
30.2221100	75.8668222		
30.2172335	75.8621326		
30.2136202	75.8652733		
30.2139516	75.8670747		
30.2416690	75.8705131		
30.6062925	76.3873162		
24.7665992	74.6101451	ADITYA CEMENT WORKS	
11.0026006	76.2025366	Crystali Group	
11.0024704	76.2020428	CK Hollowbricks	
19.2335037	72.9709150		
10.1362880	76.2517612	Wimawsro Designer Tiles	
21.3700505	83.7687886		
21.3615264	83.7800699		
21.3573349	83.7808625		
21.3801687	83.8003877		
21.3828161	83.7986979		
21.3807006	83.7890580		
21.3787899	83.7918570		
8.9419134	76.8486445		cashew
11.0518782	77.3344947	Sri Vijayalakshmi Garments	
11.0541308	77.3359099		
11.0546304	77.3334986	C.R Garments unit 2	factory
8.5387625	77.0207079	Sun Enterprise	
26.7533695	85.2309492	brick	
26.7420020	85.2315843	brick	
21.3043486	83.6624042		
21.3248983	83.6446425		
10.9924557	76.1820943	Thavakkal Stall	slaughterhouse
12.2227975	75.1663229	Ken Steel- Steel Works	
18.9483277	73.1519776		
10.7676845	76.0331186	Manjakkatu Rise Mill	
11.0535105	77.9953190	Kagithapuram Mill Power Station	
21.0658160	86.4564586	Bhadrak Randia Power Plant	
13.8572991	75.7090702		
11.4236034	75.7989087	Khadhi	
12.2420483	75.1931536	Steel Works	
12.2415598	75.1985497	Flour Mill	
12.2208996	75.1664339	Rice and flour mill	
12.2384121	75.1841343	Rice & flour mill	
8.8666896	76.6319606		
8.8182886	76.7443217		
8.8184146	76.7459056		
9.0264272	76.8545534	Cashew Factory	
12.2765735	75.1672509	Wood Mill	
21.6759139	84.0422023	Shyam Metallic & Energy	
20.4907464	84.3828318		
22.1477236	70.8624597		
22.1511866	70.8687476		
22.1444937	70.8673916		
10.3364016	76.3032637	Edathadans	
12.0221021	75.2683819		
26.6339124	77.2237083		
22.1536861	70.7824186		
22.1532467	70.7793612		
22.1503244	70.7752770		
22.1490995	70.7778182		
22.1480775	70.7809479		
22.1528290	70.8036186		
22.1486334	70.8055730		
22.1542768	70.8072738		
22.1573059	70.8060937		
22.1448975	70.7978643		
22.1494353	70.7991925		
22.1653231	70.8004920		
22.1423515	70.8041585		
22.1442898	70.8104341		
22.1401807	70.8101513		
22.2138774	70.8031164		
22.2167095	70.7995667		
10.3396230	76.2937084	Arikkat Oil Industries	
10.2537967	76.3892085	Flour mill	
10.2483006	76.3865569	Vee vees	
23.2832996	81.3533003		
26.8109040	85.7179271		
22.1291934	70.8001424		
19.1079518	73.2994616		
22.2211207	70.6093913		
22.2230761	70.6166654		
19.0090522	76.9510792		
22.1562483	70.6424407		
19.0076598	76.9458500		
22.4143508	70.6138168		
22.4207060	70.6172422		
22.6208561	70.9454084		
22.6255608	70.9446810		
22.6959831	70.8021816		
22.7204518	70.7807002		
22.7211766	70.7761162		
22.7399099	70.7916975		
22.8899540	70.8354672		
22.8926388	70.8324104		
22.8942525	70.8325878		
22.8924166	70.8337979		
22.9226576	70.8284920		
22.9301787	70.8270128		
8.8470066	76.7350809	Quilon Co-operative Spinning Mills Ltd	house_of_service
10.3527415	76.2249435	Mavely Cement and Building Materials	
10.3574191	76.2247355	Ayurveda factory	
10.3566773	76.2234367	Tiles store house	
10.3538205	76.2081276	AKP	
11.9842325	75.3728209	Kalliasseri Weavers Society	
29.7377271	78.4933520	Bharat Electronics Limited	
22.0583715	70.7700480		
22.0534606	70.7702552		
22.0525306	70.7726692		
22.0923265	70.7814610		
22.0718050	70.7700834		
22.1320808	70.7821683		
9.9553254	76.3967902	Super Milk	
22.2060722	70.7210341		
22.2058965	70.7267504		
22.2452303	70.6671510		
12.4022457	75.0641376	prise gold	distributor
26.9308822	75.7100870	"Concor, Jaipur"	container_terminal
10.6018414	76.6853802	Sooraj Agro Rice Mill : Kollengode	
12.0827710	75.7617480	Barapole Hydro Electric Project 15 MW	
10.8211808	76.1841849	Driving Learning Ground Shankaramangalam	
10.3122802	76.1519545	Leaf N Relief	
10.0458127	76.4263984	Kitex Limited	
26.9256505	75.7028748	"REIL, Jaipur"	electronics
26.9280915	75.7009591	Tarun International Ltd.	manufacturer
9.0623345	76.9136247	"MAK Cashews Alimukku ,Anakulam"	
24.7955284	73.0336075	Wallcome factory	
10.1365658	76.4170816	Surya Brick Works	brickyard
10.1365422	76.4176581	Malabar Bricks	brickyard
21.2148389	83.5320702		
21.2127473	83.5366676		
21.2059684	83.5319496		
9.0132921	76.7111220	Kadayil Hollow Bricks	brickyard
21.2003008	83.4741801		
21.1983576	83.4745060		
8.9004884	76.7516845		
8.9007110	76.7518301	Beffy Cashew Company	
8.9009033	76.7517489		
8.9007060	76.7515678		
8.9008925	76.7520090		
8.9007245	76.7517577	Beffy Cashew Company	
21.2684914	83.5852690		
21.2634380	83.5804294		
21.2521565	83.5761548		
21.2413054	83.5775037		
21.1645879	83.5758479		
21.3458338	83.5369136		
21.3414504	83.5547859		
21.3389945	83.5605217		
21.3333694	83.5569960		
21.3357717	83.5597104		
21.3372840	83.5628767		
21.3091564	83.5956748		
21.3020271	83.5692832		
21.3110593	83.5783129		
21.3106944	83.5748729		
21.3148611	83.5782726		
26.5272743	80.3657197	Trans Ganga City	
26.4902704	80.3334233		
26.5127299	80.4213917		
12.5505539	75.0036936	S. G Enterprises	brickworks
12.8659704	80.1207737	Super Auto Forge Plant 6	factory
8.4574986	76.9361242	Fishnet factory	
21.3148824	83.4954929		
21.3189590	83.4990469		
21.3203709	83.5124687		
21.3252893	83.5117002		
21.3234878	83.5245131		
21.3283338	83.5499632		
21.3275717	83.5410342		
21.3341864	83.5364785		
21.3500777	83.5301511		
21.3170638	83.5296629		
21.3136343	83.5378832		
21.3765084	83.5905619		
11.1644080	78.8638919	MRF Tyres	
11.5579269	76.0384735		
21.3256578	83.5006857		
8.4574319	76.9361557		
10.4413119	76.1894038	Shankari Flour Mills	
9.2297952	76.5880945		
12.4066483	75.0715701	pallikerera panchayath plastic recycling factory	
11.5861161	76.0633786	KINFRA Industryal Park	
8.5061707	77.0815717		depot
8.3913663	77.1585970	"Red Brick Factory,Kunnathukal"	
8.4390641	77.0208186		
22.9824140	88.5417193	"Flipkart Eastern India Hub - Kalyani, Haringhata"	warehouse
9.1781644	76.4988240	"Kerala State Warehouse, Kayamkulam"	warehouse
11.1895637	75.8332505	Standard Tile Works	
11.1439449	75.8407381	Hindustan Polymers	polymers
15.3464482	76.1635334		
10.7868194	76.7849297	Central Warehousing Corporation- Suplyco depo	
10.9041826	76.3213127	BRICKYARD	brickyard
18.1113221	78.9243446	DXN Manufacturing (India) Pvt Ltd	
8.9300095	76.7517883	Cashew Factory	factory
11.4077040	77.8161417	Hari Krishnaa Spinning Mills	
11.4052627	77.8143120	Arupadai Arulmurugan Spinners	
11.4060105	77.8176759	Prince Yarn India	
11.4024391	77.8223634	Saravanagiri Spinning Mills	
11.4001116	77.8141902	Lucky Yarn Spinning	
11.3993252	77.8098181	Mothi Spinners Cotton Mill	
11.3973780	77.8107131	Shri Tsheran Synthetics India	
11.3983698	77.8016192		
11.4010969	77.8030161	Pallava Textiles	
11.4000887	77.8062090	Cheran Spinner Textile Mill	
11.4015788	77.8063016		
9.9732776	77.0280393	Panniyaar Hydroelectric Power station	
8.8768230	76.7651872	Mk Bricks And Interlocks	brickyard
10.8004179	76.7282788	"Kerala Water Authority - Water Treatment Plant, Pudusserry"	
9.0272747	76.6195242	Valiyath crusher unit	
9.0254561	76.6179717	stoneage crusher unit	
9.0256564	76.6208507	crusher unit	
11.0974857	76.2256124	haji ikka	scrap_yard
10.8320355	76.8508608		
8.7548875	76.9319646		
8.7558929	76.9320565		
26.3543965	87.6948202		
10.1673657	76.4627492	Kisen Pvc Pipes And Tanks	factory
9.2451383	76.7569523	Colours tiles godown	
10.1605209	76.4496820	Deepam Pickles	
19.1645928	72.9219604		
19.1653947	72.9204240		
10.0456804	76.4920719	Rubbersindia Polymer Products Pvt Ltd	
23.6260457	91.1950989	Rokhia Power Plant	
10.0714917	76.5040225	Plywood company	
10.0755539	76.5069701	BLUE GREEN EQUIPMENTS	
23.7514625	83.2094784		
23.7596859	83.2031108		
11.1474600	75.8407820	Sooraj Plastics	
8.9432779	76.6379685	wood mill	
27.0302845	82.2227177		
27.1092688	82.2718025		
10.7927666	76.7662606	Rubfila International Limited	factory
10.1806666	76.5071467		
9.6336277	76.3381266	Eco Rubber Coir Factory	
11.1939490	75.8323648		
26.5889942	88.3247832		
9.7983052	76.7658482	oolanickal cold storage	slaughterhouse
28.6694865	77.3571570		
28.6676308	77.3599918		
28.6688034	77.3619099		
28.6650168	77.3540579		
28.6657581	77.3592773		
28.6688610	77.3639577		
28.6695965	77.3634508		
28.6683686	77.3643316		
28.6676814	77.3648201		
28.6725770	77.3649770		
28.6592382	77.3413279		
28.6571568	77.3416241		
28.6584282	77.3424744		
28.6587219	77.3429598		
28.6612464	77.3426657		
28.6669607	77.3491332		
28.6636459	77.3447718		
28.6626569	77.3459303		
28.6619701	77.3443884		
28.6601711	77.3453291		
28.6592870	77.3460144		
28.6565720	77.3463839		
28.6594709	77.3517909		
8.9498425	76.7709502	Pathma Flour mill	grinding_mill
10.0742779	76.4813678	Plywood Company	
10.0748887	76.4800833	Mughal Plywood	
26.4857232	76.7321503	New Anaj Mandi	
10.7735735	76.8141458		
9.9277181	76.4056067		
10.0800577	76.6095255	C.U.P and Sons	
12.2288760	75.1597978	Ghadhi Centre	
8.9708991	76.7764686	Lakshman & Company Cashew Factory	
8.9707185	76.7761868	Lakshman & Company Cashew Factory	
8.9710258	76.7761875	Lakshman & Company Cashew Factory	
8.9710760	76.7763743	Lakshman & Company Cashew Factory	
9.9145439	76.6825455	Fosters drinking water company	
27.8303102	78.3848610		
27.8317198	78.3869078		
27.8394096	78.3839866		
27.8375103	78.3858758		
19.0454133	72.9445033	Mandale Metro Depot	depot
22.1786522	87.9304766		
11.1508159	75.8943927	Parison Liberty oil mill	
10.0158139	76.5751561		brickyard
22.1657687	87.9443993		
27.0734796	76.4679593		mine
11.1546157	75.8936781	SYNTHITE	
26.9969027	82.3143712		
26.9931925	82.3175706		
26.9788570	82.3184203		
26.9845725	82.3218682		
26.9848096	82.3236290		
27.0009785	82.3144606		
26.9800163	82.3211931		
27.0136242	82.3466674		
11.9603410	75.3324492	Amritham Nutrimix Unit Payyattam	
11.9611432	75.3185472	Women's Weavers Irinavu	
10.1591610	76.4508224	Periyar Polymers	
11.1553067	75.8920791		
10.7930709	76.7522069	KSE	factory
10.7912213	76.7548889	Maliyakkal Roller Flour Mills	factory
27.0564243	82.1220785		
28.4339518	76.9257894		
27.0489618	82.1564846		
27.0730863	82.0434670		
27.0767070	82.0333068		
27.0766735	82.0318853		
27.0666485	82.0266066		
10.7924184	76.7220784	Kingfisher Private Limited	factory
25.1799849	75.8357203		
25.1797776	75.8360008	I 5	
25.1743424	75.8529692	8I	
21.1845065	81.3883414		
25.9758652	86.8304953		brickyard
10.8078999	76.8107504	Featherlike Foam Pvt Ltd	
11.1734694	75.9023630		
27.3824125	76.8725679	pump	
19.7114533	83.3985937	Vedanta Alumina Refinery	
24.6526274	72.9255503		
8.9455978	77.8322138		
8.9319097	77.8381804		
10.7587288	76.7637002	Navbharat Systems and Devices Private Limited	machine_shop
10.7889630	76.7611743	Bhoopathy steels	factory
10.7859291	76.7609245	Venkateswara Air Products Private Limited	factory
10.7868456	76.7610429	Shastha steel	factory
8.9714786	77.8984664		
10.7962204	76.7695470		
12.9951366	80.1563998		
18.6397663	73.6830471		
11.1458916	75.9457367	CAFS	
11.1473569	75.9429693	CAFS	
25.7110860	79.3583492		
10.7945572	76.7356622	transtek industries	
26.8713227	70.8577125	Jaisalmer Civil Air Enclave Solar Farm	
26.4664107	85.7042216		
26.9237571	82.1962926		
18.9037728	73.0506727		
18.9028971	73.0478456		
18.7648194	73.1787135		
18.6744510	73.0024222		
18.8970917	72.9898878		
18.9017983	73.0140562		
18.8732483	72.9715550		
13.3165808	80.2041425		
22.3668524	82.6319001		
21.6972636	84.0330666		
21.7156672	84.0420114	Aryan Ispat	
26.9799450	82.1139156		
32.7460350	79.3845099		
26.9342582	81.9995620		
21.6476674	69.5768834		
11.1873593	76.2344856	Hollow Bricks	
11.1896759	76.2342493	Beef Stall	slaughterhouse
21.7209534	84.0482600		
26.9992692	82.1141847		
26.9980659	82.1159000		
26.9947403	82.1161924		
26.9912043	82.1180672		
27.0104629	82.0878039		
12.0652709	75.2837349	Mascot industries	
10.1833289	76.2046730	Lakshmi Flour Mills	
12.3303487	75.0858970		
9.6661344	76.5296077		
9.6112139	76.5370932		scrap_yard
21.2894893	83.7831960		
21.3675039	83.8464157		
21.3114928	83.7932262		
21.3124049	83.7944493		
27.2381936	81.8028313		
27.2445144	81.7758281		
27.2420701	81.7898119		
27.2382139	81.7872570		
27.2657775	81.8253015		
27.2187047	81.8831045		
21.8219423	83.9956863		
27.2298406	82.1189497		
27.3530367	81.9945328		
27.3624132	81.9830516		
21.7493504	83.8610700		
21.7665443	83.8435283		
21.7759843	83.8446428		
21.7462445	83.8358291		
27.2779480	82.1277339		
27.2810840	81.9307700		
27.2496079	82.0469002		
27.2635255	82.0619032		
27.0755481	82.0255337		
27.2910256	82.0217236		
27.0702489	82.1320992		
27.1423939	81.7095762		
27.6893863	82.2401507		
27.7364020	82.1820031		
23.4974186	76.0206215		
27.7435523	82.1667910		
27.6912364	82.1322099		
27.6938085	82.2242801		
26.2631026	74.1875606	Shree Ras Cement Power Station	
27.7269192	82.1650909		
21.7856504	83.8942653		
21.8039239	83.9096475		
29.4675506	76.8755935	IOCL Panipat Captive Power Plant	
9.3277629	78.9215134	Valantharavai Combined Cycle Gas Power Plant	
9.3278345	78.9236856	Arkay Valantharvi Power Plant	
22.3398247	82.6621091		
24.2089688	82.5267810		
11.9163006	76.9392567		
11.9148440	76.9409787		
13.5771132	77.5099343	Sugar Factory	sugar
13.7263106	77.5157172		
13.7077572	77.5211513		
13.7390046	77.5161516		
13.7342105	77.5110179		
13.7414121	77.5012761		
13.7292339	77.5035292		
13.5023670	77.5103796		
28.0012095	78.1421146		
28.0168356	78.1547627		
28.0149420	78.1842558		
28.0527818	78.1339089		
9.6443473	76.5506515	ET Plant	
13.5515189	77.5132066		
13.2531771	77.5541464		
13.2470590	77.5548847		
13.2513943	77.5467034		
28.6880784	77.1846261	Transformer	
9.6285551	76.5406724	German Tech	
27.0101443	94.9763547		
27.0381327	95.0208378		
27.0558527	95.0494750		
27.1875113	95.3716492	A. P. L. Methanol plant	
27.4344499	95.4487842		
27.5540106	95.5452534		
27.5440288	95.5248859		
28.8337142	78.9430560		
24.8366451	92.7714534		
25.8915039	92.9761087		
26.9190314	95.0649346		
26.9141053	95.0649827		
27.0172780	95.0413808		
27.0183974	95.0046077	SONARI TEA ESTATE	
27.0982175	95.1517061		
27.1062544	95.1727832		
26.8624096	94.8086952		
15.8570284	76.1664393		
14.9148641	78.2760439	Kadapa Ultra Mega Solar Park	
13.9064369	78.1815527	Ahalia Arkha Solar Power Private Limited	
28.8201757	78.9527616		
18.6748676	73.9209204		
18.6618360	73.9615555		
18.6609882	73.9581177		
18.6613398	73.9573559		
18.6618970	73.9563579		
18.6659503	73.9234370		
18.6673067	73.9229104		
18.6730463	73.9198154		
18.6738291	73.9211093		
18.6685980	73.9200845		
18.6936246	73.9145716		
18.6923356	73.9132094		
18.6934353	73.9139948		
18.7009379	73.9193550		
18.8181105	73.8718960		
18.8227500	73.8626906		
18.8185776	73.9728301		
18.8346997	73.9910606		
18.8346286	73.9916917		
18.8342770	73.9907098		
18.8373893	73.9934536		
18.8363352	73.9912752		
18.8355031	73.9978766		
18.6968703	74.0790564		
18.6969186	74.0769535		
18.6970038	74.0821919		
18.6978523	74.0811270		
18.6949911	74.0858383		
18.6929653	74.0873578		
18.6572457	74.0791565		
18.6667049	74.0909198		
18.6722982	74.0888840		
18.6718900	74.0882000		
18.6651687	74.0929811		
18.6700836	74.0897772		
18.6699982	74.0938662		
18.6828047	74.1117579		
18.6846048	74.1129354		
18.6849186	74.1120435		
18.6870656	74.1122493		
18.6865921	74.1141665		
18.6875501	74.1096093		
18.6876526	74.1102718		
18.7681201	74.2623263		
18.7845767	74.2569968		
18.7229266	74.1940628		
18.7194725	74.1973468		
18.7191529	74.1963403		
18.7213266	74.1966895		
18.7193702	74.1950486		
18.7224339	74.1984501		
18.7233146	74.1962573		
18.7178607	74.1942680		
18.7185268	74.1904064		
18.7192343	74.1907825		
18.7673476	74.2434691		
18.7827335	74.2584583		
18.7782648	74.2611064		
18.7713041	74.2636092		
18.7695675	74.2646347		
18.7819242	74.2701632		
18.7828400	74.2696665		
18.7838012	74.2691712		
18.7859018	74.2692122		
18.7866002	74.2706149		
18.7784065	74.2678168		
18.7761662	74.2676211		
18.7794573	74.2710650		
18.7826157	74.2565335		
18.7838555	74.2599151		
18.8039939	74.3116455		
19.8805928	73.9618802		
19.8808042	73.9650491		
19.8814169	73.9845184		
19.8815702	73.9809174		
19.8657926	73.9778858		
19.8731334	73.9810141		
19.8747283	73.9775899		
19.8759834	73.9784470		
19.8756402	73.9795458		
19.8802606	73.9806260		
20.0832635	74.9020267		
20.3420227	74.0104937		
20.5495131	74.5627673		
20.5618272	74.5705611		
20.5627508	74.5723522		
20.5727908	74.5704170		
20.5307683	74.4913857		
21.0813992	74.6124042		
20.0058824	74.8482415		
18.6349348	74.0325267		
18.6303033	74.0319662		
18.6445375	74.0659302		
18.7751046	73.6642743		
18.7832813	73.6965642		
18.7803820	73.6947513		
18.7899461	73.6958576		
18.7898274	73.6952321		
18.7875217	73.6953386		
18.7819233	73.6970990		
18.4863986	74.1740977		
18.5140125	74.1866586		
18.5073493	74.1824850		
18.5124617	74.1848159		
18.5171415	74.1802048		
18.5184895	74.1823054		
18.5184374	74.1813827		
28.8533839	78.9157740		
28.8654358	78.9182201		
28.8634892	78.9213362		
28.8666362	78.9227886		
28.8699869	78.9263177		
18.5218143	73.9153519		
18.5209146	73.9135811		
18.5277313	73.9110108		
18.5260269	73.9109871		
18.5255098	73.9135724		
18.5217394	73.9121708		
18.6122757	74.0155524		
18.5958664	74.0121796		
18.5729779	74.0087382		
18.5757086	74.0149756		
18.5760103	74.0123095		
18.5793393	74.0136270		
18.5775086	74.0135327		
18.5874697	74.0914992		
18.5436590	74.1751103		
18.5164306	74.1978059		
28.8380533	78.9293801		
27.9252317	78.5578741		
28.8339355	77.2649077		
28.6783995	77.1998136	Birla Mill Textiles	
28.4617967	78.8946964		
28.4606884	78.8918084		
28.4634850	78.9237696		
28.4640238	78.9188343		
28.4609766	78.9114187		
28.4605493	78.9000911		
28.4719651	78.9008997		
28.4711753	78.9013959		
28.4695424	78.9023883		
28.4664689	78.9013316		
28.4645296	78.9009895		
28.4644518	78.8977991		
28.4665032	78.8940655		
28.5038195	78.9174316		
12.4815481	77.0411780		
12.6510162	77.1925780		
12.6181356	77.0721066	Somanahalli Industrial Area	
28.4793165	78.9052678		
12.5742140	77.0100135		
12.5802665	77.0331636	TAPMCS Market	
20.9735683	85.9999117	IEL Kalinganagar Tata Steel Power Station	
33.1451307	78.8445588		
24.6569871	74.6336319	Wonder Cement Power Station	
22.3251255	69.7369145	Vadinar Power Plant	
29.1518751	78.9215681		
29.1550344	78.9359142		
29.1541495	78.9300526		
29.1581138	78.9344134		
29.2249514	78.9879909		
29.2349607	78.9806170		
29.1275371	78.9505583		
29.1280604	78.9621615		
29.1286620	78.9558093		
29.1354168	78.9547213		
29.1344574	78.9540707		
29.1631889	79.0098954		
29.1693360	79.0049896		
29.1645568	79.0138113		
29.1891337	79.0020874		
29.1913686	79.0029560		
28.4630747	78.8588266		
28.4634691	78.8491338		
34.0744345	74.7722482	Bemina Grid Station	
19.1240697	73.0544015		
19.1267630	73.0569577		
19.1020002	73.0664098		
19.1033668	73.0701971		
9.4542707	76.3346175		
9.4550768	76.3344270		
9.4546464	76.3344512		
9.4566295	76.3335097		
19.0091302	73.3790535		
19.1235428	73.1403503		
19.1261913	73.1440956		
19.1284185	73.1342563		
12.6539947	77.7540685		
12.6673168	77.7952763		
12.5988847	77.6675789		
12.6146153	77.6935792		
12.6173407	77.6919135		
19.0951673	73.1128289		
19.0913341	73.1222813		
19.0927227	73.1227698		
19.0854888	73.1264849		
19.0815730	73.1289450		
19.0813574	73.1284153		
19.0842247	73.1330249		
19.0667622	73.1313224		
19.0593317	73.1252959		
19.0603502	73.1262222		
19.0589585	73.1258611		
19.0605892	73.1235137		
19.0617167	73.1252551		
19.0622082	73.1249792		
19.0643428	73.1248908		
19.0645412	73.1252590		
19.0647691	73.1279952		
19.0688093	73.1300778		
19.0690498	73.1305448		
19.0701447	73.1325877		
19.0708415	73.1339142		
19.0731701	73.1367397		
19.0758268	73.1370714		
19.0775859	73.1393092		
19.0785678	73.1404853		
19.0770171	73.1422618		
19.0779043	73.1418080		
19.0775928	73.1421991		
19.0785575	73.1428266		
19.0804812	73.1432096		
19.1017652	73.1239810		
19.0995330	73.1261199		
19.0996917	73.1251587		
19.1066006	73.1254735		
18.7875705	73.2905137		
18.7955557	73.2984397		
18.7800374	73.3066285		
18.7694948	73.3067947		
18.7724716	73.3080393		
18.7693627	73.3167779		
18.7885049	73.2671141		
19.0159771	73.3796677		
19.0323426	73.4443599		
15.3638353	73.9339275		
15.3629556	73.9349581		
10.1818225	76.4254959	S Toughen Glass house	
21.6291087	73.0411740		
21.5541149	73.0002565		
21.5563034	73.0024066		
21.5621436	72.9967089		
21.5613452	72.9970071		
21.5665026	72.9974917		
21.5651287	72.9976874		
21.6256419	73.0196521		
21.6210278	73.0212468		
21.6210861	73.0202240		
21.6213389	73.0192882		
21.6223123	73.0193987		
21.6231982	73.0197145		
21.6178553	73.0218866		
21.6255524	73.0468025		
21.6260263	73.0437242		
21.6255479	73.0386064		
21.6267903	73.0403281		
21.6254606	73.0402228		
21.6237926	73.0365402		
21.6225162	73.0344324		
21.6196538	73.0339168		
21.6180511	73.0337178		
21.6172768	73.0338076		
21.6143804	73.0338185		
21.6173643	73.0324662		
21.6178386	73.0319895		
21.6178607	73.0316588		
21.6174801	73.0299344		
21.6182709	73.0281682		
21.6188940	73.0235293		
21.6190104	73.0168454		
21.6197761	73.0175189		
21.6166768	73.0172851		
21.6177307	73.0070385		
21.6176103	73.0077298		
21.6168396	73.0151083		
21.6175002	73.0147093		
21.6178187	73.0135319		
21.6290904	73.0109365		
21.6302151	73.0144869		
21.6229629	73.0083196		
21.6204896	73.0070149		
21.6267620	73.0246398		
21.6233834	73.0279752		
21.6235846	73.0251378		
21.6209512	73.0264516		
21.6196678	73.0251751		
21.6238560	73.0145186		
21.6269773	73.0154721		
21.6280240	73.0154558		
21.6154192	73.0510439		
21.6184893	73.0457304		
21.6302375	73.0411944		
21.6309359	73.0462909		
21.6313135	73.0479466		
21.6315251	73.0483947		
21.6329663	73.0479563		
9.9810793	76.6024299	kanjirakkattu hollow bricks	
22.4281221	73.3173358		
22.4303484	73.3249533		
22.4284984	73.3252087		
22.4251667	73.3200126		
22.4702785	73.2238178		
22.4877989	73.2971951		
22.4642280	73.3217118		
22.4667097	73.3216161		
22.5197870	73.2597756		
22.7167990	71.6665575		
22.7152662	71.6621604		
22.7294104	71.6906773		
22.7214337	71.6633975		
22.7293439	71.6668992		
22.7268164	71.6654933		
22.7247309	71.6636963		
22.7245856	71.6654451		
22.7022095	71.5889482		
10.0853616	76.2767980	cardboard factory	
20.0742915	74.2109768		
20.0842107	74.2029718		
20.0830324	74.2026445		
20.1243299	74.2312597		
20.1449384	74.2082951		
19.3320543	72.8943045		
19.3319221	72.8922982		
19.3450289	72.8889736		
20.0857532	74.1940742		
20.1322452	74.2332995		
10.1656159	76.4949445		
29.0206384	77.7716973		
29.0211337	77.7697344		
29.0354270	77.6726572		
29.0125121	77.6863686		
29.0141757	77.6840023		
28.8818714	77.1199236		
28.8827698	77.1216798		
28.8674633	77.1323332		
28.8688010	77.1334935		
28.8692547	77.1318305		
28.8690303	77.1345733		
28.8680163	77.1345583		
28.8711464	77.1372238		
28.8704729	77.1372121		
28.8697992	77.1371999		
28.8691148	77.1379594		
28.8691306	77.1364182		
28.8963183	77.0641347		
28.8965585	77.0680363		
28.8873016	77.0880734		
28.8916502	77.0977459		
28.8903478	77.1039806		
28.8968925	77.1092311		
28.8978677	77.1082147		
28.8979170	77.1060997		
28.8974537	77.1054905		
28.8990420	77.1058290		
28.8996453	77.1044089		
28.8962017	77.1054698		
28.9003869	77.1069136		
28.8927675	77.1035417		
28.8929255	77.1042731		
28.8941993	77.1039602		
28.8930258	77.1072812		
28.8930445	77.1060510		
28.8850396	77.1037774		
28.9657843	77.6219970		
28.9664155	77.6294227		
28.9659638	77.6320432		
28.9655413	77.6288809		
28.9466047	77.6576973		
28.9488903	77.6588564		
28.9532381	77.6790449		
28.9576181	77.6786707		
28.9584799	77.6774678		
28.9061236	77.7463965		
28.9078647	77.7462422		
28.9111095	77.7418459		
28.9102914	77.7406244		
28.9066978	77.7391204		
28.9071292	77.7391916		
28.9099247	77.7361839		
28.9086842	77.7394268		
28.9458332	77.6688029		
27.8528671	78.4977597		
27.8542153	78.4931946		
27.8554022	78.4929317		
11.6782922	75.6183353	"The Ajay Vivers Industries - Cooperative Society, Edacheri North"	
11.6588783	75.6169353	Thuneri Block Irumb Uruk Sahakarana Sangam	
10.1829135	76.4278164	Rice mill	
23.2435023	72.3388481	Shiyapura Hydro Power Plant No.1	
9.1679252	76.4940622	Cashew Factory	
10.0947117	78.7583122		
10.1058262	78.7615845		
10.0642368	78.7919632		
10.0807515	78.7663628	TNEB KaraiKudi	
10.0624171	78.7484738		
10.0719218	78.7581888		
10.0712167	78.7568021		
10.0743462	78.7223518		
9.7012620	76.3377037		scrap_yard
26.9405285	78.1379695		
26.9391931	78.1391135		
26.9365269	78.1439576		
26.9338714	78.1428954		
26.9323255	78.1423321		
26.9309433	78.1375953		
26.9276791	78.1392623		
26.9255567	78.1411855		
26.9294715	78.1428632		
10.1643036	76.4712085	Nano Plastic	factory
8.8946813	76.9130996	Sreelekshmi Cashew Exports	
13.2863020	75.7822484		
13.8539751	75.6858230		
13.8384627	75.7142517		
13.8277823	75.7118074		
13.8344170	75.7024477		
13.8493884	75.6922589		
23.6165428	87.2891584		
23.5911169	87.3016762		
23.5215599	87.2761066		
23.5310950	87.2671720		
23.7401135	86.7708456		
23.7544624	86.7861088	Maithan Ceramic Limited	
23.7395957	86.8290516		
23.7763074	86.8604140		
23.7764007	86.8667293		
23.7752262	86.8710073		
23.7380450	86.9020734		
23.7112379	86.9412437		
23.7266655	86.9645857		
23.6872347	87.0942819		
23.6848921	87.0899749		
23.6718656	87.0968182		
23.6256565	87.1313466		
23.6095024	87.1491520		
23.6088628	87.1500966		
23.6056981	87.1538799		
23.6123696	87.1464249		
23.6145179	87.1491198		
23.6462024	87.2720728		
23.6395907	87.2864052		
23.6391200	87.2849693	Jhanjra KB & RS Factory	
23.6405314	87.2862200		
23.6361442	87.2747268		
23.5023168	87.3753009		
23.5036366	87.3734537		
23.5006535	87.3689638		
23.5010665	87.3797902		
23.5006556	87.3806714		
23.5005138	87.3754547		
23.4986119	87.3762055		
23.4995843	87.3732424		
23.5010957	87.3731117		
23.4953852	87.3729632		
23.4906290	87.3618087		
23.4880901	87.3628327		
23.4888926	87.3650957		
23.4911537	87.3650774		
23.4903956	87.3666999		
23.4875628	87.3609965		
23.5070355	87.3294621		
23.5098780	87.3130368		
23.5077876	87.3131728		
23.5166697	87.3144736		
23.5139746	87.3186572		
23.5148884	87.3169588		
23.5605871	87.2485737		
23.5621193	87.2315432		
11.6466048	78.0635973		
11.4100315	77.7809248		
11.4039639	77.7815049		
11.4030251	77.7989836		
11.4032330	77.8092105		
11.3969133	77.8991976		
11.4032035	77.8831550		
11.4048868	77.8959055		
11.4259463	77.9171969		
11.4791927	77.8900087		
11.4902824	77.8701777		
11.5535159	78.0057044		
11.5554329	78.0135204		
11.5544185	78.0090465		
11.6444915	78.0495834		
11.7278627	78.0623104		
11.7179808	78.0424111		
11.7126375	78.0544589		
11.7157182	78.0593781		
11.7143597	78.0645749		
11.7187949	78.0706716		
11.7063315	78.0943109		
11.6191114	78.1024960		
11.6214207	78.1322122		
11.6230943	78.1319278		
11.6413134	78.1327673		
11.6545441	78.0729125		
11.6619400	78.0193754		
11.6605019	78.0360718		
15.7784526	76.7395154		
15.6166616	76.6627371		
15.6223446	76.6719157		
15.4514725	76.5526002		
15.4506917	76.5524876		
16.5145130	77.3173249		
16.5244696	77.3070788		
17.9908783	78.8883164		
10.7864840	76.7439869	Rajeswari Enterprises	
18.3891659	76.4994325		
18.3866805	76.4895173		
18.3819763	76.4772033		
18.3787797	76.4724183		
18.3663856	76.4720294	Marathwada Railway Coach Factory	
19.3118294	76.5003294		
13.5555398	77.0116872		
22.3503301	82.5700986	South Eastern Coalfields Ltd. (SECL) - Junadih Rapid Coal Loading System (JRGR)	
22.9419299	88.6292520		
22.9408842	88.6323034		
26.4790801	81.5729497	Dev atta chakki	
26.4777603	81.5724799	oxygen gas plant	
22.1076162	85.2706395		mine
10.1395284	76.4127349	Brick firlds	
28.5246252	78.8800147		
15.3687404	76.3047320		
15.3645221	76.3090450		
15.4398385	76.4557913		
15.4321286	76.5434861		
15.4571909	76.4590422		
15.4546470	76.4588732		
15.4455417	76.4528864		
15.4493370	76.4524814		
15.3747004	76.3336327		
15.3294120	76.2065961		
15.3519108	76.2629592	Ginigera Cement Works	
23.0149099	72.3578878		
16.6071648	76.8790412		
16.0220945	76.3954764		
16.4605285	76.5228439		
27.7709123	78.6272702		
27.7605632	78.6310280		
27.7617511	78.6219473		
27.7653682	78.6342426		
27.7650425	78.6313760		
27.7655059	78.6293006		
27.7670237	78.6294850		
22.0254271	84.9150333		
22.0221508	84.9133951		
27.6334813	77.9524049		
10.7991541	76.0424431		
31.7066514	76.0488989		
31.7015535	76.0910135		
31.6245329	76.1531550		
31.6815838	76.1297473		
31.6814560	76.1262363		
32.0443983	75.4210406		
32.0516938	75.4323917		
32.0209120	75.3885644		
27.6211604	77.9183824		
27.6256988	77.9266061		
10.0177081	76.6511394	oil factory	
27.6376302	77.9356371		
27.6375547	77.9340499		
27.6390036	77.9336925		
27.6406265	77.9322059		
22.6136499	75.7253567	"ICD Dhannad, Indore container terminal"	
10.8148241	76.8118866	GENROBOTICS	
27.6234941	77.9334712		
15.8585709	74.4405076	Uchagavi Substation	
15.8204634	74.4840947	Udyambag	
23.1425361	79.6807923		
19.0337423	79.3486851		
26.8939802	74.7446787		
26.9949770	74.6984857		
26.7737841	74.8544883		
26.7739277	74.8657697		
27.0494681	74.7451347		
26.6111552	73.6907959		
26.6101720	73.6913297		
26.6052653	73.6828351		
26.6301032	73.7337998		
26.6346252	73.7322414		
26.6545713	73.7452903		
26.6499638	73.7345025		
26.6443853	73.7279740		
26.6441815	73.7433028		
22.9177019	88.6421697	Nagarukhra Farmers Service Co-operated LTD (Cold Store)	depot
15.3977307	74.0192244		
15.4004641	74.0208833		
15.3907538	74.0268284		
15.3876143	74.0321285		
15.3640041	73.9224288		
27.9251214	78.3145239		
27.9188641	78.3219784		
27.9215932	78.3232484		
27.9213870	78.3177271		
11.8208625	75.5010422	picos	
10.8145772	76.8109697	ComTrol Industries Pvt Ltd	
27.9290322	78.2902392		
9.4020133	77.4937874		
27.8154002	78.1114271		
11.6562203	76.1968682	Panda Foods (India) Pvt Ltd	
10.8603134	76.0361645	"Kinfra Industrial Park, kuttipuram"	
9.7456821	76.3553265		
9.7481565	76.3610342	KSIDC Mega Food Park	
26.4707787	81.5654101		
11.8112463	75.5119471	vyvasaya kendram	
27.6962690	77.8544802		
18.6433632	74.0205824		
18.6450969	74.0207805		
18.6456611	74.0214815		
18.6406718	74.0201386		
18.3125904	73.8672832		
18.3282297	73.8506057		
18.3691264	73.8522812		
18.4458951	73.9653042		
18.0125767	74.4558860		
18.0530110	74.3331867		
18.0083759	74.3405503		
18.0109123	74.3429870		
18.0100326	74.3464745		
18.0040456	74.3340783		
27.6768887	77.8370538		
11.0792983	76.1458337	Modern Distropolis	
11.0716458	76.1196062	"Paper Plate Factory, Perimbalam"	
11.1102389	76.0918263	Elite Chair Factory	
18.4142227	74.0057610		
22.2346600	73.2297054		
30.1272124	78.1646361		
30.1263749	78.1679928		
30.1269374	78.1679352		
30.1277634	78.1659168		
30.1271742	78.1660093		
28.3086054	77.2979701		
28.3290512	77.3036943		
28.3349609	77.3049404		
28.3336925	77.3038167		
28.3343538	77.3038152		
28.3357962	77.3096019		
28.3533654	77.3011098		
28.3549017	77.3084540		
28.3537683	77.3085303		
28.3502301	77.3137737		
28.3497595	77.3198680		
28.3512809	77.3190783		
28.3512172	77.3181508		
28.3519523	77.3086606		
28.3489594	77.3088488		
28.3484161	77.3009936		
28.3469258	77.2963882		
28.2999507	77.2935981		
28.3080375	77.2994132		
28.3084875	77.2994147		
28.3084358	77.2979140		
28.3089483	77.2994155		
28.3094046	77.2994166		
28.3098477	77.2994189		
28.3107456	77.2994234		
28.3102951	77.2994198		
28.3100481	77.2986344		
10.1417865	76.4140805		
28.3743709	77.3007109		
28.3763491	77.2927958		
28.3623683	77.3089931		
28.3617184	77.3061967		
28.3612529	77.3020464		
28.3648481	77.3164795		
28.3660551	77.3181690		
28.3611017	77.3182355		
28.3606322	77.3167844		
28.3577194	77.3185017		
28.3576140	77.3170392		
10.7033961	76.3409568	110 kV substation Venganellur	
28.6733660	77.3837978		
28.3877254	77.3327115		
28.3843487	77.3330681		
28.3616615	77.3129871		
28.3619285	77.3129796		
28.3704711	77.2974735		
28.3740849	77.2957025		
28.5257411	77.2896981		
28.5240857	77.2917933		
28.5229948	77.2915053		
28.5227173	77.2907876		
28.5218107	77.2910381		
28.5209704	77.2931766		
28.5198667	77.2937424		
28.5201506	77.2935930		
28.2183538	76.8572559		
28.2134304	76.8578822		
28.2146347	76.8599801		
28.2182694	76.8621788		
28.2173217	76.8636507		
12.9846165	74.8744010		
12.9894656	74.8721374		
12.9867550	74.8493302		
12.9513240	74.8171004		
12.9591651	74.8247333		
12.9527469	74.8327836		
12.9553953	74.8340405		
12.9590932	74.8259819		
12.9585535	74.8231119		
12.9512286	74.8249250		
12.9504136	74.8182719		
12.9482361	74.8213133		
12.9482166	74.8201561		
12.9485378	74.8236893		
13.1522466	74.8101080		
13.1313204	74.7981231		
12.9733432	74.8382124		
12.9817102	74.8599816		
27.6701752	77.8650152		
27.6657521	77.9114918		
27.6704442	77.9081948		
27.6714111	77.8425450		
27.6497016	77.8690164		
27.6517615	77.8657977		
11.2856210	75.9235401		
27.6578091	77.8983530		
27.6582890	77.8920968		
11.0503403	76.2308661	"Laila Rice and Flour Mill,Poonthanam"	
10.8480316	76.0960913	"Flour Mill,Mechiriparambu"	
27.6895823	77.9274845		
27.6909443	77.9267522		
8.9424714	76.6784791	Capex Cashew Factory	
27.6933121	77.8478148		
27.6911248	77.8437191		
27.6593782	77.8551185		
11.2859870	75.9241090		
27.6299252	77.8921773		
27.6298521	77.8898236		
27.6272375	77.8904526		
27.6237715	77.8923677		
27.6256809	77.8869362		
27.6135748	77.9093098		
27.6439666	77.9065961		
27.6347704	77.8927552		
27.6379675	77.8911594		
27.6479405	77.8761705		
9.9938799	76.2739371		
9.9893074	76.2570597		
19.2552325	79.2663788		
11.2944596	75.9172415		
10.1889295	76.1723341		
10.1887381	76.1712397		
9.0660677	76.5886832	MMK Cashew Factory	
10.1787036	76.1762059		
10.1751673	76.1764942		
10.1739372	76.1771889		
10.1761362	76.1816132		
11.6377559	75.5638163	Khadi Manufacturing Unit	
10.0697008	76.2945020		
10.0753919	76.2954328		
10.0803963	76.3126257		
10.0707157	76.3027908	BSES Kerala Power Limited	
10.0873415	76.2900173		
10.0803197	76.2945731		
10.0807686	76.3039735		
15.6836173	78.4589481		
21.8398698	85.4333621		
12.9311524	74.8131073	Mechanised coal berth operated by UPCL	port
27.6555118	77.9844332		
27.6601194	77.9916483		
18.7387946	73.8143128	Tata International Vehicle Applications Pvt. Ltd.	
18.7377703	73.8097626	Mahindra Logistics Ltd	
22.0485231	85.2891183		
22.1325514	85.3784034		
22.1341017	85.3836179		
22.1070898	85.3689515		
22.1026630	85.3255239		mine
22.1321291	85.4182184		
22.1395726	85.4148441		
27.6315399	78.0802028		
27.6373968	77.9873909		
20.4459326	85.8249521		
21.5193417	74.3489409		
21.6480613	74.4771379		
9.1714123	76.5965078	Kerala State Cashew Development Cooperation Karimulackal	
16.4483227	74.5508449	Chikkodi	
16.4135272	74.9216804		
17.3721013	77.4465043		
22.0639564	85.3111289	KAro Pump House	pumping_station
27.6096852	78.0396237		
27.6193060	78.0318962		
27.6161410	78.0290786		
9.0898978	77.7766612		
9.0931926	77.7801481		
8.9745467	77.8474742		
23.6685985	71.5784007	Bhadrada	
23.6669009	71.5458640		
18.7501029	73.8329993	Volkswagen Group Tools Library	
18.7545511	73.8279539	Sujan Cooper Standard AVS Pvt. Ltd.	
18.7534866	73.8284477	Precitek Industries	
18.7517754	73.8301287	Ascent Castings Technologies	
18.7517382	73.8307708	AIEMDET Engineerings Pvt Ltd	
18.7517480	73.8318028	Grupo Antolin-Chakan	
18.7401469	73.8326445	L&L Products India Pvt. Ltd.	
18.7489089	73.8400927	STIHL INDIA PRIVATE LIMITED	
18.7484629	73.8414234	INTORQ INDIA PRIVATE LIMITED	
18.7405043	73.8149968	DIAM DISPLAY INDIA PVT. LTD.	
18.7400918	73.8084923	Victory Precisions Pvt Ltd	
22.2433227	70.3639634		
22.2442977	70.3622585		
22.4230553	70.0478218		
22.4230655	70.0453324		
22.4249381	70.0354123		
22.4317341	70.0384260		
22.4336706	70.0320870		
22.4351378	70.0313867		
22.4305530	69.9996629		
22.4298272	70.0069157		
22.4326537	69.9471504		
22.3426404	69.8168785		
22.3575057	69.8491025		
21.7156165	70.4506937		
21.7184510	70.4480734		
21.7351619	70.4336151		
21.7351049	70.4350505		
21.7542416	70.2708825		
22.0421423	71.2196926		
22.0567960	71.2237878		
22.0759364	70.8845975		
22.1548112	70.8491241		
22.1582890	70.8572933		
22.1685822	70.8466430		
22.1694902	70.8443459		
22.1595582	70.8239571		
22.1489335	70.8568310		
22.1529571	70.8523656		
22.2396563	70.8061979		
22.2371116	70.8055337		
22.2280743	70.8097329		
22.2294410	70.8066165		
22.2040886	70.8016849		
22.2932419	70.6510323		
22.2873017	70.6406173		
22.2469919	70.6792084		
22.2427819	70.6801080		
22.2432469	70.6821443		
22.2431271	70.6814281		
22.2423093	70.6820226		
22.2404033	70.6857258		
22.2397193	70.6836522		
22.2394988	70.6822880		
22.2372341	70.6870613		
22.2374304	70.6867611		
22.2331263	70.6859184		
22.2346767	70.6886511		
22.2303666	70.6856281		
22.2284191	70.6876510		
22.2323617	70.6688299		
22.2306199	70.6747056		
22.2305167	70.6739972		
22.2430698	70.6734559		
22.2422714	70.6736025		
22.2400070	70.6735909		
22.2495145	70.6863282		
22.2384406	70.6790041	Metoda GIDC	
22.3975806	70.0486227		
22.4202669	70.0441348		
22.4202399	70.0430295		
22.4193442	70.0441494		
22.4140681	70.0490472		
22.4130196	70.0428807		
22.4123824	70.0484307		
22.4126375	70.0494311		
22.0391130	70.4128923		
22.0392224	70.4075012		
22.0357828	70.4010122		
22.1993260	70.7762028		
22.1835969	70.8558374		
22.1458774	70.8521255		
22.1420732	70.8471632		
10.7304394	75.9628579	"Plastic Dispenser, Parichakam"	
22.0218590	70.7917785		
22.0292980	70.7936064		
22.0311604	70.7933296		
22.1525553	70.8029846		
22.1568224	70.8073448		
22.1811261	70.8425530		
22.1809676	70.8499602		
21.9562191	70.7687837		
21.9628945	70.7618465		
22.0162567	70.7866492		
22.0250545	70.7924483		
21.1156930	73.4128711		
21.1159607	73.4130983		
21.1694988	73.7659518		
21.2135115	73.5742440		
21.2044664	73.5725770		
15.3623909	77.4913332	Puchakayala	
27.4263235	72.1742776		
27.4189249	72.1707129		
27.4070926	72.1748516		
27.3943963	72.2130006		
27.4094378	72.2032133		
11.3646447	76.0101827		slaughterhouse
11.3567553	75.7583520	chicken stall	slaughterhouse
26.6012624	71.5441430		
27.1313794	72.4235541		
14.8062866	76.1265461	Harapanahalli GSC	
14.8059079	76.1011926		
14.7927563	76.0849839	Harapanahalli RBW	
13.9775535	76.5410801		
13.6878955	76.6488916		
13.9895780	76.3720340	Holalkere	
13.9938359	76.3765455		
13.2694757	76.7420312	Turuvekere	
16.6225578	75.5549151		
16.4024419	74.6641302	Itnal	
16.3734527	74.7737069	Raibagh	
14.5563304	76.4587447	Vedanta Energy Solar pvt ltd	
14.4999321	76.7302904		
14.2983635	76.7908632		
14.5529095	76.7620137		
12.8737158	74.8896602		
14.3921336	77.2030695	Kambadur	
14.5226559	76.4343752		
14.5799260	78.5716840		
14.5881753	78.2146203	Lomada	
14.5660663	77.8426382		
14.5765513	77.1857384	Boram Palli	
11.0567056	76.2249506	"MK Hollow Bricks, Kondiparamb"	brickyard
13.6879580	77.4487022		
13.9563033	76.7938274		
13.8431323	77.2636083		
13.8341669	77.3406239		
13.8297211	77.3576934		
13.8391998	77.3515954		
13.7616607	78.1056462		
13.7314279	78.4237254		
13.7408806	78.6206826		
14.0234985	77.0444208	Basavanahalli	
14.0247710	76.9396377		
12.8942132	76.8686530		
12.8802980	78.0388830		
12.9532014	76.7976522		
12.7968171	76.5782100		
12.7977351	76.5704020		
13.5141514	78.1004548		
12.4034079	77.3780876		
22.1098853	72.7549169		
17.6085507	76.3774805	Wagdari	
18.8925517	75.5844281		
18.8972154	76.6714329		
18.8794375	76.6699162		
18.8813314	76.6734344		
18.8848022	76.6779291		
18.8922783	76.6798308		
18.9002547	76.6764808		
19.2862588	76.4649055		
21.1257778	78.9636996		
21.1017873	78.2078746		
20.7906317	74.3536711		
11.0350488	77.3283809		
10.9792657	77.2738987		
10.9921868	77.2876999		
10.6895570	77.2121144		
10.6749441	77.4034202		
10.6626823	77.4485483		
10.9371854	77.3269544		
10.9307577	77.3267277		
10.9269306	77.3304038		
10.8951328	77.2079392		
10.9023106	77.2137044		
10.9033308	77.2133946		
10.9279106	77.2838333		
10.9611827	77.2832120		
10.9684774	77.2797675		
10.9788880	77.2725555		
10.9789261	77.2734734		
10.9816559	77.2804900		
10.9886203	77.2819985		
10.9891166	77.2805910		
10.9920898	77.2869711		
11.0517615	77.3552610		
11.0328973	77.3271568		
11.0274295	77.3141559		
11.0305648	77.3110576		
11.0199041	77.3018269		
11.0168072	77.2865917		
11.0037040	77.2450807		
10.9839857	77.2507662		
10.9946220	77.2571985		
10.9842703	77.4984884		
10.9843112	77.5000327		
11.1020896	77.4160088		
11.1143957	77.3957958		
11.1197672	77.4029927		
11.1185551	77.4020439		
11.1281611	77.4161833		
11.1404842	77.3592125		
11.1426056	77.3522126		
11.1575652	77.3268423		
11.1684099	77.3284034		
11.1751148	77.3250301		
11.1856700	77.3287973		
11.1957886	77.3222690		
11.1926461	77.2815492		
11.1955093	77.2827862		
11.2014606	77.2377848		
11.2031278	77.2318136		
11.1820874	77.2415779		
11.1741332	77.2354302		
11.1784444	77.2360356		
11.1703331	77.2296606		
11.1711605	77.2318699		
11.1682851	77.2302975		
11.0465067	77.2142784		
10.9861735	77.2517775		
10.9875409	77.2289839		
10.9985592	77.2197272		
11.0038778	77.1892574		
10.9670188	77.3713642		
10.9634249	77.3664561		
10.9414868	77.3252788		
11.0586715	77.5929688		
10.5220711	77.4269609		
10.5286552	77.4234426		
10.5410156	77.4136724		
10.5516882	77.4012752		
10.5466817	77.4018970		
10.5303443	77.3851882		
10.5293508	77.3918447		
10.5768766	77.4472317		
10.6164221	77.4347193		
10.6141517	77.4412337		
11.3234062	76.0752817	Gini's bricks work	brickworks
23.3028876	85.1898575		
23.3083415	85.1844536		
23.3257751	85.2169397		
23.3372983	85.2219729		
23.3319168	85.2207355		
23.3102060	85.3023330		
23.3088289	85.3032851		
23.3532151	85.4107590		
23.3140816	85.3881818		
23.3102539	85.3556351		
23.3695474	85.3932396		
23.3689062	85.4477251		
23.3688370	85.4462704		
23.3723673	85.4315024		
23.3692307	85.4285426		
23.3704092	85.4239944		
23.3743054	85.4320405		
23.3574178	85.4150641		
23.3480638	85.4184724		
23.1998038	85.3170601		
30.2455768	77.2960134		
30.2506505	77.2940476		
30.2336790	77.3448685		
30.2294439	77.3750701		
30.2057786	77.3325894		
30.2049522	77.3311571		
30.2012374	77.3305240		
30.1997068	77.3289867		
30.1953996	77.3322816		
30.1965029	77.3327858		
30.1935084	77.3327020		
30.1773728	77.3023608		
30.1814611	77.3001343		
30.1626277	77.3086077		
30.1570172	77.3240853		
30.1584365	77.3243154		
30.1586622	77.3235085		
30.1429762	77.3911925		
30.1413516	77.3905860		
30.1380828	77.3908434		
30.1356487	77.3865732		
30.1357051	77.3794368		
30.1420421	77.3609606		
30.1394656	77.3526659		
30.1467280	77.3436669		
30.1467601	77.3449261		
30.1419576	77.3225112		
30.1431694	77.3221985		
30.1328951	77.3363200		
30.1325480	77.3349564		
30.1156355	77.2879302		
30.1135114	77.2861925		
30.1222145	77.2820793		
30.1222090	77.2821059		
30.0685160	77.7877361		
29.8730246	76.5919563		
29.8189459	76.4384705		
29.7977837	76.3758065		
29.7863576	76.4077153		
29.7657022	76.4009776		
29.7642207	76.3981377		
29.7627278	76.3975540		
30.0519825	76.9739173		
30.0614284	76.9754782		
30.0617997	76.9762080		
30.0661401	76.9749329		
30.0065829	76.8852190		
30.0338081	76.8851978		
30.0455607	76.8887307		
30.0459834	76.8878585		
30.2688396	77.4610852		
30.1998471	77.4046187		
30.2034953	77.3712882		
30.2045338	77.3721215		
30.2044067	77.3714158		
30.2061829	77.3752269		
30.2062821	77.3741656		
30.2064455	77.3729246		
29.9173312	76.9070649		
29.9796452	76.9051914		
29.9803317	76.9051914		
29.9914431	77.0222147		
29.9906594	77.0229072		
29.9934212	77.0246853		
29.9933621	77.0236369		
29.9933957	77.0227790		
29.9930508	77.0361999		
29.8764064	77.4975398		
29.9144995	77.5959072		
30.0435767	77.1668207		
30.0843833	77.2238342		
30.1186410	77.2457037		
30.1192920	77.2457163		
30.1199283	77.2450389		
30.1202512	77.2510708		
30.1210135	77.2511271		
30.1199924	77.2520127		
30.1235805	77.2469985		
30.1229603	77.2450790		
30.1231063	77.2457776		
30.1205027	77.2453988		
30.1207817	77.2443755		
30.1192268	77.2429245		
30.1188199	77.2466835		
30.1212979	77.2468461		
30.1160485	77.2498888		
30.1166135	77.2501825		
30.1172689	77.2507940		
30.1228627	77.2534537		
30.1218962	77.2509778		
30.1206591	77.2537818		
30.1217360	77.2534342		
30.1227698	77.2550865		
30.1033402	77.2296960		
30.0928651	77.2104056		
30.0939413	77.2104315		
30.0932273	77.2097026		
30.0938127	77.2093958		
30.0943971	77.2082790		
30.0824008	77.2234342		
30.0864054	77.2242012		
30.0875862	77.2176611		
30.0869886	77.2171955		
30.0796482	77.2069278		
30.0777170	77.2070513		
30.0740404	77.2031808		
30.0731596	77.2007346		
30.0703461	77.1965306		
30.0009878	77.1009058		
30.0224892	77.2388777		
30.0509158	77.2605305		
30.0514046	77.2617304		
30.0518090	77.2641177		
30.0493719	77.2639555		
30.0498625	77.2635050		
30.0454820	77.2510377		
30.0455786	77.2543261		
30.0402260	77.2498095		
30.0351262	77.2529215		
30.0334988	77.2536239		
30.0953729	77.3540842		
30.0943607	77.3541168		
30.0852514	77.3293057		
30.0863509	77.3350758		
30.0877642	77.3337984		
30.0919619	77.3282569		
30.1349001	77.3577714		
30.1343562	77.3576076		
29.1304119	75.7512562		
29.1268187	75.7637615		
29.1334817	75.7684172		
29.1030940	75.8687335		
29.1153068	75.8137262		
29.1155046	75.8105064		
29.1165100	75.8098470		
29.1201676	75.8023875		
29.1194764	75.8010694		
29.1206987	75.8010213		
29.1325298	75.7974445		
29.1307450	75.7953671		
29.1307608	75.7964621		
29.1307541	75.7969884		
29.1277609	75.7979645		
29.1281303	75.7979670		
29.1286255	75.7989525		
29.1292472	75.7989582		
29.1292391	75.7979567		
29.1096464	75.9843796		
29.1026842	75.9364473		
29.8629542	73.9322109		
29.8638624	73.9288724		
29.8696475	73.9249192		
29.8656271	73.9278542		
29.8664133	73.9242822		
29.8619305	73.9227738		
29.8611255	73.9231034		
29.8646029	73.9321948		
29.8661114	73.9334733		
31.1256660	75.4227748		
31.1274518	75.3799638		
30.9737088	74.5817332		
30.6274439	74.2390884		
30.6233599	74.2422026		
30.6248867	74.2435476		
30.6226785	74.2472561		
30.5965090	74.2176838		
30.5896627	74.2327925		
30.6128821	74.2527319		
30.6145967	74.2522990		
30.6114196	74.2550657		
30.6180618	74.2762531		
30.6199820	74.2777131		
30.4919160	74.1112052		
30.4958191	74.1161811		
30.5019623	74.1131628		
30.4465207	74.0499750		
30.4474850	74.0499640		
30.4039010	74.0853891		
30.4041601	74.0881665		
30.1822117	74.1745274		
30.1277573	74.1384572		
29.8670808	73.9321925		
29.8696177	73.9225653		
29.8701692	73.9230799		
19.0088083	72.8624972	SITE	
22.4541624	82.5176024		
16.5982044	77.0188862	Renew Solar	
16.6060197	77.0199483	Renew Solar	
16.6111500	77.0172688	Renew Solar	
16.6535073	75.4397034		
16.8950818	75.7091823		
16.8718483	75.7126504	Bijapur Essel 3	
16.9212211	75.5017912		
16.9679719	75.6061802		
16.9761811	75.6039619		
16.9916210	75.6044394		
16.9326449	75.6872204		
16.9664711	76.2412173		
16.9687031	76.2554276		
16.9496871	77.0075270		
17.0838045	75.8729741		
17.0921881	75.8724457		
17.2066086	76.7797619		
17.4648781	76.7461431		
17.5093889	76.9932201	Lingadalli	
17.7331799	77.2112877	Humnabad	
17.6737284	77.2072148		
17.6719828	77.2144058		
17.6418468	77.4182215	Bemalkheda	
17.6828030	77.3484331		
17.6849964	77.3349204		
17.7102474	77.3297274		
17.7737603	77.0191839		
17.7967388	77.0062584		
17.7951311	77.0173654	Sadlapur	
17.7743196	77.4632639	Bidar D	
17.9824540	77.5609151		
18.0823697	77.1299860		
18.0782544	77.1332127		
18.1819110	77.4163061		
18.1976793	77.4494075		
16.1343794	77.1282774		
16.2045590	75.1382052		
16.3170751	74.5576935		
16.3848038	77.2708368		
16.3910286	77.2739160		
16.3890355	77.2632207		
16.5198795	75.5879043		
16.5537063	75.5833418		
16.5609119	75.5772820		
16.5200574	76.8110310	Satyampet	
16.5235134	77.0913112		
15.6396036	76.9322308		
15.6543288	74.7285418		
15.8418898	76.5551698		
15.8594526	76.5528162		
15.8985614	76.5661937		
15.9704539	74.9824599		
16.0178123	75.1257515	Aditya Birla	
16.0083893	76.0406390	Hunagund	
15.9636912	76.0735684		
15.9725697	76.0781818		
15.3699016	75.7550990		
15.4948357	75.3686759		
15.5148016	76.9145724		
15.2178714	75.3241539		
15.1937393	77.1354268		
15.2538858	76.0434050		
14.9061279	76.8105022		
14.9409871	76.8119712		
14.9508377	76.1390090		
14.9724335	76.1387193		
14.9952435	76.1107418		
14.9809214	76.1177987		
14.9806438	76.0782272		
14.9910559	75.3161191		
15.0277261	75.1943940	Shiggaon	
15.0855143	75.6265193		
14.3217731	76.1115593	Mayakonda	
14.4499975	76.7782438		
14.6729410	75.5137485		
14.6779280	75.5165917		
14.6784547	75.5108953		
14.8212367	76.7473045	Naga Samudra	
14.9043001	76.1192894		
14.9101339	76.1119401		
14.9190253	76.1144400		
12.8639747	77.1125047	Kunigal B	
12.8365008	77.2058495		
12.8394005	77.2032344		
12.8389872	77.1968252		
12.8558544	77.2989088		
12.8626239	77.3003774		
12.8708678	77.2949673		
13.0825010	78.2921764		
13.0927892	78.2863051		
13.7446637	76.3924375		
13.7478840	76.3942265		
13.7511705	76.3910696		
13.7545952	76.3969905		
13.7537589	76.3997962		
14.0413702	76.9057674	Parashuramadevara Kote	
14.0752064	76.6735585		
14.1088579	76.7573493	Kalamarahalli	
10.8651650	76.0398559	Flour Mill	
11.9415251	76.7327937		
12.0266967	76.8125871		
12.1279442	77.2156618		
12.1263575	77.2048773		
12.1011885	76.8431224		
23.6678394	87.2959632	Jhanjhara Project Colly	mine
18.1410191	83.6512729	Aurobindo Pharma 30 MW Varisam Solar Plant	
18.2869938	83.5086223		
18.3934381	83.4311441		
17.0103560	81.8153036		
15.4480521	77.8790626		
15.6436826	79.2598718	"25 MWP Solar Power Plant , Tarlupadu"	
15.8052674	77.9868606		
16.2947968	79.8138862		
13.2856361	79.6192483		
13.4152523	80.0904876		
13.1377126	80.1071602		
13.1333917	80.0967318		
10.9619901	77.7583605		
10.9967103	77.7013903		
10.9805961	77.7003336		
10.9770151	77.6608729		
10.9746979	77.6391202		
11.0664072	78.4929847	Ponnusangampatti	
11.0808884	78.4967432		
11.0804804	78.5055273	Musri	
10.7714694	77.2297132		
10.7744449	77.2324853		
10.7111303	77.7538007		
10.7113701	77.7580735		
10.7453118	78.7827337		
9.9417033	78.7166601		
10.1042260	77.6961185		
10.1157242	77.6631729		
10.1332965	77.6918323	Eluvanampatty	
10.1385705	77.7126235		
10.1359250	77.7456790		
10.4555892	77.9248955	Agaram A	
10.5697654	78.8765640	Killanur A	
8.8541883	77.6049462		
8.8424036	77.5865669		
8.8472610	77.5966018		
8.8804632	77.8524229		
8.8792018	77.8452668		
8.8934225	77.7890249		
8.9014193	77.7970567		
8.9042017	77.7919364		
8.9087780	77.7969401		
9.1215211	78.1103615		
9.1192211	78.1034321		
9.2472172	77.5565859		
9.2216932	78.3482802	Ramnad Welspun	
9.3248580	77.6014473		
9.4115308	78.0040925	Sattur	
9.4415390	78.5755243	NLC Ramanathapuram	
9.4530781	78.5721293	Pambur	
9.8251284	78.2892770		
10.1856143	76.3704802	SIDCO Industrial Park	
23.3593778	82.6812977	Katkona 1&2	mine
23.3345622	82.5204054	Churcha	mine
20.9274545	85.1244897	Nandira	mine
10.5713408	77.5838473		
8.7888271	77.5184556		
8.8857017	77.6790127		
9.0558507	77.5517244		
9.0525777	77.5546602		
10.5234002	77.9059524		
10.5249020	77.8895608	Vedasandur	
10.5344659	77.9174296		
10.5370489	77.9068228	Vedachandur	
10.5468128	77.9089236		
10.5637069	77.9244241		
10.5584564	77.9264398		
10.5578479	77.9297835		
10.5651228	77.9350959		
10.8102329	77.7986929		
8.8880410	78.0649155	Arasadi	
8.7674011	77.9564926		
22.5449902	75.7407006		
27.8826686	79.7412854		
21.3230169	79.0461909	Patansaongi	mine
21.2988484	79.1238436	Silewara Colliery	mine
20.5441220	79.2983193	Murpar Coal Mine	mine
21.3694960	78.9266047	Wagadha Coal Mine	mine
22.1987943	78.8620895	Vishnupuri - II	mine
23.3470235	80.9630585	Nowrozabad (W)	mine
23.3368969	80.9057343	Vindhya	mine
22.1364224	78.1707984	Tawa-I	mine
22.1420124	78.1394059	Shobhapur	mine
22.1378534	78.1005112	Chhatarpur - II	mine
22.1510702	78.0986094	Chhatarpur - I	mine
23.5195462	80.8513257	Piparia	mine
22.1717375	78.3213079	Tandsi	mine
22.1804532	78.7693589	Mahadevpuri	mine
19.9579190	79.3081127	D. Rayatwari	mine
18.8930885	79.5007959		
18.8884266	79.5014048		
18.8575492	79.5294124	RK-NT	mine
18.8611737	79.5011526	SRP 3 and 3A	mine
18.8575416	79.4993180	SRP 1 INC	mine
20.0965362	78.9110961		
20.0887274	78.8977146	Rukmai Coal Washery	factory
20.0845004	78.9286887		
15.5005336	74.9053569	Sushant Industries	
28.5440836	77.4600757		
21.6315818	73.0035132	Concor Container Terminal Ankleshwar	
29.2050378	79.0896455		
26.5251327	71.5212080	Bonada	
22.5791672	88.3930717		
26.2738005	91.6982353		warehouse
26.2397104	91.6998285		
28.8860604	76.6811606		
26.5487859	92.1920889		
25.1796193	86.0952052		
25.3429255	86.4859920		
9.4928999	76.5586526	Vettil Rubber factory	
24.4618967	85.7196343		
24.4761784	85.6592416		
23.5513202	87.2486355	Durgapur SAIL power station	
25.1296519	75.8825576	Kota Complex power station	
26.6184403	81.3481982		
24.3781860	86.1658627		
18.9209127	72.9835629		
18.9770346	72.8207448	Mumbai Central EMU Carshed	
20.4418691	78.3025260	Kalamb Industrial Area	
23.6414479	87.1924513		
23.6347694	87.1906556		
23.6350741	87.1727023		
23.6382635	87.1732065		
23.6386444	87.1716857		
23.6366860	87.1699865		
23.6392587	87.1702943		
23.6390006	87.1684697		
23.6391358	87.1660182		
23.6003207	87.1882188	Central Kajora	mine
23.6208804	87.2030166		mine
23.6520868	87.1734721	Jambad UG	mine
23.6301251	87.1978601	MAOHUSUDANPUR 7 PIT & INCLINE	mine
23.7266962	87.0512545		
23.7200073	87.0572117		
23.7161862	87.0560128		
23.7235802	87.0474511		
23.7268337	87.0462576		
23.7327648	87.0447556		
23.7335248	87.0397827		
23.7239263	87.0529228		
23.7060021	87.0696839		
23.7081619	87.0679674		
23.7100297	87.0643786		
23.6407280	87.0572841		
23.6836768	87.0790502		
23.6877235	87.0672548		
23.6869897	87.0645851		
23.6453854	87.0487721		
23.6822761	87.0624071		
23.6338369	87.1787560	Nabakjora UG	mine
23.6215439	87.1725118		mine
31.2346879	77.5656424		
9.4892335	76.5644124	Murikattu Rubbers	
9.5220735	76.5857515	Kondodickal Hollow bricks	
9.4911333	76.5605533	Paragon FACTORY	
12.8397098	92.8560080		
23.6719061	87.1912943	Chora 7&9 colliery	mine
23.6783894	87.2022250	Chora 10 colliery	mine
23.6806865	87.2004876		
23.6738526	87.2208399		
23.6736292	87.2084693		
23.6547684	87.1981126	CL Jambad Colly	mine
23.6656919	87.1816719	Bahula	mine
23.6518018	87.1629502	Parasea	mine
23.6505593	87.1305579	Kunustoria	mine
23.7002331	87.0579010		
23.7038188	87.0599610		
23.6602132	87.0944997		
23.6638351	87.0891997		
23.6645279	87.0860026		
23.6470844	87.0738146		
23.6483719	87.0904577		
23.6428288	87.0928904		
23.6364010	87.0779211		
23.6460648	87.0879578	PURE SEARSOLE	mine
27.7411071	74.3537633		
9.5385894	76.6088635	Venad Readymix Concrete Factory	
23.6667022	87.2622394	Kumardiha coal mine	mine
23.6509880	87.2548560	SHYAMSUNOERPUR	mine
23.6413307	87.2226742	Khandra	mine
23.6583508	87.1433699	Belbaid	mine
20.1291048	83.2290155		
20.1242341	83.2328175		
20.1197638	83.2330495		
20.1214594	83.2396772		
20.1196956	83.2281438		
20.1353073	83.2359409		
18.8794426	72.9898273		
18.8756561	72.9871773		
34.8197308	76.8083682	Turtuk Hydel Power Plant	
18.9572410	73.0413614		
29.8884739	77.8114494		
11.5048835	77.8882053	KT Motors Private Limited	automotive_industry
12.3382256	76.1282501	Green Commodities Coffee Processing	
21.5020970	83.9060404		
20.5533758	83.3716256	Bolangir	
20.5283954	83.4699703		
21.0874331	85.0969944	Solar plant NTPC kaniha	
20.6258535	86.0137533	Solar Plant - Kapilas Cement Works	
18.4466241	79.8778636		
18.9300129	72.9653013		
26.0258131	73.9344584		
26.0276016	73.9375538		
26.0245261	73.9360678		
26.3195223	74.1362786		
23.8255488	86.8853613		
23.6741301	87.0248646		
23.6861914	87.1224967		
23.6769629	87.1447308		
23.6781789	87.1432918		
23.6815956	87.0904635		
23.6807457	87.0939647		
23.6966075	87.1038978		
23.6974619	87.1013023		
23.6963483	87.1066583		
23.6580274	87.1279677		
29.4177811	76.8554137		
29.3813629	76.8050149		
29.4116923	76.8421962		
29.4128482	76.8512154		
29.4129488	76.8524136		
29.4164325	76.8584955		
29.4173892	76.8675966		
29.4173319	76.8654095		
29.4172852	76.8664718		
29.4496099	76.8578365		
28.8669756	77.2567968		
28.8595740	77.2559178		
28.8446795	77.2641480		
28.8365020	77.2678771		
28.8347670	77.2646209		
28.7880843	77.2661581		
28.7867330	77.2605541		
28.7865842	77.2609141		
28.7861576	77.2619216		
28.7835871	77.2594931		
28.7837807	77.2590306		
28.7828119	77.2616292		
28.7827505	77.2621338		
28.7828143	77.2631844		
28.7837239	77.2655099		
28.7856328	77.2667113		
28.7884878	77.2668862		
28.7885261	77.2614842		
28.7905293	77.2595625		
28.7909075	77.2537330		
28.6903783	77.2405520		
28.7864268	77.2873954		
28.7856651	77.2918894		
28.7866389	77.2421677		
28.7885838	77.2606405		
28.7884046	77.2600353		
28.7883638	77.2618048		
22.2862448	70.6586377		
22.1939321	70.5570721		
22.1991867	70.5603558		
23.1559073	81.4815214	Rajendra coal mine	mine
23.1599789	81.4600610	Khairaha UG mine	mine
23.6318403	87.1501475		
23.6368629	87.1571723		
23.6298020	87.1383003	Bansra Colliery	mine
22.8484574	69.3716361		
23.6975357	87.1158686		
23.2824189	82.0919412	Baheraband coal mine	mine
23.2862327	87.7839254		
23.2755149	87.8035704		
23.2917785	87.9008912		
23.2970654	87.8829941		
23.2944059	87.8813003		
23.2952718	87.8840161		
23.2869912	87.8673637		
23.2870335	87.8625221		
23.2892927	87.8718509		
23.2900158	87.8640738		
23.2159033	87.9108542		
23.2142149	87.8629660		
23.2281709	87.8418876		
23.2341642	87.8416787		
22.1546176	85.4991500		
21.0367759	83.8486205		
20.1139106	83.2235276		
21.1178867	82.4768835		
21.1269049	82.4767953		
23.7061863	87.3487169	Madhaipur	mine
27.1317923	81.9862702		
14.2371464	76.3894280		
14.2328903	76.3977617		
14.2304309	76.3955381		
14.2279194	76.3894898		
14.2304594	76.3915926		
14.2339095	76.3913190		
9.8259714	78.0978584		
9.8658340	78.0221691		
9.8584161	78.0228317		
9.8494445	78.0325145		
9.8514393	78.0293702		
9.9634869	78.0439453		
15.1319667	77.6228445		
28.8545502	77.5915204		
28.8199101	77.5510960		
26.7237875	80.0500452		
26.7552285	80.0670880	Bilhaur solar farm	
21.0616274	83.4802298		
21.0639132	83.4695238		
21.0519697	83.4547435		
16.9998397	73.3057836		
17.0006657	73.3035198		
16.9995012	73.2803857		port
17.0037488	73.3493793	TJ Marine Products Private Limited	
16.9992470	73.3483586	Industrial Estate	
16.9947943	73.2819549		
16.9950072	73.2796937		
27.0588247	82.7820200		
21.2063985	83.5913086		
13.1706678	77.7336766	Gleason	
13.1775706	77.7323780		
13.1814063	77.7291110	Collins Aerospace	
13.1549494	77.7227515	Dedienne Aerospace India Pvt. Ltd.	
18.1107094	73.4882640		
18.1073277	73.4798670		
18.1000286	73.4882291		
18.1207671	73.5275405		
18.1202037	73.5332322		
18.9141266	72.9893856		
9.9422341	78.1544049		
12.9781883	77.5637985		
27.9626272	77.5876172		
27.9841001	77.6332776		
27.9743768	77.6382439	Brick Industry	oil
28.0682764	77.9431857		
27.2162259	83.2404480		
12.9656684	77.3195269		
18.8696058	73.0017274		warehouse
18.8708740	73.0070445		warehouse
18.8626789	73.0108224		warehouse
18.8605215	73.0098018		warehouse
18.8592143	73.0072349		warehouse
18.8632378	73.0061124		
18.8634556	73.0034449		warehouse
18.8597116	73.0041438		warehouse
18.8615207	73.0038493		warehouse
13.3138075	77.8871227		
13.3206146	77.9018802		
13.3404449	77.8881901		
28.6236768	77.0017864		
28.6222214	76.9947311		
29.2166358	79.4854302	Guru Kripa Eeeth (Bricks)	
26.6291601	82.7015986		
26.6362710	82.6972236		
26.6827433	82.7554066		
26.6514827	82.7016639		
26.7471399	82.7697051		
26.6359383	82.6952229		
26.7292467	82.7089500		
26.6432329	82.6986304		
26.7249635	82.7227350		
26.7470682	82.7728489		
26.6357594	82.6883541		
26.6836648	82.7583835		
26.6412160	82.6977846		
27.8413724	78.3222176		
27.8430991	78.3199729		
27.9077195	78.2208152		
27.7695411	77.9865255		
27.9711402	78.2421213		
27.8474879	78.3610775		
27.8462092	78.3643454		
27.8495777	78.2913047		
27.9683301	78.1977009		
27.7479653	78.3259790		
27.8742644	78.2459799		
27.8750114	78.2472942		
27.8486084	78.2693575		
27.9623029	78.2462405		
27.8866184	78.3380396		
27.8395984	78.3163505		
27.9060434	78.2306133		
27.9778381	78.1946013		
30.7653048	75.7153431		
30.8242443	76.0019532		
23.8428943	71.6212042	Ainaj Industries	
13.2664684	77.4168080		
13.3032649	77.4338963		
13.3005999	77.4328128		
22.0680819	85.2611553		mine
22.0684783	85.2570998		mine
9.8532309	78.0346163		
27.2419125	81.5892139		
27.2054753	81.5744787		
27.1678730	81.6031139		
27.1285570	81.5631379		
27.2687489	81.5393083		
22.1577688	85.3891204		
27.2536126	81.5694945		
14.7851418	75.3946126		
13.0489885	77.5334007	HMT watch Factory	
18.4771448	73.8328542	Industrial Shade	
18.4777493	73.8322871		
18.5013801	73.7517629		
28.1601365	77.9126529	Khurja Super Thermal Power Plant	
30.1787303	74.9250519		
30.1779141	74.9318648		
30.1834812	74.9429289		
30.1985159	74.9644857		
30.2230161	75.0825995		
30.2252240	75.0627186		
30.1206029	75.0810250		
29.9843323	75.3418564		
29.9715351	75.3413093		
22.6312761	85.8059236		
22.6283969	85.8052638		
34.6242097	77.4549631		
13.0135549	77.5482785		
13.0140874	77.5503767		
13.0111272	77.5491864	Mysore Fruit Products Pvt. Ltd.	
13.0140842	77.5486945		
14.1616623	77.6210131	KIA	
11.1735281	77.0256010	Accelor Food Tech Private Limited	factory
27.9589006	78.0987224		
29.6273299	77.2464609		
29.4709751	77.4147535		
29.4700177	77.4178621		
23.2882171	77.2759130	Liquid Nitrogen Plant - A14	
27.9022809	78.3448791		
27.8872540	78.3464738		
27.8866174	78.3271390		
27.8948235	78.3407673		
27.8959873	78.3271578		
27.9090151	78.3532168		
27.9049677	78.3429332		
27.8406663	78.3618280		
27.8440449	78.3550326		
27.8410055	78.3570095		
27.8654649	78.4924301		
27.9136096	78.4568292		
27.8481181	78.3383439		
27.8373304	78.3612487		
27.8412937	78.4660855		
27.8394745	78.4675782		
27.8384417	78.4687543		
27.8386361	78.3694294		
27.8512853	78.3601664		
27.9601274	78.2499229		
27.9621073	78.2528003		
27.9560731	78.2588379		
27.9629615	78.2493066		
27.4593299	94.9331289		
27.4631801	94.9361645		
27.9795542	78.1874562		
28.0016011	78.1766456		
27.9537928	78.1901332		
27.9815037	78.1841478		
27.9493609	78.1769313		
27.7684477	78.0074532		
27.6956741	77.9493405		
27.8322084	77.9003405		
27.7648901	77.9828319		
27.6968354	77.9495966		
27.7225653	77.9046307		
27.7554803	77.9975385		
27.6988160	77.9466877		
27.7701897	78.0078958		
27.6941600	77.9500861		
27.7788126	77.9065807		
29.2808205	77.2824803		
29.2779909	77.2691095		
29.6440421	77.4395330		brickyard
28.0411240	77.6539367		
28.0815424	77.8357020		
28.0927304	77.8729740		
28.0837195	77.8350597		
28.0259080	78.0544106		
28.0155726	78.0495210		
29.5116545	77.3673051		
29.5092222	77.3681045		
14.6501199	77.6186858		
23.8157021	80.4268286		
9.4431616	78.1568738		
9.4401361	78.1687050		
10.8529225	78.3093439		
10.8366095	78.3156672		
10.8737031	78.2958148		
10.8914786	78.3512803		
10.8810837	78.3449382		
10.8155298	78.1864987	Karur	
23.3080697	70.5045377		
23.6875006	80.3238720		
23.6685715	80.3142696		
23.4650252	80.1014873		
23.4765590	80.1658711		
23.3826130	80.0595296		
24.2263049	81.0969410		
23.8937246	80.3918821		
23.8662997	80.3677181		
19.4835272	75.3695258	Jayakwadi Hydroelectric Power Plant	
26.0749160	72.2676493	Patodi	
25.1684603	73.2519650	Boya	
24.6005082	73.8207640	Debari	
26.5644383	75.5626412	Phagi	
26.6533487	72.5377276	Godelai	
27.6968116	70.9432348		
29.0851245	79.2828919	Gadarpur Solar Farm	
23.8282907	77.8972561		
21.1200807	82.4834284		
23.6095927	85.4594842		brickyard
23.6046699	85.4503888		brickyard
23.6037125	85.4486721		brickyard
23.5969042	85.4703632		brickyard
23.5986813	85.4655272		brickyard
23.5999385	85.4621369		brickyard
23.6030280	85.4623407		brickyard
23.6049808	85.4626626		brickyard
23.6051466	85.4602700		brickyard
23.6064038	85.4583952		brickyard
23.6125370	85.4589705		brickyard
23.6112123	85.4582986		brickyard
23.6521752	85.4343295		mine
24.0311198	76.5777218		
23.2773926	76.1514973		
23.2483824	76.1465508		
23.2468246	76.1530248		
18.3153724	74.5685132	Shirsuphal	
17.5560762	74.8253154	Palaswade	
20.0213692	79.2719283	Chandrapur	
21.0284153	75.9941120		
21.0328817	75.9787202		
13.7483034	77.5526217	Gowriganipalli	
14.1645050	78.1425574	Kotagulla	
16.8609533	81.3625199	Gollagudem	
23.1948739	75.7838523	Chimanganj Mandi	
23.6996731	76.0169202		
23.7245402	76.0152036		
12.0592510	76.9407803		
12.0537326	76.9608318	T.N.Pura	
12.3915799	76.1763105	Kalkere	
14.1063191	76.8530559	Kanajanahalli	
14.1262755	76.8111518	Kanajanahalli	
14.8671014	76.8147245	Devasamudra	
14.9643864	75.1855398	Jakkanakatti	
15.5712415	76.4639318	Kanakagiri	
15.5520147	76.4312733	Kanakagiri	
15.5748561	76.2064103	Kolihala	
17.0742000	77.5572817	Angadi Raichur	
18.0792475	76.1806973		
27.2267740	95.9293766		
9.8050155	78.4489274	Sivaganga	
11.1217420	78.6894498	Kottathur	
11.1935790	78.4580549	Azhagapuri	
10.8566071	77.9771041	Kodaiyur	
17.9595797	78.0541659	Korampalle	
17.9310618	77.5418332	Bidar	
10.8373392	77.0671016		
10.8485509	78.4242940		
10.8367577	78.4247714		
26.4289268	81.1273348		
20.9200319	82.5697177		
20.5709363	78.8752189		
20.5677546	78.8763616		
20.5658184	78.8707262		
20.8596230	82.5387680		
18.3854588	77.1209631	"Government Milk Dairy, Udgir"	
9.7927596	78.8951450		
29.2034078	79.5333890		slaughterhouse
26.2181102	80.7491845		
11.3554881	78.9748656		
11.1184594	79.1440272		
11.1490190	79.0660340		
18.2798093	76.0356876		
12.0999423	75.2040745	Khadi factory	
22.9313685	88.6415410		
27.2579142	95.3872971		brickyard
10.8868058	78.0091276	Karur Textile Park	
26.2270129	81.2489891		
26.6583943	71.2731371		
26.6695609	71.2578620		
26.8265873	71.5068703		
27.1756891	71.8272587		
13.6921816	79.9960375	Tarakeswara Textile Park	
13.6895199	79.9996407		
10.7822761	76.2814559	Kerala Small Industries Development Corporation Ltd.	factory
13.7003684	80.0089828		
13.6619326	80.0005194		
13.6625786	80.0031122		
13.6612705	80.0084473		
13.7015225	80.0098043		
28.6237184	79.7329020		brickyard
10.3744367	78.8061363	Nizam Supari Factory	
30.1209694	74.7448691		
30.6646590	76.7919553		
30.6670942	76.7929262		
17.0467672	78.2363663		
12.9470847	74.8275791		
21.4109662	73.1226718		
12.9439492	74.8240869		
16.1773672	74.7904480		
23.7686194	72.9948860		
22.3037960	72.7265605		
20.2660821	72.9721368		
21.0084774	72.8259390		
22.4228361	69.8433548		
22.9313765	69.7025362		
18.0902202	74.9567959		
19.0766917	74.6193928		
21.4803016	70.3706892		
22.5395379	71.4150097		
14.4942457	76.5698814		
14.1059237	76.5660623		
14.1131890	76.5726095		
14.6173519	76.4913197		
14.0194416	77.3376641		
12.6061802	77.4238428		
31.5970269	76.7084964		
14.2420895	76.4704197		
29.8780778	77.7546084		
22.3786398	73.0507040		
23.5049469	73.4396545		
23.5119262	73.4376163		
23.5161770	73.4415999		
23.1712171	71.7966093		
23.2226117	71.7899429		
22.0164787	71.9376384		
26.4767231	80.2672692		
24.8091267	86.8506905		
23.0970837	77.5313584		
28.1000678	75.9995837		
22.0354966	84.2700547		
24.8487592	85.5123500		
28.0915408	76.0005593		
25.6623508	74.6015400		
26.6071422	73.6929684		
26.6127059	73.6925342		
21.5399652	84.9533674		
19.3259010	83.4340763		
24.9542991	74.1325096	Dariba	
23.2049666	76.7528084		
23.4575615	76.1176391	Kapeli	
23.5375737	76.1247901	Kadodiya A	
22.5885359	77.8346766		
23.1726198	79.9814912		
15.7042462	76.8601695		
15.7015968	76.8647443		
29.7119501	77.8322683		
28.9565389	75.5614356		
18.9268031	76.3507479		
18.9204761	76.3590807		
29.7531283	77.8248445		
13.7002159	78.7057434		
15.7292431	76.8594917		
15.7280843	76.8596564		
15.7232188	76.8664541		
19.1466315	79.4252953		
18.0019974	77.7334067		
14.7623646	77.9823956		
18.2384103	78.3393652		
16.8278332	78.5177623		
16.8197603	78.5165349		
16.5040137	78.4555042		
10.9041398	77.7830174		
14.7848828	77.7915345		
22.0761198	72.6347148		
23.4305044	68.7036378		
25.1842739	74.2021128		
19.0359184	78.2904257		
16.4989394	78.3500595	Nagarkurnool Keerthi	
17.7261619	78.0972314		
16.8881881	78.0836631	Dondlapalle	
16.6225061	77.8899608	Basawaipalli	
17.7891668	77.6640074		
17.7885923	77.6730898		
17.7927662	77.6709639		
17.2386222	77.9768380		
17.6742221	78.1740006		
16.8608221	78.0923884	Ghanapur	
17.4847624	77.8843419		
17.4416328	78.6240219	Venkatapur	
16.9486412	75.5931634		
16.8018635	78.8864823		
16.8075361	78.8991323		
14.2188098	78.0698132		
17.8014120	79.1530176		
17.7989925	79.1611157		
15.9164085	77.9615817		
15.9157220	77.9580249		
15.9128155	77.9634727		
16.4954914	78.4204326		
16.7802848	78.3359023		
18.4725318	83.3469630		
16.6869685	78.1737266	Thimmajipet	
17.3568212	77.9291353		
14.4961909	79.5925305		
17.9029710	79.0315236		
21.1670046	72.7194522		
14.1020246	78.7337763	Kuravapalli	
16.6026009	77.6747383		
31.6876120	75.8526015		
30.4391516	74.4235633		
18.2789263	78.8608522		
23.5877079	86.4676998		
10.9096357	77.6432575		
10.9112771	77.6507608		
10.9051418	77.6441542		
9.2267477	78.3241689		
18.1354199	77.7165372		
17.6559629	78.5458871		
16.4762427	80.7564579		
17.7503784	78.5983648		
16.9283957	79.4759105		
17.4380832	79.2819860		
17.9909311	78.4332501		
16.9506166	78.1169240		
16.9468165	78.1137398		
16.9510105	78.1124791		
16.9470464	78.1190294		
16.9447019	78.1226649		
16.9416629	78.1303578		
18.2769183	78.4685901		
18.2817597	78.4695987		
16.7723451	78.8682854	Kurmapally Gk	
16.9102067	78.7386545		
18.5789437	78.8598464		
29.6244676	75.2050962		
20.7420405	83.1090435		
13.5226774	79.9736512		
17.9318371	78.1323795		
13.4991039	76.8761863		
12.0601946	76.7912008		
12.1461272	77.3185218		
15.1634346	77.0815515		
17.3090513	77.6113038		
14.7616827	76.9514003	Veerapuram	
14.1679817	77.3576975		
13.5514904	77.3645442		
13.5555688	77.3598371		
12.7797770	76.5704271		
12.7861547	76.5707094		
27.5115535	81.5264312		
23.5794093	86.4671981		
27.9630335	76.3902504		
17.7672924	78.5909474		
17.7603295	78.5929674		
26.8944551	81.0995802		
16.7928014	78.9408532		
16.3482977	75.2035018		
13.5929497	79.7332874		
14.4967140	76.6762735		
29.8235231	78.1560165		
29.8201179	78.1590784		
12.8529618	78.3811376	JRD 360 SolarCity	
13.3685416	78.3655279	Srinivasapura	
24.9919922	82.1791664		
25.0001954	82.1769479		
24.4876672	78.6946304		
23.5057349	76.1536093	Kadodiya HE	
23.5115052	76.1588409	Kadodiya	
25.9079354	79.9133989		
24.4903925	78.6653768		
25.7920423	80.1307654		
25.8353515	79.6527479		
9.6220320	76.4797166	Glory Rubber Pvt Ltd	factory
27.8016670	79.2870176		
27.8038321	79.2777866		
9.6441787	77.8502201	Moolippatti	
21.5259311	81.2017130		
11.3857259	77.2077398		
9.8100923	78.6925739		
10.4922059	78.0580927		
10.4913678	78.0626320		
14.2848770	77.2486589		
16.6466094	77.2090348	Yadgiri	
16.6588009	76.4878434		
16.4062992	77.1067580		
16.7963832	76.1806393		
14.3648477	76.7629303		
13.6639094	76.7645664		
13.6818824	76.7873585		
17.4021816	77.3782655		
12.8934560	78.1656498	Yalesandra	
15.0648859	76.1067633		
15.0560939	76.1019913		
16.3977415	77.0952382		
14.3064273	76.5605215		
16.8770688	76.9911678		
12.1663858	77.3685732		
15.2188852	76.0240922		
14.0111068	78.1465412		
14.4524774	77.6722852		
18.3155016	78.2042395	Lingapuram Suzlon	
12.8778445	78.3819341		
16.6210124	78.4719355		
20.4722600	79.9726447		
18.3045420	78.6698325		
18.4486213	78.3980038		
16.7476710	78.3415191		
14.5341918	77.8117444		
16.8358229	78.1181774		
18.3317440	78.8883670		
16.5640242	77.9509347		
16.6959782	78.4892766	Kalwakurthy Haldiram	
18.3700885	78.2086900		
16.7588854	78.2575973	Chilveru	
16.4993039	78.3815759	Nagarkurnool Mytrah	
12.8459042	79.9553418		
20.9290485	75.5651771		
18.3117917	74.5998682		
27.1322783	79.2760696		
23.3746390	76.1072651		
23.5117655	76.1255695		
24.8341795	85.5288020		
24.5736298	84.8518114	Sherghati	
24.7163647	84.7042123		
12.1609605	77.1637324		
15.5358601	76.1834770		
14.2682269	76.7722773		
14.2663631	76.7691756		
14.2628304	76.7761464		
13.0402871	76.9228532	Kunigal A	
14.0737595	76.7184458	Bhagavathikere	
30.4985452	77.7863107		
17.0247135	75.8282146	Indi Essel	
11.8863588	76.7240070		
20.7244848	77.4503610		
20.7232307	77.4413903		
29.5633608	74.8055321		
20.6143284	79.9819735		
20.6143208	79.9802568		
20.6117978	79.9806028		
20.6116522	79.9794093		
20.6105865	79.9732992		
24.1851102	77.0330750		
23.9170039	76.6701441		
24.4876709	77.1284866		
23.9486846	76.8229616		
25.3197515	78.5200301		
25.0957319	76.4026688		
29.8025924	77.8697835		
29.7645147	77.9834372		
29.7614086	77.9267509		
29.7462192	77.9450825		
29.6317533	78.0015618		
29.6245927	78.0019748		
29.6233289	77.9968089		
29.3141288	79.1973992		
28.9891499	79.4638994		
30.4228741	74.4020824		
30.1334896	75.0163289		
29.8268574	75.8190430		
29.3875364	76.8616283		
30.4528958	77.7298768		
30.4571351	77.7346652		
30.4551126	77.7300324		
30.5073442	77.8018140		
30.5078133	77.7964559		
29.9103298	77.8715484		
29.7754638	77.8708993		
29.7703739	77.8577083		
28.6235533	77.2505265		
24.5604852	80.9519353		
24.5844049	80.8592543		
24.2499946	78.1755191		
24.8124685	86.9911285		
22.8700414	88.4025300		
26.4694690	88.3241737		
27.2662399	84.4958429		
27.1264142	84.2966688		
28.5253327	77.4788142		
28.9688740	77.1450198		
28.3625859	76.2182940		
18.4824633	74.2134726		
18.8243728	79.1024017		
18.7173392	76.7676242		
18.9266930	76.3925717		
18.4783472	75.6962540		
18.8392893	74.8119270		
19.8013664	74.2444749		
20.1342183	72.9847272		
21.1431090	73.0226483	J.K Laxmi Cement Factory	cement
20.8432380	74.7545009		
19.6527069	76.4425707		
20.1546918	78.1516836		
20.1308084	78.6367216		
22.3467442	87.1775191		
22.3690198	87.3573374		
22.3690830	87.3549248		
22.5328240	87.3085963		
23.5416468	87.4317473		
23.5647001	87.1251494		
23.2568608	69.9787607		
23.6616486	68.7754333		
24.6549692	72.4072261		
25.1279473	74.6134490		
25.1262499	74.6112978		
26.6547811	75.6613492		
28.0578942	73.2062133		
28.2975521	76.8608732		
16.2887660	77.5005707		
16.4548219	80.4117265		
16.7497981	80.8900192		
17.0381302	81.0138662		
16.8434046	80.0569282		
17.0745718	79.7945622		
17.1986171	79.5547673		
17.2229886	79.2105635		
17.1752209	79.0813145		
17.1500403	79.3240973		
17.3943530	79.3057081		
18.0067460	78.2497546		
19.2899322	75.7343465		
20.2505225	73.8597448		
20.2695935	73.8402124		
20.2711873	74.4956571		
21.0984091	76.9046697		
20.9199616	78.9640443		
20.9346306	79.0032193		
21.1329808	79.2733110		
21.1445712	79.2722207		
21.0973605	79.5605314		
21.5420598	81.8918431		
21.4949590	81.7873447		
21.1589524	81.8002376		
21.2811319	81.5855911		
21.4235434	81.9175031		
22.3212866	71.2640545		
22.3621316	73.1296670		
22.0712910	73.3564451		
21.7218842	72.5758445		
22.0672182	70.7906279		
21.8987955	69.9635653		
23.0504329	69.6123214		
23.1776950	72.4406968		
23.2744853	72.6823255		
23.5232672	73.2189833		
13.7509817	77.1825090		
13.7825445	76.4049031		
14.1953372	75.5769172		
14.2233070	75.5575988		
14.4750254	76.3150627		
14.3414529	76.3985845		
14.3070631	77.2220502		
14.2606709	77.2498753		
14.2293103	77.2788996		
14.1776960	77.3714425		
13.9997568	78.1360853		
13.9905931	78.1709003		
13.8674500	78.9202425		
14.6713303	78.4318189		
14.5383264	77.5484857		
15.0709840	75.4515641		
15.1329370	73.9467041		
15.4728492	75.6358779		
15.4910497	75.7045716		
15.3822249	76.3431157		
15.4072241	76.6367814		
15.5828784	76.1586964		
15.7824005	74.4498477		
15.7295496	74.7632115		
15.8618710	74.9096560		
16.0273095	74.9739086		
16.2325582	75.0469395		
16.2330101	74.5867879		
16.6108456	74.3723015		
16.6142563	74.3710550		
16.7088148	75.0746588		
16.6157945	75.4580176		
16.5947780	75.4669842		
16.6063064	75.5703673		
16.5180484	75.8311155		
16.1889692	77.0439461		
8.2659601	77.5119099		
8.6068540	76.8757669		
8.8457622	78.0836747		
9.2793738	77.6565875		
9.2321747	77.7666177		
9.2579548	77.9105491		
9.2600910	77.9086447		
9.2853132	77.9782426		
9.7887505	77.7257898		
9.8593663	77.7618809		
10.5985404	77.9304216		
10.6631068	77.2811445		
11.0662175	78.6993652		
10.8983141	77.9219987		
10.9813028	77.5291532		
10.9297123	77.3248169		
10.9525786	77.3073350		
11.2098235	77.3283326		
11.2404102	77.5485219		
11.4108406	77.7956049		
11.4133708	77.6395440		
11.3354281	77.2370095		
11.2741952	77.1709541		
11.4674872	77.2093183		
11.9649212	76.8066966		
12.0357582	77.2746093		
12.1711190	76.3731471		
12.7825447	76.5188808		
13.1089091	77.4966936		
13.2103307	77.6905110	BIAL Solar System	
13.3955061	77.9869490		
13.7352085	78.0846472		
12.7946438	77.7426173		
12.9556063	78.4141580		
12.9588736	78.4130650		
12.9566754	78.4173581		
12.9555147	78.4111921		
12.6502730	77.7493601		
12.7595049	77.2072584		
15.7656549	75.1288783		
15.7730012	75.1167762		
21.4705996	80.1627597		
21.4539036	80.1628317		
21.4539661	80.1642216		
21.4500130	80.1631231		
21.4503725	80.1644884		
21.4503775	80.1663834		
21.4502852	80.1676923		
27.4834792	71.9788800	Avaada Power	
27.3994244	72.1926246		
27.4325566	72.1919258		
27.4265818	72.1884075		
27.4375480	72.1771998		
28.3547478	73.4052529		
28.7955039	77.0407136	"Cluster Bus Depot (Bawana Sector - 1, Delhi)"	depot
30.7536024	76.7486683	CTU Depot 3	bus_depot
25.9733824	80.1898460	Ghatampur Thermal Power Station	
23.6325726	86.8352562		
30.4489662	77.7248168		
30.4529027	77.7331377		
21.3748261	81.6275758		
8.9082467	77.8299044		
22.7907087	86.1394805		
22.8029358	86.1166826		
22.8008642	86.1303221		
22.7956900	86.1322976		
9.3585975	78.2738033		
10.8776114	76.0756775	AFNA FLOUR AND OIL MILL	
12.3606472	77.5893464		
8.3965454	77.7664410		
15.4764336	74.9843555	Pepsi	factory
22.9340613	88.6320528		
22.9333263	88.6319878		
22.9340885	88.6332441		
22.9327787	88.6331985		
22.9336171	88.6288142		
22.9330641	88.6289520		
22.9324201	88.6305081		
22.9328833	88.6306101		
22.9326590	88.6321442		
22.9324106	88.6320969		
22.9321397	88.6327375		
9.3506698	78.2701555		
24.8117573	87.1414116	Godda Thermal Power Station	
23.4163017	85.2155052	SNL Factory	
29.9245569	77.1624846		
29.9548137	77.7877763		
29.8888669	75.6902634		
23.4329955	91.2769287		
21.0909229	85.0668141		
18.0792462	83.3871250		
17.7743816	83.2716492		
17.6657725	83.1832489		
17.2804740	82.0966767		
16.2886051	80.3516777		
16.8584531	77.5505664		
16.7910305	76.9220907		
16.6550189	76.6305667		
17.2176757	75.9446038		
17.0138936	75.7596300		
16.9288563	75.8762021		
16.3785739	77.2676611		
16.5298654	79.8256932		
15.6334736	77.8765037		
15.8070781	78.4842535		
15.3570759	78.2182574		
15.2403639	76.8546223		
14.1059548	76.5584985		
13.9845328	76.8904996		
13.7700572	76.8967598		
10.8245491	79.8143998		
12.9521596	77.5902900		
23.8069859	91.2612417		
23.8079575	91.2673022		
23.8892809	91.3652390		
23.8444478	91.3253223		
23.8436088	91.3267949		
23.8280491	91.3407236		
19.8735043	75.3869719		
19.8726013	75.3858717		
19.8783480	75.3835687		
19.8789599	75.3832495		
19.8800752	75.3747859		
19.2584401	73.4011017		
19.2729156	73.3881326		
19.2750770	73.3869758		
19.2780930	73.3939384		
19.2774586	73.3940003		
19.2750873	73.3939085		
19.2749541	73.3966132		
19.2757704	73.3967438		
19.2775623	73.4018375		
19.2783682	73.3969518		
19.2599869	73.3965057		
19.2614314	73.3881325		
19.9663051	75.3732646		
19.8727850	75.3892180		
19.8772728	75.3906282		
19.8811370	75.3812006		
19.8843169	75.3808806		
19.8841990	75.3819274		
19.8967063	75.3782510		
19.8966432	75.3789769		
19.8965100	75.3716717		
19.8980905	75.3656895		
19.8290644	75.2458109		
19.8297051	75.2466338		
19.8372731	75.2435633		
19.8372192	75.2442151		
19.8370478	75.2461318		
19.8316516	75.2362023		
19.8315222	75.2373256		
19.8298583	75.2366052		
19.8442857	75.2248189		
19.8447058	75.2060512		
19.8439444	75.2047378		
19.8525727	75.2131868		
19.8588301	75.2161005		
19.8579736	75.2212224		
19.8507109	75.2080438		
19.8501956	75.2047642		
19.8496882	75.2043764		
19.8258350	75.1978835		
19.8485475	75.2034882		
19.8488909	75.2040018		
19.8521910	75.2064840		
17.9754207	73.8810008		
17.9750315	73.8962964		
17.9735770	73.8928440		
17.9721146	73.8925345		
17.9735417	73.8897173		
17.9754227	73.8896572		
17.9790299	73.8926087		
17.9771418	73.8902383		
17.6555436	74.0386108		
17.6842380	74.0334642		
17.6822830	74.0382720		
17.6617906	74.0450393		
17.6654601	74.0484256		
12.9982773	80.0125359	Hyundai Factory	
13.0102405	80.0094132		
13.0102000	80.0124139		
13.0076959	80.0107450		
13.0079400	80.0116800		
13.0087088	80.0136140		
13.0077353	80.0134692		
13.0067401	80.0137051		
13.0006730	80.0117478		
13.0002923	80.0117265		
12.9998181	80.0123109		
12.9998091	80.0120352		
13.0004239	80.0100602		
13.0007947	80.0082871		
13.0087198	80.0067325		
12.9983824	80.0270924		
12.9983690	80.0266343		
12.9984023	80.0278071		
12.9983561	80.0261953		
12.9974468	80.0260358		
12.9967246	80.0262545		
12.9941435	80.0193226		
12.9943126	80.0204832		
13.0039297	80.0117216		
13.0046506	80.0119570		
13.0042035	80.0108481		
13.0042607	80.0131669		
13.0066077	80.0086988		
13.0068228	80.0104807		
13.0057928	80.0082130		
13.0053061	80.0083154		
13.0032364	80.0050184		
13.0046874	80.0034182		
13.0054315	80.0040516		
13.0049681	80.0054990		
13.0040964	80.0053073		
21.5099612	80.2107095		
21.4432300	80.1844728		
21.4443286	80.1733518		
21.4444371	80.1726893		
21.4476978	80.1684030		
21.4483243	80.1672605		
21.3975136	80.1959306		
21.3953776	80.1970987		
21.3947773	80.1976422		
21.3868883	80.2003080		
21.3872829	80.1998138		
21.3894333	80.2040067		
21.3914226	80.2031578		
21.4074040	80.2573666		
21.4091407	80.2518936		
21.4096639	80.2545301		
21.4094816	80.2533006		
21.4754782	80.1351814		
21.4750429	80.1324239		
21.4753634	80.1339389		
21.4671638	80.1314439		
21.4728542	80.1343145		
28.6216851	77.0019983		
28.6080575	77.0052736		
28.5840427	77.0259499		
28.5582288	77.0919114	Air India GSD Complex	
28.5496987	77.1105738		
28.5489001	77.1093188		
28.5492751	77.1075228		
28.5476915	77.1086157	TajSATS Catering	food_industry
28.5551267	77.1263077		
18.8751559	73.1782310		
18.8791842	73.1784426		
18.8833964	73.1837082		
18.8847236	73.1765463		
18.8521522	73.1557093		
18.8589220	73.1636970		
18.8735660	73.1668746		
18.8779351	73.1678134		
18.9450763	73.1477645		
18.9161419	73.1527850		
18.8778316	73.1641119		
18.8756788	73.1652425		
18.8759017	73.1641392		
18.8761624	73.1636022		
18.8525366	73.1644261		
18.8484225	73.1553513		
18.8533836	73.1530412		
18.8470510	73.1562679		
18.8501700	73.1631456		
18.8504433	73.1625850		
18.8583062	73.1610388		
18.8594151	73.1611496		
18.8602627	73.1614421		
18.8620881	73.1612899		
18.8629879	73.1617777		
18.8662869	73.1622308		
18.8708761	73.1650652		
18.8716402	73.1654223		
18.8723081	73.1686255		
18.8706260	73.1693246		
18.8713120	73.1696027		
18.8730396	73.1689210		
18.8831810	73.1738724		
18.8799516	73.1791486		
18.6834881	73.0548077	House of Johnson	tiles
18.6893626	73.0456707		
18.6897360	73.0474023		
18.6754358	73.0024222		
18.8036359	73.3394855		
18.7978531	73.3375999		
18.7981679	73.3337751	Mulgaon Industrial Area	
18.7990109	73.3285032		
18.7973719	73.3022768		
18.7853080	73.3027010		
18.7853582	73.3021404		
18.7876037	73.3073677		
18.7866691	73.3088493		
18.7845602	73.3045551		
18.7837387	73.3037209		
18.7827839	73.3069182		
18.7816442	73.3048542		
18.7774943	73.3026399		
18.7761966	73.3028251		
18.7727175	73.3025423		
18.7677107	73.3079466		
18.7665890	73.3151135		
18.7677056	73.3174189		
18.7680409	73.3192738		
18.7706681	73.3154421		
18.7720077	73.3159716		
18.7724308	73.3088120		
18.8008812	73.2954812		
18.8333316	73.3164508		
18.7761622	73.3070021		
18.8989428	73.0046808		
18.9049629	73.0126874		
18.9199085	73.0450412		
18.8494781	73.1108734		
18.8493954	73.2184535		
18.8559273	73.2135961		
18.8519167	73.2132232		
18.8302183	73.2428938		
18.8251301	73.2502149		
18.8248617	73.2593540		
18.8267461	73.2595597		
18.8246948	73.2618969		
18.8142235	73.2794067		
18.8122405	73.2798976		
18.8157461	73.2805198		
18.8145975	73.2815179		
18.8140229	73.2825369		
18.8209602	73.2742998		
18.8235744	73.2775570		
18.7820221	73.3550288	TATA	
8.3822200	77.0859038	ramco cement mix pirayummodu	oil
19.1923419	73.0904585		
19.1889038	73.0899101		
19.1891615	73.0896551		
19.1894870	73.0886574		
19.2027186	73.0985816		
19.1631295	73.1306946		
19.0805187	73.1377442		
19.0801133	73.1370883		
19.0811664	73.1367950		
19.0807602	73.1441430		
19.0803810	73.1495202		
19.0804603	73.1485662		
18.9756754	73.1940522		
18.8649404	73.2734817		
18.8774092	73.1817035		
18.8799283	73.1810202		
18.8763996	73.1918500		
18.8784804	73.1831892		
18.8785237	73.1856328		
18.8768429	73.1802086		
18.8788879	73.1802245		
18.8783211	73.1822796		
18.8784238	73.1818972		
18.8810148	73.1806529		
18.8812807	73.1794049		
18.8810890	73.1779108		
18.8805352	73.1770182		
18.9024434	73.2256043		
18.9001976	73.2320054		
18.9022987	73.2295083		
19.2421959	73.1973050		
19.2503713	73.1778761		
19.2622837	73.1002187		
19.2626975	73.1008063		
19.2617403	73.1006246		
19.2613093	73.1000488		
19.2618631	73.0996653		
19.2629736	73.0992648		
19.2606213	73.0976548		
19.2613883	73.0967397		
19.2622352	73.0975651		
19.2632353	73.0970492		
19.2635856	73.0974143		
19.2639831	73.0978132		
19.2604350	73.0989433		
19.2597686	73.0988665		
19.2601253	73.1014876		
19.2569175	73.0979526		
18.8625418	73.2034788		
18.8613312	73.2044249		
18.8721574	73.1889656		
18.8734230	73.1918158		
18.8726982	73.1858227		
19.4432034	72.8724534		
19.4167814	72.8482451		
19.4158435	72.8490361		
19.2560011	73.1709073		
19.4101468	72.8657361		
19.4099025	72.8648164		
19.4117605	72.8721917		
19.4151896	72.8797509		
19.4073092	72.8816980		
19.4062919	72.8800399		
19.4059845	72.8794826		
19.7905689	72.7875102		
19.7911778	72.7892089		
19.7755694	72.8083921		
19.7768731	72.8106102		
19.7775180	72.8026038		
19.7947723	72.8224884		
19.7308487	72.9370483		
19.7167059	72.9416590		
19.7167229	72.9338148		
19.7031867	72.9611774		
19.7054663	72.9561167		
19.6699987	73.0440094		
19.6553856	73.1158332		
19.6549449	73.1247251		
19.6512746	73.1154514		
19.6507132	73.1163854		
19.6372839	73.1306326		
19.6366763	73.1270130		
19.6195350	73.1333363		
19.6203283	73.1246795		
19.6100933	73.1313046		
19.6096214	73.1288785		
19.5859090	73.1625188		
19.5835866	73.1617852		
19.5868793	73.1628245		
19.5681462	73.1847583		
19.5676742	73.1839429		
19.5808688	73.1743654		
19.5793285	73.1673226		
19.5846707	73.1631746		
19.5345809	73.1369211		
19.5315822	73.1266328		
19.5318027	73.1252320		
19.5328874	73.1258134		
19.5307660	73.1250469		
19.5306462	73.1231385		
19.5289501	73.1229870		
19.5342877	73.1253574		
19.5360635	73.1203947		
19.5219564	73.1205410		
19.5207279	73.1207433		
19.5234543	73.1228220		
19.5225809	73.1200164		
19.5228666	73.1199829		
19.5216512	73.1227094		
19.5250323	73.1195232		
19.5253882	73.1232337		
19.5132140	73.1106508		
19.5139734	73.0985807		
19.5154846	73.0935552		
19.5136580	73.0935631		
19.5139361	73.0948050		
19.5233772	73.0957786		
19.5241318	73.1060341		
19.5217390	73.0972941		
19.5266534	73.0952812		
19.5201123	73.1112161		
19.5228066	73.1101765		
19.5246993	73.1116936		
19.5227148	73.1079478		
19.5101147	73.0933902		
19.5088645	73.0937514		
19.4996085	73.0968569		
19.4947204	73.0840540		
19.2910652	73.0322331		
19.5373293	73.3656900		
19.4977918	73.3305820		
19.4924480	73.3356866		
19.4914113	73.3343491		
19.4973020	73.3396311		
19.4968500	73.3385426		
19.4973620	73.3375664		
19.3397720	73.1099226		
19.3175053	73.0884733		
19.3141568	73.1759512		
19.2780838	73.1796822		
19.2743924	73.1785148		
19.2830607	73.3958128		
19.2806248	73.3970383		
19.2800585	73.3988500		
19.2598513	73.3987537		
19.2591922	73.3971619		
19.2585713	73.3970913		
19.2600348	73.3950584		
23.1933684	85.6157128		brickyard
23.5062492	85.3787645		brickyard
23.4978865	85.4052150		brickyard
23.4717782	85.4185384		brickyard
23.4764500	85.4170733		brickyard
23.4836634	85.4240738		brickyard
23.4834744	85.4218047		brickyard
23.4946690	85.4150511		brickyard
23.4856688	85.4382061		brickyard
23.4821589	85.4293653		brickyard
23.4889399	85.4484816		brickyard
23.4927723	85.4378592		brickyard
28.3795309	79.3873761		
28.3924929	79.3779024		
28.3982807	79.3820035		
28.4250240	79.3534782		
28.4305478	79.3591358		
28.3876161	79.4163882		
28.3443043	79.4063821		
28.3209242	79.3927458		
28.3221213	79.4647175		
28.3641672	79.4310504		
28.7850751	79.0268522		
22.5719560	75.3403437		
22.5712958	75.5962459		
22.5821610	75.5919195		
22.5777662	75.5858854		
22.5939702	75.6170800		
22.5940511	75.6187623		
22.5231009	75.9004996		
31.8048655	77.1883884		
21.6878675	72.7288400		
21.7069489	72.6335787		
21.7047782	72.6387557		
21.7082790	72.6385303		
21.7049858	72.6413257		
21.7119233	72.6430127		
21.7046183	72.6337651		
21.7353121	72.6761564		
21.7475109	72.6595147		
21.7292883	72.6156771		
21.7299457	72.6174375		
21.7170123	72.6097893		
21.6874258	72.5711879		
21.6823074	72.5700043		
21.6804994	72.5668766		
21.6846765	72.5798523		chemical
21.6843037	72.5767238		
21.6839179	72.5524874		
21.6860460	72.5488438		
19.9781673	79.3033424	Water Filtration Center	
11.1146761	77.3117908		
11.1136457	77.3112924		
11.1138226	77.3114643		
11.0990975	77.3286760		
11.0980749	77.3389548		
11.0974662	77.3388362		
11.1686201	77.2391026		
11.1664226	77.2277057		
11.0537327	77.1095727		
11.1231454	77.1355650		
11.1226822	77.1347014		
11.1028127	77.1041027		
11.1033055	77.1040484		
11.0954036	77.1074728		
11.0990622	77.1191769		
11.1035627	77.1139544		
11.1084489	77.1015787		
11.1068790	77.0981696		
11.1053086	77.1380211		
11.1065116	77.1363242		
11.0929016	77.1384188		
11.0892548	77.1312493		
11.0993225	77.1259667		
11.1050642	77.1304433		
11.1079094	77.1308685		
11.1141488	77.1317450		
11.1152717	77.1317071		
11.1027448	77.1657680		
11.1113112	77.1659209		
11.1092726	77.1635420		
11.1046195	77.1507892		
11.0758109	77.1164341		
11.0755707	77.1175097		
11.0748080	77.1180971		
11.0724470	77.1161352		
11.0733642	77.1152808		
11.0652277	77.1171331		
11.0628020	77.1164136		
11.0594293	77.1123867		
11.0587284	77.1104380		
11.0659220	77.0978050		
11.0308603	77.0831952	Hindustan Petroleum Depot	oil_storage
11.0318730	77.0870701		
11.0075618	77.0675307		
11.0087361	77.0692916	Bull Machines Pvt Limited - Plant 1	factory
11.0081730	77.0799502	Selvaraja Mills	
11.0124572	77.0867042	Shanti Gears Limited - Foundary Division	factory
11.0160849	77.0878069		
11.0171131	77.0890548		
11.0172599	77.0900050		
11.0463703	77.1728839		
11.0905563	77.2509898		
11.1030363	77.2591250		
11.1047063	77.2663535		
11.1060854	77.2725897		
11.1074422	77.2619439		
11.0232849	77.0967413		
11.0135319	77.0930728	Praxair	factory
28.4055180	79.3846939	Bareilly Sleeper Treatment Plant	
28.4097033	79.4295176		
11.0676260	77.0947278		
11.0697459	77.0968484		
11.0126717	77.1824276		
10.9803287	77.2074617		
10.9645214	77.1662716		
10.9651489	77.1662018		
10.9420558	77.1303793		
10.9443954	77.1304413		
10.9572104	77.1294243		
10.9558521	77.1295674		
10.9590327	77.1219325		
10.9585133	77.1087862		
10.9534279	77.0898763		
10.9520723	77.0718700		
10.9474100	77.0649095		
10.9641962	77.0594903		
10.9640772	77.0588029		
10.9691136	77.0693648		
10.9695404	77.0686604		
10.9704127	77.0802491		
10.9703216	77.0793958		
10.9928791	77.0897484		
11.0242297	77.1015630		
11.0236743	77.1006428		
10.9992500	77.1016065		
11.0037973	77.1056329		
11.0083525	77.1063473		
11.0100993	77.1098633		
11.0197115	77.0999748	Ponmurugan Dhall Mills	factory
10.9897286	77.0860818		
10.9973609	77.0931984		
10.9970216	77.0938530		
29.9643125	78.0775308	Aludecor	
29.9681303	78.0725689	Hindustan Zinc	
29.9675726	78.0542185		
29.9679043	78.0538482		
29.9670479	78.0548067		
29.9571181	78.0713066		
29.9475444	78.0768501	Hamilton Houseware	
29.9459146	78.0687343		
29.9458525	78.0699863		
29.9457422	78.0719918		
29.9457898	78.0711844		
29.9456201	78.0742382		
29.9481884	78.0649599		
29.9501424	78.0660098		
29.9519095	78.0636715		
29.9560568	78.0591336		
29.9562781	78.0618571		
29.9556453	78.0625632		
29.9546712	78.0638722		
29.9540987	78.0644987		
29.9672634	78.0569976		
29.9640167	78.0622022		
29.9647916	78.0621709		
29.9655839	78.0579541		
29.9594534	78.0641490	Century Metal Recycling	
26.7996966	75.5795431		
26.9083944	75.6321815		
26.9062370	75.6319374		
26.9136180	75.6408584		
26.9216060	75.6552753		
26.8080278	75.5462301		
26.8128251	75.6681686		
26.8090955	75.6666934		
26.8092433	75.6373501		
26.8111587	75.6074112		
26.8650415	75.7289689		
27.4151096	75.8445454	Riico Industrial Area	
12.1568613	76.6904122		
12.1619314	76.6955102		
12.1719244	76.6903641		
12.1746119	76.7102903		
12.1709123	76.7003687		
12.1724343	76.7003050		
12.1682756	76.7034345		
26.9934532	76.2822765		
26.9890171	76.2771964		
23.3919151	88.4755028	"Webel IT Park, Krishnagar"	
29.0758135	75.4292308		
29.0835918	75.4433272		
23.1458477	84.7715579		brickyard
23.1476853	84.7660809		brickyard
23.1453741	84.7637862		brickyard
22.8228219	69.3500518	Port Area	
22.3190808	69.6877231		
18.9213420	72.8258022	Bulk Recieving Station	
23.7762375	86.4022323		mine
21.1455719	79.2707844		
21.1340465	79.2704317		
12.1755333	76.7020354		
12.1729398	76.7054544		
12.1729149	76.7034851		
12.1586153	76.7122653		
12.1624454	76.6915100		
12.1611482	76.6894181		
12.1613872	76.6881538		
12.1587880	76.6908606		
12.1491511	76.6981913		
12.1552337	76.6913930		
12.1582633	76.6869811		
12.1629221	76.6762797		
12.1657104	76.6793729		
12.1884197	76.6779245		
12.1897044	76.6783268		
12.1904292	76.6780264		
12.1878933	76.6445149		
12.1375955	76.6615498		
12.1333336	76.6660351		
12.1388060	76.6599164		
12.1306218	76.6609053		
12.1308312	76.6638418		
12.1389821	76.6574064		
12.1429538	76.6649841		
12.2266874	76.6030215		
12.2088257	76.6628214		
12.3564001	76.5141335		
12.3544951	76.5154984		
12.3412916	76.1724812		
12.3484338	76.2863448		
12.3562076	76.2962233		
12.3568631	76.6317271		
12.3568652	76.6342595		
12.3354971	76.5913278		
12.3513516	76.5785058		
12.3464838	76.5802569		
12.3508372	76.5784892		
12.3489346	76.5754498		
12.4149047	76.6886701		
12.3592985	76.6251210		
12.3595561	76.6267317		
12.3612723	76.6253624		
12.3526819	76.5524659		
12.3488531	76.5629032		
12.3443712	76.5749356	Dechem Resins	
12.3448390	76.5766470		
12.3573468	76.5689529		
12.3665249	76.6104499		
12.3656541	76.6071437		
12.3534010	76.5999944		
12.3562453	76.5927383		
12.3558269	76.5827845		
12.3513437	76.5872783		
12.3483398	76.5880883		
12.3500482	76.5933306		
12.3478623	76.5918790		
12.3495466	76.5844116		
12.3508800	76.5814774		
12.3492576	76.5720027		
12.3469968	76.5721535		
12.3490526	76.5698644		
12.3466706	76.5681866	Dechem Resins	
12.3487251	76.5642740	Page Industries Limited	
12.3520718	76.5662023		
12.3520380	76.5665258		
12.3541855	76.5706374		
12.3544263	76.5681137		
12.3532974	76.5660819		
12.3552253	76.5648451		
12.3538117	76.5650241		
12.3538744	76.5672104		
12.3634735	76.5680584		
12.3730076	76.5993858		
12.3674648	76.6209804		
12.3940499	76.6316785		
12.3953438	76.6307667		
12.4154468	76.6837933		
12.3589973	76.5825515		
12.3735098	76.5957923		
12.3751230	76.5928515		
12.3753206	76.5929960		
12.3609980	76.6459014		
12.3428277	76.6385027		
12.3412972	76.6399876		
8.8556804	78.0309016	Orange Sironj	
22.6786759	84.8912354		brickyard
21.3337853	74.9536202		
21.3295717	74.9531708		
21.3274418	74.9566055		
21.3293981	74.9568683		
21.3291832	74.9606127		
21.3263300	74.9633512		
21.3220449	74.9647192		
21.3368522	74.9564351		
21.3406796	74.9532768		
21.3115829	74.9716593		
21.3314519	74.9492669		
21.3325174	74.9399329		
21.3349684	74.9373861		
21.3212703	74.9571338		
20.9539529	75.6231089		
20.9526077	75.6259453		
20.9503020	75.6299914		
20.9480739	75.6299780		
20.9581973	75.6232108		
20.9596412	75.6234133		
20.9598967	75.6227066		
20.9591189	75.6193383		
22.9347767	88.6411870		
10.1284127	76.4682633	Modern veneers	
20.8921661	84.9923335	Angul Steel Power Plant	
27.7877776	96.1488518	Khangkio Tea Factory	factory
11.4375445	78.1578127		
10.0766096	76.5229658		
22.9829311	88.4532529		
18.8736594	79.4360016	cement factory	
18.8728806	79.4304594		
18.8755445	79.4277763	RK quality bakery	factory
18.8739251	79.4349799		
18.8732616	79.4341821	satyanarayana gas distributer	
23.8331923	86.3506588		brickyard
23.8316570	86.3513468		brickyard
23.8319471	86.3497489		brickyard
23.8303101	86.3498488		brickyard
23.8326765	86.3751689		brickyard
23.8296157	86.3663350		brickyard
23.8283987	86.3629447		brickyard
23.8218352	86.3719723		brickyard
23.8219456	86.3651548		brickyard
23.8234075	86.3623312		brickyard
23.8247470	86.3557510		brickyard
23.8280191	86.3321382		brickyard
23.8312326	86.3410391		brickyard
23.8303015	86.3345293		brickyard
23.8441080	86.3256834		brickyard
23.8419921	86.3143766		brickyard
23.8431819	86.3147588		brickyard
23.8426815	86.3204410		brickyard
23.8465171	86.3160449		brickyard
23.8478847	86.3177374		brickyard
23.8471979	86.3185716		brickyard
23.8487060	86.3197411		brickyard
23.8497050	86.3201453		brickyard
23.8538796	86.3234901		brickyard
23.8529984	86.3196176		brickyard
23.8729854	86.3248808		brickyard
9.3607083	78.5216841		
22.9563821	88.4567363		
22.9597538	88.4568328		
23.7570015	86.8479182		brickyard
23.7436430	86.8523466		brickyard
23.7437368	86.8511309		brickyard
23.7359040	86.8663296		brickyard
23.7490985	86.8393110		brickyard
23.7526556	86.8489475		brickyard
23.7500238	86.8516606		brickyard
23.7456070	86.8590065		brickyard
23.7141284	86.8040118		brickyard
23.7115126	86.8033889		brickyard
23.7099560	86.8040333		brickyard
23.7095871	86.8021330		brickyard
23.7515938	86.8140935		brickyard
23.7623157	86.8226901		brickyard
23.6980613	86.8020411		brickyard
23.6951491	86.8071058		brickyard
23.7068844	86.8315574		brickyard
23.7223364	86.8233848		brickyard
23.7050332	86.7774057		brickyard
23.7047932	86.7872635		brickyard
23.7043500	86.7835526		brickyard
23.7068200	86.7920512		brickyard
23.7057737	86.7895702		brickyard
23.7074664	86.7943800		brickyard
23.7167891	86.7913726		brickyard
23.7186616	86.7909743		brickyard
23.7163208	86.7776852		brickyard
24.1795590	85.3772262		brickyard
24.1847236	85.3775956		brickyard
24.1989583	85.3788690		brickyard
24.2001919	85.3723526		brickyard
24.1962799	85.3770225		brickyard
24.1948774	85.3758381		brickyard
24.1967986	85.3730922		brickyard
24.1980313	85.3700673		brickyard
27.0321643	71.6606345		
23.8943181	84.9946975	Amrapali Coal Mine	mine
10.1604059	76.4502764	Allakkadan chair godown	
10.1584820	76.4505613	Periyar Polymers	
13.0929659	79.8947462		
13.0918974	79.8939285		
19.4096213	72.8703746	indo	
17.4928108	78.6092963	timber depo	wood
19.1586394	72.9343370	falcon industrial sales	oil
27.3384500	83.7215173		
27.3707145	83.7130898		
24.7601639	85.7235369		brickyard
24.7567179	85.7464563		brickyard
19.0562896	72.9605528		
24.2211242	86.2442623		
10.6434558	76.1900603		
12.6305393	79.8299056		
12.8340458	79.9138865		
12.8654100	79.9410054		
11.6574626	78.1479661		
11.6567921	78.1375149		
20.4496672	72.8856911		
20.4481050	72.8858966		
20.4618972	72.8645238		
20.4618132	72.8634649		
20.4372910	72.8572257		
20.4261043	72.8600682		
20.4240388	72.8583297		
20.4360857	72.8544211		
20.4422352	72.8586744		
20.4447201	72.8608294		
20.4402309	72.8549802		
20.4363890	72.9024765		
20.4297078	72.9059189		
20.4199013	72.8980919		
20.4133237	72.8972714		
20.4174423	72.8942355		
20.4203478	72.8930417		
20.4202799	72.8818378		
20.4031841	72.8691348		
20.4026315	72.8815814		
20.4029097	72.8834935		
20.3903236	72.8829658		
20.3873822	72.8860391		
20.3838515	72.8837976		
20.3850278	72.8841230		
20.3850668	72.8856623		
20.3798278	72.8844080		
20.3791628	72.8854366		
20.3781291	72.8840748		
20.3771282	72.8841214		
20.3780281	72.8862865		
12.8719584	79.9586417		
12.8608103	79.9526558		
12.8631577	79.9510470		
12.8652911	79.9414958		
12.8663956	79.9410990		
12.8671779	79.9408076		
12.8625609	79.9386322		
12.8641204	79.9386980		
12.8677449	79.9291708		
12.8678113	79.9309835		
12.8676951	79.9279619		
12.8644770	79.9307090		
12.8652881	79.9286917		
12.8616270	79.9263787		
12.8650728	79.9336986		
12.8544439	79.9340538		
12.8551342	79.9366307		
12.8520496	79.9362146		
12.8296939	79.9086105		
12.8361785	79.8942572		
12.8325084	79.8793376		
12.8193412	79.8665120		
12.8162821	79.8645841		
12.8216569	79.8412316		
12.8104954	79.8359565		
12.8084376	79.8336911		
12.8071674	79.8337339		
13.3804722	80.1118532		
13.3568901	79.9832149		
13.3660449	79.9884125		
13.3681044	79.9921539		
13.3679705	79.9866023		
13.3661418	79.9842588		
13.3861079	80.0574214		
13.3333411	80.1278611		
13.3265830	80.1377684		
13.3077194	80.1479365		
13.2844612	80.1509595		
13.2688670	80.1631246		
13.2658998	80.1652647		
13.2649745	80.1639679		
13.2683794	80.1662290		
13.2714844	80.1619669		
13.2711070	80.1635865		
13.2631191	80.1437320		
13.2749224	80.1493773		
13.2763474	80.1486824		
13.2821003	80.1506739		
13.2850351	80.1252006		
13.2709992	80.1059341		
13.2683835	80.1053728		
13.2066923	80.2548224		
13.2052465	80.2617084		
13.2094797	80.2657017		
13.1572455	80.2729861		
13.1540805	80.2721441		
13.1409690	80.2805426		
13.3773864	80.1172218		
13.3732495	80.1158132		
13.4187739	80.0916126		
13.4196987	80.0914001		
13.4106675	80.1064998		
13.4105903	80.1071801		
13.4129759	80.1121976		
13.4133117	80.1126781		
13.4185437	80.1133620		
13.4262355	80.1046151		
13.4068117	80.1193954		
13.4102828	80.1154923		
13.4045588	80.0995775		
13.2340802	80.2888150		
13.2400244	80.3045547		
13.2418530	79.9034616		
13.2417713	79.9021530		
13.2414762	79.9005880		
13.5845312	80.0288436		
13.5607552	80.0160059		
13.5531721	80.0231614		
13.4557205	80.1178629		
13.4372101	80.0911138		
13.4440169	80.1115989		
13.4234031	80.1028937		
13.4308713	80.1015417		
13.4328400	80.1059586		
14.0412032	79.3303716		
14.0049220	79.3139321		
14.2784194	79.9745643		
14.2836770	79.9860345		
14.1333105	79.8416644		
14.2451052	79.8953738		
14.2260824	79.8794692		
14.1375494	79.9887038		
14.0399902	79.8731190		
14.0429373	79.8702727		
14.0475236	79.8778660		
13.8705145	79.8629800		
13.8743245	79.8773471		
13.7362246	79.9948648	APL Canpack Pvt. Ltd	
13.6614224	80.0090093		
13.6529109	79.9812866		
20.5691984	85.7628954		
20.5671935	85.7805263	Ultratech Cement Company	
9.9859571	76.3521901	Hindustan Petyroleum cooperation Limited Plant And Liquified Petroleum gas Terminal	gas
24.1277625	86.5515691		brickyard
19.2408950	72.9778339	Bombay Chemicals	
22.4356909	84.9085128		brickyard
22.4492493	84.9041498		brickyard
10.8445658	78.4333216		
11.5906990	78.6013118		
11.8491481	78.3608329		
22.9613052	88.4470118		
9.4690233	77.5685326	Janakiram Mills	factory
27.2239699	78.6518566		
27.2255238	78.6534525		
23.8435903	85.3147602		brickyard
23.8550136	85.3103332		brickyard
23.8555667	85.3071233		brickyard
23.8563297	85.3040730		brickyard
23.8512708	85.3021753		brickyard
23.8578241	85.2894610		brickyard
23.8363775	85.3052337		brickyard
23.9018490	85.2983659		brickyard
23.8295046	85.4797200		brickyard
23.9051251	85.3587163		brickyard
23.9228723	85.3318767		brickyard
23.9245935	85.3348600		brickyard
23.9275442	85.3291865		brickyard
23.9312756	85.3457524		brickyard
23.9193840	85.3705233		brickyard
23.8943741	85.4054115		brickyard
23.9071251	85.3868064		brickyard
23.9003869	85.3216823		brickyard
23.8725592	85.4404337		brickyard
23.8688623	85.4543544		brickyard
23.8564364	85.4527197		brickyard
23.8618710	85.4560379		brickyard
23.8629686	85.4548680		brickyard
23.8625523	85.4449956		brickyard
23.8617189	85.4477200		brickyard
23.8639303	85.4461274		brickyard
23.8657674	85.2528852		brickyard
23.8642344	85.2548397		brickyard
23.8289790	85.2238146		brickyard
14.9052342	74.0965960		
23.8233854	85.4091552		brickyard
23.8106778	85.4538870		brickyard
23.8121906	85.4500368		brickyard
23.8122958	85.4261289		brickyard
23.8190349	85.4451450		brickyard
23.8188221	85.4507026		brickyard
23.8139341	85.4600004		brickyard
23.8248851	85.4684340		brickyard
23.7700482	85.5747655		brickyard
23.7678064	85.5816919		brickyard
23.7678721	85.5646979		brickyard
23.7654786	85.5619298		brickyard
23.7656067	85.5389164		brickyard
23.7570413	85.5297930		brickyard
23.7538205	85.5238438		brickyard
23.7546417	85.5155812		brickyard
23.7499796	85.5193202		brickyard
23.7590827	85.5009296		brickyard
23.8131930	85.6022393		brickyard
23.8160897	85.5982885		brickyard
23.8165977	85.5920335		brickyard
23.8124201	85.5919906		brickyard
23.8094104	85.5915696		brickyard
23.8154432	85.5859677		brickyard
23.8152418	85.5797235		brickyard
23.8176479	85.5816655		brickyard
23.8205409	85.5829341		brickyard
23.8181632	85.5565385		brickyard
23.8268627	85.5532850		brickyard
23.7658688	85.5997502		brickyard
23.7677125	85.6026216		brickyard
23.7699168	85.6012657		brickyard
23.7769317	85.6170398		brickyard
23.7718290	85.6248343		brickyard
23.7724678	85.6320179		brickyard
23.7738921	85.6333423		brickyard
23.7774623	85.6320495		brickyard
23.7788246	85.6314728		brickyard
23.7772401	85.6270673		brickyard
23.7786319	85.6291647		brickyard
23.7818724	85.6398057		brickyard
23.7820154	85.6380160		brickyard
23.7830867	85.6418529		brickyard
23.7879906	85.6436556		brickyard
23.7890189	85.6431826		brickyard
23.7944411	85.6570704		brickyard
23.7978763	85.6706290		brickyard
23.7959584	85.6658935		brickyard
23.7983266	85.6644525		brickyard
23.8023637	85.6327790		brickyard
23.7973609	85.6309136		brickyard
23.7986886	85.6293217		brickyard
23.7986114	85.6161225		brickyard
23.7992175	85.6185901		brickyard
15.6434062	74.5446718	Laila Sugars	
15.7549540	74.4947720		
16.2472367	74.5002383		
16.6539417	73.3723587		
17.2416072	73.2588140		
17.2987007	73.1908616		
17.2837752	73.2336769		port
23.4584989	84.6556211		brickyard
23.4551637	84.6625826		brickyard
23.4575992	84.6617323		brickyard
23.4464403	84.6510075		brickyard
23.4391857	84.6479349		brickyard
23.4393799	84.6543456		brickyard
23.4348799	84.6507845		brickyard
23.4392810	84.6687316		brickyard
23.4703823	84.6765812		brickyard
23.4835609	84.7204942		brickyard
23.5387675	84.6877851		brickyard
23.5698175	84.7550117		brickyard
23.5020462	84.7188114		brickyard
23.5619903	84.7323413		brickyard
23.5524876	84.7224235		brickyard
23.5718543	84.7339362		brickyard
23.5637588	84.7174849		brickyard
16.9631488	73.7973520		
17.0875477	73.9157153	Ninaidevi Sugar Factory	sugar_refinery
13.7161552	80.0036200		
15.5914971	73.9019072		mine
15.5891591	73.9562863		
17.5729255	78.3229634		
15.6633439	73.8342365		
15.6158066	73.8770297		
15.2789604	74.1480889	Goa Sponge and Power Ltd.	factory
15.4469585	74.0794399		
15.5262661	74.0777099		
15.5431928	74.0695077		
15.5447432	74.0771788		
15.5481335	74.0635639		
15.4961927	74.1469082		
15.4696512	74.0426748		mine
15.5567848	74.0386302		
15.2996076	73.9703143		
15.2690745	74.0279120		
15.2608719	74.0170464		
15.2539058	74.0144528		
15.2585916	74.0168130	Margao Material Recovery Facility	
15.2629213	74.0082139		
15.0110803	74.0726674		
15.2719518	74.0045661		
15.2358998	74.0030426		mine
15.2720397	74.0983280	Sesa Sanvordem Jetty	port
13.2249554	80.1636108		
19.0337125	73.0708469		
15.5472175	73.9582370		
15.5510431	73.9481538		
15.5495729	73.9546394	Praka Engineering	
15.6856987	73.7994790		
19.0365104	73.0702648	Kharghar Water Station	
15.3739705	73.9566283		
15.3831197	73.8736139		
15.3797008	73.8737682		
23.6699990	85.5165181		
23.6650406	85.5036886		
23.6410501	85.4574926		brickyard
13.2051186	80.1235486		
23.7530975	86.0643585		brickyard
23.7544330	86.0652262		brickyard
23.7586223	86.1790122		brickyard
21.4504574	84.1644171		
21.5487633	84.1227382		
20.9405288	85.1520038		mine
20.9263896	85.1669437		mine
13.8745170	75.6483431	Machenahalli Industrial Area	
22.5356757	76.6748117		
15.3084426	76.2116352		
15.3001277	76.2228119		
16.7499574	76.4971643		
17.1827380	77.3476606		
17.4295051	77.4277702		
23.6454405	85.2895384		
13.8763348	77.5240589		
13.8692780	77.5295466	Kollakunta Super Spiing Mills	
23.6307487	85.2408345		brickyard
23.6291047	85.2406467		brickyard
23.6547537	85.3336081		brickyard
23.6555479	85.3291556		brickyard
23.6545400	85.3287238		brickyard
23.6502791	85.3279366		brickyard
23.6299857	85.2919627		brickyard
23.6302689	85.3005995		brickyard
23.6817234	85.2802469		brickyard
23.6567019	85.2893811		brickyard
23.6578492	85.2879649		brickyard
23.6593626	85.2863449		brickyard
23.6588111	85.2848697		brickyard
18.3838500	78.7557399		
26.1500460	91.6970894		
26.1497669	91.6974094		
13.6880467	79.5788831		
13.8754547	79.5588040		
13.5923544	79.5243751		
13.6433594	79.5427644		
13.6914657	79.5115864		
13.6642111	79.4914404		
26.2031995	91.6827147		
30.8149137	76.5854413		
23.7859804	85.5463180	West Bokaro Coal Mine	mine
13.8310911	77.4545413		
9.9902953	77.4439197		
9.9945165	77.4456996		
12.2550688	79.1139789		
11.2628103	79.4812238		
9.7615692	78.0378628		
9.7227252	78.1176638		
9.7192725	78.1200778		
26.1113424	74.3516815		
26.1647066	74.3810141		
26.1587795	74.3699849		
26.1533410	74.3629145		
26.1732140	74.3951118		
26.1811573	74.4012541		
26.1588853	74.3849623		
26.1932882	74.3957877		
25.5681736	73.8866937		
23.2357440	87.8391587		
23.2321875	87.8409133		
23.2316401	87.8428710		
23.2310094	87.8461433		
23.2303267	87.8590125		
23.2307629	87.8530150		
23.0252129	88.3558703		
9.9650974	76.8121958		
10.0599098	76.5269224		
10.0705047	76.5252987		
10.0777595	76.5231793		
10.0657820	76.5264022		
10.0647776	76.5207260		
17.5823299	78.3977843	Pavani Ready Mix	
17.5814508	78.3979743	Aarya Ready Mix	
17.5742694	78.3994028	Sri Sammakka Sarakka Concrete	
17.5721679	78.4005460	Robotic RMC Plant	
17.5754831	78.4306937		
17.5769513	78.4333956		
22.9510777	88.3912593		
22.9415239	88.3570236		
22.9565212	88.3658534		
22.9289656	88.3482313		
22.9425218	88.3554036		
22.9375965	88.3528876		
22.9696055	88.3688762		
22.9699857	88.3713520		
22.9681843	88.4015947		
12.4865775	77.3687844		
23.7042462	84.6868082		brickyard
23.7292769	84.6605479		brickyard
23.7110955	84.6580737		brickyard
23.6984120	84.6584237		brickyard
12.2619962	79.6813756		
12.2264580	79.6525741		depot
12.0499496	79.5461681		
12.0252231	79.7007573		
12.7063643	79.9775666		
12.7049749	79.9767110		
12.6997889	79.9782693		
12.7302233	80.0112980		
12.7241548	80.0221945		
12.7184131	80.0222390		
12.7201224	80.0202169	Pegatron Technology India (Plot 3)	
12.6450753	80.1493621		
12.6489906	80.1419538		
12.6363287	80.1536429		
12.6716015	79.9767110	ZIP Industries	
9.1775363	79.4187079		ship
28.4070826	77.8808045		
10.0439627	76.4041090	KG PACKERS	
10.0436642	76.4044844	KG. Godown 1	
10.0441711	76.4042055	KG. Godown 2	
29.0191072	77.7352712		
28.2903381	79.8152447		
26.2263839	78.1877902		
26.2246683	78.1852019		
26.1663913	78.1770855		
26.1629204	78.1760770		
26.2380720	78.1897455		
26.2224450	78.1801003		
26.2325144	78.2103905		
26.2371218	78.2070190		
26.2367536	78.2033631		
28.7757811	79.0350081		
28.7696049	79.0273790		
28.3942964	78.1144556		
11.2163473	76.0323584		
8.7870424	76.7391128	Devika Enterprices	
17.4646514	78.2200831	Railway Goods Yard	
29.6442468	77.1769630		
28.0122574	78.4588203		
28.0115560	78.4640580		
28.0707509	78.3367884		
29.3738792	77.3674348		
29.3731849	77.3694297		
29.6043268	77.3942269		
29.4713156	77.4126005		
29.3875574	77.3573381		
29.6132672	77.2853080		
29.3408866	77.3122589		
29.3405801	77.3106133		
29.3359891	77.2994940		
29.3369742	77.3039405		
17.0943910	81.8027129		
27.5767053	81.6337774		brickyard
27.5733954	81.6354155		brickyard
27.5447353	81.6528623		brickyard
27.5487756	81.6530622		brickyard
27.5532947	81.6444705		
27.5538215	81.6419655		brickyard
27.5553165	81.6470540		brickyard
27.5556878	81.6430528		brickyard
27.5561143	81.6423552		brickyard
27.5669987	81.6372427		brickyard
27.5629270	81.6340610		brickyard
27.5630431	81.6361277		brickyard
27.5606025	81.6381621		brickyard
27.5588856	81.6400355		brickyard
27.5578488	81.6410226		brickyard
27.5497404	81.6451215		brickyard
27.5470637	81.6473080		brickyard
27.5497165	81.6486288		brickyard
26.3579343	81.8778351		
19.2546527	72.9895572		
19.2603209	72.9901403	Kavesar Casting Yard	
19.2642861	72.9879559		
13.2127408	77.6401494		
13.0678871	77.7813523	BMTC Depot 39 (Hoskote)	depot
12.9621227	77.8203034		
29.6361839	77.2160478		brickyard
13.0429897	77.6800300		
13.0423513	77.6799545		
28.0337950	78.4520361		
28.0360885	78.4439526		
28.0402756	78.4477272		
28.0742417	78.4306173		
24.2287228	83.0377096		
9.5896100	76.5666752	Milma Kottayam Dairy	factory
9.5896915	76.5665134		
24.0942736	83.9135273		brickyard
24.0418700	83.9660463		brickyard
24.0412846	83.9638227		brickyard
24.0427836	83.9608991		brickyard
24.0492698	83.9539837		brickyard
24.0303347	83.9724863		brickyard
24.0030122	83.9924124		brickyard
24.0133140	83.9798583		brickyard
24.0132343	83.9779834		brickyard
24.0142572	83.9757599		brickyard
24.0104658	83.9664258		brickyard
24.0129097	83.9716508		brickyard
24.0263697	83.9751323		brickyard
24.0245911	83.9767510		brickyard
24.0221137	83.9775087		brickyard
24.0229185	83.9794526		brickyard
24.0219832	83.9821449		brickyard
24.0205709	83.9805302		brickyard
12.9750693	77.5719327		
12.9270500	79.3421673		
12.9252122	78.7087476		
12.9333058	78.7089730		
12.9350991	78.7040430		
12.9419324	78.7145036		
12.9437518	78.7204903		
12.9419533	78.7193799		
12.9416971	78.7211073		
27.3511748	81.7733687		
13.0051667	78.3289978		
12.7635368	78.3458394		
12.6946787	78.3505761		
12.7193886	78.2464599		
12.7179160	78.3602858		
12.7276489	78.3564663	Hindalco Industries . Ltd	
12.7308355	78.3504904		
12.7276541	78.3505654		
12.7292814	78.3463383		
12.8039653	77.9856240		
12.8150131	77.9421508		
14.6538533	80.1500085		
14.6414516	80.1568400		
14.6840747	80.1440781		
14.6898398	80.1431554		
14.6922736	80.1427263		
14.6935241	80.1426405		
14.4738995	79.7659296		
14.4520207	80.0170970		
14.5022838	79.9949795		
14.5037692	79.9939066		
14.4806311	79.9861819		
14.5463982	79.9915194		
27.3359251	81.8484356		
19.3874651	72.8285648	Jacobs barn	factory
10.8509144	76.4855249	Khadi Board	
13.0181323	79.9172184		
13.0142195	79.9182010		
13.0289831	79.9170173		
13.0296215	79.9157772		
13.0274954	79.9170194		
13.0278102	79.9154586		
13.0237893	79.9143160		
12.6168123	79.9277983		
8.3523239	77.7259916		
8.2064570	77.6459598		
8.2063083	77.6587165		
8.2051296	77.6721865		
8.1689277	77.6681847		
8.3186464	77.5700212		
8.3170514	77.5694766		
8.3173088	77.5714294		
8.3082242	77.5769853		
8.3247533	77.5847008		
24.3904917	84.1612360		brickyard
24.3873484	84.1550253		brickyard
24.3868525	84.1538532		brickyard
24.3831613	84.1549791		brickyard
24.4175493	84.0784670		brickyard
24.4177874	84.0805237		brickyard
24.4197943	84.0809326		brickyard
24.4208616	84.0815549		brickyard
24.4214014	84.0793489		brickyard
24.4205624	84.0795708		brickyard
24.3987501	84.1442831		brickyard
24.5002473	84.0030454		brickyard
24.5115673	83.9889503		brickyard
24.5117760	83.9884380		brickyard
24.5083879	83.9900224		brickyard
24.4992832	83.9916090		brickyard
24.5183230	83.9766120		brickyard
24.5112562	83.9652892		brickyard
24.4651732	83.9786165		brickyard
24.4731562	83.9565559		brickyard
24.4852397	83.9992339		brickyard
24.4978773	84.0103848		brickyard
24.4961822	84.0100446		brickyard
24.4598887	84.0555999		brickyard
24.4452823	84.0623878		brickyard
24.4441847	84.0626313		brickyard
8.6362330	77.5163099		
24.1862281	83.7884185		brickyard
24.1783572	83.7959939		brickyard
24.2110662	83.7845632		brickyard
24.2145000	83.7909498		brickyard
24.2374360	83.7759281		brickyard
24.2398161	83.7763233		brickyard
24.2611387	83.8073500		brickyard
24.2811905	83.8035864		brickyard
9.1795132	76.6718312	New Cashewnut Factory	
9.1794044	76.6719226		
9.1793121	76.6718037		
22.7159190	75.8700850		
12.9393151	78.8866517		
13.0624695	77.4531358		
13.0609357	77.4573871		
13.0650039	77.4599058		
13.0582864	77.4341592		
13.0679040	77.4388075		
13.0665141	77.4499440		
13.0696232	77.4509847		
12.8849966	77.4031663		
12.8843299	77.4305597		
12.8823297	77.4316460		
12.8832709	77.4347439		
12.8830702	77.4390757		
12.9369520	78.8828623		
13.0547138	77.6680147		
23.8329719	84.0930164		brickyard
23.4587357	84.1202057		brickyard
23.4586248	84.1183520		brickyard
9.9312285	77.9986372	Vadapalanji IT SEZ	
23.9132156	84.1433470		brickyard
23.9081050	84.1426416		brickyard
23.9099446	84.1422111		brickyard
23.6674365	84.9242118		brickyard
23.6688417	84.9266311		brickyard
23.6620651	84.9410990		brickyard
23.6662819	84.9439766		brickyard
23.6689750	84.9496117		brickyard
23.6716348	84.9429389		brickyard
23.6742295	84.9352055		brickyard
23.6711005	84.9333956		brickyard
23.6725395	84.9311199		brickyard
23.6781580	84.9334654		brickyard
23.6865316	84.9460866		brickyard
23.6888749	84.9705322		brickyard
23.6888748	84.9702995		brickyard
23.6611524	84.9866443		brickyard
23.6627185	84.9862338		brickyard
23.6663692	84.9835135		brickyard
23.6679137	84.9752368		brickyard
23.6726482	84.9693534		brickyard
23.6669588	84.9645863		brickyard
23.6522526	84.9719927		brickyard
23.6562773	84.9813362		brickyard
23.6536542	84.9782441		brickyard
23.6513988	84.9761367		brickyard
23.6384736	84.9747426		brickyard
23.6447171	84.9681142		brickyard
23.6624643	84.9679211		brickyard
23.6599535	84.9670186		brickyard
23.6382672	84.9460691		brickyard
23.6386800	84.9422617		brickyard
23.6318342	84.9405920		brickyard
23.6370042	84.9204165		brickyard
23.6351699	84.9224765		brickyard
23.6506457	84.8338233		brickyard
23.6662451	84.7676043		brickyard
28.0598736	76.4105451	Ghiloth Industrial Area	
28.1940686	76.5835797		
28.1509932	76.6742546		
28.1587025	76.6816843		
28.1560209	76.6839265		
28.1576856	76.6947466		
28.1737271	76.7151582		
28.1677780	76.6983997		
28.1704413	76.6929831		
23.6327323	84.9543719		brickyard
25.2223913	80.9246600	Agricultural Produce Market Committee Kashai	
12.8348313	79.7050977		depot
23.6707539	84.8987982		brickyard
23.6806918	84.8964275		brickyard
18.2444662	76.5034897	Ausa Bajar Samiti	
22.7059973	85.8121416		brickyard
18.8290991	74.4228456		
22.8884068	86.1096023		brickyard
22.8855195	86.1233628		brickyard
22.8858159	86.1141262		brickyard
26.4969575	92.5930568		
26.4983995	92.5973409		
26.4987048	92.5980805		
28.1454259	76.9344234		
28.3497925	76.9796133		
28.2993929	77.0543450		
28.2157256	77.0568739		
28.2145815	77.0591029		
28.2556003	76.9240274		
28.0999885	77.0066742		depot
28.2324054	77.0210158		
22.7593637	86.1067267		brickyard
22.7989553	86.0043146		brickyard
22.7904998	86.0023110		brickyard
22.7573516	86.0016189		brickyard
22.7575179	85.9995430		brickyard
22.7696055	86.0030338		brickyard
22.7743168	86.0260565		brickyard
22.7823071	86.0390438		brickyard
22.7814156	86.0362624		brickyard
22.7879627	86.0446336		brickyard
22.7626686	86.1036268		brickyard
22.7625530	86.0974281		brickyard
22.7611630	86.0954614		brickyard
22.7311335	86.3597435		brickyard
22.7355641	86.3583340		brickyard
22.7389284	86.3571766		brickyard
22.7379068	86.3462319		brickyard
22.7412104	86.3474402		brickyard
22.7284740	86.3303867		brickyard
22.7268709	86.3264888		brickyard
22.7375592	86.3153985		brickyard
22.7484371	86.3139475		brickyard
22.7598459	86.3091249		brickyard
22.7591621	86.3078951		brickyard
22.7733189	86.3127217		brickyard
22.7746234	86.3008301		brickyard
22.7783405	86.2988425		brickyard
22.7819955	86.3003674		brickyard
22.8035073	86.2956333		brickyard
22.8014858	86.3024233		brickyard
22.7921343	86.3060282		brickyard
22.7979848	86.2997693		brickyard
22.7997280	86.2946355		brickyard
22.7997910	86.2911997		brickyard
22.8022939	86.2869289		brickyard
22.8008376	86.2726878		brickyard
22.8105366	86.2526254		brickyard
22.8554571	86.1742701		brickyard
22.8620760	86.1295322		brickyard
22.8468519	86.1310320		brickyard
22.8502926	86.1210081		brickyard
22.8530436	86.1461216		brickyard
22.8638110	86.1409383		brickyard
22.8658234	86.1404816		brickyard
9.9471298	76.2998683	Kadavanthra Substation	utility
28.7520651	77.4968859		
28.7463247	77.4906881		
26.9194270	88.9319150		
28.8791810	77.6127595		
28.8330739	77.5817338		
28.8350688	77.5797213		
28.9657748	77.6859569		
28.9433345	77.6714301		
28.9511914	77.6792675		
28.9536487	77.6849323		
28.9576057	77.6791656		
28.9527405	77.6766336		
22.9630067	85.9801223		brickyard
22.9639193	85.9773570		brickyard
22.9659469	85.9588055		
22.9630462	85.9975487		
22.9557618	85.9621408		brickyard
10.7564334	76.6681619		
10.7564924	76.6682306		
26.2639367	88.1944975	Maa Kali Modern Rice Mill	
22.7824134	86.1476183		
22.7843980	86.1442870		
22.7741505	86.1379265		
8.2725758	77.5913555		
8.3383412	77.7294517		
8.1736774	77.5418874		
8.2832114	77.6516769		
10.9228389	75.9279562	Slaughter House Renowated	slaughterhouse
10.9227820	75.9281111	Temporary Slaughter House	slaughterhouse
26.7522272	89.2344160	DUMCHIPARA TEA GARDEN FACTORY	
26.7502637	89.2461119	HANTAPARA TEA GARDEN FACTORY	
22.7359407	86.3904260		brickyard
22.7289069	86.3903274		brickyard
22.7323141	86.4208938		brickyard
22.7323500	86.4209465		
22.5149431	86.4519351		mine
22.5166836	86.4487593		mine
22.5126672	86.4604738		
12.8753610	77.5672543	Medreich Limited	pharmaceuticals
22.5479443	86.5015458		brickyard
18.4310606	73.0781847	Kelzai Volcanic Water	
22.5947761	86.4945298		brickyard
22.6072401	86.5328680		brickyard
22.6057845	86.5309781		brickyard
22.6012738	86.5260807		brickyard
22.5968437	86.5282412		brickyard
22.6060450	86.5039860		brickyard
22.6018817	86.5056516		brickyard
22.5870224	86.5300537		brickyard
22.5661008	86.4869834		brickyard
22.5003482	86.4952219		brickyard
22.5126560	86.4908356		brickyard
22.5185085	86.4903751		brickyard
22.5235902	86.5026127		brickyard
22.5552827	86.4754526		brickyard
22.5708501	86.4756109		brickyard
22.5762208	86.4702250		brickyard
30.8378659	76.9552293		
30.8467044	76.9526518		
30.8462715	76.9550658		
30.8444661	76.9528154		
22.8040377	85.9569561		
18.4426628	73.1125854	R.A.M. Food Factory	
26.6862720	88.4380644		
26.6843320	88.4341129		
26.6888124	88.4511117	Bharat Petroleum	oil
26.6767381	88.4603423		
26.6786579	88.4536796		
26.6804385	88.4667850		
26.6702836	88.4606347		
26.6681551	88.4691131		
26.6710459	88.4745151		
26.6755469	88.4729969		
26.6766159	88.4679866		
26.6696891	88.4582663		
26.7389973	88.4133721		
26.7153064	88.4161717		
26.7600575	88.4410491		
26.7607401	88.4448016		
26.7575596	88.4497959		
26.7494540	88.4540418		
26.7495026	88.4511745		
26.6486430	88.4266698		
26.6440976	88.4180626		
26.6416858	88.4188673		
26.6430595	88.4193045		
20.4527695	72.9413115		
20.4698528	72.9409146		
20.4871100	72.9491275		
20.4898687	72.9361672		
20.4837783	72.9327124		
20.4615627	72.9215276		
20.4234460	72.8983962		
20.4317986	72.9018402		
20.4263995	72.9064402		
20.4216890	72.9049730		
20.4160155	72.9078564		
20.4169749	72.9124909		
20.4185011	72.9105508		
20.4116663	72.9093759		
20.4238859	72.9123920		
20.4127301	72.8815305		
20.4136577	72.8741811		
20.4035442	72.8745836		
20.4069986	72.8728455		
20.4023728	72.8805703		
22.7920267	85.8510672		brickyard
22.7921627	85.8467053		brickyard
22.7692778	85.9519980		brickyard
22.7725572	85.9378722		brickyard
22.7772857	85.9194844		brickyard
22.7854515	85.9002086		brickyard
22.7916052	85.8618906		brickyard
22.7921392	85.8565289		brickyard
22.9020047	86.0451659		brickyard
22.8880231	86.0580888		brickyard
10.8203174	76.8255157	Immaculate Surgical Innovations	factory
10.8209451	76.8263331	V.M.Polytex Limited	factory
10.8239089	76.8273544	Payare Lal Foams	factory
18.3716779	77.1263087		
13.2775872	80.2256912	Timber Cutting Company	
13.2779734	80.2240762	Blue Metal Company	
10.8125231	76.7989577	BPL Medical Technology Factory	factory
10.8053734	76.7217578		
10.7937596	76.7363671		
10.7957949	76.7398104	KOSO private limited	factory
10.7962666	76.7410127	sinicon	factory
18.9473737	76.7390353		
18.9667240	76.7462450		
18.9692490	76.7511373		
18.9717920	76.7540824		
18.7058641	76.9397718		
22.6305903	86.1773774		
18.6462807	77.8847865		
25.4547394	83.4035479		
25.4415737	83.3968415		
25.4395393	83.3937607		
25.4393755	83.3902559		
19.7253372	77.1424167		
25.4986972	83.4423979		
25.4853594	83.4470354		
25.4825159	83.4347701		
25.4897595	83.4227743		
19.7048672	77.1467149		
25.3849514	83.3823290		
25.4230137	83.4086455		
25.4282570	83.3968155		
25.4305337	83.3900418		
25.4290846	83.4153893		
25.4576842	83.3616744		
25.4303198	83.4032024		
25.4340943	83.4472136		
25.4366041	83.4211384		
19.7255114	77.1445813		
22.9075651	86.0221473		
22.9104260	86.0282841		
22.8970062	86.0034576		
22.9086095	86.0019777		
22.9109844	85.9962833		
22.9069887	86.0078249		
22.9047052	86.0091841		
22.9163344	85.9984096		
22.9191273	85.9971289		
22.9197005	85.9911034		
22.9706847	85.9628382		
22.9423538	85.9688517		
22.9223932	85.9909760		
22.9203465	85.9873683		
22.9152560	86.0587755		
22.2928166	86.7079667		
22.5037505	86.2238979		brickyard
8.1759953	77.3449811		
8.1757191	77.3468426		
8.1254897	77.3131729		
19.3251725	77.1458298		
19.6868644	77.1016914	Shiva Parvati Poultry Feed Pvt Ltd	
19.6902838	77.1017316	Mahabeej Seed Processing Plant	
19.6861722	77.1020749	MIDC Hingoli	
19.3787662	77.4080254		
19.3902905	77.4024099	Bhaurao Chavan SSK Ltd	
19.2882627	77.1298572		
19.2802004	77.1484812		
19.2829625	77.1382498	Purna Sugar Factory	
19.4717788	77.0130390	Kapeeshwar Sugars & Chemicals Ltd	
19.3383892	77.0786230	Purna Textile Park	
22.9368820	86.3421025		brickyard
22.9419883	86.3447654		brickyard
22.9521466	86.3462090		brickyard
22.9867986	86.3483890		brickyard
25.4193576	83.4757635		
22.7749441	86.1921109	Tata Pigments	
22.7667254	86.1519749		brickyard
23.6925529	85.0817514		
23.6779283	85.3379318		
23.6757814	85.3504791		
15.1401287	78.1129432		
22.7761937	86.2029927	BOC(British Oxygen Company) GAS	
25.9441915	80.8381587		
25.9450791	80.8373648		
25.9409668	80.8265689		
22.5318597	85.7788400		brickyard
15.4036512	73.7970784	CWC	warehouse
15.4046545	73.7981413	Food Corporation India	warehouse
15.4056325	73.7964951		
17.9942792	79.8396895		slaughterhouse
10.7858799	76.7621406	Palakkad Rubber Private Limited	factory
10.7831064	76.7812801	BPCL Bharat Petroleum Corporation Limited	
10.7925903	76.7529847	Prima Industries	
12.9830799	74.8676844		
12.9789499	74.8674994		
12.9191026	77.5705750	BMTC Depot 20 (Banashankari)	depot
22.7812166	77.6743967		
20.7368301	78.5906500		depot
20.8521747	78.9283776		
20.8575000	78.9691069		
20.8719297	78.9828211	CONCOR	
20.8896977	78.9839852		
20.9137675	78.9677846		
20.9166689	78.9665562		
20.9167790	78.9704883		
20.9100493	78.9732992		
20.9079446	78.9765072		
20.9050430	78.9717275		
20.8378717	78.7913061		
18.2294581	76.0442948		
20.3859042	78.1235513		
20.3787502	78.0748109		
20.3781415	78.0874944		
20.3873807	78.1150811		
20.3893167	78.1292376		depot
20.4166315	78.1395346		
20.3854131	78.1641010		
20.3119765	77.7736960		depot
20.3181882	77.7958578		
19.1660620	77.3516353		
19.1207829	77.3355022		
19.1387067	77.3456490		
19.1382657	77.3370606		
19.1305726	77.3447263		
19.1315304	77.3412180		
19.1356355	77.3510348		
19.1377438	77.3502034		
19.1394720	77.3627829		
19.1426546	77.3623377		
19.1437619	77.3564008		
19.1403690	77.3572415		
19.1460753	77.3511707		
19.1417120	77.3495811		
12.9850261	74.8663981		
12.6588439	77.2130164	APMC Market	
17.0823495	78.2146371	Eta soaps factory	
26.9873037	83.3842617		
27.0421893	83.3781945		
27.0456628	83.3924774		
27.0213604	83.3842590		
27.0216996	83.3822903		
26.9640213	83.4438805		
27.5979483	94.7532378		
27.4260369	83.4478987		
12.9832271	77.5634452	Minerva Mills	
21.9822342	85.2227711		mine
27.3519122	83.4203643		
27.3743826	83.4549836		
27.2201907	83.6595074		
27.2502517	83.6743507		
27.2844334	83.6804273		
27.3103981	83.7039851		
27.3056113	83.3200430		
27.2390009	83.2467422		
27.2193762	83.2714118		
8.6267237	77.0307521	"Liquid Propalsion System Centre -LPSC,Valiamala"	
27.3539801	83.7134961		
27.3496085	83.7093951		
27.3479027	83.7124903		
27.3556048	83.7449984		
27.3636513	83.7710780		
27.3591521	83.7612366		
27.1098321	83.3301957		
27.1094713	83.3273061		
27.1783676	83.3390936		
22.2730258	84.9238826		brickyard
22.2723054	84.9460282		brickyard
22.2685978	84.9462173		brickyard
22.2500920	84.9859254		
9.5962699	76.5646000	MRF Ltd.	
23.7456089	87.2885690		brickyard
12.7641802	77.3286894		
12.7477412	77.3170861		
12.8550185	77.4276638		
23.0086680	72.6123870		
24.3146516	87.2559687		brickyard
24.3137429	87.2544010		brickyard
16.5209356	80.7887575		
14.3989943	79.9797767		
13.2396650	80.1787655		
13.0870800	77.6366668		
25.0402881	87.3616289	Rajmahal Coal Mine	mine
19.2397056	73.0340678	LEON LABELS PVT LTD	factory
21.4373901	83.9169212	Rice Mill	rice_mill
24.8775497	87.2021965		brickyard
24.8782231	87.2031534		brickyard
22.8373590	88.5945886	ONGC Ashoknagar	
12.8378758	79.9517331		
12.9888927	77.5512938	Karnataka Power Transmission Corporation	
12.9912571	77.5517009	Karnataka Power Transmission Corporation	
33.9992227	74.7952744	SIDCO Industrial Estate	
12.9742317	74.9592979	Big Bag	
12.9719672	74.9546002		
29.1968917	79.5052640	Jamuna Minerals Company	
12.8937086	79.9192655		
12.8920007	79.9197444		
12.8833855	79.9085694		
12.8813249	79.9103882		
12.8816040	79.9117296		
29.2165176	79.5257517		woodworking
26.2510365	88.1778587		
15.3551229	75.0731980		
10.8240196	79.7552624		
10.8149331	79.6448654		
10.7676599	79.6261195		
25.2320690	87.6883342		brickyard
25.2382510	87.6797390		brickyard
25.2389667	87.6838682		brickyard
25.2406881	87.6818861		brickyard
25.2393962	87.6724716		brickyard
25.2380472	87.6754863		brickyard
18.7925516	73.8622251	Reliance Gas Station	
24.5696928	86.6500700		brickyard
34.1471715	77.4676047		
34.1495378	77.4620940		
34.1335489	77.5113856		
24.4084165	86.9728066		brickyard
24.3287837	86.9210064		brickyard
24.2577504	87.0076713		brickyard
24.2588758	87.0052660		brickyard
24.2687297	87.0211092		brickyard
24.2696723	87.0209161		brickyard
24.2714090	87.0257212		brickyard
24.2672815	86.9996723		brickyard
24.2692396	86.9969914		brickyard
22.3920490	87.0167415	RASHMI CEMENT LTD. (CEMENT DIVISION)	
12.9523007	79.9889628	Phoenix Medical Systems	
12.9522692	79.9878751	Royal Tyres	
17.1333263	81.2746659	Nava Bharath	
14.5185950	78.7786822		
14.4892929	78.7248221		
13.2136960	80.1677884		
13.2399360	80.3084114		
12.7714635	77.6372071		
18.0453944	78.2637190		
13.2302708	80.2884093		
24.5299599	86.5587721		brickyard
24.5370227	86.5924144		brickyard
24.4644383	86.5976098		brickyard
24.3715957	86.5383949		brickyard
24.4656535	86.6373555		brickyard
17.2386454	78.3943722		
17.2290709	78.3927453		
17.2275194	78.3965029		
17.2172462	78.3900776		
17.2302389	78.3936939		
17.2351081	78.3891129		
19.0146542	73.0280274		
19.0148691	73.0280092		
19.0152599	73.0280626		
19.0157117	73.0281162		
19.0145810	73.0275474		
26.2505737	88.1781132		
12.9376615	80.0041044		
12.9383486	80.0016912		
12.9391111	80.0040796		
12.9384764	79.9996836		
10.7932313	76.7549234		
10.7891817	76.7458758		
10.7902190	76.7243555		
10.7877325	76.7583043		
10.7985410	76.7699350		
10.7837195	76.7787776	Kinfra Textile Park	
10.8326921	76.8350047		
10.8017757	76.7507860		
12.9834953	77.5255364		
12.9845649	77.5213404		
26.2515050	88.1786310		
24.7159866	87.7432189		mine
24.7179675	87.7414902		mine
24.7132135	87.7496924		mine
24.7006796	87.7379241		mine
10.0985235	76.4146636		
8.4962894	77.1666490	Malanad Farmers Society Dairy Plant	
13.1667805	77.7073556	CIPET: SARP-APDDRL	
13.1648949	77.7024851	LOGOS Logistics Park	warehouse
32.7910717	77.1219957		
15.5375992	73.8340420		
13.2585150	80.3044153		
13.3192343	80.3375325		
13.3270306	80.3349087		
13.5438227	79.9998513		
13.5425906	79.9928178		
13.0498272	80.0537296		
15.7543336	78.0142588		
15.8485174	80.3929236		
9.5628140	76.7759073	Cacobean Chocolatier PVT Limited	
12.9626529	79.9746849		
12.8854252	80.2098419		
21.1450854	73.0259965	Envision Energies Waste to Energy Power Plant	power_plant
29.9606229	76.8473916		
15.8076709	77.9907438		
15.8104344	78.0039125		
15.8147965	78.0104416		
15.8152128	78.0117855		
15.8144153	78.0124412		
15.8412032	77.9969507		
15.8171710	78.0011252		
15.8168798	78.0000147		
17.5903345	83.1151736	Simhadri floating solar farm	
24.8185006	92.9630533		
24.7469196	92.7960043		brickyard
24.7462393	92.7962941		brickyard
24.7455322	92.7956349		brickyard
24.7420355	92.7892715		brickyard
24.7435858	92.7894795		brickyard
24.7418187	92.7972771		brickyard
15.8428932	78.2699422		
31.2471220	75.0027931		
29.9604240	76.8424056		
29.2127128	79.4697077	FCI Godown	warehouse
19.3787419	74.8395634	mula sahakari sakhar karkhana	
11.6130218	79.1879921	IOCL Asanur	
23.6122902	87.2334179		
8.2399270	77.1687251		port
17.9271861	79.8679369		
32.2077834	75.6646362		
32.2118570	75.6638128		
32.2105998	75.6579227		
32.2593112	75.6424976		
32.2658973	75.6284988		
29.2108166	79.4518136		warehouse
18.5662408	73.7685219	Baner Electric Bus Depot	depot
16.9963409	82.0034981		
24.7602897	87.7937704		mine
27.9730212	78.2945629		
27.9704995	78.2998009		
13.1748273	77.7257931	Ananth Technologies	
27.9727594	78.2461444		
27.9738396	78.2411326		
27.9663865	78.2402153		
27.9611716	78.2340985		
27.9489167	78.2450272		
27.9578832	78.2493885		
27.9769836	78.2509985		
27.7736772	78.6226735		
27.7751823	78.6275739		
27.7775182	78.6250057		
27.7704045	78.6180500		
27.7676633	78.6186307		
27.7662950	78.6211775		
27.7650455	78.6169665		
27.7638962	78.6251311		
27.7682341	78.6260484		
24.9962744	88.1072373		brickyard
24.9955137	88.1050134		brickyard
24.9940754	88.1036640		brickyard
24.9928181	88.1047325		brickyard
25.0023803	88.1125617		brickyard
25.0178582	88.1154103		brickyard
25.0191217	88.1143783		brickyard
25.0170652	88.1135134		brickyard
25.0127526	88.1126176		brickyard
25.0120721	88.1165891		brickyard
25.0124098	88.1060784		brickyard
25.0101498	88.1069729		brickyard
25.0083922	88.1070061		brickyard
25.0080576	88.1049982		brickyard
25.0044433	88.1043232		brickyard
25.0053979	88.1060446		brickyard
25.0063293	88.1020855		brickyard
25.0038897	88.1016480		brickyard
25.0000414	88.1042438		brickyard
27.7685877	78.6071281		
27.7350262	78.6271186		
16.9451175	81.9514284		
16.9495793	81.9317222		
16.9600522	81.9101250		
16.9416255	81.9175601		
16.9390981	81.9117558		
16.9316278	81.9439369		
16.9509931	81.9788003		
16.9476473	81.9793958		
16.9386388	81.9637666		
16.9341357	81.9485772		
16.9271038	81.9194806		
16.9291450	81.9211959		
17.0504663	82.1365034		
17.0608105	82.1292239		
17.0581922	82.1363264		
17.0726129	82.1171272		
17.0409241	82.1466268		
16.9777589	82.0572523		
16.9806833	82.0315995		
16.9842721	82.0315352		
16.9717790	82.0334290		
16.9667739	82.0337024		
16.9672305	82.0363926		
16.9413509	82.2451628		
16.9431342	82.2407958		
16.9399602	82.2443604		
16.9747959	82.2671410		
16.9588310	82.2534075		
16.9519551	82.2453449		
16.9445300	82.2492474		
16.9999320	82.2116482		
16.4625966	80.5885792		
16.4670311	80.5923933		
16.4712520	80.5970443		
30.1096237	77.2882122		
30.1060688	77.2923106		
30.1886908	77.3222387		
10.3771982	76.2343245	fathima tile factory	factory
34.0787222	77.5711196		
18.9416606	73.0333921		
18.9448521	73.0311817		
18.9330575	73.0323324		
18.9306117	73.0289030		
18.9305382	73.0176580		
18.9383293	73.0153674		
18.9346856	73.0209163		
18.9967412	73.1139091		
18.9992259	73.1108527		
22.3396185	82.7492816		
13.2345580	79.1110013		
13.2508205	79.1018726	Sreenivasa Beer Factory	
13.2511994	79.1018796		
19.0837918	74.7341028		depot
19.1427077	74.7148472		
19.1605958	74.7031420		
19.1404550	74.6971286		
19.1451125	74.7070095		
19.1598733	74.6955728		
11.9608923	75.3896530	Ashoka Textiles	
11.7717170	75.4676651		factory
9.5757947	77.6816125	Kalasalingam University	building
27.9002637	78.6570145		
27.9442003	78.6104688		
27.0102681	75.7978749		
27.0198788	75.8056962		
27.0058237	75.7889282		
27.0007600	75.7863119		
26.9943567	75.7810277		
26.9994150	75.7919942		
26.9916487	75.7932883		
26.9787535	75.7827178		
26.9895862	75.7784650		
26.9994147	75.7799846		
26.9792939	75.7749527		
27.0075151	75.8043042		
12.9748266	77.4467972		
8.7990416	78.0959863		
8.8031025	78.0825483		
16.4672524	79.9183703		
16.4680342	79.9100124		
13.3470500	80.1606141	Yanmar Engine Manufacturing Plant Chennai	
13.3473119	80.1603386		
9.9804503	76.6014300	kanjirakkattu mill	
27.3714267	79.0057325		
27.5350458	78.7174165		
10.3327651	76.1252018		
27.2948620	70.5958834		mine
26.9915552	71.0770527		
23.1053371	88.5485923		
25.9342538	72.2226298		
25.8601887	72.2532391		
25.8755094	72.2525954		
26.5082867	72.9962325		
26.5102741	72.9910665		
27.8106016	73.3160216		
27.7915495	73.3449894		
13.0312003	77.0800196		
12.9938942	76.0750983	Bharat Petroleum	
27.9488504	78.6138651		
27.1539444	83.7542993		
26.2165181	88.0862068		
10.4248837	76.2861952	Mary Rani Tile Industry	
10.4253414	76.2865548	flour mill kanjoor	
10.4417417	76.2664730		
10.4362372	76.2519702		
10.4347413	76.2529412		
10.4349514	76.2507116		
26.1199250	87.9984200		
27.9284990	78.6107035		
13.0006402	77.4569151		
12.9986540	77.4421025	Valsad Petrochemicals Ltd	
12.9759914	77.4272672		
12.9864226	77.4650341		
12.9867620	77.4674079		
12.9886311	77.4701062		
10.4759090	76.2408606		
10.4758536	76.2398909		
27.9304891	78.6851519		
27.9262773	78.7297198		
16.5152600	77.9339169		
17.7009543	79.4972964	STEEL  FACTORY	
12.9790798	77.9155186	Malur Industrial Area	
13.1041098	77.9820990	Narasapura Industrial Area	
13.2649775	77.5586146	Doddaballapur Integrated Textile Parks Ltd	
13.2733749	77.5749038		
13.2229331	77.7723659	Hi-Tech Defence and Aerospace Park	
17.8410809	83.2353723		
9.5044357	77.6318679	Rice Mill	
9.5047301	77.6323149		
9.5051129	77.6322359		
9.5051997	77.6324188		
29.5914249	76.1279047		depot
29.5883858	76.1055833		
29.5965187	76.1079973		
29.5992447	76.1065354	FCI	
15.4247494	75.5563580		
9.5263007	77.6224535	SRIVILLIPUTTUR BRICK KLINS	
11.7648302	75.5159522		
11.7611559	75.5163194		factory
12.9910355	77.8824502	AllCargo Logistics Park	warehouse
27.8813591	78.7432770		
27.8815154	78.7470697		
27.8818486	78.7503192		
9.5311109	77.6498659	கூட்டுறவு நூற்பாலை	
22.7385189	71.9112991		
16.1081382	75.6205533		
15.6438918	74.5053130		depot
15.4399510	73.8733745		
16.3446591	75.2882203		
16.3429604	75.2756542		
16.3519839	75.2772045		
16.3531885	75.2739644		
16.3579859	75.2743238		
16.3578880	75.2673876		
16.3612235	75.2655959		
16.3497809	75.2705639		
16.3892684	75.1141772		
16.5106275	75.2782076		
16.4867614	75.1366970		
16.7109778	74.7225237		
16.6522390	74.8222831		
26.6908102	71.2372756		
26.6717249	71.2312211		
26.8375892	71.4205330		
26.7978419	71.4949049		
26.6494283	71.2897856		
27.4461697	72.4188012		
27.3804322	72.0066650		
27.3916345	72.0175192		
27.3962552	72.0038588		
27.3995380	71.9936449		
27.4058579	72.0074569		
27.4126719	72.0239927		
27.4094856	72.0194953		
27.3928529	72.0618985		
27.3957993	72.0617589		
27.4019365	72.0380147		
27.3823114	72.0399405		
28.2773053	73.3287943		
28.2659040	73.3341667		
28.2613295	73.3569165		
28.2747982	73.3450096		
16.5240071	74.7206140		
16.5289905	74.7245702		
16.5581502	74.6881834		
17.5153405	78.4627997		
16.7121364	74.2706224		
16.7047301	74.2658401		
16.7046865	74.2740154		
16.7569921	74.5252741		
16.7667540	74.5148925		
16.7569305	74.5188206		
16.7564014	74.5164710		
16.7557491	74.5093792		
16.6399234	74.4903168		
16.6402123	74.2907431		
16.7740535	74.2772811		
16.7591969	74.2800265		
16.7642516	74.2714093		
16.7750816	74.2784259		
16.8019562	74.2819215		
16.7820617	74.2719369		
16.7766612	74.2742560		
16.7465414	74.2768894		
16.7322464	74.2807497		
16.7343526	74.2913374		
16.7230870	74.2820657		
16.7294999	74.2918596		
16.6865678	74.2395875		depot
17.0313687	76.7859471		depot
17.2135367	76.3630700		depot
8.7812556	77.4022181		
8.7713310	77.4722600		
8.7061677	77.4354842		
8.7043860	77.4385017		
16.8092861	80.9588313		
16.7912965	80.8667296		
25.2910100	87.4122464		brickyard
25.2913640	87.4089915		brickyard
25.2891329	87.3673716		brickyard
26.4566384	88.2399229		
27.9326840	78.6122217		
27.8953971	78.5718772		
13.1241500	77.6145999	AstraZeneca	factory
26.7449254	83.2574147		
26.7902538	83.3839453		
26.8178877	83.3614522	Gorakhpur Unit - Fertilizer Corporation Of India	
26.8089422	83.3502271		
26.0906663	85.4191493		
26.0970473	85.4075700		
26.0951517	85.4030853		
25.3346734	87.6182860		
25.7441796	87.4672329		
25.7392433	87.4585272		
25.5298661	87.5676334		
25.5240867	87.5746304		
25.5182262	87.5712168		
25.5279250	87.5802827		
25.8993031	86.7515499		
26.6355650	84.9138719		
17.5163123	75.4450060		depot
17.4232276	75.1580508		
17.4586556	75.1588761		
17.6820313	75.8983156		depot
17.6836663	75.8988699		depot
17.5229993	76.1950296		
17.5293910	76.2012926		depot
17.2616844	76.8775499		
27.4919541	82.5329900		brickyard
13.0062929	80.1726909		
13.0094291	80.1695993		
13.0079787	80.1673302		
12.9690990	80.1506831		
12.9687784	80.1693277		mine
12.9702666	80.1755411		mine
12.9554128	80.1580645		
12.9476754	80.1452798		
12.9619332	80.1472458		
12.9639053	80.1456941		
12.9634226	80.1394056		
12.9628291	80.1415278		
17.2027997	81.6758941	RamaKrishna  pharam	
17.1987210	81.6712562	Venkateswara Rice Mill	distributor
17.1884747	81.6767343	HP Petrol	oil
28.3858758	80.9279169		brickyard
28.3748901	80.9219375		
12.8923058	77.4316057		
28.0164487	81.3638489		brickyard
28.0158117	81.3692334		brickyard
27.8560567	78.6222652		
27.8718705	78.6934751		
27.8733891	78.6485280		
27.6028726	81.6536958		brickyard
27.6034889	81.6483025		brickyard
27.6051776	81.6504040		brickyard
27.5825713	81.6291160		brickyard
27.5808863	81.6283402		brickyard
27.5709263	81.6381810		brickyard
27.6141792	81.6473210		brickyard
27.6152893	81.6466639		brickyard
27.6162669	81.6506418		brickyard
27.6173584	81.6484089		brickyard
27.6189737	81.6506012		brickyard
27.6201380	81.6478738		brickyard
27.6233065	81.6530605		brickyard
27.6235743	81.6573187		brickyard
27.6260229	81.6572687		brickyard
27.6276313	81.6582802		brickyard
27.6270388	81.6609632		brickyard
27.6150118	81.6588780		brickyard
27.6129494	81.6546418		brickyard
27.6135688	81.6566209		brickyard
27.6152728	81.6540221		brickyard
27.6123614	81.6506935		brickyard
27.6082920	81.6478781		brickyard
27.5633787	81.6491864		brickyard
27.5359087	81.6662329		brickyard
27.5115858	81.6807469		brickyard
27.5134336	81.6795634		brickyard
27.5223977	81.6706899		brickyard
27.5204828	81.6636702		brickyard
27.5222292	81.6650637		brickyard
27.5231422	81.6636120		brickyard
27.5302657	81.6623593		brickyard
27.5334454	81.6594923		brickyard
27.6606895	81.6620135		brickyard
27.6627498	81.6583818		brickyard
27.6346233	81.6708766		brickyard
27.6369268	81.6751850		brickyard
27.6130207	81.6391502		brickyard
27.6189331	81.6342741		brickyard
27.6186542	81.6430294		brickyard
27.6287600	81.6831136		brickyard
27.6390737	81.6586917		brickyard
27.6124874	81.6602462		
27.6115595	81.6587431		
27.5700414	81.6689683		brickyard
27.5686023	81.6733275		brickyard
27.5671906	81.6674122		brickyard
27.5484026	81.6461057		brickyard
27.8668057	78.6932592		
13.1078575	80.1590395	SIDCO Industrial Estate	
13.1016742	80.1691514		
13.1022646	80.1646971		
13.1070791	80.1673754	SIDCO Industrial Estate	
13.1044698	80.1749343	SIDCO Industrial Estate	
13.1117238	80.1690245	SIDCO Industrial Estate	
13.0940118	80.1733464		
13.0950516	80.1657746	AMBIT PARK	
13.0870664	80.1726343		
13.0872716	80.1656162		
13.0928351	80.1600386		
13.0779498	80.1579746		
13.0752170	80.1519478		
13.0776546	80.1490080		
13.0485847	80.1470393		
13.0531442	80.1513389		
13.0510538	80.1567811		
13.0507038	80.1523366		
13.0817460	80.1466584		
13.1353324	80.2352545		
13.1613558	80.2261754		
13.1594950	80.2382113	Madhavaram Metro Rail Depot	depot
13.0353308	77.5408111	Heidelberg Prominent Fluid Controls India	
8.2516182	77.1621175		port
8.2505311	77.1623656		port
8.2428611	77.1656248	Erayumanthurai Fishing Harbour	port
22.2095794	69.5707852		
27.8679202	78.5488290		
28.2738733	80.3455698		brickyard
28.2768019	80.3457969		brickyard
27.8524640	78.6917840		
27.8472861	78.7022118		
16.7088477	79.5740068	Yadadri Thermal Power Plant	
27.8989256	78.5656464		
27.8289209	78.5400098		
27.9412942	78.4581931		
28.0250734	78.3749186		
27.9865713	78.4086916		
27.9866204	78.4086889		
24.2010427	92.5430265		
11.1988817	76.0741317		
11.1986988	76.0743667		
11.1868391	76.0786356	furniture	
11.1980845	76.0656506		
27.9296224	78.6147724		
27.9268579	78.6056878		
12.8773280	77.5876850	Kothanur Metro Depot	depot
12.8572887	77.5844702	Gottigere 50ML Reservoir	
12.8666854	77.5820120	BWSSB	
24.2014537	72.3543155		
24.2036237	72.3449907		
24.1845328	72.3769990		
21.7593687	70.6132568		
28.0306243	78.5132481		
27.8882627	78.4994173		
19.2362998	72.9920992	TATA Metro Casting Yard	
11.1976098	76.0651625		
11.1985975	76.0848874		
11.1931089	76.0724462		
11.1958239	76.0681145		slaughterhouse
11.1936388	76.0715419		
27.8521355	78.4990069		
33.7575906	74.8560441		
27.8865807	78.5857013		
27.8862357	78.6023672		
27.8365460	78.5453233		
27.8429396	78.5259886		
27.8285295	78.5675025		
18.8941466	82.5603913		
27.4292548	96.0489759		
13.1130077	77.6077934		
13.1206036	77.6094624	Zodac Clothing Company Pvt. Ltd.	
18.4517109	73.9713233	Industrial Area	factory
27.8202473	78.5977779		
27.8066199	78.6317863		
9.6322395	76.3327830	Autocast Ltd	
12.9484566	77.6043737		
12.9508228	77.6040282		
27.8192463	78.7096515		
27.8341285	78.7073663		
11.2554286	79.1900350		mine
17.9851621	76.0917511		
29.9614070	76.8571678		
31.0816984	75.5958831		
31.0982317	75.5742178		
30.5341836	75.5714612	Sohal Steel Works	
31.2325274	75.7746523		
31.2249319	75.7647647		
31.2122715	75.7642910		
31.2024643	75.7700068		
31.2060524	75.7772380		
28.2284052	79.2485111	IFFCO Aonla WORKS	
17.5149883	82.9561275		
17.5174435	82.9476586		
17.4882541	83.0027457		
17.5038562	82.9716575	IOCL	
17.5234444	82.9937589	Uniparts India Limited	
17.5418028	82.9978359		
17.5145074	82.9687876		
17.5148724	82.9754066		
17.5192466	82.9795113	Porus Laboratories Pvt Ltd	
19.0721465	83.8141018		
27.7955541	78.5447761		
30.2646557	76.0626247	Deva Industries	machinery
27.8014058	78.6077772		
13.1022960	77.8114970		warehouse
13.1052350	77.8148709		
13.1098636	77.8166595	Karnataka Milk Federation	
13.1508455	77.8233345	Sun Pharma	pharmaceuticals
29.8006000	76.9490307		
29.7954049	76.9282329		
29.7964663	76.9356144		
29.7917644	76.9396430		
29.7938756	76.9222275		
29.1050461	75.9782052		
29.1077622	75.9781489		
28.6237227	75.3761539		
28.4546775	75.7931569		
13.0331051	77.5036345	Om Timbers	
13.1320596	77.4149948		
13.0829479	77.4495576		
13.0792301	77.4516579		
13.0796220	77.4499132		
13.0804789	77.4517680		
13.0812235	77.4484139	UNIBIC	factory
13.0837140	77.4455425		
13.0841888	77.4438473		
13.0479314	77.4978483	Karle	
13.0425095	77.4913404	Nagasandra Phase I 20MLD Sewage Treatment Plant	
30.8439617	75.9695182		
30.8535864	75.9467107		
30.8528771	75.9393400		
30.8695058	75.9091195		
30.8733808	75.9352868		
30.8711891	75.9228069		
30.8715275	75.9171582		
30.8777743	75.9090860		
30.8877827	75.9032102		
30.8825957	75.8969786		
30.8791030	75.9218895		
30.8847014	75.9106822		
30.8855028	75.9060176		
30.8750015	75.9128774	CONCOR	
30.8254864	75.9575951		
30.8127939	75.9576595		
30.8183361	75.9519946		
30.8475118	75.9299362		
30.8762928	75.8921438		
30.8955043	75.9104013	"FCI FSD Godown, Jamalpur"	storage
30.8918111	75.8990907		
30.8928250	75.8854544		
30.8995405	75.8872622		
30.9011172	75.8784860		
30.8929171	75.8775768		
30.8912737	75.8766031		
30.8882262	75.8609819		
30.8873631	75.8622801		
30.8889743	75.8649677		
30.8858855	75.8603644		
30.8830240	75.8626449		
30.8925328	75.8606611		
30.8949310	75.8636212		
30.8989496	75.8673414		
17.7195112	83.2550378	Visakhapatnam Port	
9.9908405	76.5857297	"Aravusala, Muvattupuzha Municipality"	slaughterhouse
30.9427493	76.0058374		
30.9430572	76.0020048		
30.9470604	75.9995770		
30.9527969	75.8466643		
27.1739159	88.5175179		
27.1749963	88.5155719		
27.1994354	88.4850642		
27.1726370	88.5149085		
27.1753023	88.5136324		
27.1843096	88.5045397		
27.1860179	88.5006210		
27.1902933	88.4955436		
27.1939627	88.4943017		
27.1954609	88.4911287		
27.1966394	88.4872154		
27.1948931	88.4855122		
27.1784639	88.5116181		
27.1802653	88.5162557	Wai Wai Factory	
27.1742739	88.5287480		
27.1880668	88.5011494		
27.0606951	95.2848986		
27.3731655	95.3367054		
27.3861874	95.3305558		
27.3817565	95.3336209		
27.1849814	95.4684224		
27.1924024	95.4663473		
19.1265108	72.9211213	National Marble	warehouse
29.0755896	77.8456402		
29.0712349	77.8882442		
29.0690760	77.8879541		
29.0364734	77.8847030		
29.0448093	77.8659864		
29.0407876	77.8646853		
29.0948261	77.8848495		
27.4955860	95.2591440		
27.4767645	95.3612423		
27.4762743	95.3648418		
12.1416600	75.2312587	Muncipal Industrial Estate	
21.0704105	73.1308899		
28.7594931	79.8854153		brickyard
28.7618328	79.8841225		brickyard
28.7476206	79.8872244		brickyard
28.7447717	79.8711443		brickyard
28.7068873	79.8524671		brickyard
28.7293728	79.8742969		brickyard
28.7298843	79.8833956		brickyard
28.8315842	79.8955567		brickyard
28.8245606	79.8902231		brickyard
9.4334682	76.5982729	KINFRA Industrial Park Kunnamthanam	
9.7177529	76.5928768	Klenzo Washing Solutions	
19.0158020	73.0277313		
12.2718791	75.1382441	Khara Malinya Samskarana Plant	
27.7960673	76.9558811		
28.1024346	76.8052000		
28.8992894	79.9447847		
12.3035780	78.4082231		
12.3040118	78.4074642	Ola Future Factory	factory
12.3012627	78.4139107		
21.1067619	77.0149970		
21.1030785	77.0192456		
21.1013719	77.0320022		
21.0836091	77.0376617		
21.1040444	77.0483771		
27.7643133	78.6911443		
27.2256092	94.0275199		
27.2242355	94.0272476		
27.2619909	94.0130788		
25.7604821	93.7088361		
25.9157037	93.7387269		
25.9236693	93.7403419		
25.9099975	93.7401093		
25.9098935	93.7453500		
25.9139563	93.7451997		
25.9099467	93.6919860		
25.8463206	93.7696921		
25.9378722	93.8071963		brickyard
12.3250814	75.1102492	Waste management Trenching Ground	
29.1332126	79.5194402	Indane Bottling Plant	oil
10.7302330	77.0179344	Argo Hytos Pvt Ltd	
10.7220976	77.0254361		
14.6630496	78.4577933	AP CEMENT WORKS	
22.8033373	86.0916471	Adityapur Works Power Station	
26.8909431	76.3101060		
23.1700928	70.1869616	Kutch Chemical Industries Ltd	
8.7263061	77.7395901		
25.1505150	87.7026229		
25.1528039	87.6895693		
25.1752161	87.6847047		
25.1194027	87.7141732		mine
25.2007402	87.6710888		
25.1958572	87.6751283		
21.9255743	83.3450304	Raigarh Jindal power station	
27.3002926	95.7564249		
27.3006315	95.7602475		
11.9992764	75.3882088	Muncipality Platic Bailing and Hydrating Unit	
10.0075864	77.4711147		
10.0367619	77.4757147		
10.0351680	77.4864342		
10.0185770	77.4823317		
10.0239125	77.4819401		
27.7798402	78.6578473		
27.7809175	78.6562447		
9.2196951	78.4254135	IOCL	gas
25.2568397	87.5022398		
25.2066450	87.6709360		
25.2171366	87.6653436		
25.2221899	87.6571593		
25.2161319	87.6618696		
25.2130707	87.6675698		
12.9533199	77.5934345		
26.9563443	81.0029680		
11.6812481	76.2771314	Municipality Waste Management Plant	
10.0762176	76.3266345	Waste Treatment Centre	
13.1041386	80.2789178		
22.0724353	82.1290983	Tifra	
21.8871018	82.0498085	Nova Iron & Steel	
10.8073270	78.7215444		
10.2974556	76.1336561	Kanav Plastic Shredding Unit	
22.0585003	82.2355903		
22.0772004	82.5456009		
22.0413586	82.1587736	BEC Fertilizer	
22.0445041	82.1576779		
30.5288136	78.7766091		
30.5239707	78.7726922		
12.9875106	77.5069356		
13.0528326	77.6149933	Manyata Substation	
13.1497857	77.8212910		
12.8756385	77.5658587		
12.6276419	78.0831469	Embassy Industrial Park	
12.6013909	78.1183703	SIPCOT Industrial Park	
13.0805874	77.6900651		
28.0242612	78.5021002		
13.1826892	77.7259360	Rossell Techsys	
12.9420788	79.7625983		
15.9270524	74.5317726		
17.5520862	78.9354560		
17.1185107	79.6485078		
17.1365612	79.6416225	New Market Yard	
16.2328334	77.3570412		
16.2277682	77.3567829		
16.2413496	77.3529692		
16.2362574	77.3590574		
16.2170208	77.3605138		
13.3840029	79.0906570	Frozen Tropicals	
13.3863712	79.0921169		
13.3904461	79.0952648		
13.3926676	79.0959583	Agro Tech Foods	
27.9650473	78.5296096		
27.9725782	78.5221102		
24.3301512	93.9985013		
26.6209917	93.5167200	Methoni Tea Factory	
10.9745189	76.3655564		
11.0632297	76.0480177		
11.0459531	76.0520410		
11.2114757	75.8207220		
11.2041051	75.8154907		
29.0865286	79.5196297	Indian Oil	oil
29.0828429	79.5197654		railway
29.0904168	79.5260365	Mahaveer Agro Products	grinding_mill
24.3308577	94.0029628		
10.1841180	76.1782553		
20.0380245	78.9716507	Coal filter plant	
26.6105806	93.4805180		
25.1936895	82.5871924		brickyard
25.1966679	82.5841944		brickyard
25.2017972	82.5855099		brickyard
25.1969007	82.5945818		brickyard
25.2007427	82.5906015		brickyard
25.2041391	82.5924012		brickyard
27.9833192	78.5077730		
25.2053027	82.6077918		brickyard
25.2409605	82.6577544		brickyard
25.2424768	82.6571806		brickyard
25.1933973	82.6003989		brickyard
25.2318754	82.6968045		brickyard
25.2199130	82.6827253		brickyard
18.5103930	73.7714529		
25.2122809	82.6832451		brickyard
25.2052130	82.7258975		brickyard
18.5095244	73.8001034	Vanaz Depot	depot
25.2309844	82.7170845		brickyard
17.9509530	79.4594604		
17.9453290	79.4636876		
25.2163989	82.7084590		brickyard
16.9491353	82.2615909		
16.6337401	82.0529848		
16.3994016	81.9356274		
16.4084271	81.9212957	ONGC Kesanapalli GGS	
16.4163701	81.9680770	ONGC Odalarevu Onshore Terminal	
16.7182761	82.2685572		
16.7151498	82.2659039		
16.7184121	82.2627389		
16.7182632	82.2582436		
16.7198533	82.2527985		
16.7209050	82.2621751		
16.7361183	82.3085139		
16.7348469	82.3106607		
25.4153468	81.8611198	GNR logistic	
12.8911698	80.1257141		
12.8924409	80.1228558		
16.7575160	82.2215643		
16.7502483	77.1368565		depot
16.7611913	77.1502661		
9.8417430	78.0823745	Madurai Airport Solar Farm	
9.8394765	78.0860200		
9.8390696	78.0848831		
9.8371814	78.0946484	IndianOil Aviation	
9.8382081	78.0955376		
17.6606074	83.1996640		
17.7125432	83.2441941		
17.7127406	83.2433716		
17.7090230	83.2481155		
8.7799246	76.8705921		
17.6531876	83.2176644		
17.6675386	83.2146683		
17.6609319	83.2152047		
17.6632680	83.2144215		
17.6636385	83.2123992		
17.6638685	83.2108194		
17.6603722	83.2096392		
17.6613281	83.2074451		
17.6630686	83.2080782		
17.6635031	83.2061952		
17.6623837	83.2055757		
17.6601481	83.2063658		
17.6612260	83.2046577		
17.6589975	83.2075371	Gangavaram Port	
17.6596259	83.2135258		
17.6656396	83.2101273		
17.6662607	83.2087379		
17.6613409	83.1895977		
17.6636053	83.1886590		
17.6636359	83.1931329		
17.6631606	83.1923899		
17.6669021	83.1869826		
13.0089174	80.2239608		
17.6635977	83.0999444	Ramky Pharma City	
17.6223072	83.1218988		
17.6957937	83.2147799		
17.6943202	83.2251102		
17.7011812	83.2229510		
17.7039331	83.2206202		
17.7042679	83.2235974		
17.7017020	83.2310620		
17.7065471	83.2248236		
17.7146799	83.2890379		
17.7136630	83.2848429		
17.7137754	83.2819435		
17.7109447	83.2807553		
17.7139041	83.2758710		
17.7211311	83.2792210		
17.7252778	83.2824263		
17.7271633	83.2773301		
17.7147822	83.2657108		
17.7159268	83.2685888		
17.7194245	83.2691359		
17.7043675	83.2910469		
17.7020321	83.2887958		
17.6915758	83.2927369		
17.7023947	83.2924178		
17.7084812	83.2902529		
17.7143225	83.2831666		
17.7132107	83.2890903		
17.7067778	83.2871983		
17.7171199	83.2886946		
17.7391589	83.2637018		
17.6922888	83.1792071		
17.6966660	83.1803642		
17.6988968	83.1778863		
17.7010023	83.1792793		
17.7007774	83.1747879		
17.7045950	83.1789306		
17.7080034	83.1804326		
17.7092759	83.1849414		
17.6948123	83.2005707		
17.6941539	83.1893516		
18.1522594	83.6175978		
18.1521624	83.6208165		
18.1443822	83.6169443	Dr. Reddy's	
12.8957907	77.5750563	Sarakki 5MLD Sewage Treatment Plant	
12.8654898	77.6039422	Hulimavu 10MLD Sewage Treatment Plant	
12.8839429	77.6377027	Chikkabeguru Sewage Treatment Plant	
12.9468671	77.6235954	Koramangala 210MLD Intermediate Sewage Pumping Stations	
12.9164341	77.4901200	Kengeri 60MLD Sewage Treatment Plant	
12.9398130	77.6595098	K&C Valley 218MLD Sewage Treatment Plant	
12.9397488	77.6563099	K&C Valley 60MLD Sewage Treatment Plant	
12.9422644	77.6564590	K&C Valley 30MLD Sewage Treatment Plant	
12.9524258	77.5577217	Kempabudhi Sewage Treatment Planet	
13.0217194	77.7200236	Yelemallappa Chetti 15MLD Sewage Treatment Planet	
12.9966782	77.7771038	Kadugodi 6MLD Sewage Treatment Planet	
13.0828942	77.5132401	Chikkabanavara 5MLD Sewage Treatment Plant	
26.4742899	88.1224129		
23.0873837	72.5656732		
23.0930088	72.5407907		
23.0929249	72.5360084		
23.0910252	72.5919350		
23.0722771	72.5640536		depot
23.0707867	72.5717434		
21.6111856	71.2360302		depot
21.6082855	71.2301481		
21.7415079	70.6108963		
21.7394220	70.6112645		
21.7428894	70.6374518		
21.7404617	70.6419370		
21.7363755	70.5923026		
26.4532665	88.1118728		
25.9138636	94.2033129		
10.3001134	76.3225190	Food Corporation of India (FCI)	
26.4498875	88.1164652		
26.4497220	88.1141364		
9.4607850	77.5575838		
9.4601439	77.5562870		
25.0512973	87.7100399		mine
25.0496121	87.7048592		mine
26.5087609	88.1195592		
9.9352066	77.2152614		
22.8147100	70.8645428		
21.8778328	88.2362250		
20.2566195	86.5923758	Paradip Refinery Captive Power Plant	
22.8392694	70.8792722		
22.8064892	70.8205533		
22.8082372	70.8228171		depot
22.8025220	70.8208135		
22.8007499	70.8737039		
22.7927399	70.8890033		
22.7883682	70.8841538		
22.7809988	70.8992761		
22.7730728	70.8927664		
22.8262370	70.8596680		
22.8279808	70.8664298		
22.8316538	70.8623915		
22.8026405	70.8558726		
22.7947577	70.8703029		
22.8446582	70.9292578		
22.9352149	70.8881235		
22.9031779	70.8713651		
22.8604179	70.8512500		
22.7727884	70.9095436		
22.7666161	70.8995709		
22.7692314	70.9129822		
22.7828484	70.9112764		
22.8178748	70.8836398		
22.8100078	70.9017491		
22.8629873	70.9416174	Sanala	
22.7657740	70.9697056		
22.7377347	70.9698557		
22.7514585	70.9262934		
22.7463958	70.9214968		
22.7378634	70.9278453		
22.7386451	70.9350621		
22.7455215	70.9463596		
22.7268841	70.9431088		
22.7158454	70.9422317		
22.7183579	70.9354524		
22.7527842	70.8304989		
22.7688798	70.8538127		
22.8255597	70.8313948		
22.7410942	70.8537993		
26.4684066	88.1221585		
26.4697712	88.1195176		
11.6701406	78.1636340	NARASUS	coffee
12.9127968	79.3606927		warehouse
26.4352419	87.8567143		
13.2004726	77.7033284		
13.2004939	77.6970360		warehouse
13.2006338	77.6839271	Indian Oil Skytanking	
13.1525673	77.6185128		factory
25.0259133	87.8221240		brickyard
25.0385944	87.8263592		brickyard
13.0415240	77.5888397		
13.0414192	77.5895603	National Seeds Corporation Limited	warehouse
13.0289998	77.5930646	BMTC Depot 14 (RT Nagara)	depot
26.6514906	91.0074956	Fatemabad Tea Estate	
13.0173400	77.5623359		
17.8049291	78.4320081		
12.7983080	77.3980835	GAIL Bidadi Receiving Terminal	
25.0372675	87.7892227		brickyard
19.1751822	72.9456185		
12.8870066	77.5609056		
24.9932486	87.8461667		brickyard
12.7940628	77.7398425	Heritage Foods	
12.7692051	77.6784028		
12.7956270	77.6946044		
13.0127690	77.5491861		
13.0159023	77.5484126		
26.8123009	83.8410795		brickyard
26.8090404	83.8280010		brickyard
12.8551706	77.6754656	Manjushree Technopark	
9.5006620	78.1919289		
9.4952017	78.1368363		
8.9654857	78.2140490		
12.6420892	77.4270326	Harohalli Industrial Area Substation	
12.7483678	77.7355831		warehouse
12.7813611	77.7015271	Iggalur Industrial Area	factory
12.7815991	77.7428218	Attibele Industrial Area	
26.6514170	91.0076780		
26.6513322	91.0085806		
12.7815377	77.7547856		
12.7854141	77.7541682		
12.7843378	77.7504278		
12.7874309	77.7464703		
12.7809687	77.7491954		
12.7760510	77.7427152		
12.7816344	77.7360579		
12.7806728	77.7379456	Reliance Granite Pvt Ltd	
12.7821778	77.7388515	Shakti Coach Works P Ltd	
12.7823236	77.7454657	Synchron Engineering (I)Pvt.Ltd	
12.7802625	77.7430182	Eshwar Mosaic Hollow Blocks	
12.7781284	77.7457697	Curve Tech Seating System	
12.7820755	77.7424405	Pankaj Granite Industries	
12.7778812	77.7445235	Miki Steel Works Pvt Ltd	
12.7860520	77.7422863	BSNL	
12.7846685	77.7418604	K V Forgings Pvt Ltd	
12.7843216	77.7462046	Coach Craft Pvt.Ltd	
12.7836515	77.7461459	Nova Granites (India) Ltd	
12.7842099	77.7437724	Srinivas Fine Arts (P) Ltd	
12.7852239	77.7476208	Alps Granites Pvt Ltd	
12.7852611	77.7470858	Pointec Pens Pvt Ltd	
12.7853302	77.7459138	Vectra Azad Engineering Pvt Ltd	
12.7836664	77.7437656	The Phoenix Printing Co P Ltd	
12.7826277	77.7467256	Titan Foods And Fashions Ltd	
12.7826827	77.7462946	Mirage Lifestyle Pvt Ltd	
12.7831382	77.7453885	Easy Way Industries	
12.7833275	77.7437669	Raghavendra Industries	
12.7827342	77.7454299	Lakshmi Granite Industries	
12.7829354	77.7445937	Techno Blocks	
12.7822058	77.7416292	Michell Bearings (India) Pvt Ltd	
12.7822730	77.7411671	Jallan Polypack India Pvt.Ltd	
12.7823537	77.7407860	Resma Wires Pvt Ltd	
12.7815689	77.7446575	Rachita Impex Pvt Ltd	
12.7811803	77.7454426	Zenith Die Cast Pvt Ltd	
12.7806431	77.7475287	Greem Chem	
12.7811693	77.7436240	Sree Rajalakshmi Coach Bldg & Engg	
12.7804497	77.7470969	Lake Chemicals Pvt Ltd	
12.7813300	77.7466861	Max Auto Cables Pvt Ltd	
12.7803983	77.7459746	Ashwini Plastics & Chemicals	
12.7804940	77.7454243	Chemsolar Energy Systems Pvt Ltd	
12.7801469	77.7466541	Lake Chemicals P Ltd	
12.7802396	77.7443868	Sri Balaji Industries	
12.7803050	77.7423685	Sandhar Technologies Ltd	
12.7798991	77.7464526	Sona Band	
12.7795093	77.7468559	Lake Chemicals P Ltd	
12.7798174	77.7451382	Metro Granites & Mining Pvt Ltd	
12.7802729	77.7427196	Royal Enterprises	
12.7798280	77.7456678	M.S Uks Structures Pvt Ltd	
12.7796429	77.7462676	Arsom Cnc Pvt Ltd	
12.7805162	77.7407544	Vishranti Engineering	
12.7795339	77.7454584	Avak Engineering Plastics	
12.7792760	77.7459719	Thimmarayaswamy Concrete Blocks	
12.7794114	77.7447708	Supertech Spares Pvt Ltd	
12.7790917	77.7465376	K N V Silk Mills	
12.7792290	77.7442374	Standard Water Pumps Pvt Ltd	
12.7791382	77.7450207	Sharp Industries	
12.7789199	77.7463972	Precision Tooling	
12.7798882	77.7408648	Jfp Agro Pvt Ltd	
12.7789080	77.7456837	V P Engineering	
12.7788720	77.7441414	Shilpi Udyog	
12.7823886	77.7446402	Efti Engineering	
12.7795409	77.7413821	Unique Granites Pvt Ltd	
12.7786066	77.7461628	Mookhambikay Engg Works	
12.7796018	77.7407468	Jyothi Industries	
12.7787741	77.7428003	Bhandary Metals & Alloys Pvt Ltd	
12.7786642	77.7455073	Gayathir Engg & Fabricat. Enterpris	
12.7792734	77.7422861	P D Plasticizers & Chemicals(P)Ltd.	
12.7783654	77.7459674	Amara Products Pvt Limited	
12.7793438	77.7406388	Prab Engineering	
12.7784094	77.7453032	M Rajan	
12.7789560	77.7421583	Hydroquip Hydraulics (P) Ltd	
12.7790550	77.7412312	Parashakthi Coach Builders	
12.7781572	77.7451052	Jae Tee Minerals Pvt Ltd	
12.7785579	77.7419843	Compshell Engineering (P)Limited	
12.7827556	77.7441991	Mohan Industries	
12.7828173	77.7438141	Ashirvad Pipes Pvt Ltd	
12.7828844	77.7433958	Trakolly Engg.Pvt.Limited	
12.7829321	77.7430537	Giri Electronics & Engg.Pvt.Ltd	
12.7829961	77.7427422	Silver Crest Clothing Pvt Ltd	
12.7830526	77.7423012	Imperial Clothing Pvt Ltd	
12.7831297	77.7419471	Korgi Engineering Industries	
12.7832013	77.7415537	Allied Casting Services	
12.7832655	77.7411231	Anusha Stones Pvt Ltd	
12.7833348	77.7407344	Sri Venkateshwara Engineering Works	
12.7826278	77.7446195	Safeline International	
12.7821352	77.7420307	Sree S Rama Industries	
12.7778723	77.7455790	Dyno-Tech Services	
12.7783426	77.7409698	Karthik Industries	
12.7777677	77.7447718	Miki Wire Works Pvt Ltd	
12.7775232	77.7451649	Snam Micro Abrasives Pvt Ltd	
12.7772409	77.7430389	S T S Chamber Bricks	
12.7787857	77.7462950	Mathru Granites	
12.7775643	77.7419088	Faurecia Automotive Seating I P Ltd	
12.7776540	77.7407187	Madras Hard Tools Pvt Ltd	
12.7810171	77.7471029	Taurus Pvt Ltd	
12.7802560	77.7435191	K V Raman	
12.7814579	77.7460498	Pkl Limited	
12.7817587	77.7453946	Jai Auto Cables Pvt Ltd	
12.7819705	77.7446698	Rachita Implex Pvt Ltd	
12.7818211	77.7442150	Sathya Sai Castings Pvt Ltd	
12.7818758	77.7437891	Cementech Industries	
12.7819731	77.7431036	Vero President Systems Ltd	
12.7861064	77.7420225		
12.7847391	77.7437836	Srinivas Fine Arts Pvt Ltd	
12.7809136	77.7385822	Granitech Pvt Ltd	
12.7796934	77.7462363		
12.7801767	77.7448263		
12.7793965	77.7390867		
12.7838836	77.7394060	Karnataka Water Pumps (P)Ltd	
12.7858787	77.7393373	Karnataka Leaf Springs P Ltd	
12.7855329	77.7385355	S V S Industries	
12.7851953	77.7384871	S V S Industries	
12.7842042	77.7392479	Karnataka Pressure Vessels P Ltd	
12.7844262	77.7382680	Buhler (India) Ltd	
12.7824599	77.7397873	Keetron Electronics Pvt Ltd	
12.7810951	77.7396102	Apten Forgings Pvt Ltd	
12.7810188	77.7392169	Ravi Industries	
12.7809659	77.7388593	Sumukha Food And Condiments Pvt Ltd	
12.7804788	77.7399257	Union Engineering P Ltd	
12.7800205	77.7394769	G D Industries	
12.7795287	77.7388956	Meher Capacitors Pvt Ltd	
12.7792153	77.7381079	J Ramaiah Roller Flour Mills P Ltd	
12.7794387	77.7377595	Excel Vapocoatings	
12.7837428	77.7374498	Stylish Foot Wear	
12.7836303	77.7376740	Rabin Batteries	
12.7835017	77.7379467	Shivakumar Industries	
12.7789293	77.7396057	Dighvijay Plastic & Allied Products	
12.7789767	77.7384142	Southern Heat Transfer (P) Ltd	
12.7787244	77.7387633	Supreme Fibre Glass	
12.7783851	77.7393077	Elva Induction India Ltd	
12.7785248	77.7388642	Anish Scaffolding Systems	
12.7796177	77.7380987	Stelfast Pvt Ltd	
12.7833313	77.7383494	Seeaar Machine Tools Pvt Ltd	
12.7831775	77.7386760	K N K Concrete Blocks	
12.7829962	77.7390652	Nagendra Chemical Inds &Agencies Co	
12.7828210	77.7394838	Ravichetan Auto Builders P Ltd	
12.7828425	77.7399350	Sapthagiri Industries	
12.7844672	77.7403436	Adeep Locks Pvt Ltd	
12.7841780	77.7402808	Addep Roloforms	
12.7834785	77.7402972	Mpee Transmission Products Pvt Ltd	
12.7836576	77.7398954	Parson Paint Industries	
12.7784652	77.7402343	S T Designs	
12.7826183	77.7404693	Subhadra Industries	
12.7822160	77.7403053	Poly Polymers Private Ltd	
12.7814735	77.7410658	Sree Lakshmi Indl.Forge & Engrs.Ltd	
12.7810563	77.7406644	K N R Industries	
15.7344885	74.4939566		
29.9271165	74.9615783	Guru Gobind Singh Refinery (GGSR) Captive Power Plant	
19.1702337	72.9437032	Nahur Depot	depot
19.1673253	72.9563695		
15.1175843	76.9323017	Rice Mill	
15.1198534	76.9293434	Timber Depot	
15.1252628	76.9332485		
13.2408117	77.3262997	Obalapura Industrial Area	
13.2385878	77.2670871		
13.2416112	77.2785186		
12.7710864	77.6353269	KSIIDC	
12.7715050	77.6353697	KSIIDC	
12.7719630	77.6354169	KSIIDC	
12.7724528	77.6354671	KSIIDC	
12.7733702	77.6355682	Eco Plywoods (P) Ltd	
12.7729924	77.6354825	KSIIDC	
12.7751909	77.6335610	Shivalik Exports	
12.7751409	77.6351776	Sai Packaging	
12.7789901	77.6356625		
12.7758489	77.6352299	Ganeshchandra Print-N-Pack P Ltd	
12.7785137	77.6408320	Gayathri Granites P Ltd	
12.7794320	77.6405466	R K Hitech Enterprises	
12.7794527	77.6393445	Manjunatha Engineering Industries	
12.7781175	77.6351238		
12.7780772	77.6336136	N M Granites	
12.7780770	77.6357723	Bangalore Floorings	
12.7776424	77.6335027	Magod Laser Machining Pvt Ltd	
12.7793187	77.6399107	A K N Enterprises	
12.7770913	77.6356232	Basant Betons	
12.7771862	77.6334049	Blowmocan Packaging (P) Ltd	
12.7770015	77.6341537	Radha Stones Pvt Ltd	
12.7769834	77.6324652	Sudarshan Chempro Private Limited	
12.7769162	77.6345709	Radha Stones Pvt Ltd	
12.7768337	77.6349444	Tulsi Granites	
12.7768304	77.6329196	Sree Harsha Concrete Blocks	
12.7764998	77.6326227	K M Granites India Pvt Ltd	
12.7764139	77.6334942	Krishna Granites	
12.7762993	77.6338249	Emerald India Granites	
12.7762337	77.6340672	Sindhoor Exporters	
12.7761606	77.6325499	Thunga Enterprises	
12.7761478	77.6344718	Vohra Tea & Packaging Pvt Ltd	
12.7759028	77.6336721	Silicon Granites	
12.7758740	77.6349743	Manivilas Food Products	
12.7758227	77.6354987	Sunshine Works Pvt. Limited	
12.7756248	77.6324932	Rashi Granite Export India Pvt Ltd	
12.7757292	77.6344379	Subham Rocks (India)	
12.7755244	77.6336111	Modi Exports	
12.7755407	77.6359056	Maruthi Ads	
12.7754050	77.6344055	Rajarajeshwari Plastics	
12.7753803	77.6351992	Excel Energies & Technologies Pvt.L	
12.7753548	77.6359197	Omega Enterprises	
12.7750531	77.6343769	Vidya Herbs	
12.7750479	77.6359661	Rakshit Packaging Industries	
12.7747414	77.6343445	Vidya Herbs	
12.7746544	77.6360155	Mallik Engineering	
12.7797536	77.6381450	Revanasiddehswara Education Trust	
12.7813183	77.6333096	Zircast Limited	
12.7811704	77.6323775	P M Industries Limited	
12.7804694	77.6351939	Sri Maruthi Granites	
12.7803810	77.6355659	Karnataka Polymers	
12.7802947	77.6359581	Kaveri Industries	
12.7802417	77.6363176	Kaveri Industries	
12.7798932	77.6388018	Sri Rama Industries	
12.7796258	77.6340150	Rks Agro-Tech Limited	
12.7796207	77.6348594	Rathna Food Products	
12.7789220	77.6361029	Arasu Brick Industries	
12.7793942	77.6410176	Shakthi Interiors Inc.	
12.7790805	77.6374526	Aron Universal Limited	
12.7790901	77.6338781	Thirumala Print Pack(P) Ltd	
12.7781329	77.6347455	Gci Exports Pvt Ltd	
12.7788672	77.6386859	Bhavyam Industries	
12.7789649	77.6389530	Bangalore Industries	
12.7789398	77.6391715	Yellamma Concrete Blocks	
12.7789083	77.6394241	Muktha Die Casting Pvt Ltd	
12.7788672	77.6398561	S R Packaging	
12.7785250	77.6337308	Ace Forge Pvt Ltd	
12.7782975	77.6400050	Kamalam Handlooms Pvt Ltd	
12.7790489	77.6384609	Muralidhar Goyal	
12.7788644	77.6338193	Bharamara Polymers (P)Ltd	
12.7748043	77.6351464	Master Food Products	
12.7811520	77.6343816	Bangalore Metropolitian Transport	
12.7746234	77.6351360	P S Paints & Coatings (India)	
12.7749524	77.6351611	Suthern Bakeries Pvt Ltd	
12.7794935	77.6353198		
12.7733250	77.6341829	Gee Emm Industries	
12.7723930	77.6340478	Sumukha Engineernig	
12.7737773	77.6351006	Power Engineers & Earth Movers	
12.7735522	77.6342146	Promag Engineering Services	
12.7726156	77.6340849	Megatechs Cold Forgings Pvt Ltd	
12.7730952	77.6341512	Tejaswi Engineering Works	
12.7714828	77.6338915	Mathru Granites	
12.7748559	77.6335027	Jai Granimarmo	
12.7740475	77.6342809	Hareetha Pharmaceuticals	
12.7737409	77.6360938	Divya Granite Export	
12.7743002	77.6343045	Vidya Herbs	
12.7745315	77.6334550	Jain Granites	
12.7717850	77.6339455	Micro Plastics	
12.7722237	77.6340218	Jupitor Technologies Pvt Ltd	
12.7721115	77.6340020	J J Engineering	
12.7707469	77.6352993	KSIIDC	
12.7719647	77.6339788	Century Blocks	
12.7710621	77.6338378	Nalini Fabrication	
12.7745353	77.6343253	Ecoplast	
12.7741973	77.6333747	Kanunga Extrusion P Ltd	
12.7737963	77.6342476	Girija Enterprises	
12.7728551	77.6341181	Megatechs Cold Forgings Pvt Ltd	
19.1660996	72.9425159	Raja Industrial Estate	
19.1684660	72.9434422		
19.1679306	72.9433010	Minerva Industrial Estate	
19.1690779	72.9439289	Anupam Industrial Estate	
19.1676553	72.9407322		
19.1685205	72.9445108		
19.1685980	72.9448451	Aroto Industrial Premises Co-operative Society Limited	
19.1690639	72.9345393	Malik Compound	
21.7098870	72.6912514		
19.2255859	73.0447510		
19.2575115	73.0728042		
19.2602779	73.1386323		depot
27.3206742	83.3714461		
19.1641014	72.9358211	Madani Estate	
19.1643383	72.9353229	Patel Compound	
19.1530331	72.9347053		
19.1516210	72.9336761		
19.1548332	72.9333776		
19.1510618	72.9358888		
13.6703681	76.7823764		
13.0440447	77.5605777	GAIL SV-3B	
12.9678047	77.3900050	GAIL SV-1B	
12.8946600	77.3581425	GAIL SV-22	
12.8712647	77.6531932	GAIL Singasandra Receiving Terminal	
12.9199416	77.6435439	GAIL SV-7B	
12.9461198	77.6989143	GAIL SV-6B	
13.0372542	77.6274619	GAIL SV-4B	
13.1186579	77.5831249	GAIL Yelahanka Receiving Terminal	
28.5789277	77.5924659		
26.6653092	89.8127465		
26.6660471	89.8297444		
19.2067585	72.8285403	croma	distributor
22.0459278	74.8977232		
19.1714745	72.9358489		
19.1698365	72.9332579		
19.0390745	72.8748475	Wadala Monorail Depot	depot
19.0512093	72.8594858	Kalakilla BEST Bus Depot	depot
19.0410972	72.8783696	Casting Yard	
18.9634371	72.8462761		
18.9607314	72.8475931		
18.9628011	72.8452536		
18.9628197	72.8458612		
18.9709297	72.8462957		
18.9742169	72.8457934		
18.9750145	72.8520994		
18.9792692	72.8491172		
18.9778485	72.8540996		
18.9773340	72.8487726		
18.9799840	72.8548784		
18.9871263	72.8580280		
18.9769777	72.8482985		
18.9761915	72.8476994		
26.3402413	73.6984330	Shree Sigma Minerals Limited	
19.1052019	72.8818684	Mittal Industrial Estate	
19.0771543	72.8781214		
19.0946126	72.8851595		
19.0868779	72.8826598	Bharath Coal Compound	
19.0877262	72.8865084	Sunder Baug Industrial Estate	
19.1075475	72.8741356		
19.1082939	72.8735121		
19.1056733	72.8733136		
26.3215451	73.6851893	33/11kv GSS	
26.3405301	73.6958998	Ankur Minerals Limited	
12.9904553	77.5092641	Shankarappa Industrial Estate	
13.0035075	77.5109837	Doddanna Industrial Estate	
11.8606568	75.9910670	Priyadarsini Tea Factory	
19.0473333	74.6679928	Cement Product's Factory - Chas(Kedgaon)	
19.0426117	74.6645004	Flour Mill Factory - Chas	
28.1644463	79.5728508		
19.1161771	72.9252504		
19.1186445	72.9268652	Hindustan Kohinoor Industrial Complex	
19.1224000	72.9265728		
25.3109455	87.8973076		
25.3106019	87.8966205		
25.3102748	87.8960839		
19.0947342	72.9158829		
19.0942468	72.9144929		
19.0887561	72.9109275		
18.5793619	73.7988608	BHEL	
12.8934874	80.1855949	Empty ground	
22.5719630	70.7660874	Lextile Leather LLP	
22.6139706	70.7556631	Lex Polytex Industries	
18.4053962	78.2656118		
18.3893309	78.2967533	Gayatri Suger Factory	
18.3881092	78.2968259	Gayatri Suger Factory	
18.3636999	78.3028486	Sai mill factory	
13.0901820	77.4394352		
13.0745482	77.4395263		
13.0725259	77.4428817		
26.3419324	73.7023934		
20.0145663	73.7892773	Rice Factory	
22.6581986	86.3846724		brickyard
22.6583450	86.3836822		brickyard
28.6048787	78.6140925		
11.4316568	76.8554998	Sterling Tea Factory	
12.9486701	77.5770850		
22.5885749	85.9072977		
22.5709516	85.8923202		
12.9928892	77.6516452	AGC-MSI Consortium	
12.9936922	77.6526703	AFCONS	
19.1804940	72.9522778		
22.6483139	84.8676662		brickyard
10.9307608	76.2809039		
10.9375882	76.2762004		
19.1445886	72.9353062	Pippermintwala Estate	
9.6967829	76.5824504		
19.1190774	73.0118933		
19.1013887	72.9138685		
18.5342885	73.8481978	PMPML Bus Depot	bus_depot
12.8504089	77.6916251	BMTC Depot 38 (Chikkanagamangala)	depot
24.5543854	92.8373561		brickyard
24.5534037	92.8363716		brickyard
24.5530276	92.8326698		brickyard
24.5562054	92.8354425		brickyard
24.5664749	92.8404078		brickyard
24.5746058	92.8366175		brickyard
24.5764906	92.8374817		brickyard
24.5772876	92.8286033		brickyard
24.5779273	92.8313258		brickyard
24.5796183	92.8319512		brickyard
24.5675265	92.8264166		brickyard
24.5385501	92.8281997		brickyard
24.5257473	92.8191187		brickyard
24.5228146	92.8161748		brickyard
24.5238059	92.8115012		brickyard
24.5207764	92.8084298		brickyard
24.5209190	92.8047943		brickyard
24.5200837	92.8014980		brickyard
24.5206224	92.7996792		brickyard
24.5266026	92.8017098		brickyard
24.5258642	92.8000631		brickyard
24.5256917	92.8015827		brickyard
24.5241092	92.7964506		brickyard
24.5132928	92.8081841		brickyard
24.5110466	92.8081866		brickyard
24.6934187	92.8218870		brickyard
24.6937103	92.8267321		brickyard
24.6944694	92.8224185		brickyard
24.7068754	92.8264502		brickyard
24.7094482	92.8324080		brickyard
24.7136363	92.8290746		brickyard
24.7161593	92.8153999		brickyard
24.7177258	92.8149806		brickyard
24.7206508	92.8120973		brickyard
24.7192990	92.8086906		brickyard
24.7204143	92.8094691		brickyard
24.7202899	92.8069424		brickyard
24.7200386	92.8050100		brickyard
24.7191681	92.8003648		brickyard
24.7211798	92.7998465		brickyard
24.7215451	92.7963424		brickyard
24.7249370	92.8253363		brickyard
24.7223906	92.8189677		brickyard
24.7298900	92.8286522		brickyard
24.7279662	92.7701958		brickyard
29.4982015	78.2100231		
8.3703798	77.0000286	Vizhinjam International Seaport	port
19.4841417	73.3267450		
19.5080151	73.3296633		
12.0954423	75.3205289		factory
19.0581377	72.9296320		
19.1548318	72.9369995	Kantilal Maganlal Estate	
15.6204325	73.9647401		
19.1721882	72.9431761		
19.1095037	72.8886385	Ansa Industrial Estate	
13.0960470	77.6536886		
13.0741054	77.5300831		
12.0935074	75.3852003		factory
12.0923029	75.3856784	Steel	factory
12.0926275	75.3834569	Maheswera Plywoods	factory
12.0922233	75.3822770	Smart Board	factory
12.0931648	75.3815990		factory
12.9642735	77.6064022	BWSSB Johnson Market Service Station	
18.6379967	73.7860502	Tata Motors	
21.9866129	83.2301848	Monnet Raigarh Power Plant	
13.0525412	77.4917398		
12.8587530	77.6859194		
12.0690229	75.3911207		factory
8.5394208	76.8753733		
8.5122637	76.8997921		
22.3596822	92.8692762		
12.1027537	79.9076300		
18.7416532	73.8118059		
18.7419651	73.8126188		
18.7424741	73.8133145		
18.7422369	73.8138952		
18.7433994	73.8083841		
18.7429148	73.8072720		
18.7436932	73.8073691		
18.7438170	73.8088223		
18.7444111	73.8095190		
18.7436412	73.8092744		
18.7431304	73.8094807		
18.7430487	73.8099726		
18.7431055	73.8105412		
18.7438489	73.8118331		
18.7437892	73.8109630		
18.7437519	73.8104365		
18.7431996	73.8109113		
11.6789935	78.2102642		
13.0718692	80.2728220	Simpson and Co Ltd	
12.9824540	80.2529921		
12.9900986	77.7063390	Gremot Mobility	
18.5241223	73.6211264		
13.0701615	80.2788415	Island Grounds Solar Farm	
19.1706606	72.8550879		
19.1718653	72.8552448		
19.1715930	72.8573048	Virwani Industrial Estate	
21.1536947	78.6013581	Nirmal Textiles	
24.9166987	87.8053951		brickyard
13.0511854	77.6440804		
29.9339032	77.5809417		
29.9570574	77.5485721		depot
10.5179297	76.2579450	Kalyan Hypermarket Warehouse	warehouse
13.6679239	80.2241542		
29.7834237	77.8577820		
10.5133368	76.2541194		sawmill
10.5141223	76.2538776	St.Marys Flour Mill	grinding_mill
29.9677212	78.0549994		
29.9791191	78.0514811		
29.9311906	78.0599051		
29.9313254	78.0559086		
29.9274295	78.0558818		
29.9355417	78.0510485		
29.9454944	78.0529770		
29.9452665	78.0570888		
29.9411155	78.0513731		
29.9445043	78.0519095		
29.9436466	78.0501365		
29.9463822	78.0492809		
29.9444438	78.0467408		
29.9485528	78.0472237		
29.9701248	78.0582514		
29.9627048	78.0593685		
29.9644945	78.0536523		
29.9616945	78.0507267		
29.9538540	78.0607428		
29.9541025	78.0680200		
29.9646896	78.0693049		
29.9475861	78.0690848		
29.9498656	78.0811378		
29.9592915	78.0791339		
29.9483587	78.0769539		
21.6567244	73.1367856	DCM Shriram Bharuch Power Station	
29.8759820	77.8916583		
29.9297229	78.0598993		
29.9325180	78.0610388		
29.1097332	77.2660102	INSTITUTIONAL AREA	
18.7835806	73.3475574		
19.1476382	78.3535099		
8.5450134	76.8925998	Manvila Industrial Estate	
26.6206477	93.5168913		
12.9080441	77.6527141	BWSSB	
12.9900633	77.5782397	Kumara Park BWSSB Service Station	
12.9274189	77.5155648	BWSSB	
12.9141197	77.5953010	BWSSB Ragigudda	
12.9985997	77.5644501	BWSSB	
29.1534589	79.4904006	Acne Foods (Britannia)	food_processing
29.1420532	79.5060819	Naina Semconductor Factory	factory
13.1043349	80.2762568	Vallalar Nagar Bus Depot	depot
13.0679665	77.5868278		
12.0243652	75.5229083	Milma Malayora Diary Plant	factory
10.5104399	76.2586950		scrap_yard
13.1675279	80.2824164	CPCL Manali Refinery Captive Power Station	
12.9753493	77.4242537		
9.9773304	76.2417738		
26.2238514	73.0039734	Container's area	
24.0923606	81.8122354		
12.8880140	77.6999776	Doddakanahalli 48ML Reservoir	
29.9226896	80.5728356		
11.9935495	75.5616514		factory
9.9690725	76.2510757	Customs Boat Jetty	
13.0701870	77.6093611		
10.2010827	76.5189569		
10.2005776	76.5214271		
10.1269582	76.4584547		
10.2083284	76.4883419	Vijaya Stone Aggregates	
12.9649831	77.6076743	BWSSB	
22.2721614	87.9297187	Brick kiln srutip parua	
17.7616984	75.5209789	APS Pumps	factory
12.9851686	77.7092273	United Telecoms Limited	
25.5301072	81.2685952		brickyard
10.5136428	76.2557598		
11.0124708	77.0919955	SriVaru Motors (SVM)	factory
25.3917029	81.8562539	Food Corporation of India	
13.1271363	77.5860467	MAHE Sewage Treatment Plant	
28.7293189	77.1717895		factory
20.5148221	85.7234236	Cuttack Aarti Steels Power Station	
19.0175041	73.0349628		
19.0176984	73.0353274		
23.8920337	77.9660655		
12.9878562	77.5611712		
12.9169314	77.6158406		
12.9097596	77.6282808		
23.4604381	77.6642274		
26.4483640	71.5353499		
26.4614008	71.5357308		
26.4514857	71.5281267		
26.4575838	71.5264926		
26.4663607	71.5274267		
26.5420878	71.5644171		
26.5446768	71.5867619		
26.5315490	71.5750694		
26.5144107	71.5760189		
26.6203010	71.4551747		
26.6133062	71.4626862		
26.6058049	71.4638249		
26.6512953	71.4883925		
26.6404594	71.4891422		
26.6392150	71.4797719		
26.6550624	71.4785152		
26.6542799	71.4683698		
26.6877910	71.4701401		
26.6834601	71.4590183		
26.6799424	71.4599839		
26.7146133	71.4751276		
26.8576963	71.4985848		
26.8689247	71.5132191		
26.9097839	71.5591076		
26.9358488	71.5515813		
26.8975589	71.5173201		
26.9084624	71.5368050		
26.8789641	71.4955795		
26.8642649	71.4712961		
26.8799413	71.4697283		
27.3334945	72.2374369		
23.4470892	75.4073360	Nagda Works Power Plant	
28.2596129	73.2772877	Enel Power	
28.2746293	73.2125875		
28.2646852	73.2218492	Tata Solar Noorsar	
28.2568541	73.2174839		
28.2558624	73.2261135		
28.2472717	73.2178595		
28.2493071	73.2285802		
12.8753196	77.5068850		
9.1358435	77.9222075		
19.0251733	73.0323340		
19.0260179	73.0335008		
29.8481462	75.8581171		
29.8339811	75.8777564		
28.7253554	76.8544038		
21.1663207	72.7050975	KRIBHCO Hazira Power Station	
23.1713156	70.1879287	KCIL Captive Power Plant	
29.8492800	74.6079371		
16.4396405	77.3506755		
25.0410488	87.6170987		
12.9949257	77.5379556	Kamalanagar BWSSB Service Station	
10.4511136	77.5173148		depot
9.4949200	76.5002194	Kulangara Console Rocks	factory
18.4280999	74.6341441	Daund Sugars	
22.6822808	88.3390257	HM FACTORY	factory
15.5672132	74.8064607		
15.5771660	74.7803199		
11.7251531	79.7699596		
11.7254696	79.7762111		
11.7228974	79.7756696		
11.7239596	79.7744531		
8.7192967	77.4455506		
8.7089700	77.4357793		
22.2139273	84.5341811		
22.2098649	84.5505345		
30.5854008	76.8660975	Khanna Industries	
11.0040135	77.0295809		
12.3687941	78.1500247		
12.3681784	78.0532319		
12.3235410	78.0751187	Palacode Sugars	
12.5189710	78.3365160		
12.5183112	78.3320099		
12.5163577	78.3364517		
12.4798695	78.3247573		
12.4707819	78.3349603		
12.4649208	78.3418214		
12.4670579	78.3427494		
13.1571454	77.6287054		
28.8098781	77.1432195		
13.9824727	76.6272312		
11.0038570	77.0288049		
20.9354109	86.0349682		
20.9258434	86.0389781		
20.9204305	86.0332394		
18.4158519	76.5441601		
18.4132697	76.5337890		
18.4227799	76.5369496		
18.4212674	76.5345652		
16.8554944	75.7517503	Mahalbhagyat Industrial Area	
17.7577244	75.8189893		
17.7683244	75.8185385		
17.7701518	75.8092829		
17.7686779	75.7954198		
17.7762532	75.7993019		
17.7456008	75.8214569		
17.7479918	75.8223689		
17.7487701	75.8208542		
17.7464258	75.8196740		
17.7480338	75.8160040		
17.7452789	75.8147192		
17.7407204	75.8147369		
17.7422846	75.8112923		
17.7449876	75.8085876		
17.7513279	75.8024561		
12.9602314	77.7190284		
33.2175140	74.4211909	Thermal Power Plant Kalakote	
13.1405382	77.8337305		
12.9192528	79.8858604	"Hi-Tech SEZ, Sriperumbudur"	
13.1151712	77.9944885	Wistron Infocomm Manufacturing	
12.7164610	80.0222390	Pegatron Technology India (Plot 8)	
19.1914638	72.9886622	Kalwa Bus Depot	depot
10.5112221	76.2598993	Khadi Village Industries Commission	
13.2253122	77.7724394	Exide Energy Solutions Limited	
14.4892010	75.7877362		
12.9794473	77.7237421	SMC Medical Manufacturing Pvt. Ltd.	
12.9807627	77.7243148	Autocrat Engineers	factory
12.9815426	77.7183266	Halleys Blue	
13.8144636	77.4982880		
13.7199330	77.5050801		
13.7044010	77.5050533	Kudumalakunte Industrial Estate	
13.2645853	77.2099668		
14.4642860	78.2543092		
14.4603384	78.2397185		
19.0404156	73.0581466		
19.0376047	73.0585167		
19.0417836	73.0601689		
19.0311013	73.0572141		
19.0245909	73.0477054		
19.0293834	73.0518961		
21.9266858	70.3038280		
21.9650947	70.3385952		
21.9307641	70.3224249		
21.9281565	70.3190238		
22.0423371	70.4059770		
21.9207056	70.3132711		
21.8464133	70.3295930		
22.0120072	69.8614266		
18.0577069	76.6012341		
18.2202613	76.5230959		
18.2568937	76.5115410		
21.9169694	70.1142372		
22.0103239	70.0369268		
22.0078168	70.0357443		
21.9350118	70.1055789		
21.9450962	70.0526509		
18.4441753	79.0269630		
18.4357925	79.0134374		
18.4257366	79.0113330		
17.6571190	78.1170353		
17.6451151	78.1194146		
17.7625400	77.0958272	Humnabad Industrial Area	
17.6762201	76.1018336		
13.0662147	77.7428043		
13.0609145	77.7427127		
13.0609641	77.7447655		
13.0588972	77.7438236		
17.4226671	78.3312385		
17.4233196	78.3303080		
18.6025354	73.8197469	NCC Casting Yard	casting
13.1968167	78.5874424	APIIC Industrial Park	
13.0612763	79.1562354		
12.9689629	79.1993612		
15.5920230	73.7746552	Chari Garage	
13.0727117	77.5937342	Log9	
11.6785732	78.1340734	Industrial Estate	
11.6664474	78.2094827		
12.0784535	75.5186945		factory
10.5146390	76.2554396		
19.8693586	75.4830346		
19.8738688	75.4782334		
19.8852018	75.5172730		
19.8829179	75.5070208		
19.8755181	75.5017207		
19.8843906	75.4975106		
19.1791436	72.9755205	Kopri Electric Bus Depot	depot
10.7647549	76.0897489		
11.4435998	75.8819152	GAIL IP Station - 1M	
12.9341790	74.8275566		
12.6212372	74.9727872		
13.3040926	80.2099209	APM Terminals	
13.3031899	80.2119398		
28.5395969	78.6692345		
13.1100457	77.5759175	Yelahanka Waste Water Treatment Plant	
22.3581888	70.2370609		
22.3272948	70.2889656		
22.1519539	70.2934157		
13.2642315	80.1506025		
13.2626783	80.1478895	Jayalakshmi Modern Rice Mill	
13.2626738	80.1467886		
13.2636914	80.1499704		
13.2637270	80.1492531		
13.2641323	80.1350462		
15.5052075	73.8339308	Malim Jetty	port
15.5970698	73.8129383		
15.5971989	73.8126480		
15.5972356	73.8121236		
30.7102274	76.8125388	Chandigarh Transport Undertaking Depot 2	depot
13.3297207	76.8064531	HAL Helicopter Factory	factory
12.9243900	77.4947604		
13.0340504	77.5759985	BWSSB	
21.4959860	86.8517267		
21.1146167	72.6561244	Bhander Power Plant	
11.0565029	76.9120702	Bakers Colours and Flavour	
28.7331453	77.1673015		
12.9811085	77.7373456		
25.5171373	84.9848138		warehouse
25.5158796	84.9847474		
17.0796809	78.2114565	mbs industries	
11.0457008	77.0352112	Good Luck Syndicate	manufacturing
21.9919047	80.7118521		
19.1119917	72.8880265	Haria Industrial Estate	
19.1189211	72.8893738	Vaibhav Estate	
22.0025107	80.7030948		
11.0091977	77.0925166	RVR Machinery	
18.1787080	74.6065235		
18.1990604	74.6023170		
18.1809283	74.5972606		
18.7511681	73.8298635		
18.7719988	73.8184368		
18.7683111	73.8310432		
18.8014904	73.6858338		
18.7786969	73.6891615		
18.7812321	73.6966472		
18.7940720	73.6973903		
18.7948925	73.6908139		
18.7917755	73.7042512		
18.8065279	73.7637519		
18.8021353	73.7343537		
18.7843201	73.7425411		
18.7798914	73.7595838		
18.7686507	73.7662625		
18.7732767	73.7633575		
18.7715823	73.7551260		
18.7814048	73.7848877		
18.7926032	73.7822861		
18.7940963	73.8014531		
18.7375694	73.8049410		
18.7352579	73.8380009		
18.7334138	73.8598180		
18.7249092	73.8565730		
18.7238459	73.8499008		
18.7395249	73.8468981		
18.7974937	73.8086628		
18.8010029	73.8025050		
18.7973617	73.7633915		
18.7912627	73.7627274		
18.7805476	73.7516498		
18.8019892	73.7804031		
18.7794131	73.7703449		
18.7358234	73.7948549		
18.7549905	73.7764066		
18.8035520	73.7184763		
27.9601226	78.0026107		
21.7705120	84.0181830	Rengali Bhushan Power Plant	
20.3903125	78.0676428	midc	
19.2541223	72.8724807		
29.6817396	77.4752960		
19.2425840	72.8439287		
19.2459224	72.8443806		
28.7242368	77.1804295	Electric Bus Depot	depot
22.3346076	69.9232068		
22.3184554	69.9191823		
29.1402643	79.5039992	Maa Vaishnavi Talc Industries	factory
22.9690054	71.4720679		
22.9874017	71.3614449		
22.9845275	71.3807192		
22.9852887	71.3779217		
22.9898523	71.3800842		
22.9921262	71.3762262		
22.7176217	71.3405686		
22.9242909	71.3595875		
22.8052319	71.2024315		
22.7973369	71.2119540		
33.6492769	76.9886905		
12.9224624	79.3327110		
13.2703999	76.7225745		
22.5659903	88.4912875		
22.5634499	88.4926258		
13.0164792	77.5465364		
25.2699896	87.5612417		brickyard
20.7368301	78.5906500	S. T. Depot	depot
19.1745765	72.9998363	Hindustan Times	
19.1748445	73.0016993		
19.1777806	72.9993805		
19.1757756	73.0003752		
19.1760203	73.0035370		
19.1387224	73.0095434		
19.1461038	73.0063828	MIDC - Rabale	
19.1428421	73.0039179		
19.1427761	73.0071260		
19.1881009	72.9947590		
16.7887468	78.5359045		
18.9619611	73.0460020		
18.9620799	73.0491258		
18.9590607	73.0474574		
19.0192534	73.0498982		
23.6175363	70.4665875		
23.0896601	70.9688024		
22.1923995	78.7719244		
25.2618499	87.5396921		
9.6658974	76.3401678		
13.1799347	77.7285479	AvioHeliTronics InfoSystems	
17.3440283	78.5145901		
13.1498447	77.7054968	Juki India Pvt. Ltd.	
13.1498146	77.7079529	IdeoForge Technology Limited	
13.1498377	77.7061183	OLEO India	
13.1532670	77.6964540	Advanced Fiber Systems Pvt. Ltd.	
18.5070257	79.4269423	ricemill	rice_mill
22.7777528	86.2041702	CSIR-National Metallurgical Laboratory	
18.8754631	77.1836072		depot
23.3593258	70.0554089	Unity Power	
18.5025825	79.4115451	rice mill	
28.7218442	77.1801508	Sam India Casting Yard	steel_mill
28.6757243	77.3494061		
28.6763413	77.3663852		
28.6635799	77.3561401	Sabzi Mandi	
28.6633303	77.3448442		
28.6609415	77.3501713		
28.6689116	77.3550526		
28.6673444	77.3628674		
28.6680013	77.3511248		
28.6306262	77.3781591		
28.6274979	77.3778714		
28.6230417	77.3779608		
28.6262352	77.3778022		
28.5946033	77.3590640		
28.6002006	77.3591815		
28.5336730	77.0932504		
28.5355370	77.0936608		
28.5363334	77.0947230		
28.5358545	77.1003878		
28.8369625	77.0877761		
28.8392354	77.0895060		
28.8124282	77.1139982		
28.8057363	77.1391349		
28.8061170	77.1353682		
28.8006314	77.1408681		
28.7909470	77.1417692		
28.7888650	77.1341317		
28.7967872	77.0546320		
28.7990611	77.0496964		
28.7384769	77.1491771		
28.8686067	77.1395506		
28.8606133	77.1285412		
28.8699577	77.1259424		
28.8819355	77.1404667		
28.8815613	77.1246702	Singhu	
28.8030523	77.1530664		
28.8078210	77.1470690		
28.8104274	77.1520417		
28.7571888	77.1700528		
28.7721614	77.1794942		
28.7655454	77.1825599		
28.7577556	77.1906281		
28.7586185	77.1959415		
28.7593497	77.1919182		
28.7579014	77.1932754		
25.2481845	87.4957870		mine
28.9739648	79.3895738	Uttarakhand State Warehousing Corporation	warehouse
28.9774457	79.4004663	Rudrapur Bus Depot	depot
14.0375397	79.3239113		
14.0377231	79.3223932		
18.1344532	78.8202611		
18.1425538	78.8106605		
18.1336922	78.8207862		
18.1377726	78.8163464		
18.1533663	78.8011559		
28.5404593	77.0312538		
28.5453343	77.0316160		
28.5543086	77.0536530		depot
22.5668710	88.4956629		
12.7379882	77.7279040	TVS Motors	
12.7574716	77.7609864		
28.5366798	76.9143122		
21.9963319	82.6700925	Prakash Champa Captive Power Station	
18.2775451	72.9627853		
18.2751428	72.9694198	Dighi Port	port
12.0969228	75.3200635		factory
12.0950239	75.3175476		factory
12.0944955	75.3153214		factory
28.9709573	79.4104878	Indian Fertilizer Corporation	warehouse
29.0049085	79.4304918		
29.0136340	79.4125750		
28.9987062	79.4132459		
29.0151861	79.4042908		
28.9945812	79.3800174		
29.0337666	79.3988934		depot
20.8186748	78.9550115		
20.8185218	78.9556516		
20.8184030	78.9521998		
29.1552673	79.0729273		
29.1552345	79.0450108		
29.1649557	79.0103988		
29.2072597	78.9416760		
29.2086643	78.9398253		
29.2011255	78.9162755		
29.2056910	78.9159912		
29.1955904	78.8985675		
29.1942652	78.8902366		
29.2011629	78.8966793		
28.3335628	77.3174724		
28.3791664	77.2853140		
28.3816213	77.2855914		
28.3815652	77.2830221		
28.3834553	77.2839704		
28.3793421	77.2580856		
28.3858598	77.2576082		
28.3898287	77.2492558		
28.3982830	77.2297775	Pali Stone Crusher Zone I	grinding_mill
11.0286282	77.1290350	TNSTC Sulur Bus Depot & Workstation	depot
28.4590755	77.1919316		
28.4552411	77.2015526		
28.3542917	77.1805000		
28.4641972	77.2074663		
12.9230278	79.3328237		warehouse
28.4947683	77.2525043		
19.0576508	73.0958551		
19.0456236	73.1045267		
28.4321679	77.1014009	City Bus Depot Sector 52/53	depot
9.9115943	78.1423094		
12.9569444	79.3130217	Tamil Nadu Warehousing Corporation	warehouse
12.9591752	79.3136555	United Foundries Private Limited	factory
9.9140245	78.1344122		
19.1535557	74.0430122	Kandali MIDC	factory
17.5261788	73.5153664		depot
19.1594299	72.9409597	Kembros Industrial PCS	
19.1582065	72.9413131	Bhagtani Enclave	
19.1590105	72.9433347	Tirupati Industrial Estate	
15.3769685	73.9293632		
15.3739698	73.9272453		
15.3736646	73.9301026		
15.4027427	73.8003336		
15.4047962	73.8004200		
15.4158858	73.7918025		port
15.4004026	73.8217837		depot
15.3915657	73.8528094		
19.1593905	72.9327877	Dharamraj Industrial Estate	
19.1596272	72.9332974	Mhatre Brothers	
19.1597207	72.9336699	CMS Computers Ltd	
19.1615232	72.9367065		
19.1604190	72.9336904		
19.1590152	72.9318260		
19.1622671	72.9330356		
19.1615741	72.9386382		
19.1615730	72.9379074		
25.3788037	81.8732106	Steel Authority of India (SAIL)	distributor
22.7364009	69.7141069		
12.9311900	79.3381339		factory
22.4504682	88.2996960	Joka Bus Depot	depot
9.9602673	76.4823235	RUBCO oil mill	
10.0278861	76.4506001		
9.8387975	77.0554127		
27.1783886	92.3196015		
27.2187338	92.4413895		
27.2235407	92.4163742		
9.9792932	76.4557965		
26.7247597	83.9151851	Brick yards	
9.6264463	76.4942509		grinding_mill
19.1632183	72.9373131	Madani Estate	
25.9348546	84.8094830		
19.1109043	72.8318989		
19.1050727	72.8386447		
19.2090703	72.8263880	Industrial Estate	
26.7605896	83.8585974	Brick yards	
12.9042885	79.4229144	Kora Shoes	
26.6888570	83.9645711	Brick yard	
26.7107689	83.9144534	Brick yard	
28.5034279	78.6946310		brickyard
28.5047153	78.6940905		brickyard
28.5062321	78.6943988		brickyard
28.5044255	78.6893099		brickyard
26.7253311	84.2312029		
26.7249639	84.2303353		
26.7260118	84.2295936		
26.7287241	84.2298706		
26.7263707	84.1850701	TNZA Life	
9.7568393	77.1162341		slaughterhouse
11.0588109	77.0694299		
11.0584784	77.0691466		
11.0585090	77.0696521		
11.0582835	77.0676779		
11.0590110	77.0684251		
11.0603756	77.0680321		
11.0606332	77.0693307		
11.0588182	77.0705569		
9.9258871	76.4546230		
26.7535197	83.9370340		
9.9037802	76.4721530		
13.0820282	79.9092657	Tocheunglee Stationery Manufacturing Company	
9.7228305	76.9110223	Old Tea Factory	
13.1036731	80.2746803		depot
26.3025899	73.6823555		
22.3382429	88.4966184	Picasona Agriculture Products Pvt. Ltd.	factory
22.3369853	88.4967861	Amiya Enterprise	welding
22.3367988	88.4957504		stone_crushing
22.3385786	88.4989924		stone_crushing
22.3363770	88.4801973	Ramnagar Customer Care Center	
26.2539949	85.1647303		
26.2603754	85.1688869		sugarcane
17.3891292	78.5471794		depot
17.3882733	78.5486714		depot
17.3953039	78.5541320		
22.1913725	84.5792680	Gadodia Limes	
12.9800029	79.3002948	BHEL Ancillary	
27.3801751	75.5578494	RSWM	
12.9577339	77.3752391		
12.9152726	77.7589345	AFCONS Casting Yard	
28.7462698	77.0535825	Rohini Sector 37 Bus Depot 1	bus_depot
17.3541667	82.7725000	Nakkapalli Port	port
26.7695985	84.2636160		
32.3406285	76.5375839		
32.3878455	76.5063670		
8.6309151	76.7870485	Muthalapozhi Port	port
8.6361163	76.8519777	English Indian Clays	mine
19.1545388	72.9447781		
19.1543510	72.9451078		
19.1543489	72.9459040		
19.1543760	72.9460792		
26.7029397	83.9843439		
13.5316852	79.9563020		
13.5403375	79.9548858		
24.8706358	87.6360413		mine
30.4023619	76.6728262	Roop Aluminium Extrusions (RALEX)	factory
13.9526018	76.5911543		
8.4473490	76.9508198	Milma Products Block	
8.4765997	76.9717182		
20.8103938	79.0536319	Bela Power Plant	
22.9339268	88.6469976		
22.9331807	88.6480073		
22.9325334	88.6469605		
28.7223319	77.1614248	Parvati Private Limited	
12.8768021	77.5679478		
12.8843508	77.5595098		
12.8933928	77.5647907		
12.8959100	77.5693332	Bolst's	
28.7513488	77.4617243		depot
28.7548351	77.4337804		
28.7842617	77.4470526		
28.7378742	77.4125700		
28.7358902	77.4356226		
28.7338949	77.4424410		
28.7327196	77.4381745		
28.7257159	77.4363728		
28.7184082	77.4269991		
28.7876334	77.4482284		
28.7200535	77.4383763		
28.7235149	77.4425183		
28.7361956	77.4410180		
28.7255433	77.4131918		
28.7334157	77.4118632		
28.7315912	77.4222307		
28.7304299	77.4277326		
28.7269107	77.4372078		
28.7492252	77.4662415		
28.7496908	77.4496118		
28.7489106	77.4502529		
28.7606856	77.4536394		
28.7373505	77.4255641		
28.7396871	77.4159309		
28.7410029	77.4143605		
28.7422635	77.4172009		
28.7470672	77.4291427		
28.7396843	77.4305103		
28.7669527	77.4412394		
28.7656169	77.4421811		
28.7657686	77.4449634		
28.7500173	77.4214120		
28.7508499	77.4205001		
28.7468609	77.4207683		
28.7466976	77.4258363		
28.7436673	77.4237160		
28.7425592	77.4237849		
28.7407759	77.4216387		
28.7375923	77.4203701		
28.7339078	77.4251761		
28.7339245	77.4195176		
28.7274537	77.4216788		
28.7294974	77.4161495		
28.7297726	77.4140084		
28.7277116	77.4121604		
28.7425463	77.4361072		
28.7427416	77.4342210		
28.7543466	77.4358846		
28.7698198	77.4396189		
28.7719726	77.4395448		
28.7723720	77.4368175		
28.7735368	77.4357927		
28.7666301	77.4383869		
28.7559552	77.4392414		
28.7535260	77.4378426		
28.7558796	77.4449132		
28.7613085	77.4508553		
28.7583936	77.4426847		
28.7580211	77.4407056		
28.7588134	77.4414196		
28.7413648	77.4250538		
28.7606140	77.4394481		
28.7614582	77.4430555		
28.7631329	77.4478615		
28.7571899	77.4492507		
28.7554581	77.4481668		
28.7528401	77.4500350		
28.7513378	77.4475568		
28.7525635	77.4441203		
28.7510901	77.4424389		
28.7471421	77.4373219		
28.7469496	77.4352680		
28.7440718	77.4561922		
28.7457083	77.4546000		
28.7463335	77.4400208		
28.7432276	77.4473166		
28.7446902	77.4455937		
29.7086095	77.4451356	"The Kisan Sahkari Chini Mills Ltd., Nanauta"	
8.4714636	76.9818449	Pappanamcode KSRTC Bus Depot	depot
8.4718921	76.9898835		
13.1524747	77.7135608	Central Warehouse Corporation	warehouse
9.2275809	76.6773603	bobby cola	
26.7419508	84.1468488	Brick yards	
26.7449078	84.1204055	Brick yard	
26.7403414	84.1198273	Brick yard	
11.0231467	77.0730480	Bharathi Cement Terminal	
26.7468491	84.1244186	Brick yard	
26.7394615	84.0004059	Brick yards	
26.7342258	84.0018990	Brick yards	
26.7309166	84.0005704	Brick yards	
26.7294614	84.0006908	Brick yards	
26.7204383	84.0055261	Brick yards	
26.7114574	84.0052208	Brick yards	
26.7089811	84.0062884	Brick yards	
26.7051900	84.0067237	Brick yards	
26.6990173	84.0051407	Brick yards	
11.2967851	75.7773960	Elleys Modular Switches	
13.0769244	77.6541942	BMTC Depot 48 (Byrathi)	depot
13.0279363	77.5403271		
12.8347507	77.6062766		
12.8226316	77.6014828		
12.8245591	77.5994958		warehouse
12.8260368	77.6122445		
15.7306102	73.8614598	Manohar International Airport Fuel Depot	fuel_depot
17.0203441	78.5090904		
15.3084839	75.1471501		
27.8752094	75.0871708	Antroli	
12.9378270	77.5247010		
27.6070836	75.1159103	Tanuj Steel Workshop	
27.6080452	75.1156919	Balaji Steel And Furniture Workshop	
29.8296002	79.7701026	hydel power station	
27.1671448	78.3867044		
27.1687806	78.3863103		
28.7456258	77.1542592	Vaishnavi Perfumery	
13.2010701	80.1533723		
13.2013671	80.1533414		
26.8639460	83.9878107	Brick yards	
13.0367689	77.5584443	KEB Workshop	
13.1078488	77.5782610	Yelahanka Industrial Estate	
13.1504369	77.5550708	Heavy Vehicle Driver Training Institute	
15.5994517	73.8104708		
15.5383268	73.8298496	Kadamba Central Workshop Porvorim	
15.5380871	73.8309680	Kadamba Depot Porvorim	depot
15.5385080	73.8327041		
15.5875316	73.8106993	A.P.M.C Market Sub Yard	
15.6026215	73.8179513	Hira Saw Mill	
15.5957115	73.8119868	Civil Supplies Godown	
13.1774424	77.7284732	Rakon India	
15.6060770	73.8083764		
15.6200223	73.8121712		
11.4594094	75.7080185	Janatha Oil Mill	
16.9249757	81.8141116	Velagiri Power Plant	
28.7504283	77.1562441	Khatu Shyam Industries	
15.6380891	73.8235545		
15.6415749	73.8193273		
15.6405684	73.8268738		
15.6364972	73.8273873		
15.6383039	73.8290364	Goa Glass Fibre	
15.6341233	73.8229188		
15.5234517	73.9880753		
23.1450090	79.6894473	Indian Oil Corporation Depot	depot
26.7446291	83.9953517	Brick yards	
26.7487717	83.9983148	Brick yards	
26.7494876	84.0007835	Brick yards	
26.7552294	84.0032536	Brick yards	
26.7572992	84.0021947	Brick yards	
26.7591421	84.0020375	Brick yards	
26.7603563	83.9948581	Brick yards	
26.7657003	83.9916682	Brick yards	
26.7636211	83.9929999	Brick yards	
26.7600003	83.9877925	Brick yards	
26.7541116	83.9920920	Brick yards	
26.7546558	83.9910114	Brick yards	
26.7524957	83.9902602	Brick yards	
26.7511405	83.9889769	Brick yards	
26.7494553	83.9902120	Brick yards	
26.7492889	83.9912774	Brick yards	
26.7482826	83.9898033	Brick yards	
26.7484972	83.9860409	Brick yards	
26.7505314	83.9840846	Brick yards	
26.7521656	83.9872821	Brick yards	
26.7732499	83.9899235	Brick yards	
26.7705669	83.9894877	Brick yards	
26.7636945	84.0051120	Brick yards	
13.1741599	75.8818361		depot
10.7813948	76.5964099	snacks factory	
12.7773730	79.9488249	Motherson Sumi Wiring India Limited - Kuruvanmedu	
15.3429095	74.0029862		
15.3391497	74.0098956	Mandovi River Pellets	
26.7303518	83.9598491	Brick yards	
26.7289338	83.9561627	Brick yards	
26.7311649	83.9535487	Brick yards	
26.7357703	83.9591796	Brick yards	
26.7237516	83.9682361	Brick yrads	
22.8148127	86.0823461	132 KVA POWER STATION	
12.9347298	79.3399301		
22.8273400	86.0879006	DISPATCH OFFICE	
15.4597119	73.9665986	Swami Samarth Engineering	
16.3410674	77.7991583		
15.5701215	73.8060725		
23.8251561	86.7490906	Ash Silos	fly_ash
15.8845847	73.8336610		
16.2811786	74.2464370		
22.4638154	72.1586200		
26.5527836	92.9360965	Rice Mill	
12.7831155	80.1544425		
23.4306908	68.7125765	Sewagram Cement Works Captive Power Station	
15.8110705	79.9412052	Mud brick factory	brickyard
15.8104589	79.9368386	Mud brick factory	brickyard
15.8111066	79.9269963	Mud brick factory	brickyard
15.8111261	79.9216780	Mud brick factory	brickyard
15.8112048	79.9333235	Mud brick factory	brickyard
12.6301778	77.4242324	Harohalli Industrial Area Phase 4	
28.9543363	77.0856061		
28.9743096	77.0924968		
28.9716690	77.0854157		
28.9768835	77.0838707		
28.9330853	77.1019622		
15.8154887	80.0420603	Sri Veda cold storage	warehouse
16.0131493	80.1176423	Yalavarthi cold storage	warehouse
16.0301661	80.1304874	Sri Bhuvaneswari cold storage	warehouse
16.0398073	80.1344476	Chilakalaluripet cold storage	warehouse
12.9184330	77.6864358		
19.0489337	72.8548897		
19.0456348	72.8519243		
19.0375261	72.8554689		
15.1713815	76.3772105	Danapuram BMM Captive Power Plant 1	
15.1757611	76.3901434	Danapuram BMM Captive Power Plant 2	
19.0473501	72.8433761		
18.9925766	72.8337233		
10.8229671	79.7545320		
21.0764782	72.6416311		
13.1755639	77.7360253		
13.1747116	77.7370291		
13.1742341	77.7381231		
13.1734858	77.7418516	Maanvik Technologies	
13.1740188	77.7418120	North East Technologies	
13.1734914	77.7411575	Cohera Automations Pvt. Ltd.	
13.1740292	77.7408497	Altius Aerotech	
13.1654556	77.7164672		
26.7278593	84.1341436	Brick yards	
26.7265173	84.1320129	Brick yards	
13.0183418	80.0087862		
13.0063595	79.9951792		
13.0174184	79.9854564		
12.9888719	79.9805663		
13.0390001	80.0089691		
26.7324331	91.7924415	Sukali Tea Factory	
26.7322471	91.7695819	Divijuli Tea Factory	
26.7194452	91.7505379	Suola Tea Estate	
13.0718205	77.5870264		
28.0172027	80.8300394	Khambarkhera Thermal Power Station	
28.0161609	80.8279905		
28.2464149	79.9960636	Maqsoodapur Thermal Power Station	
28.4732112	79.8061222	Barkhera Thermal Power Station	
28.4727796	79.8048618		
12.9376014	77.4453690	STP-3	
12.9368774	77.4548661	STP-2	
12.9525297	77.4571404	STP-1	
12.7521951	77.6569395		
12.7759229	77.6935543		
12.7926138	77.7223781		
8.8729768	76.5997517	Okay Gases India Pvt Ltd (20MT)	
15.4823386	78.4428784		
14.8753004	78.0454281	Arjas Steel Plant	
14.3261544	80.1551516		
13.0689394	80.2782461		
9.8223761	76.4521379	Cochin Cements Limited	factory
13.1958769	77.2547369	Avverahalli Industrial Area	
13.1972795	77.2623074		
16.8862739	73.3470852		
22.9411046	70.9006620	AQSA CERAMIC LLP	
12.9858991	77.7069293		
10.8144837	76.8096699	Fajr Polymers LLP	
22.5334144	73.4588959	Pramukh Packaging	
29.2675632	79.5437505	ISBT Kathgodam	depot
17.4462591	75.7170086	Lokmangal Sugar Ethanol power station	
29.1065022	79.5167528	UCF	warehouse
26.5273175	88.6748177	"Star Cement Grinding Unit, Mohitnagar"	factory
29.0670540	79.5146089	Aanchal Nainital Milk Producer Cooperation Limited	agriculture
28.6935824	77.5894689		
28.7475644	77.3614596		
28.7747518	77.3529896		
28.7740390	77.3640465		
28.7755647	77.3713723		
28.7745963	77.3685483		
28.7748209	77.3656005		
28.7744462	77.3665754		
28.7760082	77.3640170		
28.7770633	77.3616325		
28.7781101	77.3654101		
28.7767492	77.3674692		
28.7930414	77.3593139		
28.7890490	77.3602530		
28.7868681	77.3543418		
28.7851419	77.3548048		
28.7860559	77.3570332		
28.7837944	77.3646145		
28.7557933	77.3556624		
28.7520404	77.3572576		
28.7520813	77.3558535		
28.7542750	77.3461850		
28.7555121	77.3453116		
28.7594791	77.3408091		
28.7589213	77.3450093		
28.7642831	77.3488558		
28.7612367	77.3510188		
28.7622772	77.3509397		
28.7636484	77.3466265		
28.7613672	77.3456353		
28.7366750	77.4565303		
29.0166088	79.5152542	Pantnagar Seed Processing Plant	factory
28.9749438	79.3886626	Aloka Maple Furnitures	sawmill
28.9708974	79.3913175		warehouse
14.5567827	76.4700751	Cleanmax Energy pvt ltd	
28.9435590	79.4493677	Shiv Shakti Processed Foods Private Limited	food_processing
28.9423206	79.4488223	PLA Foods Private Limited	food_processing
28.9726886	79.4135349	Aanchal Animal Fodder Processing Plant	factory
28.9700700	79.4194540	Jai Gurudev Industries	factory
9.9468193	76.2912999	Thevara Yard	depot
28.8851184	79.5079078		warehouse
29.9719356	76.3124344		
29.9716856	76.3131538		
12.3032320	76.6988853	Mysore Mega Dairy	
28.9198655	79.5021536	Interarch	factory
28.9394106	79.4483875		
28.9410108	79.4472499		
28.9448072	79.4549837	Sheel Chand Agroils Private Limited	factory
28.9404097	79.4520554		
28.9455642	79.4469596		
28.9480477	79.4430899		
28.9502558	79.4413525		
28.9459559	79.4449834		
28.9383380	79.4668400	Mahindra Tractors	factory
28.9590297	79.3800847	Swastik Solvent Products India Limited	factory
28.9707805	79.3798847	Cargo Shed Rudrapur City	railway
11.9022541	79.7911740		
11.9036392	79.7909325		
11.8999483	79.7897966		
11.9019018	79.7840146		
11.9050600	79.7819539		
11.9045551	79.7817605		
11.9055756	79.7853766		
15.0615065	76.6857044		
11.9066967	79.7877561		
11.9074308	79.7847837		
11.9070643	79.7878308		
11.9060752	79.7866245		
18.3475887	73.8681231		
18.3845642	73.8598951		
15.6147009	73.8218326		
15.6171007	73.8216729		
12.3074398	76.6093867		
12.3071900	76.6095509		
17.8728620	79.5317173	RK Steel factory	
17.8714058	79.5453007	Rice Mill	
17.9371212	79.6470133		
18.1185714	79.7250609	Rice mill	
15.5981794	73.8107797		
28.3669709	76.8951816	Maruti Manesar Power Station	
15.6001127	73.8097398	Fabrizio Industries Pvt. Ltd.	
13.6662261	80.2272052	First Launch Pad	
9.6315488	76.7755843	Surya Petroleums Private Limited	
11.2652012	76.0221844	brick company	
10.3436593	77.8992360	bharathi raja santhosh land	brickworks
26.1568476	79.7888746		brickyard
12.9825743	77.7118566		
28.4700924	76.8139637		
34.1202281	74.8088220	Industrial Estate Baghe Ali Mardan Khan	factory
29.6928601	75.8147752		
29.6942864	75.8144527		
29.6819695	75.8454935		
26.6980783	84.0618360	Brick yards	
26.6999652	84.0609838	Brick yards	
26.6995215	84.0594066	Brick yards	
26.7114740	84.0682798	Brick yards	
26.7134767	84.0793680	Brick yards	
28.6566951	77.2995268		
28.6569604	77.3007939		
27.7885859	76.9509781		
26.7534406	84.0587807	Brick yards	
26.7337677	84.0631352	Brick yards	
26.7329936	84.0602253	Brick yards	
29.8340587	75.9500163		
26.7395265	84.0557622	Brick yards	
29.6698133	75.7321756		
29.6883845	75.7333534		
29.6781961	75.7290674		
12.8608764	77.6037714		
19.1060553	72.8861390		
11.9460762	76.8227749		
12.8439350	77.6457620		
22.7946128	86.2097801	Jojobera Tata Unit 6 Power Station	
12.9560422	79.9703123	First Solar	
12.9592178	79.9736903		
26.2253792	92.5065699		
17.4604667	78.3890595	RDC Concrete	
12.9528573	79.9877485	RPM Engineers (India)	
12.9519090	79.9879993	Rajguru Adhesive Tape Company	
12.9526364	79.9888047		
12.9543617	79.9885327		
12.9547719	79.9908393		
13.0250320	80.0084730	Indospace Logistics Park	
13.0249687	80.0104073		
13.0331053	80.0120669		
12.8204411	77.4091784	Trinity Beverages	
8.7751010	76.8806491	KSRTC Bus Depot	depot
20.2750993	86.6410470	Paradeep Phosphates Limited	
20.2812412	86.6544002		
20.2899154	86.6285223		
20.3254572	85.7274905		
20.2799969	85.6906074		
20.4376040	72.8599129	Chango Foods	factory
26.7817946	82.8697652		
15.4653133	75.0173147	Dharwad City Depot	depot
19.4363692	84.7921157		
19.3500144	84.5096952		
19.3498980	84.5070880		
18.4663118	84.0731054		
18.4585544	84.0935612		
18.4619178	84.0905893		
18.5625644	84.3495627	Bhavanapadu Fishing Harbour	port
13.0573113	79.9073126		
13.1111720	80.2720310		
13.1005900	80.2675771		
17.3193121	74.5383696	Lucky Lark Textile Park	factory
19.4080733	72.8563271		
26.5852403	93.3502252		
8.5538570	76.8592644	The Southern Gas Ltd (22.48MT)	
8.5535500	76.8598121	Divine Gases Pvt Ltd (15.96MT)	
8.5443238	76.8938090	Roop Resmi Pvt Ltd (20MT)	
13.0306618	77.4795556		
12.8617839	80.1647665		
14.6485642	77.5834127		
14.5706774	77.6223729		
23.1236746	72.6117043		
14.1662471	77.6071356		
14.1662312	77.6103507		
14.1663980	77.6124449		
14.1719133	77.6058646		
14.1719006	77.6082349	Seoyon E-Hwa Summit Automotive India Pvt Ltd	
14.1718975	77.6114728		
14.1689989	77.6036314		
14.1623917	77.6082629		
13.9794834	77.6598235	Andhra Pradesh Industrial Infrastructure Corporation	
13.0390178	77.6260350	BWSSB	
13.0252042	77.6225716	Karnataka State Beverage Corporation Limited	
13.0234083	77.6182835		
12.9530616	77.5506127		
15.4959355	73.8399661	Panjim Wet Waste Centre	
11.3668305	76.0141493	ksrtc depot	depot
26.5408861	88.6464930	Raninagar Industrial Park	
26.5350198	88.6730347		
26.4277502	88.9145476		
26.4199365	88.9170956		
26.4238829	88.9174122		
26.4344129	88.9108085		
26.4333801	88.9138502		
26.4355319	88.9074612		
26.4180172	88.9172190		
26.5464968	88.8087076		
26.5491434	88.8197824		
26.5477830	88.8212281		
26.5436421	88.7205661	"IFP Factory, Jalpaiguri"	factory
13.0020162	77.6191738		
13.1566654	77.7218800	Vishwas Enterprises	
13.1561201	77.7237880		
13.1940904	80.1369055		
13.1977664	80.1393090		
13.1020827	77.5611503		
26.5169921	88.6961990		
26.5161434	88.6957558		
26.5169051	88.6935119		
26.5173538	88.6922503		
26.5194724	88.6920338		
26.3124439	78.1245024		
26.3072015	78.1275024		
14.7472610	74.3135284		
15.4925741	73.8964419		
15.4967277	73.8896764		
28.9263781	78.8682639		
12.9616183	77.5638400		
29.0413148	79.3522441	Dabur India Private Limited	factory
17.3598784	78.4602000	స్టీలు మిల్లు	
24.4389500	85.5238116		
28.9089037	78.7183419		
28.9119184	78.7165501		
28.9105332	78.7128058		
28.9112892	78.7084794		
28.9210009	78.7197379		
28.9143485	78.7230245		
28.9161446	78.6977827		
28.9213241	78.7117025		
28.9141548	78.7080744		
28.9147354	78.7103357		
28.9176002	78.7144232		
28.9338456	78.6980161		
28.9288877	78.6984350		
19.8763852	75.8232416		
12.9626415	77.7139381		
12.9809196	77.5341432		
28.9032427	78.8354168		
20.1740861	85.7252963		
26.5375697	88.6491377	Louis Bakery & Confectionary Private Limited	
26.5381592	88.6483832	Esbee Road Products	
26.5388379	88.6469455	Lakshmi Jute Mill	
26.5390047	88.6471370	Bhagabati	
26.5384650	88.6468461	GB Plastic	
26.5387870	88.6473285	Matri Water	
26.5386828	88.6475070	Venus Polymers	
26.5383884	88.6475730	Terai Foods Private Limited	factory
26.5394913	88.6501005		
26.5405263	88.6488650	JD Industries	
26.5399473	88.6471702	EPC Private Limited	
26.5407933	88.6471319	Utsav Enterprise	
26.5390953	88.6483182	Kusum Iron & Steel Limited	
26.5388603	88.6491927	Dunlin	
26.5373751	88.6500056	Sona Vets Private Limited	
26.5384202	88.6498996	SS Indane Agency	
26.5385335	88.6507395	Amrit Feeds Limited	
26.5362617	88.6501580	Modern Animal Feeds Pvt. Ltd.	
26.5364518	88.6509990	Skill Development Centre	
26.5368870	88.6489526	AMD Industries Limited	
26.5415207	88.6422375	Moon Beverages Private Limited	
26.5391886	88.6446801	Moon Beverages Private Limited	factory
26.5383588	88.6439210		depot
26.5402414	88.6452068	Central Warehousing Corporation	warehouse
26.5427890	88.6442924	Moon Beverages Private Limited	
26.5393415	88.6421741	Indane LPG Refilling Plant	
26.5386243	88.6452467		
10.2352790	77.4934765		depot
26.3412075	89.4818568	Coochbehar Industrial Park Phase-I	
26.3444238	89.4809075		
26.3443412	89.4799811		
26.3442913	89.4797023		
26.3442109	89.4792287		
26.3441070	89.4786725		
26.3440445	89.4783283		
26.3432227	89.4781512		
26.3432670	89.4786950		
26.3433805	89.4794107		
26.3438638	89.4803366		
26.3423809	89.4823025		
26.3427389	89.4839456		
26.3428079	89.4847470		
26.3426812	89.4836623		
26.3426317	89.4834268		
26.3425778	89.4831387		
26.3421913	89.4850012		
26.3421517	89.4848778		
26.3421234	89.4847155		
26.3420935	89.4845370		
26.3420555	89.4843294		
26.3417302	89.4837396		
26.3415290	89.4828974		
26.3417182	89.4828658		
26.3419631	89.4829701		
26.3419324	89.4827207		
12.2925142	78.4016223		
12.3045858	78.4076355		
12.3037019	78.4072126		
12.3034339	78.4070764		
12.3029753	78.4068393		
29.1979998	78.8785288		
29.1332844	78.7612678		
12.9151788	77.5801473		
14.8220033	74.1341080		
29.2081844	78.8301203		
29.2079281	78.8265194		
29.2084841	78.8199453		
29.2019450	78.8072571		
29.2308416	78.8776638		
29.2314238	78.8721505		
29.2248675	78.7478449		
29.2311880	78.7423731		
29.2246158	78.7245217		
29.2234622	78.7076436		
29.2359739	78.7195086		
29.2430316	78.7284793		
29.2439514	78.7252539		
29.2591111	78.7855245		
29.2471669	78.8179122		
29.2408618	78.8828391		
29.2385684	78.8879983		
29.1893046	78.8918178		
29.2046986	78.8018729		
29.2032801	78.7981591		
29.2041820	78.7971285		
29.2105795	78.7966020		
29.2075591	78.7978033		
29.2135072	78.7893359		
15.2667952	73.9773028	Indian Oil Power House	
16.5532681	80.6538633		
15.6035239	73.8207278		
15.6396936	73.8254752		
15.6342886	73.8264474		
15.6334026	73.8283816		
15.6396757	73.8299889		
9.3016134	78.2967603		
9.3044377	78.2783175		
15.6888801	73.7948495	Goa Antibiotics and Pharmaceuticals Limited	
12.9587442	77.7230819		
29.0619696	78.8602207		
29.0597875	78.8601341		
29.0608120	78.8623819		
29.0671338	78.8605137		
29.0602973	78.8375057		
29.0627585	78.8400150		
18.9022429	73.2324842		
18.8494769	73.2422296		
18.8531173	73.2415044		
18.8431973	73.2427275		
28.9772354	78.8089442		
28.9719629	78.8105402		
28.9734600	78.7802741		
19.9653805	73.7959756		
19.9641575	73.7949935		
19.9641508	73.7951916		
19.9641374	73.7955384		
19.9641337	73.7957387		
19.9641290	73.7959384		
19.9644583	73.7946179		
19.9641611	73.7943595		
16.5036197	81.8982254		
13.1563075	78.3549710		
13.1344098	77.9756134		
13.0431928	77.6271976		
17.4808833	78.4026526	GOCL	
13.0427548	77.5479603		
13.0298231	77.5363188	Ati Motors	
15.5879962	73.8198141		
23.4454376	87.4917803		
17.8776527	80.8482822		
15.2529967	74.6296773		
15.6360076	73.8248809		
15.6355361	73.8207475		
27.3707935	94.8813375		
17.9415990	83.2215697		
15.6287300	73.8255353		
15.6199616	73.8223811		
15.6209122	73.8224494		
15.6203245	73.8223958	Hindustan Mart	
10.9589881	77.7739817		
27.7422157	81.5191052	Bahraich	
12.8597324	77.5419495	Purva Woodworks Pvt. Ltd	
12.8598407	77.5407645	Purva Woodworks	
19.0916395	82.1658448	Nagarnar Steel Plant	steelmaking
8.8937767	76.5830370	Slaughter House	slaughterhouse
28.9988648	76.2412870		
29.0727403	75.9639626		
29.0911903	75.9839853		
27.2256024	73.7053925	RIICO Industrial Area	
27.1904126	73.7165666		
27.1902719	73.7207106		
26.6467635	74.0147450		
26.6531114	74.0199565		
26.6505512	74.0246934		
25.9580688	74.0232289		
23.3542116	75.0419802		
23.2857942	75.0424683		
23.4028954	75.1284678	Indian Oil Railway Substation	
23.3901807	75.0639957		
27.7113354	74.4754279		
27.7084930	74.4805187		depot
27.7079659	74.4830346		
28.0537459	76.1000848		
27.8740115	75.8275187		
27.8720957	75.8203733		
27.8639816	75.8420965		
26.4927707	76.7452070		
26.4959106	76.7440886		
26.4946225	76.7414332		
26.4960689	76.7474895		
16.7699616	80.0140097	Anjani Cement	
15.6617175	76.8758472		
17.1643444	77.2944189		
26.5485542	76.3352421		
26.5494889	76.3352099		
26.4887232	76.4269924		
23.9790183	79.1952574		mine
23.9319830	78.9647176		
24.0417243	78.9494062		
24.0411143	78.9593839		
24.5905878	79.3115741		
24.5866952	79.3076312		
24.5894513	79.3119656		
24.9345961	79.5981601		
24.5708064	79.0122127		
24.8324866	79.1467738		
22.6166565	77.7671835		
22.6322429	77.7753335		
22.6703647	77.7535507		
23.5647455	72.7475936		
20.3118025	86.6581532		
17.2710488	74.1852234		
17.2762627	74.1870524		
17.3375424	73.8799270		
10.9612668	79.2966358	Thirumandangudi Mill	
17.9238669	73.8961946		
17.9503384	73.9364795		
17.7774032	73.9823215		
17.6297803	74.0368371		
17.5750398	73.8382694		
18.6994707	72.8729996		
17.0189326	74.3710243		
17.2206435	74.3716978		
17.2809087	74.4695153		
16.8714218	74.9588339		
16.8738732	74.9557473		
27.4056295	82.1592658	Balrampur Mill Power Station	
18.5574524	73.1126518		
12.9796633	77.7058489		
12.9790305	77.7056774	Raj Skoda Repair	
12.9783629	77.7055321		
12.9767929	77.7056528		
12.9774445	77.7054876	Ranka Steels	
12.9792037	77.7066136		
12.9757765	77.7069324	Castotech Enterprises	
18.2925652	76.8979395		
19.1489600	76.3213536		
17.0503796	75.2218264		depot
13.0192754	77.5489985		
17.8933169	75.0121556	Akluj APMC Marketyard	
17.8536170	75.0999667		
17.8515835	75.1044811		
18.0371771	74.7906906		
17.5213150	74.2778115		
17.3065431	74.3074601		
17.3031560	74.3050811		
17.3147333	74.2692436		
17.3646199	74.1654606		
12.9678398	77.5117824	Nagarbhavi KPTCL	
12.9782707	77.5136149	BWSSB	
12.9775074	77.5108276	BWSSB	
12.9442306	77.5307332		
12.9162112	77.6070823	BWSSB	
13.0111729	77.5521903	Dhobi Ghat	
17.3826658	74.5360168		
17.0882961	74.4241154		
16.7716864	74.9204346		
16.8160729	74.6492832		
10.9211109	76.0629964	Kuttippuram Block Industrial Estate	factory
16.6511258	74.8209351		
16.4760073	75.2021994		
16.0568200	75.8375987		
19.2724130	72.9131950		
30.2373935	78.7192385		
15.8867994	76.8870288		
12.8647086	77.1075533		
9.9721510	76.3864507		
15.1159478	76.3782709		mine
9.9464095	76.3008906	Southern Railways Substation	utility
19.2915957	72.8681412		
15.8232134	74.4867240		
15.8234316	74.4912636		
19.2987081	72.8753629		scrap_yard
15.7893474	74.4682878		
15.7334403	74.4896006		
15.7374626	74.4938385		
15.7812377	74.4531628		
15.7819371	74.4549332		
15.7825954	74.4374022		
15.7789869	74.4367879		
15.7803369	74.4388318		
15.7779700	74.4447782		
15.7790902	74.4414979		
15.7765814	74.4415731		
15.7742634	74.4389337		
15.7736801	74.4419861		
15.8231248	74.4124174		
29.1896969	78.7234381		
29.1898122	78.7218502		
29.1981783	78.7197044		
29.1929856	78.7203388		
29.2072820	78.7102805		
29.2064040	78.7095308		
29.2097998	78.7170168		
29.2051122	78.7100042		
15.5859103	73.9436189		
15.5638114	73.9575342		
20.2777758	85.9286118	Brick Factory	
13.3025183	77.6145981	Foxconn	factory
19.2879912	72.8838008		
19.2884977	72.8879251		
19.2854178	72.8885202		
19.2821817	72.8889005		
19.2817850	72.8912770		
19.2916297	72.8931470		
19.2927389	72.8920277		
19.2933803	72.8914636		
19.2940533	72.8908438		
19.2909527	72.8884202		
11.2749748	77.2471545		
19.2893731	72.8736142		
19.2896414	72.8733587		
29.1299524	78.7299747		
29.1333497	78.7326260		
29.1367620	78.7339175		
29.1367304	78.7330444		
29.1333134	78.7336506		
29.1342048	78.7333596		
29.1355924	78.7327657		
29.1384301	78.7324517		
29.1396905	78.7299907		
23.1793211	69.6372780		
26.5573187	88.7233503		
26.5367622	88.7128675		depot
19.2881055	72.8788761		
19.2847041	72.8777246		
10.9297015	76.0572517		
15.9708886	76.0860417		
22.2018688	88.0153584		
22.2064380	88.0000806		
22.2114740	87.9877746		
22.2168574	87.9799962		
22.2255876	87.9734945		
22.2664304	87.9758978		
22.2430357	88.0059600		
22.3924052	88.2778876		
22.3936401	88.2744705		
10.7566982	78.4223279		
9.1552098	78.5398114		
24.2556148	78.1560838		
13.1258100	80.2443880	M M Garden	warehouse
29.1609006	78.7312352		
29.1606851	78.7327521		
29.1625648	78.7307753		
29.1645152	78.7291760		
23.0102295	72.6617803	Vastral Bus Depot	bus_depot
11.6728872	92.7375678	Marine Hill Bus Depot	bus_depot
22.4951491	88.2182159		
22.4976447	88.2194477		
22.5150992	88.2766512		
22.5170442	88.2804653		
22.5140932	88.2815274		
22.5137859	88.2878870		
22.5183400	88.2920256		
22.5215784	88.2855534		
22.5218684	88.2894990		
22.5311936	88.2892683		
22.5073311	88.2609710		
22.5079482	88.2574439		
22.5039289	88.2552900		
20.9242888	78.9506298		
26.9852397	94.9299611		
19.2890995	72.8682147		
19.2871116	72.7885979		
21.1513054	86.5660563		
21.1537519	86.5666356		
21.1437908	86.5543002		
19.2854911	72.9031356		
11.1964100	77.1920327		
19.2819076	72.9022638		
12.9787841	77.5641892		
19.2585901	72.8660462		
19.2613671	72.8692462		brickyard
19.2621385	72.8694365		
8.7776347	78.1242326		depot
19.2641964	72.8704319		
19.2602168	72.8716165		
19.2611396	72.8713332		
10.8508388	78.7486789		brickyard
10.8514225	78.7403664		brickyard
10.8592483	78.7154297		brickyard
10.8588877	78.7182340		brickyard
10.8576478	78.7231579		brickyard
10.8565382	78.7290066		brickyard
10.8512560	78.7349039		brickyard
10.8462012	78.7364797		brickyard
10.8454545	78.7446545		brickyard
10.8430520	78.7363821		brickyard
10.8440023	78.7327749		brickyard
10.8466952	78.7324929		brickyard
10.8467692	78.7281852		brickyard
10.8466253	78.7295276		brickyard
10.8465822	78.7310215		brickyard
10.8454681	78.7283469		brickyard
10.8457436	78.7311988		brickyard
10.8516377	78.7152006		brickyard
10.8477452	78.7221328		brickyard
10.8555278	78.7170674		brickyard
15.6315971	73.8255876		
15.6313181	73.8267463		
29.1172608	79.5211152		
10.8603089	78.7080182		brickyard
29.1938625	78.7518856		
19.2629456	72.8518268		
19.2675262	72.8879684		
19.2657114	72.8886193		
19.2641970	72.8770478		
19.2595316	72.8730249		
10.7440260	75.9773684	Dr Bin's Ayurveda Pharmacy	
19.2781712	72.8889567		
19.2783584	72.8860047		
19.2736942	72.8862834		
19.2743138	72.8877916		
19.2746802	72.8798169		
28.5840371	77.5440870		
28.5855088	77.5442536		
28.5855733	77.5440102		
27.5369253	88.4843517		
19.7108098	83.4014420		
10.9693663	76.0099209		
21.1781651	81.3946295		
13.9108343	76.8190911		
17.2958171	77.4361863		
26.2030343	93.1320361		
26.6705299	94.6434644	SAW MILL TULI	timber
26.6503828	94.6440071	"SAW MILL ,TULI"	timber
13.1820396	78.1511070		
13.6275712	77.8240371		
29.2054410	79.5280189	UCF Resin Factory Warehouse	warehouse
17.9088389	83.1945625		
10.9242917	76.0615078		
29.2635247	79.5439498	Bharat Petroleum Corporation Kathgodam Depot	depot
15.6215564	73.7839063		
18.9779683	76.7335957		
18.9668787	76.7717716		
19.2114310	77.6697942		
19.2126994	77.6690509		
19.2142469	77.6694184		depot
24.5633261	81.1700572		
20.0253309	78.5488102		depot
18.7948305	78.6358862		
10.9224683	76.0622466		
29.1703351	79.5199916	Mahavir Flour Mill	grinding_mill
27.5407506	71.9162837		
20.8923611	85.8859286		
19.2890095	72.8533021		
30.3731946	75.5261699	Sabzi Mandi	
30.3714274	75.5306301		
19.2942511	72.8573665		
10.9628907	76.0510771		
11.4726486	78.1576043		depot
10.9193272	76.0408885	"Government Poultry Farm, Athavanadu"	
29.1133231	78.7406766		
29.1132763	78.7433884		
29.1150402	78.7388493		
24.5974609	80.8569012		
10.9844628	76.9694947		
10.8748600	77.1613718		
10.7516032	77.2612425		
9.3066373	77.7730349		
9.6869728	77.8023809		
9.2572982	77.8826058		
9.2434474	77.8826139		
9.5675554	78.0781790		
10.6124433	78.0980891		
9.2625318	78.1292912		
9.6624068	78.2224739		
17.1355061	77.1866061		
21.2574965	73.2998130		depot
21.2570214	72.9334339		
21.2454982	72.9159271		
21.2432224	72.9158896		
27.1827776	83.8737302		
17.8052419	82.9600358		
11.0749330	78.6789201		
11.0852355	78.6657706		
21.0217156	75.8933133		
21.0190718	75.8888635		
11.0013370	78.6115420	Moovanur	
19.0050915	72.8365824		
20.9860288	76.2942659		
21.3893969	74.9208302		
21.6308966	75.0769508		
21.6889145	75.1050281		
21.6870304	75.1028501		
21.3551828	74.9538213		
29.1449979	78.7288961		
29.1445497	78.7270952		
12.9874563	77.7850605		
12.9920168	77.7908452		
12.9798415	77.8263411		
12.9774159	77.8273898		
12.9721545	77.8529419		
12.9890963	77.8368607	MRPL	
12.9849929	77.8240411		
12.9821010	77.8225163		
12.9926717	77.8036910		
24.8263956	73.0905416		
11.6713137	78.1611540	TNSTC Depot - Salem	depot
25.7155161	87.7712908		brickyard
19.2477521	72.9764920	jovi	oil
29.7124876	77.4976225		brickyard
29.6648699	77.4948835		brickyard
17.0552130	76.9775110		
15.9481696	80.2530994	Deevi Briqutte Pipat Limited	
10.6237741	77.8249007		
10.6506836	77.8104785		
10.6410186	77.8239780		
18.6861449	73.0431794		
9.6486653	76.3357754	SIDCO Industrial Estate	
11.6680515	78.1386871	TNSTC Salem Depot	depot
19.1983605	75.3944627	Bhagawangad	
16.9322608	81.9260936		
14.6442379	78.5287231		
12.9594855	80.2596692		
22.1217338	69.3825108	Chelke Gasoline Store	
15.1447929	76.6737726		
15.1510700	76.6825398		mine
15.1571525	76.6735724		
13.5105922	78.5490770		
16.9305602	81.9255514		slaughterhouse
22.1015220	69.4140458		
29.1701995	78.8086243		
22.1176727	69.3522822		
33.7974662	74.9243389	Himalayan Cold Store Private Limited	warehouse
22.1062365	69.3406088		
10.8660499	78.2327950		
10.7923761	78.3091267		
10.7139990	78.1957349		
10.7056313	78.2990188		
10.7726531	78.2607732		
26.0600695	91.8916440		
26.0603442	91.8881732		
26.0565467	91.8897557		
26.0619104	91.8825728		
24.9120537	87.7856822		
24.9390823	87.8130770		
24.9502026	87.8606446		brickyard
19.3683364	72.7911934	Rubber Art Industry	factory
13.0304487	79.8666205		
24.8353603	87.7977964		
24.8343062	87.8003136		brickyard
24.8353225	87.7983825		brickyard
25.5553053	83.3985137	Lords Distillery Nandganj GZP	
17.1164072	80.6100796	"APSRTC Bus Depot , Tiruvuru"	depot
27.1995934	88.2174990		
17.9374231	83.1877411	Jindal Stainless Steel	steelmaking
12.6929255	80.1878920		
12.6907223	80.1897266		
12.6919129	80.1895737		
17.9147135	83.1989131		
17.9197622	83.1996451		
13.0013987	77.6206811	Dhobi Ghat	
12.9657245	77.6897754		
24.7449763	87.7931320		mine
24.7507160	87.7926720		mine
24.7531413	87.7924763		mine
24.7541862	87.7949720		mine
12.3456724	76.5709576	Kirloskar Electric	
17.4039027	78.3396022		
13.6310681	79.4697494	Padmavathi Flour Mill	
13.0471195	80.0823129		
13.0472766	80.0832571		
8.7720903	78.1109209		
13.0578365	80.0918052		depot
24.8387206	87.8273195		brickyard
24.8410195	87.8257062		brickyard
24.8335224	87.8828252		brickyard
24.8358191	87.8805164		brickyard
24.8448421	87.8718636		brickyard
24.8459872	87.8704508		brickyard
24.8618021	87.8711602		brickyard
24.8616670	87.8699880		brickyard
24.8584156	87.8688964		brickyard
24.8565058	87.8631364		brickyard
24.8515481	87.8620877		brickyard
24.8493437	87.8593102		brickyard
24.8543281	87.8565798		brickyard
24.8485721	87.8492674		brickyard
24.8399583	87.8389442		brickyard
23.4108243	85.4401086	"Firebolt Racing, Fabrication Bay"	
23.4109221	85.4403308	Team Srijan Manufacturing House	
18.7771816	84.4330138	APIIC Industrial Estate Palasa	
24.8564893	87.8554673		brickyard
24.7556345	87.7864493		brickyard
24.7297765	87.7698807		brickyard
12.7722626	80.2070062	Ray Mix	
13.0348633	79.9942448	Hyoseong Electric India	factory
16.7096093	80.3447276	Inventaa Industries Private Limited	
23.0676390	74.5471791		
22.5298873	73.3671619		
13.1294797	80.2394491		
17.4833915	78.3599816		
17.4845737	78.3597573		
13.0664749	80.0761592		
13.0755410	80.0806184		
13.0781511	80.0718865		
13.0806853	80.0755772		
13.0835138	80.0755061		
13.0554996	80.1002925	Pawan Shakthi Wind Turbines	
17.4548235	78.5946445		
17.4634444	78.6029550		
17.5300922	78.5253016		
17.4825361	78.3742858		
17.4825242	78.3744990		
17.4824006	78.3748469		
17.4823577	78.3745721		
17.4830195	78.3744122		
17.4829268	78.3746254		
17.4827006	78.3749546		
17.4831610	78.3748030		
17.4831421	78.3749284		
17.4834375	78.3744988		
17.4821599	78.3755410		
11.0366035	76.9949972	BPCL Gas Bottling Plant	factory
16.9365938	81.9284797		
16.9368229	81.9285197		
16.9367441	81.9285359		
13.0187665	77.6248737		
13.0944254	80.2769904	Corporation of Chennai General Workshop	
13.0949175	80.2761747	Corporation of Chennai Lorry Depot	depot
18.0622000	83.4051469		depot
26.4514738	84.4405049		
26.5956602	85.5101188		
18.0497952	83.3196049	Sri Vijayarama Gajapathi Co-operative Sugars Ltd	
26.6471302	85.4285181		
26.5831639	85.4629630		
26.5854881	85.5116370		
26.6038105	85.5237358		
26.6595597	85.4595673		
26.6629683	85.5479622		
26.6590919	85.5452755		
26.6792330	85.5363911		
26.6762612	85.5342132		
26.6958885	85.5271751		
31.6295692	74.8646230		depot
30.1167568	78.7223495		
12.9416769	77.7189937	Kolar Minor Irrigation LIS Stage 2	
12.9437400	77.7172134		
18.0173626	83.2755991	Sri Chakra Cement Factory	
13.0196536	77.5010126	BMTC Depot 22 (Peenya)	depot
13.0201985	77.4998237	BMTC Depot 9 (Peenya)	depot
13.0672986	77.4253736	BMTC Depot 43 (Shivanapura)	depot
13.2468369	77.7175574	BMTC Depot 50 (Devanahalli)	depot
13.1839898	77.5669031	BMTC Depot 46 (Sadenahalli)	depot
13.0852717	77.7312389	BMTC Depot 47 (Manduru)	depot
12.9061489	77.5196849	BMTC Depot 21 (Rajarajeshwarinagar)	depot
12.9723746	77.4420583	BMTC Depot 35 (Kannahalli)	depot
12.8017945	77.3928438	BMTC Depot 49 (Bidadi)	depot
12.7693763	77.4140501	BMTC Depot 36 (Bidadi)	depot
12.8722500	77.5860031	BMTC Depot 34 (Kottanur)	depot
12.8553255	77.5697007	BMTC Depot 44 (Anjanapura)	depot
12.7807916	77.6346535	BMTC Depot 27 (Jigani)	depot
12.7893089	77.7063980	BMTC Depot 32 (Suryacity)	depot
12.9967592	77.7265435	BMTC Depot 51 (Sadaramangala)	depot
12.9039257	77.4737887	BMTC Depot 12 (Kengeri)	depot
13.0177684	77.5554327	BMTC Depot 8 (Yeshwanthpura)	depot
12.9556431	77.5958263	BMTC Depot 3 (Shanthinagara)	depot
12.9545271	77.5952725	BMTC Depot 2 (Shanthinagara)	depot
13.0786083	77.4260180	Nelamangala KSRTC Depot	depot
12.9501327	77.5366243	KSRTC Depot 5	depot
12.9562503	77.5943495	KSRTC Depot 2 (Shantinagar)	depot
13.1574345	77.6588129	BMTC Depot 52 (Uttanahalli)	depot
18.1107076	75.4835175		
13.0466419	77.5412444		
9.6668487	76.3422148		
9.6254900	76.3406189		
12.6982813	77.4777256	KSRTC Depot Harohalli	depot
13.0181354	77.5458699		
22.6974422	78.3640628		warehouse
24.9403219	93.8397639		
22.7071231	78.3709071		warehouse
17.4649139	78.2085271	Rail Coach Factory	
13.1961474	77.6448414		
13.1611125	77.5916759	BMTC Depot Nagadasanahalli	depot
22.7226728	78.3590233		agriculture
27.4191858	74.6161901		
24.6487967	73.8347930		
24.6443109	73.8383979		
24.6476705	73.8778071		
24.6214660	73.9204841		
13.0390837	79.8385040		
24.8571258	74.6103966		
24.8982075	74.6218993		
24.8979229	74.6219194		
24.8982172	74.6235985		
24.8998302	74.6237245		
24.8883757	74.6280402		depot
24.9210019	74.5981818		
24.9348690	74.6264415		
13.1751249	77.7364153		
13.1723846	77.7332946		
13.1725120	77.7329593		
13.1782424	77.7312627	Eaton Aerospace India	
13.1789019	77.7223598		
10.9294722	76.0472179		
13.5254640	79.9818786		
21.4395077	72.2217956		
21.4287587	72.2127504		
21.3960876	72.1772816		
21.3962584	72.1748301		
21.3943766	72.1720002		
21.3791387	72.1656533		
21.3835051	72.1683683		
21.4015111	72.1742703		
13.0774342	77.6626869		
21.4899879	70.9497928		
21.4885778	70.9509516		depot
20.7975379	70.6979575		
20.7931920	70.6974238		
20.7908976	70.6999504		depot
21.3385621	70.4329298		
21.3327129	70.4331587		
21.3273565	70.4367367		
12.9233942	77.4585642	STP-4	
12.9021245	77.4428650	STP-6	
21.5449214	70.4627735		
21.5784401	70.4743606		
21.5761354	70.4743016		
21.5734391	70.4724482		
21.5730576	70.4689908		
21.5690516	70.4692939		
21.5671333	70.4669952		
21.5489429	70.4665232		
21.5488407	70.4696292		
21.5555937	70.4630792		
21.5506493	70.4625320		
21.5619249	70.4651928		
21.5770431	70.4716780		
21.5860566	70.4789889		
21.5643196	70.4725045		
21.5585124	70.4696452		
21.4940983	70.3991192		
21.5107536	70.4536325		depot
21.4938288	70.4520875		
21.4972679	70.4561001		
25.6093039	81.1518078	Brick Kiln	
25.6089449	81.1621487	Brick Kiln	
25.6122122	81.1746951	Brick Kiln	
13.0644695	77.5659200	Doddabomasandra STP	
11.0376474	76.9472564		
21.1271198	79.0882309	shelter No 1	
21.1271739	79.0880428	shelter NO 2	
21.1265281	79.0884559	industry	
21.1257461	79.0885519	factory	
19.9012095	75.3495950		
21.1505882	79.0914976		
17.5318155	83.0345023	BARC Vizag	
22.9292753	78.4474236		warehouse
25.5479052	81.2475758		
25.5209087	81.2296609		
25.5213382	81.2300743		
25.5450076	81.2382482		
13.0229446	77.7160738		
12.9174423	77.4508019		
13.0507198	77.6869750		
17.8570564	83.1926495		
17.8548043	83.1905303		
19.8867305	75.3538500		
19.8868394	75.3540793		
26.6334860	71.4354216		
12.8867066	77.5542659		
29.3551978	79.5512065	Government Mini Industrial Estate Bhimtal	
17.4000243	78.3217664		
24.2371524	72.4602306		
24.2202657	72.4420023		
24.2102997	72.4419915		
24.2032788	72.4414873		
24.2087315	72.4390947		
24.2143618	72.4419272		
24.2753302	72.1430647		
24.2729634	72.1433168		
24.2765675	72.1476674		
24.2811396	72.1571463		
24.2903126	72.1539437		
24.2834867	72.1578813		
24.3219439	72.1438802		
24.2344963	72.1834427		
24.2359442	72.1868732		
24.2362255	72.1815142		
24.2415817	72.1836975		
24.2390405	72.1824557		
12.9077916	77.6889977		warehouse
24.4781313	72.8000343		
24.4655443	72.7828252		
24.4685080	72.7837211		
24.8452510	74.1000527		
25.3313957	74.5813144		
25.3187210	74.5744872		
25.3186191	74.5392430		
23.1018339	80.1985985	HP Gas Plant Maneri	
23.1042154	80.2072306		
13.1714317	77.5337011		poultry_farm
17.9698047	83.1538898	Mahaamaaya Industries	
12.8598646	77.5410115		
27.9727902	73.3481182		
27.5728890	73.4590638		
27.5855416	73.4482169		
27.5766786	73.4499442		
27.5682051	73.4588331		
27.5664599	73.4611666		
25.9378384	74.6487469		
25.8916789	74.6353586		
25.8389760	74.7333062		
25.9008514	74.6588132		
25.8956301	74.6558439		
25.9242251	74.6507209		
26.2668256	74.4967836		
26.2303610	74.4763183		
26.2218338	74.4812456		
24.6464662	73.6448980		
13.1305171	77.4084757		
13.0375639	77.5194566	ISRO Data Centre	
22.1435864	69.3144478		scrap_yard
23.3235899	77.7841016		
17.2112276	80.8292134	"TGSRTC Bus Depot, Sathupally"	depot
22.2031949	74.7594738		
22.1957198	74.7596401		
22.1953423	74.7584223		
22.1792685	74.7626012		
13.1764157	77.5809163	Gas Turbine Test Facilities	
15.5171294	74.9019620	Kotur-Belur Industrial Area	
20.8747067	75.1124578		
21.5426313	74.4712078		
21.5632378	74.5173411		
21.6757241	74.5869662		
21.6665760	74.5889696		
16.5092812	80.6177227	"APSRTC Bus Depot , Vijayawada"	depot
16.5125827	80.6208429	"APSRTC Bus Depot , Governorpet - 2"	depot
16.5104531	80.6196313	"APSRTC Bus Depot , Governorpet - 1"	depot
22.1313436	69.2898245		
22.1460284	72.2389845	Dholera Solar Park	
24.9046931	81.6831576		
25.2017174	81.5724418		
25.1994708	81.6016919		
25.1975347	81.6002383		
25.1998384	81.5921402		
25.1971508	81.5914992		
23.6238806	79.0672586		
9.6973194	76.3373883		
27.5242090	76.5961260		
16.5305274	80.6012981	"APSRTC Zonal Workshop, Vijayawada"	
16.5329233	80.6016062	APSRTC Scrap Yard	scrap_yard
23.5589611	80.8214538		
18.3697383	79.8867630		
18.2536297	75.7150108		
18.2562111	75.7140022		
18.2562570	75.7091796		
18.2550954	75.7126612		
18.2407591	75.6969988		
18.2430034	75.6962728		
18.2436988	75.7136428		
18.2326403	75.7009265		
18.4033614	75.2184481		
18.3921323	75.1926881		
18.4028888	75.1954829		depot
27.1518337	88.3433932		
18.6113083	74.7017259		depot
18.2714528	74.6743941		
20.3201397	76.2660813		
20.3346174	76.2598800		
20.3458844	76.2623342		depot
21.3246634	76.2332833		
21.3277990	76.2311643		
16.1412742	80.1923364		
16.1407279	80.1965260		
16.1477049	80.1984412	Vasanta Industries private limited	
16.1297621	80.1808566		
16.1216610	80.1824981		
16.1230989	80.1785767		
16.1972865	80.1045718		
22.1095851	69.2710739		
22.1052326	69.2712781		
17.7587693	83.1857907	Floating Solar Plant	
18.5269924	73.8780384		
16.4912153	80.6714693	"APSRTC Bus Depot, Auto Nagar"	depot
17.0191809	82.2332842	DEVI FISHERIES PVT LTD	
16.9175903	82.0097569	SREE MURALI MOAHANA BOILED & RAW RICE MILL PVT LTD	rice_mill
12.7953471	77.6211746		
12.7969959	77.6117081		
12.7979887	77.6133974		
12.7969949	77.6086638		
12.7983262	77.6082587		
18.9057576	76.7278189	Gangakhed Sugar Industries	sugar_refinery
29.1559665	78.8682318		
11.7937133	75.5194484	Commander Food Products	
29.1391997	78.8651566		
29.1457521	78.8656515		
24.8910831	87.7428990		mine
24.8951493	87.7336662		mine
24.8964944	87.7283624		mine
13.0286104	79.1263247		
13.0772732	79.1365599		
13.0751203	79.1391724		
13.0738872	79.1383409		
13.1110942	79.1313082		
13.0904616	79.1385823		
13.0704280	79.1405994		
13.0639901	79.1375417		
29.1374062	78.8645772		
13.1404859	79.0289712		
13.1417972	79.0276622		
13.1141140	79.3830388		
13.2937818	79.5872033		
13.2984856	79.6115257		
13.2992687	79.6087682		
13.3110408	79.6041066		
13.2850122	78.9553982		
13.1836320	79.0545434		
13.1660245	79.0465825		
13.1651365	79.0374738	Indian Oil Pol Terminal	
17.9104431	83.1956276		
22.1016480	69.2658699		
22.0976751	69.2662125		
21.1374510	79.0918264		
21.1368248	79.0916527		
21.1379436	79.0915407		
18.1609404	83.6541333		
22.0882868	69.2807701		
24.8724767	87.7479642		mine
24.8645106	87.7502368		mine
24.8678239	87.7431317		mine
24.8794901	87.7472556		mine
17.8990960	83.1757205		
13.0503935	77.6811940	Sewage Treatment Plant	
12.9903251	77.7050226	Waterscience	
22.0916410	69.2751957	Momai	
13.0620312	77.5046423	BWSSB	
32.7570898	74.9000591		
13.0420843	79.1387341		
13.1555719	79.1104189		
11.0029273	77.0358612	Vasantha Mills	factory
33.6757559	75.1232564		
29.1386854	78.8189475		
29.1202850	78.8326013		
29.1212058	78.8314037		
29.1217828	78.8328387		
29.1221935	78.8313528		
29.1212948	78.8560331		
27.0958518	88.4583440		
27.1784042	88.5293985		
27.1785378	88.5314262		
27.0243829	88.3548215		
16.4159773	73.6774826		
26.2371025	91.6411471		
26.2373238	91.6766595		
26.3477437	91.6950971		
17.2108741	80.9429895		
31.5779486	74.9940139		
31.5789735	74.9910376		
9.9117312	76.3172334	Madavana	scrap_yard
13.0640529	77.5681382		
9.7584645	76.3061409		
29.1224839	78.8131901		
18.9178263	74.5218656	Minda Industries Ltd AWTW Supa Maharashtra	
18.9205047	74.5160317	Ideal Chemi Plast	
18.9225546	74.5099710	Inoue Mfg and engineering india private ltd	
18.9230799	74.5032501	Mitsuboshi Belting India Pvt Ltd	
18.9261575	74.5099946	Boxovia Private Limited	
18.9264520	74.5080751	Carrier Midea India Pvt Ltd	
18.9268412	74.5058604	GMCC	
18.9268489	74.5040146	Toshiba India Private limited	
18.9284218	74.5012014	Amber Enterprises India limited	
18.9279463	74.4940429	KSPG Automotive	
18.9292486	74.4955644		
18.9291090	74.4977323		
18.9276076	74.4975198		
29.1138633	78.8074127		
29.1114133	78.8199386		
24.7433674	87.7226999		mine
24.7437571	87.7239766		mine
24.7306937	87.7115782		mine
24.8649450	87.6939842		mine
24.8621853	87.6918170		mine
29.1051223	78.8254117		
29.1050825	78.8285002		
29.1058839	78.8271242		
29.1074974	78.8422412		
29.1188017	78.8559432		
29.1185018	78.8527635		
29.1186810	78.8498386		
27.1780868	71.8542416		
26.9211966	71.5808815		
9.5757294	77.7070110		
17.6758933	76.3682645		
10.9921383	77.7033462		
10.9840081	77.6452230		
15.2613299	73.9787310		
15.2645075	74.0036381		
15.2602146	74.0096408		
29.0745043	78.7836778		
29.0745917	78.7817104		
31.4020872	75.4010686		
31.1615473	76.7588381		
25.8219427	71.4714247		
28.8475586	75.6392963		
29.4567985	74.7734167		
25.4217879	75.0535470		
20.6237792	86.0203699		
20.6228486	86.0260535		
20.5969227	86.0111166		
20.5219298	83.4797689		
20.5568652	83.5059968		
20.1181277	83.2256226		
21.9772568	80.4728134		
22.2626232	70.2597799		
17.5555761	79.5226637		
18.3761826	74.4665749		
17.0626053	79.0879221		
16.8225405	79.0521301		
16.8057903	79.0509194		
16.8132986	79.0533192		
28.7093586	77.2483345		
15.5468829	79.7503379		
16.7288372	78.4889400		
16.8370832	78.8310728		
16.2554139	76.1607603	Muddebihal	
17.2713951	82.0822115		
16.9606488	76.5821279		
13.1903768	79.0901879		
14.4410533	78.8764370		
15.7878405	75.4943414		
16.2698816	75.3444592		
12.3643035	77.6037611		
12.7516264	77.6093020		
12.7501103	76.1841451		
10.9026766	77.8722828		
10.9024192	77.8849975		
10.6071459	76.7178831		
8.8937942	77.5648805		
8.9050703	77.5476881		
13.8745794	76.7434741		
13.6704352	76.6243415		
14.6113847	76.5215376		
17.7523468	83.3476066	DayalNagar Soap Unit	
23.2625613	77.4585890		
23.2628936	77.4576491		
23.2626366	77.4577311		
23.2634622	77.4581016		
23.2635414	77.4578011		
23.2634044	77.4577858		
23.2632774	77.4577778		
23.2631024	77.4577618		
23.2635323	77.4583808		
23.2652582	77.4555323		
23.2652817	77.4558706		
23.2653252	77.4562145		
23.2653630	77.4564838		
23.2653941	77.4567503		
23.2654287	77.4570227		
23.2646436	77.4551267		
23.2646458	77.4555203		
23.2646682	77.4558349		
23.2646884	77.4561266		
23.2647084	77.4564156		
23.2647241	77.4567192		
23.2647477	77.4571360		
23.2643198	77.4571347		
23.2643184	77.4567696		
23.2642991	77.4564614		
23.2642988	77.4561470		
23.2642853	77.4558673		
23.2642641	77.4555412		
23.2642392	77.4551508		
23.2639364	77.4551532		
23.2639562	77.4555429		
23.2639671	77.4560036		
23.2639974	77.4566324		
23.2636280	77.4571448		
23.2634781	77.4566377		
23.2634661	77.4558099		
23.2634308	77.4551481		
23.2664384	77.4531191		
23.2659144	77.4531530		
23.2654592	77.4531926		
23.2650468	77.4531241		
23.2646551	77.4531205		
23.2643171	77.4531308		
23.2635660	77.4531606		
23.2657967	77.4543596		
23.2639420	77.4542340		
23.2654777	77.4573656		
23.2611584	77.4592076		
23.2608507	77.4584643		
23.2603225	77.4589933		
23.2611670	77.4557560		
23.2606302	77.4556876		
23.2598974	77.4556412		
16.6376465	78.7814922		
15.3700950	75.5159345		
13.8277938	76.7646241		
17.5193798	76.5031381		
21.1689960	72.6843657	Kawas solar farm	
14.8652365	76.9109185		
25.6755287	74.6090009		
25.2303664	74.6176573		
24.7210805	74.6106456		
25.0272052	74.6496450		
25.2094919	74.6038742		
22.9907246	71.3681936		
21.9224926	72.1040017		
22.4043444	72.1963928		
23.3737216	76.0935616		
22.7210208	75.8115844		
12.9659605	77.4721541		
12.9197751	77.4720347	"Composite Technology Park, RV TIFAC"	
15.5027190	73.9382109		
15.5038510	73.9381330		
15.5237206	73.9229317	Aquarius	
15.5088819	73.9428483		
15.0842037	75.4698209		
15.5040009	73.9403996		
20.6237040	86.0121463	Solar Plant - Kapilas Cement Works	
18.4721583	83.6595448		
15.1100510	77.6845334		
17.1655292	78.4725576		
17.1647330	78.4727243		
8.8742125	77.6309491		
10.1406990	77.6832315		
26.4606281	71.0718212		
25.5073895	74.5849383		
29.0793954	78.8060541		
29.0865869	78.8011498		
29.0852895	78.8026645		
29.0880407	78.8007963		
29.0856376	78.8049666		
14.1115371	78.7868182	Rohukurupalli	
10.4955067	77.9212985		
10.4976640	77.9152528		
10.1187915	77.7231967		
10.1259831	77.7177113		
26.8190258	94.5560234		
15.0486088	78.0855479		
9.6038960	78.0292621		
22.9060690	70.3843108		
22.9506875	70.5630398		
22.9355166	70.6714493		
22.9339430	70.6794101		
24.7174989	75.9522984		
11.4575917	77.3200025	Saravana Polythreads Pvt. Ltd.	textile
23.1521834	70.0422835		
23.1503831	70.0387860		
23.1522131	70.0379759		
23.1913803	70.1665288		
23.1671325	70.1521254		
23.1844818	70.1891505		
23.1835645	70.1844835		
23.1883576	70.2004480		
23.1919671	70.1974118		
23.2000437	70.2270663		
23.1791165	70.2112734		
23.1834757	70.2195454		
23.1930617	70.2271413		
23.1888604	70.2127540		
23.1437633	70.1753640		
23.1450952	70.1983559		
23.1114209	70.1613092		
23.1225015	70.1753426		
23.1272624	70.1734650		
23.1210760	70.1616526		
23.1125853	70.1585626		
23.0966135	70.1753157		
23.0901294	70.1714158		
23.0902282	70.1750100		
23.1024409	70.1764852		
23.1042370	70.1806212		
23.1007139	70.1821926		
23.1006449	70.1873159		
23.0089641	70.0888842		
23.0437504	70.0682795		
23.2155201	70.3615200		
23.2236051	70.3682148		
23.2135061	70.4225886		
23.2060294	70.4277331		
23.2152045	70.4188469		
23.2187911	70.4017478		
13.1513398	77.6146246		
23.0582909	70.1558402		
23.0610758	70.1555585		
23.0489013	70.1525008		
23.1754573	70.1573771		
23.1774250	70.1512939		
23.1718671	70.1475442		
23.1593599	70.1468146		
23.1563019	70.1402270		
23.1575744	70.1304853		
23.1661164	70.1302707		
23.0969836	70.0587309		
23.0999342	70.0711226		
23.1017403	70.1414180		
23.1000437	70.1483832		
23.1051597	70.1521281		
23.0990905	70.1502397		
23.0921552	70.1468736		
23.0890216	70.1472287		
23.0952119	70.1388376		
23.1099381	70.1474315		
23.1008617	70.1585573		
23.0332059	70.1767978		
23.1261836	70.1870464		
28.9343367	75.8719337		
28.8503673	75.8841016		
23.2625145	70.0536445		
22.5987156	71.8681657		
22.2617057	71.8441898		
21.8199292	71.8399851		
23.1284911	70.0273811		
23.1267546	70.0282663		
23.1291374	70.0341564		
23.1328220	70.0383675		
23.1137497	70.0219176		
23.1078092	70.0316727		
23.1094696	70.0347730		depot
23.1151040	70.0419510		
23.1155629	70.0394779		
23.1208615	70.0334014		
23.1198207	70.0339700		
23.1187944	70.0342691		
23.1211526	70.0320536		
23.1266239	70.0307259		
22.2763234	69.9957327		
21.9178448	69.9066842		
21.6028655	70.2774799		
22.1865316	70.2460674		
22.0426054	70.5789130		
29.0684361	78.7832882		
29.0689214	78.7892595		
22.4096978	71.3374096		
22.8530292	71.0159798		
22.8165755	69.6966755		
22.8237795	69.6997643		
22.8199251	69.6968614		
22.8289898	69.6932703		
22.8498687	69.6990037		
22.8203827	69.7053024		
22.8181626	69.7000817		
22.8049351	69.6874970		
22.8065077	69.6577405		
22.8479296	69.7736784		
22.8441667	69.7682274		
22.7647888	69.7047806		port
22.7246876	70.2788061	Jodiya Harbour	port
22.7058889	70.4585194		
22.3113052	71.6572173		
22.8468625	71.8103698		
15.6406604	73.8051477		
23.1657012	70.1812058		
23.1654361	70.1769036		
23.1719460	70.1761848		
23.1629405	70.2013117		
23.1679612	70.2103131		
23.2130254	70.2592957		
23.2219536	70.2655774		
23.2251876	70.2661085		
23.2376097	70.2785540		
23.1974305	70.2880972		
23.1886563	70.2960839		
23.2087559	70.2712154		
23.2122267	70.2687854		
23.2149481	70.2676535		
23.2491781	70.2885479		
23.2182464	70.3237009		
23.2666695	70.2550899		
23.2647573	70.2663338		
23.2600259	70.2555191		
23.2670834	70.2799916		
23.2690645	70.2867937		
23.2645897	70.2928233		
23.2579462	70.2873623		
23.2766288	70.3268283		
23.2715827	70.3264099		
23.2595529	70.3099841		
23.2606027	70.3044534		
23.2489711	70.2996093		
23.2545308	70.2997005		
23.2524607	70.2961868		
23.2506667	70.2942126		
23.1786283	70.1825952		
23.1747718	70.1760345		
22.6171058	70.9492188		
22.6193020	70.9602454		
22.6200238	70.9665990		
22.6194629	70.9767652		
22.6186111	70.9799409		
22.6189726	70.9828323		
22.6243205	70.9595829		
22.6241323	70.9562301		
22.6304653	70.9573674		
22.6310892	70.9545672		
22.6331242	70.9552807		
22.6358672	70.9591645		
22.6356444	70.9653980		
22.6341144	70.9669268		
22.6347383	70.9616214		
22.6296186	70.9617448		
22.7946194	70.8421451		
22.7903018	70.8456212		
22.8361647	70.8322102		
19.4721531	78.2172200		
18.5740055	77.2579329		
18.5594864	77.2640233		
18.5599874	77.2524543		
18.1560730	74.7787866		
16.5171618	76.3098599		
15.4727236	76.4549243		
14.9552375	76.4739928		
29.0649113	78.7731864		
14.5122533	76.4741225		
13.0926986	79.3207662		
9.1753823	78.0001532		
10.1834223	77.8088200		
23.2384325	68.6075031	Jakhau Port	port
23.2223481	68.6170770		port
24.2332048	72.2434468		
16.5605476	75.4573865		
16.1589451	75.7557545		
15.1918335	75.8844103		
14.8642068	76.8277145		
15.2888251	76.5918822		
14.1590517	76.7784642		
14.1467915	77.2200501		
13.6867366	76.7935593		
13.6111719	76.7696597		
23.8032702	69.4558239		
23.9261505	69.1577113		
23.8744772	69.1607602		
23.8234106	69.2375129		
12.2162232	76.9823390		
12.2240299	76.9816322		
13.1214495	78.3441798		
13.3195981	79.0387143		
13.4496711	79.0635585		
22.7757067	78.3536444		
12.5982666	79.8590477		
12.9188771	79.8764424		
11.3880938	77.1980312		
10.8960931	77.7812876		
10.8860938	78.3528193		
10.8827968	77.7310480		
10.9678453	77.6144170		
10.9329265	77.5218248		
10.9447369	77.5394423		
10.9361782	77.5496864		
10.7133026	77.7708942		
29.0530572	78.7393771		
29.0533632	78.7432180		
29.0601309	78.7433119		
29.0579340	78.7422189		
29.0632029	78.7410871		
29.0717712	78.7357146		
10.4925329	77.9522613		
9.1065197	78.3288902		
29.0652149	78.7975918		
29.0628318	78.7870373		
29.0648398	78.7888062		
29.0652009	78.7809004		
29.0634976	78.7812785		
13.9575419	78.8478800		
13.9544530	78.8423353		
15.0226463	79.5436617		
20.8409091	77.7197479		
20.5786930	78.3313079		
20.0311412	75.0304755		
19.4646754	75.5834909		
18.4787930	75.6926481		
27.1222485	88.3180484		
29.0833206	78.8153225		
23.1889199	79.9690836		
23.4826381	87.3587195		
13.0602878	77.5521318		
21.2338244	81.4658942		
31.6030809	76.7029576		
12.9396392	77.5227512		
12.9369891	77.5146965		
12.9387707	77.5218413		
12.8169706	77.4093401		
26.3623121	89.8971371	Mornoi Tea Factory	
20.7326677	83.4683015		
11.2497710	76.8754136		
18.4561802	74.0931039		petroleum_terminal
29.0807086	78.8271102		
29.0806758	78.8208827		
13.0420409	77.6736102		
13.0273993	77.6778299		
13.0252055	77.6775160		
13.0255635	77.6765773		
13.0371743	77.6726666		
13.0381588	77.6725003		
23.7591946	72.7882060		
23.7666346	72.7870306		
23.6136190	72.9088274		
23.7068404	72.4686196		
22.5956146	71.8809421		
25.9128295	93.8204515		brickyard
25.9292393	93.8196516		brickyard
24.8429010	92.7015894		brickyard
26.4875073	92.0222987		brickyard
26.4496339	91.9905618		brickyard
25.9758763	92.7830547		brickyard
24.8159597	92.3568963		brickyard
24.8293538	92.7118782		brickyard
26.1273832	92.0023046		brickyard
24.7417936	92.3892499		brickyard
26.0550926	91.8805249		brickyard
24.8559288	92.6051221		brickyard
23.8167848	91.4122842		brickyard
23.8191447	91.4147272		brickyard
24.6471427	92.9353049		brickyard
24.8372655	92.3644448		brickyard
24.8231096	92.7051023		brickyard
23.8195155	91.4184413		brickyard
23.8498145	91.6179407		brickyard
24.7461839	92.3746121		brickyard
25.9377718	92.8264671		brickyard
24.8341067	92.3636565		brickyard
23.8175733	91.4214407		brickyard
24.8558531	92.6148860		brickyard
24.8539929	92.6052209		brickyard
24.7755389	92.3710318		brickyard
24.7784239	92.3722507		brickyard
23.8143429	91.4381010		brickyard
25.9623645	92.8064778		brickyard
24.8368015	92.3747432		brickyard
23.8127816	91.4416863		brickyard
24.7945486	92.4358607		brickyard
24.8329577	92.3693508		brickyard
24.8341772	92.3771252		brickyard
24.8301680	92.3822764		brickyard
26.4169098	91.9777804		
26.4267921	91.9763587		brickyard
24.8095961	92.3553924		brickyard
24.8367604	92.3669120		brickyard
26.4845187	92.0284716		brickyard
24.7459854	92.3775892		brickyard
26.1010999	90.7341565		
26.4992886	92.0244321		brickyard
24.8230830	92.3672493		brickyard
24.8185494	92.5999963		brickyard
26.0558869	91.8820991		brickyard
24.8985397	92.8550159		
26.2090883	92.0035396		brickyard
25.9274505	92.8935550		brickyard
24.8397775	92.9338930		brickyard
23.8140709	91.4116022		brickyard
23.8133490	91.4370139		brickyard
26.4348966	91.9778943		brickyard
24.8653380	92.7315221		brickyard
24.7696992	92.3707561		brickyard
26.4831615	92.0200856		brickyard
24.8265221	92.7028318		brickyard
23.8504762	91.6224176		brickyard
24.8396074	92.7123235		brickyard
24.8252030	92.3718801		brickyard
24.8287814	92.9361603		brickyard
26.2561047	90.6079713		brickyard
24.4554987	92.5751584		brickyard
24.8811902	92.7320014		brickyard
26.5062006	92.0301793		brickyard
25.9178894	92.8931282		brickyard
24.8609739	92.7317874		brickyard
24.8372959	92.3799757		brickyard
24.7997150	92.4307496		brickyard
24.8240134	92.3642341		
26.4839674	92.0172326		brickyard
26.0442616	93.1863771		brickyard
24.8492015	92.6074546		brickyard
23.8139325	91.4404080		brickyard
24.8282883	92.3846188		brickyard
24.8526791	92.8818624		brickyard
24.3035091	92.1793068		brickyard
23.8227749	91.4333879		brickyard
24.8358981	92.3744037		brickyard
24.8431741	92.8550462		brickyard
23.8165234	91.4103434		brickyard
24.8705707	92.7364604		brickyard
26.4776306	92.0132937		brickyard
24.8265641	92.3695023		brickyard
24.8584059	92.7303969		brickyard
24.8133981	92.3561988		brickyard
24.8325347	92.3791986		brickyard
24.8299899	92.3663292		brickyard
26.2095404	91.9997979		brickyard
24.8388769	92.7100290		brickyard
24.7771860	92.3726866		brickyard
24.8632342	92.7326225		brickyard
25.9446606	92.9152580		brickyard
26.4829205	92.0165140		brickyard
23.8192787	91.4253626		brickyard
24.7821596	92.3718540		brickyard
24.8228865	92.3656721		brickyard
25.9565496	92.7732164		brickyard
24.7755354	92.3732926		brickyard
24.8236696	92.3691697		brickyard
23.8220561	91.4296684		brickyard
25.9224053	92.9119456		brickyard
24.8168131	92.3930910		brickyard
24.8287542	92.3825010		brickyard
21.0258076	72.9870562		
21.8730026	72.6803596		
23.6446192	72.7367158		
23.9739041	72.9087602		
23.3295830	72.9412775		
23.1629056	73.8144956		
24.2855598	73.0478219		
22.8586804	71.8072294		
22.8562919	71.8016722		
21.9136551	70.3979111		
22.2541581	70.2034928		
22.0251279	70.1104592		
22.0297181	70.1160973		
29.0724238	78.8401169		
31.8998700	76.2210759	"Central Warehousing Corporation, Dehra"	warehouse
23.2825024	69.8061343		
25.9591720	93.7960801		brickyard
25.9483508	93.8021951		brickyard
25.9524038	93.8053237		brickyard
25.9029503	93.4422229		brickyard
25.9166604	93.8256292		brickyard
25.9309676	93.8259724		brickyard
25.9388402	93.8329454		brickyard
25.9352488	93.8273444		brickyard
25.9328147	93.8284917		brickyard
25.9175540	93.8169856		brickyard
25.9215992	93.8163679		brickyard
25.9243656	93.8141629		brickyard
25.9337034	93.7981802		brickyard
25.9343798	93.8022445		brickyard
25.9333631	93.8054610		brickyard
25.9323572	93.8097286		brickyard
25.9310753	93.8116288		brickyard
25.9309691	93.8154768		brickyard
25.9338462	93.8230725		brickyard
25.9321622	93.8215793		brickyard
25.9356078	93.8182734		brickyard
26.1683250	92.1828045		brickyard
26.1677941	92.1806964		brickyard
26.2027356	92.3533233		brickyard
23.8144371	91.4318624		brickyard
27.1224085	94.7547801		brickyard
27.1239382	94.7746848		brickyard
27.1347389	94.7784864		brickyard
27.1283417	94.7782276		brickyard
27.1291262	94.7747289		brickyard
27.1307111	94.7696000		brickyard
27.1315420	94.7727439		brickyard
23.8139120	91.4522257		brickyard
23.8282399	91.4645465		brickyard
23.8259316	91.4493968		brickyard
23.8265018	91.4478618		brickyard
23.8275252	91.4543212		brickyard
23.8198060	91.4693607		brickyard
23.8209547	91.4727387		brickyard
23.8259464	91.4618683		brickyard
23.8243364	91.4574656		brickyard
23.8249411	91.4544858		brickyard
23.8233823	91.4522056		brickyard
23.8196935	91.4609215		brickyard
23.8169848	91.4619950		brickyard
23.8174087	91.4598338		brickyard
23.8184463	91.4573927		brickyard
24.3560487	92.1990323		brickyard
24.3054827	92.1772242		brickyard
26.1277180	91.9978071		brickyard
26.4070485	92.2569314		brickyard
26.3134661	92.6499528		brickyard
26.3125972	92.6516251		brickyard
26.4171711	91.8161097		brickyard
26.4212804	91.8173200		brickyard
26.4212024	91.8131948		brickyard
26.4229964	91.8098751		brickyard
26.4217308	91.8033487		brickyard
26.2730346	91.8354130		brickyard
26.2768576	91.8389342		brickyard
26.2755527	91.8377971		brickyard
26.2687882	91.8378429		brickyard
26.2689129	91.8362712		brickyard
26.2671261	91.8363905		brickyard
26.2221057	91.9008443		brickyard
26.2337278	91.9345076		brickyard
26.2348938	91.9320850		brickyard
27.5461873	95.3186596		brickyard
27.5449800	95.3213803		brickyard
26.1897874	92.0811130		brickyard
26.1885490	92.0821943		brickyard
26.1870813	92.0842229		brickyard
26.1865732	92.0819642		brickyard
23.8341792	91.4622318		brickyard
23.8286383	91.4576557		brickyard
23.8309300	91.4592011		brickyard
23.8295067	91.4594046		brickyard
23.8304711	91.4627165		brickyard
23.8324784	91.4649755		brickyard
23.8332912	91.4673058		brickyard
23.8315025	91.4671496		brickyard
23.8343843	91.4704951		brickyard
23.8356306	91.4693382		brickyard
23.8364389	91.4676900		brickyard
23.8365631	91.4655238		brickyard
23.8364807	91.4635168		brickyard
23.8397424	91.4662524		brickyard
26.0734741	91.9245862		brickyard
26.0846781	91.9435276		brickyard
26.0863893	91.9400987		brickyard
26.0835211	91.9265929		brickyard
26.0832956	91.9304184		brickyard
26.0842135	91.9315754		brickyard
26.0858383	91.9338030		brickyard
26.0876601	91.9342321		brickyard
26.1082447	91.9698518		brickyard
26.1050435	91.9673365		brickyard
26.1000174	91.9672479		brickyard
26.1014951	91.9665858		brickyard
26.1018647	91.9687555		brickyard
26.1345595	92.0014777		brickyard
26.4121906	91.8138026		brickyard
26.3285724	91.8592270		brickyard
26.3357170	91.8338470		brickyard
26.3383410	91.8388398		brickyard
26.3387064	91.8361941		brickyard
26.2511158	91.7694493		brickyard
26.2103501	91.8592255		brickyard
26.2096026	91.8476974		brickyard
26.2070415	91.8453344		brickyard
26.2578721	91.7881804		brickyard
26.2032845	92.0389682		brickyard
26.2053047	92.0386516		brickyard
26.2060591	92.0434168		brickyard
26.2107385	92.0290925		brickyard
26.2104027	91.9946981		brickyard
26.1733488	91.9871065		brickyard
26.1763854	91.9884368		brickyard
26.1781521	91.9890685		brickyard
26.1795724	91.9896533		brickyard
26.1834729	91.9916769		brickyard
26.1840730	91.9939866		brickyard
26.1879275	92.0067027		brickyard
26.2045307	92.0241345		brickyard
26.2035358	92.0226760		brickyard
26.2029726	92.0205483		brickyard
26.2047716	92.0188450		brickyard
26.2074804	92.0065321		brickyard
26.2109898	92.0078374		brickyard
26.2108811	92.0064639		brickyard
26.2107708	91.8443017		brickyard
26.2050692	91.8398788		brickyard
26.0489406	93.2206975		brickyard
26.0502709	93.2159889		brickyard
26.2367840	91.9343662		brickyard
26.2689206	91.7830472		brickyard
26.2680262	91.7806944		brickyard
24.7964581	92.3883184		brickyard
24.7679694	92.4011718		brickyard
24.7622148	92.3924387		brickyard
24.7616055	92.3938170		brickyard
24.8233601	92.5061513		brickyard
24.8368938	92.5481602		brickyard
23.1126706	69.4217558		
26.8289308	73.3997514		
26.9634820	77.7398558		
27.0386208	72.4606523		
27.9267883	79.3630385		
29.0544581	78.8279973		
27.4596614	80.4187428		
27.4471609	80.5105861		
27.3808585	80.9162274		
25.1934286	81.6544614		
24.8295111	82.7194577		
9.9958308	76.4209690		manufacturing
13.8431184	79.8639156	Amman TRY Spong &Power (P) LTD	
21.9266021	81.6357431		
12.9915578	77.7066515		
12.9927109	77.7053355		
23.4680735	87.4601294	Wacker Metroark Chemicals	
23.4650664	87.4567797	Ooms Polymer Modified Bitumen	
23.4650614	87.4577262	Chemisol India	
23.4680663	87.4661148	Ashirvad Pipes	factory
23.4704653	87.4665931	Alcograin Distillers	
23.4640839	87.4663217	Suguna Foods	
23.4625474	87.4673102	Satvik Enterprises	
15.3708741	73.9590620		
15.3598537	73.9660267		
15.3298648	74.0084610		
17.0843597	82.0868363	Mushroom factory	
25.2918767	87.4315589		brickyard
25.2760891	87.4062026		brickyard
25.2804397	87.3978000		brickyard
25.2581270	87.4734409		brickyard
20.8071469	78.0239908		
17.6334337	74.8361039		
19.5146205	76.0471940		
9.8346495	77.7802037		
8.7367191	77.6169120		
8.6610850	77.9439765		
8.7612953	77.6824501		
8.9269186	77.6741901		
8.9378507	77.6615084		
9.3523762	77.5499593		
9.3780880	78.0202276		
9.4984940	77.9691958		
9.5632826	78.0597919		
9.5796728	78.2843960		
9.6322742	77.6883444		
20.2342321	72.8866293		
20.2225272	72.8531570		
20.2208618	72.8568498		
20.2187641	72.8481951		
9.6219138	78.0378114		
9.7222222	77.9740661		
9.8604092	77.7330764		
10.0780903	77.8117449		
10.4158780	77.8638826		
10.4446207	78.0314034		
10.4499421	78.0354833		
10.4411513	78.0489213		
10.4504364	78.0617487		
10.5017166	77.2544137		
10.4913471	77.2825835		
10.4973644	77.4006273		
10.5375199	78.2361114		
10.5340208	77.4274894		
10.5950007	78.0090995		
10.6209972	77.6575994		
10.6143546	77.5803120		
10.7352937	78.6597399		
10.7262318	77.9541952		
10.7555849	77.8743387		
10.7681766	77.3237197		
10.7787351	78.3729259		
10.7284916	78.0809750		
10.7901205	77.2757199		
10.8281108	77.8009905		
10.8266028	77.6915735		
10.8458678	78.3452140		
11.0414433	78.2258513		
11.0617221	77.2844572		
11.0540589	77.2857203		
11.0705494	77.5955900		
11.1734307	77.5507839		
11.2221002	78.0443584		
11.3110903	77.9775549		
11.5220422	79.1929219		
11.5622296	78.9784345		
12.5821739	79.2886845		
20.2106987	72.8479603		
20.2128628	72.8439833		
17.2256099	78.6422482		
13.2876560	78.9832057		
13.2898474	78.9667962		
23.5759093	87.0961923		brickyard
23.5789288	87.0972893		brickyard
23.5783246	87.0925572		brickyard
23.5819973	87.0934249		brickyard
13.6229492	79.5000853		
14.2799999	78.4870435		
12.9172014	77.4357102		concrete_plant
29.0762220	78.8121796		
12.9177497	77.4446571	7STP-6	
12.9035941	77.4509927		
12.9074490	77.4565021	STP-5	
12.9711495	77.4529931		
12.9695760	77.4569929	5MLD STP	
16.5794846	80.6446442		
30.8402478	76.8697111		brickyard
12.4194414	76.9392124		
30.8486813	76.8630700		brickyard
30.8598225	76.9063031		
30.8682423	76.9029478		
30.8638586	76.9027546		brickyard
30.8635846	76.9053081		brickyard
30.8609254	76.9087990		brickyard
30.8367662	76.8963186		brickyard
30.8389839	76.8951572		brickyard
30.8468437	76.8957836		brickyard
30.8428563	76.8962060		brickyard
30.8408206	76.8948555		brickyard
30.8431488	76.8996593		brickyard
30.8435864	76.8941541		brickyard
30.8303095	76.8834360		brickyard
30.8136733	76.8960933		brickyard
30.8584249	76.8609430		brickyard
30.8613329	76.8606976		brickyard
30.8616592	76.8818876		brickyard
30.8558910	76.8853846		brickyard
30.8549953	76.8830283		brickyard
30.8532648	76.8781748		brickyard
30.8523450	76.8771623		brickyard
30.8534295	76.8747886		brickyard
30.8510727	76.8851405		
30.8524629	76.8834400		brickyard
30.8529148	76.8809737		brickyard
30.8514587	76.8803125		brickyard
30.8499835	76.8752700		brickyard
30.9444908	76.7932011		brickyard
30.9471558	76.7797163		brickyard
30.9540394	76.7780587		
30.9536001	76.7764950		brickyard
30.9590641	76.7745343		brickyard
30.9672326	76.7714149		
30.9684733	76.7662435		
30.9713975	76.7640522		brickyard
30.9677638	76.7674894		brickyard
30.9801639	76.7842304		brickyard
30.9703374	76.7982490		brickyard
30.9716391	76.7997672		brickyard
30.9715194	76.7928551		brickyard
30.8808809	76.8624483		brickyard
30.8796516	76.8619113		brickyard
30.8760881	76.8669699		
30.8771598	76.8663906		brickyard
30.8724818	76.8533309		brickyard
12.9944389	77.8283018		
13.5739084	77.3431647		
13.5342574	76.3188387		
14.3995402	76.6146554		
14.1538464	76.6729380		
28.4353047	77.5912420		
29.0586174	78.7896390		
29.0610487	78.7854038		
29.0611279	78.7877360		
29.0604662	78.7898832		
29.0605523	78.7923052		
29.0610229	78.7954487		
16.2683684	75.5584791		
16.2707562	75.5531788		
15.7161860	74.9673145		
29.9090418	77.9439801		brickyard
29.9086651	77.9369246		brickyard
29.9084966	77.9402773		brickyard
29.9092928	77.9416466		brickyard
29.9123978	77.9390851		brickyard
29.9129639	77.9292602		brickyard
29.9138566	77.9309901		brickyard
29.9162338	77.9326397		brickyard
17.0789260	74.7875836		
16.9044847	74.4903216		
16.8139547	74.4444574		
14.6133969	79.9829554	Krebs Bio Chemicals	
18.4599871	73.7675328		
18.4593049	73.7677504		
13.7190582	79.6288364		
18.4601298	73.7673920		factory
23.4943674	72.0120546	Suzuki Motor Gujarat	factory
13.9380679	79.7874525	Natco Pharma limited	
13.9413576	79.7869927	ALLEGRO SPECIALITY CHEMICALS PRIVATE LIMITED	
18.7661525	74.4937032		
18.7023970	76.8606727		
18.4974805	75.0172972		
19.6440428	75.9738787		
19.6070937	76.2382248		
19.5910121	77.8615033		
19.5295556	77.3089297		
19.2873580	74.6340862		
19.0246190	77.1938759		
29.9366919	77.5838326		brickyard
29.9026467	77.6427010		brickyard
29.9048845	77.6465257		brickyard
29.9051659	77.6481834		brickyard
29.9065958	77.6488905		brickyard
29.9069097	77.6464400		brickyard
29.9100950	77.6494521		brickyard
29.9093858	77.6473559		brickyard
29.9473460	77.5862074		brickyard
29.9472095	77.5868379		brickyard
29.9482740	77.5847693		brickyard
29.9485959	77.5800110		brickyard
29.9459577	77.5785733		brickyard
29.9420714	77.5820998		brickyard
29.9396850	77.5855122		brickyard
29.9369645	77.5874850		brickyard
29.9237520	77.5807875		brickyard
20.4061094	73.8276260		
20.1743706	74.7556677		
12.8721600	79.8197263		
12.8726759	79.8127536		
12.8687180	79.8174067		
12.8805164	79.8127231		
12.8821892	79.8064119	Myunghwa Automotive India	
12.8849281	79.8023420	Fritzmeier Motherson Cabin Engineering	
12.8865840	79.8003197		
28.2933790	80.3050228		brickyard
28.2890916	80.3074421		brickyard
28.2659647	80.3440110		brickyard
28.2714287	80.3403957		brickyard
28.2994839	80.3458104		brickyard
28.4032938	80.2587949		brickyard
12.8948419	79.7992687		
12.9847848	79.8531843	Jaya Hind Industries	
12.9868876	79.8525698		
12.9990240	79.8562479	SafeExpress	
13.0032425	79.8543385	Ascentrade	
21.2624589	79.0958940		
21.1604808	79.3774970		
21.0101281	75.5045104		
28.3764950	80.2993056		brickyard
21.5142748	81.2359101		
26.4173552	90.2027181		
26.4174242	90.2030216		
26.4342921	90.2148303		
26.3943962	90.3949117		
23.6848703	80.6515533		
16.3086828	80.3110420		
12.8994324	77.5673195		
12.9019963	77.5660947		
12.9008852	77.5663831		
12.9014266	77.5672330		
28.5298839	77.4191804		
27.4481642	96.0980517		
26.4081864	90.2443363		
21.1642634	72.9291767	Surat HSR depot	depot
15.5807502	79.7769742		
21.7956353	72.6479683		
23.1038012	70.0905107		
23.0068211	71.4217791		
26.7245380	83.0253110		brickyard
25.9837943	83.6024642		brickyard
26.2481737	83.5148866		brickyard
25.0258429	73.8956039		
24.9210013	74.6293275		
25.9312908	83.7385212		brickyard
25.7802001	84.0250025		brickyard
25.7851845	84.0283098		brickyard
25.7919992	84.0249168		brickyard
26.0042222	83.5741514		brickyard
26.0024648	83.5757621		brickyard
25.9951078	83.5870850		brickyard
25.9948672	83.5782967		brickyard
25.9870227	83.5873827		brickyard
25.9897700	83.5818802		brickyard
25.9881800	83.5831616		brickyard
25.9613268	83.6634796		brickyard
25.9639325	83.6073303		brickyard
25.9675521	83.6114032		brickyard
25.9703939	83.6094748		brickyard
25.9720879	83.6151610		brickyard
25.9626327	83.6343670		brickyard
25.9498642	83.6500351		brickyard
25.9550724	83.6355901		brickyard
25.9570402	83.6228469		brickyard
25.9675617	83.6364337		brickyard
25.9688506	83.6360367		brickyard
25.9714392	83.6394846		brickyard
25.9697609	83.6427563		brickyard
25.9847949	83.6607425		brickyard
25.9413877	83.6359092		brickyard
26.2610752	71.2397418		
26.2029600	70.7893298		
26.2072195	70.7967731		
26.0255194	75.6913934		
26.4492087	89.9856335		
26.4780615	90.0151066		
27.6721305	76.1409451		
27.0907124	84.4395675		brickyard
27.0948274	84.4259151		brickyard
27.0969060	84.4297734		brickyard
27.0954232	84.4326420		brickyard
27.0962111	84.4329370		brickyard
27.1143237	84.4466190		brickyard
27.1178117	84.4412546		brickyard
27.1277175	84.4348321		brickyard
27.1089351	84.4964826		brickyard
27.0993045	84.4957048		brickyard
27.0810762	84.4790361		brickyard
27.0955843	84.4811753		brickyard
27.1501401	84.4829146		brickyard
27.1381853	84.4785313		brickyard
27.1762949	84.4661615		brickyard
27.1783172	84.4730280		brickyard
27.1760826	84.4907467		brickyard
27.1919467	84.5144829		brickyard
27.2648845	84.4934626		brickyard
27.2387678	84.4803122		brickyard
27.2278075	84.4713584		brickyard
27.2180846	84.4521752		brickyard
18.9210021	74.5073982	Supa-Parner Industial Area	
12.9908657	77.7865498		
26.4309594	90.2435263		
20.7560468	83.1388154		
18.8574446	82.5520451		
26.4744455	84.2515801		brickyard
21.1571116	83.5116690		
21.1572062	83.5062222		
21.1715678	83.5058054		
25.7542442	85.2252251		brickyard
25.7605220	85.2224862		brickyard
25.7671474	85.2218183		brickyard
25.7640205	85.2196249		brickyard
25.8182607	85.1951471		brickyard
25.8363413	85.2009340		brickyard
25.8384572	85.1977166		brickyard
25.8452949	85.1948253		brickyard
21.5006080	81.7993890		
26.1519229	85.0116505		brickyard
26.0534359	85.0576812		brickyard
26.0548070	85.0605458		brickyard
26.0678171	85.0636076		brickyard
26.0727164	85.0711727		brickyard
26.0885610	85.0548247		brickyard
26.3275507	84.8709539		brickyard
26.3306145	84.8719878		brickyard
26.3322781	84.8696851		brickyard
26.3328069	84.8672444		brickyard
26.3329091	84.8645675		brickyard
26.3358298	84.8615943		brickyard
26.3348766	84.8644159		brickyard
26.3920619	84.8504081		brickyard
26.3910264	84.8482865		brickyard
26.3885510	84.8505301		brickyard
26.3893823	84.8595779		brickyard
26.3883353	84.8619624		brickyard
26.3815324	84.8714943		brickyard
25.8012760	84.8321423		brickyard
25.8330370	84.8051097		brickyard
25.8644187	84.7742722		brickyard
25.8578351	84.7818295		brickyard
25.8605101	84.7904674		brickyard
25.8555909	84.8291871		brickyard
25.8427795	84.8088440		brickyard
25.8428840	84.8078931		brickyard
25.8410372	84.8073452		brickyard
25.8439322	84.7982506		brickyard
25.7897200	84.7806385		brickyard
25.7937139	84.7829841		brickyard
25.8075979	84.7974452		brickyard
25.8132964	84.8007524		brickyard
25.8134087	84.8102574		brickyard
25.8191565	84.8235230		brickyard
25.8298417	84.8341130		brickyard
25.8306324	84.8357096		brickyard
25.7647693	84.8231904		brickyard
25.7706655	84.8176048		brickyard
25.7738394	84.8157178		brickyard
25.7801156	84.8092080		brickyard
25.7812894	84.8088366		brickyard
25.7842432	84.7860633		brickyard
25.7844135	84.7877812		brickyard
25.7818678	84.7940603		brickyard
25.7831153	84.7958198		brickyard
25.7856090	84.8018488		brickyard
25.7866160	84.8493493		brickyard
25.7937392	84.8477534		brickyard
25.8088457	84.8563245		brickyard
25.8114535	84.8653125		brickyard
25.8199973	84.8471519		brickyard
25.8077440	84.6831026		brickyard
25.8057784	84.6845806		brickyard
25.8041389	84.6849198		brickyard
25.7470789	84.9593474		brickyard
25.7371103	84.8824471		brickyard
18.8810668	82.5365603		
25.7789236	85.0010248		brickyard
25.7930034	85.0592324	Brick fabrication	brickyard
25.7895202	85.0398552		brickyard
25.7857019	85.0420292		brickyard
25.7545999	85.1252185		brickyard
25.5202906	85.2968239		brickyard
25.5284417	85.2901581		brickyard
25.5267657	85.2896852		
25.5290529	85.2869189		
25.5295727	85.2885759		
25.5291182	85.2884423		brickyard
25.5313195	85.2871301		
25.5305506	85.2856422		brickyard
25.5307884	85.2887341		brickyard
25.5327433	85.2871562		brickyard
25.5365951	85.2852928		brickyard
25.5420279	85.2818099		brickyard
25.5582428	85.2726810		brickyard
25.5595779	85.2712581		brickyard
25.5627375	85.2693675		brickyard
25.5673910	85.2651166		brickyard
25.6019890	85.2273091		brickyard
25.5687658	85.2635368		brickyard
25.5735289	85.2613145		brickyard
25.5765570	85.2581763		brickyard
25.5787866	85.2565946		brickyard
25.5809675	85.2548933		brickyard
25.5827911	85.2533678		brickyard
25.5837691	85.2525571		brickyard
25.5849212	85.2514776		brickyard
25.5862294	85.2505904		brickyard
25.5873942	85.2494726		brickyard
25.5887593	85.2482689		brickyard
25.5899047	85.2471589		brickyard
25.5911783	85.2460346		brickyard
25.5920153	85.2443561		brickyard
25.5933623	85.2430773		brickyard
25.5935641	85.2422145		brickyard
19.6695441	82.2046074		
26.4679284	90.0733374		
13.1821553	77.6387203		concrete_plant
23.4241197	77.5141213		
25.4263650	85.2636305		brickyard
25.4441841	85.1832112		brickyard
25.1913089	85.5553087		brickyard
26.0624020	92.7431383		
16.6442259	80.5724096		
16.6607486	80.5629974		
16.7149800	80.4467193		
16.6029560	80.5146663		
25.4496995	85.2950373		brickyard
25.4441895	85.2958641		brickyard
25.4442580	85.2930779		brickyard
25.4423966	85.2877865		brickyard
25.4413502	85.2899739		brickyard
25.4325686	85.2787033		brickyard
22.5790944	70.2333096		
25.3952700	85.2919596		
28.2775074	73.2558442		
28.2787832	73.2498805		
28.2848698	73.2524278		
28.2812797	73.2356347		
28.2723300	73.2358678		
28.2608329	73.2365291		
28.2594002	73.2455571		
16.5345407	80.6019913	"APSRTC Bus Depot, Vidyadharapuram"	depot
24.1129442	69.3660202	Khavda Renewable Energy Park	
29.0471518	78.7747488		
12.9795955	77.7267538		
13.1649929	77.5660220		
13.1573914	77.5676850		
13.1540117	77.5685044		
13.1615467	77.5667207		
18.3926378	83.3625670		
19.0184832	75.7680325	Bobade patil vit utpadak	
21.1389381	79.0902331		
21.1431163	79.1124190		
21.1430769	79.1125797		
21.1429554	79.1116673		
21.1429660	79.1118268		
21.1431491	79.1122482		
21.1432802	79.1113976		
21.1365603	79.0901620		
21.1479077	79.1024131		
21.1329696	79.1001794		
21.1390031	79.1165552		
12.9638087	77.7224299	Brigade Tech Gardens Brookefield	
23.8145352	91.4509432		brickyard
18.5937331	74.0100579		
12.7015826	77.7852282		
12.7034653	77.7845951		
12.6682309	77.8043925		
12.6707876	77.8010049		
12.7136775	77.7647388	DLI Anekal	
12.7499337	77.7286335		
19.2107428	75.7617733		
26.7239528	89.0956677		brickyard
26.3442400	91.6581558		
26.6945610	89.0866676		
26.6938793	89.0869747		
26.6930717	89.0860627		
26.6922521	89.0858026		
26.6920220	89.0903664		
26.6905759	89.0872282		
26.6907771	89.0884043		
26.6919214	89.0891862		
26.6842587	89.0912944		
26.6854223	89.0874173		
26.7034702	89.0926391		
26.7058662	89.0964013		
26.7069493	89.0929802		
26.6785836	89.1625030		
26.6783199	89.1640534		brickyard
26.6898389	89.1583134		brickyard
26.6231929	89.1091821		brickyard
26.6396815	89.0923780		brickyard
26.6515556	89.0971631		brickyard
26.6872640	89.0872678		
26.6872570	89.0858917		brickyard
26.6876605	89.0832008		brickyard
26.7146188	89.0907365		brickyard
26.7151291	89.0879537		brickyard
26.6964612	89.0849831		brickyard
26.6947240	89.0893820		brickyard
26.6958957	89.0889059		brickyard
26.6966661	89.0903463		brickyard
26.6973006	89.0924143		brickyard
26.7090777	89.0944621		brickyard
26.7117760	89.0952198		brickyard
26.7150441	89.0962551		brickyard
26.7187013	89.0952034		brickyard
15.2322233	74.1258483	Manohar Parrikar Waste Processing Plant	
15.2111821	74.1624527		
22.5804358	75.6131520	Smart Industrial Park	
26.3116737	89.5698997		brickyard
26.3113214	89.5674268		brickyard
26.3086081	89.5720629		brickyard
26.3081525	89.5697549		brickyard
26.3084663	89.5674884		brickyard
26.3066461	89.5671947		brickyard
26.2941256	89.5645339		brickyard
26.2994441	89.5630426		brickyard
26.3011375	89.5617070		brickyard
26.3044569	89.5572893		brickyard
26.3102587	89.5491596		brickyard
26.3126198	89.5415689		brickyard
26.3229554	89.5382564		brickyard
26.3250577	89.5404598		brickyard
26.3262519	89.5401078		brickyard
26.3059434	89.5718376		brickyard
26.3042158	89.5724096		brickyard
26.3028855	89.5724297		brickyard
26.3034037	89.6418703		brickyard
26.3062229	89.6120762		brickyard
26.3077641	89.6051922		brickyard
26.3074144	89.6088642		brickyard
26.3176609	89.6015685		brickyard
26.3183148	89.5985195		brickyard
26.3681034	89.5443490		brickyard
26.4733390	89.5643395		brickyard
26.4740844	89.5623561		brickyard
26.4733870	89.5574758		brickyard
26.4734735	89.5468435		brickyard
26.4748984	89.5430576		brickyard
26.5163585	89.5716270		brickyard
26.5346042	89.5889952		brickyard
26.5420080	89.5824839		brickyard
15.1999174	74.2359729		
15.1467977	74.1315851		
15.2181815	74.1430218		
15.2965315	74.1622907		
26.3895979	89.4914880		brickyard
10.8929769	77.6934438		
10.8134268	77.7706976		
13.0796789	77.3686368		
13.0802031	77.3700094		
13.0845251	77.3755301		
13.0832006	77.3700414		
28.9956005	78.8003061		
28.9982134	78.7998093		
28.9992040	78.7991608		
28.9971946	78.8002526		
10.8343400	77.6860198		
18.6865717	75.6836320	Bhimashankar Sugar Mills	
28.9939712	78.8078861		
28.9867710	78.8136261		
29.0383993	78.8265918		
13.0663051	77.2838321		
13.0606392	77.3429011		
13.0665245	77.3556107		
13.0703626	77.3639081		
26.1018878	89.9992584		brickyard
26.1051466	90.0012070		brickyard
26.1044709	89.9990787		brickyard
26.1025524	89.9968041		brickyard
26.0857612	89.9282549		brickyard
26.0865591	89.9266476		brickyard
26.0895623	89.9203988		
26.0888016	89.9183170		
26.0894202	89.9214184		brickyard
26.0873170	89.9223192		brickyard
26.0893511	89.9192819		brickyard
26.0906833	89.9209185		brickyard
26.0860671	89.9125559		brickyard
26.0938552	89.9039736		brickyard
26.1064056	89.9272431		brickyard
26.1077692	89.9253205		brickyard
26.1069548	89.9227303		brickyard
26.1075382	89.9232345		brickyard
26.1057783	89.9196082		brickyard
21.8831443	73.6899885		
26.1115327	89.8531692		brickyard
26.1081669	89.8514941		brickyard
26.0921720	89.8818393		
26.0879389	89.8765662		brickyard
26.0904509	89.8901072		brickyard
26.0965054	89.8946589		brickyard
26.1027909	89.8914697		brickyard
26.1134510	89.8935901		brickyard
18.7195088	72.9056976		
18.7196510	72.9060793		
18.7194925	72.9064062		
28.9970233	78.7661563		
28.9996297	78.7651907		
28.9995394	78.7676462		
29.0049067	78.7640065		
29.0053536	78.7701072		
29.0073892	78.7699724		
29.0424755	78.7626721		
26.0954750	89.8942867		brickyard
26.0679375	89.9199971		brickyard
26.0802234	89.9473583		brickyard
26.0826717	89.9405683		brickyard
26.0725646	89.9639712		brickyard
26.1123071	89.9724202		brickyard
26.1120247	89.9703341		brickyard
26.1003853	89.9699781		brickyard
26.0999774	89.9687623		brickyard
26.1010586	89.9949541		
23.1509819	70.7845382		
29.0015797	78.7566197		
29.0037208	78.7578186		
29.0100123	78.7570978		
29.0087596	78.7630342		
28.9918550	78.7618620		
29.0004889	78.7596640		
28.9992262	78.7589666		
29.0019311	78.7597539		
29.0012554	78.7586977		
15.2364045	74.1864332		
15.2394970	74.1876403		
28.9912967	78.7570113		
28.9936767	78.7571273		
28.9906808	78.7655018		
23.8352575	73.6424839		
23.8341559	73.6940119		
23.8310399	73.6912599		
17.6766904	74.0303201	SaiSagar Engineering works	factory
17.6779051	74.0212184	"Pratham Bajaj, Showroom & Workshop, Satara"	
17.6925863	74.0252003	"PRATHAM BAJAJ, Ajantha Chowk MIDC Junction, NH-4, Service Road, Satara, Maharashtra 415002"	distributor
13.2304943	77.7776379		
13.2294849	77.7718957	Autocrat Engineers	
13.2140922	77.7580413	KPTCL Substation	
13.2284613	77.7784459	Carl Zeiss	
13.2254481	77.7801002	IFFCO Nano Urea Plant	
28.9879640	78.7881276		
28.9888836	78.7889202		
28.9901905	78.7869562		
28.9904521	78.7880378		
28.9896908	78.7837529		
22.7009574	73.9139691		depot
28.9943266	78.7862178		
28.9927841	78.7849813		
26.4973880	89.4858179		brickyard
26.4968215	89.4853431		brickyard
26.4960066	89.4866976		brickyard
26.4913939	89.4907692		brickyard
26.4932759	89.4916624		brickyard
26.4888958	89.4970168		brickyard
13.1548279	77.6947640	Cepheid India Pvt. Ltd.	
13.1550338	77.6870621	Poornima Medical Systems	
13.1560058	77.6821958	KIADB GLSR	
29.0237477	78.7901352		
29.0228376	78.7936328		
29.0217488	78.7910224		
29.0220297	78.7896719		
29.0186487	78.7913938		
29.0195681	78.7859965		
29.0200583	78.7865290		
29.0209648	78.7884856		
29.0214668	78.7884682		
29.0221587	78.7826405		
29.0203738	78.7819478		
29.0191049	78.7836617		
31.6078587	74.6260391		
26.4194458	89.8051871		brickyard
26.4179127	89.8037179		brickyard
26.4232050	89.8029556		brickyard
26.4510043	89.8069601		brickyard
26.4361196	89.9102345		brickyard
26.4419361	89.9256983		brickyard
26.3035786	89.7520741		brickyard
26.3019345	89.7551476		brickyard
26.2925084	89.7640904		brickyard
13.0820325	77.6170891		
15.3361738	76.2826842		
12.9595532	77.6601219	Sewage Treatment Plant	
15.1969098	74.0688295		
15.2278848	74.0837609		
15.2497651	74.1151884		
15.2447348	74.1145375		
15.2469156	74.1184863		
13.1532241	77.6917731	KIADB Hardware Park	
13.1564655	77.7093708		
13.1551385	77.7105483		
13.1545582	77.7098668		
13.1545658	77.7090502		
13.1740150	77.7427876	Trishanku Technologies Pvt. Ltd.	
13.1751573	77.7427929	Pramodaya Aerospace Solutions	
13.1866202	77.7409396	Siri Technologies	
18.1263279	83.1751752	1.5 MW Grid Interactive Solar Power Project	
27.3090259	71.2246473		
13.1457595	77.8203759		
18.7857323	84.4113580		
13.3544563	74.7023654	Fishmeal and Oil Refineries	
8.2196252	77.4707426		
8.2197029	77.4708404		
26.4194819	89.0864282		brickyard
26.3474541	89.1246061		brickyard
26.3663507	89.1124021		brickyard
26.3432765	89.1643309		brickyard
13.7226861	76.8954563	Berry Global	
28.9987171	78.7628585		
13.7258657	76.8936170		
13.7260122	76.8920955		
13.7142976	76.8951962	Sira Industrial Area	
10.0120237	76.4638482		
13.1343465	77.3542039		
14.1251415	76.5130994		
14.0087667	76.5850899		
13.8703679	76.7047620		
13.8547062	76.7205166		
12.6581874	77.4336040	Harohalli Industrial Area	
12.6572013	77.4322253	Harohalli Industrial Area Phase 3	
14.3362274	76.2143992		
14.7150210	75.4973522		
14.7171599	75.4963705		
21.3119067	81.6130415		
23.2098859	72.6845961	Hostel Power	
13.0454922	77.5040459		
18.4458962	84.0867970	Granite Factory	
14.2966186	76.3942051		
14.2974802	76.3956951		
14.2786489	76.4014723		
14.5331129	79.9859861		
22.5739726	88.0356199		
25.6069253	91.8963052		depot
9.8318532	78.0373777		
9.8325904	78.0376858		
26.3572117	90.0946612		brickyard
26.3888215	90.0809320		brickyard
26.3999964	90.1714146		brickyard
20.7196942	77.3704886		
25.3419996	81.9003682	Kanishka Services	
13.1068480	77.5776531	Yelahanka Industrial Estate	
14.4571140	78.8766781		
14.0214207	79.8801155		
9.0483663	76.7139024	St. George Foods	
18.8219795	84.5451487	Cashew Factory	
18.8268616	84.5443306	Cashew Factory	
16.9495935	80.0751767		
18.9212758	72.9673440		
18.9210556	72.9674534		
18.9218902	72.9661710		
18.9210414	72.9700161		
18.9210305	72.9701881		
18.9211571	72.9695479		
18.9209572	72.9694544		
18.9207678	72.9693145		
18.9207649	72.9696220		
18.9219949	72.9659439		
18.9221107	72.9657486		
18.9217777	72.9663259		
18.9219056	72.9664182		
18.9220396	72.9665126		
18.9221472	72.9663044		
18.9220233	72.9662229		
18.9221310	72.9660277		
18.9222425	72.9658388		
18.9223826	72.9659374		
18.9222670	72.9661198		
18.9217980	72.9670189		
18.9213287	72.9671503		
18.9212699	72.9669422		
18.9211282	72.9671938		
18.9216737	72.9671520		
18.9215093	72.9674299		
18.9213372	72.9675983		
18.9223116	72.9669632		
18.9224658	72.9667250		
18.9226247	72.9665340		
18.9227702	72.9662953		
18.9214877	72.9670371		
18.9222050	72.9666794		
18.9223237	72.9664289		
18.9224314	72.9662357		
18.9225511	72.9660362		
18.9218101	72.9668950		
18.9214525	72.9667836		
18.9226309	72.9671142		
18.9228299	72.9667745		
18.9230600	72.9665442		
18.9202468	72.9687813		
18.9202749	72.9691776		
18.9204186	72.9693361		
18.9174052	72.9748325		
18.9172605	72.9750104		
18.9177072	72.9743486		
18.9179314	72.9745011		
18.9180231	72.9748134		
18.9205744	72.9691404		
18.9204299	72.9688939		
18.9201454	72.9689383		
18.9200569	72.9690862		
18.9206024	72.9694313		
18.9201550	72.9696241		
18.9200898	72.9697572		
18.9203300	72.9699125		
18.9204186	72.9697695		
18.9205142	72.9698755		
18.9204465	72.9700210		
18.9209502	72.9696072		
18.9211656	72.9700236		
18.9187287	72.9740068		
18.9181942	72.9736819		
18.9192855	72.9743960		
18.5380997	73.9029587		
18.9178134	72.9751854		
18.9176155	72.9755744		
18.9202845	72.9697017		
18.9222860	72.9691447		
18.9223812	72.9689885		
19.0570386	73.0220422		
18.9197076	72.9714912		
18.9195224	72.9717836		
18.9193938	72.9712385		
18.9191833	72.9715872		
18.9189828	72.9719358		
18.9190691	72.9710561		
18.9188677	72.9713947		
18.9188979	72.9722274		
18.9186555	72.9717507		
18.9206321	72.9699893		
18.9205660	72.9700925		
18.9197447	72.9698243		
18.9196682	72.9697418		
18.9197338	72.9693221		
18.9196827	72.9699307		
18.9196060	72.9698399		
18.9195189	72.9696848		
18.9195031	72.9698846		
18.9195840	72.9699743		
18.9195108	72.9700701		
18.9194403	72.9699859		
18.9194016	72.9698739		
18.9193410	72.9699478		
18.9193548	72.9700644		
18.9194382	72.9701465		
18.9181685	72.9746337		
18.9171276	72.9752515		
18.9224461	72.9692505		
18.5752669	73.9802461		
18.6039839	74.0135599		
18.6040532	74.0132281		
18.6038869	74.0131693		
13.0451562	77.7635487		
18.6000800	73.9896124		
18.6000248	73.9896022		
18.6000645	73.9895131		
18.6009769	73.9885022		
18.6009887	73.9885997		
18.6010730	73.9886116		
18.6011490	73.9886216		
13.1169820	77.8183505		
13.1323213	77.8254214		
19.8681251	75.3642814		
19.0765749	73.1416443		
19.0765816	73.1415115		
19.0764864	73.1414122		
19.0767172	73.1414065		
19.0765255	73.1410403		
19.0766129	73.1410782		
19.0765311	73.1411279		
13.1073638	77.8770067		
19.0824748	73.1362256		
19.0823474	73.1362945		
19.0826270	73.1365389		
19.0827091	73.1364855		
19.0825244	73.1366113		
18.9225974	72.9693424		
18.9227075	72.9692381		
18.9225497	72.9691447		
18.1117206	83.5762300	Matrix Laboratories	
13.0676726	77.7439153		
13.0490554	77.7499344		
22.5716569	75.5885272		
22.5697293	75.5886273		
12.9349658	77.4784760	BWSSB Service Station	
16.4870212	77.9384414		
16.9734080	78.1953299		
16.9784564	78.1763828		
17.2218675	78.1863070		
28.5081041	77.2808428		
13.1586803	77.5665451		
12.8166961	77.6166111		
12.8238830	77.6260980		
12.8248690	77.6250560		
19.0825658	73.1369245		
19.0567947	73.0322998		
19.0569463	73.0323712		
19.0798226	72.9943354		
19.8786926	75.3648948		
19.8787394	75.3651450		
19.8791694	75.3661872		
19.8788318	75.3662267		
19.8786416	75.3662688		
26.4104795	92.9601957		
19.8733004	75.3293312		
19.8733220	75.3295506		
19.8733120	75.3297164		
18.5541511	83.7412137		
19.1397883	83.4161461	Vardhaman Chemical Industries sumitramadangi	
23.8078476	91.4940272		brickyard
23.8377913	91.4558989		brickyard
23.8345337	91.4009351		brickyard
23.8315025	91.4079000		brickyard
23.8222337	91.4211220		brickyard
23.8401802	91.4560728		brickyard
23.8164797	91.4436518		brickyard
23.8161845	91.4464105		brickyard
23.8469991	91.4744894		brickyard
23.8401847	91.3978243		brickyard
23.8498746	91.4654616		brickyard
23.8393751	91.3956793		brickyard
23.8483554	91.4585689		brickyard
23.8371085	91.3982605		brickyard
23.8492781	91.4687631		brickyard
23.8480306	91.4117474		brickyard
10.0028706	76.2187208	IOCL LPG Terminal	petroleum_terminal
18.9757159	72.8392147		
18.9888128	72.8474801		
19.0241664	72.9013856		
26.3747360	90.0888542		
26.3819801	90.0830923		
19.0265868	72.8875977		
19.0505028	72.8345758		
23.3043586	91.4855132		brickyard
23.2942765	91.4865927		brickyard
23.2997718	91.4830457		brickyard
23.2942058	91.4819867		brickyard
23.2972504	91.4797961		brickyard
23.2915301	91.4803156		brickyard
23.2980572	91.4866253		brickyard
23.3019149	91.4806962		brickyard
23.2826577	91.4844380		brickyard
23.3094906	91.4848846		brickyard
23.2844318	91.4810980		brickyard
23.2906095	91.4853024		brickyard
17.7135549	78.5470141		
18.5403796	83.7262922	Jute Factory	
13.2635302	80.0283053	GT Food Products	food_industry
21.8623822	77.9506096		
17.6588800	78.1124904	Manufacture Products	
19.6904302	77.1158146		
19.1431259	72.9203542		
12.8847024	77.7459473		
19.1047753	72.8883233		
18.7770882	83.4999446	AP STATE WAREHOUSING CORPORTATIONCSC Sunki (IG)	
12.8695965	77.5231905		
19.0939396	72.9070235		
19.0476417	72.8708782		
13.0902107	77.6554575		
16.2396901	80.7164619		
10.0091175	76.3686974		
14.1030118	78.1628789		
23.4360813	85.4126610		
23.4326625	85.4125514		
18.5070910	79.4666321	rice mill	factory
15.9123958	80.4695751		
17.2431826	81.1103091		
17.2309604	81.1291382		
17.1065819	82.0995220		
16.5957785	81.6997882		
16.5955697	81.7003543		
19.1315076	73.1637446		
23.4342718	85.4104861		
18.5070860	79.4667586		
17.3778634	82.3689780		
17.3782966	82.3691695		
17.1900389	80.3600917		
17.1899791	80.3603947		
17.1893351	80.3595309		
15.9124401	80.4616979		
10.7280710	77.5235387	TNSTC Dharapuram Depot	depot
13.6626565	77.7823195		
23.4307308	85.4142925		
23.4334916	85.4133377		
23.4374698	85.4147245		
15.8425395	80.3815466		
13.0674769	77.6969755		
13.0562992	77.7096207		
12.9622783	77.5834462	Sewage Treatment Plant	
27.5403587	71.0936228		agriculture
17.3775542	82.3825339		
8.5274906	76.8853200	Aishwarya Hollow Bricks	
13.2022684	77.6836033	SATS Food Solutions	factory
8.3978812	77.4096358		
8.6801715	77.1686390	Bonacaud Tea Facory	
26.2484552	90.3955292		brickyard
26.2469012	90.3947205		brickyard
26.2572499	90.3935819		brickyard
26.2566462	90.3961824		brickyard
26.2545233	90.3997014		brickyard
26.2521790	90.3965149		brickyard
26.2506348	90.3948453		brickyard
26.2494066	90.3926714		brickyard
12.9628258	77.4372786		
12.9710107	77.4465088		
12.9046529	77.4515723		
28.3482883	73.0395944		
28.3179662	73.0175420		
28.3341778	73.0373119		
28.3464223	73.0286135		
28.3191587	73.0271685		
28.2971902	73.0183708		
28.2785681	73.0339256		
28.2914209	73.0374279		
12.9188067	77.6780338	Sewage Treatment Plant	
28.1759211	73.0216391		
28.1653301	73.0081751		
28.1732824	72.9978747		
28.1599392	72.9899910		
28.1524835	72.9900359		
28.2351422	73.0245539		
28.2560038	73.0402992		
28.2638167	73.0263497		
28.3205085	73.0553565		
28.6334817	73.1736794	Chhatargarh Solar PV Project	
13.0396694	77.5219318		
12.5681157	76.9922260	Nandini Manmul	
12.8856627	77.5541042		
12.9423599	77.5945211	Sewage Treatment Plant	
13.0415427	77.7410201		
9.9602965	76.2876214	Mani Tiller Home	
17.5782877	78.4842793	NCL Industries	
17.5634611	78.4912613		
13.0636381	77.6338651		
13.0629072	77.6337766		
13.1073278	77.6028176		
16.3714571	81.7923035	Ongc Mori Gcs	natural_gas
26.0661209	90.5043773		brickyard
10.2409539	78.2427836		
10.2434139	78.2455355		
10.0044244	76.5496611	അന്ന ബോട്ടിൽ കമ്പനി	factory
13.2104000	77.6782622	Logistics Park Air India	
12.9156216	77.6245738	"220/33kV GIS Sub Station, Central Silk Board"	
24.8174470	81.4494993	Madhya Pradesh Warehousing And Logistics Corporation (MPWLC)	warehouse
11.2836460	77.5418300	MilkyMist Mega Plant	
25.3000685	71.7513129		
12.9853746	77.7132044		
26.4885048	91.2801835		brickyard
26.4889633	91.2784495		brickyard
26.4914960	91.2774060		brickyard
26.5036243	91.2746085		brickyard
26.4999301	91.2897308		brickyard
26.5041319	91.2921824		brickyard
26.5067254	91.2935597		brickyard
26.5107962	91.2928610		brickyard
26.5120119	91.2947975		brickyard
26.5138852	91.2920469		brickyard
26.5143664	91.2963036		brickyard
26.5278938	91.3069452		brickyard
26.5279430	91.3174039		brickyard
26.4861689	91.2828564		brickyard
26.4565046	91.3491163		brickyard
17.6560525	82.9278396		
17.6406067	82.9172981	Wolkem India Limited	
12.9663232	77.7423866		
12.9867791	77.7384465		
17.6931441	83.1205202		
18.1212392	83.5788980	CPF India Pvt. Ltd	
30.5797960	79.5722392		
12.8715189	77.4555002		
22.4015858	71.0182321		
15.2562447	79.8850644		
15.5687817	79.8237252		
18.8242111	73.2801256		
18.9019499	73.2352133		
22.7189740	72.7125506	Smith Structures (India) Pvt. Ltd. - Kheda Facility	factory
13.1823057	77.5450735	BMTC I&C Center	
21.9193794	78.1166029		
21.9006106	77.8802240		
26.6081528	72.9821040	Jodhpur Chemicals	
12.9647612	77.6672999		
13.0013512	77.6807602	LPG Equipment Research Centre	
12.9867714	77.7256488		
12.9950708	77.8012074		
26.1967285	88.1083769	Islampur 132/33 KV Sub-Station	
26.1990248	88.1104123	Aastha Crops Mill	grinding_mill
13.0239245	77.6701566		
13.0273849	77.6767497		
13.0281845	77.6769581		
12.8866621	77.4835602	Hemmigepura 13 MLD Sewage Treatment Plant	
18.5004120	84.1296191	Rajasthan Marbles	
24.6778718	74.7971462		
25.9401488	83.5688504		
13.1643021	77.4535114		
15.5848225	73.8488933		
15.5898406	73.8269844		
23.0662163	72.5750686		
23.0601586	72.5758062		
22.9966485	72.5572281		
23.0929738	72.5916492		
23.0859812	72.5904727		
23.0927204	72.5877973		
23.0690251	72.5802965		
23.0712450	72.5652296		
23.0726289	72.5631650		
16.8069726	79.9127615		
27.3028943	95.6769877		brickyard
27.3023032	95.6736606		brickyard
27.3153301	95.6649501		brickyard
27.3152980	95.6614694		brickyard
27.3152622	95.6792785		brickyard
27.3182745	95.6718233		brickyard
27.3336192	95.6579442		brickyard
27.3322229	95.6748623		brickyard
27.3717590	95.7345373		brickyard
25.9366679	71.5092179		
15.5879800	73.7493592		
23.0611044	72.5458364		
23.0562063	72.5428354		
23.0577922	72.5573503		
27.2791001	95.7038723		brickyard
16.1497564	80.5271555	Oil Mill	
23.0571105	72.5637767		
11.7059565	79.7738870	Cuddalore Port	
23.0417585	72.5953314		
17.9357478	77.4742188	KSRTC Depot	
17.1261817	82.3678446	Kakinada SEZ	
15.4984957	73.8985356		
26.6307865	93.7424205		brickyard
26.6413645	93.7138697		brickyard
26.6234243	93.7367074		brickyard
26.6280460	93.7379667		brickyard
26.6138723	93.8056174		brickyard
26.6170651	93.7844145		brickyard
26.6797244	93.9307813		brickyard
26.7741491	92.8203003		brickyard
26.7757091	92.8186808		brickyard
26.6590719	92.8353685		brickyard
26.6453101	92.8574893		brickyard
26.6501904	92.8362416		brickyard
26.6545342	92.8437651		brickyard
26.5491938	92.9086075		brickyard
26.6645664	93.9068581		brickyard
26.6695766	93.9213266		brickyard
26.6715467	93.9231008		brickyard
26.6728985	93.9233261		brickyard
26.6710404	93.9209148		brickyard
26.6793301	93.9108029		brickyard
26.5702031	93.8370676		brickyard
26.5796870	93.8579634		brickyard
26.5807172	93.8655950		brickyard
26.5621940	93.8795716		brickyard
26.5412060	93.9077492		brickyard
26.6830269	94.1654693		brickyard
26.7273626	94.0442035		brickyard
26.7307310	94.0620740		brickyard
26.7285542	94.0538343		brickyard
26.7301335	94.0574242		brickyard
23.0449209	72.5390469		
23.0396707	72.5333226		
9.9432161	76.2676491		shipyard
13.1612542	77.7163960		
23.0489428	72.5185041		
26.7539420	92.8095415		brickyard
25.9573157	92.8104796		brickyard
23.7988405	91.4941559		brickyard
26.7793297	92.8162580		brickyard
26.1949492	92.3530444		brickyard
26.8331350	92.8765001		brickyard
26.7862733	92.8452702		brickyard
26.6739445	93.8545241		brickyard
26.8204648	92.8839487		brickyard
23.8109514	91.4716811		brickyard
26.3096555	91.8141089		brickyard
26.3067385	91.8073122		brickyard
26.3046875	91.8207252		brickyard
26.7450898	92.8458208		brickyard
26.7806520	92.8451826		brickyard
26.3345180	91.8287470		brickyard
26.6711162	93.8466619		brickyard
26.3084756	91.7954795		brickyard
26.7461352	92.8445991		brickyard
26.4044117	91.7218327		brickyard
26.7758083	92.8487238		brickyard
27.5358984	95.1403338		brickyard
26.1972949	92.1713617		brickyard
26.2831246	90.9860995		brickyard
26.3078451	91.7973647		brickyard
27.0974026	94.7326606		brickyard
26.3350192	91.7446441		brickyard
23.9671119	91.9915603		brickyard
26.6722247	93.8599516		brickyard
24.8470679	92.2726627		brickyard
27.1656759	94.8668905		brickyard
26.3270916	91.6818370		brickyard
26.6805326	93.8418529		brickyard
26.8054985	92.8148152		brickyard
26.7505428	92.8210882		brickyard
25.9573339	92.7720595		brickyard
26.8182861	92.8946644		brickyard
26.3107312	91.8192013		brickyard
26.7584175	92.8143399		brickyard
27.1109826	94.7707559		brickyard
27.1199021	94.7932586		brickyard
27.0963700	94.7707551		brickyard
26.2907288	90.9926330		brickyard
26.7657231	92.8211735		brickyard
26.8260660	92.8249887		brickyard
27.4592526	95.2006593		brickyard
26.2890856	90.9908044		brickyard
26.7655605	92.8082633		brickyard
26.6720408	93.8401750		brickyard
27.1288079	94.7886752		brickyard
26.2964374	90.9976810		brickyard
26.7501531	92.8160868		brickyard
27.3660850	95.2230374		brickyard
27.1102356	94.7989362		brickyard
26.7773472	92.8484247		brickyard
26.2932791	90.9948004		brickyard
23.9571345	91.6192154		brickyard
26.8039926	92.8507514		brickyard
26.7591290	92.8087096		brickyard
23.8103897	91.5077596		brickyard
26.4835234	92.0320899		brickyard
26.8141848	92.8441026		brickyard
27.1199982	94.7745990		brickyard
23.8186086	91.4845919		brickyard
26.6778909	93.8424485		brickyard
24.8348188	92.3718557		brickyard
27.3588642	95.2264722		brickyard
24.0069960	91.6506620		brickyard
26.3057147	91.8042167		brickyard
27.1113060	94.7780604		brickyard
26.3086184	91.7988649		brickyard
26.7805633	92.8510170		brickyard
26.7485978	92.8196305		brickyard
26.3010750	91.8099975		brickyard
26.7683552	92.8408443		brickyard
26.6738856	93.8399755		brickyard
27.4576673	95.2023403		brickyard
24.5776641	92.5605160		brickyard
26.6672427	93.8577407		brickyard
26.2917091	90.9951942		brickyard
26.2829902	91.7810900		brickyard
24.7251349	92.7687429		brickyard
26.6595267	93.8802558		brickyard
26.7847512	92.8470782		brickyard
26.2863383	90.9929581		brickyard
25.9747022	92.7824254		brickyard
26.2887318	90.9875703		brickyard
27.1401382	94.8257011		brickyard
26.1824079	92.2798573		brickyard
27.3571181	95.2190225		brickyard
26.2493059	91.6680315		brickyard
25.8517511	92.8661819		brickyard
26.2001808	92.3531950		brickyard
26.7196573	94.0743993		brickyard
26.2427762	91.6669946		brickyard
27.5187796	95.2484797		brickyard
23.9597370	91.6160416		brickyard
26.7994129	92.8517291		brickyard
26.1982333	92.0604913		brickyard
26.3043118	91.8063812		brickyard
23.8097821	91.4681264		brickyard
23.8107980	91.4753370		brickyard
27.3668859	95.2282804		brickyard
26.8206896	92.8947450		brickyard
26.3119911	91.8299907		brickyard
26.6705665	93.8502070		brickyard
26.7819005	92.8551184		brickyard
26.2783440	90.9796130		brickyard
27.1504914	94.7591113		brickyard
27.1200086	94.7785004		brickyard
23.8087723	91.4731537		brickyard
26.1793081	92.1615864		brickyard
26.6723098	93.8541133		brickyard
26.3200709	91.7681171		brickyard
23.8037488	91.4974081		brickyard
27.1318074	94.7887642		brickyard
26.1674078	92.1709362		brickyard
26.1817708	92.2867895		brickyard
26.3056006	91.8239277		brickyard
26.7841390	92.8459352		brickyard
27.1237736	94.7825481		brickyard
23.8088204	91.5040169		brickyard
26.7675370	92.8074815		brickyard
23.8765794	91.6284129		brickyard
23.8054177	91.5012998		brickyard
26.7541216	92.8158246		brickyard
26.7835781	92.8492810		brickyard
26.7774687	92.8459832		brickyard
27.1231052	94.7928184		brickyard
26.2828961	90.9877240		brickyard
26.3309681	91.7497353		brickyard
27.1375900	94.7601093		brickyard
26.1947878	92.3508851		brickyard
23.8083139	91.4832252		brickyard
27.1341436	94.7511597		brickyard
26.9682124	94.4696933		brickyard
27.1378148	94.8278211		brickyard
27.1095080	94.7720244		brickyard
26.1784718	92.1640514		brickyard
26.3064672	91.8053592		brickyard
27.5195555	95.2579363		brickyard
27.1183298	94.7765620		brickyard
26.7529754	92.8237093		brickyard
26.2858517	90.9872405		brickyard
24.8764182	92.7327447		brickyard
26.8145498	92.8867288		brickyard
23.8109336	91.4664120		brickyard
27.1370194	94.8189724		brickyard
25.9315476	92.8244842		brickyard
26.8071103	92.8487066		brickyard
26.6679277	93.8541601		brickyard
27.1395318	94.7636558		brickyard
26.3024543	91.8062471		brickyard
23.8118617	91.4769088		brickyard
26.7467457	92.8412208		brickyard
25.9440188	92.7685189		brickyard
26.7767740	92.8130314		brickyard
26.7795250	92.8546801		brickyard
26.6434103	92.8218916		brickyard
26.6782046	93.8361315		brickyard
26.3422943	91.8361143		brickyard
27.5125481	95.2108682		brickyard
26.8158708	92.8847765		brickyard
26.7642880	92.8152908		brickyard
26.7944691	92.8151390		brickyard
26.7954353	92.8485449		brickyard
27.1244101	94.7962551		brickyard
27.1072940	94.7817899		brickyard
26.1666071	92.1696497		brickyard
26.7573149	92.8106571		brickyard
27.1308137	94.8246117		brickyard
23.9679810	91.9952091		brickyard
26.6584906	93.8786405		brickyard
24.0060100	91.6375919		brickyard
26.2955927	90.9969764		brickyard
27.1088775	94.7948594		brickyard
26.1998921	92.0589159		brickyard
27.1255075	94.7894328		brickyard
26.3939067	92.2353674		brickyard
26.6710669	93.8602008		brickyard
23.8055894	91.4833565		brickyard
27.3608984	95.2220292		brickyard
26.3084263	91.8153370		brickyard
26.3969980	92.2411117		brickyard
27.1380497	94.8257667		
27.1307824	94.8165335		brickyard
24.8396309	92.8661779		brickyard
26.6767681	93.8540152		brickyard
27.1155277	94.7739233		brickyard
26.2883518	90.9935476		brickyard
26.8107933	92.8308245		brickyard
26.6755999	93.8638837		brickyard
23.8697401	91.6239444		brickyard
26.8175970	92.8352619		brickyard
26.2974776	90.9986189		brickyard
26.3154350	91.8327175		brickyard
26.7199874	94.0806441		brickyard
26.3324150	91.7431718		brickyard
26.2887522	90.9946329		brickyard
26.6778123	93.8472037		brickyard
26.8051037	92.8542526		brickyard
26.7750158	92.8078328		brickyard
26.3077759	91.8258906		brickyard
26.7795373	92.8498085		brickyard
26.3050002	91.8093983		brickyard
26.6760337	93.8567749		brickyard
27.1494566	94.7762506		brickyard
26.7783345	92.8518553		brickyard
26.7699552	92.8112320		brickyard
13.1962427	77.6506921		
13.1633893	77.5651959		
12.9036120	79.1312301		depot
23.0491728	72.5004200		
26.9466419	94.7093428		brickyard
26.9446466	94.7208442		brickyard
26.6798394	94.3897824		brickyard
26.6769658	94.3833625		brickyard
26.6754416	94.3849034		brickyard
26.6745703	94.3825552		brickyard
26.6796213	94.3731494		brickyard
26.6791821	94.3816533		brickyard
26.6820509	94.3851838		brickyard
26.6880679	94.3855137		brickyard
26.6871310	94.3835624		brickyard
26.6854354	94.3804215		brickyard
26.6861460	94.3809753		brickyard
26.6862454	94.3777165		brickyard
26.6836644	94.3767066		brickyard
26.6834474	94.3739722		brickyard
26.6805776	94.3695250		brickyard
26.6770197	94.3722971		brickyard
26.6760048	94.3689174		brickyard
23.3524451	83.2266620		
23.3799228	83.2445191		
23.3837434	83.2412556		
23.0624145	72.5183623		
23.0540932	72.5081959		
23.0575870	72.5068762		
27.0031098	94.9278389		brickyard
27.0082608	94.9254531		brickyard
27.0101965	94.9257079		brickyard
23.0643655	72.5140985		
23.0634360	72.4867571		
23.0611723	72.4938534		
23.0490184	72.4909299		
23.0447645	72.4855288		
23.0468342	72.4917614		
13.3370985	77.9675271	Masthenahalli Industrial Area	
27.0371878	94.9316678		brickyard
27.0380778	94.9095489		brickyard
27.0424085	94.9127501		brickyard
18.4930134	84.1297672	Tirupathi Granites	
26.4962208	93.9435641		brickyard
27.0246522	95.0026504		brickyard
27.0196716	94.9974892		brickyard
27.0239217	94.9870875		brickyard
27.0250365	94.9845059		brickyard
27.4149156	95.9972504		brickyard
27.4233261	95.9717439		brickyard
27.4137489	95.9831312		brickyard
27.4130549	95.9809130		brickyard
27.4138489	95.9783582		brickyard
27.4131751	95.9769434		brickyard
27.4178858	95.9820369		brickyard
27.4252046	95.9839145		brickyard
27.4321841	95.9862379		brickyard
27.4321591	95.9879042		brickyard
27.4286150	96.0033471		brickyard
23.0417597	72.5976677		
23.0125230	72.6104943		
23.0159633	72.6170124		
23.0172301	72.6087627		
12.2929565	78.4025015		
27.9726362	77.8197227		
27.9962452	77.8113167		
23.0196490	72.6034638		
23.0190387	72.6053929		
23.0195962	72.6083355		
27.9832719	77.7840212	Feed Pro Hatchery Ruppur Aligarh	
27.9948691	77.7715784		
26.6718380	94.2867185		brickyard
26.6809227	94.2811851		brickyard
26.2423106	88.1659286		
32.5326606	75.1088851		
27.9623905	77.7500980		
23.0092201	72.6264829		
23.0074408	72.6146432		
23.0070348	72.6211474		
12.8566880	77.5938469		
27.9746355	77.8039540		
22.9458389	88.6410848	Waste Management Plant (Nagarukhra)	
13.6797926	74.7035003	Vishal Cashew factor	food_processing
20.9382812	71.5038870		
20.9398423	71.5025705		
20.9492450	71.4824884		
12.9723901	79.3268772		
12.7184813	80.0205622		
12.7201392	80.0187219		
21.1853696	72.8194477		
12.9674586	77.6351887		
26.5939808	94.0644425		brickyard
26.6094741	94.0832891		brickyard
12.9545310	77.5430539		
12.7446411	77.7801963		
8.8776000	76.5831231	Kollam Port	
23.1875134	88.5609383	Radha krishna oil mill	
12.9611301	79.2584880		brickyard
12.9609895	79.2579766		brickyard
12.9805014	79.2588711		brickyard
12.9692266	79.2657681		brickyard
12.9734253	79.2669540		brickyard
12.9726620	79.2669718		brickyard
12.9774490	79.2673384		brickyard
12.9754634	79.2681992		brickyard
12.9694965	79.2601009		brickyard
23.3730650	91.3514365		brickyard
26.6695706	94.0398601		brickyard
26.6745175	93.9278953		
26.6144321	93.9450265		brickyard
26.6171901	93.9448891		brickyard
26.6294678	93.9393577		brickyard
26.6334611	93.9386456		brickyard
26.6386710	93.9357514		brickyard
26.6417757	93.9255859		brickyard
26.6437500	93.9258501		brickyard
26.6455121	93.9232255		brickyard
26.6496744	93.9391512		brickyard
26.6474803	93.9363931		brickyard
26.6473694	93.9286919		brickyard
26.6490062	93.9288341		brickyard
26.6485777	93.9327326		brickyard
26.6497847	93.9315249		brickyard
26.6505098	93.9334200		brickyard
26.6525385	93.9330102		brickyard
26.6537107	93.9297473		brickyard
28.0952729	77.6339409		
22.4160111	69.0388991		
13.1576369	77.6707985		
22.5961851	72.6393433		
13.0379794	77.7338679		
13.0597115	77.7433934		
13.0575627	77.7395824		
13.1257090	77.6496918		
21.2498705	72.9133304		
21.2435066	72.9135795		
21.2476739	72.9208557		
22.4561615	69.0707807		
28.3680966	76.8223899		
28.2269647	78.2735840		
28.2388707	78.2891187		
28.2504770	78.2953576		
28.2346385	78.2640038		
28.2739646	78.2408765		
28.2531752	78.2336385		
28.3764005	78.1246523		
28.2445319	78.2209826		
21.2241681	72.8822953		
21.2359626	72.8973699		
28.2535035	78.2231015		
11.4556964	77.8030928	KT Motors Private Limited - Unit 2	factory
28.2916300	78.2918371		
28.2815517	78.2968461		
28.2772161	78.3016178		
28.2590953	78.2894165		
26.7945335	94.6857025		
26.8338171	94.6477250		brickyard
26.8384290	94.7042781		brickyard
26.8409928	94.7036820		brickyard
26.8357383	94.6946933		brickyard
26.8427273	94.7025380		brickyard
26.8319466	94.7085750		brickyard
26.8298308	94.7053523		brickyard
26.8275043	94.7068718		brickyard
26.8167952	94.7124857		brickyard
26.9213692	94.5278920		brickyard
13.0915366	77.6341332		
13.1007245	77.6373023		
26.2167218	93.8407651		brickyard
26.2134516	93.8383283		brickyard
26.2249775	93.8548454		brickyard
26.2396274	93.8534894		brickyard
26.2432346	93.8538811		brickyard
26.2518206	93.8584221		brickyard
26.2981726	93.8722757		brickyard
26.2973646	93.8785185		brickyard
26.3290809	93.8921361		brickyard
26.3396674	93.8839607		brickyard
26.3389395	93.8860140		brickyard
26.3373766	93.8821206		brickyard
26.3450877	93.8813120		brickyard
26.2599583	93.8636135		brickyard
26.2580714	93.8626599		brickyard
12.8911080	77.6441221		
12.8899900	77.6441858		
12.8952073	77.6438671		
9.9761029	76.2912214	BSNL Business Area Store	
9.9720540	76.2926804		
9.9725409	76.2939477		warehouse
27.4587135	79.1987939		
22.9024748	72.2386398		
17.9311448	77.4684700	Naubad Sewage Treatment Plant	
15.6016318	73.7928252		
13.1816891	77.2921577		
13.1831124	77.2875738		
13.1826527	77.2837088		
13.1926494	77.2733608		
12.8867307	77.5994206		
12.8868809	77.5963382	Masturlal	
12.8874506	77.5964014		
22.0680208	69.2688428		
27.4264687	79.2175185		
26.0873024	93.0532550		brickyard
26.0895686	93.0440062		brickyard
31.5746329	78.4444525		
21.2032489	72.8436519		
21.1927359	72.8559377		
21.2046376	72.8605547		
21.1941993	72.8661039		
21.1965303	72.8676352		
27.0105764	74.9827650		
27.0241701	74.9949020		
21.2068876	72.8738265		
30.5200719	76.6586439		
25.1848277	92.0344045	Land Port Dawki	depot
18.0193758	83.0420630		
15.6148869	73.7682927		
13.0455523	77.7413801		
13.0497769	77.7434776		
13.0496618	77.7441616		
13.0480834	77.7454913		
13.0766553	77.6560544		
13.0882454	77.6580386		
25.4084024	75.6393946		
27.8661786	79.3412574		
27.8688693	79.3370886		
25.9574755	93.4388830		brickyard
25.9458196	93.4449695		brickyard
25.9342541	93.4554847		brickyard
25.9360125	93.4521424		brickyard
25.9329154	93.4435129		brickyard
25.9309579	93.4477584		brickyard
25.9266317	93.4484504		brickyard
25.9146264	93.4457360		brickyard
25.9102307	93.4418964		brickyard
25.9043257	93.4371147		brickyard
27.8830577	79.2997670		
27.8818889	79.3027041		
21.1987848	72.8801329		
12.8558491	77.5386559	Bharat Cement Products (BCP)	
27.8772787	79.3233235		
24.9516075	92.6613193		brickyard
25.7637239	92.9315726		brickyard
27.8205018	79.3444828		
27.3728153	71.1447680		agriculture
24.8181642	92.8640816		brickyard
24.9195126	92.9084319		
24.9174389	92.9074683		brickyard
24.9150871	92.9146626		brickyard
24.9112180	92.9133383		brickyard
24.9097231	92.9127610		brickyard
15.7632672	73.8485071		
15.7367242	73.8054738		
13.2205073	80.2513445		
16.3278144	80.6217697		
15.5880965	73.8210332		
15.5876792	73.8195727		
13.2746122	77.3568874	KWIN City	
28.7327216	77.1921918	Burari Bus Depot 1	bus_depot
29.3416866	76.9817178	Panipat Bus Depot	bus_depot
27.9552347	77.3523181	JBM Electric Vehicles Private Limited	
21.8831443	73.6899885	Ekta Nagar Bus Depot	bus_depot
21.1188211	72.8487971	Bhestan Bus Depot	bus_depot
19.1184674	72.8660062		
15.7329425	73.8722257	Mopa Airport Bus Depot	bus_depot
19.2706307	84.7772597	Brahmapur Bus Depot	bus_depot
11.6698442	92.7398192		
20.3194037	85.8282904	Bhubaneswar_depot	bus_depot
17.7926429	83.2118909	Devi Fisheries Limited	
30.5606303	77.0494451		
30.5699623	76.8854752		
16.4642877	80.6885460	Area de contenedores	
22.9637340	72.2563189		
22.9683436	72.2568344		
22.9687960	72.2534622		
22.9707056	72.2570718		
22.9693049	72.2607202		
22.9947295	72.2515030		
22.0347020	69.1885791		
12.9745866	77.7067819		
30.6056211	76.9909859		
24.9464543	92.5825743		brickyard
24.9482474	92.5803052		brickyard
24.9630217	92.6076932		brickyard
24.9083007	92.5927633		brickyard
24.9122033	92.5944324		brickyard
24.9106792	92.5934104		brickyard
24.9465182	92.6222241		brickyard
24.9471335	92.6242558		brickyard
24.9233078	92.7593293		brickyard
24.9281816	92.7666503		
24.9275267	92.7601151		brickyard
24.9269989	92.7698931		brickyard
24.9402691	92.7216040		brickyard
24.8797074	92.6822372		brickyard
24.9016695	92.6679996		brickyard
30.5171760	76.8080564	Container Corporation of India (CONCOR)	
23.0255148	72.3851991		
17.7994329	83.2100875		
12.9709892	77.6664034		
16.3776162	80.4996700		
21.1853541	72.8416912		
21.1768721	72.8321849		
21.1735601	72.8445522		
24.9460123	92.7200952		
16.2451741	80.5419349		
21.1820842	72.8509301		
21.1847368	72.8542170		
21.2111746	72.9020366		
21.2085647	72.8953662		
21.2059280	72.8921003		
21.2032079	72.8871253		
21.1935840	72.8864133		
15.7146909	73.8793445		mine
15.7129120	73.8787303		mine
15.7818779	73.8654882		
24.5383732	92.8133576		brickyard
24.5314344	92.8388514		brickyard
24.5541215	92.8332106		brickyard
24.5784864	92.8371978		brickyard
24.8317382	93.0365556		brickyard
24.6945869	92.9802607		brickyard
15.6598171	73.8322153		
15.5879630	73.8191584		
15.5884858	73.8205764		
15.5904896	73.7973305		
15.5901364	73.7966989		
12.3268008	77.4162300		
16.4140840	80.7874489		
16.4053512	80.7911340		
16.4073391	80.7930376		
16.9148826	80.6606294		
16.4145326	80.7846159		
17.7640040	83.1951354	Andhra Cements	factory
11.0137525	76.9583698		
16.6201465	80.7499778		
16.3278946	80.6226303		
22.1065361	69.2477842	Krishan Dairy - Devbhumi Dwarka Milk Union	
22.1079006	69.2644425	JALARAM AGENCY	
22.1068099	69.2653132	CHAMUNDA INDUSTRIES	
22.1058834	69.2651608		
22.1100166	69.2675352	Dwarkadhish Corporation	
22.1091872	69.2679515		
16.5601708	80.7923199		scrap_yard
24.6151450	92.9115855		brickyard
16.9286772	82.1676683		
18.6646152	73.7383066	Aakash industries	oil_storage
13.6187997	79.2970988	"MSME Park , Ramireddypalle"	
17.4361753	82.5173259	Sunfood coorporation	
15.5924582	73.7457174		
16.0830243	80.1590011		
16.4937208	82.0950491	ONGC	
17.0670847	82.0977756		
17.0671461	82.1017197		
17.0699978	82.1016264		
17.0697370	82.0961497		
17.0712730	82.0997915		
17.0729081	82.1005444		
16.9666584	81.9999306		
12.9851404	77.7110678		
16.1688834	81.0345381	Annapurna Rice Industries	
16.4410272	80.5884326		
16.7460955	82.1558309		
16.7470434	82.1558167	Rice mill	
16.1482047	81.0911641		
16.1547726	81.0991465		
16.1832612	81.1165178	Transmission corrporation of andhra pradesh	
15.5901490	73.7651411		
30.5676420	77.9964368		
30.5882785	78.0074033		
16.2416833	81.1478135		
16.2277382	81.0549782		
21.2584047	72.8482398		depot
24.6747135	92.8549249		brickyard
24.7243655	92.7954948		brickyard
24.7209010	92.8281963		brickyard
24.3478310	92.6636052		brickyard
10.0436828	76.4916756	Rubber Park	
10.0501789	76.4868600		
10.0456468	76.4910833	Jolleyflex	
10.0457187	76.4899821	Rubek Balloons	
10.0446697	76.4925188	Haima Polymers	
10.0438297	76.4913101	Amazing Gloves	
10.0444045	76.4901335	Positive ChipBoards India Private Limited	
10.0421865	76.4914207	Technoflex Rubber Products	
24.5296561	92.5962857		brickyard
24.5214729	92.6204934		brickyard
24.5337256	92.6059008		brickyard
24.5022022	92.5892731		brickyard
24.4895859	92.5858748		brickyard
24.2928185	92.5266704		brickyard
24.5321079	92.6078676		brickyard
21.2206483	72.7824606		
22.7743724	78.3317045		
15.4005054	73.9084357		
15.4765609	73.8965776		
24.8247584	92.7008214		brickyard
25.0069296	92.5266620		
21.2023652	72.7931157		
17.7493321	83.2386781	NSTL	
24.9759318	93.0401364		
24.7785213	92.9859665		brickyard
16.2284493	80.3338931		scrap_yard
16.2271366	80.3330328		scrap_yard
12.8864517	77.4343108		
12.8910238	77.4408084		
12.8912148	77.4379069		
12.8905646	77.4489188	STP-6	
12.8907952	77.4431101		
15.6017417	73.8222713		
13.1528781	77.6220079		
13.1527397	77.6944395	Hengst	
13.1532945	77.6935309	Elmeasure	
24.9762951	92.5492228		brickyard
24.9737297	92.5457085		brickyard
24.9758206	92.5442538		brickyard
24.9185851	92.7729106	Rampur tea factory	
24.8554940	92.7985170		brickyard
24.9253206	92.8438416		
25.3161222	83.1495681	Brick yards	
25.3167375	83.1455251	Brick yards	
23.1253348	72.5983020		
15.6555686	73.7326169		
15.5998849	73.8298427		
16.6072677	80.4754537		concrete_plant
16.6056535	80.4791515		concrete_plant
26.5676791	71.4286020		
26.6523323	71.3983896		
26.6396927	71.3877227		
26.6405973	71.3689644		
26.6310923	71.3540581		
26.6184786	71.3676650		
26.6151368	71.3799226		
12.9094439	77.5373599	BWSSB Reservoir	
26.2985239	71.1060597		
26.3351720	71.0829176		
26.3206527	71.0683116		
26.3309126	71.0592243		
26.3397662	71.0577893		
26.3231429	71.0352118		
26.3090566	70.9807308		
26.3403932	71.0288537		
26.3343274	71.0252072		
26.3347324	71.0300123		
19.1616527	72.9412914		
19.1544710	72.9592488		
19.1531066	72.9610982		
19.1506615	72.9566028		
23.1107389	72.6068681		
18.1101078	83.3994790	"APSRTC Bus Depot, Viziangaram"	depot
24.5705253	92.3078504		brickyard
24.4798328	92.3238605		
24.4086522	92.3053453		
16.0012100	77.0384873		
10.1414459	77.9330367		
18.2748981	83.5339462	FACOR Alloys	
16.0093144	77.0335037	Sri Veerabhadreshwara industries	
16.5422318	80.7897865		
30.1482895	78.6702636		
30.1493053	78.6744940		
13.0508730	77.4887949		
26.3387348	87.9788979		brickyard
26.3465683	88.0174210		brickyard
26.3495536	88.0160344		brickyard
26.3554210	88.0212707		brickyard
13.0599325	77.4678323		
15.5930160	73.7754998		
15.6014060	73.8154287		
22.5305373	87.3130609		
24.7522608	92.4218658		brickyard
24.8068764	92.4837686		brickyard
24.8020865	92.4852105		brickyard
24.8022971	92.4985497		brickyard
24.8291013	92.5038757		brickyard
24.8396603	92.4771219		brickyard
15.8579794	74.4441624		
15.8589297	74.4371903		
15.8817263	74.3899244		
15.8718324	74.3927622		
15.8741569	74.3917510		
15.8745620	74.3867943		
15.8698794	74.3900934		
15.8681714	74.3896884		
15.8677663	74.3880871		
15.8687313	74.3877196		
15.8698097	74.3868452		
15.8721626	74.3862015		
15.8731688	74.3829990		
15.8748831	74.3796864		
15.8749257	74.3807271		
15.8735326	74.3841872		
15.8756739	74.3830713		
15.8767471	74.3850669		
15.8783337	74.3831411		
22.3007773	73.3782499	"Gas Processing Unit, Vaghodia"	refinery
15.5348305	73.8279179		
18.4485941	73.9246842	CARS 24	
15.5583984	73.8139374		
15.5296270	73.8160497		
15.5406042	73.8119949		
22.3289612	69.8569452		
13.8037959	76.2892637	KSRTC bus depot	depot
23.7813292	86.7386343	Ridhi Sidhi Iron Pvt. Ltd	factory
22.1704508	69.2878532		
14.7305560	76.4416655		
22.5636861	73.5121628		
22.5705856	73.5182611		
26.1108727	91.8066889	coal storage	depot
26.1110497	91.8046892	coal storage	depot
26.1201407	91.7983709		motor_workshop
26.1384570	91.8344758	indutrial site	
11.4339386	75.9528703		
11.4351572	75.9522084		
27.1806330	95.0946891	LONGBOI TEA FACTORY	
27.1809162	95.0873550	BRICK FACTORY	
27.1857083	95.1271855	KORONGANI TEA FACTORY	
27.1895032	95.1234226		
23.5987751	72.3272103	Iscon Industrial Estate	
23.5939926	72.3306899	Dev Industrial Estate	
23.5926596	72.3310266	Sai Industrial Estate	
17.5202777	78.5895892		
12.8041586	77.6847745		
16.3945126	74.1560103		
23.1580785	72.6605129		
16.3786490	74.1435029		
16.2764948	80.6532572		
10.3140696	76.3361855		
10.3049364	76.3191300	KSBC Bonded Warehouse	
10.3361864	76.3224976		
10.3077689	76.3200689		
19.9862780	73.8266404	"210 MLD SPS, Agar Takali"	
19.9864939	73.8276551	sewage treatment plant	
24.1385505	69.5035028	NTPC Khavda	
23.1899861	72.6203790		
23.1826158	72.6247556		
23.1815016	72.6321477		
15.6279288	73.8250189		
28.9227051	77.6656483		
17.5440546	78.2746959		
12.8511016	77.5678472		
12.8504800	77.5731915	BWSSB	
12.9294691	79.1351111	Tamil Nadu Warehousing Corporation	warehouse
11.8414036	78.6719676	Chilling Plant	
17.0787176	75.1847351		
21.2712107	81.7479282		
23.1560609	72.6370684		
23.1212771	72.6055875		
12.7841946	77.8493169		
12.7848053	77.8507733		
12.7870045	77.8552449		
12.7870035	77.8564073	Merino Laminates	
17.9972771	83.4173950		
21.2790449	81.6993946		
24.8915162	92.2623675		brickyard
24.8915642	92.2576938		brickyard
24.8820239	92.3137553		brickyard
24.8552238	92.3006862		brickyard
24.8474087	92.2641633		brickyard
24.8671365	92.2936924		brickyard
18.5498993	73.8307178	SPPU Test Center	depot
15.3984197	73.8079298	IndianOil Terminal	
24.9902469	85.6465065		brickyard
24.9987311	85.6572542		brickyard
15.3870104	73.8173241		
28.2232786	77.5948504		
28.2197406	77.5949268		
28.7465871	77.3565341		
28.7484360	77.3535011		
15.2663059	74.1081020		
15.2659073	74.1056612		
15.2662593	74.1541555		
15.2570421	74.1614914		
25.0192636	83.6000382	Brick yard	
15.3765018	74.0201497		
15.4202466	74.0527211		
22.3932950	72.8961810		
22.3222369	72.7870491		brickyard
25.0214480	83.5961565	Brick yard	
15.6175670	73.8032193		
21.1524650	81.3363608		
25.2588202	83.2889143		
22.3798157	69.8784725		
22.3755023	69.8758261		
22.3755920	69.8802045		
22.3707318	69.8797611		
22.3741485	69.8875525		
22.3753012	69.8936351		
22.3694635	69.8879682		
22.3671314	69.8939769		
22.3658294	69.8834528		
22.3645980	69.8861577		
22.3681238	69.8739254		
22.3723532	69.8701636		
22.3835819	69.8635473		
22.3805855	69.8635092		
22.3669749	69.8599535		oil
24.7264522	92.3436291		brickyard
24.7251804	92.3440669		brickyard
15.5979188	73.8101541		
15.6092833	73.8260943	Domingos Kuku Chicken Farm	slaughterhouse
15.6079003	73.8272748		
15.6077189	73.8270124		
15.6113591	73.8264187		
15.6121660	73.8262967		
15.6130821	73.8244897		
15.6155953	73.8240856		
15.6151869	73.8260571		
15.6153812	73.8261629		
15.6144266	73.8269355		
17.2648991	78.7781535		
17.2765907	78.7872060		
17.2864471	78.7989360		
26.9001971	74.3142889		
22.2184819	69.2062112		
22.2188767	69.2064970		
22.2184560	69.2059449		
22.2192291	69.2061460		
22.2197569	69.2054319		
22.2155216	69.2079948		
10.5095448	76.2344553	Canning Industries Cochin	
15.6048413	73.8023987		
13.0001940	79.2994508		
26.5626042	71.5894876		
26.5626570	71.5812198		
26.5435754	71.6181792		
26.5378208	71.5984670		
26.5328515	71.5910272		
26.7144505	71.3992499		
26.7711169	71.3758403		
26.8048761	71.3810411		
26.7998725	71.3724299		
26.8083755	71.3760683		
26.7825043	71.3702976		
26.7880094	71.3837602		
26.7756836	71.3657498		
25.3085345	83.0640849		
25.3096612	83.1033081	Brick yards	
15.0084300	74.0718653		
25.3130507	83.1357970	Brick yards	
25.3103358	83.1321777	Brick yards	
25.3159335	83.1324166	Brick yards	
25.3174895	83.1318582	Brick yards	
25.3087174	83.1300775	Brick yards	
25.3105105	83.1425136	Brick yards	
22.2080127	69.2252290		
22.2071474	69.2250426		
22.2074622	69.2226807		
15.5948776	73.8272888		
15.5953379	73.8258446		
15.5945138	73.8258872		
15.5891375	73.8260360	Damodar Sawmill Industries	
25.3144227	83.1173016	Brick yards	
24.7696621	92.7805234		brickyard
22.2389473	68.9734394		
25.3765968	83.1860133	Brick yards	
25.3985507	83.2000248	Brick yards	
13.1437990	77.8695707	Sumadhura Logistics Park	warehouse
15.5815358	73.7871046		
22.0833732	86.1128408		
22.0920993	86.1173254		
12.9767167	77.5461777		
12.9758379	77.5457783		
22.1626274	69.0475982		
13.0368209	77.7389051	Bangalore Plastics Pvt. Ltd.	
13.0514253	77.7597593	Mercury John Deere	
13.0557715	77.7646355		
21.1025179	85.8520737		
15.2644311	73.9761942		
22.2401432	68.9715205		
22.2397714	68.9716649		
24.2667577	92.6525987		
24.2695812	92.6528388		brickyard
24.4058996	92.4275842		
9.9558999	76.2970135	Panampilly Nagar Substation	utility
20.1762895	85.7269795		
13.2027241	80.2690637		
13.2030087	80.2718934		depot
13.1977860	80.2676206		depot
13.1995061	80.2676671		depot
13.0866863	77.9819173	Jakkasandra Industrial Area Phase II	
20.1787870	85.7037529		
20.1207914	85.5972719		
20.1230781	85.5896008		
20.1323207	85.5796015		
24.5874812	92.5760910		brickyard
24.5794123	92.5745077		brickyard
24.5748817	92.5790932		brickyard
24.5752544	92.5858816		brickyard
24.5733444	92.5859780		brickyard
24.5716031	92.5862820		brickyard
24.5766295	92.5913944		brickyard
24.5658638	92.5960061		brickyard
25.3092244	83.1540952	Brick yards	
25.2994070	83.1574517	Brick yards	
25.3018700	83.1447567	Brick yards	
25.3073181	83.1448814	Brick yards	
25.3047709	83.1472806	Brick yards	
13.1307525	77.8125189		
24.6824941	92.3571635		brickyard
21.2147047	72.9074729		
21.2310569	72.9175777		
21.2333074	72.9178619		
21.2276067	72.9215624		
21.1716476	72.9038157		
23.9371128	91.8216368		brickyard
23.9378003	91.8482380		brickyard
24.5704765	92.2880367		
21.2098118	72.8368536		
17.8949331	83.3554610		
17.7018400	79.1382019	RA Silks	
17.9022068	83.1892658		
13.0699603	77.7026885		
13.0652365	77.6886774		
13.0854403	77.6780659		
13.0788498	77.6936269		
13.0768478	77.6948096		
13.0779367	77.6919333		
13.0778950	77.6890375		
13.0742249	77.6884172		
34.5369848	76.1517763		scrap_yard
34.5432183	76.1507290		oil
14.8824894	76.3262692		
14.8788489	76.3183342		
17.8023465	77.1520982		
12.7809516	79.4455074		
18.3245319	83.4796597		
23.3757127	83.0069570		
25.3099120	83.1469581	Brick yards	
21.1399194	83.4308826		
18.3379453	83.3343976	Olam Agro India Private Ltd.	
13.1081678	77.5839532	Wheel Storage Yard	depot
13.1074481	77.5839713	Wheel Storage Yard	depot
13.1047580	77.5872677	Scrap Yard	scrap_yard
13.1095294	77.5829119	Scrap Yard	scrap_yard
13.1061459	77.5853205	Wheel Storage Yard	depot
25.5721483	83.5443676	Brick yards	
25.5663109	83.5369520	Brick yards	
13.9387697	77.2939956	IDE Apperals Private Limited	
25.5695335	83.5362563	Brick yards	
25.5715622	83.5367954	Brick yards	
15.5034971	73.9050771	Dempo Shipbuilding & Engineering Pvt. Ltd.	shipyard
15.4968376	73.9221393		
15.5043400	73.9093570		
25.5344544	83.4912916	Brick yards	
25.5324672	83.5141151	Brick yards	
25.5690328	83.5350725	Brick yards	
15.4856493	73.9119105		
15.5015869	73.9011910		
15.5026351	73.9033716		
15.5022860	73.9161632	Old Goa Steel Yard	
13.2971799	77.5981688		
13.1290579	77.3590043		
13.1282391	77.3602509		
13.1281056	77.3636147		
13.1663626	77.3130764		
13.1550013	77.3311324		
13.1412074	77.3495197		
13.1404522	77.3522548		
13.1291712	77.3621167		
13.1288291	77.3627213		
15.4745985	73.9275868		
18.5308280	83.3287706		
12.8772668	77.5539026		
12.8775289	77.5439360		
26.5271080	89.6921481	cement brick factory	
12.9309907	79.3406532		
19.0414202	74.9555651		
13.1785415	77.7229854	Aero Electronics	
13.1824216	77.7150604	Air Action Equipments	
13.2305053	77.7805155		
13.2279713	77.7835492		
13.2298983	77.7738624	Autoplast	
13.2230510	77.7685623	RVG Technologies	
25.5143444	83.4684444	Brick yards	
25.5149220	83.4653774	Brick yards	
13.2787907	77.5875441	Ajax Engineering	
13.2814046	77.5893287	Jubilant Food Works	
25.5385478	83.2349232		
25.5291870	83.2391287	Brick yards	
12.8738042	77.5395855		
12.9199212	77.6136559		
17.0940392	78.2476786		
15.5126063	73.8352816	Maruti Suzuki ARENA	
15.4924308	73.8435177		
28.8321576	76.9291648	Maruti Suzuki Manufacturing Plant Kharkhoda	
28.6048043	77.1260395	Area Depot	warehouse
13.0375613	77.5378656	ALIMCO	
19.0967177	74.7163882		
13.0278070	77.5392375		
13.0283605	77.5382961		
13.0287806	77.5375315		
13.0251779	77.5353122		
13.0240049	77.5347050		
13.0284654	77.5364681		
13.0280639	77.5395887		
13.0303507	77.5363172		
13.0292296	77.5359878		
12.7898499	77.7382828		
12.7927994	77.7373574		
12.7886753	77.7327756		
12.7886243	77.7380883		
12.7805715	77.6888527		
12.7781239	77.6896134		
12.7701687	77.6863117		
12.7680272	77.6903554		
12.7645932	77.6860550		
12.7699219	77.6685686		
12.7905836	77.7042674		
12.7618493	77.7028811		
12.7627496	77.7002732		
12.9508044	79.3285459		
13.0447659	77.5064991		
34.1254112	74.8411119		scrap_yard
22.8266693	79.2040232	blue light steel	factory
17.7024709	83.2552991		
26.6328254	88.3865852	Phansidewa Meat Plant	slaughterhouse
26.6444947	88.3763060	ITC	warehouse
13.3886258	74.7195358	KK Fishnets	
17.7826397	83.2169133		
15.6257465	73.7670543		
25.5737823	83.5337166	Brick yards	
25.5748766	83.5248644	Brick yards	
26.6461461	88.3817388	MAA DURGA UDYOG	sawmill
17.6984828	83.1702711		
15.5931738	73.8244933		
15.5370580	73.8292570		
26.7045997	88.4360365		warehouse
9.5545064	76.5209882	Paragon Footwear Factory	
17.8581996	83.2771216		
24.8411028	73.0919038		
13.3434671	79.4662330		
15.5376703	73.8334879		
15.5071037	73.8312015		
15.5060673	73.8283305		
9.8835794	78.0571888		
9.8827815	78.0560164		
9.8826854	78.0560173		
9.8826258	78.0560209		
9.8825830	78.0560155		
9.8826038	78.0561325		
9.8825513	78.0561002		
9.8826826	78.0561154		
9.8827941	78.0561179		
9.8829583	78.0562850		
9.8828957	78.0562767		
9.8828192	78.0562752		
9.8832538	78.0560490		
9.8827703	78.0564072		
9.8838384	78.0572602		
9.8853943	78.0554120		
9.8843118	78.0585128		
9.8850654	78.0551983		
9.8865250	78.0573658		
9.8821042	78.0561054		
17.5266441	82.9629095		
18.5241696	73.6216859	Gogte Power Press	
25.1848532	82.9891155	Brick yards	
25.1824431	82.9882923	Brick yards	
17.2403482	78.4558468	GMR Aerospace & Industrial Park	
13.0457300	77.7389674		
13.0381136	77.7414628		
12.8412834	77.4999150	SJS Enterprises Limited	factory
17.8409763	77.4563089		
17.9111264	77.3659024		
17.9158990	77.3884141		
17.8894171	77.5891560		
17.8821142	77.5921547		
17.8355570	77.4454432		
17.7970146	77.5109053		
17.7661461	77.5308904		
17.7769523	77.5037865		
17.7531021	77.4821158		
17.7102059	77.3971447		
17.7684960	77.3179471		
17.8685599	77.2906498		
17.8622485	77.2902962		
17.8192497	77.1698355		
17.9752378	77.1593266	Bhalkeshwar Sugars	
18.0636689	77.2195128		
18.1296303	77.2533757		
18.1241600	77.2554409		
18.1261942	77.2578013		
18.2517487	77.4296076		
17.8760711	76.9599111		
17.8927804	76.9384341		
13.5142121	79.9885681	IndoSpace Industrial & Logistics Park Sri City	
18.7719415	74.2674331	IndoSpace Industrial Park Ranjangaon	
15.5339182	73.9652985		
26.3323261	92.7501323		
26.4472099	92.9274818		
25.3922399	83.0489017	Brick yards	
25.3928089	83.0506051	Brick yards	
25.3892345	83.0498371	Brick yards	
25.3871950	83.0511602	Brick yards	
25.3862316	83.0494278	Brick yards	
11.2893539	77.3306418	Malayappalayam EB Sub Station	factory
17.8994177	77.4667200		
17.8986533	77.1968085		
17.8279761	76.9306013		
17.8253334	76.9351678	Basavakalyan Auto Nagar	
17.8246388	76.9382912	Basavakalyan Industrial Area	
25.5296706	83.1391512	Brick yards	
13.1252027	77.9536092		
27.9686858	77.6262669		brickyard
27.9707016	77.6277973	Bhatta 2	brewery
24.7609335	84.3675042	South Bihar Power Distribution Company Ltd.	
28.3383820	76.8781520		
28.3376914	76.8790575		
28.6039590	77.3644635		
18.5296993	73.5727519		
18.5249330	73.5899677		
25.3740739	83.0695474	Brick yards	
25.3765315	83.1141761	Brick yards	
26.7987195	83.3546957	Madhu Enterprises	
17.1266827	81.2529388	Furniture plus workshop	
12.9707791	77.4744182	BWSSB	
25.3956733	83.1335170	Brick yards	
29.6779539	75.5772819	small gaushala	slaughterhouse
30.3937988	79.3136088	"PTCUL KOTHIYALSAIN ,CHAMOLI"	
24.5713630	73.7267371	anvvl power house	
28.7975622	76.1632233		
25.5290715	85.1806033	PepsiCo India Holdings Pvt.	
25.5310779	85.1796860	Associated Road Carriers Limited	
13.1225110	77.4775600		
13.1654134	77.5415066		poultry_farm
13.1192732	77.3564825		
13.1153679	77.3614847		
13.2313100	77.4794460		
17.2379091	78.4592452	Safran Electrical and Power	
17.2384041	78.4578537	Safran India	aerospace
17.2381281	78.4539739		
17.2386014	78.4502424		
15.5885097	73.8215097	Metal Scrap Yard	scrap_yard
28.7477132	77.0543636	Rohini Sector 37 Bus Depot 2	bus_depot
28.7342079	77.1930943	Burari Bus Depot 2	bus_depot
28.5603390	77.0887209	Delhi Airport Bus Depot	bus_depot
28.5610954	77.0853139	Delhi Airport Bus Depot	bus_depot
28.5640436	77.0863730	Delhi Airport Bus Depot	bus_depot
26.7638357	80.8855919	Lucknow Airport Bus Depot	bus_depot
23.0706255	72.6162179	Ahmedabad Airport Bus Depot	bus_depot
21.1847840	72.7899474	Pal Bus Depot	bus_depot
19.0934736	72.8581585	Mumbai Airport Bus Depot	bus_depot
19.2840255	72.9449333		bus_depot
19.0687504	73.0733269		bus_depot
13.2016633	77.6961206	Bengaluru Airport Bus Depot	bus_depot
13.1950186	77.7071476		bus_depot
17.2353003	78.4448130	Hyderabad Airport Bus Depot	bus_depot
18.6515717	78.0908849	"TGSRTC  Bus Depot , Nizamabad - 2"	bus_depot
20.3421619	85.8200996	Chandrasekharpur Bus Depot	bus_depot
25.3018865	82.9975427		
22.8984968	88.6483124		
15.6199379	73.8884215		
25.5053208	78.7460139	Ash Sedimentation Area	
25.4570930	78.5644866	Guru Nanak Trolley Center	
22.7274610	87.8619928	সারদা ব্রিক ফিল্ড	
22.7306582	87.8496235	Shreema Brick Field	
13.1781964	77.5627497		
13.1259355	77.9943560		
15.6681434	73.9551196		
15.6656873	73.9573377		
15.6540783	73.9160960	Amthane Industrial Estate	
15.4713311	74.0388099		mine
15.4700181	74.0400543		mine
15.4730872	74.0392499		mine
15.4756726	74.0385737		
15.4774113	74.0394899		mine
15.4946146	74.0233708		
15.4861880	74.0294667		mine
15.4899298	74.0301142		
15.4920003	74.0270859	Alcon Cement Factory	
30.0872409	78.2865242	Lime factory	factory
30.3744947	75.8672112	Dhuri Sugar Mill	
17.8884753	76.9564149		
22.7189204	87.8557914		
13.0337028	77.6233501		
13.0288561	77.6178932		
13.0277142	77.6235258		
25.3831064	93.1200488		
13.4547898	77.6335292		
12.9835411	77.6697209	Kaggadasapura STP	
13.0170577	77.6248636		
13.0202175	77.6317499		
13.0420979	77.6257577		
13.2005999	77.6867180		
13.2005612	77.6886478		warehouse
13.2012479	77.6924668	Cargo District	
12.9800570	77.4386640		
12.9835895	77.4487594	Machohalli Industrial Area	
12.4591523	76.6842645		
22.9526901	88.3779037		
22.9547667	88.3750420		brickyard
22.9511213	88.3768639		
22.9484621	88.3741777		brickyard
22.9598783	88.3694662		
25.2800402	82.6848489	Brick yards	
28.8319041	76.9352887	IMT Kharkhoda	
15.4577842	73.8475227	All India Radio	communication
11.9853641	76.8879810	Badanguppe Kellamballi Industrial Area	
13.1485093	77.8217102		
19.1145649	74.5861038	Trimurti	factory
15.5828460	73.7528344		
19.1067327	74.5443180	Substation	power
19.1115341	74.5614796	Paras (Miracle)	factory
12.9066568	77.4904427		
15.4867544	73.8820025		
28.4969802	77.0679829		
12.9694388	77.4376353		
12.9680652	77.4359295		
12.9628912	77.4413100		
12.9703522	77.4513537		
12.9454006	77.4647504	GLSR-2	
12.8902625	77.4381747		
12.9063667	77.4265913		
12.9017731	77.4347560		
12.9594043	77.4055870		
12.9667482	77.4388588		
15.3468023	73.9526331		
15.3659291	73.9441155		
15.3613055	73.9521187		
15.3600373	73.9482101		
15.3811619	73.9122927		
15.1843972	74.0262404		
15.1844580	74.0321981		
15.5874125	73.8208984	Steel Man	
30.2604454	76.8550317	NueGo Depot	bus_depot
12.8872978	78.8754020	NueGo Bus Depot	bus_depot
13.0643069	80.1488784	NueGo Bus Depot	bus_depot
13.0600323	77.4664189	NueGo Bus Depot	bus_depot
12.9903433	77.7832188		
22.1548528	69.0727837		
19.1372647	74.5219174	Krushinath Green Sugarcane Factory	
12.8681445	77.5383020		
18.3778730	76.0551753		
18.3769758	76.0555025		
18.3766640	76.0552129		
12.8708865	77.4372227		
18.5343139	73.6131833		
22.7233126	87.8441425	Indian Oil	
22.7245256	87.8430487	মামনি ব্রিক ফিল্ড	
30.2686357	74.9287038		
30.2623708	74.9249837		
28.5112686	77.5162802	Anchor Container Services Pvt Ltd	
28.5357434	77.5316260	AB Sea Container Private Limited	
28.5242273	77.5225043	Denso India Pvt Ltd	
23.3028918	92.7859287		
26.5763322	88.5422053	Kanchan Janga Integrated Park	
26.5710116	88.5538508		
26.5712275	88.5554480		
12.1052725	76.7135815		
18.7491623	73.8379513	NIBE	
26.6296842	88.4391241		
26.6308561	88.4388712	KD Logistics	warehouse
26.6295857	88.4402130		
26.6369136	88.4296001		
25.3905421	83.1401068	Brick yards	
25.3936614	83.1439573	Brick yards	
25.3946093	83.1433787	Brick yards	
25.3949601	83.1414037	Brick yards	
25.3963222	83.1458218	Brick yards	
21.0280894	76.8432944		depot
26.5323465	88.6617976		
15.4330891	73.8872691		
12.9558785	77.9783338		
12.9571080	77.9655920		
12.9588344	77.9558650	Silver Crest	
18.9914800	74.4333777		
18.9921826	74.4332771		
25.6823746	84.7871321	Brick yards	
25.6911775	84.7901066	Brick yards	
25.6990255	71.2895223		
15.5849877	73.8196611	Ganesh Engineering Works	
15.5868535	73.8200529		
15.5845580	73.8195079		
15.5840934	73.8198658	Tile Works	
25.3296753	82.9287481	Brick yards	
15.5309023	73.7948116		
15.5307990	73.7955496		
15.5306430	73.7966225		
15.5304609	73.7979753		
15.5321170	73.7984396		
15.5322307	73.7971349	Unichem Laboratories Ltd. Plant I	
15.5330395	73.7956839		
15.5328987	73.7943796		
15.5241651	73.7948214		
15.5287605	73.7969684		
26.6869349	88.4456243		
26.6909227	88.4455257	Indian Oil	oil
18.7309009	76.0126365		
18.9744860	75.8003858		
18.9871200	75.9274237		
18.9870562	76.2028374		
18.1801415	79.8993131		
18.1816921	79.8991013		
18.2047420	79.9614530		
26.8037169	91.5338808	Motanga Industrial Park	
12.9554325	80.2406189		
12.9475517	80.2386680		
15.9323490	75.4970008	MRN Cane Sugars	factory
12.9773467	79.2405099		
18.5556705	73.6006056	Gartech Equipments	
25.0117136	75.2287396		
25.0014606	75.1936269		
15.5947840	73.8246521	Kridha Buildcon	
15.5955517	73.8243529	Metal Scrap Yard	scrap_yard
17.6205458	78.0381685		
17.0560089	78.5399683		
24.3261916	79.9687850		
18.7364873	77.4346340		
19.4470099	76.0752154		
23.4361294	88.4069550	Sun Enterprise	construction_company
19.0467163	72.8526149		
9.5029130	76.5081622	St. George Wood Industries	sawmill
25.4209228	81.8688317	Prayagraj RNG Private Limited	
19.0087209	75.7765466		
19.0111506	75.7750498		
19.2329025	75.7575949		
19.2379665	75.7566462		
19.2389689	75.7535173		
15.6001257	73.8239708		
25.2819399	83.2290297	Brick yards	
25.2777085	83.2176937	Brick yards	
15.0449811	76.5702841	JSW transfer station	
15.0981029	76.5774818		
15.1468974	76.6262527		
15.0406301	76.5712604		
23.4385494	88.4099083		
13.0469244	77.4996634		
15.5997303	73.8103408	Parksons Packaging Ltd. Goa	
15.5996795	73.8094966		
17.1499455	81.6614306	Chintalapudi Lift irrigation scheme	wellsite
27.5982803	79.1379050		
27.5977901	79.1395549		
27.6011037	79.1375761		
30.5217124	75.8949920	Acme Creations	factory
15.5199067	73.8283406	Cosme Remedies Ltd.	
12.8185575	77.8566750		poultry_farm
12.8177558	77.8562619		poultry_farm
12.8156764	77.8571547		poultry_farm
12.8163944	77.8572595		poultry_farm
12.8209928	77.8552424		poultry_farm
12.8193124	77.8558544		poultry_farm
12.8200283	77.8561916		poultry_farm
12.7837106	77.8588285		brickyard
12.7884387	77.8542867		brickyard
12.7834786	77.8645245		brickyard
12.3341761	76.6509965	KSRTC Bus Depot	depot
12.3333954	76.6481482	KSRTC Bus Depot	depot
12.3327539	76.6498946	KSRTC Bus Depot	depot
12.7861895	77.8517446		brickyard
23.1823969	72.3580807		
23.0102994	72.2473557		
9.6974548	76.3459458		
19.1858757	72.9443301	Central Public Works Department	
12.7949913	77.8557300		
12.7972096	77.8486836	Enercon	
25.1103634	92.9302597		
25.1101194	92.9262632		
15.6054993	73.9632654	Bicholim Material Recovery Facility	
15.2555256	74.0124146		
15.2554071	74.0146270		
15.2576969	74.0138867		
15.2567316	74.0169513		
15.1795668	74.0303045		
15.1788644	74.0246679	Cuncolim Material Recovery Facility	
15.4922949	73.8349137	Panjim Recycling Centre	
15.4872443	73.8212049	Panjim Material Recovery Facility	
22.8951050	75.8605363		
23.2004179	72.3463586		
15.6593986	73.9893365	Vedanta Limited	
22.8657858	75.9670790		
22.8813299	75.9649886		
22.9107840	75.9280333		
15.4143964	74.0110785		
15.7450938	73.8951105		mine
15.7405760	73.8979322		mine
15.7376742	73.9321088		mine
15.7373902	73.9300435		mine
15.1611559	77.3915147	Food Corporation of India	storage
13.0638271	77.5665932		
15.4663728	73.8597330	Goa Elecetricity Department	
13.1094429	77.5292058	MicroFx	
15.4216751	74.0821356		
13.0582089	80.1482924		
15.5996649	73.8151999		
15.3669868	73.9662574		
15.2737371	74.0746842	Timblo Dry Docks	
15.2756144	73.9812577		
15.5746287	73.9512465		mine
15.5991016	73.9242742		mine
15.5839248	73.9391068		mine
13.0843149	77.5567917		
13.0688851	77.5592159		
15.5005853	73.9325917		
15.4996885	73.9313190		
15.4985040	73.9331777		
15.4984249	73.9313887		
15.4996044	73.9298639		
15.4991853	73.9334516		
15.4885972	74.0668639		mine
15.5320782	74.0769143		
15.5315588	74.0797860		
15.5494427	74.0663373		
15.5669007	74.0020127		
14.2363768	75.3823311		
13.0148923	77.4842394		
15.5143907	74.0082507		
15.5165948	74.0118053		
15.5073014	74.0148738		
15.5018918	74.0129292	Iron Ore Stacking Area	
15.5134940	74.0009237		
15.6350376	73.9562246		mine
15.6284944	73.9375859		
14.7495215	77.3912868		
15.5051149	73.9353032		
12.8928443	77.5675962		
15.3967988	74.1025468		
14.9108908	74.1343206		
15.3663610	74.1724965		
15.3247538	74.1589173		
13.1506633	77.5716211		
12.9949021	77.7030625		
13.0262922	77.6096360		
22.0527559	88.0804783	Satish Samanta Trade Centre	
17.9031782	79.3649876		
13.0328706	77.5911408	BWSSB	
18.9736681	72.8473994		
18.9775421	72.8526619		
17.6860051	83.0036094	"APSRTC Bus Depot , Anakapalli"	depot
15.5886530	73.8208872		
15.5987294	73.8248792		
15.6925691	73.8270958		
19.1918814	72.9591000	Anand Industrial Works	
10.6019539	76.1597336	APC Aluminium Private Limited	
10.6022125	76.1634614		
15.8412112	76.1869602		
15.3962011	75.5113413		
23.4270299	92.8536625		
22.9264629	88.6243082		
20.8573160	77.7211689	Central Warehousing Corporation	warehouse
15.6862676	78.4637352		
12.9880182	77.4975130		
12.9779067	77.5197927		
12.9783817	77.5195178		
15.0181736	75.9356638	KSRTC Depot	depot
25.4982936	81.5950954		brickyard
16.3339782	80.4388604	Power Station	
12.2403156	79.0882692		
20.2207996	72.8469140		
20.2165259	72.8540968		
19.3549644	73.1752592		
19.3599092	73.1773996		
19.3611036	73.1717991		
19.3559158	73.1634414		
19.3523729	73.1353748		
19.3256655	73.1065679		
19.3228172	73.0839515		
19.2979902	73.0786246		
19.2888461	73.0760497		
19.3183269	73.0761409		
19.2961169	73.1495154		
19.3107282	73.1581736		
19.2847297	73.1435287		
19.2817675	73.1390660		
19.2950232	73.1144642		
19.3072299	73.1350238		
19.3043721	73.1453418		
19.3100701	73.1269741		
19.3100397	73.1445586		
19.3227464	73.1560492		
19.3278085	73.1445694		
19.3290233	73.1559419		
19.3435964	73.1616872		
19.3750005	73.2074189		
19.3827833	73.2060456		
19.3843119	73.1805968		
19.3780470	73.1774210		
19.3743325	73.1873988		
19.3665926	73.1914919		
26.7142373	88.4204625		
30.8298170	75.9403148		
30.8289477	75.9414898		
30.8969231	76.0087931		
30.8964469	76.0102201		
30.8956655	76.0102079		
30.8952904	76.0102119		
30.8953201	76.0097363		
30.8973976	76.0097689		
30.8781250	76.0320256		
30.8764874	76.0330419		
30.7376783	75.8298295		
19.0702554	73.0554127		mine
19.0031631	73.0285245		
19.0210970	73.0543553		
19.0114861	73.0410830		
26.5169561	88.7035180		factory
16.3286809	80.4376881	Power staition	
12.9659563	79.8526954		
12.9308961	79.8978081		
12.8919191	79.9095487		
12.8942734	79.9090341		
12.8948341	79.9082770		
12.8956166	79.9077009		
12.8962375	79.9071072		
12.8960615	79.9096846		
12.8960081	79.9092457		
12.8961108	79.9100941		
30.8832416	75.9498447		
26.6219172	88.4448030		warehouse
19.2393627	73.0538544		
19.2421003	73.0532241		
19.2467446	73.0535245		
19.2361238	73.0405641		
26.5962526	88.4955416		
26.5966904	88.4948650		
26.5965668	88.4965531	Mega Infra Park	
12.8742216	77.5924075		
18.3826797	76.3115336		
14.7463584	74.2283749	Amadalli Port	port
19.2084467	73.1126162		
19.2107415	73.1097007		
19.2128640	73.1069702		
19.2185047	73.1064671		
19.2182312	73.1081806		
19.2163986	73.1074711		
19.2155899	73.1101297		
19.2198071	73.1121268		
19.2181962	73.1118426		
19.2160061	73.1058189		
19.2135866	73.1092706		
19.2128393	73.1120610		
19.2181734	73.1145082		
19.2155433	73.1158344		
19.1765597	73.0926955		
19.1752044	73.1148049		
19.1621974	73.1161567		
19.1802483	73.1927928		
19.1800158	73.2021262		
19.1860317	73.1983933		
19.1837349	73.1943138		
19.1844208	73.1909528		
19.1789661	73.1881740	Additional Industrial Area	
19.1768432	73.1946047		
19.1655201	73.1883001	Additional Industrial Area	
19.1878431	73.1984477		
19.1845422	73.2028635	Additional Industrial Area	
19.1720145	73.1977703		
19.1605417	73.1882700	Additional Industrial Area	
19.1616653	73.1847435	Additional Industrial Area	
19.1119916	73.1302089		
19.1167536	73.1314534		
19.1272072	73.1128549		
13.1897312	77.6377952		
19.0983105	73.0810922		
19.0962144	73.0775973		
19.0953856	73.0775758		
19.0952701	73.0748145		
17.7300791	83.3425558	"APSRTC Bus Depot , Waltair"	depot
23.1225583	72.4206681		
12.9693656	77.4555106		
12.9869660	77.4482467	Machohalli Industrial Area	
22.4116041	82.6247173		brickyard
19.0554437	73.0251979		
18.9497507	72.8396360		
9.3975855	77.9867716		
12.8397651	77.6942190	Sireesh Auto Stock Yard	warehouse
18.7529049	73.8340496	Bausch + Ströbel	
18.7522465	73.8328498	Purflux Engine Systems	
18.7564866	73.8319457	Japtech Aluminium Pvt. Ltd.	
28.4341512	76.8011864	Maersk	
9.2706031	77.4058512		
26.5241050	88.7147236		warehouse
15.6277019	73.7683279		
13.0099368	77.6681042		
28.7245215	76.7333472		
15.5963305	73.8148621		
11.6223847	76.2506511		
12.3872194	80.0606882		
17.9687693	83.1620872	Steel Exchange India Ltd	
15.5972247	74.1400713		
15.6255774	73.7715182		
28.6059769	77.3908414		
13.2798240	80.0817570		
13.2792392	80.0832255		
15.3294354	74.0263456		
28.4621275	77.5003102		
12.9025688	77.8036723		
12.9187230	77.7590321	Breedon Concrete Solutions	
12.9185559	77.7559799		
15.2601345	74.0694568		
15.2626237	74.0704196		
15.2676980	74.0015539		
13.1189138	77.5252318		
9.2726891	78.0622441		
15.4076063	73.7980091		
13.1069322	77.5157882		
15.5245927	73.9833739		
15.5297084	73.9952253		
28.4256663	77.0042882	Rico Auto Industries Ltd	
12.3055080	79.7450029		
15.5578712	73.8021288		
15.5588891	73.8021770		
15.5579569	73.8023574		
15.5565513	73.8025018		
15.5667468	73.8041674		
13.0123525	77.6876247		
13.0156586	77.6912006		
10.5656445	76.2489525		
14.0105403	79.8671115		
14.0134244	79.8627311		
10.7604637	78.6143473		
18.5888208	73.7018415	Doehler India Pvt Ltd	
18.6256033	73.7458334	Ecozen Solutions Pvt Ltd	
18.4491336	73.8988920	Elica PB Whirlpool Kitchen Appliances Pvt Ltd	
19.1096606	72.8886609	Ansa Industrial Estate	
19.0484688	72.9105809	Majithia Industrial Estate	
19.1013000	72.8889589		
19.0927685	72.8917377		
19.0897833	72.8936505		
19.0867588	72.8937212		
19.1012194	72.9141905	Ghatkopar Industrial Estate	
19.2188304	72.8616428	Neha Industrial Estate	
18.5960100	73.7013465	KNORR-BREMSE Technology Center India Private Limited	
17.7565434	83.2219973	"APSRTC Bus Depot , Simhachalam"	depot
13.0525199	77.5821132		
23.2867630	77.3424587		
21.4064750	78.8646542	Savner MIDC	
17.6141759	75.9383383	Food Corporation of India	warehouse
11.4092684	77.6862962		
28.6811808	77.3884645	Sunrise Industrial Area	
17.7402277	83.3361965	APSRTC MVP Station and  Bus Depot	depot
18.6182572	73.8412323	Amphenol	
12.9727086	77.3667258	Raajastra Harish	
15.9688314	80.8862226	Naveen electricals	factory
15.9688348	80.8862120	naveen electricals	factory
10.2766588	76.3848958	Niero Paints	
10.2775496	76.3857424		
10.2798116	76.3854103	Pynadathu Rubbers	
10.2799513	76.3849729	Chemban Coconut Products	
9.5456365	76.5170121	Flooratex Rubber & Plastics (P) Ltd.	
18.4781618	73.9632606	Supreme Chemical Venture Pvt	
18.5899889	73.6992298	Brose India Automotive Systems Pvt. Ltd	
18.5955139	73.7434052	Praj Industries Limitted	
17.7015729	83.2948214	GVMC	depot
12.7709097	77.7001606		
12.7705748	77.7020381		
12.7781908	77.6999876		
12.7803319	77.6961024		
17.9532801	83.3551128		
16.6324476	80.5844576	ns homes	storage
15.4097592	79.9228509	bus stand	depot
15.4122585	79.8678770	tobacco board	
22.7406927	75.7961006	Gandhi Nagar Depot	depot
26.2313678	86.2218761		brickyard
26.2244545	86.2149470		brickyard
26.2246781	86.2192843		brickyard
26.2256262	86.2194251		brickyard
26.2235171	86.2146970		brickyard
26.1978224	86.2171740		brickyard
13.0522898	77.6984131		
13.0498336	77.6990112		
13.0500949	77.6967523		
13.0275247	77.6762433		
13.0271451	77.6737698		
13.0243059	77.6732399		
13.0331332	77.6763514		
17.1511743	79.6213747	"TGSRTC Bus Depot, Suryapeta"	depot
13.0374346	77.6877195		
13.0337923	77.6843081		
13.0373996	77.6885949		
27.5442005	79.1607332		
27.4896689	79.1598347		
27.5775553	79.1095715		
27.5195387	79.1171271		
17.0022998	81.7890955	"APSRTC Bus Depot , Rajamahendravaram"	depot
16.8367164	82.0348793	"APSRTC Bus Depot, Ramachandrapuram"	depot
16.9655777	82.2404813	"APSRTC Bus Depot , Kakinada"	depot
17.2638956	81.8503902	"APSRTC Bus Depot, Gokavaram"	depot
17.2858849	82.1067048	"APSRTC Bus Depot , Yeleswaram"	depot
17.3696274	82.5432833	"APSRTC Bus Depot,Tuni"	depot
17.6626552	82.6151383	"APSRTC Bus Depot , Narsipatnam"	depot
18.0886228	82.6695395	"APSRTC Bus Depot , Paderu"	depot
17.6835748	83.1657790	"APSRTC Bus Depot , Kurmanapalem (Steel City)"	depot
17.6915630	83.2243337	"APSRTC Bus Depot, Gajuwaka"	depot
17.8066168	83.3666892	"APSRTC Bus Depot , Madhurawada"	depot
18.1076740	83.1406676	"APSRTC Bus Depot , Srungavarapukota"	depot
18.5201694	83.1946846	"APSRTC Bus Depot , Salur"	depot
18.7728343	83.4223545	"APSRTC Bus Depot, Parvathipuram"	depot
18.5959608	83.7707037	"APSRTC Bus Depot , Palakonda"	depot
18.5941724	84.2230234	"APSRTC Bus Depot , Tekkali"	depot
18.7707595	84.4164119	"APSRTC Bus Depot , Palasa"	depot
16.0243851	80.9171860	"APSRTC Bus Depot , Avanigadda"	depot
16.8976335	80.1006518	"APSRTC Bus Depot , Jagayyapeta"	depot
16.7091295	81.0897030	"APSRTC Bus Depot , Eluru"	depot
16.5480306	81.5413890	"APSRTC Bus Depot , Bhimavaram"	depot
16.4406283	81.7024563	"APSRTC Bus Depot, Narsapur"	depot
16.4676433	81.8353008	"APSRTC Bus Depot , Razole"	depot
16.5799110	81.9968985	"APSRTC Bus Depot , Amalapuram"	depot
16.7449708	81.8353906	"APSRTC Bus Depot , Ravulapalem"	depot
16.7584997	81.6720146	"APSRTC Bus Depot , Tanuku"	depot
16.8191480	81.5227510	"APSRTC Bus Depot , Tadepallegudem"	depot
16.9004411	81.6732645	"APSRTC Bus Depot , Nidadavolu"	depot
17.0171502	81.7274532	"APSRTC Bus Depot , Kovvur"	depot
13.7516265	79.7080408	"APSRTC Bus Depot , Srikalahasti"	depot
13.7214954	79.9992340	"APSRTC Bus Depot , Sullurupeta"	depot
13.4414569	79.9533248	"APSRTC Bus Depot , Satyavedu"	depot
13.4341705	79.5522608	"APSRTC Bus Depot, Puttur"	depot
13.6299166	79.4250778	"APSRTC Bus Depot, Tirupati"	depot
13.6479573	79.4133116	"APSRTC Bus Depot , Alipiri"	depot
13.6757543	79.3522994	"APSRTC Bus Depot , Tirumala"	depot
13.6535650	78.9465778	"APSRTC Bus Depot, Pileru"	depot
13.3655580	78.5636884	"APSRTC Bus Depot , Punganur"	depot
13.2026680	78.7539965	"APSRTC Bus Depot , Palamaneru"	depot
13.2126547	79.0928212	"APSRTC Bus Depot , Chittoor - 1"	depot
13.2193027	79.1070865	"APSRTC Bus Depot , Chittoor - 2"	depot
12.7480395	78.3462739	"APSRTC Bus Depot , Kuppam"	depot
12.9900742	77.7081484		
17.7459354	83.2483421		
17.7392774	83.2544969		
23.1948528	72.6220996		
22.6145723	72.3971169		
13.2610813	77.5759434		
13.2600177	77.5760581		
13.2609262	77.5795172		
13.2653562	77.5505376		
13.2721144	77.5779993	Hitachi Astemo	
13.2790273	77.5842744	Honda Motor India	
14.8691664	76.8115219	Devasamudra	
13.8350862	77.4984317	"APSRTC Bus Depot , Hindupuram"	depot
13.9441299	77.2774351	"APSRTC Bus Depot , Madakasira"	depot
14.1005349	77.5991003	"APSRTC Bus Depot, Penukonda"	depot
14.1528377	77.8114897	"APSRTC Bus Depot , Puttaparthi"	depot
14.1181756	78.1617607	"APSRTC Bus Depot , Kadiri"	depot
14.4101991	77.7148370	"APSRTC Bus Depot , Dharmavaram"	depot
14.4643213	78.8299177	"APSRTC Bus Depot , Kadapa"	depot
14.0595905	78.7682323	"APSRTC Bus Depot , Rayachoti"	depot
14.1990296	79.1545147	"APSRTC Bus Depot , Rajampeta"	depot
14.4403201	79.9774385	"APSRTC Bus Depot - 2, Nellore"	depot
14.4404259	79.9782183	"APSRTC Bus Depot - 1 , Nellore"	depot
14.1978803	79.5347755	"APSRTC Bus Depot , Rapur"	depot
14.1445995	79.8564259	"APSRTC Bus Depot , Gudur"	depot
13.9451361	79.5931469	"APSRTC Bus Depot , Venkatagiri"	depot
14.0026157	80.0779388	"APSRTC Bus Depot , Vakadu"	depot
15.8767548	78.5824693	"APSRTC Bus Depot , Atmakur (K)"	depot
15.4899841	78.4779784	"APSRTC Bus Depot , Nandyal"	depot
14.7240396	78.7305687	"APSRTC Bus Depot , Mydukuru"	depot
14.7457449	78.5625913	"APSRTC Bus Depot , Proddutur"	depot
14.8422142	78.3869563	"APSRTC Bus Depot , Jammalamagudu"	depot
15.1324922	78.5044798	"APSRTC Bus Depot , Allagadda"	depot
15.2286651	78.3125867	"APSRTC Bus Depot , Koilakuntla"	depot
15.3195717	78.2210362	"APSRTC Bus Depot , Banaganapalli"	depot
15.8546066	78.2609179	"APSRTC Bus Depot , Nandikotkur"	depot
15.8232551	78.0262434	"APSRTC Bus Depot-2, Kurnool"	depot
15.8244034	78.0262528	"APSRTC Bus Depot-1 , Kurnool"	depot
14.9048037	78.0153792	"APSRTC Bus Depot , Tadipatri"	depot
14.6840539	77.6003462	"APSRTC Bus Depot , Anantapur"	depot
14.5444264	77.1125517	"APSRTC Bus Depot , Kalyanadurgam"	depot
14.6965790	76.8597011	"APSRTC Bus Depot , Rayadurgam"	depot
14.9361434	77.2561826	"APSRTC Bus Depot , Uravakonda"	depot
15.1490363	77.3749815	"APSRTC Bus Depot , Guntakal"	depot
15.1134543	77.6353115	"APSRTC Bus Depot , Gooty"	depot
15.4041386	77.8747308	"APSRTC Bus Depot , Dhone"	depot
15.3902986	77.4983418	"APSRTC Bus Depot , Pattikonda"	depot
15.6204124	77.2866055	"APSRTC Bus Depot , Adoni"	depot
15.7645024	77.4822700	"APSRTC Bus Depot , Yemmiganuru"	depot
15.2182571	79.9010109	"APSRTC Bus Depot , Kandukur"	depot
14.9086851	79.9952276	"APSRTC Bus Depot , Kavali"	depot
14.7374094	79.0613360	"APSRTC Bus Depot , Badvel"	depot
14.8834888	79.2991850	"APSRTC Bus Depot, Udayagiri"	depot
15.3770655	78.9335408	"APSRTC Bus Depot, Giddalur"	depot
15.4004447	79.5104290	"APSRTC Bus Depot , Kanigiri"	depot
15.6024742	79.6076068	"APSRTC Bus Depot , Podili"	depot
15.7464310	79.2753147	"APSRTC Bus Depot , Markapuram"	depot
15.5104145	80.0417157	"APSRTC Bus Depot, Ongole"	depot
16.0554860	79.7406242	"APSRTC Bus Depot, Vinukonda"	depot
15.8107067	79.9758030	"APSRTC Bus Depot, Addanki"	depot
15.8415415	80.3755166	"APSRTC Bus Depot , Chirala"	depot
16.2282033	80.0507078	"APSRTC Bus Depot , Narasaraopeta"	depot
16.0978403	80.1696476	"APSRTC Bus Depot, Chilakaluripeta"	depot
16.2967185	80.4571689	"APSRTC Bus Depot-1, Guntur"	depot
16.2954287	80.4574124	"APSRTC Bus Depot-2, Guntur"	depot
16.0764163	80.5476487	"APSRTC Bus Depot , Ponnuru"	depot
16.4246355	80.5585987	"APSRTC Bus Depot , Mangalagiri"	depot
16.3923717	80.1562151	"APSRTC Bus Depot, Sattenapally"	depot
16.4824753	79.8787782	"APSRTC Bus Depot , Piduguralla"	depot
16.4748723	79.4236703	"APSRTC Bus Depot , Macherla"	depot
15.9091618	80.4885249	"APSRTC Bus Depot , Bapatla"	depot
16.5434590	80.8065561	"APSRTC Bus Depot , Gannavaram"	depot
16.4319990	80.9976171	"APSRTC Bus Depot, Gudivada"	depot
16.5903222	80.5198602	"APSRTC Bus Depot , Ibrahimpatnam"	depot
17.1171474	81.2949942	"APSRTC Bus Depot, Jangareddigudem"	depot
16.1888330	81.1368550	"APSRTC Bus Depot , Machilipatnam"	depot
24.5902441	93.6677156		
13.6563475	79.4688063	"APSRTC Bus Depot , Mangalam ( Tirupati )"	depot
16.7810319	80.8481983	"APSRTC Bus Depot , Nuzividu"	depot
16.0205032	80.8271999	"APSRTC Bus Depot, Repalle"	depot
16.2446273	80.6452713	"APSRTC Bus Depot, Tenali"	depot
13.0313360	77.6244948		
13.0301676	77.6240221		
13.1554404	77.3386055		
13.1591152	77.3264994		
13.1638568	77.3367736		
13.1867175	77.3234551		
13.1756067	77.3256156		
13.1783123	77.3254734		
13.1758430	77.3212570		
13.1746378	77.3205516		
13.0246298	77.6165548		
26.1629855	85.9080996	Darbhanga Dairy	
13.1611667	77.4128397		
10.0895704	76.3997600		
10.0908592	76.4035352		
10.0864053	76.4013344		
10.0882057	76.4051089		
10.1164815	76.4077301		
9.9903112	76.3853538		
18.3108559	83.8942886	"APSRTC Bus Depot , Srikakulam -2"	depot
18.3108036	83.8935128	"APSRTC Bus Depot, Srikakulam - 1"	depot
17.7359722	83.3192452	"APSRTC Bus Depot , Maddilapalem"	depot
17.7360025	83.3185078	"APSRTC District Bus Depot , Visakhapatnam"	depot
8.6648608	76.7651393		
12.8627666	77.7999377		
8.5707240	76.8470210		
13.1345149	77.9854711		
13.1217110	77.9904693		
13.1228701	77.9909670		
13.2619754	77.9185205		
13.2117199	77.9848167		
13.2048482	77.9826431	Vemagal Industrial Area Phase 1	
13.2040891	77.9910596	Vemagal Industrial Area Phase 1	
13.1999135	78.0108654		
13.1985276	78.0125749		
13.1989983	78.0069879		
13.1970093	78.0034835		
13.1991753	77.9983994	Tata Advanced Systems Limited	
23.2455152	77.4232123		depot
23.2459335	77.4231515		depot
23.2464734	77.4232040		depot
13.0421574	77.6472233		
13.0426421	77.6507998		
16.2126877	81.2141406	Machilipatnam Port	port
13.0631965	77.6707733		
13.0535610	77.6738582		
13.2290719	77.7734775		
12.5104454	78.5659923	Sri Bhagyalakshmi Kungumam Factory	
12.9317169	77.7214173		
16.3596310	80.8521696	"APSRTC Bus Depot , Vuyyuru"	depot
14.6248710	79.6204832	"APSRTC Bus Depot , Atmakur (N)"	depot
13.5571149	78.5075061	"APSRTC Bus Depot , Madanapalle - 1"	depot
13.5561216	78.5072851	"APSRTC Bus Depot , Madanapalle - 2"	depot
14.4342208	78.2331568	"APSRTC New Bus Depot , Pulivendula"	depot
12.8226447	77.6819215	Syngene	
12.8233299	77.6826828	Stellis Biopharma	
12.8051494	77.6971847		
31.8299421	75.3716316		
12.8821728	77.6466525		
12.8803183	77.6465580		
12.9028391	77.7039605		
12.8839890	77.6448527		
13.0903988	77.7404842		
28.6306173	77.1297881	Food Corporation of India Mayapuri Depot	warehouse
15.6311864	73.8283015		
15.6291150	73.8297567		
15.6239680	73.8227043		
15.6232861	73.8238630		
23.7870459	87.4025630		
16.8678198	74.2247469	wabcos	
30.6833831	75.0569303	SM	brickyard
30.6840707	75.0544829	gadam	warehouse
12.8670684	77.6576726		
12.8672293	77.6565639		
30.6827460	75.0594723		warehouse
30.6827181	75.0576426		
30.6827247	75.0555163		
27.5905727	77.1308758	"Power House, Kaithwara"	
11.0553266	77.3443520	Oxo Group Of Companies	
11.0438620	77.3483175	Moon Coorps	
11.0411669	77.3523904	Shree Shanmugalvel Knitting	
11.0477957	77.3427197	Phoenix Exports	
11.0493370	77.3426959	Benso Garmenting	
30.9896658	75.6964755		
30.9881908	75.6733892		
15.5080385	73.7802741		
16.8680272	74.1952969	MSEB	
30.9809981	75.6693689		
15.5820806	73.9549450	Kumbhar Pottery Studio	
15.5916543	73.8083412		
12.7908345	77.7627903		
12.7752689	77.7821968		
12.6222278	77.9990661		
12.6336238	77.9830406		
12.6386107	77.9875007		
12.6655564	77.9982921		
12.6654812	77.9994164		
12.6698649	77.9548305		
12.6689998	77.9454698		
12.6808477	77.9564009		
12.6813458	77.9557912		
12.6952134	77.8586097	Sua Explosive	
12.6632352	77.8720110		
12.6613908	77.8710677		
12.6546290	77.8431573		
12.6668416	77.8573421		
24.6864202	84.9889749	Brick yards	
30.9757749	75.6925242		
30.9643638	75.6764599		warehouse
30.9591808	75.6729590		brickyard
23.8055152	87.3914221		brick_klin
30.9574352	75.6729845		
15.6304282	73.7743312		
12.9908160	77.8332776		
12.9991767	77.8274247		
12.9958242	77.8298722		
12.9961006	77.8284144		
12.9941875	77.8305696		
12.9951754	77.8246674		
15.5825115	73.7827152		
15.5824961	73.7833107		
15.5821421	73.7839732		
15.5821615	73.7846680		
13.0474114	77.5942660		
33.8709511	74.8948288	"Industrial Area, Pulwama"	
15.5694728	73.7916667		
18.8646417	74.4891627		
19.1157725	74.5659874		
19.1106212	74.5704537		
13.1195253	77.3788347		
24.7997265	84.9721417		
16.5215016	81.6984796	Ranga Raju Rice mill	rice_mill
16.5215281	81.6947224	Rice Mill	rice_mill
16.5257568	81.6954731	Coconut mill	
16.5672020	81.6686165		rice_mill
13.0726474	77.5942126		
24.8052906	85.0310776		
24.8046510	85.0356338		
24.8032407	85.0333529		
26.6702524	88.4213678		
13.1113655	77.8293708		
13.1230033	77.8421286		
13.1219324	77.8403503		
13.1316340	77.8535545		
13.1325929	77.8551401		
13.1337736	77.8514606		
13.1397644	77.8591646		
13.1376572	77.8569397		
13.1413087	77.8611213		
13.1412896	77.8635460		
13.1445384	77.8657343		
12.8814434	77.5980518		
15.4167055	75.0596376	Murali Industries	food_processing
15.4165932	75.0606668	SWAL Depot - Hubali	
15.6120414	73.8244642		
15.6128896	73.8256748		
15.6117638	73.8255530		
15.6129702	73.8267142		
28.5411190	77.2782849		
28.5414610	77.2780653		
28.5412855	77.2781744		
28.5418025	77.2778421		
28.5416260	77.2779582		
28.5412337	77.2774618	Iki Chic Private Limited	
28.5414422	77.2773363		
28.5403732	77.2779698	Delhivery	warehouse
28.5413424	77.2773973		
28.5408590	77.2777034		
28.5410216	77.2775980		
28.5415430	77.2772724		
28.5411289	77.2775299		
15.5885794	73.8142809		
13.0381229	77.6684067		
13.0379109	77.6697765		
13.0368856	77.6701494		
13.0441426	77.6721651		
13.0456250	77.6780471		
13.7060484	75.8195793		
14.5786229	74.3891573		
14.5813744	74.3762961		
12.8886325	79.9198770		
12.8048963	79.9018061		
12.8388629	79.8842566		
12.8390717	79.8912877		
15.5976861	73.8130540	Esteem Industries	
13.0373490	77.7043047		
16.0868658	73.4632927		port
30.4145745	76.8820465		
12.9192465	77.6438067		
12.9201435	79.9112292		
12.9180713	79.9042000	Prabhu Laser Components	
12.9187920	79.9036992		
12.9174547	79.9022910	Nichias Industrial Products	
12.9180513	79.9030288	Kus Technology	
12.9163591	79.9006691	Metco Roof	
12.9168536	79.9015429		
12.9152656	79.9021217		
12.9164862	79.9048530		
12.9162326	79.9044604		
12.9166016	79.9040125	Modine Thermal Systems	
12.9160242	79.9028738		
12.9111131	79.9203361	Freudenberg NOK	
12.9115505	79.9186273	Malhotra Cables	
12.9162883	79.9221053	Klemove	
12.9150535	79.9209881		
12.9129031	79.9200867	Mekins Industries	
12.9132061	79.9212779	Delux Rubber	
12.9128708	79.9211721	Elduction Systems	
12.9123865	79.9210671	Rambal	
12.9129975	79.9194828		
12.9130499	79.9190512		
12.9132032	79.9185059	Naagu Leather	
12.9133689	79.9177169	Kumar Industries	
12.9135408	79.9169935		
12.9137219	79.9164333	Stork Rubber Products	
12.9142036	79.9165128	MBM	
12.9081478	79.9226224		
12.9086297	79.9212853		
12.9103845	79.9226788		
12.9095862	79.9226425		
12.9101536	79.9237481	Satyam Auto Components	
12.9098648	79.9247410		
12.9101960	79.9268696	ArcelorMittal Neel Tailored Blanks	
12.9101498	79.9280341		
12.9114863	79.9268605	Kukdong Coolant	
12.9120027	79.9273598		
12.9127327	79.9274327		
12.9123870	79.9257566	Roki Uno Minda	
12.9123385	79.9246358	Sreevari	
12.9122298	79.9226963	JB Enterprises	
12.9128388	79.9228270		
12.9115371	79.9163593		
12.9114508	79.9169341		
12.9117973	79.9175010		
12.9146153	79.9144740	Zebro Officemate	
12.9147656	79.9135281		
12.9147624	79.9128866	Sriram Foams	
12.9147704	79.9123038		
12.9138100	79.9133265	Nisco Aegis Polymers Limited (NAPL)	
12.9138009	79.9126419	Dynamic Precision Tools & SPM	
12.9134978	79.9119937	JM Frictech	
12.9149604	79.9112202		
12.9151812	79.9103414		
12.9152927	79.9099064	Western Airducts	
12.9154197	79.9094258		
12.9145810	79.9090244		
12.9134688	79.9096221	Voestalpine	
12.9135573	79.9102211	Thirupathi Industries	
12.9136140	79.9106288		
12.9137127	79.9110036		
12.9127828	79.9083960		
12.9159541	79.9067897	KCC Paint	
12.9051681	79.9064688	Ruhrpumpen	
12.9051864	79.9071789	Kappa Electricals	
12.9065533	79.9073958	SMRC	
12.9039143	79.9064664	AV Light	
12.9039394	79.9074500		
12.9039707	79.9084356		
12.9034754	79.9091021		
12.9029431	79.9084656	Swaamy Industries	
12.9029252	79.9077986	PPAP Automotive	
12.9028870	79.9064996	Elta Tools & Dies	
15.9887300	73.6586801	Bamboo Terminus	
12.9154403	79.9050271	Hanam Electricity	
12.9139715	79.9059890		
12.9135407	79.9062681		
12.9128228	79.9063518		
12.9136882	79.9077650		
12.9140064	79.9075591		
12.9143145	79.9073564		
12.9153995	79.9084646		
12.9149799	79.9081942		
12.9146141	79.9071689		
12.9145958	79.9079100		
12.9149236	79.9069752		
12.9148287	79.9042704	Mipalloy Nomura Plating Company	
12.9138266	79.9042384	Nippon Paint	
12.9167051	79.9056691		
12.9259559	79.8945814	Luxshare Precision Industry India	factory
12.9208825	79.9149347	LyondellBasell	
12.9203978	79.9147398		
12.9201775	79.9055360		
22.2261705	69.6628905		
12.9197019	79.9047791		
12.9191432	79.9044976		
12.9190651	79.9013465	Korea Fuel Tech India	
12.9204417	79.9022488	Pyung Hwa	
12.9219408	79.9032724	PPG Asian Paints	
12.9227178	79.9040267		
15.8557151	73.6334001		depot
16.1919470	73.6396140		mine
16.1939612	73.6419851		mine
16.1937294	73.6552084		mine
15.8561663	73.6223500		port
8.7370642	76.8339378	RIET College Bus Depot	depot
15.7533340	73.8065117		
15.5886743	73.8148025		
13.1107157	77.6245390		
15.9179334	73.7543267		
15.9258055	73.7621480		
24.8797220	84.8675610	Brick yards	
24.8828263	84.8731818	Brick yards	
24.8806207	84.8723601	Brick yards	
15.5941478	73.9747158		
24.7951044	85.0486431	Brick yards	
24.7922701	85.0522004	Brick yards	
24.7879701	85.0491471	Brick yards	
24.7864279	85.0487399	Brick yards	
24.7937468	85.0445455	Brick yards	
28.2236264	77.6005453		
28.2573381	77.6092297		
28.2570925	77.6125610		
12.9486036	79.9335727	Salcomp	
12.8924368	79.8783195		
12.8934000	79.8804372	Somic ZF	
12.8976198	79.8824052	Federal-Mogul	
12.9013991	79.8815716		
12.8990157	79.8827898		
12.8940997	79.9029253	Tsugami	
12.8953029	79.9024551	Nash Industries	
15.5772305	73.8435839		
13.0220154	77.9169719		
13.0429908	77.8668600		
13.0298951	77.9105051		
11.9822391	76.9058306	Badanaguppe Kellamballi Industrial Area Phase 2	
19.0426419	83.0657709		
23.4844853	87.3558324		
12.8527930	79.9249989	BYD	
12.8598550	79.9221539		
12.8618234	79.9250637		
12.9005257	79.9208555		
12.8990950	79.9223205		
12.9002635	79.9223609		
12.9016745	79.9222347		
12.8969800	79.9189585		
12.8955675	79.9168394	CMR Toyotsu	
12.8962326	79.9131784		
12.8956453	79.9139409	TVS Upasana	
12.8989889	79.9161044		
12.8979620	79.9152436		
12.8977084	79.9130890		
12.8974178	79.9110467	Excel Industrial Packaging	
12.8981400	79.9110247	Saro Steel	
12.8996948	79.9110072	V2H Engineering	
12.8990048	79.9110093	Vignesh Polymers	
12.8991298	79.9090620	BADVE	
12.8982294	79.9087027	SIGMA Forging and Forming	
12.9011766	79.9152355		
12.9011309	79.9146671		
12.8976991	79.9068828		
12.8930351	79.9113765		
12.8937015	79.9112150		
12.8940919	79.9111960		
12.8944869	79.9111829		
12.8948800	79.9111719		
12.8952733	79.9111638		
12.8961641	79.9104813		
18.5188516	78.6542021		
18.5190571	78.6598731		
18.5177179	78.6551439		
28.5293765	77.2333002		construction
12.8786455	77.7434866		
12.8785677	77.7423504		
12.8783395	77.7454296		
12.8806321	77.7383691		
24.8884922	84.8742823	Brick yards	
13.8897977	77.2214713	Sri Krishna Hollow Bricks	brickyard
24.9066500	84.8720737	Brick yards	
12.8996645	77.5737236		
12.8580758	77.7312885		
24.7253403	84.8318693	Brick yards	
24.7304519	84.8343942	Brick yards	
24.7386529	84.8368580	Brick yards	
25.0300815	84.3857929	Brick yards	
13.0551100	77.7183135		
13.0557874	77.7228520		
19.6180523	80.3635580		
19.6086411	80.3496442		
13.0869201	77.6166386		
13.0149145	77.7099091		
13.1916466	77.7889927	HSK Logistics	warehouse
24.8332403	85.0104969		
13.1329182	77.8211482		
13.1338711	77.8213500		
13.1300118	77.8193486		
17.7582500	75.8111958	Ramdev Hardware	
17.7580818	75.8115039	Shyamsunder Vyas and Company	
17.7579603	75.8117826	Shrikrupa Fabrics	textile
17.7578039	75.8120722	Aakash Analytical Laboratory	chemical
17.7576129	75.8125249	Shriram Foods	food_processing
17.7573503	75.8130704		
17.7566276	75.8127164	DNK Foods	food_industry
17.7592110	75.8139809	Himalaya Textiles	factory
13.0312602	77.8284520		
13.0217900	77.8266656		
13.0260504	77.8269158		
15.3644730	74.2062172		
17.7586761	75.8127439	Samarth Udyog	
17.7585858	75.8129383	SRB Chemicals	
17.7584959	75.8131319	Kakade Electricals	electrical
13.0684214	77.8306782		
17.7590269	75.8119646	Samarth Industries	
17.7589094	75.8122221		
17.7583651	75.8134152		
17.7579578	75.8133224	Shree Radheshyam Industries	
17.7580747	75.8130690	Shalam Industries	
17.7582050	75.8127868	Rahee Feeds	agriculture
17.7583064	75.8125667	Siddheshwar Fly Ash Bricks	
17.7584992	75.8121901	Lusha Print and Pack	packaging
17.7586870	75.8117815	Serene Textiles	textile
13.2565373	77.6506233		
13.2443944	77.6477193		
24.8365998	84.9433459	Brick yards	
13.2630771	77.5676930		
24.8559172	85.0070295	Brick yards	
24.8560238	85.0106676		
24.8607283	85.0117597	Brick yards	
24.8603018	85.0143676	Brick yards	
17.7602800	75.8125906	Sameer Group	
17.7599197	75.8124139	AB Corporation	
17.7600267	75.8132580	Cascade Exports	
17.7597273	75.8131279	Solapur Econ Recyfine	recycling
17.7594611	75.8129907		furniture
17.7591948	75.8128532	Shreetex Engineers	engineering
17.7603023	75.8145196	Diyana Industries	
17.7614030	75.8150516	Volant Textile Mills	textile
17.7608092	75.8131772	Kothari Prima	industrial_machinery
17.7617464	75.8141409	Arihant Polymers	polymers
17.7576177	75.8169817		
17.7593101	75.8174148	Mathura Agro	agriculture
12.9085021	77.7438973		
17.7603982	75.8174406	PRB Agro	agriculture
17.7586249	75.8184877	Agrima Agro	agriculture
17.7590347	75.8186895		
17.7594069	75.8188723	Saffroshine Organics	agriculture
17.7596513	75.8189905	Gubbi Bricks	brickyard
17.7600068	75.8191656		
17.7611040	75.8208021	FurFur Agro Oils	agriculture
26.6321104	88.3899107		grinding_mill
12.8268187	77.5945822		
15.6020448	74.1400820		
12.8902160	79.9131682		
12.8898819	79.9134571		
15.2370705	74.1166748		
15.2418588	74.1239059		
15.2369038	74.1264834		
15.2333447	74.1290896		
12.8891704	79.9189250		
8.8522157	78.0808673	Vinfast Auto	
17.7607063	75.8205653	AB Corporation	
17.7604551	75.8199608	Suresh Organics	packaging
17.7556447	75.8123303	BB Knitting Works	textile
17.7644216	75.8115000	Venky's India	food_industry
24.7275606	85.0054067		
13.1103393	77.6236586		
17.7644527	75.8177381	Star Industries	sand
8.8350122	76.7084691	AVK INDUSTRY	grinding_mill
8.8348937	76.7087993	AVK INDUSTRY	grinding_mill
15.4061995	74.5055839		
15.4106186	74.5038297		
15.4249511	74.4921868		
13.0081080	77.6241384	India Garage Indane Division	
15.5535083	74.0343493		
15.5293234	74.0599832		
15.5424279	74.0605840		
19.3006077	72.8663246		
17.7296275	75.7807933	HPCL Depot Solapur	oil_storage
17.7237874	75.7815461	IOCL Solapur Terminal	oil_storage
22.9300683	88.2399166	Deem Roll-Tech Ltd	
22.9315723	88.2398463	Prompt Cast Mech Pvt Ltd	
22.9317260	88.2391989	A.P poly industries	
22.9304351	88.2381546	Santimoyee Cold Storage	
10.8109235	76.5319681	Malabar Ready-mix Concrete	
17.9828515	83.4756450		
18.7527001	73.8318635		
18.7527173	73.8287854		
18.7524696	73.8282184		
18.7535246	73.8278689		
18.7532700	73.8296673		
18.7525251	73.8300057		
18.7523067	73.8287640		
18.7526587	73.8294741		
18.7526079	73.8340351		
24.5933686	73.7732500		
16.7384860	80.2580725	Amba Bus Coach Builders Private Limited	
24.8830924	85.0060969	Brick yards	
24.8787547	84.9993960	Brick yards	
24.8938833	84.9866406	Brick yards	
24.8933169	84.9896611	Brick yards	
24.8959238	84.9973481	Brick yards	
24.8947279	85.0013230	Brick yards	
24.8909662	85.0049711	Brick yards	
24.8947442	85.0039915	Brick yards	
24.8895778	85.0102345	Brick yards	
12.8109670	77.7080262		
12.9472703	77.7744699		
13.0795997	77.6841116		
13.0794636	77.6906989		
13.0855722	77.7002535		
13.3424875	79.0566690	Sree Sannidhi Foods Private Limited	
13.0558172	77.7080893		
13.0543723	77.7027691		
13.0940390	77.7417509		
13.0809503	77.7048745		
14.7704787	75.3323454		
12.9368846	77.8424933		
29.9231685	74.7284460		
13.2577174	77.5399804		
29.7912640	74.5287448		
22.7430995	88.3459165	All India Food Corporation	storage
20.0434488	79.1948742	"Central Stores, WesternCoalfields Limited"	warehouse
12.9647862	77.8159824		
12.9660304	77.8503066		
12.9657350	77.4518833		
13.1456732	77.3896479		
13.1325559	77.3520005		
13.1429307	77.3254090		
13.1510198	77.3264310		
13.1525152	77.3232445		
13.1531276	77.3258838		
13.1549611	77.3221583		
13.2183340	77.2494624		
13.2149525	77.2457582		
15.3438528	74.1920158		
15.3080920	74.1569700		
15.3059173	74.1574665		
15.2890618	74.1768086		
21.7379126	83.8492230	coal washery	factory
19.1345190	72.8355802		warehouse
22.8706339	88.2187400	Lokenath Cold Storage Pvt. Ltd.	storage
17.2648068	78.6000859		
17.2005056	78.4202466		
17.2044565	78.4050948		
17.2299076	78.5959070		
17.1312811	78.4148258		
17.2414699	78.4790272		
17.2092708	78.5091671		
17.2081716	78.5022551		
17.1901537	78.5360348		
17.1893774	78.5067885		
17.2011921	78.5001898		
17.2003108	78.4925401		
17.1676340	78.4693229		
13.2988093	77.4972690		
12.8826089	77.8007614		brickyard
22.8724930	88.2194618	Divij Mercantiles Pvt.Ltd.	factory
12.9993006	77.6761432		
12.9947894	77.6679869		
17.8895875	83.3380459		
17.8891300	83.3371689		
17.8889411	83.3358908		
10.7575821	76.3278529	Malabar Granite Metals	
10.9050351	76.9764592	Janatics India Pvt Ltd	
10.7715717	77.0157819	Vandewiele-Savio India Pvt Ltd.	
10.7902583	77.0155546	Coimbatore Metal Works	
19.0535393	73.1305696		
15.4305715	74.0602004		
15.4341685	74.0581967		
15.4355983	74.0561342		
15.4393162	74.0570676		
15.4355130	74.0389815		
15.5116990	73.8427871		
18.6246776	73.9179913	PMPL Bus Depot	depot
11.2875877	78.0450202		
23.9237770	92.6538688		
24.4001995	92.5588739		
15.6026945	77.3046803		
12.8746219	77.5924466		
15.4817540	73.8748035		
15.5923178	73.8200299		
12.7965724	77.6261275		
12.7933448	77.6226501		
12.7941923	77.6247487		
12.7964430	77.6168955		
12.7954045	77.6172253		
12.8035456	77.5974923		
12.8164202	77.5828796		
12.7995242	77.6013547		
15.6357815	74.5020944		
15.7519470	74.4941897		
15.7404108	74.4936776		
12.8227205	77.5776360		
12.8771814	77.7975922		
15.7119188	74.2240786		
31.4630767	77.8390304		
12.8623840	77.8806987		
15.6959525	73.7157987		
15.3585947	74.1337219		
15.2769448	74.1532550		
15.2785692	74.1531126		
15.2934393	74.1523336		
13.7583262	74.7339384	Kanchan cashew factory-Naymannu	
13.7361287	74.7120528	Nishruth-Fertilizer factory	
21.1268582	79.0063882	Vinayaka Group Nagpur	
15.8516861	73.8720792		
10.8168709	76.8103511	Galvo Steel Doors	
15.7619377	74.0186812		
16.7782566	80.8822554		
15.5236906	73.7958886	JOSMO Furniture Studio	
15.5282612	73.7957484	Kineco Kaman Composites India Pvt Ltd	
15.5329652	73.7961630	Unichem Laboratories Ltd. Plant II	
15.5265496	73.7948971		
15.5250176	73.7955036		
15.5243688	73.7960723		
15.5294398	73.7952777		
15.5266260	73.7936318		
15.5248933	73.7929077		
15.5269811	73.7928545		
15.5283804	73.7933998		
15.5288217	73.7941859		
15.5278096	73.7941663		
10.8653147	76.8847132		
15.6212144	73.7966689		
12.3498013	76.5951967		
12.3528925	76.5850527		
12.3651208	76.5630502		
12.3549735	76.5680579		
12.3612040	76.5641445		
20.3529057	85.8060907	Buiscuit Factory	
13.1783572	77.7335751		
10.7902196	76.6370669	Comtrust Super Designer Tiles	
17.3766823	82.5412769		
15.5898617	73.7963425		
16.6750886	80.9543859		
17.4357109	78.3872870		concrete_plant
18.1835300	83.6771321		
17.5008837	82.9608053		
17.4970440	82.9600650		
17.4987169	82.9545960		
16.8352838	74.6277626		
16.9870386	74.7673488		
16.9874196	74.7737807		
16.9945955	74.7834286		
17.0205253	74.8530024		
16.9116698	74.7012136		
15.5066850	73.8419166	Marine Slipway	
15.5060120	73.8352761		
17.0635024	81.5549793		
17.0645455	81.5426571		
8.8716176	76.5994509	Kinfra Mundakkal Industrial Area	
16.7330206	74.7016241		
16.7396437	74.7228429		
30.1780866	78.1039531	Tata Communication	telecommunication
16.8396714	81.6711700		
13.7885046	77.4339764		
26.8441716	89.3806880	Harmony Industrial Park	
15.5813210	73.9543819		
15.5816834	73.9559474		
15.5845599	73.9538958		
15.5825727	73.9537839		
12.8878583	77.5595644		
13.2327113	78.7228346		
13.2372115	78.7284010		
13.5974178	78.4953864		
17.1387962	81.2131576		
15.5797471	73.7914659		
26.6345640	88.4345046		warehouse
13.1023521	77.6366263		
13.1127285	77.6337634		
21.7588911	72.0846009		
21.7552277	72.0832890		
13.3064987	77.6163373	Devanahalli General Industrial Area	
26.6396378	88.4294734	Beekay Warehousing Company	warehouse
31.1267749	75.3835435		
31.0836192	75.2293213		
31.0367846	75.3585780		
12.9903901	77.7564527	Safal Oil Factory	
12.9914791	77.7574667	KSBCL Depot	
15.5889569	73.8256483		
12.9089215	80.0736554	"ஆம்னி பேருந்து நிறுத்தம், முடிச்சூர்"	depot
31.1305434	75.3417576		
17.2333741	78.5019062	Mega Dairy	food_industry
31.1228931	75.4488910		
31.1430070	75.4883567		
31.1195209	75.5045339		
17.0920960	79.2524273		depot
19.5516853	84.8691213		
30.9588898	75.5467167		
15.6939981	74.2096210		
15.6947754	74.2102566		
15.3990496	73.9535451	Dempo Undir Shipyard	
15.3956362	73.9553181		
18.8594591	83.5721095		
15.3680309	73.9253856	DBL	
15.3722292	73.9293543		
15.3717449	73.9316194		
12.9728614	77.7195220	Autocrat Engineers	
12.9966900	77.7258830	BWSSB 5MLD ISPS Sadarmangala	
26.8620967	80.9699394		scrap_yard
31.3224737	75.3564776		
31.0695689	75.3341660		
31.0695915	75.3318105		
31.0695752	75.3310144		
31.0679216	75.3305927		
32.3653299	76.4831169		
31.0613415	75.3307088		
31.0591040	75.3349404		
31.5555149	75.4912369		
31.5453482	75.4708306		
31.4193925	75.4528016		
17.9479140	83.2208119		
12.8875642	77.4314802		
12.8917688	77.4287019		
12.8902625	77.4352535		
14.5829618	74.3053716		
31.0866002	75.3997754		
31.1516571	75.3182491		
13.0396478	77.7278028		
13.0385755	77.7353077		
13.0554033	77.7170861		
22.8636161	87.8059363		
31.0633393	75.5366068		brickyard
31.3088021	75.2958576		
31.3337260	75.3458809		
13.0252196	77.7167017	Ramaswaroop and Sons	
13.0271732	77.7242049		
13.0324962	77.7167233		
31.2520692	74.9884642		
23.7907297	87.3887198		
31.1217709	75.3826566		
31.1121496	75.2140660		brickyard
26.5182326	88.6929711	Teesta Gas Service	
12.9935080	77.7487722		
31.0653113	75.4885576		brickyard
31.0651925	76.1671993		brickyard
31.0654211	76.1698564		brickyard
31.0661136	76.1728304		brickyard
15.5879301	73.8122598		
18.9647272	72.8221738	Municipal Workshop	vehicle_depot
31.0681867	76.1868867		brickyard
31.0752993	76.2069029		brickyard
31.0847606	76.1943591		brickyard
31.1106715	76.1439204		brickyard
31.1162485	76.1655049		brickyard
31.0523382	76.0685391		brickyard
31.0493100	76.0731525		brickyard
31.0814519	76.0033443		brickyard
31.0667702	76.0139966		brickyard
31.1447668	76.1326787		brickyard
31.0667697	76.0208237		brickyard
31.0688613	76.0606284		brickyard
31.0993036	76.0594741		brickyard
31.0826273	76.1222381		brickyard
31.0908380	76.3305092		brickyard
31.0865983	76.3260291		brickyard
31.0870248	76.3255070		brickyard
31.0750446	76.3187504		
31.0774894	76.3177573		brickyard
31.0619463	76.2673193		brickyard
31.0719408	75.9555984		
31.1097977	75.8317576		brickyard
31.0905787	75.9553394		brickyard
31.1013929	75.9583711		brickyard
17.3597241	82.7346675		
17.3877800	82.7829221		
26.6507363	88.4630389		
26.6499963	88.4628951		
26.6512011	88.4629970		
26.6522424	88.4620850		
26.6517453	88.4622165		
26.6514946	88.4611738		
26.6521375	88.4609277		
26.6526430	88.4607975		
26.6536710	88.4640998		
26.6552636	88.4694186		
26.6555119	88.4674889		
26.6558625	88.4660433		
26.6553129	88.4638963		
26.6574969	88.4690018		
26.6586567	88.4668987		
26.6572474	88.4666203		
26.6573123	88.4652732		
26.6600536	88.4686588		
31.1223664	76.0458831		brickyard
31.1330500	75.9879901		brickyard
31.1496501	75.8282122		brickyard
13.1605085	77.5962210		
13.1615628	77.5952581		
12.9847649	77.5485341		
9.0418481	76.9191956	"KINFRA Park, Piravanthoor"	
18.4328449	76.3179946	atul agriculture farme	
18.4342029	76.3116922	swaraj udyog samuh	
15.4604560	74.0335810		
31.0922677	76.0325839		brickyard
31.1463224	75.9118144		brickyard
12.8926972	77.4600439		
18.5512836	73.9184434		storage
18.5510198	73.9184788		metal_processing
18.5515598	73.9184530		storage
18.5507851	73.9183582		storage
18.5505539	73.9176659		concrete_plant
18.5322735	73.9068876		storage
18.5313708	73.9069764		storage
18.4752615	73.8521045		
12.8201549	77.4132032		
26.4580059	93.9229024	LUHIT TEA FACTORY	Tea
15.2763751	74.0056738		
17.8493558	83.2350906		
31.1950867	76.0346273		brickyard
31.1816686	76.0592894		brickyard
31.2201719	75.9284908		brickyard
31.1034564	75.4740935		brickyard
31.0705228	76.1229853		brickyard
31.0685124	76.1281096		brickyard
31.0694606	76.1260174		brickyard
31.0755684	76.1583863		brickyard
19.1344756	74.8067001		factory
19.1345228	74.8068884		warehouse
16.1735478	81.1723954		
18.5457126	73.9153354		factory
18.5457097	73.9152584		factory
18.5457375	73.9151807		factory
18.5457444	73.9151231		factory
18.5429843	73.9147204		storage
12.8391873	77.6858604		
24.4411034	85.5340906		
24.4407825	85.5339834		
13.1035119	77.6277047		
13.1032703	77.6286692		
32.4750670	76.0104814		
32.4749954	76.0106513		
13.5539571	79.9919780	Blue Star Climatech Limited	
13.5545100	79.9895588	Indiska Magic	
13.5778502	80.0417987		
16.1981321	81.1436860		
31.0468049	75.6469040		brickyard
31.0472929	75.6440712		brickyard
31.0477160	75.6451661		brickyard
31.0479411	75.6475691		brickyard
16.1635353	81.1157047		
13.7015392	79.9476138	Continental Coffee Limited	factory
31.2001328	75.7278884		brickyard
31.1987807	75.7255853		brickyard
31.2044943	75.7242488		brickyard
31.2090376	75.7327038		brickyard
23.3625864	85.9815452		
23.3622955	85.9814351		
23.3623854	85.9816335		
23.3631246	85.9696335		factory
23.3655938	85.9848908		
31.2935020	75.7414778		brickyard
31.2913676	75.7411322		brickyard
31.2597773	75.8302840		brickyard
9.6054024	76.7664310		spice_grinding_place
31.2895825	75.9746969		brickyard
31.2925171	75.9761295		brickyard
31.2926790	75.9781727		brickyard
31.3112500	75.9889277		brickyard
31.0716116	75.9537317		brickyard
31.1858298	76.2329647		brickyard
12.9892396	77.7170663		
12.9881325	77.7162893		
31.2989020	76.0881359		brickyard
31.2780824	76.0977357		brickyard
31.2812119	76.1288852		brickyard
31.1404408	76.2897052		brickyard
31.1421589	76.2843184		brickyard
31.1418660	76.2871373		brickyard
31.1398947	76.2689670		brickyard
31.1399262	76.2670553		brickyard
31.1094077	76.2511453		brickyard
31.0951340	76.2639056		brickyard
20.9469740	77.7423205		
17.2522455	78.4744271		
17.2481163	78.4725792		
17.2575891	78.4605794		
17.2575842	78.4598174		
17.2583885	78.4605738		
17.2593895	78.4685987		
17.2595613	78.4655718		
17.2600299	78.4621695		
22.5321241	88.3739537	Hindustan Engineering & Industries Limited (HEIL)	factory
31.1829024	76.1765724		brickyard
31.1886104	76.2687029		brickyard
31.1831150	76.2291960		brickyard
31.2490120	76.1222891		brickyard
31.2599653	76.1271108		brickyard
31.2622336	76.1295863		brickyard
31.2596030	76.1301816		brickyard
31.2998712	76.1035967		brickyard
16.9389271	74.0878804	Vishwasrao Naik Sugar Factory	
31.2550768	76.0980744		brickyard
31.2574707	76.0982350		brickyard
31.2713021	76.0945420		brickyard
31.2576897	76.0947958		brickyard
31.3294349	76.0622305		brickyard
15.7054241	74.3762358		
15.7096923	74.3777686		
15.7153171	74.3561863		
31.3615403	75.9079098		brickyard
28.4289909	76.9194647		
9.6954994	76.3244581		factory
9.6961843	76.3245693		factory
13.1675080	77.6383987		
13.1643609	77.6395855		
13.1811163	77.6369264		
12.8732120	77.5606500		
12.8725060	77.5639969		
13.0351069	77.7619739		
12.8782391	77.5946669		
13.0534643	77.6828617		
13.0566239	77.6824351		
28.5494269	77.4072781		
28.5476716	77.4083483		
28.5553898	77.4000040		
17.7277796	83.1727875		
17.7234172	83.1699508		
30.8689692	76.3418227		brickyard
30.8722406	76.3439532		brickyard
30.8733601	76.3408648		brickyard
30.8679832	76.3449714		brickyard
30.8661779	76.3435433		brickyard
30.8735880	76.3526386		brickyard
30.8790264	76.3574653		brickyard
30.8759407	76.3665449		brickyard
30.8700512	76.3516418		brickyard
30.8647918	76.3555553		brickyard
30.8616843	76.3550891		brickyard
30.8668629	76.3491004		brickyard
30.8705344	76.3551819		brickyard
30.8722553	76.3548754		brickyard
30.8777026	76.3535619		brickyard
30.8785090	76.3496916		brickyard
30.8772345	76.3558441		brickyard
30.8746365	76.3692731		brickyard
30.8759111	76.3575388		brickyard
30.8750687	76.3556139		brickyard
30.8600230	76.3470937		brickyard
30.8735779	76.3579797		brickyard
30.8808797	76.3682485		brickyard
30.8799243	76.3714114		brickyard
30.8794851	76.3696556		brickyard
30.8750073	76.3748284		brickyard
30.8884844	76.3812333		brickyard
18.3672004	77.8737166	Rice Mill	
18.3612859	77.8726513	Sugar and Rice Mill	
10.8929174	76.9591834	Jaya Tea Plant Company	
10.8946506	76.9690834	T&I Projects Limited	
10.9016375	76.9717478	RDC Appollo Tyres	
8.5207439	76.8849900	Prakasam Concrete Bricks	
11.0629092	77.0988215	KPR Mill Ltd Neelambur Unit	
10.8901191	76.9715495	Tech 7 Automation Systems	
15.3970287	73.8176403		
30.8901546	76.3809454		brickyard
30.8782954	76.3813350		brickyard
30.8782525	76.3729121		brickyard
30.8811643	76.3728073		brickyard
30.8555232	76.3333729		brickyard
30.8763837	76.3436837		brickyard
30.8795609	76.3423035		brickyard
30.8767086	76.3391904		brickyard
30.8780642	76.3401691		brickyard
30.8787571	76.3384464		brickyard
30.8805004	76.3395259		brickyard
30.8802635	76.3384647		brickyard
30.8812117	76.3382954		brickyard
30.8761315	76.3594284		brickyard
30.8762423	76.3633588		brickyard
30.8787043	76.3605177		brickyard
30.8792404	76.3640402		brickyard
30.8806182	76.3617663		brickyard
30.8856346	76.3603469		brickyard
30.8667716	76.4178798		brickyard
30.8544143	76.4195791		brickyard
30.8865766	76.4686316		brickyard
30.8896048	76.5128713		brickyard
30.8890057	76.5146871		brickyard
30.8996113	76.5143893		brickyard
30.8978937	76.5171772		brickyard
30.8936324	76.5105265		brickyard
30.8934110	76.5131550		brickyard
30.8781707	76.4466138		brickyard
30.8809330	76.4617975		brickyard
17.4074028	78.5061981	VST industrial area	
15.4004676	73.8093523	Fishing Jetty	port
10.8472417	76.9229667	Bajaj Electricals Coimbatore	
13.8130624	75.7129106		
13.0079591	77.7636150		
31.7382595	76.0191181		brickyard
31.7507544	76.0183238		brickyard
31.7491977	76.0163959		brickyard
31.7322492	76.0413530		brickyard
15.3726808	73.9262635		
15.3718975	73.9261938		
30.8210322	76.1847490		brickyard
30.8345794	76.1853565		
30.8308966	76.1492061		brickyard
30.8331440	76.1513116		brickyard
30.8348604	76.1470209		brickyard
30.8412055	76.1584866		
19.9571336	73.7472752		
19.9523474	73.7371058		
19.9528577	73.7334109		
19.9575284	73.7331225		
19.9517408	73.7260523		
19.9627229	73.7387968		
19.9650662	73.7386009		
19.9663374	73.7375871		
19.9642104	73.7421978		
19.9629372	73.7411141		
19.9629524	73.7427262		
19.9607868	73.7415701		
19.9610931	73.7387815		
19.9612535	73.7397757		
19.9611170	73.7390166		
19.9532280	73.7449232		
19.9534169	73.7484741		
19.9614146	73.7478277		
19.9567845	73.7487544		
19.9582682	73.7466931		
19.9588606	73.7429129		
19.9555380	73.7458456		
19.9538682	73.7468564		
19.9455090	73.7290416		
19.9473715	73.7316674		
19.9487280	73.7377265		
19.9451376	73.7415782		
19.9462874	73.7404919		
19.9473362	73.7394297		
19.9463882	73.7386546		
19.9453823	73.7395826		
19.9441947	73.7409612		
19.9444871	73.7427781		
19.9547072	73.7420867		
19.9541827	73.7428023		
19.9532561	73.7433430		
19.9555655	73.7423346		
19.9555075	73.7435684		
19.9533116	73.7505797		
19.9573189	73.7501424		
19.9513678	73.7515363		
19.9484336	73.7452163		
19.9522489	73.7402358		
19.9522470	73.7375426		
19.9571993	73.7377972		
19.9623347	73.7365383		
19.9486354	73.7289504		
19.9493790	73.7311466		
19.9494379	73.7300536		
19.9456571	73.7211853		
19.9443913	73.7260830		
19.9453545	73.7255358		
19.9460705	73.7249565		
19.9468190	73.7243639		
19.9476218	73.7236965		
19.9454778	73.7231015		
19.9468597	73.7277433		
19.9488036	73.7259945		
19.9509870	73.7283468		
19.9518165	73.7310264		
19.9565992	73.7544527		
19.9553186	73.7521086		
19.9534864	73.7530557		
19.9541149	73.7543448		
19.9599764	73.7506744		
19.9586717	73.7525155		
19.9584688	73.7533985		
19.9593276	73.7532640		
19.9579104	73.7517598		
19.9432820	73.7037670		
19.9397555	73.7098884		
19.9384207	73.7129204		
19.9512229	73.7360130		
19.9505814	73.7366688		
19.9501120	73.7355566		
19.9484809	73.7346082		
19.9450103	73.7320429		
19.9432694	73.7301437		
19.9434184	73.7283039		
19.9442564	73.7294696		
19.9467405	73.7321735		
19.9401807	73.7279311		
19.9415926	73.7283575		
19.9394443	73.7246856		
19.9865881	73.7827595	Mahamatg Bus Depot	depot
19.9503414	73.7416076	GlaxoSmithKline Pharmaceuticals Limited	
19.9990937	73.7442590		
19.9987118	73.7432814		
20.0014541	73.7421012		
19.9996746	73.7423479		
19.9998309	73.7410015		
19.9984447	73.7389845		
20.0023664	73.7316004		
20.0044710	73.7278667		
20.0027610	73.7267536		
20.0038130	73.7236467		
20.0058648	73.7219042		
20.0043072	73.7173230		
20.0041106	73.7131173		
20.0016103	73.7481255		
20.0017918	73.7509900		
19.9993167	73.7508291		
20.0005367	73.7508827		
20.0000733	73.7479702		
19.9988883	73.7478894		
19.9981674	73.7507701		
19.9969777	73.7507057		
19.9949311	73.7506413		
19.9933482	73.7476802		
19.9942304	73.7475836		
19.9952385	73.7474763		
19.9964433	73.7473315		
19.9976230	73.7472564		
19.9963426	73.7433833		
19.9936809	73.7436301		
19.9921708	73.7319141		
19.9928213	73.7370640		
19.9932372	73.7402182		
19.9960452	73.7398106		
20.0052195	73.7374609		
20.0034024	73.7367609		
20.0014516	73.7351302		
19.9998334	73.7361226		
20.0000613	73.7344554		
19.9977515	73.7356880		
19.9955159	73.7361842		
19.9947748	73.7324533		
19.9984648	73.7322736		
19.9985130	73.7282708		
19.9992145	73.7146199		
20.0002880	73.7204353		
19.9988868	73.7245269		
19.9940880	73.7160298	Mahindra & Mahindra	
19.9923710	73.7350998		
19.9633759	73.8610464		
19.9690280	73.8615051		
19.9581194	73.8430380		
19.9433987	73.8393044		
19.9948302	73.7918508		
20.0035779	73.7986092		
19.9973158	73.7988539		
19.9968668	73.8011785		
19.9982959	73.8042641		
19.9984421	73.8063455		
20.0514666	73.8797414		
20.0539257	73.8838559		
20.0552207	73.8851059		
20.0567274	73.8876861		
20.0873193	73.8949817		
20.0881884	73.8932772		
20.0824196	73.8932973		
20.0782378	73.8951856		
20.0798954	73.8882655		
20.0698613	73.8903724		
20.0706750	73.8895261		
20.0632731	73.8883084		
20.0673797	73.8880778		
20.0652231	73.8924337		
20.0623794	73.8935414		
20.0606831	73.8981306		
19.9372633	73.7313053		
19.9311184	73.7314314		
19.9313454	73.7274080		
19.9272957	73.7227195		
20.1600399	73.8801544		
20.1982062	73.8576722		
20.1977582	73.8586324		
20.1577436	73.8120532		
20.1545307	73.8137107		
20.1501544	73.8139629		
20.1309557	73.8129974		
20.1315198	73.8103205		
20.1271832	73.8104546		
19.9937968	73.7253428		
20.0031932	73.7142760		
31.5436694	76.2402793		brickyard
17.8536022	83.2334563	TVS Industrial & Logistics Park	
31.5292308	76.2280416		
31.5491891	76.2393160		brickyard
31.5545043	76.2421275		brickyard
31.6090392	76.1397750		brickyard
19.9610085	73.7365048		
30.8440620	76.2368479		brickyard
30.8419426	76.2295448		brickyard
30.8445703	76.2283715		brickyard
30.8411643	76.2236519		brickyard
30.8418870	76.2167443		brickyard
30.8405082	76.2059710		brickyard
30.8220238	76.1156834		brickyard
30.8200217	76.1118687		brickyard
30.8221955	76.1117526		brickyard
30.8209569	76.1086971		brickyard
30.8257575	76.1133646		brickyard
30.8286737	76.1149236		brickyard
30.8294567	76.1127972		brickyard
30.8240763	76.1098592		brickyard
30.8261614	76.0965829		brickyard
30.8283663	76.0974854		brickyard
30.8360113	76.1001763		brickyard
30.8267573	76.0916247		brickyard
30.8242167	76.0896603		brickyard
30.8196645	76.0938222		brickyard
30.8271802	76.0772688		brickyard
30.8258560	76.0823563		brickyard
30.8252317	76.0857175		brickyard
30.8213923	76.0871523		brickyard
30.8218208	76.0828913		brickyard
30.8219463	76.0786185		brickyard
30.8187351	76.0850741		brickyard
30.8161832	76.0936340		brickyard
30.8113465	76.0945865		brickyard
30.8043392	76.0996662		brickyard
30.8067410	76.1004983		brickyard
30.7997052	76.1141511		brickyard
30.7970156	76.1070610		brickyard
30.7968190	76.1088158		brickyard
30.7921042	76.1126895		brickyard
30.7891118	76.1148886		brickyard
20.0032864	73.7396979		
30.8232212	76.0228055		brickyard
30.8399504	76.0166124		brickyard
30.8392595	76.0200655		brickyard
31.3680300	76.1933387		brickyard
31.1116580	76.2557726		brickyard
31.0956700	76.2693647		brickyard
31.0867857	76.2750911		brickyard
15.6148508	73.9721167		
31.3524616	76.2160570		
31.4188536	76.2704495		brickyard
31.7553028	76.0203288		brickyard
31.7414723	76.0526715		brickyard
15.6260746	73.8707078		
15.0767988	76.6860815	MCR	
31.0032163	75.6000050		brickyard
31.0002802	75.5938437		brickyard
31.7910486	75.9913528		brickyard
31.1573217	76.1948676		brickyard
31.1561111	76.1938056		brickyard
31.1681977	76.2356653		brickyard
17.4005553	82.8058848		
17.5107351	82.9971993		
17.5119420	82.9538835		
28.5110237	77.5248289		depot
30.8317315	76.2101979		
30.8315661	76.2091437		
30.8205205	76.2157371		
13.2091158	77.6779030	Disabled Aircraft Recovery Testing Centre	
13.2103823	77.6796765	BIAL Central Warehouse	
13.2024258	77.6787475	Peekay Steel Casting 3D Technology	
13.1729241	77.5346316		poultry_farm
31.3700053	76.3167499		brickyard
31.3665180	76.3187092		brickyard
31.4494417	76.2087638		brickyard
31.1926750	76.2466884		
31.1919307	76.2417932		brickyard
12.9942907	77.6656130		
32.0231850	75.5824382		brickyard
19.9975075	73.7142958		
20.0003702	73.7144798		
19.9991477	73.7150807		
20.0226015	73.7057921		
28.6294309	77.1252884	Metal Forgings Private Limited	
12.8644451	77.7945371		
29.2071645	77.7257358		
29.1550132	77.7119843		depot
19.9625243	73.7339133		
19.9432576	73.7426263		
29.0970540	77.6689124		
20.0030091	73.8211298		
17.9521625	73.8919325	wai	agriculture
17.9522182	73.8911379	wai	
31.3488552	75.0522723		brickyard
18.4697553	73.7908242	AGRAWAL GO-DOWN	metal_processing
28.7811268	77.6595224		
28.7874375	77.6438361		
31.0909618	76.3268638		brickyard
13.0451447	77.7855273		
13.0828787	77.6368825		warehouse
13.1780023	77.7234200		
13.1811067	77.7201028		
19.0160355	72.8170260	Cleveland Bunder	port
31.9420723	75.4165531		brickyard
28.3110383	77.7269841		
15.9785264	73.6832589		
15.9887347	73.6749440		
16.2192280	73.7067067		
16.2097243	73.7081444		mine
18.7819998	73.7664671		
18.7824871	73.7668466		
18.7814358	73.7662466		
18.7806707	73.7656207		
18.7810786	73.7659745		
18.7818035	73.7684236		
18.7829646	73.7685535		
18.7833832	73.7688951		
18.7791513	73.7658186		
18.7794833	73.7659405		
18.7820376	73.7717616		
18.7842477	73.7733992		
18.7844642	73.7722144		
18.7851947	73.7726838		
18.7858778	73.7726332		
18.7859370	73.7739091		
18.7858136	73.7740797		
28.2128288	77.8140077		depot
18.9702073	72.8437570		
18.7677439	73.7731682	chakan industrial area	
28.1551744	77.9039468		
28.1643701	77.9115738		
17.8105835	83.4072767		
17.8138089	83.4100423		
17.8131285	83.4090288		
17.8114342	83.4078251	Sri Pavan Aqua Marine	factory
17.8083761	83.4053426		
17.8079053	83.4049440		
17.8122001	83.4088213	Golden Aqua Farms & Exporters	factory
17.8311151	83.4153518	Ananya Aqua Products Pvt. Ltd.	
17.8331979	83.4153893	Mahalakshmi Hatcheries	
17.8365498	83.4113152	Balaji Hatcheries	
17.8383723	83.4093722		
27.6270980	78.1360370		depot
27.6203921	78.1185903		depot
32.0072192	75.4433810		brickyard
32.0163658	75.4339058		brickyard
32.0501146	75.5014640		
32.0468600	75.5039826		
32.1001485	75.5184898		
32.1111080	75.5308172		brickyard
32.1107004	75.5315076		
27.9699897	77.9905952		
11.3398315	77.1621669	TNEB Puliampatti	
15.2592953	73.9458015		
28.0609401	77.9439886	Aligarh Grinding Unit	cement
31.8448611	75.4572375		brickyard
31.9068156	75.4249189		brickyard
31.8631790	75.4537459		brickyard
31.8868822	75.4536505		
32.0354513	75.4783554		brickyard
25.6337908	85.1050333		
32.0058471	75.4767897		brickyard
32.0763375	75.5077836		brickyard
32.0806660	75.5035004		brickyard
32.0764692	75.4952040		brickyard
32.0753804	75.4969641		brickyard
32.0795920	75.4990548		brickyard
32.0778107	75.5041495		brickyard
32.0962015	75.5062299		brickyard
32.0954631	75.5026054		brickyard
32.0968395	75.5104878		brickyard
32.0996089	75.5086237		brickyard
32.0895201	75.5150941		brickyard
32.0870828	75.5143936		brickyard
15.3632552	73.9549163		
15.3719707	73.9430196		
15.3747922	73.9333201		
15.3682862	73.9461053		
15.3712103	73.9467162		
15.3729431	73.9461517		
15.3739729	73.9476396		
15.3740966	73.9495888		
15.3701577	73.9491034		
15.3667412	73.9501937		
15.3671505	73.9482852	CWC	
31.5470391	75.4687720		brickyard
31.5491233	75.4677905		brickyard
18.2232787	75.6190601		
18.7569793	73.8238871		
18.7562428	73.8150090		
18.7205400	73.8273578		
18.7622416	73.7783486		
18.7466195	73.8104144		
18.7421846	73.8116026		
18.7705898	73.8486649		factory
18.8457551	73.8756912		
18.8439077	73.8808940		
28.6751048	77.0951774	Peeragarhi Depot	depot
32.0877350	75.4988044		brickyard
32.0922244	75.5010661		brickyard
32.0911185	75.5040743		brickyard
32.0863458	75.5038636		brickyard
32.0838563	75.5063898		brickyard
32.0786806	75.5019234		brickyard
32.0737906	75.5030220		brickyard
32.0850129	75.5076495		brickyard
16.7152563	79.6928808		
32.1218219	75.4944821		
32.0951811	75.4980011		brickyard
32.1176984	75.5262441		
19.9638336	73.7360529	Legrand Novateur Electrical & Digital Systems Pvt Ltd	
31.9594687	75.7017736		brickyard
31.9612027	75.7032748		brickyard
31.9581558	75.7057306		brickyard
31.9562534	75.7080622		brickyard
31.9533539	75.7052460		brickyard
31.9523152	75.7014719		brickyard
31.8770651	75.6921378		brickyard
31.8790558	75.6931219		brickyard
31.8824105	75.6991402		brickyard
31.8893057	75.6903111		brickyard
31.8870785	75.7043506		brickyard
26.1647977	91.8342169		factory
9.6724966	76.4190572		
17.9888922	83.3593389		
17.9994095	83.3481493		
9.1900843	76.5722282	Quality Bricks & Tiles	
15.1624930	77.4561527	Indian Oil Corporation Guntakal Railfed Depot	
15.1587619	77.4189710	Industrial Park Gunthkal	
27.2691751	71.2400420		
17.9781177	83.5470105		
15.5505458	73.8275858		
31.9421475	75.3976809		brickyard
31.8245721	75.4656465		brickyard
31.8271044	75.4676363		brickyard
31.8153109	75.4669270		brickyard
31.8106861	75.4710521		brickyard
31.8903819	75.3025913		brickyard
31.9192897	75.3091292		brickyard
13.1047828	77.6768160		
12.9609778	77.4304765		
31.9332757	75.3217652		brickyard
31.9339903	75.3200026		brickyard
31.9359862	75.3253656		
31.9161053	75.4350516		brickyard
31.9273940	75.4176203		
30.8545457	75.5092213		
30.8552369	75.5638007		
13.2213524	77.5433412		
16.5004520	80.6306004		
23.2763358	85.4092138	Exide Battery	warehouse
32.0959337	75.4765015		brickyard
32.1002004	75.4789571		brickyard
32.1063557	75.4677810		
24.5191919	73.7722423		
17.9264771	83.1938815	Balighattam MSME Park	
31.9842768	75.2814638		brickyard
31.6777657	75.6782703		brickyard
28.2209116	77.5971685		
21.4604595	81.8221823		
21.4714291	81.8165214		
21.4711494	81.8669479		
21.4584854	81.8821771		
16.6108497	81.4268526	Chidaraboyina Gurumurty	slaughterhouse
15.3594125	73.9598974		
15.3554198	73.9565786		
15.3712192	73.9383638		
15.3665920	73.9338135		
15.3645902	73.9358954		
15.3659993	73.9380339		
15.3685786	73.9374550		
15.3667556	73.9358063		
15.3686330	73.9353930		
15.3630090	73.9357572		
15.3637001	73.9339135		
15.3682191	73.9327228		
15.3669089	73.9272036		
15.3640135	73.9270839		
15.3663368	73.9292302		
15.3633010	73.9411681		
15.3669531	73.9408705		
21.2208936	72.7606339	Bhesan Metro Depot	depot
15.8441744	78.0642448		chemical
20.9196959	70.3524286		chemical
23.1708825	70.1920158		chemical
23.4388776	75.4093401		chemical
19.3800174	85.0528098		chemical
23.1877663	81.5985094		chemical
16.9943614	82.0042045		chemical
11.8215002	77.8429020		chemical
10.8479243	79.8384620		chemical
12.0268920	79.8601298		chemical
14.7912373	74.1355475		chemical
23.5075638	87.2852769		chemical
24.2273629	83.8845484		
18.5767982	73.6950397		depot
18.5804847	73.6980716		depot
18.5805587	73.6976699		depot
18.5804399	73.6971129		depot
12.8587947	77.8023721		
12.8579030	77.8023062		
18.5804927	73.6970150		depot
18.5802469	73.6972531		depot
18.7021815	72.8583522		port
18.7358574	73.0932158		depot
18.6627788	73.0695373		
18.5996389	72.9715776		
18.7112219	73.0432301		
18.7057904	73.0398505		
18.6096041	72.9630267		
31.3233415	76.3103919		
13.0523865	77.7455744		
28.1149077	76.1587978		brickyard
28.0863664	76.0763347		brickyard
28.1166386	75.9585787		brickyard
28.1117055	75.9687143		brickyard
18.5606962	75.1259747		
18.5651303	75.1456118		
28.1566791	73.1419636		
27.9890926	73.0690431		
28.0003979	73.0916293		
28.1404329	73.0052038		
28.1264657	73.0085639		
28.1107426	73.0052823		
23.2684658	87.5237803	Brick kiln	brickyard
19.1164565	72.8854874	Raj Industrial Estate	
21.3495589	74.2937931		slaughterhouse
13.0842340	79.9010455	Caterpillar Parking Area	depot
21.2236543	72.7611905		depot
21.2237305	72.7606112		depot
21.2237404	72.7602264		depot
31.8714224	75.7018243		brickyard
20.6571530	75.3501992		
20.6568633	75.3503041		
20.4798426	73.9239707		
18.5068531	75.3822538		
31.2537651	76.4758436		brickyard
31.2534583	76.4790477		brickyard
31.2476155	76.4801902		brickyard
31.2396556	76.4695976		brickyard
31.2365105	76.4748933		
31.1711529	76.4687311		brickyard
16.6833013	74.2365846		
26.5677764	88.6017484		
21.1073106	72.8110611		depot
21.1061466	72.8100596		depot
12.8704708	77.8170932		
15.5158936	73.8328766		
28.0273870	76.0007791		brickyard
16.6818237	74.2350396		
16.6818344	74.2361629		
16.6742260	74.2399762		
16.6742254	74.2401854		
22.2601790	68.9710097		
12.8519019	77.8159502		
18.5400938	73.8487473	Pune Metro Purple Line Depot Range Hills	depot
18.5384768	73.8489018		depot
28.0297107	76.0941363		
31.0597200	75.5622377		brickyard
12.9082999	77.7660276		
12.9570961	77.4656152		
15.5800726	73.8590602		
15.5907887	73.8578210		
32.1048410	75.4678824		brickyard
32.1028575	75.4667575		brickyard
32.0995191	75.4628891		
32.1092653	75.4606002		
13.0510022	77.4603986		
12.9295933	77.7566286		
12.9283975	77.7580042		
31.1316520	75.5150444		brickyard
13.8025017	77.7609293	Bagepalli Industrial Area Phase 2	
13.7957519	77.7596824	Bagepalli Industrial Area Phase 2	
13.7616935	77.7627485	Bagepalli Industrial Area Phase 2	
13.8015854	77.7552932	Bagepalli Industrial Area Phase 2	
28.0450411	76.0438765		brickyard
9.7691019	76.5317711	Rubber Mark Intermix Factory	
31.6141040	75.5100594		brickyard
31.6163096	75.5020642		brickyard
31.7836444	75.6774876		
31.7917017	75.6778386		brickyard
31.7839050	75.6747934		
31.8803907	75.7037344		brickyard
31.8589754	75.6800905		brickyard
9.7945778	76.5756523	Santhom Metacast	
18.8716494	73.0354430		factory
18.8672531	73.0384102		
18.8657061	73.0278754		
18.8653477	73.0234124		
18.8643879	73.0184188		
18.8612994	73.0182705		
19.5358402	84.8626768		depot
18.5883515	73.7048889	Maan Bus Depot	depot
26.7360855	94.5996678		
12.9838345	77.6384556	Ashwin Enterprises	
28.0476227	76.0917422		
28.0329112	76.1187353		
28.0338502	76.1198697		
15.5690593	73.8065237		
13.0140377	77.6491936		
12.9967174	77.6768943	BWSSB Office	
20.6364692	79.9620020	Dant Manjan Factory	
27.2592179	73.6751199		
27.2595845	73.6771310		
27.2605213	73.6762453		
27.2656427	73.6812604		
23.0820589	78.4996837	UVW	
27.1853466	73.6875582		
15.6040901	73.8242465		
27.6334506	75.1957870		
9.8583366	76.3516853		
18.5480773	73.1206602		
20.6338346	79.9610759	Rice MIll	
20.6335604	79.9615272		
12.9880102	77.6906111		
28.6023130	77.1232597		depot
28.6023683	77.1231523		depot
12.8641044	74.8442970		depot
12.9921387	77.6899145		
12.5520841	77.9545936	Tata Electronics	
12.5817979	77.9482287	Tata Electronics	
19.6272424	78.2009230	"MSRTC Bus Depot Workshop, Kinwat"	depot
27.8888660	76.0722814		brickyard
12.9953778	77.6925297		
27.9369200	76.1312702		brickyard
27.9352734	76.1338630		brickyard
27.9581012	76.1314894		brickyard
15.6641920	73.8366079		
28.1515381	76.1230537		
28.0974097	76.1584860		brickyard
12.9706460	74.8409755		depot
12.9695060	74.8410109		depot
17.8700577	83.1928429		
12.9014979	77.7917130		
12.9361545	77.7588891		
12.9353103	77.7584472		
27.9778401	76.0017566		brickyard
27.9779142	75.9973646		brickyard
28.1285069	76.1108024		brickyard
29.9935903	77.5152402		brickyard
29.7153212	77.4886235		brickyard
29.7843888	77.4980056		brickyard
29.7613462	77.4997555		brickyard
29.7714276	77.5405531		brickyard
29.7350248	77.5148732		brickyard
29.7451597	77.5086744		brickyard
29.7436555	77.5108926		brickyard
29.7380220	77.5469971		brickyard
29.7286758	77.5535358		brickyard
29.8229997	77.4769041		brickyard
29.7991506	77.4666515		brickyard
29.7863539	77.5003234		brickyard
29.7524856	77.4654091		brickyard
29.7119770	77.4508510		brickyard
11.0122996	77.0262006		
11.0237390	77.0640251		
11.0236732	77.0621663		
11.0271457	77.0641351		
29.7120619	77.4727759		brickyard
29.8128584	77.4651676		brickyard
29.7099705	77.5124052		brickyard
29.7041716	77.5379299		brickyard
29.7107029	77.5065894		
29.7123316	77.5077056		
12.2629232	75.1539151		
13.6535383	78.2587616		
18.4157365	83.6368709	Jute mills Factory	
12.8946766	77.8071163		
12.8938803	77.8063707		
13.0400134	77.5640301		
13.3401440	74.7709234		depot
13.1840185	77.4154722		
13.1789939	77.4156225		
29.6776580	77.5185020		brickyard
29.6604287	77.4966907		brickyard
29.7101913	77.4632344		
29.6974502	77.4570355		brickyard
10.3688833	76.2931124		scrap_yard
21.7034607	72.5994343		
12.9949463	77.6676618	Coats India	
12.9960452	77.6697563		
29.7893421	77.5518870		
29.7195065	77.5581799		brickyard
16.2358912	77.8031610	"TGSRTC Bus Depot , Gadwal"	depot
16.4830590	78.3245655	"TGSRTC Bus Depot , Nagar Kurnool"	depot
16.1017459	78.3279516	"TGSRTC Bus Depot , Kollapur"	depot
16.3959412	78.6346006	"TGSRTC Bus Depot , Achampet"	depot
16.6690202	78.4888098	"TGSRTC Bus Depot , Kalwakurthy"	depot
18.7890809	78.2920537	"TGSRTC Bus Depot , Armoor"	depot
19.3618676	79.2931385	"TGSRTC Bus Depot , Asifabad"	depot
17.3653019	78.5890218	"TGSRTC Bus Depot , Bandlaguda"	depot
18.3937983	77.8776316	"TGSRTC Bus Depot , Banswada"	depot
19.1010893	77.9618999	"TGSRTC Bus Depot , Bhainsa"	depot
17.2944725	78.4120269		
17.3922698	78.5011382	"TGSRTC Bus Depot , Barkatpura"	depot
17.5193635	78.2909557	"TGSRTC Bus Depot , BHEL Ramachandrapuram"	depot
17.5178563	78.2882171	"APSRTC Bus Depot , BHEL Ramachandrapuram"	depot
17.6705010	80.8924904	"TGSRTC Bus Depot , Bhadrachalam"	depot
18.4396203	79.8629556	"TGSRTC Bus Depot , Bhupalapally"	depot
18.6588329	77.8944908	"TGSRTC Bus Depot ,  Bodhan"	depot
17.4191706	78.6102351	"TGSRTC Bus Depot , Changicherla"	depot
17.4466211	78.4984460	"TGSRTC Bus Depot , Cantonment"	depot
16.6913726	78.9194777	"TGSRTC Bus Depot , Devarakonda"	depot
18.1687723	78.6619172	"TGSRTC Bus Depot , Dubbaka"	depot
17.3370439	78.4668488	"TGSRTC Bus Depot , Falaknuma"	depot
17.3290244	78.4701201	"TGSRTC Bus Depot , Farooq Nagar"	depot
17.8369588	78.7088480	TGSRTC Gajwel Pragnapur Bus Depot	depot
17.5458728	78.5355688	"TGSRTC Bus Depot, Hakeempeta"	depot
18.0036728	79.5668213	"TGSRTC Bus Depot , Warangal - 1"	depot
18.0034464	79.5682170	"TGSRTC Bus Depot , Warangal - 2"	depot
17.3262373	78.5935746	"TGSRTC Bus Depot , Hayatnagar - 1"	depot
17.3245073	78.5942544	"TGSRTC Bus Depot , Hayatnagar - 2"	depot
18.1312240	79.2028965	"TGSRTC Bus Depot , Husnabad"	depot
18.1942361	79.3952582	"TGSRTC Bus Depot , Huzurabad"	depot
29.7185569	77.5902999		brickyard
29.7248780	77.2733784		brickyard
29.7526311	77.2671620		brickyard
29.8393918	77.5524270		brickyard
29.8457587	77.5563269		brickyard
17.1866787	78.6486376	"TGSRTC Bus Depot , Ibrahimpatnam"	depot
15.5531469	73.8169752		
18.7813708	78.9120027	"TGSRTC Bus Depot , Jagityala"	depot
17.7199940	79.1632493	"TGSRTC Bus Depot , Janagaon"	depot
17.5279570	78.4399089	"TGSRTC Bus Depot, Jeedimetla"	depot
18.3253832	78.3301450	"TGSRTC Bus Depot , Kamareddy"	depot
18.4336864	79.1281829	"TGSRTC Bus Depot , Karimnagar - 1"	depot
18.4330756	79.1275178	"TGSRTC Bus Depot , Karimnagar - 2"	depot
17.2560916	80.1415946	"TGSRTC Bus Depot , Khammam"	depot
16.9958500	79.9656873	"TGSRTC Bus Depot , Kodad"	depot
18.8247430	78.7185621	"TGSRTC Bus Depot , Korutla"	depot
17.5486420	80.6146423	"TGSRTC Bus Depot , Kothagudem"	depot
17.4734155	78.4259019	"TGSRTC Bus Depot , Kukatpally"	depot
17.4681470	78.5659005	"TGSRTC Bus Depot , Kushaiguda"	depot
17.6043478	80.0049156	"TGSRTC Bus Depot , Mahabubabad"	depot
17.1348406	78.4154209	"TGSRTC Bus Depot , Maheshwaram"	depot
18.8824191	79.4456415	"TGSRTC Bus Depot , Mancherial"	depot
18.6572658	79.6691322	"TGSRTC Bus Depot , Manthani"	depot
17.9335387	80.8162648	"TGSRTC  Bus Depot , Manuguru"	depot
18.0513657	78.2712274	"TGSRTC Bus Depot , Medak"	depot
17.6338879	78.4870827	"TGSRTC Bus Depot , Medchal"	depot
17.3922120	78.4409311	"TGSRTC Bus Depot , Mehdipatnam"	depot
18.8476197	78.6335466	"TGSRTC Bus Depot , Metpally"	depot
17.3398309	78.5049662	"TGSRTC Bus Depot , Midhani"	depot
16.8711443	79.5608197	"TGSRTC Bus Depot ,  Miryalaguda"	depot
17.5124775	78.3601000	"TGSRTC Bus Depot , Miyapur - 2"	depot
17.5135205	78.3598282	"TGSRTC Bus Depot , Miyapur - 1"	depot
17.4080340	78.5037305	"TGSRTC Bus Depot, Musheerabad - 2"	depot
17.4070022	78.5033823	"TGSRTC Bus Depot, Musheerabad - 1"	depot
17.4077708	78.5021935	"TSRTC Bus Depot , Hyderabad"	depot
17.0564449	79.2747569	"TGSRTC Bus Depot , Nalgonda"	depot
18.0395098	77.7906282	"TGSRTC Bus Depot , Narayanakhed"	depot
16.7426050	77.4984807	"TGSRTC Bus Depot , Narayanapet"	depot
17.2040101	79.1950315	"TGSRTC Bus Depot , Narketpalle"	depot
17.9256703	79.8850871	"TGSRTC Bus Depot , Narsampet"	depot
17.7361821	78.2869199	"TGSRTC Bus Depot , Narsapur"	depot
18.6771459	78.0990351	"TGSRTC Bus Depot , Nizamabad - 1"	depot
17.1756859	77.8801397	"TGSRTC Bus Depot , Pargi"	depot
18.2001394	79.6922249	"TGSRTC Bus Depot , Parkal"	depot
17.4478320	78.4991452	"TGSRTC Bus Picket Depot , Picket ( Jublee Bus Station Secundrabad )"	depot
17.3346839	78.4090949	"TGSRTC Bus Depot , Rajendranagar"	depot
17.4325670	78.4859756	"TGSRTC Bus Depot , Ranigunj - 2"	depot
17.4317723	78.4867558	"TGSRTC Bus Depot , Ranigunj - 1"	depot
17.6147173	78.0839498	"TGSRTC Bus Depot , Sangareddy"	depot
17.0669025	78.2045666	"TGSRTC Bus Depot , Shadnagar"	depot
18.0932715	78.8528505	"TGSRTC Bus Depot , Siddipet"	depot
18.3853900	78.8014064	"TGSRTC Bus Depot , Sircilla"	depot
9.6774872	76.5488414	Ettumanoor Industrial Estate	
17.2518245	77.5910798	"TGSRTC Bus Depot , Tandur"	depot
17.5923085	79.6458408	"TGSRTC Bus Depot, Thorrur"	depot
17.4045323	78.5896173	"TGSRTC Bus Depot , Uppal"	depot
19.3725968	78.7798196	"TGSRTC Bus Depot , Utnur"	depot
18.4510941	78.8545845	"TGSRTC Bus Depot , Vemulavada"	depot
17.3319427	77.9147845	"TGSRTC Bus Depot , Vikarabad"	depot
18.0062666	79.5527580	"TGSRTC City Bus Depot , Warangal"	depot
17.5827515	78.9445187	"TGSRTC Bus Depot , Yadagirigutta"	depot
17.6824623	77.6142483	"TGSRTC Bus Depot , Zaheerabad"	depot
29.7006963	77.5431085		brickyard
29.6925364	77.3879630		brickyard
29.7469702	77.4359600		brickyard
29.7422990	77.4318022		
29.7435445	77.4333213		
29.7113198	77.4481640		
29.7040919	77.4322221		
29.7059442	77.4323131		
28.7213561	77.1768077		
15.6039769	73.7598985	CRD Enterprises	
15.7697812	80.0361809		
23.2945951	85.4486206	Factory	factory
29.8037695	77.4802931		brickyard
29.7850167	77.5921308		brickyard
19.2031290	72.8703896	Mahindra & Mahindra	
29.5682126	77.4054687		
29.5685385	77.4108363		brickyard
29.5772767	77.4394647		brickyard
29.5870632	77.4499005		brickyard
29.5857693	77.4485871		brickyard
29.5857482	77.4497965		brickyard
15.3467544	74.2142598		mine
28.6463588	77.3230478		
28.6393499	77.4357572		
29.6377050	77.4384672		brickyard
27.0616531	95.2859636		
15.5554488	73.8076798		
15.5546211	73.8068269		
15.5555678	73.8061765		
15.5560707	73.8147997		
15.5571453	73.8010977		
29.7430493	77.6104303		brickyard
29.7570486	77.6109262		brickyard
12.6977138	77.4439311		
12.7922059	77.4365126		
29.8304871	77.4699360		brickyard
15.1081513	80.0364341	Sri Sai Ganesh Rice Mill	
15.7554703	79.8342032	kummitha's farm	slaughterhouse
15.7571334	79.8286289	turakapalem power station	
16.6437017	80.2301725	Koti Welding Works	
15.5082198	73.9613033		
15.5074397	73.9617043		
29.8663205	77.5065603		
29.8573026	77.5072234		brickyard
30.1270094	75.8154106		
28.7379630	79.0636984		
25.4342320	78.5460489	"Coach Mid-life Rehabilitation Workshop, Jhansi"	railway
15.5761990	73.9814307		
29.7686829	77.3881137		brickyard
29.7270466	77.3653748		brickyard
29.7278610	77.3633616		brickyard
29.8606168	77.5559843		brickyard
29.6348846	77.3971928		brickyard
17.3697559	78.5254375	"TGSRTC Bus Depot , Hyderabad - 1"	depot
17.3710087	78.5254953	"TGSRTC Bus Depot , Dilshuknagar"	depot
8.5137214	78.1184471		
29.6710850	77.5512778		brickyard
29.6600235	77.5481466		brickyard
29.8094151	77.5857854		
29.8339050	77.6031794		brickyard
15.4878719	73.9034830		
29.7022254	77.4030651		brickyard
29.7157168	77.4093619		
30.7521874	76.5965288		
18.5724686	73.6996775	Emcure	
28.5274960	77.5825713	R.P. Foam Home Pvt. Ltd.	
28.5281520	77.5918675	Dadri Warehousing & Logistics LLP	warehouse
28.5278299	77.5884983		warehouse
28.5256202	77.5933005		warehouse
28.5322116	77.5824465		warehouse
13.0291606	77.6967716		
31.1120425	75.3445288		
31.1191698	75.3599377		
13.0865373	77.5056025		
29.7335646	77.3516556		brickyard
12.7573395	77.6601863		
12.7594362	77.6563024		
12.7591629	77.6553770		
12.7550479	77.6584938		
12.7353721	77.6285242		
12.7352722	77.6232281		
12.7322932	77.6237469		
12.7331480	77.6369802		
12.7387967	77.6323959		
12.7563638	77.6651108		
12.7313011	77.6653284		
12.7308711	77.6631524		
12.7295221	77.6701051		
12.7277090	77.6668971		
12.7201988	77.6632172		
12.7251775	77.6602556		
12.7247986	77.6585153		
12.7234654	77.6633862		
29.6738884	77.5612400		brickyard
10.4064321	77.3235691		
10.0133710	77.4019754		
10.0107930	77.3883095		
10.0479603	77.4805426		
10.3319870	76.9812629		
10.3365545	76.9947088		
10.3358896	76.9935661		
10.4157393	77.4473476		
10.4143569	77.4497401		
10.4218752	77.4696797		
10.4224344	77.4724531		
29.8007745	76.3435189		brickyard
29.8302021	76.4026895		
29.8220113	76.3190175		brickyard
29.5288882	77.3792785		brickyard
29.5320446	77.3831707		brickyard
29.5321633	77.3871566		brickyard
29.5357935	77.3855373		brickyard
12.8900439	77.7494095		
13.0386557	77.7578392	NTT DC3	data_centre
29.6560125	77.4297050		
9.3638772	77.4000228		
9.3532488	77.3999476		
9.3499247	77.3940870		
13.0428073	77.7441287		
13.0508344	77.7357253		
13.0456007	77.7351513		
13.0474559	77.7353150		
13.0484776	77.7345774		
13.0566298	77.8507439		
12.7775289	77.7939722		
13.0289685	77.6434558		
13.0397588	77.6462703		
13.0377517	77.6419931		
13.0294227	77.6441712		
29.8606054	77.5543935		brickyard
29.6101975	77.3849507		brickyard
29.7682343	77.5017225		brickyard
13.0306990	77.6451418		
13.0269140	77.6430782		
13.0445712	77.7377813		
13.0400865	77.7351332		
13.0410122	77.7380266		
13.0284870	77.7365904		
29.9781688	74.9038150		
29.9838942	74.9079773		
29.7636856	77.4959988		brickyard
10.5816758	76.7448717		
13.0727583	77.5932290		
13.1042643	77.9105403		
12.8721818	77.6936013		
9.6940646	76.3313451	J S Trading Company	scrap_yard
9.1902327	76.4875478	N S Agency	
29.6376206	77.3348567		brickyard
29.6389748	77.3352481		brickyard
29.6381715	77.3321825		brickyard
19.6858578	72.7617123		factory
13.1085773	77.5652321		
13.1475408	77.5323710	KSIIDC	
13.0542730	77.3926507		
13.0514144	77.3926735		
13.0430242	77.3911756		
13.0811194	77.3921297		
13.0701823	77.3949856		
13.0717735	77.4319276	Devaraja Urs Truck Terminals	
13.0537870	77.4350899		
13.2040339	77.6607406		
13.1801396	77.6404099		
13.1546157	77.6238685		
12.9970102	76.2879412	Doothnur Kaval Industrial Area	
13.0636873	77.6858500		
13.0613617	77.6738682		
26.7876896	85.7078353		brickyard
26.7855777	85.7059577		brickyard
13.1772907	77.2541082	Machanahalli Industrial Area	
32.1328319	75.4462289		brickyard
32.1329565	75.4427781		brickyard
32.1326074	75.4931266		
32.1543245	75.4966594		brickyard
15.2080155	74.1605130		
15.3757953	73.8761509		
15.3772854	73.8768849		
15.2922911	73.9662051	PWD	
15.2978873	73.9759737		
15.2965833	73.9758878		
15.2960322	73.9741463		
15.2980373	73.9728208	Varun Beverages Ltd.	
15.7210890	75.0615549	Harsha Sugar Pvt Ltd	
15.6918652	74.7165638	Malaprabha Co-operative Sugar Factory	
29.6352625	77.3321983		brickyard
31.4078056	75.3277756		
14.0460019	79.3226623		
14.0511226	79.3252587		
14.0550983	79.3207204		
14.0363534	79.3202268		
14.0341884	79.3247008		
14.0242324	79.3149269		
17.6474699	83.0914319		
17.6552251	83.0853566	Emmennar Chem	
17.6558813	83.0831815	Granules India	
17.6529058	83.0821895	Srini Pharmaceuticals	
17.6613378	83.0757399	Indian Oil Corporation Ltd	
17.6584097	83.0764535	KRS Pharmaceuticals	
17.6587109	83.0749120	Ramky Pharmacity India Limited	
17.6665606	83.0891499	Devi Pharmatech Pvt Ltd	
17.6675174	83.0863137	Indian Rubber Industries	
17.6694262	83.0816434	LMR Impex	
17.6682833	83.0836178	Auro Cure Private Limited	
17.6681005	83.0812165	Coastal Plastics	
17.6684031	83.0813138	Simhadri Welding Works	
17.6690114	83.0815043	Sriyani Polymers LLP	
17.6704664	83.0803343	Ramky Pharmacity India Ltd	
17.6503052	83.0768965	KRR Drugs & Intermediates Pvt. Ltd.	
17.6486087	83.0768567	Hitesh Chemicals And Drugs Private Limited	
17.6490303	83.0755119	Mahidhara Chemicals Pvt Ltd	
17.6513609	83.0743267	Veer Chemie & Aromatics Pvt. Ltd.	
17.6517814	83.0729209	Synthokem Labs Pvt. Ltd.	
17.6528895	83.0704493	Vannsh Life Sciences Pvt. Ltd.	
17.6559688	83.0663294	Ramky Pharmacity India Limited	
17.6552704	83.0673569	Sainor Life Sciences Pvt. Ltd	
17.5101572	82.9742809	Sainor Laboratories Pvt Ltd	
17.5100487	82.9723469	Amara Life Sciences Private Limited	
17.5100916	82.9731216	Siflon Drugs	
17.5152078	82.9813132	Yama Ribbon Manufacturer India Private Limited	
17.5178468	82.9861285	SSV Pharma Private Limited	
17.5281375	82.9786116	Brandix India Apparel City SEZ	
17.5238757	82.9715345	Teejay India Pvt Ltd	
17.5324618	82.9789770	BIAC Non-Processing Zone	
17.5293923	82.9862222	International Trimmings and Labels India Private Limited	
17.5294583	82.9871533	Vardhman Yarns & Threads Ltd	
17.5293913	82.9854150	Ribest Ribbons And Bows (India) Private Limited	
17.5293912	82.9839936	Econopack Industries Pvt Ltd	
17.5280158	82.9844432	Tianyuan Garments India Private Limited	
17.5265136	82.9828350		
17.5263385	82.9802497		
17.5189290	82.9741932	Solara Active Pharma Sciences Limited	
17.5383993	82.9905904	WS Industries	
14.2726286	79.9638712		
14.2800940	79.9943519		
14.2778404	79.9763596		
14.2707051	79.9869382		
14.2664107	79.9856722		
14.2682111	79.9778509		
14.2615963	79.9801254		
14.2609517	80.0276005		
14.2467473	80.0437581		
14.2668058	80.0758105		
14.2610331	80.0736610		
14.2570939	80.0733688		
14.2570679	80.0695943		
14.2592454	80.0710217		
14.2579184	80.0710255		
14.2582462	80.0687080		
14.2556351	80.0730368		
14.2618407	80.0664067		
14.2560593	80.0602269		
14.2570264	80.0559729		
14.2598443	80.0475991		
14.2581182	80.0423581		
14.2563556	80.0460702		
14.2563660	80.0373209		
14.2611701	80.0062715		
29.6239464	77.5317218		brickyard
29.7834079	77.2838360		brickyard
29.7848925	77.2853537		brickyard
29.8002093	77.2678882		brickyard
18.9435150	76.7265736	Tapdiya Crus and sand bussiness	mine
29.8339601	77.4831469		
29.8412490	77.4842824		brickyard
29.8425000	77.4822369		brickyard
29.8383980	77.4845859		brickyard
29.8422427	77.4789217		brickyard
29.8307716	77.4744653		brickyard
29.6385688	77.4938607		brickyard
29.6405631	77.4975201		brickyard
14.2796469	80.1375925		
16.0311051	75.0244867		
16.0339659	75.0262785		
15.9759246	74.6622491		
16.1071278	74.1329151		
16.1094211	74.5241904		
8.8934669	78.0204606		
8.8979208	78.0210547		
8.8475402	78.0710953		
8.3151193	77.5773624		
8.3149096	77.5759649		
8.3145168	77.5737842		
8.3133650	77.5763511		
29.6999592	77.2236483		brickyard
29.7081172	77.1790525		brickyard
29.7244568	77.1700992		brickyard
29.7291959	77.1752634		brickyard
15.5941360	73.8256353		
15.5952907	73.8263326		
15.5875915	73.8077648		
15.5875969	73.8077775	Scrap Dealer	scrap_yard
26.1749478	81.0036463		
30.7133869	76.7050637		
19.1058847	73.0352337		
29.6362684	77.5586068		brickyard
29.7635682	77.5010583		brickyard
31.9552146	75.3253770	New Egerton Woollen Mills	factory
28.5951754	77.4613457		
28.5963881	77.4604931		
28.5969946	77.4633645		
28.5979124	77.4607278		
23.8055270	91.5639130		
31.9712676	75.2590732		brickyard
31.8625063	75.3283379		brickyard
12.9864905	77.7878085		
15.5818553	73.8010884		
15.5810316	73.8003138	Shiv Granite And Tiles	
15.5807348	73.7917509		
21.7304583	72.6348857		
15.5944397	73.7601002		
15.5946627	73.7599390		
19.5799041	76.2149828	Holani Dalmil	
19.5820486	76.2222274	Akshay Cottex	
19.5837075	76.2197166	Vitthala Cottex	
29.7169489	77.6366518		brickyard
17.5957790	80.3221324	"TGSRTC Bus Depot , Yallandu"	depot
13.0414766	77.6772002		
13.0445707	77.6802518		
13.0238740	77.7178631		
13.0259554	77.7186611		
13.0198947	77.7137768		
13.0218405	77.7112227		
29.5115244	77.2834197		brickyard
29.5137071	77.2815253		brickyard
29.5098149	77.2766254		brickyard
29.5100003	77.2681696		brickyard
29.5111312	77.2688115		brickyard
23.6895671	86.8538293		
29.6267381	77.5501761		brickyard
13.1155649	77.5836728		
29.6024327	77.4697459		brickyard
29.6120984	77.4542542		brickyard
21.7399208	72.6775205		
21.7407313	72.6772735		
18.8731576	79.7944261		
27.5987604	79.2157064		
13.0283191	77.7185310		
22.7392905	87.7618248	Radha Krishna Brick Field	brickyard
17.1177559	81.4891347		
15.5977510	73.8121483	Siddesh Engineering	
18.5670448	73.7432764	Mauli Steel Industries	
29.7936229	77.3740638		brickyard
24.8193958	74.6318877		refinery
31.8551244	75.2308886	batala sugar mill	
28.3513995	75.8996633		
29.7255305	77.2262937		brickyard
29.7440843	77.2302178		brickyard
32.0128362	75.3091312		brickyard
23.7629957	86.7671274	Kumardhubi Steels Pvt Ltd	factory
23.7549773	86.7886247	Maithan Ceramic Limited	
23.7556181	86.7913672	BABA HITECH Pvt Ltd	
30.9179559	75.1867313		
31.9760847	75.2242795		
22.7392636	87.8541356		
18.0074002	79.4654241	Tekuladedem Substation	substation
18.0043159	79.4666693	Government school	school
32.0121115	75.3469635		brickyard
31.9877820	75.3764160		brickyard
31.9919451	75.3546339		brickyard
31.9908672	75.3515039		brickyard
19.5807327	75.6312058		slaughterhouse
29.7101505	77.5208399		
26.3446619	85.1116351		
31.7981855	75.2089718		
31.7950025	75.2327610		
22.5388278	72.9210086		factory
29.8225193	77.5692799		brickyard
29.8218046	77.5684863		brickyard
31.9616088	75.3061261		
16.5431243	80.5963265		
29.6053518	77.1367584		brickyard
29.6014079	77.1250449		brickyard
17.8462228	83.2367919		
20.5759338	86.0199666		
17.6834026	83.2951571	South Asia LPG Co Private Limited	
31.2065434	75.3275441		
31.3114084	76.7600906		
11.3712146	76.6835219	Stanes Tea Factory	
28.8034843	77.0264267	Bawana DTC Bus Depot	depot
22.8596428	87.8290897		
22.8653198	87.8215098		
22.8665444	87.8181732		
9.5602992	76.7871588	Ajistone storage	depot
12.9982335	77.7151626		
16.2902628	80.9514992	AKSHAY FOOD IMPEX PVT LTD	
16.4625947	80.7351484	"Vijay Spinning Mills Ltd , Ganguru"	
12.9877228	77.6995491		
18.4227799	76.5534198	LCMT Bus Depot	depot
22.3185390	73.1768662	Food Storage Depot	depot
29.8494113	77.3853407		brickyard
22.6899806	73.5433496		
22.8891078	87.7786602	Arambagh Oxy Gases	
13.0749645	77.7363488		
13.0708463	77.7365943		
13.0645290	77.7417745		
12.8424246	77.6791865		
17.2208257	81.8468839		
10.9589866	77.0080162	TWAD Board	
10.9550949	77.0079367	Bio Mining DJG Energy	
19.1153802	72.8934994	Souza Chawl Compound	
10.9253744	76.9923519	L&T Tech Park	
29.7107789	77.4950726		brickyard
28.4275416	75.9508092		
28.1717058	77.3360979		
27.9089140	77.3723500		
10.9401943	76.0988287		
29.6062680	77.2782183		brickyard
31.7811206	77.1936214		
31.7951898	77.1898583	Takoli Sabji Mandi	
10.9826513	76.7435562		
11.0132975	76.8786871		
13.1820843	77.5211015		
26.1608286	91.7626576	jjjj	oil
22.8797127	87.8181088		brickyard
28.6212800	77.2824897		
30.3157054	78.0334809	Dehradun Hill Depot	depot
28.3225953	76.0887094		brickyard
28.3290698	76.1259441		brickyard
28.3303900	76.1147189		
28.2894207	76.1039354		
29.8102674	77.2564792		brickyard
29.8140740	77.2584419		brickyard
29.8046064	77.2572551		brickyard
29.7948140	77.2522185		brickyard
29.8014444	77.2588902		brickyard
29.8021676	77.2589795		brickyard
28.3241909	76.0610047		
26.7194712	94.1956054	Green tea processing unit	
26.7191623	94.1956956	Black tea processing unit	
31.0559053	75.1969281		
31.0570190	75.2009647		
18.9643353	73.0679440		
18.9614985	73.0695909		
18.9605471	73.0633502		
13.6319843	79.4923637		
13.6302487	79.4857696		
12.8348773	77.3978136		
19.6000394	73.3683488		
8.4400674	77.0215351	Tata Motors	
29.8747597	77.4997904		
19.5797404	73.1726628		
31.0817598	75.4772234		
19.2837232	72.9328225		
19.2084848	72.9517991		
19.7938875	72.7351381		
19.8064469	72.7408175		
19.8041098	72.7326913		
19.7965995	72.7243981		
19.7950522	72.7187024		
19.7935434	72.7220674		
19.7864564	72.7231478		
19.7903801	72.7340877		
19.8101251	72.7325079		
19.8064988	72.7258721		
19.8078728	72.7257594		
19.7998860	72.7307909		
19.8005859	72.7409193		
19.8005708	72.7447972		
19.7939289	72.7413024		
19.7877225	72.7468094		
19.7935301	72.7490583		
19.7823680	72.7454176		
19.7846907	72.7545586		
19.7911574	72.7556182		
19.7021738	72.7277632		
19.6910211	72.7300245		
19.7171075	72.7609252		
19.7167983	72.7655659		
19.7153394	72.7899143		
19.7232915	72.7902342		
19.7188676	72.7905291		
19.7141184	72.7797740		
19.7879887	72.7589882		
19.7328188	72.7736185		
19.7395123	72.7741557		
28.3246281	76.1393823		brickyard
28.3250527	76.1420004		brickyard
29.5925630	77.2588738		brickyard
29.7270126	77.2695276		brickyard
28.3501344	76.0122765		
10.7706315	78.7834315	BHEL Rolling Product Store	
13.0986192	80.1695829	Ambattur MTC Bus Depot	depot
12.0271358	78.1147904	HPCL Dharmapuri Terminal	oil
12.1080976	78.1245517		
17.8906480	83.3660140		
28.2761759	76.0840114		
29.8437554	77.3151145		brickyard
29.8469395	77.3169679		brickyard
29.8495777	77.3206733		brickyard
29.8496769	77.3227773		brickyard
28.3893199	76.1685070		brickyard
28.3867670	76.1655374		brickyard
28.3241378	77.3645141	Yash Blowers Private Limited	factory
22.2188872	69.1096378		
10.5594921	76.2987350	Avanthi Warehousing Services Private Limited (AWSL)	warehouse
10.5627844	76.3644483	Tritech Ready Mix Concrete	concrete_plant
29.6405808	77.1726286		brickyard
12.9601845	77.5029257		
28.3751877	76.2315756		brickyard
29.5912251	77.2565446		brickyard
29.5896464	77.2410711		brickyard
29.5920574	77.2421953		brickyard
29.5860559	77.2378523		brickyard
29.6040787	77.2343774		brickyard
29.6082960	77.2405724		brickyard
29.6036685	77.2738490		brickyard
29.6095134	77.3429028		brickyard
28.3860559	76.1919072		brickyard
28.3844805	76.1918817		brickyard
12.9612967	77.5171141		
12.9601981	77.5171430		
12.9234345	78.7112839		
12.9194145	78.7092126		
29.5362601	77.2652007		brickyard
12.7018534	78.6423039		
12.6872264	78.6240595		
12.6913006	78.6250627		
12.6928182	78.6287802		
12.6914471	78.6329404		
12.6874880	78.6288526		
12.6924074	78.6316154		
12.6873510	78.6312726		
12.6891837	78.6336951		
12.6972927	78.6380392		
12.7177904	78.6477381		
12.6884352	78.6208704		
12.6878204	78.6229974		
12.7281695	78.6852837		
12.4888991	78.5661560		depot
21.8784976	72.6719112		
19.2746348	73.0395515	FCI FSD Bhiwandi	warehouse
29.9027766	77.3075106		brickyard
29.1382680	77.2333832		
32.1494249	75.4837470		
32.1295685	75.4667365		brickyard
8.5007609	76.9326726		
13.7114373	79.8296080		
13.0750998	80.2510004	"GCC Bio-CNG Plant, Chetpet"	
16.1877741	81.1356774		
13.1527898	80.2451522	Aavin Central Dairy	agriculture
12.9830517	77.5051827		
12.9795839	77.4968813		
12.9873710	77.5145514		
12.9815364	77.4969653		
28.5312783	77.3453017		concrete_plant
28.5316730	77.3440451		
28.5299239	77.3452762		
28.4749083	77.2125990		
12.9728733	77.4912460		
28.4915224	77.1971673		
29.5394059	77.1885692		
29.5230941	77.2079104		
29.5352311	77.1962598		
29.5467347	77.1787389		
28.4365109	77.1999728		
26.8970639	75.4322498	Bharat Petroleum Corporation Limited Jobner Plant	oil
29.7280007	77.2735680		
22.2892948	69.0377951	Bricks	brickyard
28.6267163	77.2259313		
24.4509586	92.5629677		brickyard
29.9576735	77.5177326		brickyard
29.9735522	77.6137231		
29.9830742	77.6229247		
29.9682130	77.6152660		
29.6696514	77.2674922		brickyard
15.5110750	73.9998143		
15.5207314	73.9935442		
15.5224580	74.0346981		
15.2677531	74.1104542		
29.9347391	77.3244844		brickyard
29.9333082	77.3220812		brickyard
29.9322400	77.3228203		brickyard
29.9293766	77.3169005		brickyard
29.9714126	77.3718114		brickyard
29.9704416	77.3711186		brickyard
12.9788024	77.8077856		
13.0787912	77.8044838		
13.0781407	77.8063720		
29.7335762	77.1522241		
12.9723671	77.5006471		
31.2047509	76.1527472		
29.8886229	77.2475500		brickyard
29.8875032	77.2848011		brickyard
29.9006501	77.2906077		brickyard
29.7785717	77.2247701		brickyard
13.0463937	77.6276086		
13.0484214	77.6301375		
13.0439695	77.6276112		
17.1972158	78.1374147	Olectra Greentech Limited	automotive_industry
29.5845346	77.1250361		
28.2771573	76.0765644		
28.2771372	76.0779773		
28.2762345	76.0811480		
19.8908343	75.5012758		
28.2943601	76.1828522		
28.2924832	76.1842365		
28.2915934	76.1873091		
29.4834114	77.2126279		brickyard
12.9841645	77.5058749		
32.0098638	75.1717281		brickyard
31.3335366	75.8112397		
31.3386991	75.8176996		
31.3618299	75.8195872		
31.3798324	75.8257715		
29.6602024	77.2693784		brickyard
29.6609273	77.2475862		brickyard
29.8737002	77.3252721		
29.8227089	77.3215082		brickyard
13.0194953	79.1341134	Tamil Nadu Industrial Explosives Limited	
19.6818243	72.7568967		
19.6812114	72.7572243		
19.6819223	72.7580184		
19.6810822	72.7585418		
19.6812104	72.7593684		
19.6816344	72.7602003		
19.6819552	72.7607046		
19.6811284	72.7607565		
19.6814227	72.7616162		
19.6825379	72.7641456		
19.6836309	72.7636280		
19.6845187	72.7689934		
15.5514696	73.7684202		
15.5513419	73.7698547		
15.5509847	73.7695950		
29.5891689	77.3235619		brickyard
29.4545942	77.3700448		brickyard
29.4235573	77.3673156		brickyard
29.4228709	77.3737296		brickyard
29.4393712	77.3651285		brickyard
29.4418093	77.3715068		brickyard
18.7613361	73.7816084	Sawardari	factory
27.2002707	78.0522479	Nunhai Industrial Area	
13.1149471	80.1525238	Track machine satellite depot	depot
13.1149520	80.1516949	Ambattur Depot Yard	depot
12.9597748	77.7283889		
12.9595883	77.7276270		
12.9588105	77.7270767	Jubilant Motors	
15.4594841	74.0384678		mine
15.4526611	74.0431669		mine
22.7702805	88.3887647	Garage	
12.9390870	77.4909926		
25.3095996	75.7215755		
26.6350772	88.4614320	Delhivery Warehouse Siliguri Jugibhita	warehouse
11.7214228	79.6585308	SLR Energy Bio-CNG Plant	
15.2851864	74.0946937		
13.3120987	77.8816806	Sir MV Deep Tech Park	
15.4613424	76.0055636	G.M. Granites	
15.3368342	76.2120769	Baldota	
11.6645968	78.2017908	Cooperative Spnning Mills	
11.6605176	78.2040405		
11.6601145	78.2046526		
29.6035289	77.2507184		brickyard
29.5997028	77.2690563		brickyard
29.5007466	77.3345373		brickyard
29.4967643	77.3474656		brickyard
29.8280357	77.2876448		
12.8625087	77.5318681		
12.8590089	77.5279537	Sree Vishnu Granites	
12.9643287	77.4888052		
12.9651717	77.4906291		
12.9686926	77.4891070		
12.9686311	77.4880903		
12.9673778	77.4874990		
12.9670288	77.4884592		
12.9665336	77.4892967		
12.9626259	77.4789480		
12.9782497	77.4689574		
10.5699387	76.2879014		brickyard
18.1231866	83.6271675		
10.5610737	76.2835683		brickyard
10.5612490	76.2841275		
10.5591484	76.2861272		
12.9869361	77.4752909		
29.7136634	77.2779735		
13.2261359	77.7693871		
13.2311097	77.7759907		
13.2306662	77.7769924		
13.2302093	77.7816362		
13.2307806	77.7794048		
12.9879104	77.4914961		
12.9871426	77.4891741		
12.9864389	77.4787644		
21.1454773	79.0912110		factory
12.9885801	77.4932925		
12.9897837	77.4963739		
13.0166941	77.4793035		
13.0246142	77.4873670		
13.0213017	77.4833797		
13.0198601	77.4842602		
30.4685638	77.1193860		
29.2262293	77.1988152		brickyard
29.2164965	77.1939919		brickyard
19.7652143	79.8163176		
19.7713605	79.8155263		
23.9715808	87.3367494		brickyard
23.7961727	87.4212588		brickyard
23.7956834	87.4231487		brickyard
23.7944400	87.4236931		brickyard
23.7948483	87.4224714		brickyard
23.7946842	87.4209419		brickyard
23.7931047	87.4240338		brickyard
23.7926864	87.4194332		brickyard
23.7944204	87.4165411		brickyard
23.7939320	87.4137564		brickyard
23.7879109	87.4201552		brickyard
23.7902750	87.4249401		brickyard
23.7914502	87.4271560		brickyard
23.7902560	87.4278014		brickyard
23.7895475	87.4254756		brickyard
23.8988972	87.4587602		brickyard
23.9275921	87.4732703		brickyard
23.9448663	87.4790460		brickyard
23.9483492	87.4884708		brickyard
23.9535948	87.4808015		brickyard
23.9536848	87.4885751		brickyard
23.9449801	87.4950084		brickyard
23.9644396	87.4637398		brickyard
23.9639855	87.4458265		brickyard
26.6210768	80.1941932	Jai Bharat Ara Machine	sawmill
10.9552288	77.9481503	Scoobee Day Garments India Ltd	
10.9791620	77.4648978	Mayura Packaging Private Ltd	
10.9818281	77.4765433	Sree Yeswin Refinery	
10.9849629	77.5053674	Santha Spinning Mill	
23.0141925	87.6979884		brickyard
23.0141239	87.7033912		brickyard
23.0143032	87.7061568		brickyard
23.7996767	87.4809039		brickyard
23.8122067	87.4177834		brickyard
23.8073074	87.4307260		brickyard
23.8085076	87.4267612		brickyard
24.1604923	87.7157716		brickyard
24.1831319	87.7232382		
24.1799726	87.7357283		brickyard
24.1768758	87.7376378		brickyard
13.1904049	77.4217353		
13.1471986	77.4239615		
29.5017554	76.9932958		
29.5031792	76.9929094		
29.5016297	76.9906767		
29.5009810	76.9974026		
29.5108539	76.9987661		
29.4958517	77.0042726		
29.4947306	77.0033272		brickyard
29.4946650	77.0021074		
29.4933368	77.0014199		
15.3974717	73.8787959		
15.4018157	73.8671639		
15.3995655	73.8703674		
15.3999947	73.8497545	Abhishek Engineers	
15.3919990	73.8408481		
15.3931044	73.8405649		
18.7571857	73.8245069	Mahindra Advanced Technologies	
18.7619094	73.8279523	Hydroline	
18.7546372	73.7989508	Goldhofer India	
23.7841865	87.1219782		brickyard
16.9879612	78.2781267		
15.3988363	73.8480417		
15.4010157	73.8519608		
29.7874458	77.2674839		
26.4928786	71.5957519		
26.4924621	71.6056184		
26.4973701	71.6187867		
26.5034897	71.6233546		
26.5058057	71.6212155		
26.5237084	71.6340981		
26.5266987	71.6328469		
26.5279693	71.6297396		
26.5273046	71.6259684		
26.5328049	71.6069796		
26.5516411	71.6087821		
26.5375152	71.6130756		
26.5137971	71.6046944		
26.5153587	71.5850660		
26.5025002	71.5870388		
26.2844627	71.0860222		
26.1799503	71.2212740		
26.1741983	71.2217260		
26.2764892	71.1743688		
26.2663590	71.1752037		
26.3111769	71.0299024		
26.3023445	71.0278169		
26.3198505	70.9932916		
26.2996742	70.9872110		
26.3030488	71.0559788		
26.2928619	71.0487087		
26.2895121	71.0424001		
26.3255216	71.0480958		
26.3129644	71.0733032		
26.3120928	71.0900563		
26.3026751	71.0782841		
26.2797570	71.1555437		
26.2710899	71.0808658		
26.1234166	71.2395774		
26.1274630	71.2485306		
26.1405148	71.2718846		
26.1733093	71.2861928		
13.0165766	77.6623714		
8.9616222	76.6670758	Kerala Electrical & Allied Engineering Co	electrical
15.2920125	76.4369951		
12.3732165	77.6331201		
12.3716707	77.6291183		
12.3725563	77.6300061		
12.3738715	77.6307839		
8.9642596	76.6702616	The Aluminium Industries Limited (ALIND)	electrical
17.5282295	82.5158300		
11.0296745	76.8972859		
29.8583979	77.6238756		brickyard
29.8592509	77.6259486		brickyard
29.7696469	77.2626395		
29.7567431	77.2682654		
13.0334497	77.7601226		
12.9683893	77.7071954		
28.1016957	76.1679848		brickyard
29.4183869	77.2546169		
29.4190351	77.2466832		brickyard
29.4235432	77.2507919		brickyard
29.4156183	77.2563324		
29.4405722	77.2656734		brickyard
13.1437405	77.4268368		
13.1442498	77.4224379		
13.1436307	77.4027935		
13.1421550	77.4059236		
13.1331305	77.4061140		
13.1355649	77.4084153		
13.1389789	77.4077314		
26.4239996	85.0451522	Sugar Mill Area	factory
26.4191150	85.0532884	Sugar Mill Chakia	factory
13.0590503	80.2605813		
13.0588808	80.2622368		
29.7597183	77.2697622		
29.7596608	77.2684957		
29.7648131	77.2650235		
28.1372462	76.2014975		brickyard
12.3759081	79.7889568		
11.1933326	78.1642303		
11.1930522	78.1648206		
11.1924383	78.1640828		
11.1923614	78.1644302		
11.1921544	78.1647272		
11.9744990	79.1921442		
11.9754582	79.1947598		depot
11.9759940	79.2169184		
11.9782649	79.2130924		
12.9729752	77.4674347		
12.2362447	79.0666557		
29.2934514	77.4614605		brickyard
29.2937785	77.4632209		brickyard
15.3070586	76.4248144		
15.3071536	76.4249205		yes
15.2875029	76.4349326		
15.2881194	76.4341328		
15.3051209	76.4241676		
15.3050621	76.4241336		yes
15.2876705	76.4355450		yes
15.2884154	76.4345934		yes
15.2881013	76.4340428		yes
15.2879315	76.4340791		yes
15.2874381	76.4332057		yes
19.2558068	72.8740626	Sarvodaya Hydraulics	hose_pipe_manufacturing_facility
12.7661108	77.7692422		
34.1418194	74.5827255	Amul Processing unit	
34.1534997	74.5616188	Receiving Station pattan	
13.0185746	77.7832892		
29.4634637	77.2573620		brickyard
29.4705545	77.2368413		brickyard
29.4918362	77.2658574		brickyard
29.4922212	77.2668078		brickyard
27.2524057	78.0463874		
27.2512208	78.0473547		
27.1375284	78.4085963		brickyard
13.0690562	77.7448736		
13.0638282	77.7193934		
13.0546451	77.7100581		
13.0588768	77.7318039		
13.0118941	80.2134580		
28.2838925	76.0514961		
12.2764180	78.8801797	Dairy	
12.8708542	77.5938364		
28.1376282	76.1675561		brickyard
28.1404268	76.1808843		
28.3309124	75.9892876		
11.0311264	77.1428962	Propel Industries Pvt Ltd	
11.0315054	77.1410293	Propel Drive Systems LLP	
12.6240536	77.8553519		
13.0266188	77.7619448		
11.1134545	77.1833276	CTC Bus Depot	depot
11.1210645	77.1925999	Makino India Pvt Ltd	
13.0092885	80.0055027	M Block	
28.1929890	76.0463748		brickyard
28.1851318	76.0437225		brickyard
28.1751637	76.0354714		brickyard
19.2150422	73.1109003	Evonik Catalysts India Pvt. Ltd.	
28.0965557	76.2285035		
8.0814514	77.5473044		
12.9306237	77.6853038		
12.9594173	77.7295971		
12.9586678	77.7427152		
12.9599902	77.7329647	Phoenix Packaging Industries	
12.9611773	77.7310071		
30.8262028	75.9838271		
30.8316521	75.9866086	"Gateway Railway Freight Limited, ICD"	warehouse
12.9027697	77.7079612		
23.7961929	87.4091119		brickyard
23.7959871	87.4342490		brickyard
23.7972239	87.4358978		brickyard
23.8019884	87.4334441		brickyard
23.8250495	87.4204673		brickyard
23.8230994	87.4212021		brickyard
23.8288541	87.4275262		brickyard
23.8136949	87.5024660		brickyard
28.2851185	76.1660404		
23.7699873	87.3486180		brickyard
23.7845002	87.4545243		brickyard
23.7940235	87.4508852		brickyard
23.7888283	87.4708126		sandmine
29.4779677	77.1517597		brickyard
12.9101027	77.6023197		
12.9040363	77.6007415		
12.9049634	77.6022449		
26.6213602	80.1942533		
26.6245401	80.1889243		
26.6239841	80.2058182		
12.8702850	77.6629513	Bosch	
12.8635447	77.6623106		
12.9195858	77.6005966		
12.9313831	77.5991298		
12.9294686	77.6012021		
12.9284623	77.6012221		
12.9279462	77.6010479		
11.0162233	77.0434573	TNEB Station Neelikonampalayam	
13.0380367	77.5360686	Kardex India	
13.0342131	77.5401264	Tata Tea	
12.9456735	77.5255019		
12.9901643	77.7454312		
10.0868358	73.6491194	Kalpeni Low Temperature Thermal Desalination Plant	
29.9185916	77.3361933		brickyard
29.9187939	77.3312255		brickyard
22.3035679	68.9631955		
23.7702869	87.4061686		brickyard
23.7682479	87.4067117		
23.7657874	87.3997501		brickyard
23.7959709	87.3363614		brickyard
22.2875526	68.9741137		
12.7608221	77.7988008	Itco Industries Limited	
12.7604782	77.7983663	Flint Group India Pvt Ltd	
22.2663588	68.9991189		
22.3145470	68.9652904		
22.3221381	68.9664296		
9.7269977	76.7282173	Bus Shed	depot
9.7269867	76.7279595	Incinerator	
10.8042128	78.1139946		
12.7596609	77.7993273	JSW Sambalpur Steel Limited	warehouse
12.7573706	77.8013304	KEMS Forgings Limited	
12.7583195	77.8020390	Numann Precision Products	
26.6243600	80.1964305		
22.3347572	68.9758205		
22.9835471	72.2615121		
22.0061418	69.1828920		
22.0197798	69.1699790		
28.2318593	76.1106766		
12.7613501	77.7973679	Micro Tech CNC Private Limited	
28.4168441	75.9523047		
22.4038163	68.9832807	Tata Chemicals Microalgal Bioenergy	
22.4039787	68.9805745		
9.5722655	77.6738590		
22.3919932	69.0148668		
12.7625959	77.7955767	Knitvel Needles Limited	
16.7857947	81.2204181	Sri Mahalakshmi Rice Mill	
29.4343972	76.3461766		brickyard
29.4109721	76.2729997		brickyard
29.4137395	76.2764036		brickyard
29.4029973	76.2854655		brickyard
29.4550384	76.3135837		brickyard
12.9041863	77.6425976		
22.4068562	69.0111262		
22.4052195	69.0121082		
22.4062480	69.0166774		
22.4053132	69.0164413		
22.4120674	69.0178232		
12.7633837	77.7964152	Elkayem Auto Anciliaries Pvt Ltd	
12.7632839	77.7946832	Elkayem Auto Anciliaries Pvt Ltd (Unit II)	
20.8975669	74.7643015		
26.3755156	86.0747862		
28.3736534	77.3105585		
13.0959635	80.2979601	Chennai Port	port
13.1283237	80.3003969	Kasimedu Fishing Harbour	port
26.2288868	73.0019147		
24.6428503	73.7138257		
28.7002464	77.1663749	Wazirpur Industrial Area	
28.5094769	77.0868172		
28.4329279	77.0103299	Electronic Hardware and Technology Park	
28.4301406	77.0150336	Infocity	
28.4399386	77.0106741	Pace City I	
28.4343883	76.9990140	Pace CityII	
28.3611900	76.9201026	Sector 3	
28.3685136	76.9267320	Sector 5	
28.3687386	76.9121491	Sector 4	
28.3760150	76.9122261	Sector 7	
28.3746261	76.8917637	Sector 8	
28.3658015	76.8914176	Sector 3A	
28.3912793	76.8862508	Sector 10	
28.3941709	76.9015961	Sector 12	
28.3995930	76.8865555	Sector 12	
28.3832747	76.9015808	Sector 14	
28.3831376	76.9168772	Sector 15	
28.3835269	76.8861053	Sector 9	
28.3773800	76.8746228	Sector 11	
28.3758203	76.9268069	Sector 6	
28.5363861	77.2747696	Okhla Phase - II	
28.5239495	77.2789585	Okhla Phase - I	
28.5513728	77.2702101	Okhla Ph III	
28.6421487	77.1386192	Ware Housing Scheme Block 2	
28.6350575	77.1336651	Ware Housing Scheme Block 1	
28.6503733	77.1463021	Kirti Nagar Indl Area	
28.6457650	77.1421120	Ware Housing Scheme Furniture Block	
28.6443658	77.1460198	Naraina Indl Area - II	
28.6292902	77.1263231	Mayapuri Industrial Area 1	
28.6320922	77.1370802	Naraina Indl Area - I	
28.6397161	77.1415418	Naraina Loha Mandi	
28.6181007	77.1172465		
28.6566131	77.1425920	DLF Indl Area	
28.6809360	77.1470055	Doctor Lohia Industrial Area	
28.6596707	77.1538890		
28.6217239	77.3361380	Intergrated Freight Complex	
28.6208832	77.2874326	Patparganj Industrial Area	
28.6407938	77.3104848	Patparganj Industrial Area	
28.7894925	77.0462294	Sector 1	
28.7976126	77.0500442	Sector 2	
28.7843740	77.0536024	Sector 3	
28.7900352	77.0604895	Sector 4	
28.8298188	77.1030301	Narela Industrial Complex	
28.8248105	77.0880404	Sector G-1	
28.6743842	77.3040002	Factory Area	
28.7259063	77.1597362	Rajasthani Udyog Nagar	
28.6415950	77.1051056	Tilak Nagar Indl Area	
28.6827141	77.0804916	DSIIDC Indl Complex	
28.6820210	77.0884803	Udyog Vihar	
28.5121704	77.2938276	Mohan Co-op Indl Estate	
28.6994146	77.1834245	GT Karnal Road Industrial Area	
28.6481196	77.2044709	Flatted Factories	
19.1304754	72.8285381	DN Nagar Metro Depot	depot
14.5245431	74.3550627	Tadadi Port	port
14.5471490	74.3563014		
14.5465495	74.3462084		
14.5650942	74.3525235		
14.5656659	74.3505512		
14.5662238	74.3531687		
11.3190770	75.7454024	Puthiyappa Fishing Harbour	
21.3166990	71.6693938		
21.8359996	73.7526094	Sardar Sarovar Project	
21.3940088	72.1826193	Alang Ship Breaking Yard	
22.2378684	72.7565833	Dhuvaran Gas Based CCPP	
9.9548324	76.2880600	Cochin Shipyard Limited	shipyard
20.1709594	72.7773534	GIDC	
8.2918492	77.5533820	ISRO Propulsion Complex (IPRC)	
11.0245512	77.0736012	CONCOR	depot
13.2104749	80.3170703	Ashok Leyland	
26.9144501	81.0589921	Tata Motors	
11.6045218	79.4965258	Neyveli Solar Project	
12.9786004	77.6548505		
10.0609554	76.3237782	Apollo Tyres	
22.7521953	69.6913125	Mundra Port	port
22.4668986	88.1379288	Budge Budge Power station	
21.6561593	73.1275203		
8.7625100	78.1846273		
22.6389633	75.5993484		
13.7508367	80.1845752	Solid Propellant Plant	
17.6214107	73.4815146		
29.0250031	79.6928832		
27.9668560	76.3753263		
17.7567793	83.2095212	LG Polymers	
17.9368356	83.4793787	Divi's Laboratories	chemical
17.2193204	78.6686452		
14.2678327	77.4352241	Pavagada Solar Park	
20.1316100	79.0215200	New Majri Coal Mine	mine
20.0969656	79.0476555		mine
8.8004400	78.1607945		port
8.7946391	78.1602869	Thoothukudi Fishing Harbour	port
28.3025999	73.3061913	ReNew Power Bikaner	
13.1593920	80.2780044		
12.7240680	80.0083851	BMW India Pv Ltd	
28.2169717	76.8505040		
28.1472405	76.8847838		
27.9903236	73.0343883	Gajner Solar Park	
21.0506075	74.2987520	Sakri	
17.5303634	78.3978568	ALEAP Industrial Area	
14.0136125	78.4249324	Ananthapuramu Ultra Mega Solar Park	
14.0717545	78.4583487	Galiveedu Solar Park	
21.1182292	79.0767896	Food Corporation Of India	
29.9175020	77.7521995	Project Haridwar 3	
10.0011935	76.4538556		
9.9988279	76.4565461		
11.1515058	75.8898841		
21.4526605	72.9229279		
19.0674354	73.1384795		
20.9023105	70.3751769	Veraval Port	port
29.0457477	77.0708460		
18.4070847	79.1652482		
17.5774143	80.6693609	Paloncha Power Plant	
22.3217947	82.7320397		mine
18.5785058	74.0131851		
23.6092919	87.1501544		
26.5044260	81.5519728		
22.2144646	84.8726199	Rourkela Steel Plant	
8.8212509	77.6042220		
22.0708387	85.2701594		mine
13.0492591	77.5328904	HMT Watch Factory	
18.3011709	78.8894427	Sircilla Acme	
12.6956854	77.1040960	Avverahalli	
14.1411247	76.6816520	Gollahaḷḷi	
17.5552623	74.3520898		
19.2632538	82.7330357		
12.2281434	76.9901503		
15.7877418	75.7551405		
28.3157786	73.4458733	Azur Power Bikaner	
24.5968702	84.6872695	Sawkala Solar Plant	
19.1505199	73.0864295		
8.9124762	77.8236039		
12.3635575	76.6240657		
9.3278345	78.9227649	Arkay Valantharvi Power Plant	
16.1795298	76.7640884		
17.3011408	73.2057909	Jaigarh Port	port
12.7786423	80.0172920	Ford Factory	
25.3952662	86.0251682	Barauni Thermal Power Station	
24.2188860	72.3014438		
22.7314018	86.1740595		mine
24.1945578	72.0075466		
24.7228403	87.7684235		mine
28.2016801	77.3293760		
16.9701367	82.2766440	Kakinada Port	port
12.9437968	77.6049088	Bosch Spark.NXT	
27.1868935	95.3738344	Namrup Power Station	
28.5282748	77.5377988	CONCOR	
28.5354118	77.5310942		
24.1915390	82.8085320	Anpara Power Plant	
13.0478249	77.5611623	Bharat Electronics Limited	
17.6366232	83.2225921	Gangavaram port	port
17.7019455	83.2816471		port
17.6917557	83.2899626		port
17.6933748	83.3011421	Visakha Container Terminal	port
21.8655600	88.1737831		
8.5271564	76.8759486	Vikram Sarabhai Space Centre - VSSC	research
17.0336657	78.1834098	CalVal Facility	
9.6946608	76.6449270	Indiar Rubber Factory	
28.2375310	73.2450906	Avaada Bikaner	
12.7993036	77.6706790	Bommasandra Industrial Estate	
13.5071064	77.0384556	Vasantha Narasapura Industrial Area	
15.7472416	73.6556657	Redi Port	port
25.9997462	73.0050036		
23.3589816	70.0749957	Adani	
8.1215356	77.3578756	Rajiv Gandhi Center for Aquaculture	
20.9260135	71.4973168		
22.7433034	69.7094590	Mundra International Container Terminal	port
22.7892096	69.6871644		
22.7980418	69.6984758		
22.7406025	69.6990201	Container Terminal 3	port
22.7406224	69.6886171	Container Terminal 4	port
22.7868920	69.7071483		
22.7613581	69.5614168	West Port	
23.0152856	75.6786427		
12.9610894	79.3097870	SIPCOT Industrial Complex	
26.7267021	84.2306703	The United Provinces Sugar Company Limited	sugar_refinery
29.1148251	77.0306718		
11.0272292	77.0853036	Bharat Petroleum Depot	oil_storage
11.3456736	77.7584646		
11.6781862	78.1099063		warehouse
8.4345843	78.0644918		
15.1732572	76.3839503	Danapuram BMM Captive Power Plants	
22.3989442	82.7429171	Balco-III Power Station	
22.3959082	82.7429171	BALCO Korba Power Stations	
24.4858533	84.8387309		
14.0632617	76.9195247		
11.0142849	78.4041401		
13.3747972	77.5963225		
16.9650779	77.6490379		
18.3054198	76.6554093		
27.3230822	71.9929962	Khetusar	
9.5906466	76.4876723	Murianickal Rubber Industries	
9.6961705	76.3261043	The Travancore Mats and Matting Company	
21.4392299	72.2230714		
21.4215480	72.2083046	Alang-Sosiya Shipbreaking Yard	
21.4326456	72.2174270		
23.1049896	80.2174863	Jabalpur Indane Bottling Plant IOCL	
23.1130196	80.2182788	Jabalpur Indane Bottling Plant IOCL	
24.2052009	82.7975400	Anpara-C Power Plant	
24.2000135	82.7941371	Anpara Thermal Power Station	
22.9794596	80.4370061		manufacturing
17.0066309	73.3372580	Industrial Estate	
24.4727531	81.5768894	Rewa Ultra Mega Solar	
22.7625555	70.6873360		
12.9443674	79.1452900		
29.3593763	73.5261259	Jetsar Soalr Park	
23.3882581	69.3128344		
22.1383359	70.2389268		
22.7244563	70.5507741		
22.7819731	70.5005816		
25.5314244	77.6217219		
16.1324602	76.9326796		
15.8063182	76.4462874		
18.1896145	77.4636769		
17.9797917	77.4326464		
17.9187505	77.3728064		
15.5749144	76.0176032		
15.6519255	75.9852473		
15.9930071	76.9314026		
15.5588220	76.0363790		
14.7559251	76.5280379		
13.4960759	76.8868612		
13.4982899	76.8813810		
12.7470083	76.2004551		
12.7561721	76.2010570		
13.4874697	77.9020905		
15.0406699	76.7057755	Jindal Vijayanagara Solar Plant	
22.6121847	70.4664197		
28.1265553	73.1240767		
13.0262787	77.5150898	Peenya Industrial Area	
27.1509861	84.3317458		
13.1547429	80.1995102		
9.9927594	76.2323565		trucking
21.1610531	79.6556890	Bhandara MSRTC Bus Station	depot
13.2141234	77.6943272	Bengaluru Signature Business Park	
18.9974316	73.0327240		
11.0033168	76.9615442		
12.9789977	79.2638238		brickyard
12.9757950	79.2589166		brickyard
12.9626542	79.2622123		brickyard
12.9687453	79.2623713		brickyard
12.9646505	79.2521332		brickyard
12.9699349	79.2637443		brickyard
8.0974582	77.5628626	Chinna Muttom Harbour	port
12.9173748	79.3399517		
12.9846738	79.2834835	BHEL - Ranipet	factory
26.6425050	88.3969099	Laldas Commercial Park	
17.9049052	77.4617285	Kolhar Industrial Area	
11.0423772	77.3498044	D2D International	
12.9298195	74.8167638	New Mangalore Port	port
13.0629424	77.4435416		
15.1991850	76.7222593	KPCL Bellary Thermal Power Plant	
13.1656787	80.2960938	Madras Sheet Glass Works	
17.7644234	75.8186056	Sachin Biotech	biotech
17.7649536	75.8181862	Shilpa Sand	sand
17.7308503	75.7843361	BPCL Depot Solapur	oil_storage
27.1844861	88.5012996		
12.7798759	77.7471901	Lake Chemicals P Ltd	
13.3481531	74.6977167	Udupi Cochin Shipyards ltd.	
15.5188749	73.9958796	Vedanta Pig Iron Plant	
17.8692460	80.8411874		
17.8410068	80.8586833		
30.8788385	76.3443764		brickyard
15.8855228	80.6409301		
20.6361692	79.9620020		
28.0533495	73.2906206		
12.9882492	76.1311823	Hassan Industrial Area	
16.2703627	81.0094361		
16.3608017	80.8579800	KCP Sugar Factory	
19.4322127	74.6127710	Rahuri MIDC	
17.6613526	78.6124200	Genome Valley	biotechnology_and_pharmaceutical
11.6396071	79.7727910	Cuddalore Marine Terminal	port
12.9584736	79.8142884	Upcoming Semiconductor Park	
22.4080072	69.0113924	TATA Chemicals	chemical
