latitude,longitude,brightness,scan,track,acq_date,acq_time,satellite,instrument,confidence,version,bright_t31,frp,daynight
11.25788,79.45864,346.02,0.34,0.56,2026-07-01,0729,N20,VIIRS,n,2.0NRT,289.02,7.37,D
14.48202,78.70387,328.98,0.33,0.55,2026-07-01,0729,N20,VIIRS,n,2.0NRT,280.42,1.31,D
11.2611,79.45727,343.27,0.34,0.56,2026-07-01,0729,N20,VIIRS,n,2.0NRT,288.5,3.92,D
11.26167,79.46027,330.07,0.34,0.56,2026-07-01,0729,N20,VIIRS,n,2.0NRT,286.58,3.92,D
9.67787,78.37473,344.05,0.43,0.62,2026-07-01,0731,N20,VIIRS,n,2.0NRT,292.02,8.58,D
10.45012,79.83945,326.11,0.33,0.55,2026-07-01,0731,N20,VIIRS,n,2.0NRT,291.19,1.27,D
10.51145,79.60648,344.72,0.34,0.56,2026-07-01,0731,N20,VIIRS,n,2.0NRT,289.77,3.14,D
10.51089,79.60343,338.12,0.34,0.56,2026-07-01,0731,N20,VIIRS,n,2.0NRT,291.8,3.14,D
8.74463,78.16101,333.68,0.46,0.63,2026-07-01,0731,N20,VIIRS,n,2.0NRT,290.74,14.24,D
8.74495,78.16177,351.02,0.46,0.63,2026-07-01,0731,N20,VIIRS,n,2.0NRT,292.57,18.01,D
23.77981,86.20937,331.79,0.39,0.36,2026-07-01,0731,N20,VIIRS,n,2.0NRT,294.28,5.95,D
23.77648,86.20995,333.75,0.39,0.36,2026-07-01,0731,N20,VIIRS,n,2.0NRT,295.4,5.49,D
20.9682,85.17537,335.5,0.39,0.36,2026-07-01,0731,N20,VIIRS,n,2.0NRT,280.03,4.77,D
20.96878,85.17905,331.47,0.39,0.36,2026-07-01,0731,N20,VIIRS,n,2.0NRT,280.24,4.77,D
8.74538,78.16512,367,0.46,0.63,2026-07-01,0731,N20,VIIRS,h,2.0NRT,290.45,14.24,D
9.51481,78.78114,342.65,0.4,0.6,2026-07-01,0731,N20,VIIRS,n,2.0NRT,292.67,6.14,D
8.74573,78.16586,367,0.46,0.63,2026-07-01,0731,N20,VIIRS,h,2.0NRT,290.68,18.01,D
9.51505,78.78065,343.17,0.4,0.6,2026-07-01,0731,N20,VIIRS,n,2.0NRT,292.84,7.95,D
9.51652,78.72797,331.12,0.41,0.6,2026-07-01,0731,N20,VIIRS,n,2.0NRT,292.6,1.69,D
25.21288,73.4752,336.09,0.44,0.62,2026-07-01,0733,N20,VIIRS,n,2.0NRT,294.72,2.49,D
24.83333,72.58987,335.28,0.5,0.66,2026-07-01,0733,N20,VIIRS,n,2.0NRT,292.65,5.05,D
26.95636,82.3535,367,0.41,0.37,2026-07-01,0733,N20,VIIRS,h,2.0NRT,292.42,10.75,D
26.58368,75.08199,332.66,0.32,0.55,2026-07-01,0733,N20,VIIRS,n,2.0NRT,290.82,3.47,D
30.89615,75.30843,334,0.51,0.49,2026-07-01,0735,N20,VIIRS,n,2.0NRT,288.65,5.48,D
31.26724,75.55724,338.6,0.48,0.48,2026-07-01,0735,N20,VIIRS,n,2.0NRT,291.57,4.42,D
31.39474,75.61634,339.5,0.48,0.48,2026-07-01,0735,N20,VIIRS,n,2.0NRT,290.15,4.31,D
31.49866,74.99388,339.65,0.51,0.5,2026-07-01,0735,N20,VIIRS,n,2.0NRT,291.7,5.85,D
31.49864,75.45821,341.01,0.48,0.48,2026-07-01,0735,N20,VIIRS,n,2.0NRT,292.89,6.98,D
29.61416,74.47932,341.83,0.6,0.53,2026-07-01,0735,N20,VIIRS,n,2.0NRT,293.27,6.74,D
22.92818,70.10846,332.65,0.39,0.59,2026-07-01,0913,N20,VIIRS,n,2.0NRT,297.02,7.05,D
23.44982,70.51624,333.19,0.42,0.61,2026-07-01,0913,N20,VIIRS,n,2.0NRT,291.61,5.15,D
23.73019,68.61693,345.3,0.32,0.55,2026-07-01,0913,N20,VIIRS,n,2.0NRT,297.27,3.6,D
23.65387,68.56112,339.9,0.63,0.54,2026-07-01,0913,N20,VIIRS,n,2.0NRT,292.24,6.25,D
23.64885,68.5616,340.04,0.63,0.54,2026-07-01,0913,N20,VIIRS,n,2.0NRT,291.43,6.25,D
27.51513,72.44025,336.99,0.61,0.71,2026-07-01,0915,N20,VIIRS,n,2.0NRT,296.9,5.95,D
27.42274,72.41655,338.51,0.61,0.71,2026-07-01,0915,N20,VIIRS,n,2.0NRT,294.94,4.96,D
27.42309,72.42276,336.38,0.61,0.71,2026-07-01,0915,N20,VIIRS,n,2.0NRT,294.82,4.96,D
27.52759,72.42693,335.72,0.61,0.71,2026-07-01,0915,N20,VIIRS,n,2.0NRT,295.9,4.11,D
27.52206,72.44605,341.6,0.61,0.71,2026-07-01,0915,N20,VIIRS,n,2.0NRT,297.56,6.17,D
27.51671,72.44265,340.09,0.61,0.71,2026-07-01,0915,N20,VIIRS,n,2.0NRT,296.92,4.74,D
27.37477,77.69141,311.66,0.32,0.55,2026-07-01,2000,N20,VIIRS,n,2.0NRT,278.43,1.74,N
25.95712,73.85722,295.48,0.54,0.68,2026-07-01,2000,N20,VIIRS,n,2.0NRT,285.02,4.87,N
25.69752,73.56223,295.39,0.56,0.69,2026-07-01,2000,N20,VIIRS,n,2.0NRT,283.8,4.11,N
25.69715,73.56788,295.26,0.56,0.69,2026-07-01,2000,N20,VIIRS,n,2.0NRT,284.62,4.11,N
25.69569,73.59048,295.69,0.56,0.69,2026-07-01,2000,N20,VIIRS,n,2.0NRT,284.62,6.6,N
25.63103,72.95647,295.71,0.61,0.71,2026-07-01,2000,N20,VIIRS,n,2.0NRT,284.71,4.59,N
25.69533,73.59612,295.66,0.56,0.68,2026-07-01,2000,N20,VIIRS,n,2.0NRT,284.84,6.18,N
23.51131,87.2793,304.65,0.4,0.37,2026-07-01,2000,N20,VIIRS,n,2.0NRT,285.78,1.84,N
23.56109,87.08329,311.2,0.39,0.36,2026-07-01,2000,N20,VIIRS,n,2.0NRT,286.46,2.7,N
26.75963,83.20127,306.19,0.46,0.39,2026-07-01,2000,N20,VIIRS,n,2.0NRT,286.21,1.82,N
20.9718,85.17634,325.12,0.38,0.36,2026-07-01,2002,N20,VIIRS,n,2.0NRT,285.92,2.76,N
22.3877,87.28665,307.27,0.4,0.37,2026-07-01,2002,N20,VIIRS,n,2.0NRT,288.63,2.37,N
22.37967,87.2931,314.26,0.4,0.37,2026-07-01,2002,N20,VIIRS,n,2.0NRT,288.21,2.53,N
22.37894,87.27693,320.52,0.4,0.37,2026-07-01,2002,N20,VIIRS,n,2.0NRT,289.34,3.45,N
22.37828,87.28081,329.79,0.4,0.37,2026-07-01,2002,N20,VIIRS,n,2.0NRT,290.18,3.45,N
22.36827,87.2989,306.44,0.4,0.37,2026-07-01,2002,N20,VIIRS,n,2.0NRT,289.17,2.9,N
22.36424,87.30212,323.04,0.4,0.37,2026-07-01,2002,N20,VIIRS,n,2.0NRT,289.37,4.22,N
22.36545,87.0173,316.91,0.4,0.37,2026-07-01,2002,N20,VIIRS,n,2.0NRT,285.85,1.83,N
21.00199,86.02752,311.54,0.39,0.36,2026-07-01,2002,N20,VIIRS,n,2.0NRT,287.58,2.03,N
20.99779,86.0115,304.47,0.39,0.36,2026-07-01,2002,N20,VIIRS,n,2.0NRT,286.21,1.46,N
20.97467,86.00725,314.11,0.39,0.36,2026-07-01,2002,N20,VIIRS,n,2.0NRT,286.53,1.74,N
20.97196,86.00294,306.14,0.39,0.36,2026-07-01,2002,N20,VIIRS,n,2.0NRT,286.54,1.68,N
20.96685,86.01342,330.95,0.39,0.36,2026-07-01,2002,N20,VIIRS,n,2.0NRT,287.87,5.32,N
20.96746,86.00972,305.8,0.39,0.36,2026-07-01,2002,N20,VIIRS,n,2.0NRT,286.9,2.39,N
20.9509,86.04859,327.51,0.39,0.36,2026-07-01,2002,N20,VIIRS,n,2.0NRT,287.67,3.51,N
20.95151,86.04488,318.72,0.39,0.36,2026-07-01,2002,N20,VIIRS,n,2.0NRT,286.75,2.18,N
20.96851,85.17575,326.94,0.38,0.36,2026-07-01,2002,N20,VIIRS,n,2.0NRT,286.32,1.98,N
20.96638,85.16784,310.1,0.38,0.36,2026-07-01,2002,N20,VIIRS,n,2.0NRT,285.81,2.61,N
20.96522,85.17516,302.3,0.38,0.36,2026-07-01,2002,N20,VIIRS,n,2.0NRT,285.57,1.98,N
20.96349,85.18614,306.31,0.38,0.36,2026-07-01,2002,N20,VIIRS,n,2.0NRT,282.9,1.81,N
20.96291,85.1898,302.04,0.38,0.36,2026-07-01,2002,N20,VIIRS,n,2.0NRT,281.72,0.4,N
20.96194,85.17458,323.72,0.38,0.36,2026-07-01,2002,N20,VIIRS,n,2.0NRT,286.66,3.02,N
20.96309,85.16725,305.63,0.38,0.36,2026-07-01,2002,N20,VIIRS,n,2.0NRT,285.43,1.61,N
20.96251,85.17091,304.75,0.38,0.36,2026-07-01,2002,N20,VIIRS,n,2.0NRT,286.94,1.61,N
20.9565,85.01223,307.05,0.38,0.36,2026-07-01,2002,N20,VIIRS,n,2.0NRT,280.99,1.03,N
20.89027,84.98165,310.09,0.38,0.36,2026-07-01,2002,N20,VIIRS,n,2.0NRT,284.43,1.21,N
20.8864,84.98473,305.7,0.38,0.36,2026-07-01,2002,N20,VIIRS,n,2.0NRT,286.21,1.21,N
20.87083,84.99331,306.84,0.38,0.36,2026-07-01,2002,N20,VIIRS,n,2.0NRT,286.92,1.39,N
20.87026,84.99697,317.44,0.38,0.36,2026-07-01,2002,N20,VIIRS,n,2.0NRT,287.39,1.39,N
20.86483,84.98849,331.77,0.38,0.36,2026-07-01,2002,N20,VIIRS,n,2.0NRT,287.73,3.45,N
20.86426,84.99214,326.5,0.38,0.36,2026-07-01,2002,N20,VIIRS,n,2.0NRT,287.6,3.45,N
20.86368,84.9958,331.75,0.38,0.36,2026-07-01,2002,N20,VIIRS,n,2.0NRT,287.22,3.45,N
20.86311,84.99947,314.62,0.38,0.36,2026-07-01,2002,N20,VIIRS,n,2.0NRT,286.13,2.44,N
12.85186,79.90689,311.48,0.47,0.4,2026-07-01,2004,N20,VIIRS,n,2.0NRT,287.51,3.44,N
9.26995,77.48859,304.95,0.39,0.44,2026-07-01,2004,N20,VIIRS,n,2.0NRT,286.61,1.95,N
23.31352,70.19992,305.97,0.36,0.57,2026-07-01,2142,N20,VIIRS,n,2.0NRT,290.41,0.85,N
22.93231,69.69798,305.08,0.34,0.56,2026-07-01,2142,N20,VIIRS,n,2.0NRT,287.24,1.03,N
10.70363,79.53999,335.15,0.71,0.75,2026-07-02,0709,N20,VIIRS,n,2.0NRT,287.95,5.8,D
12.26683,79.76511,329.25,0.64,0.72,2026-07-02,0712,N20,VIIRS,n,2.0NRT,285.2,6.13,D
12.26512,79.76501,328.71,0.64,0.72,2026-07-02,0712,N20,VIIRS,n,2.0NRT,284.45,3.89,D
13.87116,79.26173,346.04,0.65,0.73,2026-07-02,0712,N20,VIIRS,n,2.0NRT,285.59,19.65,D
13.87018,79.25713,346.79,0.65,0.73,2026-07-02,0712,N20,VIIRS,n,2.0NRT,286.38,20.3,D
23.80203,86.33035,332.56,0.47,0.4,2026-07-02,0714,N20,VIIRS,l,2.0NRT,292.04,6.75,D
23.80359,86.33119,337.1,0.47,0.39,2026-07-02,0714,N20,VIIRS,n,2.0NRT,292.37,7.43,D
8.35761,77.98608,333.36,0.41,0.61,2026-07-02,0850,N20,VIIRS,n,2.0NRT,295.94,3.37,D
9.15565,77.60157,331.19,0.4,0.6,2026-07-02,0852,N20,VIIRS,n,2.0NRT,296.2,2.16,D
9.27026,77.48821,347.18,0.39,0.59,2026-07-02,0852,N20,VIIRS,n,2.0NRT,297.87,5.71,D
9.27574,77.48753,347.04,0.39,0.59,2026-07-02,0852,N20,VIIRS,n,2.0NRT,298.48,5.71,D
9.40984,77.97267,337.28,0.42,0.61,2026-07-02,0852,N20,VIIRS,n,2.0NRT,298.06,2.47,D
9.60897,78.82198,330.62,0.49,0.65,2026-07-02,0852,N20,VIIRS,n,2.0NRT,292.14,2.38,D
9.67618,78.82307,337.48,0.49,0.65,2026-07-02,0852,N20,VIIRS,n,2.0NRT,293.07,3.59,D
22.92765,70.10854,333.62,0.39,0.44,2026-07-02,0856,N20,VIIRS,n,2.0NRT,297.17,5.18,D
23.39377,70.34814,341.93,0.41,0.45,2026-07-02,0856,N20,VIIRS,n,2.0NRT,299.25,6.25,D
24.1014,73.98863,335.5,0.35,0.57,2026-07-02,0856,N20,VIIRS,n,2.0NRT,292.9,3.34,D
23.79761,69.5155,331.7,0.56,0.43,2026-07-02,0856,N20,VIIRS,n,2.0NRT,297.59,3.04,D
22.36601,87.30293,319.69,0.45,0.39,2026-07-02,1942,N20,VIIRS,n,2.0NRT,284.43,3.94,N
23.80159,86.33066,305.72,0.51,0.41,2026-07-02,1942,N20,VIIRS,n,2.0NRT,283.82,1.59,N
23.79906,86.35067,319.83,0.51,0.41,2026-07-02,1942,N20,VIIRS,n,2.0NRT,283.77,2.68,N
23.79464,86.35512,315.19,0.51,0.41,2026-07-02,1942,N20,VIIRS,n,2.0NRT,282.58,2.68,N
23.69498,87.12438,301.88,0.47,0.4,2026-07-02,1942,N20,VIIRS,n,2.0NRT,272.02,0.9,N
23.69136,87.12378,298.47,0.47,0.4,2026-07-02,1942,N20,VIIRS,n,2.0NRT,271.58,0.62,N
23.68774,87.12319,304.22,0.47,0.4,2026-07-02,1942,N20,VIIRS,n,2.0NRT,271.7,0.62,N
23.7789,86.38837,322.93,0.51,0.41,2026-07-02,1942,N20,VIIRS,n,2.0NRT,281.11,1.91,N
23.7808,86.37335,306.26,0.51,0.41,2026-07-02,1942,N20,VIIRS,n,2.0NRT,280.16,1.51,N
23.77827,86.39334,307.42,0.51,0.41,2026-07-02,1942,N20,VIIRS,n,2.0NRT,278.85,1.91,N
23.78018,86.34769,303.92,0.51,0.41,2026-07-02,1942,N20,VIIRS,n,2.0NRT,281.95,1.07,N
23.77514,86.38776,305.52,0.51,0.41,2026-07-02,1942,N20,VIIRS,n,2.0NRT,279.84,1.91,N
23.68722,87.12032,302.31,0.47,0.4,2026-07-02,1942,N20,VIIRS,n,2.0NRT,274.32,0.94,N
23.78191,86.39156,310.44,0.51,0.41,2026-07-02,1942,N20,VIIRS,n,2.0NRT,280.97,2.49,N
23.77815,86.39096,323.86,0.51,0.41,2026-07-02,1942,N20,VIIRS,n,2.0NRT,279.19,4.11,N
23.78079,86.37096,303.86,0.51,0.41,2026-07-02,1942,N20,VIIRS,n,2.0NRT,280.1,2.02,N
23.77504,86.38538,304.57,0.51,0.41,2026-07-02,1942,N20,VIIRS,n,2.0NRT,278.52,2.31,N
23.77391,86.3648,321.44,0.51,0.41,2026-07-02,1942,N20,VIIRS,n,2.0NRT,280.21,3.76,N
23.76931,86.39966,298.3,0.51,0.41,2026-07-02,1942,N20,VIIRS,n,2.0NRT,272.65,1.63,N
23.76865,86.40465,315.25,0.51,0.41,2026-07-02,1942,N20,VIIRS,n,2.0NRT,273.22,1.63,N
23.76489,86.40408,315.31,0.51,0.41,2026-07-02,1942,N20,VIIRS,n,2.0NRT,271.42,1.63,N
23.76179,86.39848,302.27,0.51,0.41,2026-07-02,1942,N20,VIIRS,n,2.0NRT,270.35,0.55,N
23.76113,86.40349,300.19,0.51,0.41,2026-07-02,1942,N20,VIIRS,n,2.0NRT,269.14,0.55,N
23.78234,86.21207,307.34,0.52,0.42,2026-07-02,1942,N20,VIIRS,n,2.0NRT,281.87,1.85,N
23.75803,86.39787,297.39,0.51,0.41,2026-07-02,1942,N20,VIIRS,n,2.0NRT,269.19,0.55,N
23.75737,86.40289,299.72,0.51,0.41,2026-07-02,1942,N20,VIIRS,n,2.0NRT,268.55,0.55,N
23.7792,86.20637,306.23,0.52,0.42,2026-07-02,1942,N20,VIIRS,n,2.0NRT,283.74,2.2,N
23.77854,86.21146,309.78,0.52,0.42,2026-07-02,1942,N20,VIIRS,n,2.0NRT,283.62,2.2,N
23.75165,86.4172,303.68,0.51,0.41,2026-07-02,1942,N20,VIIRS,n,2.0NRT,266.58,0.78,N
23.68591,86.39155,314.28,0.51,0.41,2026-07-02,1942,N20,VIIRS,n,2.0NRT,280.71,2.94,N
23.68151,86.39595,306.46,0.51,0.41,2026-07-02,1942,N20,VIIRS,n,2.0NRT,278.28,3.05,N
23.67775,86.39534,302.08,0.51,0.41,2026-07-02,1942,N20,VIIRS,n,2.0NRT,275.46,1.71,N
23.67713,86.40028,306.66,0.51,0.41,2026-07-02,1942,N20,VIIRS,n,2.0NRT,276,1.71,N
23.67681,86.39928,303.67,0.51,0.41,2026-07-02,1942,N20,VIIRS,n,2.0NRT,274.46,3.44,N
23.6817,86.09689,323.33,0.53,0.42,2026-07-02,1942,N20,VIIRS,n,2.0NRT,269.91,2.26,N
23.68236,86.09175,304.05,0.53,0.42,2026-07-02,1942,N20,VIIRS,n,2.0NRT,270.34,2.26,N
23.48355,87.36189,309.02,0.46,0.39,2026-07-02,1942,N20,VIIRS,n,2.0NRT,269.42,1.57,N
23.82855,84.57067,305.01,0.43,0.46,2026-07-02,1942,N20,VIIRS,n,2.0NRT,276.07,0.67,N
23.82806,84.5749,295.44,0.43,0.46,2026-07-02,1942,N20,VIIRS,n,2.0NRT,270.28,0.67,N
23.82435,84.57005,302.95,0.43,0.46,2026-07-02,1942,N20,VIIRS,n,2.0NRT,272.62,1.32,N
23.82386,84.57428,312.71,0.43,0.46,2026-07-02,1942,N20,VIIRS,n,2.0NRT,270.09,1.32,N
23.66652,84.99707,299.71,0.4,0.44,2026-07-02,1942,N20,VIIRS,n,2.0NRT,275.21,0.88,N
23.66606,85.00095,303.54,0.4,0.44,2026-07-02,1942,N20,VIIRS,n,2.0NRT,275.8,0.88,N
22.38019,87.27872,307.84,0.45,0.39,2026-07-02,1942,N20,VIIRS,n,2.0NRT,282.8,1.7,N
22.37664,87.27814,316.81,0.45,0.39,2026-07-02,1942,N20,VIIRS,n,2.0NRT,282.22,1.7,N
22.37605,87.28247,304.04,0.45,0.39,2026-07-02,1942,N20,VIIRS,n,2.0NRT,282.71,1.72,N
22.3601,87.29314,302.07,0.45,0.39,2026-07-02,1942,N20,VIIRS,n,2.0NRT,280.44,0.79,N
22.36314,87.2995,308.2,0.45,0.39,2026-07-02,1942,N20,VIIRS,n,2.0NRT,281.92,1.47,N
22.36021,87.29461,303.35,0.45,0.39,2026-07-02,1942,N20,VIIRS,n,2.0NRT,280.45,0.88,N
22.35728,87.28973,301.93,0.45,0.39,2026-07-02,1942,N20,VIIRS,n,2.0NRT,278.5,0.58,N
22.36599,87.01843,317.81,0.46,0.39,2026-07-02,1942,N20,VIIRS,n,2.0NRT,287.47,1.8,N
22.36241,87.01785,311.71,0.46,0.39,2026-07-02,1942,N20,VIIRS,n,2.0NRT,286.28,1.8,N
22.05555,88.12401,304.83,0.41,0.37,2026-07-02,1942,N20,VIIRS,n,2.0NRT,279.05,1.35,N
25.03792,87.39176,303.02,0.47,0.4,2026-07-02,1942,N20,VIIRS,n,2.0NRT,286.41,1.01,N
24.1175,86.86037,306.66,0.49,0.4,2026-07-02,1942,N20,VIIRS,n,2.0NRT,288,1.33,N
24.11381,86.85978,307.07,0.49,0.4,2026-07-02,1942,N20,VIIRS,n,2.0NRT,288.01,1.33,N
24.69123,73.00233,304.46,0.51,0.49,2026-07-02,2123,N20,VIIRS,n,2.0NRT,285.65,0.99,N
22.93381,69.69775,313.56,0.53,0.42,2026-07-02,2125,N20,VIIRS,n,2.0NRT,293.04,1.9,N
23.64521,85.44168,340.27,0.33,0.55,2026-07-03,0657,N20,VIIRS,n,2.0NRT,291.24,4.66,D
25.0365,87.39033,337.96,0.47,0.48,2026-07-03,0657,N20,VIIRS,n,2.0NRT,294.97,6.78,D
27.37683,95.33617,336.01,0.4,0.37,2026-07-03,0657,N20,VIIRS,n,2.0NRT,296.39,3,D
27.45986,95.47578,334.6,0.4,0.37,2026-07-03,0657,N20,VIIRS,n,2.0NRT,298.03,2.75,D
27.77208,95.53279,333.03,0.41,0.37,2026-07-03,0657,N20,VIIRS,l,2.0NRT,304.82,4.15,D
28.20859,95.6594,333.69,0.41,0.37,2026-07-03,0657,N20,VIIRS,n,2.0NRT,297.24,1.99,D
8.75918,78.18197,334.22,0.41,0.45,2026-07-03,0833,N20,VIIRS,n,2.0NRT,298.86,3.61,D
8.76786,77.57673,334.52,0.56,0.43,2026-07-03,0833,N20,VIIRS,n,2.0NRT,299.3,7.99,D
8.84815,77.89275,331.19,0.39,0.44,2026-07-03,0833,N20,VIIRS,n,2.0NRT,298.2,1.84,D
9.01934,78.29089,330.09,0.42,0.45,2026-07-03,0833,N20,VIIRS,n,2.0NRT,296.15,2.6,D
9.04186,77.91262,339.91,0.4,0.44,2026-07-03,0833,N20,VIIRS,n,2.0NRT,299.21,2.68,D
9.2064,77.67072,353.61,0.39,0.44,2026-07-03,0833,N20,VIIRS,n,2.0NRT,297.72,6.39,D
9.2059,77.66722,336.97,0.39,0.44,2026-07-03,0833,N20,VIIRS,n,2.0NRT,296.99,1.96,D
9.23598,77.60566,334.29,0.38,0.43,2026-07-03,0833,N20,VIIRS,n,2.0NRT,299.34,2.09,D
9.33936,77.87431,340.26,0.4,0.44,2026-07-03,0833,N20,VIIRS,n,2.0NRT,296.16,1.59,D
9.87474,77.78516,342.97,0.4,0.44,2026-07-03,0833,N20,VIIRS,n,2.0NRT,295.6,3.97,D
23.91874,71.97879,345.26,0.44,0.38,2026-07-03,0835,N20,VIIRS,n,2.0NRT,295.83,8.04,D
24.1019,71.67893,337.27,0.43,0.38,2026-07-03,0835,N20,VIIRS,n,2.0NRT,300.57,4.44,D
24.48961,71.3725,341.79,0.42,0.38,2026-07-03,0835,N20,VIIRS,n,2.0NRT,298.93,7.88,D
29.06185,75.72273,337.35,0.52,0.5,2026-07-03,0837,N20,VIIRS,n,2.0NRT,293.34,5.96,D
29.06089,75.72017,340.14,0.52,0.5,2026-07-03,0837,N20,VIIRS,n,2.0NRT,293.44,5.21,D
30.59205,76.28645,336.8,0.59,0.53,2026-07-03,0837,N20,VIIRS,n,2.0NRT,290.77,5.44,D
30.5901,76.28471,330.97,0.59,0.53,2026-07-03,0837,N20,VIIRS,n,2.0NRT,290.51,5.75,D
30.70198,74.20261,332.02,0.45,0.47,2026-07-03,0837,N20,VIIRS,n,2.0NRT,300.09,4.3,D
30.7015,74.19794,347.14,0.45,0.47,2026-07-03,0837,N20,VIIRS,n,2.0NRT,301.44,4.3,D
31.19588,75.35632,336.47,0.53,0.5,2026-07-03,0837,N20,VIIRS,n,2.0NRT,293.4,5.05,D
25.54214,91.23474,319.61,0.53,0.42,2026-07-03,1921,N20,VIIRS,n,2.0NRT,288.59,2.64,N
25.03836,87.39098,316.32,0.59,0.53,2026-07-03,1921,N20,VIIRS,n,2.0NRT,287.08,8.64,N
25.03523,87.37315,309.57,0.59,0.53,2026-07-03,1921,N20,VIIRS,n,2.0NRT,287.65,7.39,N
24.11692,86.86188,309.78,0.62,0.54,2026-07-03,1921,N20,VIIRS,n,2.0NRT,288.76,2.38,N
24.14986,82.57883,310.34,0.52,0.67,2026-07-03,2104,N20,VIIRS,n,2.0NRT,287.6,1.21,N
24.14877,82.65842,305.7,0.53,0.67,2026-07-03,2104,N20,VIIRS,n,2.0NRT,287.62,0.8,N
24.15895,82.56357,307.45,0.52,0.67,2026-07-03,2104,N20,VIIRS,n,2.0NRT,287.31,1.18,N
24.20018,80.79754,304.89,0.4,0.6,2026-07-03,2104,N20,VIIRS,n,2.0NRT,287.92,0.82,N
24.16693,80.69498,308.19,0.4,0.6,2026-07-03,2104,N20,VIIRS,n,2.0NRT,287.62,0.87,N
24.16557,80.6955,304.67,0.4,0.6,2026-07-03,2104,N20,VIIRS,n,2.0NRT,287.3,1.08,N
22.93376,69.6991,302.76,0.38,0.36,2026-07-03,2104,N20,VIIRS,n,2.0NRT,266.32,0.46,N
22.91015,69.6986,295.31,0.38,0.36,2026-07-03,2104,N20,VIIRS,n,2.0NRT,263.69,0.41,N
22.90686,69.698,295.03,0.38,0.36,2026-07-03,2104,N20,VIIRS,n,2.0NRT,261.89,0.41,N
25.80292,93.44984,333.2,0.38,0.43,2026-07-04,0635,N20,VIIRS,n,2.0NRT,292.28,2.65,D
25.72804,92.79896,334.11,0.42,0.45,2026-07-04,0637,N20,VIIRS,n,2.0NRT,292.72,4.52,D
26.4316,93.72741,337.53,0.54,0.42,2026-07-04,0637,N20,VIIRS,n,2.0NRT,295.42,5.17,D
27.37741,95.33756,330.52,0.44,0.39,2026-07-04,0637,N20,VIIRS,l,2.0NRT,297.53,4.57,D
10.95569,78.17731,341.43,0.39,0.36,2026-07-04,0813,N20,VIIRS,n,2.0NRT,291.98,2.9,D
24.14975,82.58295,333.1,0.62,0.54,2026-07-04,0818,N20,VIIRS,n,2.0NRT,294.22,2.84,D
25.84331,84.73245,333.58,0.44,0.62,2026-07-04,0818,N20,VIIRS,n,2.0NRT,288.48,1.98,D
26.45395,84.59907,330.66,0.44,0.62,2026-07-04,0818,N20,VIIRS,n,2.0NRT,289.48,2.55,D
26.64178,79.47799,340.91,0.43,0.46,2026-07-04,0818,N20,VIIRS,n,2.0NRT,296.29,11.09,D
26.95496,80.09619,331.27,0.47,0.48,2026-07-04,0818,N20,VIIRS,n,2.0NRT,295.71,3.89,D
27.03708,79.8307,334.17,0.45,0.47,2026-07-04,0818,N20,VIIRS,n,2.0NRT,293.46,3.41,D
27.03911,79.83159,332.6,0.45,0.47,2026-07-04,0818,N20,VIIRS,n,2.0NRT,292.25,3.63,D
27.11999,80.05743,343.97,0.47,0.48,2026-07-04,0818,N20,VIIRS,n,2.0NRT,294.92,4.81,D
27.12263,79.95705,337.33,0.46,0.47,2026-07-04,0818,N20,VIIRS,n,2.0NRT,297.84,6.43,D
27.30503,79.42613,330.19,0.43,0.46,2026-07-04,0818,N20,VIIRS,n,2.0NRT,295.52,2.83,D
27.32498,79.56693,332.48,0.44,0.46,2026-07-04,0818,N20,VIIRS,n,2.0NRT,296.31,2.65,D
27.30484,79.42323,335.74,0.43,0.46,2026-07-04,0818,N20,VIIRS,n,2.0NRT,296.14,2.32,D
27.32431,79.5687,331.55,0.44,0.46,2026-07-04,0818,N20,VIIRS,n,2.0NRT,296.05,3,D
27.70396,81.28532,341.53,0.56,0.52,2026-07-04,0818,N20,VIIRS,n,2.0NRT,295.95,10.8,D
27.70487,81.28956,331.32,0.57,0.52,2026-07-04,0818,N20,VIIRS,n,2.0NRT,295.2,12.7,D
30.68277,79.97311,340.95,0.51,0.5,2026-07-04,0820,N20,VIIRS,n,2.0NRT,299.05,8.31,D
30.67883,79.97158,341.17,0.51,0.5,2026-07-04,0820,N20,VIIRS,n,2.0NRT,300.44,7.16,D
30.429,73.96001,334.52,0.4,0.37,2026-07-04,0820,N20,VIIRS,n,2.0NRT,303.61,3.17,D
30.64008,74.15028,341.85,0.41,0.37,2026-07-04,0820,N20,VIIRS,n,2.0NRT,304.41,9.02,D
30.75039,74.26598,341.16,0.41,0.37,2026-07-04,0820,N20,VIIRS,n,2.0NRT,300.93,4.24,D
30.86808,74.35948,342.41,0.41,0.37,2026-07-04,0820,N20,VIIRS,n,2.0NRT,300.11,4.95,D
31.07853,74.70974,330.09,0.43,0.38,2026-07-04,0820,N20,VIIRS,l,2.0NRT,302.93,3.92,D
33.00349,75.69512,331.17,0.48,0.4,2026-07-04,0820,N20,VIIRS,n,2.0NRT,301.3,3.58,D
26.26737,89.22305,296.74,0.46,0.64,2026-07-04,1904,N20,VIIRS,n,2.0NRT,286.47,1.15,N
26.26699,89.22773,296.73,0.46,0.64,2026-07-04,1904,N20,VIIRS,n,2.0NRT,286.25,1.15,N
26.26149,89.22247,296.15,0.46,0.64,2026-07-04,1904,N20,VIIRS,n,2.0NRT,285.76,1.15,N
26.26112,89.22715,296.83,0.46,0.64,2026-07-04,1904,N20,VIIRS,n,2.0NRT,286.4,1.15,N
24.11696,86.8584,300.61,0.62,0.71,2026-07-04,1904,N20,VIIRS,n,2.0NRT,273.57,0.67,N
23.76977,86.40563,298.72,0.66,0.73,2026-07-04,1904,N20,VIIRS,n,2.0NRT,261.01,5.23,N
23.69354,87.11984,298.54,0.59,0.7,2026-07-04,1904,N20,VIIRS,n,2.0NRT,261.76,1.75,N
23.56523,87.08157,300.68,0.59,0.7,2026-07-04,1904,N20,VIIRS,n,2.0NRT,267.41,1.17,N
23.56518,87.08163,300.15,0.59,0.7,2026-07-04,1904,N20,VIIRS,n,2.0NRT,267.98,0.92,N
22.38228,87.27701,300.91,0.56,0.69,2026-07-04,1904,N20,VIIRS,n,2.0NRT,267.13,1.04,N
22.37593,87.27637,297.65,0.56,0.69,2026-07-04,1904,N20,VIIRS,n,2.0NRT,266.33,1.01,N
27.66689,76.13042,309.94,0.38,0.36,2026-07-04,2044,N20,VIIRS,n,2.0NRT,283.82,1.9,N
31.32971,76.89613,307.94,0.38,0.36,2026-07-04,2044,N20,VIIRS,n,2.0NRT,289.65,1.03,N
31.24925,76.92901,303,0.38,0.36,2026-07-04,2044,N20,VIIRS,n,2.0NRT,288.68,0.53,N
28.46357,77.18252,318.99,0.39,0.36,2026-07-04,2044,N20,VIIRS,n,2.0NRT,288.11,1.03,N
27.37327,77.69318,310.19,0.41,0.37,2026-07-04,2044,N20,VIIRS,n,2.0NRT,284.87,2.04,N
26.64551,79.48074,327.56,0.48,0.4,2026-07-04,2044,N20,VIIRS,n,2.0NRT,293.12,4.76,N
26.64188,79.47989,308.79,0.48,0.4,2026-07-04,2044,N20,VIIRS,n,2.0NRT,293.27,1.18,N
24.94325,86.72074,295.86,0.46,0.63,2026-07-04,2044,N20,VIIRS,n,2.0NRT,285.74,1.46,N
24.93866,86.71463,295.87,0.46,0.63,2026-07-04,2044,N20,VIIRS,n,2.0NRT,285.26,1.46,N
24.93759,86.71906,295.75,0.46,0.63,2026-07-04,2044,N20,VIIRS,n,2.0NRT,285.55,1.46,N
24.93222,84.14866,306.16,0.32,0.54,2026-07-04,2044,N20,VIIRS,n,2.0NRT,289.06,2.13,N
24.92531,84.15659,307.69,0.32,0.55,2026-07-04,2044,N20,VIIRS,n,2.0NRT,288.58,2.21,N
23.69474,87.1054,300.83,0.52,0.67,2026-07-04,2044,N20,VIIRS,n,2.0NRT,274.22,1.34,N
23.69351,87.11035,299.38,0.52,0.67,2026-07-04,2044,N20,VIIRS,n,2.0NRT,274.11,1.34,N
23.69105,87.12029,301.01,0.52,0.67,2026-07-04,2044,N20,VIIRS,n,2.0NRT,274.06,2.63,N
26.25936,74.09788,303.2,0.4,0.37,2026-07-04,2044,N20,VIIRS,n,2.0NRT,279.56,0.56,N
23.6891,87.12162,304.62,0.52,0.67,2026-07-04,2044,N20,VIIRS,n,2.0NRT,274.35,2.17,N
23.55809,87.23891,309.01,0.53,0.67,2026-07-04,2044,N20,VIIRS,n,2.0NRT,272.38,2.28,N
23.55838,87.23689,300.07,0.53,0.67,2026-07-04,2044,N20,VIIRS,n,2.0NRT,271.78,1.2,N
23.56343,87.08361,304.8,0.52,0.67,2026-07-04,2044,N20,VIIRS,n,2.0NRT,272.53,0.92,N
24.2054,82.52505,304.72,0.52,0.5,2026-07-04,2044,N20,VIIRS,n,2.0NRT,287.16,1.45,N
24.17832,82.65184,301.13,0.53,0.5,2026-07-04,2044,N20,VIIRS,n,2.0NRT,285.42,2.51,N
23.99132,79.39164,301.46,0.52,0.42,2026-07-04,2044,N20,VIIRS,n,2.0NRT,284.46,0.61,N
22.20922,84.85893,302.57,0.4,0.6,2026-07-04,2046,N20,VIIRS,n,2.0NRT,272.05,1.38,N
22.20468,84.85374,306.86,0.4,0.6,2026-07-04,2046,N20,VIIRS,n,2.0NRT,271.54,1.63,N
11.12999,77.90671,309.65,0.46,0.47,2026-07-04,2049,N20,VIIRS,n,2.0NRT,290.21,1.23,N
11.81107,77.92248,311.68,0.45,0.47,2026-07-04,2049,N20,VIIRS,n,2.0NRT,288.96,2.15,N
10.93051,77.06428,302.38,0.41,0.45,2026-07-04,2049,N20,VIIRS,n,2.0NRT,286.55,0.84,N
9.23977,77.45533,313.55,0.46,0.47,2026-07-04,2051,N20,VIIRS,n,2.0NRT,285.28,1.6,N
9.23781,77.45307,325.36,0.46,0.47,2026-07-04,2051,N20,VIIRS,n,2.0NRT,288.81,2.26,N
28.06354,95.36001,328.69,0.51,0.49,2026-07-05,0618,N20,VIIRS,n,2.0NRT,297.68,5.68,D
28.06246,95.35496,330.37,0.51,0.49,2026-07-05,0618,N20,VIIRS,n,2.0NRT,299.02,4.05,D
28.21233,95.5404,342.22,0.49,0.49,2026-07-05,0618,N20,VIIRS,n,2.0NRT,293.23,6.65,D
8.57296,78.08848,341.77,0.53,0.42,2026-07-05,0754,N20,VIIRS,n,2.0NRT,307.22,9.24,D
8.54408,78.12749,340.91,0.53,0.42,2026-07-05,0754,N20,VIIRS,n,2.0NRT,301.45,6.02,D
8.51759,78.0633,330.17,0.53,0.42,2026-07-05,0754,N20,VIIRS,l,2.0NRT,304.23,5.76,D
8.67447,78.04462,333.44,0.53,0.42,2026-07-05,0754,N20,VIIRS,n,2.0NRT,302.32,4.01,D
8.67368,78.03984,331.8,0.53,0.42,2026-07-05,0754,N20,VIIRS,l,2.0NRT,306.27,6.54,D
8.74794,77.99934,337.22,0.53,0.42,2026-07-05,0754,N20,VIIRS,l,2.0NRT,308.25,3.94,D
9.18587,78.10838,334.62,0.52,0.41,2026-07-05,0754,N20,VIIRS,n,2.0NRT,302.84,1.3,D
9.18615,78.18193,339.73,0.51,0.41,2026-07-05,0754,N20,VIIRS,l,2.0NRT,309.77,4.74,D
9.37619,78.78172,335.36,0.48,0.4,2026-07-05,0754,N20,VIIRS,l,2.0NRT,307.27,5.62,D
9.24719,77.81664,338.1,0.54,0.42,2026-07-05,0754,N20,VIIRS,n,2.0NRT,306.27,2.39,D
9.55206,78.82449,334.49,0.47,0.4,2026-07-05,0754,N20,VIIRS,n,2.0NRT,303.98,2.8,D
9.40422,77.73934,330.19,0.54,0.42,2026-07-05,0754,N20,VIIRS,l,2.0NRT,302.76,3.15,D
9.60054,78.82522,347.18,0.47,0.4,2026-07-05,0754,N20,VIIRS,n,2.0NRT,304.43,6.68,D
9.60028,78.59267,339.51,0.48,0.4,2026-07-05,0754,N20,VIIRS,n,2.0NRT,308.5,3.91,D
9.76662,78.36717,331.26,0.49,0.41,2026-07-05,0754,N20,VIIRS,l,2.0NRT,305.11,1.7,D
8.51517,78.0616,333.75,0.53,0.42,2026-07-05,0754,N20,VIIRS,l,2.0NRT,306.31,2.17,D
11.58649,78.1969,344.51,0.48,0.4,2026-07-05,0756,N20,VIIRS,n,2.0NRT,302.45,7.29,D
11.58302,78.19865,331.33,0.48,0.4,2026-07-05,0756,N20,VIIRS,n,2.0NRT,301.32,4.89,D
11.58666,78.19802,345.29,0.48,0.4,2026-07-05,0756,N20,VIIRS,n,2.0NRT,302.24,4.89,D
11.59178,78.20616,339.88,0.48,0.4,2026-07-05,0756,N20,VIIRS,n,2.0NRT,301.23,7.6,D
12.36222,79.64764,346.57,0.41,0.37,2026-07-05,0756,N20,VIIRS,n,2.0NRT,308.28,4.9,D
12.7747,79.83485,334.19,0.4,0.37,2026-07-05,0756,N20,VIIRS,l,2.0NRT,295.15,3.77,D
10.56363,79.36398,330.93,0.43,0.38,2026-07-05,0756,N20,VIIRS,n,2.0NRT,303.69,1.46,D
10.74731,79.59755,332.59,0.42,0.38,2026-07-05,0756,N20,VIIRS,n,2.0NRT,301.22,2.73,D
10.74669,79.5937,332.84,0.42,0.38,2026-07-05,0756,N20,VIIRS,n,2.0NRT,302.33,2.73,D
10.90821,79.02618,330.28,0.45,0.39,2026-07-05,0756,N20,VIIRS,l,2.0NRT,302.5,2.95,D
11.1462,79.41762,345.59,0.43,0.38,2026-07-05,0756,N20,VIIRS,n,2.0NRT,298.02,5.66,D
11.27179,79.47681,334.54,0.42,0.38,2026-07-05,0756,N20,VIIRS,n,2.0NRT,301.33,11.84,D
11.27462,79.47239,331.49,0.42,0.38,2026-07-05,0756,N20,VIIRS,l,2.0NRT,302.02,53.36,D
11.34818,79.36526,331.87,0.43,0.38,2026-07-05,0756,N20,VIIRS,n,2.0NRT,302.93,2.54,D
11.58497,78.21062,335.34,0.48,0.4,2026-07-05,0756,N20,VIIRS,n,2.0NRT,299.63,2.44,D
11.59155,78.20506,337.68,0.48,0.4,2026-07-05,0756,N20,VIIRS,n,2.0NRT,301.29,9.01,D
30.89294,76.26231,338.89,0.39,0.36,2026-07-05,0758,N20,VIIRS,n,2.0NRT,297.38,3.45,D
27.48071,71.71908,342.39,0.41,0.45,2026-07-05,0758,N20,VIIRS,n,2.0NRT,302.62,5.7,D
30.82466,76.13155,334.08,0.39,0.36,2026-07-05,0758,N20,VIIRS,n,2.0NRT,296.89,1.6,D
30.94462,76.20167,336.27,0.39,0.36,2026-07-05,0758,N20,VIIRS,n,2.0NRT,298.48,2.52,D
31.33237,75.81205,334.81,0.39,0.36,2026-07-05,0758,N20,VIIRS,n,2.0NRT,300.79,2.45,D
31.47221,75.4748,330.53,0.39,0.36,2026-07-05,0758,N20,VIIRS,l,2.0NRT,297.35,1.74,D
24.14776,82.65939,335.02,0.49,0.4,2026-07-05,0758,N20,VIIRS,n,2.0NRT,296.37,2.78,D
24.14897,82.58034,334.45,0.49,0.4,2026-07-05,0758,N20,VIIRS,n,2.0NRT,295.7,1.4,D
25.88512,84.41455,352.41,0.43,0.46,2026-07-05,0758,N20,VIIRS,n,2.0NRT,296.74,13.04,D
25.89468,84.4613,332.61,0.43,0.46,2026-07-05,0758,N20,VIIRS,n,2.0NRT,294.4,5.6,D
25.93876,84.27863,343.49,0.42,0.45,2026-07-05,0758,N20,VIIRS,n,2.0NRT,296.1,4.14,D
25.94899,84.29438,332.08,0.42,0.45,2026-07-05,0758,N20,VIIRS,n,2.0NRT,296.6,2.89,D
27.00401,79.98059,335.62,0.41,0.37,2026-07-05,0801,N20,VIIRS,n,2.0NRT,297.68,3.71,D
27.03687,79.89066,339.4,0.41,0.37,2026-07-05,0801,N20,VIIRS,n,2.0NRT,299.51,6.74,D
27.5762,81.30183,336.57,0.46,0.39,2026-07-05,0801,N20,VIIRS,n,2.0NRT,301.35,5.7,D
27.58042,81.30594,337.21,0.46,0.39,2026-07-05,0801,N20,VIIRS,n,2.0NRT,301.33,10.85,D
27.57762,81.30368,336.73,0.46,0.39,2026-07-05,0801,N20,VIIRS,n,2.0NRT,301.24,11.83,D
27.58182,81.30779,336.7,0.46,0.39,2026-07-05,0801,N20,VIIRS,n,2.0NRT,300.65,10.15,D
27.65166,81.27754,337.14,0.46,0.39,2026-07-05,0801,N20,VIIRS,n,2.0NRT,301.26,10.3,D
27.92895,81.02946,330.09,0.45,0.39,2026-07-05,0801,N20,VIIRS,n,2.0NRT,299.28,5.33,D
26.88663,72.04205,335.42,0.41,0.45,2026-07-05,0801,N20,VIIRS,n,2.0NRT,299.44,1.71,D
27.37788,95.33415,314.38,0.39,0.59,2026-07-05,1843,N20,VIIRS,n,2.0NRT,284.72,1.48,N
27.31664,95.2647,305.48,0.39,0.6,2026-07-05,1843,N20,VIIRS,n,2.0NRT,285.26,0.4,N
26.64414,79.47533,295.92,0.39,0.36,2026-07-05,2025,N20,VIIRS,n,2.0NRT,260.35,1.67,N
26.76007,83.20066,310.79,0.44,0.38,2026-07-05,2025,N20,VIIRS,n,2.0NRT,293.13,2.93,N
26.64356,79.47919,335.3,0.39,0.36,2026-07-05,2025,N20,VIIRS,n,2.0NRT,261.43,1.67,N
26.64297,79.48306,295.38,0.39,0.36,2026-07-05,2025,N20,VIIRS,n,2.0NRT,261.27,0.31,N
26.64025,79.47858,322.5,0.39,0.36,2026-07-05,2025,N20,VIIRS,n,2.0NRT,259.88,1.67,N
26.64084,79.4747,295.25,0.39,0.36,2026-07-05,2025,N20,VIIRS,n,2.0NRT,259.45,1.67,N
24.56532,81.00499,307.65,0.39,0.36,2026-07-05,2025,N20,VIIRS,n,2.0NRT,288.28,1.3,N
24.52756,81.16882,305.88,0.4,0.37,2026-07-05,2025,N20,VIIRS,n,2.0NRT,284.01,0.84,N
24.32734,81.32771,305.62,0.4,0.37,2026-07-05,2025,N20,VIIRS,n,2.0NRT,287.89,1.11,N
14.84086,78.87266,314.47,0.4,0.37,2026-07-05,2027,N20,VIIRS,n,2.0NRT,273.1,1.48,N
14.2624,80.12456,305.7,0.45,0.39,2026-07-05,2027,N20,VIIRS,n,2.0NRT,282.72,0.75,N
10.02086,77.45583,303.27,0.39,0.37,2026-07-05,2029,N20,VIIRS,n,2.0NRT,290.03,0.25,N
9.87187,78.09199,315.21,0.41,0.37,2026-07-05,2029,N20,VIIRS,n,2.0NRT,294.71,1.46,N
9.86909,78.08772,308.47,0.41,0.37,2026-07-05,2029,N20,VIIRS,n,2.0NRT,294.12,1.15,N
9.86847,78.09142,314.61,0.41,0.37,2026-07-05,2029,N20,VIIRS,n,2.0NRT,293.77,1.46,N
8.46334,77.91927,309.23,0.42,0.37,2026-07-05,2029,N20,VIIRS,n,2.0NRT,296.26,1.37,N
11.12488,77.75797,336.16,0.4,0.37,2026-07-05,2029,N20,VIIRS,n,2.0NRT,286.92,4.11,N
10.91453,78.88506,311.24,0.43,0.38,2026-07-05,2029,N20,VIIRS,n,2.0NRT,292.89,1.33,N
11.18388,79.10146,305.82,0.44,0.38,2026-07-05,2029,N20,VIIRS,n,2.0NRT,288.91,1.11,N
11.29481,77.80491,298.03,0.4,0.37,2026-07-05,2029,N20,VIIRS,n,2.0NRT,272.77,0.42,N
9.87249,78.08827,311.23,0.41,0.37,2026-07-05,2029,N20,VIIRS,n,2.0NRT,296.07,1.15,N
27.82343,94.69033,325.95,0.54,0.68,2026-07-06,0559,N20,VIIRS,n,2.0NRT,283.75,7.11,D
27.82323,94.68704,341.43,0.54,0.68,2026-07-06,0559,N20,VIIRS,n,2.0NRT,284,9.78,D
8.22993,93.12101,341.31,0.45,0.47,2026-07-06,0733,N20,VIIRS,n,2.0NRT,295.12,6.11,D
8.23475,93.12431,355.77,0.45,0.47,2026-07-06,0733,N20,VIIRS,n,2.0NRT,295.39,9.48,D
8.2342,93.12038,341.07,0.45,0.47,2026-07-06,0733,N20,VIIRS,n,2.0NRT,296.11,6.11,D
8.23048,93.12495,342.83,0.45,0.47,2026-07-06,0733,N20,VIIRS,n,2.0NRT,294.28,9.48,D
10.14577,78.81631,331.15,0.61,0.53,2026-07-06,0735,N20,VIIRS,l,2.0NRT,301.67,2.44,D
8.47825,77.73068,338.48,0.38,0.59,2026-07-06,0735,N20,VIIRS,n,2.0NRT,307.42,1.47,D
9.01773,77.77536,333.18,0.37,0.58,2026-07-06,0735,N20,VIIRS,n,2.0NRT,302.26,1.87,D
9.01598,77.77391,331.59,0.37,0.58,2026-07-06,0735,N20,VIIRS,l,2.0NRT,302.52,1.81,D
9.13874,78.02914,334.55,0.36,0.57,2026-07-06,0735,N20,VIIRS,n,2.0NRT,304.22,2.01,D
9.15423,78.0855,333.64,0.35,0.57,2026-07-06,0735,N20,VIIRS,l,2.0NRT,303.89,0.64,D
9.16971,78.11215,343.74,0.35,0.57,2026-07-06,0735,N20,VIIRS,n,2.0NRT,303.8,3.17,D
9.18982,78.01217,332.61,0.36,0.57,2026-07-06,0735,N20,VIIRS,l,2.0NRT,304.17,1.17,D
9.17736,77.52273,340.61,0.39,0.59,2026-07-06,0735,N20,VIIRS,n,2.0NRT,301.99,3.06,D
9.26241,77.66936,338.86,0.38,0.58,2026-07-06,0735,N20,VIIRS,n,2.0NRT,300.65,3.96,D
9.26179,77.66599,342.93,0.38,0.59,2026-07-06,0735,N20,VIIRS,n,2.0NRT,301.54,3.2,D
9.26773,77.66838,367,0.38,0.58,2026-07-06,0735,N20,VIIRS,h,2.0NRT,302.19,6.93,D
9.26835,77.67175,348.72,0.38,0.58,2026-07-06,0735,N20,VIIRS,n,2.0NRT,300.71,6.93,D
9.45579,78.61999,338.83,0.32,0.55,2026-07-06,0735,N20,VIIRS,n,2.0NRT,306.76,1.7,D
9.35885,77.96108,336.59,0.36,0.57,2026-07-06,0735,N20,VIIRS,n,2.0NRT,301.6,2.12,D
9.34665,77.86293,331.98,0.36,0.58,2026-07-06,0735,N20,VIIRS,n,2.0NRT,299.61,1.62,D
9.42123,78.19126,367,0.34,0.56,2026-07-06,0735,N20,VIIRS,h,2.0NRT,305.48,5.94,D
9.49706,78.59162,335.78,0.32,0.55,2026-07-06,0735,N20,VIIRS,l,2.0NRT,305.9,3,D
9.41787,78.19044,367,0.34,0.56,2026-07-06,0735,N20,VIIRS,h,2.0NRT,306.44,5.43,D
9.49674,78.58987,336.28,0.32,0.55,2026-07-06,0735,N20,VIIRS,n,2.0NRT,304.79,1.58,D
9.4201,78.1162,334.73,0.35,0.57,2026-07-06,0735,N20,VIIRS,n,2.0NRT,303.34,1.36,D
9.60003,78.59213,331.04,0.32,0.55,2026-07-06,0735,N20,VIIRS,l,2.0NRT,303.55,1.7,D
9.65651,78.95203,337.7,0.61,0.53,2026-07-06,0735,N20,VIIRS,n,2.0NRT,306.29,5.61,D
9.58326,78.09568,336.99,0.35,0.57,2026-07-06,0735,N20,VIIRS,n,2.0NRT,301.03,1.81,D
10.004,79.12648,343.53,0.58,0.52,2026-07-06,0735,N20,VIIRS,n,2.0NRT,303.06,4.01,D
9.86958,78.08989,353.98,0.34,0.56,2026-07-06,0735,N20,VIIRS,n,2.0NRT,298.64,6.85,D
10.0277,77.95441,332.57,0.35,0.57,2026-07-06,0735,N20,VIIRS,n,2.0NRT,291.11,2.34,D
10.1673,78.75379,330.97,0.61,0.54,2026-07-06,0735,N20,VIIRS,n,2.0NRT,295.41,5.71,D
10.01639,77.47517,333.19,0.38,0.59,2026-07-06,0735,N20,VIIRS,n,2.0NRT,296.35,1.32,D
10.74451,78.99763,337.86,0.58,0.52,2026-07-06,0735,N20,VIIRS,n,2.0NRT,293.91,3.73,D
10.96739,79.77847,353.89,0.51,0.49,2026-07-06,0735,N20,VIIRS,n,2.0NRT,298.43,10.18,D
11.33081,79.79352,333.96,0.5,0.49,2026-07-06,0735,N20,VIIRS,n,2.0NRT,291.77,4.46,D
11.03944,77.88642,330.91,0.34,0.56,2026-07-06,0735,N20,VIIRS,n,2.0NRT,289.81,1.69,D
11.36703,79.37061,335.48,0.53,0.5,2026-07-06,0735,N20,VIIRS,n,2.0NRT,289.71,3.38,D
11.36713,79.37273,334.66,0.53,0.5,2026-07-06,0735,N20,VIIRS,n,2.0NRT,289.5,3.58,D
11.25321,77.84223,337.34,0.34,0.56,2026-07-06,0735,N20,VIIRS,n,2.0NRT,287.76,2.96,D
12.67361,80.21431,355.13,0.44,0.46,2026-07-06,0735,N20,VIIRS,n,2.0NRT,284.96,29.29,D
12.96963,79.81702,330.05,0.47,0.47,2026-07-06,0735,N20,VIIRS,n,2.0NRT,284.64,2,D
13.37702,80.25195,340.66,0.43,0.46,2026-07-06,0735,N20,VIIRS,n,2.0NRT,273.9,6.56,D
15.40305,76.62245,345.22,0.34,0.56,2026-07-06,0737,N20,VIIRS,n,2.0NRT,288.38,4.92,D
26.13834,84.57951,333.54,0.4,0.37,2026-07-06,0739,N20,VIIRS,n,2.0NRT,295.83,3.13,D
27.36707,94.89944,343.85,0.5,0.66,2026-07-06,0739,N20,VIIRS,n,2.0NRT,285.86,5.06,D
27.28762,92.60822,356.37,0.36,0.58,2026-07-06,0739,N20,VIIRS,l,2.0NRT,288.26,5.28,D
27.29309,92.60959,337.69,0.36,0.58,2026-07-06,0739,N20,VIIRS,n,2.0NRT,289.02,5.28,D
27.29278,92.60576,331.86,0.36,0.58,2026-07-06,0739,N20,VIIRS,n,2.0NRT,289.18,5.28,D
26.6418,79.47896,344.45,0.45,0.39,2026-07-06,0739,N20,VIIRS,n,2.0NRT,295.56,5.46,D
27.78664,78.10799,338.09,0.5,0.41,2026-07-06,0739,N20,VIIRS,n,2.0NRT,298.35,8.7,D
29.45625,76.87024,334.65,0.54,0.42,2026-07-06,0741,N20,VIIRS,n,2.0NRT,294.33,5.82,D
29.45703,76.86794,336.91,0.54,0.42,2026-07-06,0741,N20,VIIRS,n,2.0NRT,294.51,3.38,D
30.92682,75.63877,337.66,0.4,0.44,2026-07-06,0741,N20,VIIRS,n,2.0NRT,294.95,3.19,D
30.91256,75.52628,334.64,0.4,0.44,2026-07-06,0741,N20,VIIRS,n,2.0NRT,295.91,2.21,D
30.94882,75.37264,346.68,0.41,0.45,2026-07-06,0741,N20,VIIRS,n,2.0NRT,295.95,5.99,D
30.81207,74.26356,342.18,0.47,0.48,2026-07-06,0741,N20,VIIRS,n,2.0NRT,295.61,4.18,D
31.09672,74.66486,334.8,0.44,0.46,2026-07-06,0741,N20,VIIRS,n,2.0NRT,294.92,2.55,D
31.38127,75.6491,336.75,0.39,0.44,2026-07-06,0741,N20,VIIRS,n,2.0NRT,296.35,3,D
31.39467,75.65387,337.04,0.39,0.44,2026-07-06,0741,N20,VIIRS,n,2.0NRT,295.54,3.63,D
23.65056,68.56427,335.16,0.4,0.6,2026-07-06,0920,N20,VIIRS,n,2.0NRT,294.37,4.32,D
22.37681,87.27979,316.07,0.46,0.39,2026-07-06,2008,N20,VIIRS,n,2.0NRT,284.16,2.86,N
22.37009,87.29664,306,0.46,0.39,2026-07-06,2008,N20,VIIRS,n,2.0NRT,285.74,1.56,N
22.3693,87.30104,316.43,0.46,0.39,2026-07-06,2008,N20,VIIRS,n,2.0NRT,287.33,1.56,N
22.36574,87.3003,317.09,0.46,0.39,2026-07-06,2008,N20,VIIRS,n,2.0NRT,285.49,2.54,N
17.60888,83.20279,313.38,0.39,0.36,2026-07-06,2008,N20,VIIRS,n,2.0NRT,278.65,2.39,N
15.7634,79.1441,326.48,0.46,0.39,2026-07-06,2010,N20,VIIRS,n,2.0NRT,281.43,1.92,N
15.76405,79.1396,302.93,0.46,0.39,2026-07-06,2010,N20,VIIRS,n,2.0NRT,281.12,1.92,N
15.02297,78.01653,300,0.52,0.41,2026-07-06,2010,N20,VIIRS,n,2.0NRT,277.34,1.17,N
14.71515,79.68877,301.67,0.43,0.38,2026-07-06,2010,N20,VIIRS,n,2.0NRT,265.82,0.41,N
14.71168,79.68822,298.97,0.43,0.38,2026-07-06,2010,N20,VIIRS,n,2.0NRT,265.52,0.41,N
13.44588,80.09716,309.69,0.41,0.37,2026-07-06,2010,N20,VIIRS,n,2.0NRT,289.28,1.55,N
13.3934,80.10034,311.04,0.41,0.37,2026-07-06,2010,N20,VIIRS,n,2.0NRT,289.56,1.29,N
13.19602,79.82517,307.63,0.41,0.37,2026-07-06,2010,N20,VIIRS,n,2.0NRT,287.72,0.88,N
13.19204,79.82841,307.01,0.41,0.37,2026-07-06,2010,N20,VIIRS,n,2.0NRT,288.31,1.05,N
13.1665,79.69625,311.7,0.42,0.37,2026-07-06,2010,N20,VIIRS,n,2.0NRT,287.17,2.17,N
13.05033,80.1461,307.17,0.4,0.37,2026-07-06,2010,N20,VIIRS,n,2.0NRT,289.34,0.35,N
12.85413,79.90806,328.56,0.41,0.37,2026-07-06,2010,N20,VIIRS,n,2.0NRT,289.79,2.83,N
11.7412,78.77849,303.47,0.44,0.38,2026-07-06,2010,N20,VIIRS,n,2.0NRT,286.76,0.82,N
11.18323,79.09957,307.59,0.42,0.38,2026-07-06,2010,N20,VIIRS,n,2.0NRT,293.68,0.66,N
11.30304,77.80634,304.08,0.48,0.4,2026-07-06,2010,N20,VIIRS,n,2.0NRT,287.37,0.69,N
11.01432,79.3141,315.39,0.41,0.37,2026-07-06,2010,N20,VIIRS,n,2.0NRT,292.87,1.13,N
11.01376,79.31786,306.64,0.41,0.37,2026-07-06,2010,N20,VIIRS,n,2.0NRT,293.08,1.13,N
8.75962,78.18127,322.76,0.44,0.38,2026-07-06,2012,N20,VIIRS,n,2.0NRT,295,2.23,N
8.75902,78.1852,324.57,0.43,0.38,2026-07-06,2012,N20,VIIRS,n,2.0NRT,295.78,2.23,N
8.63021,77.88921,308.05,0.45,0.39,2026-07-06,2012,N20,VIIRS,n,2.0NRT,292.32,1.12,N
17.47243,80.89964,332.4,0.34,0.56,2026-07-07,0720,N20,VIIRS,n,2.0NRT,289.08,2.28,D
20.8676,84.99919,337.79,0.5,0.41,2026-07-07,0720,N20,VIIRS,n,2.0NRT,294.87,6.94,D
20.86602,85.00063,339.51,0.5,0.41,2026-07-07,0720,N20,VIIRS,n,2.0NRT,293.55,6.15,D
20.96383,85.18762,334.16,0.48,0.4,2026-07-07,0720,N20,VIIRS,n,2.0NRT,293.3,8.06,D
20.96953,85.17697,351.42,0.48,0.4,2026-07-07,0720,N20,VIIRS,n,2.0NRT,294.2,9.93,D
26.93955,80.08955,329.53,0.49,0.49,2026-07-07,0722,N20,VIIRS,n,2.0NRT,290.8,2.42,D
30.64247,75.19198,335.3,0.4,0.6,2026-07-07,0722,N20,VIIRS,n,2.0NRT,293.3,3.05,D
30.84489,75.59411,343.61,0.37,0.58,2026-07-07,0724,N20,VIIRS,n,2.0NRT,292.15,3.81,D
31.02118,75.56987,336.5,0.37,0.58,2026-07-07,0724,N20,VIIRS,n,2.0NRT,290.43,2.16,D
8.75607,78.18181,333.9,0.55,0.68,2026-07-07,0858,N20,VIIRS,n,2.0NRT,286.11,9.43,D
9.57311,78.53911,333.32,0.6,0.7,2026-07-07,0858,N20,VIIRS,n,2.0NRT,288.49,3.62,D
27.52563,71.82839,338.24,0.36,0.57,2026-07-07,0902,N20,VIIRS,n,2.0NRT,296.04,7.16,D
27.39538,72.15691,337.97,0.37,0.58,2026-07-07,0902,N20,VIIRS,n,2.0NRT,294.85,1.63,D
27.52532,71.82478,367,0.36,0.57,2026-07-07,0902,N20,VIIRS,h,2.0NRT,296.96,8.79,D
25.03545,87.38904,298.71,0.41,0.37,2026-07-07,1947,N20,VIIRS,n,2.0NRT,274.74,0.96,N
21.48625,81.77051,310.89,0.48,0.48,2026-07-07,1949,N20,VIIRS,n,2.0NRT,288.8,1.77,N
21.38918,81.64633,305.04,0.48,0.48,2026-07-07,1949,N20,VIIRS,n,2.0NRT,288.18,1.1,N
21.37591,81.68239,312.18,0.48,0.48,2026-07-07,1949,N20,VIIRS,n,2.0NRT,288.7,3.49,N
21.37644,81.63986,308.65,0.48,0.48,2026-07-07,1949,N20,VIIRS,n,2.0NRT,287.91,1.8,N
21.30978,81.59284,304.34,0.49,0.48,2026-07-07,1949,N20,VIIRS,n,2.0NRT,286.15,0.7,N
21.29931,81.60573,305.52,0.48,0.48,2026-07-07,1949,N20,VIIRS,n,2.0NRT,285.66,0.64,N
21.31113,81.59106,304.55,0.49,0.48,2026-07-07,1949,N20,VIIRS,n,2.0NRT,286.07,1.01,N
21.29999,81.60863,305.34,0.48,0.48,2026-07-07,1949,N20,VIIRS,n,2.0NRT,285.78,0.96,N
20.12711,79.02237,302.4,0.34,0.56,2026-07-07,1949,N20,VIIRS,n,2.0NRT,281.54,0.4,N
19.96215,79.33463,302.15,0.33,0.55,2026-07-07,1949,N20,VIIRS,n,2.0NRT,282.11,0.47,N
19.92036,79.11192,305.78,0.34,0.56,2026-07-07,1949,N20,VIIRS,n,2.0NRT,285.08,1.61,N
15.96246,80.93913,306.82,0.46,0.47,2026-07-07,1949,N20,VIIRS,n,2.0NRT,289.41,0.61,N
15.68587,78.45569,297.76,0.33,0.55,2026-07-07,1949,N20,VIIRS,n,2.0NRT,286.39,0.79,N
15.68551,78.45876,297.85,0.33,0.55,2026-07-07,1949,N20,VIIRS,n,2.0NRT,286.71,0.79,N
21.67415,82.08156,304.88,0.46,0.47,2026-07-07,1949,N20,VIIRS,n,2.0NRT,288.24,1.88,N
21.6725,82.08018,309.77,0.46,0.47,2026-07-07,1949,N20,VIIRS,n,2.0NRT,288.25,1.82,N
21.62204,81.79398,303.73,0.48,0.48,2026-07-07,1949,N20,VIIRS,n,2.0NRT,288.3,0.9,N
13.0886,79.98349,304.61,0.48,0.48,2026-07-07,1951,N20,VIIRS,n,2.0NRT,283.73,0.79,N
15.17689,77.1011,303.86,0.4,0.6,2026-07-07,1951,N20,VIIRS,n,2.0NRT,285.86,2.28,N
15.06935,76.86512,296.86,0.41,0.61,2026-07-07,1951,N20,VIIRS,n,2.0NRT,285.29,0.64,N
14.87321,78.05311,306.37,0.34,0.56,2026-07-07,1951,N20,VIIRS,n,2.0NRT,288.44,0.9,N
14.8715,78.0528,305.05,0.34,0.56,2026-07-07,1951,N20,VIIRS,n,2.0NRT,288.23,0.92,N
12.82926,79.73279,322.75,0.5,0.49,2026-07-07,1951,N20,VIIRS,n,2.0NRT,288.88,4.07,N
12.82696,79.72968,314.38,0.5,0.49,2026-07-07,1951,N20,VIIRS,n,2.0NRT,288.66,3.61,N
12.55252,79.30322,311,0.52,0.5,2026-07-07,1951,N20,VIIRS,n,2.0NRT,287.91,1.65,N
11.55914,78.80433,301.3,0.55,0.51,2026-07-07,1951,N20,VIIRS,n,2.0NRT,284.8,0.68,N
11.23818,77.92612,301.11,0.62,0.54,2026-07-07,1951,N20,VIIRS,n,2.0NRT,286.31,0.61,N
10.99409,77.36337,302.77,0.34,0.56,2026-07-07,1951,N20,VIIRS,n,2.0NRT,283.48,0.33,N
10.99127,77.36478,300.66,0.34,0.56,2026-07-07,1951,N20,VIIRS,n,2.0NRT,284.64,0.57,N
10.92976,77.06388,301.73,0.35,0.57,2026-07-07,1951,N20,VIIRS,n,2.0NRT,284.59,0.39,N
10.92944,77.06384,304.53,0.35,0.57,2026-07-07,1951,N20,VIIRS,n,2.0NRT,284.68,0.37,N
9.27936,77.97826,306.69,0.58,0.52,2026-07-07,1951,N20,VIIRS,n,2.0NRT,293.58,1.71,N
8.75911,78.17997,306.3,0.55,0.51,2026-07-07,1951,N20,VIIRS,n,2.0NRT,294.3,2.34,N
8.75843,78.18498,312.8,0.55,0.51,2026-07-07,1951,N20,VIIRS,n,2.0NRT,294.75,2.7,N
26.06533,93.72937,334.04,0.39,0.37,2026-07-08,0701,N20,VIIRS,n,2.0NRT,283.86,2.41,D
12.60434,79.79581,337.63,0.38,0.59,2026-07-08,0839,N20,VIIRS,n,2.0NRT,284.3,3.18,D
13.25852,79.83035,339.12,0.39,0.59,2026-07-08,0839,N20,VIIRS,n,2.0NRT,287.97,3.4,D
12.84614,79.7599,336.39,0.38,0.59,2026-07-08,0839,N20,VIIRS,n,2.0NRT,288.23,4.36,D
12.9318,79.86166,332.82,0.39,0.59,2026-07-08,0839,N20,VIIRS,n,2.0NRT,283.21,2.63,D
15.0831,79.77407,367,0.41,0.6,2026-07-08,0839,N20,VIIRS,h,2.0NRT,295.15,12.47,D
14.8852,77.55473,331.5,0.58,0.52,2026-07-08,0839,N20,VIIRS,n,2.0NRT,292.67,4.63,D
12.7152,79.55867,330.4,0.37,0.58,2026-07-08,0839,N20,VIIRS,n,2.0NRT,280.66,2.47,D
22.92655,70.10884,331.6,0.42,0.38,2026-07-08,0841,N20,VIIRS,n,2.0NRT,298.46,3.61,D
23.0742,69.69168,338.68,0.41,0.37,2026-07-08,0841,N20,VIIRS,n,2.0NRT,302.79,2.85,D
23.18353,68.87148,338.47,0.39,0.36,2026-07-08,0841,N20,VIIRS,n,2.0NRT,303.36,3.6,D
22.77546,70.90106,332.95,0.45,0.39,2026-07-08,0841,N20,VIIRS,n,2.0NRT,295.9,2.66,D
23.66066,68.77418,340,0.39,0.36,2026-07-08,0843,N20,VIIRS,n,2.0NRT,305.64,2.34,D
23.55477,68.93359,339.56,0.39,0.37,2026-07-08,0843,N20,VIIRS,n,2.0NRT,306.82,3.84,D
23.55421,68.92975,337.26,0.39,0.36,2026-07-08,0843,N20,VIIRS,n,2.0NRT,304.52,3.84,D
23.64268,69.53069,346.46,0.41,0.37,2026-07-08,0843,N20,VIIRS,n,2.0NRT,306.13,9.29,D
23.6115,69.06626,353.3,0.4,0.37,2026-07-08,0843,N20,VIIRS,n,2.0NRT,310.05,24.32,D
23.66121,68.778,338.7,0.39,0.36,2026-07-08,0843,N20,VIIRS,n,2.0NRT,305.11,3.32,D
24.00442,69.57041,336.37,0.41,0.37,2026-07-08,0843,N20,VIIRS,n,2.0NRT,304.4,4.62,D
24.00671,69.56181,336.76,0.41,0.37,2026-07-08,0843,N20,VIIRS,n,2.0NRT,305.06,5.05,D
24.0118,69.57329,339.81,0.41,0.37,2026-07-08,0843,N20,VIIRS,n,2.0NRT,305.41,1.4,D
24.01123,69.56927,336.51,0.41,0.37,2026-07-08,0843,N20,VIIRS,n,2.0NRT,305.34,1.4,D
24.01068,69.56526,338.77,0.41,0.37,2026-07-08,0843,N20,VIIRS,n,2.0NRT,305.37,2.73,D
24.0152,69.57273,336.85,0.41,0.37,2026-07-08,0843,N20,VIIRS,n,2.0NRT,305.09,1.4,D
24.01464,69.56872,336.7,0.41,0.37,2026-07-08,0843,N20,VIIRS,n,2.0NRT,305.53,1.4,D
24.01352,69.56068,336.47,0.41,0.37,2026-07-08,0843,N20,VIIRS,n,2.0NRT,305.12,2.73,D
24.01749,69.56414,338.02,0.41,0.37,2026-07-08,0843,N20,VIIRS,n,2.0NRT,305.28,1.85,D
24.01693,69.56012,336.96,0.41,0.37,2026-07-08,0843,N20,VIIRS,n,2.0NRT,304.93,1.85,D
24.02146,69.56759,338.68,0.41,0.37,2026-07-08,0843,N20,VIIRS,n,2.0NRT,305.66,3.87,D
24.0209,69.56357,336.92,0.41,0.37,2026-07-08,0843,N20,VIIRS,n,2.0NRT,305.47,1.85,D
24.01752,69.53949,336.37,0.41,0.37,2026-07-08,0843,N20,VIIRS,n,2.0NRT,305.15,4.01,D
24.02779,69.46409,337.14,0.41,0.37,2026-07-08,0843,N20,VIIRS,n,2.0NRT,305.67,2.7,D
24.02723,69.4601,338.99,0.41,0.37,2026-07-08,0843,N20,VIIRS,n,2.0NRT,305.94,2.7,D
24.02667,69.45611,337.67,0.41,0.37,2026-07-08,0843,N20,VIIRS,n,2.0NRT,305.32,4.63,D
24.03006,69.45554,337.4,0.41,0.37,2026-07-08,0843,N20,VIIRS,n,2.0NRT,305.65,5.84,D
24.03233,69.44701,337.64,0.41,0.37,2026-07-08,0843,N20,VIIRS,n,2.0NRT,304.77,6.22,D
24.03855,69.4664,336.24,0.41,0.37,2026-07-08,0843,N20,VIIRS,n,2.0NRT,304.79,2,D
24.03516,69.44246,336.58,0.41,0.37,2026-07-08,0843,N20,VIIRS,n,2.0NRT,304.62,3.31,D
24.06573,69.63448,336.98,0.41,0.37,2026-07-08,0843,N20,VIIRS,n,2.0NRT,305.59,3.59,D
24.04251,69.46983,336.39,0.41,0.37,2026-07-08,0843,N20,VIIRS,n,2.0NRT,304.96,2,D
24.04194,69.46583,337.09,0.41,0.37,2026-07-08,0843,N20,VIIRS,n,2.0NRT,304.75,2,D
24.07737,69.61684,339.5,0.41,0.37,2026-07-08,0843,N20,VIIRS,n,2.0NRT,306.02,4.09,D
24.07626,69.60875,339.06,0.41,0.37,2026-07-08,0843,N20,VIIRS,n,2.0NRT,305.35,4.39,D
24.07571,69.60472,336.84,0.41,0.37,2026-07-08,0843,N20,VIIRS,n,2.0NRT,304.88,4.38,D
24.08602,69.57829,340.05,0.41,0.37,2026-07-08,0843,N20,VIIRS,n,2.0NRT,305.79,2.04,D
24.08546,69.57426,340.09,0.41,0.37,2026-07-08,0843,N20,VIIRS,n,2.0NRT,305.5,2.04,D
24.0849,69.57023,339.68,0.41,0.37,2026-07-08,0843,N20,VIIRS,n,2.0NRT,305.79,1.69,D
24.08435,69.56621,339.7,0.41,0.37,2026-07-08,0843,N20,VIIRS,n,2.0NRT,305.49,1.69,D
24.08379,69.56218,340.73,0.41,0.37,2026-07-08,0843,N20,VIIRS,n,2.0NRT,305.52,1.64,D
24.08323,69.55815,338.41,0.41,0.37,2026-07-08,0843,N20,VIIRS,n,2.0NRT,305,1.64,D
24.08887,69.57369,338.61,0.41,0.37,2026-07-08,0843,N20,VIIRS,n,2.0NRT,305.38,2.04,D
24.08832,69.56967,339.66,0.41,0.37,2026-07-08,0843,N20,VIIRS,n,2.0NRT,305.24,1.69,D
24.08776,69.56564,339.04,0.41,0.37,2026-07-08,0843,N20,VIIRS,n,2.0NRT,305.37,1.69,D
24.0872,69.56161,341.28,0.41,0.37,2026-07-08,0843,N20,VIIRS,n,2.0NRT,305.41,1.64,D
24.08664,69.55759,340.04,0.41,0.37,2026-07-08,0843,N20,VIIRS,n,2.0NRT,305.29,1.64,D
24.16759,69.48633,337.62,0.41,0.37,2026-07-08,0843,N20,VIIRS,n,2.0NRT,304.68,1.51,D
24.17099,69.48576,335.13,0.41,0.37,2026-07-08,0843,N20,VIIRS,n,2.0NRT,304.64,1.51,D
22.41586,69.03965,311.81,0.39,0.36,2026-07-08,2110,N20,VIIRS,n,2.0NRT,295.35,2.24,N
22.93038,69.69786,311.12,0.4,0.37,2026-07-08,2110,N20,VIIRS,n,2.0NRT,295.16,1.79,N
22.93372,69.6985,319.73,0.4,0.37,2026-07-08,2110,N20,VIIRS,n,2.0NRT,295.4,1.79,N
22.7778,70.89861,309.3,0.43,0.38,2026-07-08,2110,N20,VIIRS,n,2.0NRT,293.02,3.38,N
22.92752,70.10625,328.05,0.41,0.37,2026-07-08,2110,N20,VIIRS,n,2.0NRT,295.2,3.47,N
24.16544,82.60482,299.32,0.66,0.73,2026-07-08,2110,N20,VIIRS,n,2.0NRT,284.28,4.54,N
24.16691,82.62627,297.33,0.66,0.73,2026-07-08,2110,N20,VIIRS,n,2.0NRT,284.22,4.79,N
22.33493,69.86871,309.97,0.41,0.37,2026-07-08,2110,N20,VIIRS,n,2.0NRT,296.72,3.26,N
8.75731,78.1812,301.56,0.71,0.75,2026-07-08,2114,N20,VIIRS,n,2.0NRT,285.67,7.96,N
9.95749,78.23112,337.12,0.43,0.38,2026-07-09,0820,N20,VIIRS,n,2.0NRT,303.61,6.75,D
9.92046,78.34579,336.39,0.44,0.38,2026-07-09,0820,N20,VIIRS,n,2.0NRT,300.29,3.67,D
9.94343,78.60604,336.72,0.45,0.39,2026-07-09,0820,N20,VIIRS,n,2.0NRT,300.54,2.61,D
9.80669,77.7805,335.98,0.42,0.37,2026-07-09,0820,N20,VIIRS,n,2.0NRT,303.47,1.89,D
9.86762,78.25245,334.55,0.43,0.38,2026-07-09,0820,N20,VIIRS,n,2.0NRT,302.76,4.49,D
9.65475,77.57774,339.84,0.41,0.37,2026-07-09,0820,N20,VIIRS,n,2.0NRT,305.02,9.15,D
9.50015,78.58637,342.5,0.44,0.39,2026-07-09,0820,N20,VIIRS,n,2.0NRT,303.44,14.78,D
9.39957,77.60509,336.74,0.41,0.37,2026-07-09,0820,N20,VIIRS,n,2.0NRT,306.18,2.99,D
9.51754,78.02991,343.78,0.42,0.38,2026-07-09,0820,N20,VIIRS,n,2.0NRT,311.16,17.02,D
9.56479,78.18477,343.45,0.43,0.38,2026-07-09,0820,N20,VIIRS,n,2.0NRT,308.51,9.3,D
9.63699,77.6492,334.7,0.41,0.37,2026-07-09,0820,N20,VIIRS,n,2.0NRT,303.59,1.68,D
9.65431,77.57814,340.08,0.41,0.37,2026-07-09,0820,N20,VIIRS,n,2.0NRT,305.12,9.19,D
9.35935,78.66029,346.65,0.45,0.39,2026-07-09,0820,N20,VIIRS,n,2.0NRT,302.37,5.18,D
9.23771,78.61969,336.1,0.44,0.39,2026-07-09,0820,N20,VIIRS,n,2.0NRT,303.24,2.32,D
8.85846,77.94576,341.73,0.41,0.37,2026-07-09,0820,N20,VIIRS,n,2.0NRT,306.72,9.78,D
8.84491,77.99417,340.23,0.42,0.37,2026-07-09,0820,N20,VIIRS,n,2.0NRT,306.42,8.02,D
8.78749,77.79636,331.2,0.41,0.37,2026-07-09,0820,N20,VIIRS,l,2.0NRT,302.37,3.08,D
12.73124,79.62499,334.39,0.55,0.42,2026-07-09,0820,N20,VIIRS,n,2.0NRT,288.9,6.18,D
9.24012,77.80473,340.9,0.41,0.37,2026-07-09,0820,N20,VIIRS,n,2.0NRT,307.06,10.66,D
10.80195,79.59845,331.14,0.51,0.41,2026-07-09,0820,N20,VIIRS,n,2.0NRT,293.26,3.23,D
10.45489,79.46841,332.2,0.5,0.41,2026-07-09,0820,N20,VIIRS,n,2.0NRT,289.31,5.68,D
10.40273,79.23692,335.07,0.49,0.4,2026-07-09,0820,N20,VIIRS,n,2.0NRT,297.26,7.29,D
10.26067,78.52789,332.15,0.45,0.39,2026-07-09,0820,N20,VIIRS,n,2.0NRT,300.99,2.68,D
9.97815,77.44496,331.08,0.41,0.37,2026-07-09,0820,N20,VIIRS,n,2.0NRT,299.74,1.77,D
9.97476,77.44547,344.41,0.41,0.37,2026-07-09,0820,N20,VIIRS,n,2.0NRT,300.27,1.77,D
10.02365,78.0655,333.13,0.43,0.38,2026-07-09,0820,N20,VIIRS,n,2.0NRT,302.35,1.73,D
10.02265,78.22963,337.95,0.43,0.38,2026-07-09,0820,N20,VIIRS,n,2.0NRT,303.02,2.89,D
14.19754,79.97244,334.6,0.4,0.44,2026-07-09,0822,N20,VIIRS,n,2.0NRT,296.94,3.36,D
18.92666,78.69778,343.92,0.38,0.43,2026-07-09,0822,N20,VIIRS,n,2.0NRT,290.68,7.27,D
18.71196,79.53994,339.08,0.43,0.46,2026-07-09,0822,N20,VIIRS,n,2.0NRT,291.66,7.21,D
15.84,76.83939,337.2,0.43,0.38,2026-07-09,0822,N20,VIIRS,n,2.0NRT,300.09,5.27,D
15.83651,76.83992,338.63,0.43,0.38,2026-07-09,0822,N20,VIIRS,n,2.0NRT,302.54,8.63,D
15.59601,79.05067,330.57,0.55,0.43,2026-07-09,0822,N20,VIIRS,n,2.0NRT,294,4.87,D
15.59511,79.04787,331.5,0.55,0.43,2026-07-09,0822,N20,VIIRS,n,2.0NRT,297.25,4.03,D
15.18089,76.64711,336.77,0.42,0.38,2026-07-09,0822,N20,VIIRS,n,2.0NRT,297.05,4.89,D
15.18021,76.66706,331.84,0.42,0.38,2026-07-09,0822,N20,VIIRS,n,2.0NRT,300.13,2.73,D
15.17277,76.66418,339.43,0.42,0.38,2026-07-09,0822,N20,VIIRS,n,2.0NRT,301.41,4.93,D
15.17497,76.67976,331.59,0.42,0.38,2026-07-09,0822,N20,VIIRS,n,2.0NRT,300.11,4.42,D
15.1039,76.8178,344.3,0.42,0.38,2026-07-09,0822,N20,VIIRS,n,2.0NRT,300.87,4.57,D
14.90787,76.11068,337.18,0.4,0.37,2026-07-09,0822,N20,VIIRS,n,2.0NRT,299.31,3.31,D
14.90274,76.12289,335.85,0.4,0.37,2026-07-09,0822,N20,VIIRS,n,2.0NRT,299.64,2.06,D
14.83045,79.77025,331.62,0.39,0.44,2026-07-09,0822,N20,VIIRS,n,2.0NRT,288.24,1.73,D
22.92846,70.11023,332.06,0.43,0.38,2026-07-09,0824,N20,VIIRS,l,2.0NRT,301.63,3.93,D
22.92777,70.10612,331.55,0.43,0.38,2026-07-09,0824,N20,VIIRS,l,2.0NRT,301.69,3.93,D
30.92034,75.56538,332.22,0.54,0.42,2026-07-09,0826,N20,VIIRS,n,2.0NRT,297.83,1.86,D
30.95551,75.26128,335.3,0.52,0.42,2026-07-09,0826,N20,VIIRS,n,2.0NRT,298.87,2.4,D
30.95466,75.2646,335.62,0.52,0.42,2026-07-09,0826,N20,VIIRS,n,2.0NRT,298.76,4.36,D
31.0406,75.40263,337.04,0.53,0.42,2026-07-09,0826,N20,VIIRS,n,2.0NRT,296.29,7.36,D
31.06181,75.4504,332.79,0.53,0.42,2026-07-09,0826,N20,VIIRS,n,2.0NRT,296.25,5.37,D
31.06116,75.44482,331.38,0.53,0.42,2026-07-09,0826,N20,VIIRS,n,2.0NRT,297.62,5.37,D
31.08356,75.31548,332.32,0.53,0.42,2026-07-09,0826,N20,VIIRS,n,2.0NRT,298.31,4.99,D
31.11551,75.28816,336.01,0.52,0.42,2026-07-09,0826,N20,VIIRS,n,2.0NRT,298.72,4.11,D
31.16845,75.27442,337.81,0.52,0.42,2026-07-09,0826,N20,VIIRS,n,2.0NRT,298.22,7.44,D
31.16579,75.21909,333.32,0.52,0.42,2026-07-09,0826,N20,VIIRS,n,2.0NRT,301.09,2.86,D
31.17044,75.27174,338.73,0.52,0.42,2026-07-09,0826,N20,VIIRS,n,2.0NRT,298.4,7.52,D
31.16489,75.22238,330.69,0.52,0.42,2026-07-09,0826,N20,VIIRS,n,2.0NRT,300.55,2.56,D
31.13155,74.79829,330.51,0.5,0.41,2026-07-09,0826,N20,VIIRS,l,2.0NRT,305.13,7.16,D
31.2152,75.08739,336.05,0.51,0.41,2026-07-09,0826,N20,VIIRS,n,2.0NRT,298.85,3.99,D
31.272,75.34055,333.66,0.53,0.42,2026-07-09,0826,N20,VIIRS,n,2.0NRT,297.88,2.35,D
29.87508,74.6829,307.78,0.38,0.36,2026-07-09,2049,N20,VIIRS,n,2.0NRT,292.67,1.22,N
27.66796,76.12939,310.94,0.41,0.37,2026-07-09,2049,N20,VIIRS,n,2.0NRT,291.61,1.62,N
26.87821,73.51626,300.8,0.39,0.36,2026-07-09,2049,N20,VIIRS,n,2.0NRT,280.26,1,N
22.93537,69.69777,306.62,0.46,0.39,2026-07-09,2051,N20,VIIRS,n,2.0NRT,283.45,0.97,N
24.68967,73.00383,303.05,0.39,0.36,2026-07-09,2051,N20,VIIRS,n,2.0NRT,284.52,0.55,N
22.99825,72.24194,310.73,0.39,0.36,2026-07-09,2051,N20,VIIRS,n,2.0NRT,293.24,0.84,N
22.92947,70.10679,314.08,0.44,0.38,2026-07-09,2051,N20,VIIRS,n,2.0NRT,291.67,3.18,N
22.93179,69.69718,302.38,0.46,0.39,2026-07-09,2051,N20,VIIRS,n,2.0NRT,282.46,0.97,N
22.41704,69.03732,308.02,0.49,0.4,2026-07-09,2051,N20,VIIRS,n,2.0NRT,294.1,2.38,N
21.10563,72.64774,310.93,0.38,0.36,2026-07-09,2051,N20,VIIRS,n,2.0NRT,284.56,1.38,N
21.10408,72.63616,342.57,0.38,0.36,2026-07-09,2051,N20,VIIRS,n,2.0NRT,288.62,5.32,N
21.1008,72.63557,311.58,0.38,0.36,2026-07-09,2051,N20,VIIRS,n,2.0NRT,287.43,5.32,N
19.93827,73.71146,307.52,0.4,0.37,2026-07-09,2051,N20,VIIRS,n,2.0NRT,288.95,0.58,N
18.69288,73.04148,305.18,0.39,0.36,2026-07-09,2051,N20,VIIRS,n,2.0NRT,288.81,1.26,N
15.17496,76.78681,305.63,0.42,0.45,2026-07-09,2053,N20,VIIRS,n,2.0NRT,290.9,1.17,N
15.17745,76.65674,324.11,0.41,0.45,2026-07-09,2053,N20,VIIRS,n,2.0NRT,292.15,2.46,N
15.65962,73.98908,302.77,0.44,0.38,2026-07-09,2053,N20,VIIRS,n,2.0NRT,279.99,0.71,N
15.18422,76.66597,320.28,0.41,0.45,2026-07-09,2053,N20,VIIRS,n,2.0NRT,290.33,2.02,N
15.3557,75.69141,310.82,0.54,0.42,2026-07-09,2053,N20,VIIRS,n,2.0NRT,288.59,1.69,N
15.1836,76.64621,307.74,0.41,0.45,2026-07-09,2053,N20,VIIRS,n,2.0NRT,290.21,1.72,N
15.18014,76.66515,306.62,0.41,0.45,2026-07-09,2053,N20,VIIRS,n,2.0NRT,291.22,2.02,N
15.17806,76.67653,309.42,0.41,0.45,2026-07-09,2053,N20,VIIRS,n,2.0NRT,291.59,2.02,N
15.1753,76.69167,306.97,0.42,0.45,2026-07-09,2053,N20,VIIRS,n,2.0NRT,290.53,0.77,N
17.14015,77.18326,300.52,0.41,0.45,2026-07-09,2053,N20,VIIRS,n,2.0NRT,280.19,0.75,N
15.06844,76.8669,303.51,0.43,0.46,2026-07-09,2053,N20,VIIRS,n,2.0NRT,290.91,1.16,N
15.13836,76.70809,303.88,0.42,0.45,2026-07-09,2053,N20,VIIRS,n,2.0NRT,290.92,0.56,N
15.1706,76.67105,303.66,0.41,0.45,2026-07-09,2053,N20,VIIRS,n,2.0NRT,290.78,0.96,N
15.17337,76.65591,314.55,0.41,0.45,2026-07-09,2053,N20,VIIRS,n,2.0NRT,290.23,2.46,N
15.17814,76.65295,303.19,0.41,0.45,2026-07-09,2053,N20,VIIRS,n,2.0NRT,290.5,0.93,N
15.33314,76.28649,312.31,0.39,0.44,2026-07-09,2053,N20,VIIRS,n,2.0NRT,289.45,1.43,N
15.17426,77.10093,302.78,0.44,0.46,2026-07-09,2053,N20,VIIRS,n,2.0NRT,289.55,1.7,N
9.45919,78.69416,335.5,0.41,0.37,2026-07-10,0803,N20,VIIRS,n,2.0NRT,303.73,4.5,D
9.4552,78.69099,336.9,0.41,0.37,2026-07-10,0803,N20,VIIRS,n,2.0NRT,301.82,3.31,D
9.45578,78.69471,340.31,0.41,0.37,2026-07-10,0803,N20,VIIRS,n,2.0NRT,301.76,4.5,D
9.38414,78.66394,338.35,0.41,0.37,2026-07-10,0803,N20,VIIRS,n,2.0NRT,301.4,3.96,D
9.38072,78.66448,341.06,0.41,0.37,2026-07-10,0803,N20,VIIRS,n,2.0NRT,301.43,3.35,D
9.3226,79.31933,331.37,0.4,0.37,2026-07-10,0803,N20,VIIRS,n,2.0NRT,297.76,0.68,D
8.92005,78.17075,334.08,0.43,0.38,2026-07-10,0803,N20,VIIRS,n,2.0NRT,300.7,3.59,D
16.03613,79.95078,336.51,0.39,0.36,2026-07-10,0803,N20,VIIRS,n,2.0NRT,282.47,2.29,D
15.85861,80.48965,336.86,0.4,0.37,2026-07-10,0803,N20,VIIRS,n,2.0NRT,293.84,3.92,D
15.85916,80.49335,347.86,0.4,0.37,2026-07-10,0803,N20,VIIRS,n,2.0NRT,296.38,7.62,D
10.56008,79.69894,335.04,0.39,0.36,2026-07-10,0803,N20,VIIRS,n,2.0NRT,296.12,2.88,D
9.76567,78.28528,338.42,0.42,0.38,2026-07-10,0803,N20,VIIRS,n,2.0NRT,299.82,5.07,D
9.71244,78.94431,350.44,0.4,0.37,2026-07-10,0803,N20,VIIRS,n,2.0NRT,301.6,9.63,D
9.71301,78.94797,343.3,0.4,0.37,2026-07-10,0803,N20,VIIRS,n,2.0NRT,301.18,9.97,D
9.46201,78.6899,333,0.41,0.37,2026-07-10,0803,N20,VIIRS,n,2.0NRT,301.7,3.27,D
9.4626,78.69361,341.75,0.41,0.37,2026-07-10,0803,N20,VIIRS,n,2.0NRT,302.8,3.18,D
9.4586,78.69044,345.21,0.41,0.37,2026-07-10,0803,N20,VIIRS,n,2.0NRT,303.86,3.31,D
22.3601,82.30076,330.08,0.54,0.42,2026-07-10,0805,N20,VIIRS,n,2.0NRT,293.09,6,D
20.95119,78.96348,333.45,0.39,0.36,2026-07-10,0805,N20,VIIRS,n,2.0NRT,300.67,3.66,D
17.99904,79.46259,341.64,0.39,0.36,2026-07-10,0805,N20,VIIRS,n,2.0NRT,298.42,4.52,D
17.95587,79.5602,330.48,0.39,0.36,2026-07-10,0805,N20,VIIRS,n,2.0NRT,300.04,2.9,D
17.95254,79.56074,331.09,0.39,0.36,2026-07-10,0805,N20,VIIRS,n,2.0NRT,298.99,4.23,D
17.38337,81.19897,331.32,0.43,0.38,2026-07-10,0805,N20,VIIRS,n,2.0NRT,293.76,3.18,D
17.31379,80.82489,346.63,0.42,0.37,2026-07-10,0805,N20,VIIRS,n,2.0NRT,294.24,8.08,D
21.10753,72.64698,341.91,0.57,0.43,2026-07-10,0805,N20,VIIRS,n,2.0NRT,293.69,9.03,D
21.10154,72.63694,339.57,0.57,0.43,2026-07-10,0805,N20,VIIRS,n,2.0NRT,293.19,11.38,D
21.10359,72.6478,337.12,0.57,0.43,2026-07-10,0805,N20,VIIRS,n,2.0NRT,293.1,7.98,D
21.10283,72.63608,348.22,0.38,0.43,2026-07-10,0805,N20,VIIRS,n,2.0NRT,294.41,15.91,D
21.10431,72.64424,335.08,0.57,0.43,2026-07-10,0805,N20,VIIRS,n,2.0NRT,294.86,7.35,D
21.1053,72.64967,336.23,0.57,0.43,2026-07-10,0805,N20,VIIRS,n,2.0NRT,293.24,7.35,D
22.3562,82.30133,334.48,0.54,0.42,2026-07-10,0805,N20,VIIRS,n,2.0NRT,292.41,6,D
31.15095,75.48215,334.51,0.38,0.36,2026-07-10,0807,N20,VIIRS,n,2.0NRT,299.61,1.85,D
31.04544,75.28044,332.58,0.38,0.36,2026-07-10,0807,N20,VIIRS,n,2.0NRT,298.83,1.92,D
31.01557,75.46362,335.78,0.38,0.36,2026-07-10,0807,N20,VIIRS,n,2.0NRT,299.95,1.88,D
30.92095,75.35497,344.13,0.38,0.36,2026-07-10,0807,N20,VIIRS,n,2.0NRT,302.24,9.68,D
30.9168,75.37228,336.52,0.38,0.36,2026-07-10,0807,N20,VIIRS,n,2.0NRT,298.78,2.79,D
30.90104,75.42482,334.52,0.38,0.36,2026-07-10,0807,N20,VIIRS,n,2.0NRT,299.92,1.87,D
30.91224,75.56654,343.92,0.38,0.36,2026-07-10,0807,N20,VIIRS,n,2.0NRT,301.85,4.15,D
30.91553,75.65636,345.26,0.39,0.36,2026-07-10,0807,N20,VIIRS,n,2.0NRT,303.26,4.26,D
30.68641,75.71434,345.98,0.38,0.36,2026-07-10,0807,N20,VIIRS,n,2.0NRT,299.99,6.06,D
25.75208,74.75655,339.56,0.41,0.37,2026-07-10,0807,N20,VIIRS,l,2.0NRT,308.52,30.34,D
31.20767,75.47513,336.76,0.38,0.36,2026-07-10,0807,N20,VIIRS,n,2.0NRT,300.61,2.54,D
31.23475,75.36227,338.39,0.38,0.36,2026-07-10,0807,N20,VIIRS,n,2.0NRT,298.9,2.55,D
31.53144,75.59608,331.99,0.39,0.36,2026-07-10,0807,N20,VIIRS,n,2.0NRT,301,3.49,D
31.13899,75.49283,342.72,0.38,0.36,2026-07-10,0807,N20,VIIRS,n,2.0NRT,300.06,4.03,D
31.13713,75.43546,335.39,0.38,0.36,2026-07-10,0807,N20,VIIRS,n,2.0NRT,299.33,2.69,D
31.15512,75.46479,332.62,0.38,0.36,2026-07-10,0807,N20,VIIRS,n,2.0NRT,298.66,1.87,D
24.76508,74.60714,311.16,0.47,0.4,2026-07-10,2032,N20,VIIRS,n,2.0NRT,290.82,0.99,N
23.99065,79.39346,304.36,0.4,0.37,2026-07-10,2032,N20,VIIRS,n,2.0NRT,285.28,0.96,N
22.36113,82.30374,299.08,0.54,0.42,2026-07-10,2032,N20,VIIRS,n,2.0NRT,266.39,0.67,N
22.35732,82.30294,295.09,0.54,0.42,2026-07-10,2032,N20,VIIRS,n,2.0NRT,264.48,0.67,N
15.18292,76.6693,316.85,0.39,0.36,2026-07-10,2034,N20,VIIRS,n,2.0NRT,291.37,1.58,N
21.10671,72.64048,311.3,0.54,0.42,2026-07-10,2034,N20,VIIRS,n,2.0NRT,289.55,7.1,N
21.10736,72.6353,306.55,0.54,0.42,2026-07-10,2034,N20,VIIRS,n,2.0NRT,289.62,7.1,N
21.10605,72.64565,336.72,0.54,0.42,2026-07-10,2034,N20,VIIRS,n,2.0NRT,291.52,7.77,N
21.11123,72.63589,308.2,0.54,0.42,2026-07-10,2034,N20,VIIRS,n,2.0NRT,290.39,3.29,N
21.33795,78.96796,303.45,0.4,0.37,2026-07-10,2034,N20,VIIRS,n,2.0NRT,285.64,0.54,N
22.93389,69.69581,307.39,0.57,0.52,2026-07-10,2034,N20,VIIRS,n,2.0NRT,293.29,3.91,N
22.92971,70.10858,309.31,0.54,0.51,2026-07-10,2034,N20,VIIRS,n,2.0NRT,293.17,3.46,N
21.79304,80.01843,304.99,0.43,0.38,2026-07-10,2034,N20,VIIRS,n,2.0NRT,290.41,1.81,N
15.16854,76.67416,311.56,0.39,0.36,2026-07-10,2034,N20,VIIRS,n,2.0NRT,290.85,1.04,N
15.16912,76.67059,305.88,0.39,0.36,2026-07-10,2034,N20,VIIRS,n,2.0NRT,290.99,1.67,N
15.17027,76.66343,328.69,0.39,0.36,2026-07-10,2034,N20,VIIRS,n,2.0NRT,290.38,2.77,N
15.17474,76.65684,310.29,0.39,0.36,2026-07-10,2034,N20,VIIRS,n,2.0NRT,291.77,0.95,N
15.17531,76.65325,308.57,0.39,0.36,2026-07-10,2034,N20,VIIRS,n,2.0NRT,290.61,0.95,N
15.17358,76.66399,320.15,0.39,0.36,2026-07-10,2034,N20,VIIRS,n,2.0NRT,292.01,2.77,N
15.17227,76.69321,307.57,0.39,0.36,2026-07-10,2034,N20,VIIRS,n,2.0NRT,290.45,1.35,N
15.17862,76.65382,307.16,0.39,0.36,2026-07-10,2034,N20,VIIRS,n,2.0NRT,291.11,2.23,N
15.17804,76.6574,338.12,0.39,0.36,2026-07-10,2034,N20,VIIRS,n,2.0NRT,292.96,2.23,N
14.70282,79.52593,305.6,0.49,0.4,2026-07-10,2034,N20,VIIRS,n,2.0NRT,278.1,0.87,N
15.18019,76.66514,307.14,0.39,0.36,2026-07-10,2034,N20,VIIRS,n,2.0NRT,291.41,2.19,N
15.17846,76.67589,328.11,0.39,0.36,2026-07-10,2034,N20,VIIRS,n,2.0NRT,292.76,3.52,N
15.1835,76.66571,324.9,0.39,0.36,2026-07-10,2034,N20,VIIRS,n,2.0NRT,290.5,2.48,N
15.18565,76.67345,307.56,0.39,0.36,2026-07-10,2034,N20,VIIRS,n,2.0NRT,290.48,1.58,N
15.17432,76.78582,302.63,0.39,0.36,2026-07-10,2034,N20,VIIRS,n,2.0NRT,285.55,0.58,N
15.35549,75.69152,305.17,0.38,0.36,2026-07-10,2034,N20,VIIRS,n,2.0NRT,282.76,0.78,N
15.18041,77.10278,302,0.4,0.37,2026-07-10,2034,N20,VIIRS,n,2.0NRT,285.72,0.25,N
15.33313,76.28447,303.64,0.39,0.36,2026-07-10,2034,N20,VIIRS,n,2.0NRT,285.29,0.79,N
15.05471,78.2,313.27,0.43,0.38,2026-07-10,2034,N20,VIIRS,n,2.0NRT,285.3,1.76,N
15.05732,78.19997,318.27,0.43,0.38,2026-07-10,2034,N20,VIIRS,n,2.0NRT,284,1.6,N
16.6478,74.31374,303.33,0.41,0.37,2026-07-10,2034,N20,VIIRS,n,2.0NRT,287.47,0.6,N
17.14146,77.18581,311.05,0.39,0.36,2026-07-10,2034,N20,VIIRS,n,2.0NRT,293.76,2.12,N
17.37133,77.4466,305.98,0.39,0.36,2026-07-10,2034,N20,VIIRS,n,2.0NRT,289.89,0.54,N
18.79699,74.24223,304.98,0.43,0.38,2026-07-10,2034,N20,VIIRS,n,2.0NRT,274.55,0.84,N
17.60847,83.20218,300.41,0.49,0.48,2026-07-10,2034,N20,VIIRS,n,2.0NRT,269.37,1.48,N
21.10229,72.63241,311.76,0.54,0.42,2026-07-10,2034,N20,VIIRS,n,2.0NRT,288.91,8.74,N
21.1016,72.63758,333.83,0.54,0.42,2026-07-10,2034,N20,VIIRS,n,2.0NRT,291.01,19.68,N
21.10547,72.63816,313.83,0.54,0.42,2026-07-10,2034,N20,VIIRS,n,2.0NRT,288.91,3.02,N
21.10616,72.63298,305.36,0.54,0.42,2026-07-10,2034,N20,VIIRS,n,2.0NRT,289.09,2.45,N
21.1041,72.64848,323.77,0.54,0.42,2026-07-10,2034,N20,VIIRS,n,2.0NRT,289.51,4.62,N
21.10479,72.64332,334.11,0.54,0.42,2026-07-10,2034,N20,VIIRS,n,2.0NRT,288.69,3.02,N
21.10796,72.64905,314.87,0.54,0.42,2026-07-10,2034,N20,VIIRS,n,2.0NRT,290.92,4.62,N
21.10865,72.64389,312.8,0.54,0.42,2026-07-10,2034,N20,VIIRS,n,2.0NRT,289.53,3.02,N
21.10934,72.63873,306.68,0.54,0.42,2026-07-10,2034,N20,VIIRS,n,2.0NRT,290.35,3.02,N
21.10219,72.64507,304.82,0.54,0.42,2026-07-10,2034,N20,VIIRS,n,2.0NRT,288.62,7.77,N
21.10284,72.6399,312.06,0.54,0.42,2026-07-10,2034,N20,VIIRS,n,2.0NRT,288.78,7.1,N
21.10349,72.63473,338.9,0.54,0.42,2026-07-10,2034,N20,VIIRS,n,2.0NRT,291.51,7.1,N
12.73663,80.20761,305.1,0.57,0.43,2026-07-10,2036,N20,VIIRS,n,2.0NRT,280.21,0.69,N
15.17161,76.38133,302.72,0.39,0.36,2026-07-10,2036,N20,VIIRS,n,2.0NRT,287.69,0.98,N
14.1132,79.08627,308.41,0.48,0.4,2026-07-10,2036,N20,VIIRS,n,2.0NRT,289.59,2.06,N
13.70976,79.61957,304.54,0.51,0.41,2026-07-10,2036,N20,VIIRS,n,2.0NRT,289.21,1.38,N
13.39232,80.10197,305.95,0.55,0.43,2026-07-10,2036,N20,VIIRS,n,2.0NRT,289.21,1.31,N
13.89956,76.5669,302.18,0.39,0.36,2026-07-10,2036,N20,VIIRS,n,2.0NRT,279.49,0.6,N
12.74039,80.20439,299.45,0.57,0.43,2026-07-10,2036,N20,VIIRS,n,2.0NRT,279.09,0.35,N
25.78445,93.40469,328.94,0.58,0.7,2026-07-11,0605,N20,VIIRS,n,2.0NRT,284.37,4.16,D
25.78108,93.40491,330.67,0.58,0.7,2026-07-11,0605,N20,VIIRS,n,2.0NRT,284.06,6.4,D
8.69392,78.05166,336.48,0.56,0.52,2026-07-11,0741,N20,VIIRS,n,2.0NRT,283.52,3.97,D
9.46393,78.72403,340.83,0.49,0.49,2026-07-11,0741,N20,VIIRS,n,2.0NRT,278,7.1,D
9.96009,78.2507,333.91,0.52,0.5,2026-07-11,0741,N20,VIIRS,n,2.0NRT,295.94,5.58,D
11.17843,79.4128,331.37,0.42,0.45,2026-07-11,0741,N20,VIIRS,n,2.0NRT,297.41,2.74,D
11.74334,79.75928,336.66,0.39,0.44,2026-07-11,0741,N20,VIIRS,n,2.0NRT,298.66,2.77,D
11.57639,78.7225,334.03,0.46,0.47,2026-07-11,0741,N20,VIIRS,n,2.0NRT,300.81,2.27,D
11.79325,79.71397,331.51,0.39,0.44,2026-07-11,0744,N20,VIIRS,n,2.0NRT,296.1,1.84,D
11.79091,79.71439,333.31,0.39,0.44,2026-07-11,0744,N20,VIIRS,n,2.0NRT,298.38,1.21,D
11.86832,79.73352,330,0.39,0.44,2026-07-11,0744,N20,VIIRS,n,2.0NRT,296.74,1.97,D
11.87231,79.73281,332.51,0.39,0.44,2026-07-11,0744,N20,VIIRS,n,2.0NRT,298.48,1.97,D
11.71896,78.73984,341.58,0.45,0.47,2026-07-11,0744,N20,VIIRS,n,2.0NRT,293.74,3.4,D
11.72321,78.73897,345.89,0.45,0.47,2026-07-11,0744,N20,VIIRS,n,2.0NRT,300.76,27.74,D
11.72251,78.73492,330.3,0.45,0.47,2026-07-11,0744,N20,VIIRS,n,2.0NRT,298.37,15.81,D
12.31659,79.46832,331.66,0.4,0.44,2026-07-11,0744,N20,VIIRS,n,2.0NRT,299.83,1.82,D
12.4314,80.05956,332.11,0.55,0.42,2026-07-11,0744,N20,VIIRS,n,2.0NRT,300.69,4.25,D
12.29122,79.10666,343.57,0.42,0.45,2026-07-11,0744,N20,VIIRS,n,2.0NRT,300.64,11.47,D
12.29055,79.10284,340.16,0.42,0.45,2026-07-11,0744,N20,VIIRS,n,2.0NRT,302.23,8.98,D
12.48351,79.94187,336.45,0.56,0.43,2026-07-11,0744,N20,VIIRS,n,2.0NRT,295.21,5.77,D
12.36428,78.99956,331.63,0.42,0.46,2026-07-11,0744,N20,VIIRS,n,2.0NRT,299.14,1.76,D
12.52015,79.5864,337.53,0.39,0.44,2026-07-11,0744,N20,VIIRS,n,2.0NRT,300.32,3.14,D
12.43209,78.54462,341.92,0.45,0.47,2026-07-11,0744,N20,VIIRS,n,2.0NRT,297.17,3.22,D
12.43636,78.54385,342.01,0.45,0.47,2026-07-11,0744,N20,VIIRS,n,2.0NRT,297.61,3.22,D
12.83618,79.95189,330.61,0.55,0.43,2026-07-11,0744,N20,VIIRS,l,2.0NRT,301.05,5.94,D
12.89473,79.47385,343.11,0.39,0.44,2026-07-11,0744,N20,VIIRS,n,2.0NRT,303.5,6.57,D
12.95612,79.73579,336.81,0.56,0.43,2026-07-11,0744,N20,VIIRS,n,2.0NRT,302.57,7.04,D
12.92722,79.01223,331.5,0.41,0.45,2026-07-11,0744,N20,VIIRS,n,2.0NRT,299.68,3.09,D
13.1934,78.69373,332.73,0.43,0.46,2026-07-11,0744,N20,VIIRS,n,2.0NRT,297.36,3.6,D
13.20097,77.77564,330.12,0.49,0.49,2026-07-11,0744,N20,VIIRS,n,2.0NRT,297.3,4.28,D
14.21319,79.18053,332.06,0.39,0.44,2026-07-11,0744,N20,VIIRS,n,2.0NRT,301.9,2.9,D
15.10302,78.60454,348.78,0.41,0.45,2026-07-11,0744,N20,VIIRS,n,2.0NRT,290.11,7.5,D
15.41595,80.02957,340.38,0.5,0.41,2026-07-11,0744,N20,VIIRS,n,2.0NRT,305.02,1.75,D
15.10905,78.01537,332.01,0.44,0.46,2026-07-11,0744,N20,VIIRS,n,2.0NRT,284.75,3.14,D
15.11696,76.05678,345.16,0.59,0.53,2026-07-11,0744,N20,VIIRS,n,2.0NRT,295.53,6.85,D
16.42053,81.49332,341.13,0.42,0.38,2026-07-11,0744,N20,VIIRS,n,2.0NRT,298.96,8.22,D
17.60883,83.20398,335.58,0.38,0.36,2026-07-11,0744,N20,VIIRS,n,2.0NRT,300.72,3.96,D
23.64562,69.81094,330.14,0.5,0.66,2026-07-11,0746,N20,VIIRS,n,2.0NRT,295.93,2.16,D
25.56656,75.42664,335.58,0.42,0.45,2026-07-11,0746,N20,VIIRS,n,2.0NRT,298.62,2.99,D
25.21572,72.78812,330.5,0.61,0.53,2026-07-11,0746,N20,VIIRS,n,2.0NRT,297.54,3.07,D
21.24567,79.22427,308.46,0.44,0.38,2026-07-11,2014,N20,VIIRS,n,2.0NRT,292.75,2.44,N
27.37484,77.69215,306.77,0.41,0.45,2026-07-11,2014,N20,VIIRS,n,2.0NRT,290.36,1.24,N
27.42933,70.56219,316.31,0.56,0.69,2026-07-11,2014,N20,VIIRS,n,2.0NRT,294.88,2.34,N
27.42726,70.56186,311.7,0.56,0.69,2026-07-11,2014,N20,VIIRS,n,2.0NRT,294.6,2.24,N
23.78087,86.39012,312.6,0.47,0.4,2026-07-11,2014,N20,VIIRS,n,2.0NRT,286.81,3.18,N
23.6668,86.91991,305.86,0.5,0.41,2026-07-11,2014,N20,VIIRS,n,2.0NRT,286.86,1.08,N
23.66591,86.91761,307.52,0.5,0.41,2026-07-11,2014,N20,VIIRS,n,2.0NRT,286.64,1.67,N
23.73826,86.43594,302.52,0.48,0.4,2026-07-11,2014,N20,VIIRS,n,2.0NRT,281.85,0.47,N
23.55935,87.24049,329.88,0.53,0.42,2026-07-11,2014,N20,VIIRS,n,2.0NRT,288.48,3.61,N
23.5584,87.24557,307.93,0.53,0.42,2026-07-11,2014,N20,VIIRS,n,2.0NRT,288.25,3.61,N
23.56131,87.08421,306.14,0.52,0.41,2026-07-11,2014,N20,VIIRS,n,2.0NRT,281.09,2.13,N
24.52898,81.16883,303.4,0.4,0.37,2026-07-11,2014,N20,VIIRS,n,2.0NRT,288.97,0.44,N
23.75817,85.85487,305.08,0.45,0.39,2026-07-11,2014,N20,VIIRS,n,2.0NRT,287.54,2.17,N
23.65582,85.50819,309.38,0.44,0.38,2026-07-11,2014,N20,VIIRS,n,2.0NRT,287.32,1.73,N
24.32634,81.32942,308.42,0.4,0.37,2026-07-11,2014,N20,VIIRS,n,2.0NRT,288.38,1.01,N
23.64688,85.43651,302.69,0.43,0.38,2026-07-11,2014,N20,VIIRS,n,2.0NRT,283.58,0.87,N
23.64614,85.44072,299,0.43,0.38,2026-07-11,2014,N20,VIIRS,n,2.0NRT,283.16,0.87,N
23.6634,85.00038,307.53,0.42,0.38,2026-07-11,2014,N20,VIIRS,n,2.0NRT,289.58,0.9,N
24.05248,80.61337,306.97,0.42,0.37,2026-07-11,2014,N20,VIIRS,n,2.0NRT,292.77,1.18,N
23.16661,82.34296,325.69,0.38,0.36,2026-07-11,2014,N20,VIIRS,n,2.0NRT,292.71,1.59,N
23.16719,82.33925,314.52,0.38,0.36,2026-07-11,2014,N20,VIIRS,n,2.0NRT,291.76,1.59,N
23.1639,82.33865,322.59,0.38,0.36,2026-07-11,2014,N20,VIIRS,n,2.0NRT,292.21,1.59,N
23.16448,82.33493,308.93,0.38,0.36,2026-07-11,2014,N20,VIIRS,n,2.0NRT,291.33,0.99,N
23.16332,82.34236,308.96,0.38,0.36,2026-07-11,2014,N20,VIIRS,n,2.0NRT,291.54,1.59,N
22.33203,82.60455,313.36,0.38,0.36,2026-07-11,2014,N20,VIIRS,n,2.0NRT,291.34,1.21,N
22.32874,82.60394,306.68,0.38,0.36,2026-07-11,2014,N20,VIIRS,n,2.0NRT,291.76,1.24,N
22.33006,82.53193,305.38,0.38,0.36,2026-07-11,2014,N20,VIIRS,n,2.0NRT,291.14,0.79,N
22.32148,82.56456,315.24,0.38,0.36,2026-07-11,2014,N20,VIIRS,n,2.0NRT,292.67,2.24,N
22.35974,82.30182,337.13,0.38,0.36,2026-07-11,2014,N20,VIIRS,n,2.0NRT,292.41,4.67,N
22.32114,82.54549,315.28,0.38,0.36,2026-07-11,2014,N20,VIIRS,n,2.0NRT,291.6,2.49,N
22.35645,82.30122,330.7,0.38,0.36,2026-07-11,2014,N20,VIIRS,n,2.0NRT,291.12,2.39,N
22.35587,82.30492,310.15,0.38,0.36,2026-07-11,2014,N20,VIIRS,n,2.0NRT,291.79,2.39,N
22.3155,82.55966,308.16,0.38,0.36,2026-07-11,2014,N20,VIIRS,n,2.0NRT,292.05,1.2,N
22.31633,82.5332,307.11,0.38,0.36,2026-07-11,2014,N20,VIIRS,n,2.0NRT,291.68,1.32,N
22.31304,82.53261,306.56,0.38,0.36,2026-07-11,2014,N20,VIIRS,n,2.0NRT,291.08,1.45,N
22.03779,83.35039,310.84,0.39,0.36,2026-07-11,2014,N20,VIIRS,n,2.0NRT,284.48,2.53,N
21.98546,83.23327,315.85,0.39,0.36,2026-07-11,2014,N20,VIIRS,n,2.0NRT,291.61,2.59,N
22.00538,82.67103,315.71,0.39,0.36,2026-07-11,2014,N20,VIIRS,n,2.0NRT,290.38,2.95,N
21.76434,83.84809,301.91,0.4,0.37,2026-07-11,2014,N20,VIIRS,n,2.0NRT,279.91,1.26,N
21.75493,83.84231,308.96,0.4,0.37,2026-07-11,2014,N20,VIIRS,n,2.0NRT,281.06,1.02,N
21.33593,78.96722,315.07,0.45,0.39,2026-07-11,2014,N20,VIIRS,n,2.0NRT,293.18,1.36,N
21.33532,78.97157,305.28,0.45,0.39,2026-07-11,2014,N20,VIIRS,n,2.0NRT,292.85,1.21,N
21.25155,79.20792,316.65,0.44,0.39,2026-07-11,2014,N20,VIIRS,n,2.0NRT,289.43,1.6,N
21.24803,79.20734,312.47,0.44,0.39,2026-07-11,2014,N20,VIIRS,n,2.0NRT,290.53,1.9,N
21.462,72.10313,305.86,0.39,0.59,2026-07-11,2014,N20,VIIRS,n,2.0NRT,291.79,0.55,N
21.10572,72.64566,347.07,0.35,0.57,2026-07-11,2014,N20,VIIRS,n,2.0NRT,292.71,6.47,N
21.10678,72.63536,309.86,0.36,0.57,2026-07-11,2014,N20,VIIRS,n,2.0NRT,291.4,3.43,N
21.10608,72.64223,308.6,0.36,0.57,2026-07-11,2014,N20,VIIRS,n,2.0NRT,291.15,3.85,N
21.10152,72.63474,341.22,0.36,0.57,2026-07-11,2014,N20,VIIRS,n,2.0NRT,290.78,3.43,N
21.10117,72.63817,308.22,0.36,0.57,2026-07-11,2014,N20,VIIRS,n,2.0NRT,290.6,3.85,N
9.32229,79.31999,308.02,0.38,0.36,2026-07-11,2017,N20,VIIRS,n,2.0NRT,290.83,0.26,N
8.67076,77.99223,307.53,0.39,0.36,2026-07-11,2017,N20,VIIRS,n,2.0NRT,294.21,0.59,N
19.09047,82.16717,300.41,0.39,0.36,2026-07-11,2017,N20,VIIRS,n,2.0NRT,286.51,1.66,N
18.73728,78.92812,307.46,0.43,0.38,2026-07-11,2017,N20,VIIRS,n,2.0NRT,289.3,2.24,N
17.61137,83.20512,307.41,0.41,0.37,2026-07-11,2017,N20,VIIRS,n,2.0NRT,272.1,0.83,N
17.60798,83.20449,302.84,0.41,0.37,2026-07-11,2017,N20,VIIRS,n,2.0NRT,272.5,0.83,N
17.95548,80.78621,317.62,0.39,0.36,2026-07-11,2017,N20,VIIRS,n,2.0NRT,293.48,2.05,N
17.95492,80.78982,307.53,0.39,0.36,2026-07-11,2017,N20,VIIRS,n,2.0NRT,292.54,2.05,N
17.9528,80.75981,309.48,0.39,0.36,2026-07-11,2017,N20,VIIRS,n,2.0NRT,291.22,1.76,N
17.46296,80.65247,307.13,0.39,0.36,2026-07-11,2017,N20,VIIRS,n,2.0NRT,287.27,0.87,N
17.22436,79.17484,324.22,0.41,0.37,2026-07-11,2017,N20,VIIRS,n,2.0NRT,288.89,1.53,N
17.08333,79.32426,305.15,0.41,0.37,2026-07-11,2017,N20,VIIRS,n,2.0NRT,289.16,1.53,N
15.80592,79.05348,310.27,0.41,0.37,2026-07-11,2017,N20,VIIRS,n,2.0NRT,291.65,1.91,N
15.65796,73.98801,304.71,0.49,0.49,2026-07-11,2017,N20,VIIRS,n,2.0NRT,291.74,0.8,N
15.33565,76.28386,303.11,0.53,0.42,2026-07-11,2017,N20,VIIRS,n,2.0NRT,291.13,1.48,N
15.22613,76.76215,327.86,0.5,0.41,2026-07-11,2017,N20,VIIRS,n,2.0NRT,293.91,2.36,N
15.30161,76.21863,302.71,0.53,0.42,2026-07-11,2017,N20,VIIRS,n,2.0NRT,291.44,0.56,N
15.17781,77.10471,304.67,0.48,0.4,2026-07-11,2017,N20,VIIRS,n,2.0NRT,293.14,0.91,N
15.17478,77.09974,304.65,0.48,0.4,2026-07-11,2017,N20,VIIRS,n,2.0NRT,293.01,0.91,N
15.025,78.01642,307.54,0.43,0.38,2026-07-11,2017,N20,VIIRS,n,2.0NRT,288.81,1.94,N
15.18231,76.66575,332.33,0.5,0.41,2026-07-11,2017,N20,VIIRS,n,2.0NRT,294.24,5.67,N
15.18358,76.65644,305.45,0.5,0.41,2026-07-11,2017,N20,VIIRS,n,2.0NRT,293.28,2.21,N
14.84024,79.05467,314.33,0.4,0.37,2026-07-11,2017,N20,VIIRS,n,2.0NRT,293.87,2.92,N
15.1754,76.78474,304.29,0.5,0.41,2026-07-11,2017,N20,VIIRS,n,2.0NRT,292.65,0.81,N
15.18451,76.66814,326.59,0.5,0.41,2026-07-11,2017,N20,VIIRS,n,2.0NRT,293.54,2.8,N
15.18276,76.65366,305.59,0.5,0.41,2026-07-11,2017,N20,VIIRS,n,2.0NRT,293.19,1.76,N
15.18077,76.6676,309.28,0.5,0.41,2026-07-11,2017,N20,VIIRS,n,2.0NRT,293.89,2.8,N
15.17901,76.65311,305.8,0.5,0.41,2026-07-11,2017,N20,VIIRS,n,2.0NRT,293.55,1.11,N
15.17835,76.65777,314.85,0.5,0.41,2026-07-11,2017,N20,VIIRS,n,2.0NRT,294.64,2.33,N
15.1757,76.67636,315.84,0.5,0.41,2026-07-11,2017,N20,VIIRS,n,2.0NRT,293.6,2.21,N
15.17371,76.69033,310.81,0.5,0.41,2026-07-11,2017,N20,VIIRS,n,2.0NRT,293.1,1.75,N
15.17527,76.65258,310.54,0.5,0.41,2026-07-11,2017,N20,VIIRS,n,2.0NRT,292.61,1.11,N
15.17461,76.65723,307.87,0.5,0.41,2026-07-11,2017,N20,VIIRS,n,2.0NRT,293.85,2.33,N
8.86807,78.12141,310.43,0.39,0.36,2026-07-11,2017,N20,VIIRS,n,2.0NRT,294.85,0.73,N
15.16887,76.67067,307.57,0.5,0.41,2026-07-11,2017,N20,VIIRS,n,2.0NRT,293.12,1.44,N
15.13683,76.70848,304.25,0.5,0.41,2026-07-11,2017,N20,VIIRS,n,2.0NRT,292.49,1,N
15.06922,76.86649,306.26,0.49,0.4,2026-07-11,2017,N20,VIIRS,n,2.0NRT,293.34,1.33,N
14.8432,77.74998,306.04,0.44,0.39,2026-07-11,2017,N20,VIIRS,n,2.0NRT,293.45,0.87,N
14.64202,77.56651,307.48,0.45,0.39,2026-07-11,2017,N20,VIIRS,n,2.0NRT,293.54,1.03,N
14.57511,77.37846,303.9,0.46,0.39,2026-07-11,2017,N20,VIIRS,n,2.0NRT,292.52,0.46,N
14.36965,77.84405,312.2,0.43,0.38,2026-07-11,2017,N20,VIIRS,n,2.0NRT,293.5,1.49,N
13.39136,80.10299,304.35,0.38,0.36,2026-07-11,2017,N20,VIIRS,n,2.0NRT,278.38,0.56,N
13.89859,76.56676,305.96,0.49,0.4,2026-07-11,2017,N20,VIIRS,n,2.0NRT,291.32,1.01,N
13.90024,76.56494,304.71,0.49,0.4,2026-07-11,2017,N20,VIIRS,n,2.0NRT,291.01,0.94,N
13.64548,78.09531,306.4,0.42,0.38,2026-07-11,2017,N20,VIIRS,n,2.0NRT,283.42,0.72,N
12.95612,79.7763,299.89,0.38,0.36,2026-07-11,2017,N20,VIIRS,n,2.0NRT,271.67,0.46,N
12.85055,79.90685,320.25,0.38,0.36,2026-07-11,2017,N20,VIIRS,n,2.0NRT,273.29,1.79,N
12.8511,79.90334,311.37,0.38,0.36,2026-07-11,2017,N20,VIIRS,n,2.0NRT,273.13,1.6,N
12.74739,77.61778,307.59,0.43,0.38,2026-07-11,2017,N20,VIIRS,n,2.0NRT,290.21,1.33,N
12.74681,77.62168,316.15,0.43,0.38,2026-07-11,2017,N20,VIIRS,n,2.0NRT,291.05,1.33,N
12.29365,79.94518,304.33,0.38,0.36,2026-07-11,2017,N20,VIIRS,n,2.0NRT,279.35,0.61,N
11.8163,77.91652,325.51,0.41,0.37,2026-07-11,2019,N20,VIIRS,n,2.0NRT,289.48,2.66,N
11.42077,77.96315,324.05,0.41,0.37,2026-07-11,2019,N20,VIIRS,n,2.0NRT,290.26,1.29,N
11.4199,77.96355,320.76,0.41,0.37,2026-07-11,2019,N20,VIIRS,n,2.0NRT,290.24,1.2,N
10.92822,77.06459,301.9,0.44,0.38,2026-07-11,2019,N20,VIIRS,n,2.0NRT,290.53,0.72,N
8.89624,78.07236,330.05,0.59,0.7,2026-07-12,0724,N20,VIIRS,n,2.0NRT,291.32,3.08,D
10.52449,77.63628,330.26,0.59,0.7,2026-07-12,0724,N20,VIIRS,n,2.0NRT,290.78,3.27,D
11.93248,79.59513,334.69,0.41,0.61,2026-07-12,0724,N20,VIIRS,n,2.0NRT,284.63,2.88,D
12.24389,79.78957,348.99,0.39,0.59,2026-07-12,0724,N20,VIIRS,n,2.0NRT,294.53,4.55,D
12.34331,79.45071,350.06,0.41,0.61,2026-07-12,0724,N20,VIIRS,n,2.0NRT,297.09,6.42,D
12.3426,79.44701,330.88,0.41,0.61,2026-07-12,0724,N20,VIIRS,n,2.0NRT,297.2,5.1,D
12.43223,79.77037,330.51,0.39,0.59,2026-07-12,0724,N20,VIIRS,n,2.0NRT,299.94,1.66,D
13.21193,80.25438,333.79,0.35,0.57,2026-07-12,0724,N20,VIIRS,n,2.0NRT,290.74,2.43,D
14.22615,79.49397,332.77,0.38,0.58,2026-07-12,0724,N20,VIIRS,n,2.0NRT,279.3,2.85,D
14.22407,79.49344,334,0.38,0.58,2026-07-12,0724,N20,VIIRS,n,2.0NRT,279.38,2.89,D
14.88001,79.70701,330.86,0.35,0.57,2026-07-12,0726,N20,VIIRS,n,2.0NRT,283.9,1.37,D
14.36917,76.82918,330.06,0.56,0.69,2026-07-12,0726,N20,VIIRS,n,2.0NRT,284.84,2.3,D
15.07656,78.36164,331.71,0.43,0.62,2026-07-12,0726,N20,VIIRS,n,2.0NRT,282.87,3.91,D
15.07957,78.36131,330.02,0.43,0.62,2026-07-12,0726,N20,VIIRS,n,2.0NRT,282.84,3.53,D
15.68061,80.074,331.14,0.32,0.55,2026-07-12,0726,N20,VIIRS,n,2.0NRT,283.93,1.23,D
17.06132,81.85966,336.44,0.47,0.47,2026-07-12,0726,N20,VIIRS,n,2.0NRT,297.2,4.5,D
17.05843,81.86024,337.58,0.47,0.47,2026-07-12,0726,N20,VIIRS,n,2.0NRT,296.55,4.63,D
17.50062,82.98792,331.97,0.39,0.44,2026-07-12,0726,N20,VIIRS,n,2.0NRT,298.51,2.5,D
17.43743,82.59957,336.85,0.41,0.45,2026-07-12,0726,N20,VIIRS,n,2.0NRT,296.65,4.18,D
17.25017,81.36318,331.13,0.5,0.49,2026-07-12,0726,N20,VIIRS,n,2.0NRT,294.5,3.4,D
17.35731,80.88117,335.46,0.53,0.5,2026-07-12,0726,N20,VIIRS,n,2.0NRT,294.47,7.33,D
17.35635,80.87624,340.31,0.53,0.5,2026-07-12,0726,N20,VIIRS,n,2.0NRT,292.54,7.33,D
17.80815,79.12128,333.93,0.34,0.56,2026-07-12,0726,N20,VIIRS,n,2.0NRT,290.71,2.34,D
18.56788,82.56406,334.96,0.4,0.44,2026-07-12,0726,N20,VIIRS,n,2.0NRT,292.75,4.27,D
18.28537,79.22456,331.55,0.33,0.55,2026-07-12,0726,N20,VIIRS,n,2.0NRT,294.56,2.76,D
20.96389,86.00638,331.94,0.4,0.37,2026-07-12,0726,N20,VIIRS,n,2.0NRT,285.51,5.43,D
21.1974,81.41872,342.85,0.42,0.45,2026-07-12,0726,N20,VIIRS,n,2.0NRT,294.86,16.41,D
25.49663,74.09119,334.67,0.49,0.65,2026-07-12,0729,N20,VIIRS,n,2.0NRT,297.02,3.17,D
12.95489,77.98891,333.69,0.78,0.78,2026-07-12,0905,N20,VIIRS,n,2.0NRT,290.71,5.9,D
12.9579,77.9895,334.39,0.78,0.78,2026-07-12,0905,N20,VIIRS,n,2.0NRT,289.49,4.07,D
23.14314,70.8102,333.08,0.34,0.56,2026-07-12,0907,N20,VIIRS,n,2.0NRT,295.01,2.42,D
23.14394,70.80876,333.42,0.35,0.56,2026-07-12,0907,N20,VIIRS,n,2.0NRT,295.23,2.65,D
24.20532,82.71123,306.93,0.55,0.42,2026-07-12,1953,N20,VIIRS,n,2.0NRT,284.56,1,N
24.20142,82.71072,303.19,0.55,0.42,2026-07-12,1953,N20,VIIRS,n,2.0NRT,283.3,1,N
24.18345,82.66455,305.73,0.55,0.43,2026-07-12,1953,N20,VIIRS,n,2.0NRT,285.76,1.89,N
24.17699,82.65263,304.92,0.55,0.43,2026-07-12,1953,N20,VIIRS,n,2.0NRT,286.74,1.6,N
24.32787,81.32723,306.14,0.44,0.46,2026-07-12,1953,N20,VIIRS,n,2.0NRT,287.95,1.14,N
24.16403,82.62897,304.98,0.55,0.43,2026-07-12,1953,N20,VIIRS,n,2.0NRT,288.06,2.05,N
24.15963,82.56762,302.56,0.56,0.43,2026-07-12,1953,N20,VIIRS,n,2.0NRT,285.67,0.52,N
24.14836,82.65919,318.71,0.55,0.43,2026-07-12,1953,N20,VIIRS,n,2.0NRT,284.59,2.98,N
24.14979,82.58284,312.66,0.55,0.43,2026-07-12,1953,N20,VIIRS,n,2.0NRT,287.46,1.7,N
24.24283,78.16224,304.35,0.35,0.56,2026-07-12,1955,N20,VIIRS,n,2.0NRT,292.25,0.97,N
23.16672,82.33959,319.46,0.56,0.43,2026-07-12,1955,N20,VIIRS,n,2.0NRT,289.65,2.1,N
23.16603,82.34498,305.39,0.56,0.43,2026-07-12,1955,N20,VIIRS,n,2.0NRT,289.17,2.1,N
22.36093,82.30424,311.33,0.55,0.42,2026-07-12,1955,N20,VIIRS,n,2.0NRT,288.85,2.09,N
22.35704,82.30363,315.9,0.55,0.42,2026-07-12,1955,N20,VIIRS,n,2.0NRT,289.03,2.09,N
21.33579,78.96908,309.63,0.57,0.52,2026-07-12,1955,N20,VIIRS,n,2.0NRT,289.75,1.75,N
21.3351,78.96714,309.22,0.57,0.52,2026-07-12,1955,N20,VIIRS,n,2.0NRT,289.93,1.2,N
21.2502,79.21097,307.91,0.54,0.51,2026-07-12,1955,N20,VIIRS,n,2.0NRT,286.8,1.77,N
21.46408,72.08357,310.49,0.79,0.78,2026-07-12,1955,N20,VIIRS,n,2.0NRT,274.72,4.16,N
19.81113,79.34153,315.22,0.51,0.49,2026-07-12,1955,N20,VIIRS,n,2.0NRT,282.15,1.73,N
19.8105,79.30667,307.96,0.51,0.5,2026-07-12,1955,N20,VIIRS,n,2.0NRT,285.82,1.7,N
18.71572,79.54065,298.49,0.48,0.48,2026-07-12,1955,N20,VIIRS,n,2.0NRT,274.32,1.17,N
16.87594,80.1206,306.49,0.42,0.45,2026-07-12,1955,N20,VIIRS,n,2.0NRT,289.2,1.88,N
17.1439,77.18414,303.98,0.33,0.55,2026-07-12,1955,N20,VIIRS,n,2.0NRT,288.51,0.24,N
9.55919,78.7729,327.97,0.41,0.45,2026-07-12,1957,N20,VIIRS,n,2.0NRT,294.45,2.16,N
15.39478,79.49174,309.76,0.44,0.46,2026-07-12,1957,N20,VIIRS,n,2.0NRT,293.73,3.99,N
15.05487,79.22952,308.12,0.45,0.47,2026-07-12,1957,N20,VIIRS,n,2.0NRT,294.1,0.83,N
15.05063,79.22858,318.28,0.45,0.47,2026-07-12,1957,N20,VIIRS,n,2.0NRT,294.68,1.83,N
15.18397,76.66664,319.84,0.33,0.56,2026-07-12,1957,N20,VIIRS,n,2.0NRT,280.73,2.43,N
15.18289,76.67597,305.81,0.33,0.56,2026-07-12,1957,N20,VIIRS,n,2.0NRT,279.2,2.04,N
15.18027,76.65357,303.48,0.34,0.56,2026-07-12,1957,N20,VIIRS,n,2.0NRT,281.35,1.22,N
15.17992,76.65668,301.94,0.34,0.56,2026-07-12,1957,N20,VIIRS,n,2.0NRT,281.4,1.27,N
15.02153,78.01353,306.52,0.54,0.51,2026-07-12,1957,N20,VIIRS,n,2.0NRT,292.93,1.02,N
15.18469,76.67806,302.23,0.33,0.56,2026-07-12,1957,N20,VIIRS,n,2.0NRT,278.86,0.37,N
15.18109,76.66503,309.75,0.33,0.56,2026-07-12,1957,N20,VIIRS,n,2.0NRT,280.97,1.41,N
15.18072,76.66813,303.06,0.33,0.56,2026-07-12,1957,N20,VIIRS,n,2.0NRT,280.71,1.08,N
15.17711,76.65511,308.27,0.33,0.56,2026-07-12,1957,N20,VIIRS,n,2.0NRT,282.48,0.79,N
15.17673,76.65821,300.81,0.33,0.56,2026-07-12,1957,N20,VIIRS,n,2.0NRT,282.25,0.79,N
15.17387,76.37625,300.42,0.35,0.57,2026-07-12,1957,N20,VIIRS,n,2.0NRT,286.8,0.91,N
15.06948,76.86538,303.88,0.32,0.55,2026-07-12,1957,N20,VIIRS,n,2.0NRT,288.16,1.15,N
14.76711,79.18311,308.59,0.45,0.47,2026-07-12,1957,N20,VIIRS,n,2.0NRT,292.57,4.2,N
14.76382,79.17464,320.26,0.45,0.47,2026-07-12,1957,N20,VIIRS,n,2.0NRT,293.85,4.83,N
14.76844,79.18478,313.34,0.45,0.47,2026-07-12,1957,N20,VIIRS,n,2.0NRT,293.24,1.31,N
14.76574,79.17242,310.87,0.45,0.47,2026-07-12,1957,N20,VIIRS,n,2.0NRT,292.81,0.59,N
14.76521,79.17631,314.06,0.45,0.47,2026-07-12,1957,N20,VIIRS,n,2.0NRT,293.39,1.28,N
14.76415,79.18421,317.66,0.45,0.47,2026-07-12,1957,N20,VIIRS,n,2.0NRT,293.19,1.31,N
13.70874,79.62073,306.75,0.41,0.45,2026-07-12,1957,N20,VIIRS,n,2.0NRT,289.56,1.92,N
13.64128,79.48057,338.05,0.42,0.45,2026-07-12,1957,N20,VIIRS,n,2.0NRT,291.78,4.66,N
13.63715,79.47998,323.51,0.42,0.45,2026-07-12,1957,N20,VIIRS,n,2.0NRT,289.75,4.66,N
13.56536,79.60603,307.71,0.41,0.45,2026-07-12,1957,N20,VIIRS,n,2.0NRT,290.42,2.38,N
13.38975,80.27556,314.49,0.55,0.43,2026-07-12,1957,N20,VIIRS,n,2.0NRT,282.38,2.02,N
13.38583,80.27499,311.16,0.55,0.43,2026-07-12,1957,N20,VIIRS,n,2.0NRT,280.94,2.02,N
13.39368,80.10258,306.91,0.57,0.43,2026-07-12,1957,N20,VIIRS,n,2.0NRT,291.04,3.3,N
13.57385,78.52839,300.02,0.48,0.48,2026-07-12,1957,N20,VIIRS,n,2.0NRT,282.92,0.56,N
12.18584,79.92705,309.85,0.56,0.43,2026-07-12,1957,N20,VIIRS,n,2.0NRT,295.25,2.83,N
12.18654,79.92493,310.85,0.56,0.43,2026-07-12,1957,N20,VIIRS,n,2.0NRT,295.36,2.95,N
12.53856,76.88879,300.35,0.6,0.53,2026-07-12,1957,N20,VIIRS,n,2.0NRT,290.01,0.47,N
10.99217,77.3271,305.42,0.53,0.5,2026-07-12,1957,N20,VIIRS,n,2.0NRT,292.41,1.17,N
23.49741,68.57955,303.53,0.45,0.47,2026-07-12,2136,N20,VIIRS,n,2.0NRT,290.19,1.04,N
21.10567,72.64745,319.08,0.46,0.63,2026-07-12,2136,N20,VIIRS,n,2.0NRT,290.02,2.28,N
21.10665,72.64317,309.14,0.46,0.63,2026-07-12,2136,N20,VIIRS,n,2.0NRT,289.56,2.28,N
23.06632,75.37764,297.88,0.62,0.71,2026-07-12,2136,N20,VIIRS,n,2.0NRT,283.94,1.69,N
22.41734,69.04002,305.51,0.51,0.49,2026-07-12,2136,N20,VIIRS,n,2.0NRT,292.28,1.51,N
18.68276,73.0336,299.69,0.54,0.68,2026-07-12,2138,N20,VIIRS,n,2.0NRT,283.75,2.39,N
15.65613,73.98821,297.87,0.73,0.76,2026-07-12,2138,N20,VIIRS,n,2.0NRT,285.17,1.85,N
18.68187,73.04217,302.5,0.55,0.68,2026-07-12,2138,N20,VIIRS,n,2.0NRT,287.17,1.49,N
18.683,73.03712,302.75,0.55,0.68,2026-07-12,2138,N20,VIIRS,n,2.0NRT,286.44,1.49,N
18.68046,73.04364,302.95,0.55,0.68,2026-07-12,2138,N20,VIIRS,n,2.0NRT,287.23,2.31,N
15.44864,79.31201,330.01,0.76,0.77,2026-07-13,0705,N20,VIIRS,n,2.0NRT,291.87,4.51,D
20.86461,84.98956,333.1,0.5,0.49,2026-07-13,0707,N20,VIIRS,n,2.0NRT,292,3,D
20.97068,85.17537,331.15,0.49,0.48,2026-07-13,0707,N20,VIIRS,n,2.0NRT,295.07,4.1,D
20.97159,85.18,330.19,0.49,0.48,2026-07-13,0707,N20,VIIRS,n,2.0NRT,292.68,4.1,D
20.96539,85.17175,334.6,0.49,0.48,2026-07-13,0707,N20,VIIRS,n,2.0NRT,295.86,7.52,D
20.9663,85.17638,331.6,0.49,0.48,2026-07-13,0707,N20,VIIRS,n,2.0NRT,294.99,8.51,D
23.82669,84.57101,326.51,0.47,0.48,2026-07-13,0707,N20,VIIRS,n,2.0NRT,287.26,9.57,D
20.97663,85.13534,330.87,0.49,0.49,2026-07-13,0707,N20,VIIRS,n,2.0NRT,295.18,3.85,D
8.86864,77.8896,341.39,0.32,0.55,2026-07-13,0843,N20,VIIRS,n,2.0NRT,302.76,1.54,D
8.86955,77.89191,349.47,0.32,0.55,2026-07-13,0843,N20,VIIRS,n,2.0NRT,302.93,3.43,D
8.83516,77.82707,343.63,0.64,0.54,2026-07-13,0843,N20,VIIRS,n,2.0NRT,303.85,27.03,D
8.86902,77.89256,335.44,0.32,0.55,2026-07-13,0843,N20,VIIRS,n,2.0NRT,302.78,1.54,D
11.31953,78.58296,367,0.39,0.59,2026-07-13,0845,N20,VIIRS,h,2.0NRT,299.38,50.31,D
11.31904,78.57916,350.38,0.39,0.59,2026-07-13,0845,N20,VIIRS,n,2.0NRT,296.83,30.68,D
11.32053,78.58149,351.4,0.39,0.59,2026-07-13,0845,N20,VIIRS,n,2.0NRT,304.25,59.18,D
11.32008,78.57775,330.35,0.39,0.59,2026-07-13,0845,N20,VIIRS,n,2.0NRT,294.67,24.42,D
12.4411,79.0306,331.1,0.43,0.62,2026-07-13,0845,N20,VIIRS,n,2.0NRT,292.86,3.23,D
12.44302,79.02996,332.47,0.43,0.62,2026-07-13,0845,N20,VIIRS,n,2.0NRT,293.06,3.77,D
12.66795,80.18925,336.11,0.52,0.67,2026-07-13,0845,N20,VIIRS,n,2.0NRT,297.66,4.98,D
12.66774,80.18936,337.6,0.52,0.67,2026-07-13,0845,N20,VIIRS,n,2.0NRT,297.44,5.53,D
12.74788,80.23463,333.24,0.52,0.67,2026-07-13,0845,N20,VIIRS,n,2.0NRT,295.85,3.48,D
12.65957,79.47225,339.32,0.46,0.64,2026-07-13,0845,N20,VIIRS,n,2.0NRT,300.52,3.85,D
12.6703,79.31519,332.36,0.45,0.63,2026-07-13,0845,N20,VIIRS,n,2.0NRT,294.86,2.8,D
9.01023,77.83949,342.71,0.32,0.55,2026-07-13,0845,N20,VIIRS,n,2.0NRT,304.19,3.79,D
8.98864,77.5248,334.08,0.61,0.53,2026-07-13,0845,N20,VIIRS,n,2.0NRT,301.32,5.89,D
9.17289,77.83407,335.42,0.32,0.55,2026-07-13,0845,N20,VIIRS,n,2.0NRT,303.94,1.92,D
9.22128,77.93373,338.16,0.33,0.55,2026-07-13,0845,N20,VIIRS,n,2.0NRT,307.4,3.15,D
9.4057,78.81275,334.91,0.38,0.59,2026-07-13,0845,N20,VIIRS,n,2.0NRT,298.28,3.38,D
9.38713,78.26743,335.67,0.35,0.56,2026-07-13,0845,N20,VIIRS,n,2.0NRT,305.12,2.77,D
9.51329,78.62685,331.64,0.37,0.58,2026-07-13,0845,N20,VIIRS,n,2.0NRT,295.16,9.37,D
9.51286,78.62346,355.38,0.37,0.58,2026-07-13,0845,N20,VIIRS,n,2.0NRT,298.96,9.37,D
9.51821,78.6228,367,0.37,0.58,2026-07-13,0845,N20,VIIRS,h,2.0NRT,297.39,9.37,D
9.51864,78.62618,337.27,0.37,0.58,2026-07-13,0845,N20,VIIRS,n,2.0NRT,294.67,9.37,D
9.67734,78.95116,347.91,0.39,0.59,2026-07-13,0845,N20,VIIRS,n,2.0NRT,297.84,5.48,D
9.65238,78.7539,337.51,0.38,0.59,2026-07-13,0845,N20,VIIRS,n,2.0NRT,303.21,3.28,D
9.66427,78.46659,344.02,0.36,0.57,2026-07-13,0845,N20,VIIRS,n,2.0NRT,299.68,4.75,D
9.80329,78.05615,352.9,0.34,0.56,2026-07-13,0845,N20,VIIRS,n,2.0NRT,292.52,3.72,D
9.80845,78.05547,341.51,0.34,0.56,2026-07-13,0845,N20,VIIRS,n,2.0NRT,293.79,3.72,D
10.02161,78.17255,340.75,0.35,0.57,2026-07-13,0845,N20,VIIRS,n,2.0NRT,295.25,2.99,D
10.79749,77.89354,333.34,0.34,0.56,2026-07-13,0845,N20,VIIRS,n,2.0NRT,300.7,0.87,D
10.79898,77.89291,333.25,0.34,0.56,2026-07-13,0845,N20,VIIRS,n,2.0NRT,300.61,0.75,D
11.10599,79.79872,332.03,0.47,0.64,2026-07-13,0845,N20,VIIRS,n,2.0NRT,296.96,5.65,D
11.03079,77.9548,332.64,0.35,0.57,2026-07-13,0845,N20,VIIRS,n,2.0NRT,299.58,3.04,D
11.151,78.71114,330.69,0.39,0.6,2026-07-13,0845,N20,VIIRS,n,2.0NRT,295.56,1.34,D
13.26664,80.09068,349.06,0.52,0.67,2026-07-13,0845,N20,VIIRS,n,2.0NRT,295.94,10.41,D
13.26609,80.08582,353.26,0.52,0.67,2026-07-13,0845,N20,VIIRS,n,2.0NRT,298.14,10.41,D
13.19402,78.69351,344.47,0.42,0.61,2026-07-13,0845,N20,VIIRS,n,2.0NRT,301.4,4.42,D
13.19356,78.68954,330.73,0.42,0.61,2026-07-13,0845,N20,VIIRS,l,2.0NRT,301.73,4.42,D
13.69284,78.12711,332.12,0.39,0.59,2026-07-13,0845,N20,VIIRS,l,2.0NRT,302.15,2.68,D
13.93098,76.51957,335.54,0.61,0.53,2026-07-13,0845,N20,VIIRS,n,2.0NRT,303.27,1.81,D
14.3092,77.44282,338.85,0.36,0.57,2026-07-13,0845,N20,VIIRS,n,2.0NRT,302.2,2.99,D
14.30881,77.4395,356.49,0.36,0.57,2026-07-13,0845,N20,VIIRS,l,2.0NRT,303.5,2.99,D
14.39293,77.92903,345.49,0.39,0.59,2026-07-13,0845,N20,VIIRS,n,2.0NRT,301.88,3.3,D
14.39163,77.65665,330.34,0.37,0.58,2026-07-13,0845,N20,VIIRS,l,2.0NRT,301.91,1.28,D
14.56909,76.97346,337.64,0.33,0.56,2026-07-13,0845,N20,VIIRS,n,2.0NRT,302.62,1.7,D
14.70667,77.28417,335.26,0.35,0.57,2026-07-13,0845,N20,VIIRS,n,2.0NRT,300.86,1.6,D
15.12671,79.81377,336.92,0.53,0.67,2026-07-13,0845,N20,VIIRS,n,2.0NRT,298.04,2.44,D
14.83692,77.08007,330.9,0.34,0.56,2026-07-13,0845,N20,VIIRS,l,2.0NRT,304.33,1.61,D
14.89704,77.03977,332.17,0.34,0.56,2026-07-13,0845,N20,VIIRS,n,2.0NRT,302.69,0.7,D
14.90221,77.03918,336.59,0.34,0.56,2026-07-13,0845,N20,VIIRS,n,2.0NRT,301.75,1.6,D
14.58799,74.35297,332.42,0.45,0.47,2026-07-13,0845,N20,VIIRS,n,2.0NRT,295.68,4.34,D
15.08182,78.42484,333.2,0.42,0.61,2026-07-13,0845,N20,VIIRS,n,2.0NRT,300.32,2.11,D
15.0269,77.60345,330.56,0.37,0.58,2026-07-13,0845,N20,VIIRS,n,2.0NRT,299.84,3.17,D
15.02404,77.60071,339.96,0.37,0.58,2026-07-13,0845,N20,VIIRS,n,2.0NRT,299.71,1.99,D
15.1906,78.14549,336.19,0.41,0.6,2026-07-13,0845,N20,VIIRS,n,2.0NRT,300.98,1.9,D
15.18963,78.1461,338.94,0.41,0.6,2026-07-13,0845,N20,VIIRS,n,2.0NRT,300.55,2,D
15.17305,76.66007,332.21,0.32,0.55,2026-07-13,0845,N20,VIIRS,n,2.0NRT,302.01,2.06,D
15.62106,77.89457,336.03,0.4,0.6,2026-07-13,0845,N20,VIIRS,n,2.0NRT,299.55,1.61,D
16.21197,79.25227,331.17,0.5,0.66,2026-07-13,0845,N20,VIIRS,n,2.0NRT,292.74,2.62,D
16.5438,78.48209,333.44,0.45,0.63,2026-07-13,0845,N20,VIIRS,n,2.0NRT,297.34,3.4,D
21.10551,72.64664,346.46,0.43,0.46,2026-07-13,0848,N20,VIIRS,n,2.0NRT,291.75,7.56,D
16.70633,76.50587,332.78,0.33,0.55,2026-07-13,0848,N20,VIIRS,l,2.0NRT,304.92,1.59,D
16.70944,76.50437,332.55,0.33,0.55,2026-07-13,0848,N20,VIIRS,l,2.0NRT,304.38,1.58,D
17.04142,77.63634,336.03,0.4,0.6,2026-07-13,0848,N20,VIIRS,n,2.0NRT,299.31,1.57,D
17.57565,75.84245,331.21,0.61,0.54,2026-07-13,0848,N20,VIIRS,l,2.0NRT,302.51,4.26,D
17.86748,76.68198,336.11,0.35,0.57,2026-07-13,0848,N20,VIIRS,n,2.0NRT,302.18,1.76,D
17.86712,76.67866,332.55,0.35,0.57,2026-07-13,0848,N20,VIIRS,l,2.0NRT,302.99,1.76,D
17.8973,76.12593,332.58,0.32,0.55,2026-07-13,0848,N20,VIIRS,l,2.0NRT,304.23,1.63,D
18.26646,76.73109,330.73,0.36,0.57,2026-07-13,0848,N20,VIIRS,n,2.0NRT,298.13,0.85,D
18.68176,73.03894,330.61,0.42,0.45,2026-07-13,0848,N20,VIIRS,n,2.0NRT,299.26,4.85,D
18.69056,73.04181,332.99,0.42,0.45,2026-07-13,0848,N20,VIIRS,n,2.0NRT,299.59,4.83,D
20.02091,73.97487,333.76,0.5,0.49,2026-07-13,0848,N20,VIIRS,n,2.0NRT,300.86,3.62,D
21.09989,72.6349,333.94,0.42,0.46,2026-07-13,0848,N20,VIIRS,n,2.0NRT,290.78,4.37,D
23.6199,69.44487,336.33,0.46,0.39,2026-07-13,0850,N20,VIIRS,n,2.0NRT,299.84,2.65,D
23.65375,69.25754,340.73,0.45,0.39,2026-07-13,0850,N20,VIIRS,n,2.0NRT,300.14,8.33,D
23.34669,69.33263,348.99,0.45,0.39,2026-07-13,0850,N20,VIIRS,n,2.0NRT,301.12,4.97,D
23.41624,69.45518,336.13,0.46,0.39,2026-07-13,0850,N20,VIIRS,n,2.0NRT,300.38,2.13,D
22.41652,69.03997,330.35,0.43,0.38,2026-07-13,0850,N20,VIIRS,n,2.0NRT,297.38,3.02,D
27.37581,77.6872,312.72,0.79,0.78,2026-07-13,1934,N20,VIIRS,n,2.0NRT,290.08,3.33,N
27.37771,95.33472,315.83,0.41,0.37,2026-07-13,1934,N20,VIIRS,n,2.0NRT,278.46,1.37,N
22.33063,82.60566,297.94,0.34,0.56,2026-07-13,1936,N20,VIIRS,n,2.0NRT,275.52,1.29,N
21.24569,79.22491,295.22,0.55,0.68,2026-07-13,1936,N20,VIIRS,n,2.0NRT,274.83,1.47,N
21.19331,81.41738,311.72,0.4,0.6,2026-07-13,1936,N20,VIIRS,n,2.0NRT,267.23,1.67,N
21.19367,81.41359,297,0.4,0.6,2026-07-13,1936,N20,VIIRS,n,2.0NRT,266.26,1.25,N
21.80292,82.03979,295.77,0.37,0.58,2026-07-13,1936,N20,VIIRS,n,2.0NRT,275.38,0.73,N
22.31849,82.57055,300.68,0.35,0.56,2026-07-13,1936,N20,VIIRS,n,2.0NRT,280.07,1.32,N
22.33218,82.60658,296.96,0.34,0.56,2026-07-13,1936,N20,VIIRS,n,2.0NRT,274.38,0.82,N
15.18104,76.66579,307.13,0.7,0.75,2026-07-13,1938,N20,VIIRS,n,2.0NRT,286.13,4.17,N
15.18134,76.66498,308.42,0.7,0.75,2026-07-13,1938,N20,VIIRS,n,2.0NRT,286.43,3.11,N
15.76179,79.12212,305.73,0.49,0.65,2026-07-13,1938,N20,VIIRS,n,2.0NRT,285.62,1.8,N
17.46637,80.65451,305.72,0.4,0.6,2026-07-13,1938,N20,VIIRS,n,2.0NRT,283.56,0.5,N
19.81022,79.34106,303.03,0.52,0.67,2026-07-13,1938,N20,VIIRS,n,2.0NRT,288.25,0.87,N
19.81067,79.33602,304.14,0.52,0.67,2026-07-13,1938,N20,VIIRS,n,2.0NRT,287.75,0.87,N
13.73241,79.29855,303.99,0.45,0.63,2026-07-13,1938,N20,VIIRS,n,2.0NRT,289.45,1.13,N
13.70938,79.61838,305.62,0.42,0.61,2026-07-13,1938,N20,VIIRS,n,2.0NRT,291.44,1.93,N
11.85132,77.78665,303.09,0.53,0.67,2026-07-13,1940,N20,VIIRS,n,2.0NRT,275.84,1.54,N
12.89376,79.84945,309.07,0.4,0.6,2026-07-13,1940,N20,VIIRS,n,2.0NRT,289.17,1.3,N
11.90404,79.7718,299.46,0.39,0.59,2026-07-13,1940,N20,VIIRS,n,2.0NRT,272.25,0.69,N
11.90532,79.76947,304.21,0.39,0.59,2026-07-13,1940,N20,VIIRS,n,2.0NRT,273.29,0.77,N
12.28776,79.93712,318.27,0.39,0.59,2026-07-13,1940,N20,VIIRS,n,2.0NRT,284.37,1.98,N
12.29364,79.93429,304.79,0.39,0.59,2026-07-13,1940,N20,VIIRS,n,2.0NRT,284.44,2.61,N
12.2932,79.93784,338.05,0.39,0.59,2026-07-13,1940,N20,VIIRS,n,2.0NRT,284.77,3.97,N
12.28983,79.93317,307.08,0.39,0.59,2026-07-13,1940,N20,VIIRS,n,2.0NRT,284.53,3.9,N
12.28941,79.93671,348.31,0.39,0.59,2026-07-13,1940,N20,VIIRS,n,2.0NRT,285.38,5.92,N
12.74847,77.62045,307.06,0.56,0.69,2026-07-13,1940,N20,VIIRS,n,2.0NRT,273.78,1.62,N
31.26035,76.92735,303.15,0.52,0.5,2026-07-13,2114,N20,VIIRS,n,2.0NRT,290.39,0.71,N
33.95844,75.34669,296.71,0.56,0.43,2026-07-13,2114,N20,VIIRS,n,2.0NRT,281.56,1.01,N
26.64591,79.48125,306.51,0.46,0.64,2026-07-13,2116,N20,VIIRS,n,2.0NRT,291.63,1.26,N
18.95846,73.93985,337.98,0.61,0.53,2026-07-13,2118,N20,VIIRS,n,2.0NRT,290.18,10.13,N
19.80602,75.462,324.76,0.37,0.58,2026-07-13,2118,N20,VIIRS,n,2.0NRT,289.96,1.87,N
21.10711,72.64575,304.82,0.46,0.47,2026-07-13,2118,N20,VIIRS,n,2.0NRT,287.96,2.82,N
21.10884,72.63715,307.96,0.45,0.47,2026-07-13,2118,N20,VIIRS,n,2.0NRT,290.92,2.71,N
22.96785,72.55589,298.86,0.42,0.45,2026-07-13,2118,N20,VIIRS,n,2.0NRT,275.94,0.39,N
18.9573,73.94557,336.59,0.61,0.53,2026-07-13,2118,N20,VIIRS,n,2.0NRT,292.31,10.13,N
19.80527,75.46545,311.45,0.37,0.58,2026-07-13,2118,N20,VIIRS,n,2.0NRT,290.2,1.87,N
15.17883,76.6754,307.51,0.54,0.68,2026-07-13,2121,N20,VIIRS,n,2.0NRT,280.82,2.59,N
15.17594,76.65908,301.32,0.54,0.68,2026-07-13,2121,N20,VIIRS,n,2.0NRT,281.07,1.49,N
15.17701,76.65415,309.48,0.54,0.68,2026-07-13,2121,N20,VIIRS,n,2.0NRT,281.38,1.49,N
15.18096,76.66552,302.8,0.54,0.68,2026-07-13,2121,N20,VIIRS,n,2.0NRT,281.13,2.43,N
25.2301,93.91367,268.57,0.41,0.37,2026-07-14,0650,N20,VIIRS,l,2.0NRT,297.19,182.25,D
25.2294,93.90947,207.93,0.41,0.37,2026-07-14,0650,N20,VIIRS,l,2.0NRT,296.12,281.88,D
25.23347,93.91302,341.16,0.41,0.37,2026-07-14,0650,N20,VIIRS,l,2.0NRT,294.48,182.25,D
9.37586,77.50413,337.65,0.47,0.4,2026-07-14,0826,N20,VIIRS,l,2.0NRT,312.26,4.54,D
8.4227,77.62716,338.47,0.46,0.39,2026-07-14,0826,N20,VIIRS,n,2.0NRT,299.63,2.45,D
8.44305,77.58998,330.22,0.46,0.39,2026-07-14,0826,N20,VIIRS,n,2.0NRT,299.81,2.81,D
8.48921,77.54147,339.13,0.46,0.39,2026-07-14,0826,N20,VIIRS,n,2.0NRT,309.04,4.72,D
8.54353,77.86736,331.61,0.48,0.4,2026-07-14,0826,N20,VIIRS,n,2.0NRT,296.93,1.03,D
8.84973,77.86987,340.9,0.48,0.4,2026-07-14,0826,N20,VIIRS,n,2.0NRT,303.59,3.51,D
8.90717,77.82604,340.17,0.48,0.4,2026-07-14,0826,N20,VIIRS,n,2.0NRT,305.11,5.87,D
9.14278,78.0886,342.21,0.5,0.41,2026-07-14,0826,N20,VIIRS,n,2.0NRT,311,11.2,D
9.3106,78.75594,339.54,0.54,0.42,2026-07-14,0826,N20,VIIRS,n,2.0NRT,309.47,4.24,D
9.44132,78.80486,337.68,0.55,0.43,2026-07-14,0826,N20,VIIRS,n,2.0NRT,306.76,4.49,D
9.45913,78.76163,337.65,0.55,0.42,2026-07-14,0826,N20,VIIRS,l,2.0NRT,309.36,5.91,D
9.30749,77.47403,339.14,0.46,0.39,2026-07-14,0826,N20,VIIRS,l,2.0NRT,309.24,6.85,D
9.30822,77.47067,339.02,0.47,0.39,2026-07-14,0826,N20,VIIRS,n,2.0NRT,307.66,7.04,D
9.48139,78.63009,336.26,0.54,0.42,2026-07-14,0826,N20,VIIRS,l,2.0NRT,310.18,5.37,D
9.47314,78.54188,338.88,0.53,0.42,2026-07-14,0826,N20,VIIRS,l,2.0NRT,312.27,6.07,D
9.45894,77.51009,338.39,0.47,0.4,2026-07-14,0826,N20,VIIRS,n,2.0NRT,307.36,2.89,D
9.522,77.84711,341.79,0.49,0.4,2026-07-14,0826,N20,VIIRS,l,2.0NRT,316.05,6.4,D
9.64834,78.48927,336.57,0.53,0.42,2026-07-14,0826,N20,VIIRS,l,2.0NRT,308.64,4.84,D
9.76446,78.30607,340.89,0.52,0.42,2026-07-14,0826,N20,VIIRS,n,2.0NRT,305.31,6.01,D
9.76407,78.21967,336.78,0.51,0.41,2026-07-14,0826,N20,VIIRS,l,2.0NRT,309.88,4.81,D
10.00758,79.17139,338.38,0.39,0.44,2026-07-14,0826,N20,VIIRS,n,2.0NRT,293.86,3.44,D
9.95542,78.23196,340.77,0.52,0.41,2026-07-14,0826,N20,VIIRS,l,2.0NRT,313.1,6.46,D
9.96371,78.23559,338.89,0.52,0.41,2026-07-14,0826,N20,VIIRS,l,2.0NRT,311.22,6.95,D
9.95498,78.23362,338.88,0.52,0.41,2026-07-14,0826,N20,VIIRS,l,2.0NRT,312.87,6.66,D
9.96325,78.23726,336.27,0.52,0.41,2026-07-14,0826,N20,VIIRS,l,2.0NRT,310.22,4.73,D
9.97925,78.26873,336.23,0.52,0.42,2026-07-14,0826,N20,VIIRS,l,2.0NRT,310.98,4.36,D
9.94034,77.96139,339.95,0.5,0.41,2026-07-14,0826,N20,VIIRS,l,2.0NRT,312.21,7.56,D
10.01423,78.46481,338.44,0.53,0.42,2026-07-14,0826,N20,VIIRS,l,2.0NRT,309.4,3.03,D
10.05019,78.52464,337.98,0.54,0.42,2026-07-14,0826,N20,VIIRS,l,2.0NRT,310.1,4.34,D
10.0648,77.51873,340.34,0.48,0.4,2026-07-14,0826,N20,VIIRS,n,2.0NRT,308.63,5.04,D
10.65236,79.21595,333.47,0.4,0.44,2026-07-14,0826,N20,VIIRS,l,2.0NRT,303.84,3.34,D
10.89484,79.80357,341.33,0.44,0.46,2026-07-14,0826,N20,VIIRS,n,2.0NRT,291.55,5.14,D
10.79441,78.64172,333.89,0.56,0.43,2026-07-14,0826,N20,VIIRS,n,2.0NRT,303.14,4.39,D
11.13785,78.8795,344.47,0.39,0.44,2026-07-14,0826,N20,VIIRS,n,2.0NRT,310.32,8.37,D
11.13737,78.87592,344.59,0.39,0.44,2026-07-14,0826,N20,VIIRS,n,2.0NRT,313.39,9.97,D
11.0569,77.94088,337.75,0.51,0.41,2026-07-14,0826,N20,VIIRS,l,2.0NRT,308.38,7.33,D
11.43944,79.3994,342.88,0.42,0.45,2026-07-14,0826,N20,VIIRS,n,2.0NRT,287.49,12.33,D
11.48218,79.27584,337.43,0.42,0.45,2026-07-14,0826,N20,VIIRS,n,2.0NRT,299.24,3.9,D
11.61426,79.12537,334.22,0.41,0.45,2026-07-14,0826,N20,VIIRS,n,2.0NRT,303.19,5.13,D
11.61376,79.1216,339.54,0.41,0.45,2026-07-14,0826,N20,VIIRS,n,2.0NRT,305.99,9.33,D
11.66474,79.06502,347.94,0.41,0.45,2026-07-14,0826,N20,VIIRS,n,2.0NRT,310.29,6.91,D
11.59098,78.20852,332.34,0.54,0.42,2026-07-14,0826,N20,VIIRS,l,2.0NRT,306.76,3.87,D
11.73225,79.20193,341.47,0.42,0.45,2026-07-14,0826,N20,VIIRS,n,2.0NRT,298.73,6.14,D
11.79701,78.72589,331.78,0.39,0.44,2026-07-14,0826,N20,VIIRS,l,2.0NRT,306.18,1.38,D
11.83309,78.60222,340.15,0.38,0.43,2026-07-14,0826,N20,VIIRS,n,2.0NRT,303.81,4.71,D
11.92392,78.99097,342.45,0.41,0.45,2026-07-14,0826,N20,VIIRS,n,2.0NRT,304.29,4.7,D
12.28577,79.93977,340.46,0.47,0.48,2026-07-14,0828,N20,VIIRS,n,2.0NRT,292.73,5.8,D
18.68458,73.04084,330.38,0.39,0.36,2026-07-14,0828,N20,VIIRS,n,2.0NRT,277.85,4.77,D
18.68071,73.03769,331.49,0.39,0.36,2026-07-14,0828,N20,VIIRS,n,2.0NRT,281.57,5.22,D
18.68125,73.04137,339.66,0.39,0.36,2026-07-14,0828,N20,VIIRS,n,2.0NRT,283.01,4.77,D
18.18966,74.50983,338.72,0.42,0.38,2026-07-14,0828,N20,VIIRS,n,2.0NRT,310.93,5.08,D
18.13136,75.60731,340.81,0.47,0.4,2026-07-14,0828,N20,VIIRS,n,2.0NRT,309.79,5.79,D
18.13037,75.60591,343.04,0.47,0.4,2026-07-14,0828,N20,VIIRS,n,2.0NRT,307.4,8.01,D
18.06566,75.81554,333.55,0.48,0.4,2026-07-14,0828,N20,VIIRS,l,2.0NRT,307.82,1.65,D
17.8327,74.23833,333.42,0.41,0.37,2026-07-14,0828,N20,VIIRS,l,2.0NRT,304.96,2.26,D
17.96287,79.79743,331.2,0.55,0.51,2026-07-14,0828,N20,VIIRS,n,2.0NRT,296.79,4.13,D
16.70756,78.39314,339.99,0.43,0.46,2026-07-14,0828,N20,VIIRS,n,2.0NRT,307.18,3.52,D
16.10333,76.81274,338.85,0.51,0.41,2026-07-14,0828,N20,VIIRS,l,2.0NRT,309.52,5.36,D
16.19487,78.38883,333.09,0.42,0.45,2026-07-14,0828,N20,VIIRS,l,2.0NRT,306.63,1.74,D
15.8432,79.75695,341.75,0.51,0.5,2026-07-14,0828,N20,VIIRS,n,2.0NRT,303.99,6.02,D
15.8666,80.02261,336.29,0.53,0.5,2026-07-14,0828,N20,VIIRS,n,2.0NRT,305.4,4.26,D
15.92002,80.46283,331.9,0.57,0.52,2026-07-14,0828,N20,VIIRS,n,2.0NRT,298.11,4.98,D
15.83173,80.37117,331.45,0.56,0.52,2026-07-14,0828,N20,VIIRS,n,2.0NRT,297.63,2.54,D
15.80779,80.24702,332.49,0.55,0.51,2026-07-14,0828,N20,VIIRS,l,2.0NRT,304.26,1.74,D
15.82769,80.42001,340.89,0.57,0.52,2026-07-14,0828,N20,VIIRS,n,2.0NRT,302.36,6.4,D
15.8276,80.42284,342.93,0.57,0.52,2026-07-14,0828,N20,VIIRS,n,2.0NRT,303.05,4.82,D
15.67938,80.12821,340.51,0.54,0.51,2026-07-14,0828,N20,VIIRS,n,2.0NRT,306.64,3.75,D
15.17538,76.67961,330.97,0.49,0.4,2026-07-14,0828,N20,VIIRS,l,2.0NRT,303.21,2.48,D
15.37461,78.36038,330.05,0.41,0.45,2026-07-14,0828,N20,VIIRS,n,2.0NRT,287.31,5.7,D
15.37049,78.36095,341.91,0.41,0.45,2026-07-14,0828,N20,VIIRS,n,2.0NRT,288.21,7.73,D
15.37207,78.36101,342.93,0.41,0.45,2026-07-14,0828,N20,VIIRS,n,2.0NRT,287.95,6.22,D
15.37258,78.36483,336.19,0.41,0.45,2026-07-14,0828,N20,VIIRS,n,2.0NRT,284.84,6.22,D
15.45698,79.79609,334.37,0.51,0.49,2026-07-14,0828,N20,VIIRS,n,2.0NRT,303.75,3.39,D
15.0054,79.99553,339.06,0.52,0.5,2026-07-14,0828,N20,VIIRS,n,2.0NRT,308.89,4.61,D
14.78967,79.14103,330.86,0.45,0.47,2026-07-14,0828,N20,VIIRS,l,2.0NRT,305.33,3.22,D
14.89969,80.00742,334.7,0.52,0.5,2026-07-14,0828,N20,VIIRS,n,2.0NRT,302.86,1.07,D
14.7749,79.16264,336.94,0.45,0.47,2026-07-14,0828,N20,VIIRS,n,2.0NRT,306.47,2.67,D
14.7951,79.64496,343.48,0.49,0.48,2026-07-14,0828,N20,VIIRS,n,2.0NRT,308.31,2.8,D
14.61345,78.26607,347.51,0.4,0.44,2026-07-14,0828,N20,VIIRS,n,2.0NRT,310.7,5.17,D
14.44392,77.52013,336.4,0.54,0.42,2026-07-14,0828,N20,VIIRS,l,2.0NRT,308.17,1.86,D
14.60032,79.65942,334.85,0.49,0.48,2026-07-14,0828,N20,VIIRS,n,2.0NRT,305.88,2.49,D
14.52797,79.32855,333.06,0.46,0.47,2026-07-14,0828,N20,VIIRS,n,2.0NRT,301.93,2.36,D
14.27496,79.74291,341.73,0.49,0.48,2026-07-14,0828,N20,VIIRS,n,2.0NRT,306.62,5.67,D
14.27552,79.74744,339.32,0.49,0.48,2026-07-14,0828,N20,VIIRS,n,2.0NRT,304.5,5.67,D
14.26172,80.12807,336.34,0.52,0.5,2026-07-14,0828,N20,VIIRS,l,2.0NRT,306.43,8.23,D
14.04689,78.55987,336.58,0.41,0.45,2026-07-14,0828,N20,VIIRS,n,2.0NRT,300.99,3.13,D
13.80445,76.79018,334.65,0.48,0.4,2026-07-14,0828,N20,VIIRS,n,2.0NRT,290.87,3.98,D
13.05583,76.53694,338.74,0.46,0.39,2026-07-14,0828,N20,VIIRS,l,2.0NRT,313.7,3.08,D
13.23607,79.17602,334.14,0.43,0.46,2026-07-14,0828,N20,VIIRS,l,2.0NRT,307.24,1.4,D
12.24015,79.49328,332.46,0.44,0.46,2026-07-14,0828,N20,VIIRS,n,2.0NRT,294.44,2.02,D
19.38461,73.21235,330.16,0.4,0.37,2026-07-14,0830,N20,VIIRS,l,2.0NRT,300.73,4.75,D
21.16179,78.63186,330.86,0.51,0.49,2026-07-14,0830,N20,VIIRS,n,2.0NRT,296.85,1.05,D
21.10077,72.63821,338.31,0.39,0.36,2026-07-14,0830,N20,VIIRS,n,2.0NRT,298.95,4.49,D
21.1052,72.6452,342.04,0.39,0.36,2026-07-14,0830,N20,VIIRS,n,2.0NRT,302.3,11.02,D
21.10411,72.63766,340.65,0.39,0.36,2026-07-14,0830,N20,VIIRS,n,2.0NRT,300.64,8.29,D
22.35853,82.30383,330.35,0.45,0.63,2026-07-14,0830,N20,VIIRS,n,2.0NRT,285.25,4.41,D
21.79876,73.19404,343.49,0.41,0.37,2026-07-14,0830,N20,VIIRS,n,2.0NRT,299.44,2.7,D
23.70414,72.21136,333.8,0.4,0.37,2026-07-14,0830,N20,VIIRS,n,2.0NRT,297.68,1.82,D
24.12754,73.99266,333.42,0.46,0.39,2026-07-14,0830,N20,VIIRS,n,2.0NRT,297.66,2.64,D
31.12253,75.20639,335.27,0.42,0.45,2026-07-14,0833,N20,VIIRS,n,2.0NRT,299.5,4.6,D
29.46158,74.94218,334.73,0.39,0.44,2026-07-14,0833,N20,VIIRS,n,2.0NRT,296.93,2.75,D
27.43957,70.96024,354.18,0.39,0.36,2026-07-14,0833,N20,VIIRS,n,2.0NRT,305.41,13.03,D
26.93208,71.06648,339.92,0.39,0.36,2026-07-14,0833,N20,VIIRS,n,2.0NRT,306.61,2.18,D
31.12208,75.20198,340.77,0.42,0.45,2026-07-14,0833,N20,VIIRS,n,2.0NRT,299.55,6,D
25.54263,91.23727,304.76,0.43,0.46,2026-07-14,1915,N20,VIIRS,n,2.0NRT,275.67,1.14,N
28.41986,76.88173,313,0.49,0.4,2026-07-14,2055,N20,VIIRS,n,2.0NRT,286.37,1.74,N
29.46414,74.9427,309.38,0.4,0.37,2026-07-14,2055,N20,VIIRS,n,2.0NRT,295.58,0.93,N
19.81062,79.34045,309.06,0.32,0.55,2026-07-14,2057,N20,VIIRS,n,2.0NRT,289.58,1,N
19.80766,79.30526,305.38,0.32,0.54,2026-07-14,2057,N20,VIIRS,n,2.0NRT,289.37,1.11,N
24.93392,74.63311,305.61,0.43,0.38,2026-07-14,2057,N20,VIIRS,n,2.0NRT,287.72,1.63,N
24.76437,74.60771,308.12,0.43,0.38,2026-07-14,2057,N20,VIIRS,n,2.0NRT,290.52,1.1,N
24.82274,73.09526,305.94,0.39,0.36,2026-07-14,2057,N20,VIIRS,n,2.0NRT,289.26,0.93,N
24.65934,73.87677,306.4,0.41,0.37,2026-07-14,2057,N20,VIIRS,n,2.0NRT,291.53,1,N
24.69147,73.00254,307.04,0.39,0.36,2026-07-14,2057,N20,VIIRS,n,2.0NRT,289.61,1.36,N
21.24989,79.20709,306.67,0.59,0.53,2026-07-14,2057,N20,VIIRS,n,2.0NRT,282.68,2.44,N
22.93551,69.69831,326.34,0.4,0.37,2026-07-14,2057,N20,VIIRS,n,2.0NRT,294.32,3.44,N
22.93214,69.69772,329.37,0.4,0.37,2026-07-14,2057,N20,VIIRS,n,2.0NRT,294.12,3.44,N
27.6034,72.76125,306.53,0.38,0.36,2026-07-14,2057,N20,VIIRS,n,2.0NRT,295.26,0.47,N
24.14867,82.65953,311.44,0.42,0.61,2026-07-14,2057,N20,VIIRS,n,2.0NRT,278.39,2.39,N
24.16822,82.6254,305.48,0.42,0.61,2026-07-14,2057,N20,VIIRS,n,2.0NRT,277.33,1.56,N
24.16732,82.62394,306.23,0.42,0.61,2026-07-14,2057,N20,VIIRS,n,2.0NRT,277.56,1.12,N
26.25696,74.09755,309.4,0.41,0.37,2026-07-14,2057,N20,VIIRS,n,2.0NRT,294.95,1.13,N
26.87349,73.51863,308.31,0.39,0.36,2026-07-14,2057,N20,VIIRS,n,2.0NRT,295,0.81,N
26.87745,73.51543,307.36,0.39,0.36,2026-07-14,2057,N20,VIIRS,n,2.0NRT,294.87,0.81,N
26.92617,73.46913,306.91,0.39,0.36,2026-07-14,2057,N20,VIIRS,n,2.0NRT,294.48,0.6,N
27.28731,73.83987,307.27,0.39,0.37,2026-07-14,2057,N20,VIIRS,n,2.0NRT,294.44,1.03,N
15.17307,76.69343,304.75,0.53,0.5,2026-07-14,2059,N20,VIIRS,n,2.0NRT,293.53,0.51,N
15.17594,76.65429,310.32,0.52,0.5,2026-07-14,2059,N20,VIIRS,n,2.0NRT,294.89,2.56,N
15.17501,76.65907,319.84,0.52,0.5,2026-07-14,2059,N20,VIIRS,n,2.0NRT,295.03,2.56,N
14.77649,79.16055,309.72,0.39,0.59,2026-07-14,2059,N20,VIIRS,n,2.0NRT,292.99,0.95,N
14.77106,79.15971,306.55,0.39,0.59,2026-07-14,2059,N20,VIIRS,n,2.0NRT,292.96,0.95,N
15.30068,76.21941,303.16,0.49,0.48,2026-07-14,2059,N20,VIIRS,n,2.0NRT,292.94,0.89,N
15.18312,76.66577,310.52,0.52,0.5,2026-07-14,2059,N20,VIIRS,n,2.0NRT,294.01,2.76,N
15.33363,76.28402,303.58,0.49,0.49,2026-07-14,2059,N20,VIIRS,n,2.0NRT,293.12,1.28,N
15.18127,76.67536,314.31,0.52,0.5,2026-07-14,2059,N20,VIIRS,n,2.0NRT,295.71,4.82,N
15.18046,76.65524,305.69,0.52,0.5,2026-07-14,2059,N20,VIIRS,n,2.0NRT,293.79,2.4,N
15.17408,76.66386,318.98,0.52,0.5,2026-07-14,2059,N20,VIIRS,n,2.0NRT,294.98,3.08,N
15.65849,73.99005,310.36,0.53,0.42,2026-07-14,2059,N20,VIIRS,n,2.0NRT,292.69,1.74,N
15.65978,73.98808,309.39,0.53,0.42,2026-07-14,2059,N20,VIIRS,n,2.0NRT,290.95,1.41,N
15.13677,76.7089,303.2,0.53,0.5,2026-07-14,2059,N20,VIIRS,n,2.0NRT,292.54,1.17,N
13.71702,79.62358,306.99,0.44,0.62,2026-07-14,2059,N20,VIIRS,n,2.0NRT,290.63,1.88,N
13.72011,79.62531,307.23,0.44,0.62,2026-07-14,2059,N20,VIIRS,n,2.0NRT,290.83,2.13,N
13.14705,77.53954,310.22,0.33,0.55,2026-07-14,2059,N20,VIIRS,n,2.0NRT,290.9,0.65,N
13.14668,77.54066,307.69,0.33,0.55,2026-07-14,2059,N20,VIIRS,n,2.0NRT,290.84,0.72,N
15.17826,77.10346,305.35,0.56,0.51,2026-07-14,2059,N20,VIIRS,n,2.0NRT,293.36,1.78,N
14.77363,79.15923,313.38,0.39,0.59,2026-07-14,2059,N20,VIIRS,n,2.0NRT,293.03,0.91,N
19.93595,73.7111,314.12,0.45,0.39,2026-07-14,2059,N20,VIIRS,n,2.0NRT,290.21,0.87,N
14.77905,79.16009,310.31,0.39,0.59,2026-07-14,2059,N20,VIIRS,n,2.0NRT,292.25,0.42,N
15.0222,78.01543,301.4,0.32,0.55,2026-07-14,2059,N20,VIIRS,n,2.0NRT,286.66,0.4,N
15.74469,79.09832,311.41,0.37,0.58,2026-07-14,2059,N20,VIIRS,n,2.0NRT,294.82,2.47,N
15.33371,76.28673,305.05,0.49,0.49,2026-07-14,2059,N20,VIIRS,n,2.0NRT,293.22,1.15,N
15.18078,77.10268,306.01,0.56,0.51,2026-07-14,2059,N20,VIIRS,n,2.0NRT,293.08,1.66,N
12.60001,77.88352,306.17,0.35,0.57,2026-07-14,2101,N20,VIIRS,n,2.0NRT,290.72,0.62,N
10.66318,77.43214,307.42,0.36,0.57,2026-07-14,2101,N20,VIIRS,n,2.0NRT,288.47,1.75,N
10.65873,77.43199,323.38,0.36,0.57,2026-07-14,2101,N20,VIIRS,n,2.0NRT,288.89,1.75,N
12.98694,77.43044,302.57,0.32,0.55,2026-07-14,2101,N20,VIIRS,n,2.0NRT,290.36,0.15,N
11.18482,79.10178,301.41,0.45,0.63,2026-07-14,2101,N20,VIIRS,n,2.0NRT,282.85,0.52,N
11.98202,79.664,296.73,0.48,0.64,2026-07-14,2101,N20,VIIRS,n,2.0NRT,275.37,0.4,N
25.90012,93.60378,342.09,0.46,0.47,2026-07-15,0631,N20,VIIRS,n,2.0NRT,292.39,5.94,D
14.67218,79.06745,333.22,0.4,0.37,2026-07-15,0807,N20,VIIRS,n,2.0NRT,301.62,1.92,D
12.21824,79.7361,340.39,0.4,0.37,2026-07-15,0807,N20,VIIRS,l,2.0NRT,312.9,9.18,D
12.2492,79.59752,339.36,0.4,0.37,2026-07-15,0807,N20,VIIRS,l,2.0NRT,312.83,6.95,D
12.46822,79.50362,339.57,0.4,0.37,2026-07-15,0807,N20,VIIRS,l,2.0NRT,313.4,5.43,D
12.5052,79.47576,347.54,0.39,0.37,2026-07-15,0807,N20,VIIRS,n,2.0NRT,315.6,5.72,D
12.54188,79.70094,339.93,0.4,0.37,2026-07-15,0807,N20,VIIRS,l,2.0NRT,313.1,5.85,D
12.57066,79.54732,340.1,0.4,0.37,2026-07-15,0807,N20,VIIRS,l,2.0NRT,314.51,4.36,D
12.57012,79.54368,340.65,0.4,0.37,2026-07-15,0807,N20,VIIRS,l,2.0NRT,315.45,5.79,D
12.51919,79.11363,345.46,0.39,0.36,2026-07-15,0807,N20,VIIRS,n,2.0NRT,314.29,5.35,D
12.60017,79.63966,338.73,0.4,0.37,2026-07-15,0807,N20,VIIRS,l,2.0NRT,312.66,8.15,D
12.68628,79.48769,348.28,0.4,0.37,2026-07-15,0807,N20,VIIRS,n,2.0NRT,311.68,2.77,D
12.7885,79.92694,348.98,0.41,0.37,2026-07-15,0807,N20,VIIRS,n,2.0NRT,312.16,6.87,D
12.7076,79.28488,336.18,0.39,0.36,2026-07-15,0807,N20,VIIRS,l,2.0NRT,308.17,4.49,D
12.70707,79.28129,341.49,0.39,0.36,2026-07-15,0807,N20,VIIRS,n,2.0NRT,308.72,4.49,D
12.85349,80.22919,331.83,0.42,0.37,2026-07-15,0807,N20,VIIRS,l,2.0NRT,305.99,1.59,D
12.80843,79.89729,339.76,0.41,0.37,2026-07-15,0807,N20,VIIRS,l,2.0NRT,311.47,6.75,D
12.70423,79.1936,347.11,0.39,0.36,2026-07-15,0807,N20,VIIRS,n,2.0NRT,312.59,14.25,D
12.7037,79.19,338.71,0.39,0.36,2026-07-15,0807,N20,VIIRS,l,2.0NRT,312.16,6.65,D
12.80815,79.62559,346.73,0.4,0.37,2026-07-15,0807,N20,VIIRS,n,2.0NRT,314.22,7.66,D
12.91924,79.59702,334.64,0.4,0.37,2026-07-15,0807,N20,VIIRS,l,2.0NRT,308.17,3.64,D
12.92528,79.61483,337.32,0.4,0.37,2026-07-15,0807,N20,VIIRS,l,2.0NRT,309.09,6.36,D
12.97704,79.68591,347.32,0.4,0.37,2026-07-15,0807,N20,VIIRS,n,2.0NRT,309.94,13.1,D
13.02729,79.88682,342.08,0.41,0.37,2026-07-15,0807,N20,VIIRS,n,2.0NRT,311.38,5.78,D
13.0887,80.16292,332.18,0.41,0.37,2026-07-15,0807,N20,VIIRS,l,2.0NRT,304.59,1.86,D
13.00881,79.62089,340.21,0.4,0.37,2026-07-15,0807,N20,VIIRS,n,2.0NRT,309.89,6.14,D
12.97703,79.22782,336.97,0.39,0.36,2026-07-15,0807,N20,VIIRS,l,2.0NRT,307.91,3.37,D
13.05961,79.67336,341,0.4,0.37,2026-07-15,0807,N20,VIIRS,l,2.0NRT,312.11,10.94,D
13.12572,79.96024,337.77,0.41,0.37,2026-07-15,0807,N20,VIIRS,n,2.0NRT,306.14,3.59,D
13.03619,79.28139,335.19,0.39,0.36,2026-07-15,0807,N20,VIIRS,l,2.0NRT,307.74,1.69,D
13.11472,79.45021,334.54,0.4,0.37,2026-07-15,0807,N20,VIIRS,l,2.0NRT,305.93,2.52,D
13.15254,79.66208,339.43,0.4,0.37,2026-07-15,0807,N20,VIIRS,n,2.0NRT,309.21,3.99,D
13.20003,79.6096,338.58,0.4,0.37,2026-07-15,0807,N20,VIIRS,l,2.0NRT,311.17,4.89,D
13.19949,79.60593,340.36,0.4,0.37,2026-07-15,0807,N20,VIIRS,n,2.0NRT,313.32,4.89,D
13.32376,80.3357,335.71,0.42,0.38,2026-07-15,0807,N20,VIIRS,l,2.0NRT,305.74,7.65,D
13.32319,80.33183,349.73,0.42,0.38,2026-07-15,0807,N20,VIIRS,n,2.0NRT,306.7,10.14,D
13.3094,80.14104,334.92,0.42,0.37,2026-07-15,0807,N20,VIIRS,l,2.0NRT,307.78,3.36,D
13.30923,80.14133,333.16,0.42,0.37,2026-07-15,0807,N20,VIIRS,l,2.0NRT,308.11,4.88,D
13.24061,79.66381,336.03,0.4,0.37,2026-07-15,0807,N20,VIIRS,n,2.0NRT,307.63,2.64,D
13.29614,79.88002,336.35,0.41,0.37,2026-07-15,0807,N20,VIIRS,l,2.0NRT,308.14,2.42,D
13.1784,77.48727,341.15,0.39,0.36,2026-07-15,0807,N20,VIIRS,n,2.0NRT,310.8,3.9,D
13.43023,78.89789,333.01,0.39,0.36,2026-07-15,0807,N20,VIIRS,n,2.0NRT,305.54,1.76,D
13.59704,79.78432,335.76,0.41,0.37,2026-07-15,0807,N20,VIIRS,l,2.0NRT,310.29,4.98,D
13.69693,79.87315,337.38,0.41,0.37,2026-07-15,0807,N20,VIIRS,n,2.0NRT,305.11,1.51,D
13.70034,79.87263,340.19,0.41,0.37,2026-07-15,0807,N20,VIIRS,n,2.0NRT,307.61,3.81,D
13.73069,79.28203,332.1,0.4,0.37,2026-07-15,0807,N20,VIIRS,l,2.0NRT,305.7,2.24,D
13.87319,79.59642,338.38,0.4,0.37,2026-07-15,0807,N20,VIIRS,l,2.0NRT,308.68,2.85,D
13.924,79.39165,345.95,0.4,0.37,2026-07-15,0807,N20,VIIRS,n,2.0NRT,308.77,7.87,D
14.03323,79.89967,337.62,0.41,0.37,2026-07-15,0807,N20,VIIRS,l,2.0NRT,312.3,3.71,D
14.03312,79.89957,337.53,0.41,0.37,2026-07-15,0807,N20,VIIRS,l,2.0NRT,312.36,4.82,D
14.02934,79.27754,338.25,0.4,0.37,2026-07-15,0807,N20,VIIRS,n,2.0NRT,305.02,8.04,D
14.07695,79.23652,341.37,0.4,0.37,2026-07-15,0807,N20,VIIRS,n,2.0NRT,306.35,4.01,D
14.26185,80.12559,343.66,0.42,0.38,2026-07-15,0807,N20,VIIRS,n,2.0NRT,308.13,8.99,D
14.26723,79.70451,343.72,0.41,0.37,2026-07-15,0807,N20,VIIRS,n,2.0NRT,307.72,4.95,D
14.26668,79.70073,337.19,0.41,0.37,2026-07-15,0807,N20,VIIRS,l,2.0NRT,307.91,4.95,D
13.82431,76.53329,349.93,0.4,0.37,2026-07-15,0807,N20,VIIRS,n,2.0NRT,312.76,9.73,D
14.30797,79.09884,337.06,0.4,0.37,2026-07-15,0807,N20,VIIRS,n,2.0NRT,306.25,1.91,D
14.32802,78.82406,333.25,0.39,0.36,2026-07-15,0807,N20,VIIRS,l,2.0NRT,304.59,1.19,D
14.33135,78.82354,340.03,0.39,0.36,2026-07-15,0807,N20,VIIRS,n,2.0NRT,306.58,2.04,D
14.4698,79.55815,338.97,0.41,0.37,2026-07-15,0807,N20,VIIRS,n,2.0NRT,306.83,3.36,D
14.52404,79.57301,341.04,0.41,0.37,2026-07-15,0807,N20,VIIRS,n,2.0NRT,310.27,3.42,D
14.43597,78.59043,334.01,0.39,0.36,2026-07-15,0807,N20,VIIRS,l,2.0NRT,305.48,1.52,D
14.54691,79.06164,337.68,0.4,0.37,2026-07-15,0807,N20,VIIRS,n,2.0NRT,303.32,2.02,D
14.55026,79.06112,341.89,0.4,0.37,2026-07-15,0807,N20,VIIRS,n,2.0NRT,305.64,25.73,D
14.54788,78.7971,345.12,0.39,0.36,2026-07-15,0807,N20,VIIRS,n,2.0NRT,306.31,4.77,D
14.66484,79.55153,332.42,0.41,0.37,2026-07-15,0807,N20,VIIRS,l,2.0NRT,305.38,1.41,D
14.75168,79.96092,334.02,0.42,0.38,2026-07-15,0807,N20,VIIRS,n,2.0NRT,300.31,1.46,D
14.64077,78.30442,338.75,0.39,0.36,2026-07-15,0807,N20,VIIRS,n,2.0NRT,307.71,3.21,D
14.77605,79.16719,349.95,0.4,0.37,2026-07-15,0807,N20,VIIRS,n,2.0NRT,302.05,3.84,D
14.77442,79.15614,337.81,0.4,0.37,2026-07-15,0807,N20,VIIRS,n,2.0NRT,300.96,3.31,D
14.77885,79.16286,333.48,0.4,0.37,2026-07-15,0807,N20,VIIRS,n,2.0NRT,297.23,3.84,D
14.78344,79.14736,331.4,0.4,0.37,2026-07-15,0807,N20,VIIRS,n,2.0NRT,300.63,1.85,D
14.76129,78.99747,335.56,0.4,0.37,2026-07-15,0807,N20,VIIRS,n,2.0NRT,305.27,2.88,D
14.84421,79.01043,350.55,0.4,0.37,2026-07-15,0807,N20,VIIRS,n,2.0NRT,309.68,24.28,D
15.00847,79.99408,333,0.42,0.38,2026-07-15,0807,N20,VIIRS,n,2.0NRT,290.84,2.3,D
14.89213,78.83093,331.2,0.39,0.36,2026-07-15,0807,N20,VIIRS,n,2.0NRT,300.86,2.85,D
15.07415,79.1926,334.43,0.4,0.37,2026-07-15,0809,N20,VIIRS,n,2.0NRT,298.51,2.89,D
15.07362,79.18896,344.52,0.4,0.37,2026-07-15,0809,N20,VIIRS,n,2.0NRT,301.28,5.14,D
15.12793,79.21928,335.82,0.4,0.37,2026-07-15,0809,N20,VIIRS,n,2.0NRT,301.82,3.69,D
15.15671,79.08531,331.17,0.4,0.37,2026-07-15,0809,N20,VIIRS,n,2.0NRT,297.9,1.62,D
15.31399,80.03011,334.29,0.43,0.38,2026-07-15,0809,N20,VIIRS,n,2.0NRT,292.46,2.84,D
15.35043,79.57822,334.73,0.41,0.37,2026-07-15,0809,N20,VIIRS,n,2.0NRT,300.46,2.76,D
15.22241,78.15461,339.7,0.39,0.36,2026-07-15,0809,N20,VIIRS,n,2.0NRT,309.54,9.11,D
15.51042,80.01289,340.06,0.43,0.38,2026-07-15,0809,N20,VIIRS,n,2.0NRT,298.06,5.83,D
15.54019,79.78301,338.5,0.42,0.38,2026-07-15,0809,N20,VIIRS,n,2.0NRT,307.14,4.38,D
15.1747,76.69284,336.86,0.39,0.36,2026-07-15,0809,N20,VIIRS,l,2.0NRT,305.93,3.11,D
15.17351,76.66339,341.15,0.39,0.36,2026-07-15,0809,N20,VIIRS,n,2.0NRT,307.01,7.77,D
15.17598,76.65919,341.15,0.39,0.36,2026-07-15,0809,N20,VIIRS,l,2.0NRT,309.82,6.14,D
15.17541,76.65558,339.1,0.39,0.36,2026-07-15,0809,N20,VIIRS,l,2.0NRT,311.64,7.06,D
15.18101,76.66946,341.2,0.39,0.36,2026-07-15,0809,N20,VIIRS,l,2.0NRT,311.21,7.44,D
15.52951,78.59909,335.98,0.39,0.36,2026-07-15,0809,N20,VIIRS,n,2.0NRT,304.07,4.15,D
15.21927,76.18346,335.81,0.4,0.37,2026-07-15,0809,N20,VIIRS,l,2.0NRT,305.68,7.98,D
15.77945,79.84379,333.58,0.42,0.38,2026-07-15,0809,N20,VIIRS,n,2.0NRT,296.05,1.05,D
15.40483,76.99299,336.29,0.39,0.36,2026-07-15,0809,N20,VIIRS,n,2.0NRT,307.56,3.06,D
15.76731,78.01015,340.53,0.39,0.36,2026-07-15,0809,N20,VIIRS,n,2.0NRT,304.83,10.21,D
16.04837,79.91297,334.98,0.43,0.38,2026-07-15,0809,N20,VIIRS,n,2.0NRT,302.27,3.18,D
16.1597,79.93378,337.43,0.43,0.38,2026-07-15,0809,N20,VIIRS,n,2.0NRT,296.49,3.86,D
16.32714,80.09936,338.11,0.44,0.38,2026-07-15,0809,N20,VIIRS,n,2.0NRT,293.57,3.52,D
16.13618,78.77927,345.05,0.4,0.37,2026-07-15,0809,N20,VIIRS,n,2.0NRT,303.24,5.04,D
16.33833,79.86663,331.55,0.43,0.38,2026-07-15,0809,N20,VIIRS,n,2.0NRT,298.74,2.4,D
16.44818,78.25304,343.35,0.39,0.36,2026-07-15,0809,N20,VIIRS,n,2.0NRT,306.46,3.73,D
16.60739,79.08126,330.13,0.41,0.37,2026-07-15,0809,N20,VIIRS,n,2.0NRT,293.32,2.49,D
16.56238,78.29066,335.96,0.39,0.36,2026-07-15,0809,N20,VIIRS,l,2.0NRT,306.26,1.71,D
16.76895,79.35117,347.6,0.42,0.37,2026-07-15,0809,N20,VIIRS,n,2.0NRT,286.14,6.46,D
16.86675,79.03306,339.06,0.41,0.37,2026-07-15,0809,N20,VIIRS,n,2.0NRT,293.43,4.22,D
17.04126,79.15485,335.5,0.41,0.37,2026-07-15,0809,N20,VIIRS,n,2.0NRT,295.27,2.67,D
17.18564,79.13667,335.29,0.41,0.37,2026-07-15,0809,N20,VIIRS,n,2.0NRT,301.59,1.34,D
17.35307,79.30625,336.34,0.42,0.38,2026-07-15,0809,N20,VIIRS,n,2.0NRT,299.49,3.56,D
17.35651,79.30573,334.35,0.42,0.38,2026-07-15,0809,N20,VIIRS,n,2.0NRT,300.84,4.86,D
17.49347,78.79517,339.9,0.4,0.37,2026-07-15,0809,N20,VIIRS,n,2.0NRT,308.82,7.55,D
17.59834,79.08887,335.7,0.41,0.37,2026-07-15,0809,N20,VIIRS,n,2.0NRT,303.04,4.67,D
18.1518,79.67554,336.38,0.44,0.38,2026-07-15,0809,N20,VIIRS,n,2.0NRT,304.84,3.97,D
18.42052,78.62627,330.47,0.41,0.37,2026-07-15,0809,N20,VIIRS,l,2.0NRT,304.97,3.44,D
18.43126,77.832,330.58,0.39,0.36,2026-07-15,0809,N20,VIIRS,l,2.0NRT,304.33,1.14,D
18.11267,74.92767,332.54,0.41,0.37,2026-07-15,0809,N20,VIIRS,l,2.0NRT,300.05,2.57,D
18.79208,78.93068,347.66,0.42,0.37,2026-07-15,0809,N20,VIIRS,n,2.0NRT,306.04,5.74,D
18.78488,78.63297,340.39,0.41,0.37,2026-07-15,0809,N20,VIIRS,n,2.0NRT,302.53,3.91,D
19.0369,78.29153,330.1,0.4,0.37,2026-07-15,0809,N20,VIIRS,n,2.0NRT,299.46,3.54,D
19.04646,78.28613,336.41,0.4,0.37,2026-07-15,0809,N20,VIIRS,n,2.0NRT,301.02,3.35,D
19.89794,78.12733,338.01,0.4,0.37,2026-07-15,0809,N20,VIIRS,n,2.0NRT,304.54,3.57,D
19.91553,74.92828,331.65,0.4,0.37,2026-07-15,0809,N20,VIIRS,l,2.0NRT,301.67,4.21,D
21.10304,72.64526,336.74,0.47,0.4,2026-07-15,0809,N20,VIIRS,l,2.0NRT,295.87,10.79,D
21.10147,72.63626,341.64,0.47,0.4,2026-07-15,0809,N20,VIIRS,n,2.0NRT,296.64,13.03,D
23.71213,86.45193,330.59,0.43,0.62,2026-07-15,0811,N20,VIIRS,n,2.0NRT,290.09,7.74,D
23.0023,77.60857,331.6,0.41,0.37,2026-07-15,0811,N20,VIIRS,n,2.0NRT,296.96,2.15,D
25.59535,78.06668,330.27,0.44,0.39,2026-07-15,0811,N20,VIIRS,n,2.0NRT,296.96,3.11,D
25.59314,78.02229,332.61,0.44,0.38,2026-07-15,0811,N20,VIIRS,n,2.0NRT,296.45,2.09,D
25.60594,78.065,330.62,0.44,0.39,2026-07-15,0811,N20,VIIRS,n,2.0NRT,296.23,2.71,D
25.62175,78.10297,341.36,0.44,0.39,2026-07-15,0811,N20,VIIRS,n,2.0NRT,297.32,5.51,D
25.61422,78.04578,336.36,0.44,0.38,2026-07-15,0811,N20,VIIRS,n,2.0NRT,296.96,3.93,D
26.64226,79.48401,336.94,0.53,0.42,2026-07-15,0811,N20,VIIRS,n,2.0NRT,297.45,6.35,D
26.6319,79.26785,334.07,0.51,0.41,2026-07-15,0811,N20,VIIRS,n,2.0NRT,295.13,3.01,D
28.02522,75.76341,339.42,0.39,0.37,2026-07-15,0811,N20,VIIRS,n,2.0NRT,303.28,5.56,D
30.77537,76.21571,335.57,0.42,0.38,2026-07-15,0813,N20,VIIRS,n,2.0NRT,300.8,2.26,D
30.88434,76.14273,333.51,0.42,0.38,2026-07-15,0813,N20,VIIRS,n,2.0NRT,301.18,2.61,D
30.90398,76.18416,334.31,0.42,0.38,2026-07-15,0813,N20,VIIRS,n,2.0NRT,301.51,3.85,D
30.90742,76.18354,336.96,0.42,0.38,2026-07-15,0813,N20,VIIRS,n,2.0NRT,304.4,7.42,D
30.90927,75.40314,337.06,0.4,0.37,2026-07-15,0813,N20,VIIRS,n,2.0NRT,299.55,3,D
30.95016,75.34042,341.12,0.4,0.37,2026-07-15,0813,N20,VIIRS,n,2.0NRT,299.49,3.61,D
31.06244,75.52641,341.68,0.41,0.37,2026-07-15,0813,N20,VIIRS,n,2.0NRT,300.9,3.65,D
31.09349,75.29311,336.62,0.4,0.37,2026-07-15,0813,N20,VIIRS,n,2.0NRT,299.7,2.32,D
31.14696,74.87949,330.13,0.39,0.36,2026-07-15,0813,N20,VIIRS,l,2.0NRT,304.18,3.06,D
31.1497,74.87474,330.57,0.39,0.36,2026-07-15,0813,N20,VIIRS,l,2.0NRT,304.48,3.06,D
31.24065,75.4735,333.49,0.41,0.37,2026-07-15,0813,N20,VIIRS,n,2.0NRT,300.62,2.65,D
31.45518,75.4829,339.33,0.41,0.37,2026-07-15,0813,N20,VIIRS,n,2.0NRT,302.38,3.28,D
31.44495,75.25894,351.56,0.4,0.37,2026-07-15,0813,N20,VIIRS,n,2.0NRT,301.27,5.58,D
33.41989,75.5211,295.4,0.45,0.39,2026-07-15,2036,N20,VIIRS,n,2.0NRT,284.35,0.66,N
31.32999,76.89369,305.85,0.4,0.37,2026-07-15,2038,N20,VIIRS,n,2.0NRT,292.7,0.94,N
31.25025,76.93073,305.75,0.4,0.37,2026-07-15,2038,N20,VIIRS,n,2.0NRT,292.12,0.42,N
31.03033,76.61974,313.17,0.4,0.37,2026-07-15,2038,N20,VIIRS,n,2.0NRT,295.45,4.79,N
31.02698,76.61909,332.78,0.4,0.37,2026-07-15,2038,N20,VIIRS,n,2.0NRT,296.18,4.79,N
30.88996,75.90708,309.23,0.42,0.37,2026-07-15,2038,N20,VIIRS,n,2.0NRT,294.62,0.87,N
28.85231,77.14545,307.65,0.39,0.36,2026-07-15,2038,N20,VIIRS,n,2.0NRT,293.53,2.59,N
28.66248,77.57969,311.99,0.38,0.36,2026-07-15,2038,N20,VIIRS,n,2.0NRT,293.49,3.39,N
28.77409,76.69877,315.05,0.39,0.36,2026-07-15,2038,N20,VIIRS,n,2.0NRT,293.61,2.43,N
28.7129,76.83319,311.06,0.39,0.36,2026-07-15,2038,N20,VIIRS,n,2.0NRT,293.81,2.46,N
27.66737,76.12877,313.25,0.39,0.36,2026-07-15,2038,N20,VIIRS,n,2.0NRT,293.5,1.69,N
23.6926,87.12192,302.87,0.42,0.61,2026-07-15,2038,N20,VIIRS,n,2.0NRT,270.27,0.79,N
23.69172,87.10055,300.24,0.41,0.61,2026-07-15,2038,N20,VIIRS,n,2.0NRT,273.36,1.37,N
23.68714,87.12048,298.95,0.42,0.61,2026-07-15,2038,N20,VIIRS,n,2.0NRT,271.63,0.79,N
23.56295,87.08366,308.48,0.42,0.61,2026-07-15,2038,N20,VIIRS,n,2.0NRT,276.7,1.8,N
23.73793,85.00925,297.32,0.61,0.54,2026-07-15,2038,N20,VIIRS,n,2.0NRT,277.91,2.95,N
24.93475,74.63271,308.18,0.41,0.37,2026-07-15,2038,N20,VIIRS,n,2.0NRT,294.06,0.97,N
24.76365,74.60847,317.65,0.41,0.37,2026-07-15,2040,N20,VIIRS,n,2.0NRT,295.29,1.79,N
24.66203,74.63297,308.43,0.41,0.37,2026-07-15,2040,N20,VIIRS,n,2.0NRT,295.04,1.11,N
24.82134,73.0951,307.19,0.47,0.4,2026-07-15,2040,N20,VIIRS,n,2.0NRT,294.43,2.87,N
23.26534,70.25816,305.79,0.42,0.45,2026-07-15,2040,N20,VIIRS,n,2.0NRT,290.43,2.7,N
22.26646,75.13486,310.49,0.39,0.36,2026-07-15,2040,N20,VIIRS,n,2.0NRT,293.73,1.02,N
22.93507,69.69678,305.79,0.45,0.47,2026-07-15,2040,N20,VIIRS,n,2.0NRT,291.3,3.67,N
21.33718,78.96969,306.57,0.46,0.39,2026-07-15,2040,N20,VIIRS,n,2.0NRT,284.28,0.9,N
21.10408,72.63596,299.98,0.45,0.39,2026-07-15,2040,N20,VIIRS,n,2.0NRT,276.6,1.2,N
19.93725,73.71325,307.95,0.4,0.37,2026-07-15,2040,N20,VIIRS,n,2.0NRT,290.54,1.4,N
18.68494,73.04062,331.83,0.41,0.37,2026-07-15,2040,N20,VIIRS,n,2.0NRT,284.94,2.66,N
18.68474,73.04117,332.4,0.41,0.37,2026-07-15,2040,N20,VIIRS,n,2.0NRT,285.56,3.63,N
18.38421,74.48208,300.79,0.39,0.36,2026-07-15,2040,N20,VIIRS,n,2.0NRT,285.74,0.28,N
15.1719,76.68214,306.94,0.43,0.38,2026-07-15,2042,N20,VIIRS,n,2.0NRT,285.81,1.47,N
16.19083,76.061,327.68,0.4,0.37,2026-07-15,2042,N20,VIIRS,n,2.0NRT,290.2,1.64,N
16.19021,76.0647,305.83,0.4,0.37,2026-07-15,2042,N20,VIIRS,n,2.0NRT,289.92,1.64,N
16.20427,75.20987,301,0.39,0.36,2026-07-15,2042,N20,VIIRS,n,2.0NRT,285.89,0.32,N
15.33857,76.27811,309.13,0.41,0.37,2026-07-15,2042,N20,VIIRS,n,2.0NRT,284.92,1.05,N
15.33794,76.28191,308.33,0.41,0.37,2026-07-15,2042,N20,VIIRS,n,2.0NRT,284.49,1.05,N
15.33391,76.2851,303.28,0.41,0.37,2026-07-15,2042,N20,VIIRS,n,2.0NRT,284.61,0.65,N
15.33328,76.28893,302.52,0.41,0.37,2026-07-15,2042,N20,VIIRS,n,2.0NRT,285.52,0.65,N
15.18148,76.66772,308.77,0.43,0.38,2026-07-15,2042,N20,VIIRS,n,2.0NRT,284.12,2.09,N
15.18004,76.65532,309.48,0.43,0.38,2026-07-15,2042,N20,VIIRS,n,2.0NRT,289.62,1.63,N
15.17669,76.67494,303.1,0.43,0.38,2026-07-15,2042,N20,VIIRS,n,2.0NRT,285.44,1.38,N
15.17602,76.67886,303.89,0.43,0.38,2026-07-15,2042,N20,VIIRS,n,2.0NRT,286.2,1.19,N
15.17401,76.69062,312.61,0.43,0.38,2026-07-15,2042,N20,VIIRS,n,2.0NRT,286.42,1.89,N
15.17593,76.65862,327.28,0.43,0.38,2026-07-15,2042,N20,VIIRS,n,2.0NRT,290.59,2.3,N
15.17525,76.66255,337.79,0.43,0.38,2026-07-15,2042,N20,VIIRS,n,2.0NRT,288.76,3.71,N
15.17123,76.68606,320.95,0.43,0.38,2026-07-15,2042,N20,VIIRS,n,2.0NRT,287.13,1.83,N
15.17659,76.65469,312.74,0.43,0.38,2026-07-15,2042,N20,VIIRS,n,2.0NRT,291.11,2.3,N
15.17181,76.66191,317.01,0.43,0.38,2026-07-15,2042,N20,VIIRS,n,2.0NRT,289.56,3.71,N
15.17047,76.66975,305.42,0.43,0.38,2026-07-15,2042,N20,VIIRS,n,2.0NRT,287.89,1.42,N
15.17284,76.66306,332.47,0.43,0.38,2026-07-15,2042,N20,VIIRS,n,2.0NRT,290.69,7.29,N
15.17415,76.65519,310.25,0.43,0.38,2026-07-15,2042,N20,VIIRS,n,2.0NRT,288.62,1.67,N
15.16743,76.67416,306.9,0.43,0.38,2026-07-15,2042,N20,VIIRS,n,2.0NRT,287.34,2.09,N
13.73158,79.28012,296.05,0.4,0.45,2026-07-15,2042,N20,VIIRS,n,2.0NRT,270.36,0.4,N
13.72518,79.29259,297.54,0.41,0.45,2026-07-15,2042,N20,VIIRS,n,2.0NRT,269.49,0.44,N
13.72345,79.30231,299.59,0.41,0.45,2026-07-15,2042,N20,VIIRS,n,2.0NRT,265.34,0.35,N
13.44425,75.9399,302.34,0.42,0.37,2026-07-15,2042,N20,VIIRS,n,2.0NRT,289.26,0.52,N
12.71561,78.19357,314.18,0.54,0.42,2026-07-15,2042,N20,VIIRS,n,2.0NRT,286.32,2.27,N
11.51129,77.55211,301,0.52,0.41,2026-07-15,2042,N20,VIIRS,n,2.0NRT,280.24,0.29,N
10.92932,77.06499,318.57,0.5,0.41,2026-07-15,2042,N20,VIIRS,n,2.0NRT,274.28,2.23,N
9.53694,78.55453,336.42,0.4,0.44,2026-07-16,0748,N20,VIIRS,n,2.0NRT,290.09,2.57,D
9.5299,78.53727,336.26,0.4,0.44,2026-07-16,0748,N20,VIIRS,n,2.0NRT,295.55,3.2,D
9.72177,78.72839,334.87,0.39,0.44,2026-07-16,0748,N20,VIIRS,n,2.0NRT,287.95,1.27,D
9.12829,78.03392,341.12,0.44,0.46,2026-07-16,0748,N20,VIIRS,n,2.0NRT,296.33,2.79,D
12.06849,79.85098,335.32,0.47,0.39,2026-07-16,0750,N20,VIIRS,l,2.0NRT,307.78,2.95,D
12.21145,79.92303,335.42,0.46,0.39,2026-07-16,0750,N20,VIIRS,l,2.0NRT,308.59,4.73,D
12.36853,79.78903,339.81,0.47,0.39,2026-07-16,0750,N20,VIIRS,l,2.0NRT,311.47,4.42,D
12.4689,79.62034,334.89,0.47,0.4,2026-07-16,0750,N20,VIIRS,l,2.0NRT,307.77,4.03,D
12.45474,79.35731,337.37,0.49,0.4,2026-07-16,0750,N20,VIIRS,n,2.0NRT,303.42,6.17,D
12.66854,79.92146,336.08,0.46,0.39,2026-07-16,0750,N20,VIIRS,l,2.0NRT,307.97,4.95,D
13.03057,80.04868,330.13,0.45,0.39,2026-07-16,0750,N20,VIIRS,l,2.0NRT,301.93,3.51,D
12.93515,79.37935,331.5,0.48,0.4,2026-07-16,0750,N20,VIIRS,n,2.0NRT,296.51,1.87,D
13.20762,80.29185,339.14,0.43,0.38,2026-07-16,0750,N20,VIIRS,l,2.0NRT,302.79,10.18,D
13.25784,80.21797,335.87,0.44,0.38,2026-07-16,0750,N20,VIIRS,l,2.0NRT,300.12,2.09,D
13.88605,80.1543,330.71,0.43,0.38,2026-07-16,0750,N20,VIIRS,l,2.0NRT,298.14,4.2,D
13.73649,77.44251,334.37,0.4,0.44,2026-07-16,0750,N20,VIIRS,n,2.0NRT,291.91,2.6,D
13.76427,77.50519,331.69,0.4,0.44,2026-07-16,0750,N20,VIIRS,n,2.0NRT,290.65,2.48,D
14.26176,80.12791,336.36,0.43,0.38,2026-07-16,0750,N20,VIIRS,l,2.0NRT,291.92,5.7,D
14.63433,77.35945,343.57,0.39,0.44,2026-07-16,0750,N20,VIIRS,n,2.0NRT,270.31,4.01,D
14.76503,77.03412,331.92,0.41,0.45,2026-07-16,0750,N20,VIIRS,n,2.0NRT,284.18,3.64,D
15.18731,76.74755,345.57,0.42,0.45,2026-07-16,0750,N20,VIIRS,n,2.0NRT,269.25,5.8,D
20.07484,74.14079,330.99,0.5,0.49,2026-07-16,0752,N20,VIIRS,n,2.0NRT,291.59,3.75,D
21.10445,72.64587,335.05,0.6,0.53,2026-07-16,0752,N20,VIIRS,n,2.0NRT,286.31,8.95,D
23.67729,86.4007,335.45,0.43,0.46,2026-07-16,0752,N20,VIIRS,n,2.0NRT,295.45,10.56,D
23.6852,86.39531,331.44,0.43,0.46,2026-07-16,0752,N20,VIIRS,n,2.0NRT,292.49,3.4,D
23.71303,86.45126,335.63,0.43,0.46,2026-07-16,0752,N20,VIIRS,n,2.0NRT,294.31,6.47,D
23.73681,86.43526,339.09,0.43,0.46,2026-07-16,0752,N20,VIIRS,n,2.0NRT,294.65,7.37,D
23.73721,86.43575,337.88,0.43,0.46,2026-07-16,0752,N20,VIIRS,n,2.0NRT,293.03,5.52,D
23.64749,85.44027,336.48,0.56,0.43,2026-07-16,0752,N20,VIIRS,n,2.0NRT,294.6,4.94,D
23.82252,84.57347,335.16,0.51,0.41,2026-07-16,0752,N20,VIIRS,n,2.0NRT,295.12,4.31,D
24.86659,78.14019,367,0.41,0.37,2026-07-16,0752,N20,VIIRS,h,2.0NRT,292.72,15.7,D
25.88776,72.90572,334.23,0.46,0.47,2026-07-16,0754,N20,VIIRS,n,2.0NRT,300.59,2.34,D
25.77057,73.47473,333.84,0.43,0.46,2026-07-16,0754,N20,VIIRS,n,2.0NRT,300.99,3.76,D
25.86353,72.1926,343.51,0.51,0.5,2026-07-16,0754,N20,VIIRS,n,2.0NRT,299.34,5.87,D
26.76386,70.40228,336.47,0.63,0.54,2026-07-16,0754,N20,VIIRS,n,2.0NRT,302.52,4.13,D
27.41405,70.48518,340.04,0.6,0.53,2026-07-16,0754,N20,VIIRS,n,2.0NRT,302.54,4.14,D
30.73457,76.22543,339.6,0.41,0.37,2026-07-16,0754,N20,VIIRS,n,2.0NRT,299.57,4.6,D
30.91678,75.4222,335.42,0.44,0.38,2026-07-16,0754,N20,VIIRS,l,2.0NRT,299.8,4.42,D
31.44144,75.25272,339.13,0.44,0.38,2026-07-16,0756,N20,VIIRS,n,2.0NRT,300.06,6,D
23.69408,68.57085,330.59,0.64,0.72,2026-07-16,0934,N20,VIIRS,n,2.0NRT,289.9,5.05,D
31.03008,76.61686,311.08,0.42,0.46,2026-07-16,2017,N20,VIIRS,n,2.0NRT,287.62,1.75,N
23.76093,85.85598,307.07,0.54,0.42,2026-07-16,2019,N20,VIIRS,n,2.0NRT,288.22,2.71,N
23.77346,86.19603,309.97,0.56,0.43,2026-07-16,2019,N20,VIIRS,n,2.0NRT,289.27,4.9,N
24.92485,84.15578,307.63,0.43,0.38,2026-07-16,2019,N20,VIIRS,n,2.0NRT,290.35,3.37,N
24.92981,84.14806,308.82,0.43,0.38,2026-07-16,2019,N20,VIIRS,n,2.0NRT,290.17,3.07,N
27.84864,72.34029,309.6,0.35,0.57,2026-07-16,2019,N20,VIIRS,n,2.0NRT,292.24,1.32,N
22.2662,75.13141,304.21,0.4,0.45,2026-07-16,2019,N20,VIIRS,n,2.0NRT,286.88,1.15,N
22.93242,69.6953,304.6,0.46,0.63,2026-07-16,2019,N20,VIIRS,n,2.0NRT,287.25,1.46,N
23.1064,70.1871,301.02,0.43,0.62,2026-07-16,2019,N20,VIIRS,n,2.0NRT,287.32,0.99,N
22.05394,88.12698,303.89,0.52,0.5,2026-07-16,2019,N20,VIIRS,n,2.0NRT,287.82,3.12,N
24.76246,74.60758,305.32,0.47,0.48,2026-07-16,2019,N20,VIIRS,n,2.0NRT,288.03,1.11,N
24.71557,75.95248,307.76,0.39,0.44,2026-07-16,2019,N20,VIIRS,n,2.0NRT,290.36,2.36,N
23.68582,85.36156,301.37,0.51,0.41,2026-07-16,2019,N20,VIIRS,n,2.0NRT,286.68,1.31,N
23.69604,85.36887,316.32,0.51,0.41,2026-07-16,2019,N20,VIIRS,n,2.0NRT,288.08,3.36,N
23.74393,85.50732,300.49,0.51,0.41,2026-07-16,2019,N20,VIIRS,n,2.0NRT,287.02,0.62,N
23.75712,85.85512,315.33,0.54,0.42,2026-07-16,2019,N20,VIIRS,n,2.0NRT,290.51,2.71,N
23.78249,85.57456,307.36,0.52,0.41,2026-07-16,2019,N20,VIIRS,n,2.0NRT,290.47,2.12,N
18.76352,74.28097,298.57,0.41,0.45,2026-07-16,2021,N20,VIIRS,n,2.0NRT,274.51,0.3,N
19.93643,73.71084,306.69,0.46,0.47,2026-07-16,2021,N20,VIIRS,n,2.0NRT,286.41,1.22,N
21.10358,72.64796,308.65,0.56,0.51,2026-07-16,2021,N20,VIIRS,n,2.0NRT,287.99,5.79,N
21.10481,72.63719,309.64,0.56,0.51,2026-07-16,2021,N20,VIIRS,n,2.0NRT,288.35,4.16,N
21.1042,72.64258,323.45,0.56,0.51,2026-07-16,2021,N20,VIIRS,n,2.0NRT,287.94,4.16,N
21.1018,72.6333,309.41,0.56,0.51,2026-07-16,2021,N20,VIIRS,n,2.0NRT,288.28,5.27,N
21.10538,72.64471,317.44,0.56,0.51,2026-07-16,2021,N20,VIIRS,n,2.0NRT,287.97,5.12,N
18.76245,74.28031,299.77,0.41,0.45,2026-07-16,2021,N20,VIIRS,n,2.0NRT,274.56,1,N
9.20963,77.29976,309.25,0.38,0.36,2026-07-16,2023,N20,VIIRS,n,2.0NRT,294.5,7.02,N
10.65865,77.31594,307.15,0.39,0.36,2026-07-16,2023,N20,VIIRS,n,2.0NRT,293.11,0.75,N
10.61489,77.42099,313.07,0.39,0.36,2026-07-16,2023,N20,VIIRS,n,2.0NRT,293.9,1,N
9.45786,77.92679,308.17,0.38,0.36,2026-07-16,2023,N20,VIIRS,n,2.0NRT,297.57,0.66,N
9.23008,77.30328,332.65,0.38,0.36,2026-07-16,2023,N20,VIIRS,n,2.0NRT,296.32,3.26,N
9.23063,77.29984,310.6,0.38,0.36,2026-07-16,2023,N20,VIIRS,n,2.0NRT,294.21,9.42,N
9.22733,77.29933,347.45,0.38,0.36,2026-07-16,2023,N20,VIIRS,n,2.0NRT,300.56,9.42,N
9.22679,77.30277,338.03,0.38,0.36,2026-07-16,2023,N20,VIIRS,n,2.0NRT,297,3.26,N
9.2257,77.30964,345.36,0.38,0.36,2026-07-16,2023,N20,VIIRS,n,2.0NRT,298.59,6.34,N
9.22624,77.3062,310.72,0.38,0.36,2026-07-16,2023,N20,VIIRS,n,2.0NRT,295.79,3.26,N
9.22337,77.29838,337.14,0.38,0.36,2026-07-16,2023,N20,VIIRS,n,2.0NRT,296.7,5.25,N
9.22283,77.30182,341.39,0.38,0.36,2026-07-16,2023,N20,VIIRS,n,2.0NRT,297.12,6.72,N
9.22122,77.31213,307.13,0.38,0.36,2026-07-16,2023,N20,VIIRS,n,2.0NRT,296.12,2.08,N
9.22007,77.29787,318.61,0.38,0.36,2026-07-16,2023,N20,VIIRS,n,2.0NRT,294.08,5.25,N
9.21677,77.29736,331.22,0.38,0.36,2026-07-16,2023,N20,VIIRS,n,2.0NRT,295.8,7.98,N
9.2173,77.29394,310.49,0.38,0.36,2026-07-16,2023,N20,VIIRS,n,2.0NRT,292.51,7.98,N
9.21454,77.29,326.73,0.38,0.36,2026-07-16,2023,N20,VIIRS,n,2.0NRT,290.9,2.23,N
9.214,77.29343,349.96,0.38,0.36,2026-07-16,2023,N20,VIIRS,n,2.0NRT,295.56,7.98,N
9.21347,77.29685,339.05,0.38,0.36,2026-07-16,2023,N20,VIIRS,n,2.0NRT,300.02,7.98,N
9.21239,77.30374,306.05,0.38,0.36,2026-07-16,2023,N20,VIIRS,n,2.0NRT,293.97,2.12,N
9.20909,77.30321,351.91,0.38,0.36,2026-07-16,2023,N20,VIIRS,n,2.0NRT,298.33,7.02,N
9.20634,77.29922,354.18,0.38,0.36,2026-07-16,2023,N20,VIIRS,n,2.0NRT,302.36,7.02,N
9.2058,77.30267,339.72,0.38,0.36,2026-07-16,2023,N20,VIIRS,n,2.0NRT,296.1,7.02,N
9.20688,77.29578,306.74,0.38,0.36,2026-07-16,2023,N20,VIIRS,n,2.0NRT,293.81,2.1,N
8.84957,78.13499,306.46,0.39,0.36,2026-07-16,2023,N20,VIIRS,n,2.0NRT,295.91,1,N
12.85021,77.60069,303.58,0.39,0.36,2026-07-16,2023,N20,VIIRS,n,2.0NRT,289.08,0.64,N
12.7452,77.62096,328.32,0.39,0.36,2026-07-16,2023,N20,VIIRS,n,2.0NRT,289.92,2,N
12.62408,77.89861,304.31,0.39,0.36,2026-07-16,2023,N20,VIIRS,n,2.0NRT,290.9,0.57,N
11.81505,77.91851,321.47,0.38,0.36,2026-07-16,2023,N20,VIIRS,n,2.0NRT,294.48,1.96,N
11.81066,77.92497,310.38,0.38,0.36,2026-07-16,2023,N20,VIIRS,n,2.0NRT,295.67,1.43,N
22.3349,69.86817,295.4,0.72,0.76,2026-07-16,2201,N20,VIIRS,n,2.0NRT,284.21,4.27,N
23.05871,69.76537,304.51,0.68,0.74,2026-07-16,2201,N20,VIIRS,n,2.0NRT,283.83,1.34,N
12.7544,79.80257,333.7,0.6,0.53,2026-07-17,0729,N20,VIIRS,n,2.0NRT,295.1,6.12,D
12.87122,79.43102,342.47,0.63,0.54,2026-07-17,0729,N20,VIIRS,n,2.0NRT,293.36,11.79,D
12.8723,79.43669,340.66,0.63,0.54,2026-07-17,0729,N20,VIIRS,n,2.0NRT,293.46,11.79,D
12.87506,79.43294,340.85,0.63,0.54,2026-07-17,0729,N20,VIIRS,n,2.0NRT,294.08,7.17,D
12.87014,79.4339,354.09,0.63,0.54,2026-07-17,0729,N20,VIIRS,n,2.0NRT,295.06,16.88,D
12.80231,79.4529,335.55,0.63,0.54,2026-07-17,0729,N20,VIIRS,n,2.0NRT,293.39,3.89,D
11.63689,79.29222,331.14,0.34,0.56,2026-07-17,0729,N20,VIIRS,n,2.0NRT,292.78,2.43,D
10.30604,79.35057,340.55,0.35,0.57,2026-07-17,0729,N20,VIIRS,n,2.0NRT,294.2,4.53,D
9.68072,78.95162,330.75,0.39,0.59,2026-07-17,0729,N20,VIIRS,n,2.0NRT,294.88,1.45,D
9.44717,78.67255,338.5,0.41,0.6,2026-07-17,0729,N20,VIIRS,n,2.0NRT,293.47,3.77,D
9.41921,78.79755,330.01,0.4,0.6,2026-07-17,0729,N20,VIIRS,n,2.0NRT,294.88,0.76,D
14.16733,76.78849,334.76,0.45,0.63,2026-07-17,0731,N20,VIIRS,n,2.0NRT,284.63,4.07,D
13.88339,77.79968,344.65,0.39,0.59,2026-07-17,0731,N20,VIIRS,n,2.0NRT,287.69,2.76,D
13.08752,79.842,332.23,0.58,0.52,2026-07-17,0731,N20,VIIRS,n,2.0NRT,295.29,6.99,D
14.07671,79.13928,336.36,0.63,0.54,2026-07-17,0731,N20,VIIRS,n,2.0NRT,279.66,10.13,D
14.07181,79.1403,345.58,0.63,0.54,2026-07-17,0731,N20,VIIRS,n,2.0NRT,284.41,10.13,D
25.45664,86.96337,345.54,0.42,0.38,2026-07-17,0733,N20,VIIRS,n,2.0NRT,292.77,7.87,D
23.79415,86.35323,338.68,0.4,0.37,2026-07-17,0733,N20,VIIRS,n,2.0NRT,297.87,5.81,D
31.20271,75.5015,335.51,0.48,0.48,2026-07-17,0735,N20,VIIRS,n,2.0NRT,295.45,4.05,D
31.40735,75.17533,332.72,0.5,0.49,2026-07-17,0735,N20,VIIRS,n,2.0NRT,295.73,3.22,D
31.18654,75.49041,338.02,0.49,0.48,2026-07-17,0735,N20,VIIRS,n,2.0NRT,296.52,9.52,D
30.85322,75.52117,352.16,0.49,0.49,2026-07-17,0735,N20,VIIRS,n,2.0NRT,297.46,10.45,D
29.59698,76.10793,336.85,0.48,0.48,2026-07-17,0735,N20,VIIRS,n,2.0NRT,298.46,4.9,D
27.44026,70.62367,354.29,0.57,0.69,2026-07-17,0735,N20,VIIRS,n,2.0NRT,295.94,21.06,D
27.44171,70.62925,367,0.57,0.69,2026-07-17,0735,N20,VIIRS,h,2.0NRT,295.82,21.06,D
31.20179,75.49908,335.12,0.48,0.48,2026-07-17,0735,N20,VIIRS,n,2.0NRT,295.56,3.72,D
27.44411,70.62794,367,0.47,0.64,2026-07-17,0915,N20,VIIRS,h,2.0NRT,297.12,7.23,D
27.44446,70.63276,333.86,0.47,0.64,2026-07-17,0915,N20,VIIRS,n,2.0NRT,295.5,7.23,D
26.6407,79.4783,300.72,0.48,0.48,2026-07-17,2000,N20,VIIRS,n,2.0NRT,271.35,0.87,N
22.05062,88.10438,306.57,0.43,0.38,2026-07-17,2002,N20,VIIRS,n,2.0NRT,290.42,2.37,N
22.2675,75.1334,304.29,0.41,0.6,2026-07-17,2002,N20,VIIRS,n,2.0NRT,284.97,0.77,N
22.05394,88.12646,323.89,0.43,0.38,2026-07-17,2002,N20,VIIRS,n,2.0NRT,292.01,2.51,N
22.05466,88.12231,307.44,0.43,0.38,2026-07-17,2002,N20,VIIRS,n,2.0NRT,291.29,2.51,N
22.0512,88.12163,310.1,0.43,0.38,2026-07-17,2002,N20,VIIRS,n,2.0NRT,290.52,2.86,N
11.15247,78.02724,305.43,0.57,0.43,2026-07-17,2004,N20,VIIRS,n,2.0NRT,284.59,1.59,N
11.67514,79.0344,305.85,0.5,0.41,2026-07-17,2004,N20,VIIRS,n,2.0NRT,275.93,0.97,N
11.15137,78.02838,306.54,0.57,0.43,2026-07-17,2004,N20,VIIRS,n,2.0NRT,284.49,1.07,N
8.62892,77.88788,308.07,0.54,0.42,2026-07-17,2006,N20,VIIRS,n,2.0NRT,292.43,2.58,N
22.93592,69.69827,306.28,0.34,0.56,2026-07-17,2142,N20,VIIRS,n,2.0NRT,287.57,1.59,N
23.71875,87.98292,207.93,0.41,0.37,2026-07-18,0714,N20,VIIRS,l,2.0NRT,292.72,84.67,D
23.71745,87.97501,207.93,0.41,0.37,2026-07-18,0714,N20,VIIRS,l,2.0NRT,292.89,348.59,D
23.71473,87.97963,367,0.41,0.37,2026-07-18,0714,N20,VIIRS,h,2.0NRT,291.34,84.67,D
23.7181,87.97897,273.1,0.41,0.37,2026-07-18,0714,N20,VIIRS,l,2.0NRT,292.45,84.67,D
31.01746,75.52035,330.64,0.46,0.63,2026-07-18,0718,N20,VIIRS,n,2.0NRT,286.44,3.27,D
34.28052,75.33838,330.02,0.39,0.59,2026-07-18,0718,N20,VIIRS,n,2.0NRT,291.09,2.01,D
9.09859,77.43331,332.01,0.39,0.59,2026-07-18,0852,N20,VIIRS,n,2.0NRT,294.75,2.35,D
8.85068,78.02062,342.42,0.42,0.61,2026-07-18,0852,N20,VIIRS,n,2.0NRT,297.19,3.02,D
8.85345,78.01942,332.16,0.42,0.61,2026-07-18,0852,N20,VIIRS,n,2.0NRT,296.72,2.18,D
9.09906,77.4369,334.43,0.39,0.59,2026-07-18,0852,N20,VIIRS,n,2.0NRT,294.53,2.35,D
9.10452,77.4362,346.11,0.39,0.59,2026-07-18,0852,N20,VIIRS,n,2.0NRT,293.67,4.98,D
9.10015,77.43482,355.1,0.39,0.59,2026-07-18,0852,N20,VIIRS,n,2.0NRT,296.23,7.52,D
9.27242,77.47031,336.91,0.39,0.6,2026-07-18,0852,N20,VIIRS,n,2.0NRT,292.92,1.58,D
9.32521,77.74841,342.56,0.41,0.61,2026-07-18,0852,N20,VIIRS,n,2.0NRT,295.11,1.88,D
9.38813,77.83691,331.72,0.42,0.61,2026-07-18,0852,N20,VIIRS,n,2.0NRT,292.89,1.7,D
9.40513,77.62829,336.1,0.4,0.6,2026-07-18,0852,N20,VIIRS,n,2.0NRT,292.02,2.56,D
9.80107,78.3253,330.02,0.46,0.63,2026-07-18,0852,N20,VIIRS,n,2.0NRT,289.47,2.21,D
9.86117,77.86222,343.03,0.43,0.62,2026-07-18,0852,N20,VIIRS,n,2.0NRT,293.81,3.64,D
23.51026,69.26669,335.05,0.54,0.42,2026-07-18,0856,N20,VIIRS,n,2.0NRT,298.97,7.23,D
22.92626,70.10936,340.49,0.39,0.44,2026-07-18,0856,N20,VIIRS,n,2.0NRT,297.19,10.39,D
25.39528,75.65504,336.28,0.47,0.64,2026-07-18,0856,N20,VIIRS,n,2.0NRT,289.2,2.12,D
25.41014,73.0144,351.75,0.32,0.55,2026-07-18,0856,N20,VIIRS,n,2.0NRT,294.41,4.42,D
25.41518,73.01389,344.96,0.32,0.55,2026-07-18,0856,N20,VIIRS,n,2.0NRT,295.95,4.42,D
24.44244,71.59998,332.53,0.51,0.49,2026-07-18,0856,N20,VIIRS,n,2.0NRT,294.42,2.89,D
23.61309,71.65849,333.36,0.5,0.49,2026-07-18,0856,N20,VIIRS,n,2.0NRT,291.4,3.17,D
30.61226,74.08923,336.88,0.42,0.61,2026-07-18,0858,N20,VIIRS,n,2.0NRT,292.62,3.23,D
22.85664,86.05558,306.06,0.51,0.41,2026-07-18,1942,N20,VIIRS,n,2.0NRT,286.56,1.07,N
22.79806,86.2065,331.3,0.5,0.41,2026-07-18,1942,N20,VIIRS,n,2.0NRT,285.37,5.59,N
22.80999,86.08765,303.65,0.51,0.41,2026-07-18,1942,N20,VIIRS,n,2.0NRT,286.04,0.98,N
22.79121,86.2005,302.87,0.5,0.41,2026-07-18,1942,N20,VIIRS,n,2.0NRT,285.07,0.8,N
22.79056,86.2054,303.17,0.5,0.41,2026-07-18,1942,N20,VIIRS,n,2.0NRT,285.77,1.67,N
22.8018,86.09141,316.11,0.51,0.41,2026-07-18,1942,N20,VIIRS,n,2.0NRT,286.37,2.29,N
22.78746,86.19992,303.37,0.5,0.41,2026-07-18,1942,N20,VIIRS,n,2.0NRT,285.13,0.8,N
22.37924,87.28958,302.54,0.45,0.39,2026-07-18,1942,N20,VIIRS,n,2.0NRT,285.73,1.07,N
22.37748,87.27608,302.15,0.45,0.39,2026-07-18,1942,N20,VIIRS,n,2.0NRT,286.08,0.93,N
22.37689,87.28039,309.38,0.45,0.39,2026-07-18,1942,N20,VIIRS,n,2.0NRT,286.75,0.93,N
22.3669,87.01786,307.95,0.46,0.39,2026-07-18,1942,N20,VIIRS,n,2.0NRT,286.34,1.57,N
22.36332,87.01728,310.15,0.46,0.39,2026-07-18,1942,N20,VIIRS,n,2.0NRT,286.12,1.87,N
23.69677,87.09298,306.65,0.47,0.4,2026-07-18,1942,N20,VIIRS,n,2.0NRT,290.41,1.97,N
23.69495,87.10665,309.47,0.47,0.4,2026-07-18,1942,N20,VIIRS,n,2.0NRT,290.51,2.18,N
23.69435,87.11121,305.4,0.47,0.4,2026-07-18,1942,N20,VIIRS,n,2.0NRT,290.54,1.27,N
23.69313,87.12031,306.65,0.47,0.39,2026-07-18,1942,N20,VIIRS,n,2.0NRT,290.41,1.46,N
23.69252,87.12487,307.85,0.47,0.39,2026-07-18,1942,N20,VIIRS,n,2.0NRT,290.73,1.46,N
23.63417,86.83508,302.22,0.48,0.4,2026-07-18,1942,N20,VIIRS,n,2.0NRT,288.24,1.56,N
22.87493,86.06345,311.63,0.51,0.41,2026-07-18,1942,N20,VIIRS,n,2.0NRT,286.7,1.85,N
20.96373,85.17301,309.54,0.55,0.42,2026-07-18,1945,N20,VIIRS,n,2.0NRT,283.52,1.9,N
22.05344,85.46307,301.23,0.54,0.42,2026-07-18,1945,N20,VIIRS,n,2.0NRT,286.12,1.18,N
22.05564,85.46665,301.28,0.54,0.42,2026-07-18,1945,N20,VIIRS,n,2.0NRT,286.09,2.19,N
21.00219,86.0276,305.99,0.49,0.4,2026-07-18,1945,N20,VIIRS,n,2.0NRT,289.15,1.58,N
20.97644,86.00712,309.01,0.49,0.4,2026-07-18,1945,N20,VIIRS,n,2.0NRT,288.65,1.89,N
20.9721,86.01125,316.5,0.49,0.4,2026-07-18,1945,N20,VIIRS,n,2.0NRT,289.05,3.16,N
20.97082,86.02067,318.49,0.49,0.4,2026-07-18,1945,N20,VIIRS,n,2.0NRT,288.95,3.45,N
20.96839,86.0107,311.01,0.49,0.4,2026-07-18,1945,N20,VIIRS,n,2.0NRT,289.32,3.16,N
20.96329,86.04836,305.9,0.49,0.4,2026-07-18,1945,N20,VIIRS,n,2.0NRT,288.81,2.15,N
20.96531,86.00543,324.89,0.49,0.4,2026-07-18,1945,N20,VIIRS,n,2.0NRT,289.21,2.87,N
20.96468,86.01015,308.25,0.49,0.4,2026-07-18,1945,N20,VIIRS,n,2.0NRT,289.1,3.36,N
20.95219,86.04664,337.31,0.49,0.4,2026-07-18,1945,N20,VIIRS,n,2.0NRT,289.51,6.58,N
20.96831,85.16831,305.48,0.55,0.42,2026-07-18,1945,N20,VIIRS,n,2.0NRT,282.7,1.93,N
20.96762,85.17358,306.02,0.55,0.42,2026-07-18,1945,N20,VIIRS,n,2.0NRT,283.37,1.9,N
20.96694,85.17883,301,0.55,0.42,2026-07-18,1945,N20,VIIRS,n,2.0NRT,283.18,1.9,N
20.96626,85.18404,301.98,0.54,0.42,2026-07-18,1945,N20,VIIRS,n,2.0NRT,282.79,1.42,N
20.96558,85.18922,307.23,0.54,0.42,2026-07-18,1945,N20,VIIRS,n,2.0NRT,282.49,1.42,N
20.96509,85.16251,305.44,0.55,0.42,2026-07-18,1945,N20,VIIRS,n,2.0NRT,283.27,1.93,N
20.96441,85.16776,316.22,0.55,0.42,2026-07-18,1945,N20,VIIRS,n,2.0NRT,283.69,1.93,N
20.96237,85.18347,302.2,0.54,0.42,2026-07-18,1945,N20,VIIRS,n,2.0NRT,282.27,1.42,N
20.9617,85.18864,311.27,0.54,0.42,2026-07-18,1945,N20,VIIRS,n,2.0NRT,281.53,1.42,N
17.96957,83.15248,301.69,0.44,0.46,2026-07-18,1945,N20,VIIRS,n,2.0NRT,281.72,0.77,N
17.69606,83.24195,301.51,0.43,0.46,2026-07-18,1945,N20,VIIRS,n,2.0NRT,276.51,1.31,N
17.69538,83.24325,308.15,0.43,0.46,2026-07-18,1945,N20,VIIRS,n,2.0NRT,275.93,1.84,N
17.61066,83.20234,315.06,0.43,0.46,2026-07-18,1945,N20,VIIRS,n,2.0NRT,275.58,1.14,N
17.60645,83.20176,301.07,0.43,0.46,2026-07-18,1945,N20,VIIRS,n,2.0NRT,276.61,0.87,N
9.32915,77.34607,298.47,0.41,0.61,2026-07-18,1947,N20,VIIRS,n,2.0NRT,256.32,2.62,N
9.32881,77.34875,311.56,0.41,0.61,2026-07-18,1947,N20,VIIRS,n,2.0NRT,262.58,0.67,N
9.32847,77.35136,296.31,0.41,0.61,2026-07-18,1947,N20,VIIRS,n,2.0NRT,264.21,0.67,N
9.32981,77.34881,310.52,0.41,0.61,2026-07-18,1947,N20,VIIRS,n,2.0NRT,262.33,0.61,N
9.32947,77.35139,297.25,0.41,0.61,2026-07-18,1947,N20,VIIRS,n,2.0NRT,263.75,0.61,N
24.68873,73.00326,300.3,0.51,0.5,2026-07-18,2123,N20,VIIRS,n,2.0NRT,283.94,1.59,N
23.64522,85.44141,326.92,0.33,0.55,2026-07-19,0657,N20,VIIRS,n,2.0NRT,286.13,2.58,D
9.31633,77.32106,347.1,0.56,0.43,2026-07-19,0833,N20,VIIRS,n,2.0NRT,294.02,11.24,D
8.65874,77.84963,343.04,0.39,0.44,2026-07-19,0833,N20,VIIRS,n,2.0NRT,301.01,18.47,D
8.74061,77.95871,336.81,0.4,0.44,2026-07-19,0833,N20,VIIRS,n,2.0NRT,302.19,4.31,D
8.74011,77.95507,344.33,0.4,0.44,2026-07-19,0833,N20,VIIRS,n,2.0NRT,301.36,4.31,D
9.31754,77.47573,331.57,0.57,0.43,2026-07-19,0833,N20,VIIRS,n,2.0NRT,294.71,5.73,D
9.50518,78.73204,331.74,0.46,0.47,2026-07-19,0833,N20,VIIRS,n,2.0NRT,268.34,4.51,D
9.31248,77.32224,343.88,0.56,0.43,2026-07-19,0833,N20,VIIRS,n,2.0NRT,294.94,13.57,D
9.31091,77.31089,334.6,0.56,0.43,2026-07-19,0833,N20,VIIRS,n,2.0NRT,288.87,8.02,D
9.31845,77.33632,330.63,0.56,0.43,2026-07-19,0833,N20,VIIRS,n,2.0NRT,293.9,5.81,D
9.32083,77.32456,342.37,0.56,0.43,2026-07-19,0833,N20,VIIRS,n,2.0NRT,294.51,11.24,D
9.32529,77.32778,333.01,0.56,0.43,2026-07-19,0833,N20,VIIRS,n,2.0NRT,295.42,8.31,D
9.46358,78.11295,330.97,0.42,0.45,2026-07-19,0833,N20,VIIRS,n,2.0NRT,286.22,2.04,D
10.15226,77.75549,330.53,0.4,0.45,2026-07-19,0833,N20,VIIRS,n,2.0NRT,285.74,2.26,D
10.85189,78.77808,330.55,0.48,0.48,2026-07-19,0835,N20,VIIRS,n,2.0NRT,280.52,4.32,D
10.89708,77.99751,342.67,0.43,0.46,2026-07-19,0835,N20,VIIRS,n,2.0NRT,283.4,3.92,D
10.89657,77.99359,333.88,0.43,0.46,2026-07-19,0835,N20,VIIRS,n,2.0NRT,285.19,3.92,D
10.90129,77.99695,342.41,0.43,0.46,2026-07-19,0835,N20,VIIRS,n,2.0NRT,284.65,7.41,D
10.94092,78.13313,330.62,0.44,0.46,2026-07-19,0835,N20,VIIRS,n,2.0NRT,278.12,2.14,D
14.71354,75.78927,328.61,0.53,0.42,2026-07-19,0835,N20,VIIRS,n,2.0NRT,292.52,2.62,D
16.83784,80.91402,331.06,0.4,0.6,2026-07-19,0835,N20,VIIRS,n,2.0NRT,286.59,3.45,D
21.10374,72.64832,337.07,0.44,0.38,2026-07-19,0835,N20,VIIRS,n,2.0NRT,290.65,7.71,D
21.10204,72.63571,345.07,0.44,0.38,2026-07-19,0835,N20,VIIRS,n,2.0NRT,292.02,9.25,D
23.16873,71.73891,337.1,0.42,0.38,2026-07-19,0835,N20,VIIRS,n,2.0NRT,295.94,2.93,D
22.93248,69.69894,339.43,0.38,0.36,2026-07-19,0835,N20,VIIRS,n,2.0NRT,301.1,2.98,D
10.82719,78.66134,344.23,0.47,0.48,2026-07-19,0835,N20,VIIRS,n,2.0NRT,282.09,5.31,D
27.43431,70.57777,341.29,0.42,0.38,2026-07-19,0837,N20,VIIRS,n,2.0NRT,302.69,1.54,D
25.6402,72.15627,339.44,0.46,0.39,2026-07-19,0837,N20,VIIRS,n,2.0NRT,296.23,5.84,D
20.25921,86.60009,302.44,0.57,0.52,2026-07-19,1923,N20,VIIRS,n,2.0NRT,269.15,1.17,N
17.85728,83.18861,304.45,0.45,0.63,2026-07-19,1925,N20,VIIRS,n,2.0NRT,278.52,1.37,N
27.28834,73.83949,300.58,0.44,0.38,2026-07-19,2104,N20,VIIRS,n,2.0NRT,275.95,1.1,N
25.9447,72.19151,308.81,0.4,0.37,2026-07-19,2104,N20,VIIRS,n,2.0NRT,288.62,2.11,N
8.84538,78.06369,335.18,0.39,0.36,2026-07-20,0813,N20,VIIRS,n,2.0NRT,286.12,2.03,D
9.87998,77.88132,337.83,0.39,0.36,2026-07-20,0813,N20,VIIRS,n,2.0NRT,272.57,6.68,D
13.6411,78.15513,330.14,0.41,0.37,2026-07-20,0816,N20,VIIRS,n,2.0NRT,296.02,1.96,D
14.78359,77.37338,332.12,0.4,0.37,2026-07-20,0816,N20,VIIRS,n,2.0NRT,294.79,2.64,D
17.83732,78.01832,336.99,0.43,0.38,2026-07-20,0816,N20,VIIRS,n,2.0NRT,290.5,3.1,D
26.87908,73.51485,307.51,0.41,0.37,2026-07-20,2044,N20,VIIRS,n,2.0NRT,290.78,2.95,N
25.78075,73.7025,315.74,0.4,0.37,2026-07-20,2046,N20,VIIRS,n,2.0NRT,290.61,2.65,N
25.94311,72.19148,315.9,0.45,0.39,2026-07-20,2046,N20,VIIRS,n,2.0NRT,292.74,3.49,N
11.42757,77.40326,302.97,0.42,0.45,2026-07-20,2051,N20,VIIRS,n,2.0NRT,283.79,0.75,N
9.54599,78.77126,337.11,0.47,0.4,2026-07-21,0756,N20,VIIRS,n,2.0NRT,283.63,4.11,D
9.15672,77.9208,333.63,0.53,0.42,2026-07-21,0756,N20,VIIRS,n,2.0NRT,292.21,1.54,D
9.18171,77.31068,334.19,0.38,0.43,2026-07-21,0756,N20,VIIRS,n,2.0NRT,266.33,4.88,D
9.41227,78.71184,332.59,0.48,0.4,2026-07-21,0756,N20,VIIRS,n,2.0NRT,288.15,2.71,D
9.41158,78.70753,331.66,0.48,0.4,2026-07-21,0756,N20,VIIRS,n,2.0NRT,289.78,2.71,D
9.41181,78.70856,343.78,0.48,0.4,2026-07-21,0756,N20,VIIRS,n,2.0NRT,289.77,4.08,D
9.18016,77.31054,333.35,0.38,0.43,2026-07-21,0756,N20,VIIRS,n,2.0NRT,266.48,4.69,D
9.183,77.30327,345.89,0.38,0.43,2026-07-21,0756,N20,VIIRS,n,2.0NRT,269.05,9.06,D
9.18746,77.30552,337.45,0.38,0.43,2026-07-21,0756,N20,VIIRS,n,2.0NRT,267.65,3.91,D
9.18693,77.30244,339.75,0.38,0.43,2026-07-21,0756,N20,VIIRS,n,2.0NRT,269.3,3.91,D
9.1913,77.30415,351.39,0.38,0.43,2026-07-21,0756,N20,VIIRS,n,2.0NRT,267.95,3.91,D
9.19079,77.30114,332.95,0.38,0.43,2026-07-21,0756,N20,VIIRS,n,2.0NRT,266.9,3.91,D
9.4954,78.80884,333.2,0.47,0.4,2026-07-21,0756,N20,VIIRS,n,2.0NRT,284.28,2.04,D
9.54237,78.77185,341.95,0.47,0.4,2026-07-21,0756,N20,VIIRS,n,2.0NRT,284.55,4.11,D
9.5012,78.05836,337.19,0.51,0.41,2026-07-21,0756,N20,VIIRS,n,2.0NRT,287.22,2.93,D
27.36558,70.99329,340.85,0.45,0.47,2026-07-21,0758,N20,VIIRS,n,2.0NRT,292.66,4.49,D
27.28187,71.01263,345.42,0.45,0.47,2026-07-21,0758,N20,VIIRS,n,2.0NRT,293.18,7.68,D
28.787,76.94802,296.84,0.48,0.4,2026-07-21,2025,N20,VIIRS,n,2.0NRT,265.57,0.57,N
28.78685,76.95063,295.59,0.48,0.4,2026-07-21,2025,N20,VIIRS,n,2.0NRT,265.98,0.57,N
28.77589,76.94881,303.57,0.48,0.4,2026-07-21,2025,N20,VIIRS,n,2.0NRT,266.55,0.96,N
26.76024,83.20137,309.97,0.44,0.38,2026-07-21,2025,N20,VIIRS,n,2.0NRT,291.22,2.87,N
10.61294,77.49613,307.84,0.39,0.36,2026-07-21,2029,N20,VIIRS,n,2.0NRT,277.78,0.96,N
13.30095,78.88969,315.23,0.41,0.37,2026-07-21,2029,N20,VIIRS,n,2.0NRT,288.43,0.98,N
10.61508,77.41972,303.19,0.39,0.36,2026-07-21,2029,N20,VIIRS,n,2.0NRT,281.36,0.47,N
9.97628,76.37318,302.54,0.38,0.36,2026-07-21,2029,N20,VIIRS,n,2.0NRT,286.69,0.57,N
10.61237,77.49969,308.54,0.39,0.36,2026-07-21,2029,N20,VIIRS,n,2.0NRT,277.91,0.94,N
12.74722,77.618,302.94,0.39,0.36,2026-07-21,2029,N20,VIIRS,n,2.0NRT,284.85,0.76,N
11.8168,77.91822,310.74,0.4,0.37,2026-07-21,2029,N20,VIIRS,n,2.0NRT,280.25,1.67,N
11.81042,77.92113,313.28,0.4,0.37,2026-07-21,2029,N20,VIIRS,n,2.0NRT,280.37,1.58,N
11.18297,79.09935,304.5,0.44,0.38,2026-07-21,2029,N20,VIIRS,n,2.0NRT,281.82,0.44,N
10.9307,77.06529,298.82,0.39,0.36,2026-07-21,2029,N20,VIIRS,n,2.0NRT,285.28,0.32,N
8.66998,77.99445,305.94,0.42,0.38,2026-07-21,2032,N20,VIIRS,n,2.0NRT,292.43,0.76,N
8.75997,77.69557,342.43,0.38,0.59,2026-07-22,0735,N20,VIIRS,n,2.0NRT,294.42,6.68,D
8.75935,77.69218,351.2,0.38,0.59,2026-07-22,0735,N20,VIIRS,n,2.0NRT,295.76,6.49,D
9.44807,78.45119,334.61,0.33,0.55,2026-07-22,0735,N20,VIIRS,n,2.0NRT,291.3,1.32,D
9.79515,78.34389,342.61,0.33,0.55,2026-07-22,0735,N20,VIIRS,n,2.0NRT,289.24,2.55,D
10.19734,78.83752,333.19,0.6,0.53,2026-07-22,0735,N20,VIIRS,n,2.0NRT,285.95,3.96,D
28.00957,94.66613,334.69,0.5,0.66,2026-07-22,0739,N20,VIIRS,n,2.0NRT,283.17,5.57,D
30.21528,73.96711,330.09,0.5,0.49,2026-07-22,0741,N20,VIIRS,n,2.0NRT,292.15,7.39,D
29.47668,76.85973,333.95,0.54,0.42,2026-07-22,0741,N20,VIIRS,n,2.0NRT,286.34,17.46,D
27.37522,95.08898,301.74,0.35,0.57,2026-07-22,2006,N20,VIIRS,n,2.0NRT,283.71,1.4,N
28.87213,78.78416,306.73,0.46,0.47,2026-07-22,2006,N20,VIIRS,n,2.0NRT,289.61,0.41,N
28.85506,77.14679,305.98,0.57,0.52,2026-07-22,2006,N20,VIIRS,n,2.0NRT,288.39,1.02,N
28.83649,77.13853,304.87,0.57,0.52,2026-07-22,2006,N20,VIIRS,n,2.0NRT,288.54,1.25,N
28.70888,76.85589,311.56,0.59,0.53,2026-07-22,2006,N20,VIIRS,n,2.0NRT,288.69,2.06,N
28.71207,76.85754,304.81,0.59,0.53,2026-07-22,2006,N20,VIIRS,n,2.0NRT,288.66,2,N
27.37802,95.08631,305.54,0.35,0.56,2026-07-22,2006,N20,VIIRS,n,2.0NRT,283.86,1.54,N
23.76273,86.40318,309.61,0.41,0.37,2026-07-22,2008,N20,VIIRS,n,2.0NRT,276.9,1.2,N
23.75934,86.4025,321.87,0.41,0.37,2026-07-22,2008,N20,VIIRS,n,2.0NRT,279.71,1.2,N
23.75864,86.40649,302.52,0.41,0.37,2026-07-22,2008,N20,VIIRS,n,2.0NRT,279.04,1.2,N
23.78106,86.20969,311.18,0.41,0.37,2026-07-22,2008,N20,VIIRS,n,2.0NRT,277.27,1.39,N
23.67928,86.08412,306.9,0.41,0.37,2026-07-22,2008,N20,VIIRS,n,2.0NRT,275.7,0.82,N
23.67862,86.08804,297.91,0.41,0.37,2026-07-22,2008,N20,VIIRS,n,2.0NRT,276.34,0.82,N
23.8253,84.57233,304.14,0.38,0.36,2026-07-22,2008,N20,VIIRS,n,2.0NRT,267.09,0.63,N
23.82858,84.57296,295.9,0.38,0.36,2026-07-22,2008,N20,VIIRS,n,2.0NRT,267.61,0.63,N
26.64102,79.47572,314.17,0.39,0.44,2026-07-22,2008,N20,VIIRS,n,2.0NRT,289.97,3.82,N
23.82201,84.57172,297.07,0.38,0.36,2026-07-22,2008,N20,VIIRS,n,2.0NRT,264.9,0.35,N
23.80022,86.34866,298.63,0.41,0.37,2026-07-22,2008,N20,VIIRS,n,2.0NRT,274.41,1.13,N
23.79614,86.35197,301.84,0.41,0.37,2026-07-22,2008,N20,VIIRS,n,2.0NRT,274.78,1.44,N
23.77908,86.38988,303.7,0.41,0.37,2026-07-22,2008,N20,VIIRS,n,2.0NRT,279.25,1.31,N
23.78397,86.34128,298.77,0.41,0.37,2026-07-22,2008,N20,VIIRS,n,2.0NRT,273.79,1.04,N
23.77305,86.36386,302.64,0.41,0.37,2026-07-22,2008,N20,VIIRS,n,2.0NRT,274.59,1.11,N
23.76612,86.40388,305.65,0.41,0.37,2026-07-22,2008,N20,VIIRS,n,2.0NRT,277.25,0.99,N
15.17687,77.0992,304.93,0.39,0.44,2026-07-22,2010,N20,VIIRS,n,2.0NRT,288.39,1.23,N
17.61119,83.20551,302.91,0.39,0.36,2026-07-22,2010,N20,VIIRS,n,2.0NRT,275.2,0.61,N
17.46461,80.6557,309.92,0.42,0.37,2026-07-22,2010,N20,VIIRS,n,2.0NRT,283.06,1.88,N
17.17999,80.78141,301.37,0.41,0.37,2026-07-22,2010,N20,VIIRS,n,2.0NRT,279.93,1.3,N
15.11204,80.01755,316.17,0.42,0.38,2026-07-22,2010,N20,VIIRS,n,2.0NRT,290.74,2.4,N
15.1804,77.10337,306.75,0.39,0.44,2026-07-22,2010,N20,VIIRS,n,2.0NRT,288.87,1.45,N
15.02292,78.01382,308.36,0.51,0.41,2026-07-22,2010,N20,VIIRS,n,2.0NRT,284.2,0.95,N
15.18556,76.65805,300.47,0.41,0.45,2026-07-22,2010,N20,VIIRS,n,2.0NRT,270.37,1.37,N
15.17731,76.65693,298.56,0.41,0.45,2026-07-22,2010,N20,VIIRS,n,2.0NRT,262.15,1.39,N
14.87472,78.05256,305.8,0.51,0.41,2026-07-22,2010,N20,VIIRS,n,2.0NRT,283.99,1.47,N
13.39396,80.10094,313.2,0.4,0.37,2026-07-22,2010,N20,VIIRS,n,2.0NRT,287.16,1.78,N
13.03446,79.98067,295.71,0.41,0.37,2026-07-22,2010,N20,VIIRS,n,2.0NRT,269.51,0.23,N
8.84976,78.1354,306.8,0.44,0.38,2026-07-22,2012,N20,VIIRS,n,2.0NRT,288.01,1.27,N
8.61174,78.1255,311.6,0.43,0.38,2026-07-22,2012,N20,VIIRS,n,2.0NRT,291.31,1.71,N
9.36897,77.63908,331.4,0.79,0.78,2026-07-23,0718,N20,VIIRS,n,2.0NRT,294.22,3.46,D
9.37266,77.63903,332.49,0.79,0.78,2026-07-23,0718,N20,VIIRS,n,2.0NRT,294.36,5.5,D
10.02743,78.68653,337.57,0.65,0.73,2026-07-23,0718,N20,VIIRS,n,2.0NRT,291.67,3.81,D
10.02457,78.68526,330.17,0.65,0.73,2026-07-23,0718,N20,VIIRS,n,2.0NRT,291.56,5.4,D
15.7805,80.05913,335.8,0.41,0.61,2026-07-23,0720,N20,VIIRS,n,2.0NRT,291.24,5.24,D
15.03895,79.94432,331.1,0.43,0.62,2026-07-23,0720,N20,VIIRS,n,2.0NRT,290.41,3.59,D
15.04123,79.94015,338.5,0.43,0.62,2026-07-23,0720,N20,VIIRS,n,2.0NRT,294.15,5.13,D
16.9095,80.78143,331.5,0.35,0.57,2026-07-23,0720,N20,VIIRS,n,2.0NRT,288.98,3.91,D
17.3341,80.9387,330.28,0.33,0.56,2026-07-23,0720,N20,VIIRS,n,2.0NRT,289.89,2.5,D
29.46059,76.89069,333.36,0.34,0.56,2026-07-23,0724,N20,VIIRS,n,2.0NRT,285.55,2.61,D
29.4589,76.89027,330.95,0.33,0.56,2026-07-23,0724,N20,VIIRS,n,2.0NRT,286.14,2.64,D
8.61757,77.95881,339.14,0.53,0.67,2026-07-23,0858,N20,VIIRS,n,2.0NRT,292.89,5.57,D
8.61615,77.96016,332.9,0.53,0.67,2026-07-23,0858,N20,VIIRS,n,2.0NRT,293.02,3.71,D
9.26673,77.47134,344.14,0.5,0.66,2026-07-23,0858,N20,VIIRS,n,2.0NRT,287.96,4.39,D
23.68075,86.39795,299.55,0.43,0.38,2026-07-23,1947,N20,VIIRS,n,2.0NRT,269.56,0.86,N
23.67669,86.40153,297.4,0.43,0.38,2026-07-23,1947,N20,VIIRS,n,2.0NRT,269.51,0.8,N
25.03278,87.37096,306.21,0.41,0.37,2026-07-23,1947,N20,VIIRS,n,2.0NRT,289.35,1.8,N
23.79391,86.23347,303.96,0.44,0.38,2026-07-23,1947,N20,VIIRS,n,2.0NRT,281.39,1.02,N
23.78281,86.20984,302.72,0.44,0.38,2026-07-23,1947,N20,VIIRS,n,2.0NRT,280.41,0.7,N
23.78195,86.2115,308.47,0.44,0.38,2026-07-23,1947,N20,VIIRS,n,2.0NRT,281.5,1.2,N
23.77845,86.21091,308.35,0.44,0.38,2026-07-23,1947,N20,VIIRS,n,2.0NRT,282.58,1.07,N
23.77494,86.2103,302.8,0.44,0.38,2026-07-23,1947,N20,VIIRS,n,2.0NRT,282.21,1.07,N
23.77325,86.19689,307.22,0.44,0.38,2026-07-23,1947,N20,VIIRS,n,2.0NRT,280.19,1.33,N
23.82231,85.49592,300.53,0.47,0.4,2026-07-23,1947,N20,VIIRS,n,2.0NRT,280.36,1.15,N
23.68481,86.39435,303.1,0.43,0.38,2026-07-23,1947,N20,VIIRS,n,2.0NRT,268.94,0.97,N
23.67727,86.39735,298.58,0.43,0.38,2026-07-23,1947,N20,VIIRS,n,2.0NRT,268.59,0.86,N
17.6114,83.20419,305.42,0.52,0.42,2026-07-23,1949,N20,VIIRS,n,2.0NRT,284.36,1.56,N
23.68328,86.09136,299.53,0.44,0.38,2026-07-23,1949,N20,VIIRS,n,2.0NRT,279.89,0.78,N
23.68267,86.09566,298.91,0.44,0.38,2026-07-23,1949,N20,VIIRS,n,2.0NRT,279.7,0.78,N
23.67915,86.09509,299.26,0.44,0.38,2026-07-23,1949,N20,VIIRS,n,2.0NRT,279.14,1.42,N
23.67684,86.08591,301.9,0.44,0.38,2026-07-23,1949,N20,VIIRS,n,2.0NRT,281.26,1.92,N
23.64703,85.43916,297.81,0.47,0.4,2026-07-23,1949,N20,VIIRS,n,2.0NRT,280.56,0.72,N
22.26969,75.13277,297.06,0.65,0.73,2026-07-23,1949,N20,VIIRS,n,2.0NRT,282.23,2.54,N
22.26298,75.132,298,0.65,0.73,2026-07-23,1949,N20,VIIRS,n,2.0NRT,282.61,2.54,N
22.26654,75.131,305.38,0.65,0.73,2026-07-23,1949,N20,VIIRS,n,2.0NRT,282.74,3.3,N
19.92397,79.11326,307.84,0.34,0.56,2026-07-23,1949,N20,VIIRS,n,2.0NRT,285.74,1.12,N
19.92142,79.11291,308.78,0.34,0.56,2026-07-23,1949,N20,VIIRS,n,2.0NRT,284.69,1.44,N
27.46094,95.47605,312.65,0.38,0.43,2026-07-23,1949,N20,VIIRS,n,2.0NRT,290.12,1.06,N
27.37806,95.33589,308.86,0.57,0.43,2026-07-23,1949,N20,VIIRS,n,2.0NRT,290.48,2.82,N
27.37878,95.3342,308.4,0.57,0.43,2026-07-23,1949,N20,VIIRS,n,2.0NRT,290.35,3.22,N
27.3777,95.09038,306.06,0.55,0.43,2026-07-23,1949,N20,VIIRS,n,2.0NRT,290.03,2.22,N
27.31866,95.26653,320.05,0.56,0.43,2026-07-23,1949,N20,VIIRS,n,2.0NRT,290.39,3.48,N
28.70736,76.85607,301.8,0.58,0.7,2026-07-23,1949,N20,VIIRS,n,2.0NRT,285.23,1.49,N
15.18205,76.66608,312.9,0.43,0.62,2026-07-23,1951,N20,VIIRS,n,2.0NRT,285.42,3.28,N
10.06574,77.40726,299.89,0.32,0.55,2026-07-23,1951,N20,VIIRS,n,2.0NRT,274.29,1.02,N
15.17729,76.65753,305.58,0.43,0.62,2026-07-23,1951,N20,VIIRS,n,2.0NRT,286.44,2.91,N
15.18016,76.65747,300.2,0.43,0.62,2026-07-23,1951,N20,VIIRS,n,2.0NRT,285.8,1.77,N
10.06084,77.40558,318.53,0.32,0.55,2026-07-23,1951,N20,VIIRS,n,2.0NRT,274.13,1.02,N
10.06048,77.40822,310.24,0.32,0.55,2026-07-23,1951,N20,VIIRS,n,2.0NRT,274.23,1.63,N
12.74826,77.62074,303.97,0.34,0.56,2026-07-23,1951,N20,VIIRS,n,2.0NRT,268.16,1.11,N
13.16961,77.92472,310.96,0.33,0.55,2026-07-23,1951,N20,VIIRS,n,2.0NRT,286.78,0.78,N
13.71018,79.61821,307.15,0.51,0.5,2026-07-23,1951,N20,VIIRS,n,2.0NRT,289.71,3.39,N
8.75794,78.18364,311.88,0.55,0.51,2026-07-23,1953,N20,VIIRS,n,2.0NRT,295.13,2.64,N
8.59789,78.13206,318.05,0.55,0.51,2026-07-23,1953,N20,VIIRS,n,2.0NRT,294.15,3.6,N
29.59351,78.80054,295.11,0.56,0.69,2026-07-23,2127,N20,VIIRS,n,2.0NRT,284.9,5.23,N
8.6162,77.95427,342.06,0.5,0.49,2026-07-24,0837,N20,VIIRS,n,2.0NRT,303.78,4.27,D
8.64908,77.85694,330.81,0.5,0.49,2026-07-24,0837,N20,VIIRS,l,2.0NRT,304.72,2.01,D
8.61017,78.02084,340.45,0.51,0.49,2026-07-24,0837,N20,VIIRS,n,2.0NRT,303.44,5.98,D
8.60956,77.98328,330.18,0.51,0.49,2026-07-24,0837,N20,VIIRS,l,2.0NRT,302.19,2.56,D
8.61477,77.95449,341.68,0.5,0.49,2026-07-24,0837,N20,VIIRS,n,2.0NRT,304.59,3.33,D
8.67247,78.09816,337.41,0.52,0.5,2026-07-24,0837,N20,VIIRS,n,2.0NRT,303.05,2.89,D
9.63545,77.58743,333.32,0.49,0.49,2026-07-24,0839,N20,VIIRS,l,2.0NRT,305.89,2.99,D
9.68326,77.79998,341.42,0.51,0.49,2026-07-24,0839,N20,VIIRS,n,2.0NRT,309.06,15.58,D
9.68422,77.79993,341.27,0.51,0.49,2026-07-24,0839,N20,VIIRS,n,2.0NRT,308.57,15.62,D
9.77075,78.35361,332.73,0.56,0.51,2026-07-24,0839,N20,VIIRS,n,2.0NRT,298.86,4.45,D
9.7285,77.35307,330.97,0.48,0.48,2026-07-24,0839,N20,VIIRS,n,2.0NRT,299.36,2.31,D
10.00819,78.05708,331.6,0.54,0.51,2026-07-24,0839,N20,VIIRS,l,2.0NRT,303.75,3.54,D
10.00555,78.03752,343.44,0.53,0.5,2026-07-24,0839,N20,VIIRS,n,2.0NRT,304.03,9.11,D
10.03592,78.02588,334.09,0.53,0.5,2026-07-24,0839,N20,VIIRS,n,2.0NRT,302.34,3.18,D
10.38843,79.22466,354.14,0.33,0.55,2026-07-24,0839,N20,VIIRS,n,2.0NRT,294.97,4.37,D
10.19355,77.27663,347.35,0.48,0.48,2026-07-24,0839,N20,VIIRS,n,2.0NRT,303.71,12.88,D
10.38176,77.47029,342.96,0.5,0.49,2026-07-24,0839,N20,VIIRS,n,2.0NRT,299.96,4.71,D
10.37937,77.46765,338.54,0.5,0.49,2026-07-24,0839,N20,VIIRS,n,2.0NRT,300.02,2.43,D
10.86575,78.97499,334.3,0.32,0.54,2026-07-24,0839,N20,VIIRS,n,2.0NRT,297.51,2.45,D
11.69735,78.74162,340.29,0.63,0.54,2026-07-24,0839,N20,VIIRS,n,2.0NRT,289.84,7.32,D
11.9908,79.50105,334.02,0.36,0.57,2026-07-24,0839,N20,VIIRS,n,2.0NRT,288.96,3.9,D
10.0367,78.02337,332.64,0.53,0.5,2026-07-24,0839,N20,VIIRS,l,2.0NRT,302.78,2.64,D
8.75892,78.18311,331.07,0.52,0.5,2026-07-24,0839,N20,VIIRS,l,2.0NRT,304.83,4.78,D
8.81455,77.97631,339.14,0.51,0.49,2026-07-24,0839,N20,VIIRS,l,2.0NRT,309.63,7.79,D
8.76526,77.4924,341.67,0.47,0.48,2026-07-24,0839,N20,VIIRS,n,2.0NRT,304.95,4.05,D
8.76465,77.48812,335.89,0.47,0.48,2026-07-24,0839,N20,VIIRS,n,2.0NRT,305.78,4.05,D
8.86727,78.15775,333.01,0.53,0.5,2026-07-24,0839,N20,VIIRS,l,2.0NRT,303.09,2.68,D
9.0892,77.49866,330.7,0.48,0.48,2026-07-24,0839,N20,VIIRS,l,2.0NRT,303.94,0.97,D
9.30427,78.48246,334.59,0.56,0.51,2026-07-24,0839,N20,VIIRS,n,2.0NRT,302.73,4.48,D
9.24981,77.527,341.84,0.48,0.48,2026-07-24,0839,N20,VIIRS,n,2.0NRT,307.86,5.9,D
9.46711,78.60526,334.58,0.57,0.52,2026-07-24,0839,N20,VIIRS,n,2.0NRT,297.65,3.74,D
9.46693,78.60304,336.06,0.57,0.52,2026-07-24,0839,N20,VIIRS,n,2.0NRT,300.32,5.79,D
9.33652,77.53925,344.04,0.48,0.48,2026-07-24,0839,N20,VIIRS,n,2.0NRT,306.51,6.98,D
9.49362,78.5835,334.11,0.57,0.52,2026-07-24,0839,N20,VIIRS,n,2.0NRT,302.04,5.49,D
9.36403,77.50854,330.43,0.48,0.48,2026-07-24,0839,N20,VIIRS,l,2.0NRT,304.43,1.3,D
9.53376,78.51993,338.43,0.57,0.52,2026-07-24,0839,N20,VIIRS,n,2.0NRT,302.78,7.93,D
9.39934,77.53522,345.2,0.49,0.48,2026-07-24,0839,N20,VIIRS,n,2.0NRT,307.92,8.04,D
9.39873,77.53079,339.61,0.48,0.48,2026-07-24,0839,N20,VIIRS,n,2.0NRT,306.95,8.04,D
9.53853,78.51931,342.39,0.57,0.52,2026-07-24,0839,N20,VIIRS,n,2.0NRT,301.81,4.99,D
26.77351,94.50687,307.87,0.38,0.36,2026-07-24,1928,N20,VIIRS,n,2.0NRT,292.19,2.99,N
25.54312,91.23501,314.43,0.44,0.39,2026-07-24,1930,N20,VIIRS,n,2.0NRT,284.15,1.8,N
24.11843,86.8615,298.8,0.49,0.48,2026-07-24,1930,N20,VIIRS,n,2.0NRT,277.82,0.59,N
24.11399,86.86088,302.74,0.49,0.48,2026-07-24,1930,N20,VIIRS,n,2.0NRT,278.93,1.02,N
24.11546,86.85921,307.12,0.49,0.48,2026-07-24,1930,N20,VIIRS,n,2.0NRT,279.35,1.51,N
22.36643,87.30175,301.28,0.43,0.46,2026-07-24,1930,N20,VIIRS,n,2.0NRT,283,1.66,N
22.35896,87.29213,301.88,0.44,0.46,2026-07-24,1930,N20,VIIRS,n,2.0NRT,286.9,2.28,N
21.94098,81.98135,303.11,0.47,0.64,2026-07-24,1930,N20,VIIRS,n,2.0NRT,285.44,0.72,N
21.80207,82.04038,303.14,0.47,0.64,2026-07-24,1930,N20,VIIRS,n,2.0NRT,281.58,1.18,N
21.31614,81.5776,296.12,0.49,0.65,2026-07-24,1930,N20,VIIRS,n,2.0NRT,284.69,1.74,N
21.48586,81.76777,304.96,0.48,0.65,2026-07-24,1930,N20,VIIRS,n,2.0NRT,283.6,2.05,N
12.74691,77.6187,301.67,0.72,0.75,2026-07-24,1934,N20,VIIRS,n,2.0NRT,282.49,0.86,N
10.98196,78.15826,321.55,0.62,0.72,2026-07-24,1934,N20,VIIRS,n,2.0NRT,286.92,3.97,N
18.71989,79.53619,306.65,0.56,0.69,2026-07-24,2112,N20,VIIRS,n,2.0NRT,284.44,1.74,N
9.98287,78.24267,310.74,0.69,0.74,2026-07-24,2114,N20,VIIRS,n,2.0NRT,287.64,2.04,N
9.98635,78.23927,306.68,0.68,0.74,2026-07-24,2114,N20,VIIRS,n,2.0NRT,287.73,1.82,N
25.7788,93.3196,341.54,0.48,0.4,2026-07-25,0644,N20,VIIRS,n,2.0NRT,296.77,7.24,D
25.77877,93.3216,332.89,0.48,0.4,2026-07-25,0644,N20,VIIRS,n,2.0NRT,297.24,5.54,D
9.68822,78.75961,335.35,0.46,0.39,2026-07-25,0820,N20,VIIRS,n,2.0NRT,296.91,2.22,D
8.55608,77.60831,338.02,0.4,0.37,2026-07-25,0820,N20,VIIRS,n,2.0NRT,305.1,7.26,D
8.61767,77.95516,338.09,0.41,0.37,2026-07-25,0820,N20,VIIRS,n,2.0NRT,302.01,3.83,D
8.66571,77.8526,339.61,0.41,0.37,2026-07-25,0820,N20,VIIRS,n,2.0NRT,306.73,3.87,D
8.76865,78.05247,332.82,0.42,0.38,2026-07-25,0820,N20,VIIRS,n,2.0NRT,301.92,2.81,D
8.8241,77.83641,339.83,0.41,0.37,2026-07-25,0820,N20,VIIRS,n,2.0NRT,306.43,25.72,D
8.95612,77.78252,338.93,0.41,0.37,2026-07-25,0820,N20,VIIRS,n,2.0NRT,308.25,5.12,D
9.00114,77.49606,336.08,0.4,0.37,2026-07-25,0820,N20,VIIRS,n,2.0NRT,305.45,1.67,D
9.06214,77.76644,346.45,0.41,0.37,2026-07-25,0820,N20,VIIRS,n,2.0NRT,305.44,12.21,D
9.05734,77.44579,335.86,0.4,0.37,2026-07-25,0820,N20,VIIRS,n,2.0NRT,302.89,1.75,D
9.16591,78.04385,343.25,0.42,0.38,2026-07-25,0820,N20,VIIRS,n,2.0NRT,305.27,11.8,D
9.11793,77.59817,346.82,0.41,0.37,2026-07-25,0820,N20,VIIRS,n,2.0NRT,305.84,6.26,D
9.1669,77.67033,340.99,0.41,0.37,2026-07-25,0820,N20,VIIRS,n,2.0NRT,306.94,11.6,D
9.16701,77.54903,344.31,0.41,0.37,2026-07-25,0820,N20,VIIRS,n,2.0NRT,304.67,8.31,D
9.30318,77.7146,343.42,0.41,0.37,2026-07-25,0820,N20,VIIRS,n,2.0NRT,310.43,13.62,D
9.28725,77.46322,338.25,0.4,0.37,2026-07-25,0820,N20,VIIRS,n,2.0NRT,305.57,3.2,D
9.52543,78.80299,334.72,0.46,0.39,2026-07-25,0820,N20,VIIRS,n,2.0NRT,299.47,2.46,D
9.3888,77.44027,340.47,0.4,0.37,2026-07-25,0820,N20,VIIRS,n,2.0NRT,305.65,3.4,D
9.55872,78.5109,339.86,0.44,0.39,2026-07-25,0820,N20,VIIRS,n,2.0NRT,301.67,5.11,D
9.55048,77.92471,341.81,0.42,0.38,2026-07-25,0820,N20,VIIRS,n,2.0NRT,307.62,11.87,D
9.58803,77.74874,337.36,0.41,0.37,2026-07-25,0820,N20,VIIRS,n,2.0NRT,305.26,10.39,D
9.80473,77.72346,341.12,0.42,0.37,2026-07-25,0820,N20,VIIRS,n,2.0NRT,307.66,11.44,D
9.97417,78.80817,345.2,0.46,0.39,2026-07-25,0820,N20,VIIRS,n,2.0NRT,300.27,9.22,D
9.82244,77.72468,343.42,0.42,0.37,2026-07-25,0820,N20,VIIRS,n,2.0NRT,308.54,11.89,D
9.86409,77.86983,339.78,0.42,0.38,2026-07-25,0820,N20,VIIRS,n,2.0NRT,304.13,11.05,D
9.78038,77.29346,330.28,0.4,0.37,2026-07-25,0820,N20,VIIRS,l,2.0NRT,304.21,1.6,D
9.93643,78.22433,337.3,0.43,0.38,2026-07-25,0820,N20,VIIRS,n,2.0NRT,297.97,2.37,D
10.05316,78.73315,344.41,0.46,0.39,2026-07-25,0820,N20,VIIRS,n,2.0NRT,304.03,6.85,D
9.86088,77.30018,333.7,0.4,0.37,2026-07-25,0820,N20,VIIRS,l,2.0NRT,305.61,1.53,D
9.92348,77.41143,341.94,0.41,0.37,2026-07-25,0820,N20,VIIRS,n,2.0NRT,301.18,3.51,D
10.13363,78.79517,340.71,0.46,0.39,2026-07-25,0820,N20,VIIRS,n,2.0NRT,299.28,7.02,D
10.4888,79.48171,336.99,0.51,0.41,2026-07-25,0820,N20,VIIRS,n,2.0NRT,300.85,2.23,D
10.24144,77.17305,333.77,0.4,0.37,2026-07-25,0820,N20,VIIRS,n,2.0NRT,303.45,2.87,D
10.3862,77.4668,339.34,0.41,0.37,2026-07-25,0820,N20,VIIRS,n,2.0NRT,303.68,3.3,D
10.65917,79.26517,332.89,0.49,0.41,2026-07-25,0820,N20,VIIRS,n,2.0NRT,298.85,4.13,D
10.84376,78.5382,332.39,0.46,0.39,2026-07-25,0820,N20,VIIRS,n,2.0NRT,296.51,1.18,D
10.924,79.00307,337.72,0.48,0.4,2026-07-25,0820,N20,VIIRS,n,2.0NRT,295.39,3.81,D
10.77616,77.91312,338.15,0.43,0.38,2026-07-25,0820,N20,VIIRS,n,2.0NRT,301.23,2.72,D
10.9342,78.86342,341.57,0.47,0.4,2026-07-25,0820,N20,VIIRS,n,2.0NRT,298.6,4.61,D
10.93582,78.47483,341.93,0.46,0.39,2026-07-25,0820,N20,VIIRS,n,2.0NRT,300.71,4.48,D
10.91063,77.99442,337.32,0.43,0.38,2026-07-25,0820,N20,VIIRS,n,2.0NRT,295.85,2.56,D
11.05459,77.99364,336.73,0.44,0.38,2026-07-25,0820,N20,VIIRS,n,2.0NRT,303.68,4.1,D
10.94195,77.18049,343.97,0.41,0.37,2026-07-25,0820,N20,VIIRS,n,2.0NRT,306.79,3.88,D
10.92834,77.06551,334.98,0.4,0.37,2026-07-25,0820,N20,VIIRS,n,2.0NRT,300.95,1.04,D
11.10464,78.1628,338.85,0.44,0.39,2026-07-25,0820,N20,VIIRS,n,2.0NRT,306.66,5.96,D
11.05105,77.66284,340.94,0.42,0.38,2026-07-25,0820,N20,VIIRS,n,2.0NRT,306.19,7.86,D
11.2063,77.91537,335.99,0.43,0.38,2026-07-25,0820,N20,VIIRS,n,2.0NRT,305.39,3.23,D
11.28238,78.37164,331.35,0.45,0.39,2026-07-25,0820,N20,VIIRS,n,2.0NRT,294.74,4.21,D
11.40659,77.48415,346.49,0.42,0.38,2026-07-25,0820,N20,VIIRS,n,2.0NRT,309.82,33.34,D
11.69059,78.72388,337.34,0.48,0.4,2026-07-25,0820,N20,VIIRS,n,2.0NRT,303.79,3.27,D
11.71069,78.73396,342.4,0.48,0.4,2026-07-25,0820,N20,VIIRS,n,2.0NRT,305.42,27.15,D
11.7301,78.6869,336.84,0.48,0.4,2026-07-25,0820,N20,VIIRS,n,2.0NRT,301.67,3.14,D
11.4545,76.73441,330.92,0.4,0.37,2026-07-25,0820,N20,VIIRS,n,2.0NRT,293.91,1.65,D
11.74111,78.71244,345.59,0.48,0.4,2026-07-25,0820,N20,VIIRS,n,2.0NRT,300.96,8.51,D
11.78624,78.71499,337.38,0.48,0.4,2026-07-25,0820,N20,VIIRS,n,2.0NRT,299.81,5.85,D
12.07348,78.90598,338.63,0.49,0.4,2026-07-25,0822,N20,VIIRS,n,2.0NRT,294.84,4.18,D
12.15279,77.7166,330.31,0.43,0.38,2026-07-25,0822,N20,VIIRS,n,2.0NRT,291.74,4.47,D
14.84442,79.00111,333.94,0.54,0.42,2026-07-25,0822,N20,VIIRS,n,2.0NRT,287.02,4.08,D
15.17208,76.66181,335.51,0.42,0.38,2026-07-25,0822,N20,VIIRS,n,2.0NRT,297.66,3.44,D
15.17497,76.6574,337.76,0.42,0.38,2026-07-25,0822,N20,VIIRS,n,2.0NRT,298.92,4.67,D
15.18355,76.66808,337.47,0.42,0.38,2026-07-25,0822,N20,VIIRS,n,2.0NRT,296.62,3.8,D
15.75006,79.35316,336.82,0.38,0.44,2026-07-25,0822,N20,VIIRS,n,2.0NRT,296.53,2.84,D
15.98972,79.47518,337.3,0.39,0.44,2026-07-25,0822,N20,VIIRS,n,2.0NRT,298.5,4.93,D
11.80625,78.04562,340.58,0.44,0.39,2026-07-25,0822,N20,VIIRS,n,2.0NRT,299.99,3.32,D
16.45176,80.01956,331.1,0.43,0.46,2026-07-25,0822,N20,VIIRS,n,2.0NRT,299.4,2.55,D
17.35738,80.87476,332.98,0.5,0.49,2026-07-25,0822,N20,VIIRS,n,2.0NRT,294.81,9.52,D
18.96109,76.21063,330.93,0.43,0.38,2026-07-25,0822,N20,VIIRS,n,2.0NRT,295.14,2.53,D
23.77687,86.21186,329.81,0.66,0.73,2026-07-25,0824,N20,VIIRS,n,2.0NRT,286.73,6.61,D
27.37703,95.33369,306.79,0.49,0.41,2026-07-25,1910,N20,VIIRS,n,2.0NRT,278.76,1.11,N
23.82768,84.5705,316.15,0.68,0.74,2026-07-25,1913,N20,VIIRS,n,2.0NRT,270.11,3.87,N
23.82664,84.56595,298.5,0.68,0.74,2026-07-25,1913,N20,VIIRS,n,2.0NRT,274.43,2.34,N
23.82616,84.57262,316.29,0.68,0.74,2026-07-25,1913,N20,VIIRS,n,2.0NRT,272.38,2.34,N
22.37727,87.27632,295.84,0.44,0.62,2026-07-25,1913,N20,VIIRS,n,2.0NRT,262.93,1.32,N
22.37689,87.28061,296.5,0.44,0.62,2026-07-25,1913,N20,VIIRS,n,2.0NRT,263.8,1.32,N
28.27837,77.27387,302.09,0.44,0.38,2026-07-25,2049,N20,VIIRS,n,2.0NRT,285.88,1.43,N
26.75884,83.19941,297.86,0.32,0.55,2026-07-25,2049,N20,VIIRS,n,2.0NRT,270.32,0.71,N
29.45673,76.86721,325.7,0.41,0.37,2026-07-25,2049,N20,VIIRS,n,2.0NRT,291.44,3.23,N
21.18369,81.38795,304.68,0.32,0.55,2026-07-25,2051,N20,VIIRS,n,2.0NRT,274.87,2.33,N
26.64451,79.48225,304.99,0.39,0.44,2026-07-25,2051,N20,VIIRS,n,2.0NRT,288.35,1.55,N
26.64133,79.47746,312.75,0.39,0.44,2026-07-25,2051,N20,VIIRS,n,2.0NRT,288.43,1.55,N
26.6431,79.47822,307.99,0.39,0.44,2026-07-25,2051,N20,VIIRS,n,2.0NRT,288.66,1.55,N
26.64235,79.48204,305.16,0.39,0.44,2026-07-25,2051,N20,VIIRS,n,2.0NRT,288.45,1.55,N
26.87857,73.5138,306.57,0.39,0.36,2026-07-25,2051,N20,VIIRS,n,2.0NRT,291.63,1.53,N
26.87468,73.51701,306.37,0.39,0.36,2026-07-25,2051,N20,VIIRS,n,2.0NRT,291.43,1.55,N
26.60727,73.6843,302.19,0.38,0.36,2026-07-25,2051,N20,VIIRS,n,2.0NRT,286.66,0.68,N
23.76201,86.40213,296.67,0.59,0.7,2026-07-25,2051,N20,VIIRS,n,2.0NRT,259.19,5.18,N
23.7592,85.85129,304.43,0.55,0.68,2026-07-25,2051,N20,VIIRS,n,2.0NRT,287.35,1.87,N
23.70481,86.07275,297.39,0.56,0.69,2026-07-25,2051,N20,VIIRS,n,2.0NRT,286.11,2.62,N
24.16513,84.05001,300.51,0.41,0.61,2026-07-25,2051,N20,VIIRS,n,2.0NRT,275.95,1.34,N
23.69744,85.36758,303.73,0.51,0.66,2026-07-25,2051,N20,VIIRS,n,2.0NRT,283.71,1.24,N
23.69623,85.37252,302.32,0.51,0.66,2026-07-25,2051,N20,VIIRS,n,2.0NRT,283.88,1.22,N
23.69485,85.37001,312.62,0.51,0.66,2026-07-25,2051,N20,VIIRS,n,2.0NRT,283.59,1.43,N
24.18111,82.65102,305.45,0.34,0.56,2026-07-25,2051,N20,VIIRS,n,2.0NRT,288.71,0.71,N
23.16449,82.33588,298.87,0.34,0.56,2026-07-25,2051,N20,VIIRS,n,2.0NRT,267.47,0.8,N
23.16376,82.33923,299.82,0.34,0.56,2026-07-25,2051,N20,VIIRS,n,2.0NRT,268.4,1.06,N
21.18798,81.39221,304.96,0.32,0.55,2026-07-25,2051,N20,VIIRS,n,2.0NRT,273.87,1.9,N
15.17985,76.68137,302.69,0.42,0.45,2026-07-25,2053,N20,VIIRS,n,2.0NRT,270.33,1.79,N
15.1807,76.65383,304.21,0.42,0.45,2026-07-25,2053,N20,VIIRS,n,2.0NRT,270.05,1.62,N
15.17717,76.67291,298.99,0.42,0.45,2026-07-25,2053,N20,VIIRS,n,2.0NRT,267.71,1.08,N
15.17662,76.65301,301.94,0.42,0.45,2026-07-25,2053,N20,VIIRS,n,2.0NRT,269.98,1.33,N
15.17591,76.65681,314.67,0.42,0.45,2026-07-25,2053,N20,VIIRS,n,2.0NRT,272.35,1.33,N
15.19804,76.37916,309.31,0.4,0.44,2026-07-25,2053,N20,VIIRS,n,2.0NRT,282.62,1.51,N
15.19707,76.37888,309.94,0.4,0.44,2026-07-25,2053,N20,VIIRS,n,2.0NRT,282.43,1.33,N
15.18056,76.67756,314.72,0.42,0.45,2026-07-25,2053,N20,VIIRS,n,2.0NRT,269.15,1.79,N
15.33284,76.28484,311.17,0.39,0.44,2026-07-25,2053,N20,VIIRS,n,2.0NRT,288.84,1.57,N
15.02398,78.01593,304.17,0.51,0.49,2026-07-25,2053,N20,VIIRS,n,2.0NRT,287.47,0.83,N
17.14262,77.18447,302.26,0.42,0.45,2026-07-25,2053,N20,VIIRS,n,2.0NRT,286.88,0.65,N
11.28877,77.74873,317.18,0.57,0.52,2026-07-25,2055,N20,VIIRS,n,2.0NRT,285.91,2.14,N
9.78281,78.40217,326.2,0.34,0.56,2026-07-25,2055,N20,VIIRS,n,2.0NRT,288.95,1.91,N
9.60913,78.25269,322.27,0.33,0.55,2026-07-25,2055,N20,VIIRS,n,2.0NRT,290.43,1.69,N
11.81565,77.91529,307.95,0.57,0.52,2026-07-25,2055,N20,VIIRS,n,2.0NRT,286.11,1.65,N
11.18069,79.10067,305.43,0.35,0.57,2026-07-25,2055,N20,VIIRS,n,2.0NRT,283.96,0.45,N
11.42038,77.44364,306.4,0.54,0.51,2026-07-25,2055,N20,VIIRS,n,2.0NRT,283.78,0.67,N
11.4218,77.44177,306.69,0.54,0.51,2026-07-25,2055,N20,VIIRS,n,2.0NRT,284.25,0.69,N
10.50343,77.63503,337.35,0.44,0.38,2026-07-26,0803,N20,VIIRS,n,2.0NRT,301.09,2.7,D
8.1702,77.59023,338.72,0.47,0.4,2026-07-26,0803,N20,VIIRS,n,2.0NRT,303.41,6.37,D
8.66122,77.87656,340.01,0.45,0.39,2026-07-26,0803,N20,VIIRS,n,2.0NRT,306.21,6.07,D
8.66477,77.87602,341.49,0.45,0.39,2026-07-26,0803,N20,VIIRS,n,2.0NRT,307.87,11.4,D
8.66413,77.87194,335.91,0.45,0.39,2026-07-26,0803,N20,VIIRS,n,2.0NRT,304.74,5.27,D
8.75737,78.183,334.07,0.43,0.38,2026-07-26,0803,N20,VIIRS,l,2.0NRT,305.85,8.42,D
8.70594,77.84081,332.13,0.45,0.39,2026-07-26,0803,N20,VIIRS,n,2.0NRT,301.86,2.21,D
9.28297,77.70875,346.49,0.45,0.39,2026-07-26,0803,N20,VIIRS,n,2.0NRT,297.16,12.47,D
10.26563,78.84253,335.51,0.4,0.37,2026-07-26,0803,N20,VIIRS,l,2.0NRT,300.52,3.07,D
11.57112,79.65421,337.65,0.39,0.36,2026-07-26,0803,N20,VIIRS,n,2.0NRT,297.57,3.15,D
11.66761,79.07035,336.21,0.39,0.36,2026-07-26,0803,N20,VIIRS,n,2.0NRT,300.99,2.24,D
11.78356,79.44669,337.23,0.39,0.36,2026-07-26,0803,N20,VIIRS,n,2.0NRT,301.42,4.83,D
11.78302,79.44317,349.27,0.39,0.36,2026-07-26,0803,N20,VIIRS,n,2.0NRT,302.41,5.46,D
11.83069,79.73074,340.34,0.38,0.36,2026-07-26,0803,N20,VIIRS,n,2.0NRT,298.57,4.84,D
11.78687,79.44617,352.8,0.39,0.36,2026-07-26,0803,N20,VIIRS,n,2.0NRT,302.76,4.83,D
11.83399,79.73022,333.66,0.38,0.36,2026-07-26,0803,N20,VIIRS,n,2.0NRT,293.44,1.16,D
11.91031,79.56322,331.46,0.39,0.36,2026-07-26,0803,N20,VIIRS,n,2.0NRT,297.13,2.27,D
14.25988,80.12611,345.02,0.39,0.36,2026-07-26,0803,N20,VIIRS,n,2.0NRT,297.12,5.08,D
14.23413,79.23682,334.18,0.38,0.36,2026-07-26,0803,N20,VIIRS,n,2.0NRT,294.5,2.48,D
16.63103,75.21593,332.29,0.48,0.4,2026-07-26,0805,N20,VIIRS,n,2.0NRT,291.65,4.13,D
21.10513,72.64801,341.75,0.57,0.43,2026-07-26,0805,N20,VIIRS,n,2.0NRT,291.4,17.04,D
21.10313,72.6372,345.06,0.57,0.43,2026-07-26,0805,N20,VIIRS,n,2.0NRT,290.49,40.76,D
25.84229,78.2156,338.91,0.4,0.37,2026-07-26,0805,N20,VIIRS,n,2.0NRT,297.23,3.85,D
25.8805,78.24169,332.15,0.4,0.37,2026-07-26,0805,N20,VIIRS,n,2.0NRT,298.42,2.21,D
15.65515,79.92676,336.18,0.39,0.36,2026-07-26,0805,N20,VIIRS,n,2.0NRT,277.1,5.85,D
15.4033,75.61586,332.18,0.48,0.4,2026-07-26,0805,N20,VIIRS,n,2.0NRT,296.1,4.21,D
16.36105,80.04301,338.69,0.39,0.36,2026-07-26,0805,N20,VIIRS,n,2.0NRT,295.93,4.19,D
23.7805,86.21017,342.6,0.33,0.55,2026-07-26,0807,N20,VIIRS,n,2.0NRT,291.39,3.53,D
25.33005,86.42796,340.96,0.35,0.57,2026-07-26,0807,N20,VIIRS,n,2.0NRT,291.81,3.68,D
25.32954,86.42692,338.45,0.36,0.57,2026-07-26,0807,N20,VIIRS,n,2.0NRT,292.15,4.41,D
23.66184,87.15479,331.89,0.38,0.59,2026-07-26,0807,N20,VIIRS,n,2.0NRT,290.66,3.18,D
23.75717,86.40322,337.36,0.34,0.56,2026-07-26,0807,N20,VIIRS,n,2.0NRT,291.93,6.66,D
28.34674,77.23024,305.63,0.41,0.37,2026-07-26,2032,N20,VIIRS,n,2.0NRT,286.78,1.42,N
28.85186,77.14674,308.74,0.41,0.37,2026-07-26,2032,N20,VIIRS,n,2.0NRT,292.81,0.73,N
28.77339,77.56905,308.15,0.4,0.37,2026-07-26,2032,N20,VIIRS,n,2.0NRT,287.63,1.47,N
28.66332,77.57861,313.73,0.4,0.37,2026-07-26,2032,N20,VIIRS,n,2.0NRT,293.26,0.82,N
24.5299,81.16922,309.21,0.45,0.39,2026-07-26,2032,N20,VIIRS,n,2.0NRT,292.01,1.09,N
25.51137,76.28304,307.8,0.41,0.37,2026-07-26,2032,N20,VIIRS,n,2.0NRT,292.14,2.78,N
26.64083,79.47775,309.25,0.39,0.36,2026-07-26,2032,N20,VIIRS,n,2.0NRT,289.13,2.4,N
27.66968,76.12833,306.43,0.43,0.38,2026-07-26,2032,N20,VIIRS,n,2.0NRT,291.04,1.03,N
21.10694,72.64631,303.02,0.54,0.42,2026-07-26,2034,N20,VIIRS,n,2.0NRT,285.15,1.59,N
21.10443,72.63545,309.26,0.54,0.42,2026-07-26,2034,N20,VIIRS,n,2.0NRT,284.44,1.44,N
19.09323,82.16925,301.88,0.4,0.44,2026-07-26,2034,N20,VIIRS,n,2.0NRT,279.69,2.55,N
19.09794,82.16639,300.69,0.4,0.44,2026-07-26,2034,N20,VIIRS,n,2.0NRT,274.28,1.42,N
20.92601,86.04335,299.42,0.32,0.55,2026-07-26,2034,N20,VIIRS,n,2.0NRT,279.53,0.4,N
20.92546,86.04395,300.23,0.32,0.55,2026-07-26,2034,N20,VIIRS,n,2.0NRT,279.27,1.21,N
21.67353,82.08156,308.34,0.54,0.42,2026-07-26,2034,N20,VIIRS,n,2.0NRT,290.43,2.55,N
20.97802,85.1348,306.62,0.56,0.52,2026-07-26,2034,N20,VIIRS,n,2.0NRT,274.84,3.75,N
21.48869,81.77155,296.31,0.52,0.42,2026-07-26,2034,N20,VIIRS,n,2.0NRT,271.59,0.53,N
21.2337,79.62907,304.04,0.42,0.38,2026-07-26,2034,N20,VIIRS,n,2.0NRT,279,1.08,N
23.99168,79.39497,308.1,0.4,0.37,2026-07-26,2034,N20,VIIRS,n,2.0NRT,290.74,1.45,N
22.22622,84.75452,302.13,0.5,0.49,2026-07-26,2034,N20,VIIRS,n,2.0NRT,282.92,1.06,N
22.2218,84.75345,303.61,0.5,0.49,2026-07-26,2034,N20,VIIRS,n,2.0NRT,283.46,1.06,N
22.03837,83.35002,306.53,0.42,0.45,2026-07-26,2034,N20,VIIRS,n,2.0NRT,275.62,1.58,N
21.98553,83.23338,310.48,0.41,0.45,2026-07-26,2034,N20,VIIRS,n,2.0NRT,286.18,3.39,N
21.92909,83.3482,305.23,0.42,0.45,2026-07-26,2034,N20,VIIRS,n,2.0NRT,287.32,1.13,N
21.92421,83.35128,315.34,0.42,0.45,2026-07-26,2034,N20,VIIRS,n,2.0NRT,287.16,2.54,N
21.92012,83.35038,323.09,0.42,0.45,2026-07-26,2034,N20,VIIRS,n,2.0NRT,287.2,2.54,N
21.87937,83.55609,308.29,0.43,0.46,2026-07-26,2034,N20,VIIRS,n,2.0NRT,289.09,2.29,N
21.8766,83.49715,302.68,0.43,0.46,2026-07-26,2034,N20,VIIRS,n,2.0NRT,288.81,1.27,N
21.80208,82.04137,304.47,0.53,0.42,2026-07-26,2034,N20,VIIRS,n,2.0NRT,283.12,1.34,N
21.00206,86.02647,305.83,0.32,0.55,2026-07-26,2034,N20,VIIRS,n,2.0NRT,283.74,1.02,N
20.9719,86.02246,311.52,0.32,0.55,2026-07-26,2034,N20,VIIRS,n,2.0NRT,284.71,0.91,N
20.96891,86.01217,312.18,0.32,0.55,2026-07-26,2034,N20,VIIRS,n,2.0NRT,284.48,1.9,N
20.96827,86.01521,313.73,0.32,0.55,2026-07-26,2034,N20,VIIRS,n,2.0NRT,285.21,2.87,N
20.96465,86.00793,308.52,0.32,0.55,2026-07-26,2034,N20,VIIRS,n,2.0NRT,283.33,1.9,N
20.9507,86.04906,322.24,0.32,0.55,2026-07-26,2034,N20,VIIRS,n,2.0NRT,283.14,2.46,N
20.95136,86.04599,319.8,0.32,0.55,2026-07-26,2034,N20,VIIRS,n,2.0NRT,282.6,3.25,N
20.94313,86.06022,315.31,0.32,0.55,2026-07-26,2034,N20,VIIRS,n,2.0NRT,283.29,1.26,N
14.71032,79.85173,298.31,0.51,0.41,2026-07-26,2036,N20,VIIRS,n,2.0NRT,270.32,1.98,N
11.11234,79.25799,301.31,0.53,0.42,2026-07-26,2036,N20,VIIRS,n,2.0NRT,268.62,0.79,N
12.03718,77.00917,297.24,0.41,0.37,2026-07-26,2036,N20,VIIRS,n,2.0NRT,275.87,0.32,N
12.53337,78.22665,300.79,0.45,0.39,2026-07-26,2036,N20,VIIRS,n,2.0NRT,270.3,0.38,N
13.44556,80.09894,300.56,0.55,0.43,2026-07-26,2036,N20,VIIRS,n,2.0NRT,277.45,0.39,N
13.44701,80.09559,302.08,0.55,0.43,2026-07-26,2036,N20,VIIRS,n,2.0NRT,278.29,0.44,N
8.92381,78.16567,316.52,0.5,0.41,2026-07-26,2038,N20,VIIRS,n,2.0NRT,294.33,1.28,N
9.76356,77.57446,306.01,0.45,0.39,2026-07-26,2038,N20,VIIRS,n,2.0NRT,291.95,1.49,N
8.86824,78.12153,308.61,0.5,0.41,2026-07-26,2038,N20,VIIRS,n,2.0NRT,294.71,0.49,N
8.30588,77.86736,319.96,0.49,0.4,2026-07-26,2038,N20,VIIRS,n,2.0NRT,295.87,3.25,N
8.68146,78.04791,342.25,0.56,0.52,2026-07-27,0741,N20,VIIRS,n,2.0NRT,297.33,5.62,D
8.52605,77.89302,339.44,0.58,0.52,2026-07-27,0741,N20,VIIRS,n,2.0NRT,300.1,3.98,D
8.67676,78.04872,341.15,0.56,0.52,2026-07-27,0741,N20,VIIRS,n,2.0NRT,296.55,11.53,D
9.3728,78.09,334.03,0.54,0.51,2026-07-27,0741,N20,VIIRS,n,2.0NRT,299.24,15.25,D
10.04415,78.60203,339.5,0.49,0.48,2026-07-27,0744,N20,VIIRS,n,2.0NRT,299.32,7.68,D
10.15335,78.65507,332.23,0.48,0.48,2026-07-27,0744,N20,VIIRS,n,2.0NRT,294.92,6.66,D
10.46686,79.59759,332.3,0.41,0.45,2026-07-27,0744,N20,VIIRS,n,2.0NRT,297.31,1.59,D
10.50927,79.79533,342.22,0.4,0.44,2026-07-27,0744,N20,VIIRS,n,2.0NRT,297.8,4.72,D
10.88504,79.79541,330.27,0.4,0.44,2026-07-27,0744,N20,VIIRS,n,2.0NRT,294.59,1.95,D
10.9285,78.5093,339.75,0.48,0.48,2026-07-27,0744,N20,VIIRS,n,2.0NRT,289.03,3.62,D
11.45976,79.24007,345.09,0.42,0.45,2026-07-27,0744,N20,VIIRS,n,2.0NRT,294.27,10.74,D
11.45794,79.241,341.8,0.42,0.45,2026-07-27,0744,N20,VIIRS,n,2.0NRT,293.78,5,D
11.45726,79.2372,331.67,0.42,0.45,2026-07-27,0744,N20,VIIRS,n,2.0NRT,292.07,5,D
12.69651,79.31068,333.77,0.4,0.44,2026-07-27,0744,N20,VIIRS,n,2.0NRT,288.56,1.59,D
14.97422,79.77187,334.1,0.52,0.42,2026-07-27,0744,N20,VIIRS,n,2.0NRT,289.54,4.05,D
10.8366,77.83519,345.3,0.53,0.5,2026-07-27,0744,N20,VIIRS,n,2.0NRT,295.36,5.13,D
9.94746,78.63959,335.66,0.49,0.48,2026-07-27,0744,N20,VIIRS,n,2.0NRT,292.47,5.49,D
9.9513,78.64022,333.67,0.49,0.48,2026-07-27,0744,N20,VIIRS,n,2.0NRT,297.17,6.18,D
10.04541,78.60555,339.15,0.49,0.48,2026-07-27,0744,N20,VIIRS,n,2.0NRT,298.71,8.69,D
23.66458,87.15586,333.8,0.38,0.43,2026-07-27,0746,N20,VIIRS,n,2.0NRT,293.12,5.13,D
23.68368,86.39597,334.88,0.52,0.42,2026-07-27,0746,N20,VIIRS,n,2.0NRT,294.09,7.02,D
27.31782,92.5922,330.25,0.46,0.63,2026-07-27,0748,N20,VIIRS,n,2.0NRT,288.06,5.62,D
27.32255,92.59032,345.36,0.46,0.63,2026-07-27,0748,N20,VIIRS,n,2.0NRT,288.02,8.53,D
27.15428,84.33047,330.69,0.46,0.39,2026-07-27,0748,N20,VIIRS,n,2.0NRT,296.64,3.31,D
30.36536,73.85832,331.39,0.41,0.45,2026-07-27,0748,N20,VIIRS,n,2.0NRT,299.52,8.58,D
30.37027,73.86142,333.28,0.41,0.45,2026-07-27,0748,N20,VIIRS,n,2.0NRT,300.14,10.67,D
29.92113,74.95334,307.08,0.32,0.55,2026-07-27,2012,N20,VIIRS,n,2.0NRT,289.61,0.68,N
23.68095,86.09426,323.33,0.46,0.39,2026-07-27,2014,N20,VIIRS,n,2.0NRT,270.1,1.98,N
26.7613,83.20042,307.66,0.38,0.36,2026-07-27,2014,N20,VIIRS,n,2.0NRT,291.05,0.93,N
25.03373,87.37167,308.72,0.51,0.41,2026-07-27,2014,N20,VIIRS,n,2.0NRT,282.82,1.2,N
23.81078,86.66684,298.72,0.49,0.4,2026-07-27,2014,N20,VIIRS,n,2.0NRT,278.93,1.35,N
23.80437,86.33186,321.85,0.47,0.4,2026-07-27,2014,N20,VIIRS,n,2.0NRT,283.4,1.73,N
23.80521,86.32732,306.57,0.47,0.4,2026-07-27,2014,N20,VIIRS,n,2.0NRT,283.06,1.73,N
23.79739,86.34941,306.09,0.47,0.4,2026-07-27,2014,N20,VIIRS,n,2.0NRT,282.44,1.61,N
23.79655,86.35397,316.81,0.47,0.4,2026-07-27,2014,N20,VIIRS,n,2.0NRT,282.57,1.29,N
23.79294,86.3532,303.07,0.47,0.4,2026-07-27,2014,N20,VIIRS,n,2.0NRT,282.58,1.29,N
23.78256,86.38902,301.88,0.48,0.4,2026-07-27,2014,N20,VIIRS,n,2.0NRT,280.29,1.36,N
23.78171,86.39363,302.79,0.48,0.4,2026-07-27,2014,N20,VIIRS,n,2.0NRT,281.03,1.36,N
23.7815,86.37453,305.21,0.48,0.4,2026-07-27,2014,N20,VIIRS,n,2.0NRT,281.64,1.33,N
23.77895,86.38825,317.22,0.48,0.4,2026-07-27,2014,N20,VIIRS,n,2.0NRT,281.09,1.36,N
23.78158,86.39191,310.92,0.48,0.4,2026-07-27,2014,N20,VIIRS,n,2.0NRT,281.09,2.33,N
23.78127,86.37281,311.49,0.48,0.4,2026-07-27,2014,N20,VIIRS,n,2.0NRT,281.83,1.85,N
23.7788,86.38654,301.2,0.48,0.4,2026-07-27,2014,N20,VIIRS,n,2.0NRT,280.03,1.46,N
23.77797,86.39115,307.85,0.48,0.4,2026-07-27,2014,N20,VIIRS,n,2.0NRT,280.57,2.19,N
23.78342,86.34,308.86,0.47,0.4,2026-07-27,2014,N20,VIIRS,n,2.0NRT,283.59,1.45,N
23.78178,86.34913,304.27,0.47,0.4,2026-07-27,2014,N20,VIIRS,n,2.0NRT,283.23,1.34,N
23.7757,86.3621,313.21,0.47,0.4,2026-07-27,2014,N20,VIIRS,n,2.0NRT,282.85,1.51,N
23.77487,86.36668,306.37,0.48,0.4,2026-07-27,2014,N20,VIIRS,n,2.0NRT,282.12,1.51,N
23.76824,86.40347,301.71,0.48,0.4,2026-07-27,2014,N20,VIIRS,n,2.0NRT,278.33,1.26,N
23.76629,86.39349,305.32,0.48,0.4,2026-07-27,2014,N20,VIIRS,n,2.0NRT,280.64,2.37,N
23.76463,86.40267,306.92,0.48,0.4,2026-07-27,2014,N20,VIIRS,n,2.0NRT,276.97,1.26,N
23.76101,86.40191,305.96,0.48,0.4,2026-07-27,2014,N20,VIIRS,n,2.0NRT,278.75,2.2,N
23.78038,86.21173,320.06,0.47,0.4,2026-07-27,2014,N20,VIIRS,n,2.0NRT,285.58,3.24,N
23.78119,86.20722,302.43,0.47,0.4,2026-07-27,2014,N20,VIIRS,n,2.0NRT,282.87,1.71,N
23.73984,86.43575,299.31,0.48,0.4,2026-07-27,2014,N20,VIIRS,n,2.0NRT,275.29,1.26,N
23.73622,86.43498,311,0.48,0.4,2026-07-27,2014,N20,VIIRS,n,2.0NRT,277.08,1.26,N
23.77207,86.19599,311.3,0.47,0.39,2026-07-27,2014,N20,VIIRS,n,2.0NRT,287.13,2.29,N
23.71472,86.44961,306.4,0.48,0.4,2026-07-27,2014,N20,VIIRS,n,2.0NRT,275.92,1.15,N
23.71387,86.45422,299.92,0.48,0.4,2026-07-27,2014,N20,VIIRS,n,2.0NRT,275.34,0.44,N
23.71109,86.44884,306,0.48,0.4,2026-07-27,2014,N20,VIIRS,n,2.0NRT,275.34,1.15,N
23.68782,86.39115,317.11,0.48,0.4,2026-07-27,2014,N20,VIIRS,n,2.0NRT,283.18,1.56,N
23.68698,86.39572,302.78,0.48,0.4,2026-07-27,2014,N20,VIIRS,n,2.0NRT,282.3,1.56,N
23.6842,86.39041,303.9,0.48,0.4,2026-07-27,2014,N20,VIIRS,n,2.0NRT,282.39,1.56,N
23.68336,86.39497,318.91,0.48,0.4,2026-07-27,2014,N20,VIIRS,n,2.0NRT,283.8,1.56,N
23.67973,86.39421,306.24,0.48,0.4,2026-07-27,2014,N20,VIIRS,n,2.0NRT,282.66,2.32,N
23.67888,86.39882,311.36,0.48,0.4,2026-07-27,2014,N20,VIIRS,n,2.0NRT,283.55,2.44,N
23.67526,86.39807,313.61,0.48,0.4,2026-07-27,2014,N20,VIIRS,n,2.0NRT,283.17,2.44,N
23.67449,86.39988,312.22,0.48,0.4,2026-07-27,2014,N20,VIIRS,n,2.0NRT,283.03,2.62,N
23.78126,85.57247,307.92,0.44,0.38,2026-07-27,2014,N20,VIIRS,n,2.0NRT,287.97,2.01,N
23.679,86.08456,300.84,0.46,0.39,2026-07-27,2014,N20,VIIRS,n,2.0NRT,274.48,1.74,N
24.76422,74.60621,300.32,0.59,0.52,2026-07-27,2014,N20,VIIRS,n,2.0NRT,284.21,1.55,N
21.19245,81.41615,317.16,0.39,0.36,2026-07-27,2014,N20,VIIRS,n,2.0NRT,264.97,1.95,N
21.17994,81.38742,311.14,0.39,0.36,2026-07-27,2014,N20,VIIRS,n,2.0NRT,267.46,1.06,N
28.33815,77.22024,299.52,0.45,0.47,2026-07-27,2014,N20,VIIRS,n,2.0NRT,272.31,0.43,N
9.9089,77.69514,320.55,0.41,0.37,2026-07-27,2017,N20,VIIRS,n,2.0NRT,280.29,1.51,N
9.90947,77.69145,312.91,0.41,0.37,2026-07-27,2017,N20,VIIRS,n,2.0NRT,280.38,1.51,N
9.91226,77.69585,304.26,0.41,0.37,2026-07-27,2017,N20,VIIRS,n,2.0NRT,279.27,0.86,N
10.00832,78.04518,304.72,0.4,0.37,2026-07-27,2017,N20,VIIRS,n,2.0NRT,280.73,0.84,N
18.68806,73.0277,299.39,0.62,0.54,2026-07-27,2017,N20,VIIRS,n,2.0NRT,277.02,2.08,N
18.68628,73.03201,302.53,0.62,0.54,2026-07-27,2017,N20,VIIRS,n,2.0NRT,277.54,2.15,N
17.06327,76.98074,295.91,0.51,0.41,2026-07-27,2017,N20,VIIRS,n,2.0NRT,271.11,1.1,N
15.02492,78.0147,295.85,0.43,0.38,2026-07-27,2017,N20,VIIRS,n,2.0NRT,265.23,0.35,N
15.18816,76.65874,306.13,0.5,0.41,2026-07-27,2017,N20,VIIRS,n,2.0NRT,283.21,2.14,N
15.18619,76.6726,306.29,0.5,0.41,2026-07-27,2017,N20,VIIRS,n,2.0NRT,279.96,2.08,N
15.18311,76.66744,310.65,0.5,0.41,2026-07-27,2017,N20,VIIRS,n,2.0NRT,280.5,2.02,N
15.17806,76.67616,304.64,0.5,0.41,2026-07-27,2017,N20,VIIRS,n,2.0NRT,278.99,1.37,N
15.17741,76.68078,302.08,0.5,0.41,2026-07-27,2017,N20,VIIRS,n,2.0NRT,278.09,1.23,N
15.17695,76.6571,323.31,0.5,0.41,2026-07-27,2017,N20,VIIRS,n,2.0NRT,281.69,2.27,N
15.17761,76.65247,304.82,0.5,0.41,2026-07-27,2017,N20,VIIRS,n,2.0NRT,280.63,2.27,N
15.07199,76.86552,299.79,0.49,0.4,2026-07-27,2017,N20,VIIRS,n,2.0NRT,281.92,0.83,N
14.87402,78.05026,297.4,0.43,0.38,2026-07-27,2017,N20,VIIRS,n,2.0NRT,265.92,0.34,N
14.83786,77.0201,296.95,0.48,0.4,2026-07-27,2017,N20,VIIRS,n,2.0NRT,269.23,0.53,N
13.87575,79.8771,302.3,0.39,0.36,2026-07-27,2017,N20,VIIRS,n,2.0NRT,286.6,1.26,N
11.8344,79.7354,326.09,0.38,0.36,2026-07-27,2019,N20,VIIRS,n,2.0NRT,289.75,2.88,N
11.81628,77.91653,319.32,0.41,0.37,2026-07-27,2019,N20,VIIRS,n,2.0NRT,291.92,1.85,N
11.81513,79.1644,309.2,0.39,0.36,2026-07-27,2019,N20,VIIRS,n,2.0NRT,288.78,1.71,N
13.50072,80.01127,309.42,0.38,0.36,2026-07-27,2019,N20,VIIRS,n,2.0NRT,282.32,1.54,N
13.39186,80.10162,317.72,0.38,0.36,2026-07-27,2019,N20,VIIRS,n,2.0NRT,289.15,2.81,N
13.21343,80.25954,306.52,0.38,0.36,2026-07-27,2019,N20,VIIRS,n,2.0NRT,290.28,2.36,N
11.58541,79.1995,310.05,0.39,0.36,2026-07-27,2019,N20,VIIRS,n,2.0NRT,281.42,0.65,N
12.59023,79.35764,309.03,0.39,0.36,2026-07-27,2019,N20,VIIRS,n,2.0NRT,288.3,0.98,N
23.25602,70.26205,303.27,0.58,0.7,2026-07-27,2155,N20,VIIRS,n,2.0NRT,287.1,0.86,N
9.47767,77.60773,330.87,0.62,0.71,2026-07-28,0724,N20,VIIRS,n,2.0NRT,289,4.92,D
9.84488,78.26949,330.11,0.55,0.68,2026-07-28,0724,N20,VIIRS,n,2.0NRT,291.47,6.7,D
9.84396,78.26462,347.53,0.55,0.68,2026-07-28,0724,N20,VIIRS,n,2.0NRT,292.23,6.7,D
9.84247,78.26484,350.98,0.55,0.68,2026-07-28,0724,N20,VIIRS,n,2.0NRT,292.34,12.29,D
10.85421,78.98843,332.07,0.47,0.64,2026-07-28,0724,N20,VIIRS,n,2.0NRT,288.45,3.82,D
10.39955,79.55362,332.62,0.44,0.62,2026-07-28,0724,N20,VIIRS,n,2.0NRT,293.22,2.05,D
10.20074,78.83664,342.84,0.49,0.65,2026-07-28,0724,N20,VIIRS,n,2.0NRT,292.25,6.49,D
9.79935,78.23251,342.67,0.55,0.68,2026-07-28,0724,N20,VIIRS,n,2.0NRT,292.37,6.47,D
25.06507,75.83813,339.31,0.39,0.59,2026-07-28,0729,N20,VIIRS,n,2.0NRT,286.85,2.33,D
9.51723,77.79315,347.97,0.69,0.74,2026-07-28,0905,N20,VIIRS,n,2.0NRT,290.13,13.07,D
9.51646,77.78674,332.43,0.69,0.74,2026-07-28,0905,N20,VIIRS,n,2.0NRT,288.43,10.87,D
9.79212,77.44984,330.39,0.66,0.73,2026-07-28,0905,N20,VIIRS,n,2.0NRT,289.15,5.37,D
9.9769,78.00116,336.03,0.72,0.75,2026-07-28,0905,N20,VIIRS,n,2.0NRT,287.98,3.83,D
21.10315,72.64895,335.93,0.43,0.62,2026-07-28,0907,N20,VIIRS,n,2.0NRT,286.19,5.08,D
27.40971,70.83246,338.88,0.39,0.59,2026-07-28,0909,N20,VIIRS,n,2.0NRT,296.59,2.88,D
27.39189,72.15485,337.98,0.47,0.64,2026-07-28,0909,N20,VIIRS,n,2.0NRT,294.27,2.5,D
28.66204,77.57845,302.64,0.42,0.61,2026-07-28,1953,N20,VIIRS,n,2.0NRT,282.59,2.4,N
23.73513,86.4296,299.11,0.39,0.36,2026-07-28,1955,N20,VIIRS,n,2.0NRT,288.49,1.11,N
23.69325,87.12199,304.78,0.38,0.36,2026-07-28,1955,N20,VIIRS,n,2.0NRT,284.91,1.01,N
23.80491,86.32861,307.93,0.39,0.36,2026-07-28,1955,N20,VIIRS,n,2.0NRT,289.29,0.91,N
23.80433,86.33243,307.67,0.39,0.36,2026-07-28,1955,N20,VIIRS,n,2.0NRT,290.68,2,N
23.79423,86.35414,306.86,0.39,0.36,2026-07-28,1955,N20,VIIRS,n,2.0NRT,290.45,1.48,N
23.78183,86.39109,301.14,0.39,0.36,2026-07-28,1955,N20,VIIRS,n,2.0NRT,288.91,0.46,N
23.78599,86.3409,311.93,0.39,0.36,2026-07-28,1955,N20,VIIRS,n,2.0NRT,290.84,1.62,N
23.77851,86.39049,300.56,0.39,0.36,2026-07-28,1955,N20,VIIRS,n,2.0NRT,289.16,0.46,N
23.75745,86.39452,302.77,0.39,0.36,2026-07-28,1955,N20,VIIRS,n,2.0NRT,290.36,1.26,N
23.75688,86.39833,304.44,0.39,0.36,2026-07-28,1955,N20,VIIRS,n,2.0NRT,290.31,1.26,N
23.75356,86.39774,301.31,0.39,0.36,2026-07-28,1955,N20,VIIRS,n,2.0NRT,290.26,1.53,N
23.73845,86.4302,303.86,0.39,0.36,2026-07-28,1955,N20,VIIRS,n,2.0NRT,289.95,1.43,N
23.73787,86.434,313.13,0.39,0.36,2026-07-28,1955,N20,VIIRS,n,2.0NRT,290.93,1.43,N
23.77085,85.99182,304.4,0.4,0.37,2026-07-28,1955,N20,VIIRS,n,2.0NRT,290.45,1.83,N
23.76796,86.01116,306.45,0.4,0.37,2026-07-28,1955,N20,VIIRS,n,2.0NRT,290.75,2.07,N
23.56345,87.08337,305.61,0.38,0.36,2026-07-28,1955,N20,VIIRS,n,2.0NRT,284.72,1.33,N
23.78159,85.56775,301.29,0.41,0.37,2026-07-28,1955,N20,VIIRS,n,2.0NRT,288.12,1.71,N
23.78101,85.57171,300.96,0.41,0.37,2026-07-28,1955,N20,VIIRS,n,2.0NRT,287.17,1.22,N
23.6795,86.09862,302.25,0.4,0.37,2026-07-28,1955,N20,VIIRS,n,2.0NRT,290.66,1.27,N
23.48285,87.35993,299.46,0.38,0.36,2026-07-28,1955,N20,VIIRS,n,2.0NRT,276.47,0.94,N
23.40276,87.28404,303.54,0.38,0.36,2026-07-28,1955,N20,VIIRS,n,2.0NRT,290.4,1.24,N
23.6498,85.43965,299.23,0.41,0.37,2026-07-28,1955,N20,VIIRS,n,2.0NRT,286.94,0.95,N
23.64641,85.43906,310.57,0.41,0.37,2026-07-28,1955,N20,VIIRS,n,2.0NRT,286.72,0.95,N
23.64573,85.44012,297.83,0.41,0.37,2026-07-28,1955,N20,VIIRS,n,2.0NRT,286.01,1.2,N
22.87175,88.21294,307.27,0.39,0.36,2026-07-28,1955,N20,VIIRS,n,2.0NRT,290.16,1.99,N
22.38035,87.29095,304.7,0.38,0.36,2026-07-28,1955,N20,VIIRS,n,2.0NRT,289.65,1.33,N
22.36544,87.29961,309.69,0.38,0.36,2026-07-28,1955,N20,VIIRS,n,2.0NRT,288.7,1.09,N
22.36485,87.3033,308.89,0.38,0.36,2026-07-28,1955,N20,VIIRS,n,2.0NRT,289.92,1.09,N
22.08788,88.11028,308.84,0.39,0.36,2026-07-28,1955,N20,VIIRS,n,2.0NRT,290.7,1.5,N
22.05493,88.12341,307.86,0.39,0.36,2026-07-28,1955,N20,VIIRS,n,2.0NRT,291.4,2.99,N
19.9391,73.71044,296.32,0.6,0.7,2026-07-28,1955,N20,VIIRS,n,2.0NRT,283.79,1.11,N
13.70969,79.6204,306.55,0.41,0.45,2026-07-28,1957,N20,VIIRS,n,2.0NRT,285.03,1.32,N
13.20364,80.2969,304.89,0.55,0.42,2026-07-28,1957,N20,VIIRS,n,2.0NRT,282.56,1.36,N
13.18421,79.82563,303.98,0.39,0.44,2026-07-28,1957,N20,VIIRS,n,2.0NRT,284.27,1.44,N
12.88945,79.85281,305.1,0.38,0.43,2026-07-28,1957,N20,VIIRS,n,2.0NRT,287,0.87,N
12.84982,79.90521,328.55,0.57,0.43,2026-07-28,1957,N20,VIIRS,n,2.0NRT,289.22,6.33,N
12.85139,79.90334,330.05,0.57,0.43,2026-07-28,1957,N20,VIIRS,n,2.0NRT,289.42,6.18,N
12.10975,79.87855,296.73,0.56,0.43,2026-07-28,1957,N20,VIIRS,n,2.0NRT,265.56,0.28,N
12.09366,77.0476,299.67,0.57,0.52,2026-07-28,1957,N20,VIIRS,n,2.0NRT,279.71,0.63,N
9.52069,77.78711,339.01,0.47,0.48,2026-07-28,2000,N20,VIIRS,n,2.0NRT,293.75,9.24,N
25.94407,72.19524,305.41,0.34,0.56,2026-07-28,2136,N20,VIIRS,n,2.0NRT,288.2,0.89,N
20.86143,84.98876,336.27,0.5,0.49,2026-07-29,0707,N20,VIIRS,n,2.0NRT,288.14,4.17,D
23.69703,86.07602,339.34,0.38,0.44,2026-07-29,0707,N20,VIIRS,n,2.0NRT,287.31,10.21,D
23.80213,86.33046,328.62,0.56,0.43,2026-07-29,0707,N20,VIIRS,n,2.0NRT,284.32,3.44,D
25.21176,94.06576,333.74,0.45,0.39,2026-07-29,0707,N20,VIIRS,n,2.0NRT,293.87,4.06,D
20.79184,85.2561,341.6,0.48,0.48,2026-07-29,0707,N20,VIIRS,n,2.0NRT,289.57,10.06,D
20.79133,85.25372,342.78,0.48,0.48,2026-07-29,0707,N20,VIIRS,n,2.0NRT,289.55,6.94,D
20.78396,85.2625,331.54,0.48,0.48,2026-07-29,0707,N20,VIIRS,n,2.0NRT,290.51,4.96,D
8.56658,78.06514,342.31,0.33,0.55,2026-07-29,0845,N20,VIIRS,n,2.0NRT,294.53,3.35,D
8.75689,78.1835,336.7,0.34,0.56,2026-07-29,0845,N20,VIIRS,n,2.0NRT,296.96,2.79,D
8.78999,78.09714,337.86,0.33,0.56,2026-07-29,0845,N20,VIIRS,n,2.0NRT,297.39,2.05,D
8.9066,77.81872,343.17,0.32,0.55,2026-07-29,0845,N20,VIIRS,n,2.0NRT,297.89,3.52,D
9.28648,77.98424,332.52,0.33,0.55,2026-07-29,0845,N20,VIIRS,n,2.0NRT,294.33,1.7,D
9.26515,77.67522,332.43,0.63,0.54,2026-07-29,0845,N20,VIIRS,n,2.0NRT,297.04,2.25,D
9.51966,77.7891,343.72,0.33,0.55,2026-07-29,0845,N20,VIIRS,n,2.0NRT,298.45,2.67,D
23.75693,68.98022,335.85,0.44,0.39,2026-07-29,0850,N20,VIIRS,n,2.0NRT,299.08,2.51,D
23.72285,86.44096,303.58,0.41,0.45,2026-07-29,1936,N20,VIIRS,n,2.0NRT,289.15,1.8,N
23.71875,86.44035,303.06,0.41,0.45,2026-07-29,1936,N20,VIIRS,n,2.0NRT,288.3,1.54,N
23.71317,86.45175,320.03,0.41,0.45,2026-07-29,1936,N20,VIIRS,n,2.0NRT,288.49,2.37,N
22.81711,86.08775,302.61,0.42,0.45,2026-07-29,1936,N20,VIIRS,n,2.0NRT,289.23,1.28,N
22.79605,86.19547,307.18,0.41,0.45,2026-07-29,1936,N20,VIIRS,n,2.0NRT,289.15,1.18,N
22.79193,86.19486,307.72,0.41,0.45,2026-07-29,1936,N20,VIIRS,n,2.0NRT,288.81,1.18,N
22.79051,86.20689,301.93,0.41,0.45,2026-07-29,1936,N20,VIIRS,n,2.0NRT,288.67,1.07,N
22.79004,86.21089,304.05,0.41,0.45,2026-07-29,1936,N20,VIIRS,n,2.0NRT,289.17,1.07,N
22.81076,86.08765,304.53,0.42,0.45,2026-07-29,1936,N20,VIIRS,n,2.0NRT,289.26,1.69,N
22.79673,86.20034,308.29,0.41,0.45,2026-07-29,1936,N20,VIIRS,n,2.0NRT,289.21,2.59,N
22.79361,86.19175,307.8,0.41,0.45,2026-07-29,1936,N20,VIIRS,n,2.0NRT,288.8,1.46,N
22.79312,86.19575,308.54,0.41,0.45,2026-07-29,1936,N20,VIIRS,n,2.0NRT,288.85,1.46,N
22.79113,86.21172,306.65,0.41,0.45,2026-07-29,1936,N20,VIIRS,n,2.0NRT,289.4,2.51,N
22.78704,86.00527,303.89,0.42,0.45,2026-07-29,1936,N20,VIIRS,n,2.0NRT,289.48,1.38,N
22.38013,87.27805,302.88,0.53,0.42,2026-07-29,1936,N20,VIIRS,n,2.0NRT,288.06,2.07,N
22.359,87.2905,306.47,0.53,0.42,2026-07-29,1936,N20,VIIRS,n,2.0NRT,288.42,1.31,N
22.36596,87.01585,305.96,0.55,0.42,2026-07-29,1936,N20,VIIRS,n,2.0NRT,288.71,1.38,N
23.7539,86.41571,310.98,0.41,0.45,2026-07-29,1936,N20,VIIRS,n,2.0NRT,288.44,1.52,N
26.6431,79.47668,307.4,0.6,0.71,2026-07-29,1936,N20,VIIRS,n,2.0NRT,277.2,1.36,N
23.79495,86.28111,301.73,0.42,0.45,2026-07-29,1936,N20,VIIRS,n,2.0NRT,287.64,0.83,N
23.78192,86.39115,304.53,0.41,0.45,2026-07-29,1936,N20,VIIRS,n,2.0NRT,287.88,0.94,N
23.69318,87.12241,304.39,0.56,0.43,2026-07-29,1936,N20,VIIRS,n,2.0NRT,278.81,1.61,N
23.77828,86.38651,303.16,0.41,0.45,2026-07-29,1936,N20,VIIRS,n,2.0NRT,287.43,0.94,N
23.7778,86.39053,305.89,0.41,0.45,2026-07-29,1936,N20,VIIRS,n,2.0NRT,287.79,0.94,N
23.68925,87.1218,300.51,0.56,0.43,2026-07-29,1936,N20,VIIRS,n,2.0NRT,278.24,1.61,N
23.68531,87.1212,298.71,0.56,0.43,2026-07-29,1936,N20,VIIRS,n,2.0NRT,278.9,1.64,N
23.76767,86.40541,322.04,0.41,0.45,2026-07-29,1936,N20,VIIRS,n,2.0NRT,288.51,2.19,N
24.16361,82.63004,303.14,0.36,0.57,2026-07-29,1936,N20,VIIRS,n,2.0NRT,271.32,1.08,N
23.76814,86.40134,308.8,0.41,0.45,2026-07-29,1936,N20,VIIRS,n,2.0NRT,287.97,2.19,N
23.76403,86.40075,308.82,0.41,0.45,2026-07-29,1936,N20,VIIRS,n,2.0NRT,287.25,1.19,N
23.76355,86.40484,312.07,0.41,0.45,2026-07-29,1936,N20,VIIRS,n,2.0NRT,287.54,1.19,N
23.75991,86.40013,311.39,0.41,0.45,2026-07-29,1936,N20,VIIRS,n,2.0NRT,287.54,1.19,N
23.75943,86.4042,307.65,0.41,0.45,2026-07-29,1936,N20,VIIRS,n,2.0NRT,287.72,1.19,N
23.77818,86.20757,303.71,0.42,0.45,2026-07-29,1936,N20,VIIRS,n,2.0NRT,286.85,2.6,N
23.7777,86.21172,301.44,0.42,0.45,2026-07-29,1936,N20,VIIRS,n,2.0NRT,286.9,2.29,N
23.74932,86.41909,303.41,0.41,0.45,2026-07-29,1936,N20,VIIRS,n,2.0NRT,288.5,1.52,N
23.73923,86.4339,319.13,0.41,0.45,2026-07-29,1936,N20,VIIRS,n,2.0NRT,289.29,2.57,N
23.73559,86.42928,305.46,0.41,0.45,2026-07-29,1936,N20,VIIRS,n,2.0NRT,288.31,1.05,N
23.73512,86.43327,303.33,0.41,0.45,2026-07-29,1936,N20,VIIRS,n,2.0NRT,288.69,1.05,N
23.73664,86.43075,308.5,0.41,0.45,2026-07-29,1936,N20,VIIRS,n,2.0NRT,288.54,1.81,N
23.73615,86.43474,312.11,0.41,0.45,2026-07-29,1936,N20,VIIRS,n,2.0NRT,288.96,1.81,N
23.72695,86.44157,308.27,0.41,0.45,2026-07-29,1936,N20,VIIRS,n,2.0NRT,288.95,1.8,N
22.36102,87.01906,308.25,0.55,0.42,2026-07-29,1936,N20,VIIRS,n,2.0NRT,288.3,2.39,N
22.3649,87.01965,305.79,0.55,0.42,2026-07-29,1936,N20,VIIRS,n,2.0NRT,288.71,2.14,N
22.36206,87.01524,306.26,0.55,0.42,2026-07-29,1936,N20,VIIRS,n,2.0NRT,288.43,1.38,N
21.0777,85.03649,297.4,0.46,0.47,2026-07-29,1938,N20,VIIRS,n,2.0NRT,269.82,1.14,N
20.96526,86.01318,303.55,0.4,0.44,2026-07-29,1938,N20,VIIRS,n,2.0NRT,270.52,1.24,N
21.98697,83.23443,302.37,0.62,0.54,2026-07-29,1938,N20,VIIRS,n,2.0NRT,284.21,2.67,N
20.97437,86.00664,295.85,0.4,0.44,2026-07-29,1938,N20,VIIRS,n,2.0NRT,267.25,1.2,N
21.92747,85.22311,307.83,0.46,0.47,2026-07-29,1938,N20,VIIRS,n,2.0NRT,287.4,0.9,N
21.9318,85.22376,301.64,0.46,0.47,2026-07-29,1938,N20,VIIRS,n,2.0NRT,286.69,0.9,N
17.60863,83.20387,313.66,0.54,0.51,2026-07-29,1938,N20,VIIRS,n,2.0NRT,269.96,2.82,N
9.68003,78.33997,309.84,0.45,0.63,2026-07-29,1940,N20,VIIRS,n,2.0NRT,265.72,0.71,N
8.76018,78.18037,304.69,0.45,0.63,2026-07-29,1940,N20,VIIRS,n,2.0NRT,273.34,1.41,N
26.64135,79.4819,307.62,0.47,0.64,2026-07-29,2116,N20,VIIRS,n,2.0NRT,279.14,1.66,N
27.6689,76.13105,302.91,0.56,0.51,2026-07-29,2116,N20,VIIRS,n,2.0NRT,287.7,1.32,N
29.47598,76.86037,309.38,0.56,0.52,2026-07-29,2116,N20,VIIRS,n,2.0NRT,291.25,0.57,N
31.2573,76.92567,302.22,0.52,0.5,2026-07-29,2116,N20,VIIRS,n,2.0NRT,287.68,2.08,N
27.49929,72.13013,337.12,0.5,0.41,2026-07-29,2116,N20,VIIRS,n,2.0NRT,289.65,5.66,N
25.94376,72.19493,335.08,0.53,0.42,2026-07-29,2116,N20,VIIRS,n,2.0NRT,288.07,17.99,N
25.94476,72.18969,314.73,0.53,0.42,2026-07-29,2116,N20,VIIRS,n,2.0NRT,288.18,7.45,N
25.93996,72.19404,309.88,0.53,0.42,2026-07-29,2116,N20,VIIRS,n,2.0NRT,287.77,2.72,N
8.29824,77.73429,352.33,0.47,0.4,2026-07-30,0826,N20,VIIRS,n,2.0NRT,303.13,5.13,D
9.9868,78.05985,338.59,0.51,0.41,2026-07-30,0826,N20,VIIRS,n,2.0NRT,296.16,5.41,D
9.98714,78.11672,337.66,0.51,0.41,2026-07-30,0826,N20,VIIRS,n,2.0NRT,294.37,3.32,D
9.94676,78.74062,330.17,0.56,0.43,2026-07-30,0826,N20,VIIRS,n,2.0NRT,297.34,2.35,D
9.82041,78.24716,346.6,0.52,0.41,2026-07-30,0826,N20,VIIRS,n,2.0NRT,297.04,8.3,D
9.80058,78.49479,337.46,0.54,0.42,2026-07-30,0826,N20,VIIRS,n,2.0NRT,298.51,5.14,D
9.25437,78.28642,336.76,0.51,0.41,2026-07-30,0826,N20,VIIRS,n,2.0NRT,302.11,9.26,D
9.14935,78.30898,340.94,0.51,0.41,2026-07-30,0826,N20,VIIRS,n,2.0NRT,302.13,9.36,D
8.79615,77.38263,341.88,0.46,0.39,2026-07-30,0826,N20,VIIRS,n,2.0NRT,300.13,6.64,D
8.75724,78.18269,349.38,0.5,0.41,2026-07-30,0826,N20,VIIRS,n,2.0NRT,299.99,7.56,D
8.6615,77.84615,331.42,0.48,0.4,2026-07-30,0826,N20,VIIRS,n,2.0NRT,298.71,1.6,D
8.61699,77.95514,333.37,0.49,0.4,2026-07-30,0826,N20,VIIRS,n,2.0NRT,300.7,2.74,D
8.29762,77.73004,337.17,0.47,0.4,2026-07-30,0826,N20,VIIRS,n,2.0NRT,302.05,5.13,D
10.4102,79.42266,334.13,0.41,0.45,2026-07-30,0828,N20,VIIRS,n,2.0NRT,287.63,3.4,D
11.7792,78.69553,340.83,0.39,0.44,2026-07-30,0828,N20,VIIRS,n,2.0NRT,289.52,5.99,D
23.41203,72.35596,330.74,0.4,0.37,2026-07-30,0833,N20,VIIRS,n,2.0NRT,294.32,1.56,D
25.64665,72.15508,336.8,0.41,0.37,2026-07-30,0833,N20,VIIRS,n,2.0NRT,298.01,3.44,D
27.607,95.40426,297.3,0.42,0.38,2026-07-30,1915,N20,VIIRS,n,2.0NRT,274.24,0.35,N
23.82494,84.56625,302.13,0.54,0.68,2026-07-30,1917,N20,VIIRS,n,2.0NRT,282.12,4.32,N
24.20708,82.70964,302.59,0.71,0.75,2026-07-30,1917,N20,VIIRS,n,2.0NRT,282.24,1.44,N
23.83077,84.57227,304.54,0.54,0.68,2026-07-30,1917,N20,VIIRS,n,2.0NRT,281.67,3.29,N
21.67924,84.03779,307.5,0.55,0.68,2026-07-30,1917,N20,VIIRS,n,2.0NRT,282.62,2.59,N
21.48882,81.76712,299.05,0.77,0.77,2026-07-30,1917,N20,VIIRS,n,2.0NRT,276.79,3.14,N
24.20641,82.71039,303.77,0.71,0.75,2026-07-30,1917,N20,VIIRS,n,2.0NRT,281.98,1.86,N
23.82454,84.57153,316.89,0.54,0.68,2026-07-30,1917,N20,VIIRS,n,2.0NRT,282.31,3.29,N
20.81041,85.25729,302.46,0.73,0.76,2026-07-30,2057,N20,VIIRS,n,2.0NRT,283.93,1.51,N
29.12565,75.78059,310.72,0.43,0.38,2026-07-30,2057,N20,VIIRS,n,2.0NRT,291.43,3.07,N
28.74361,76.9267,310.6,0.48,0.4,2026-07-30,2057,N20,VIIRS,n,2.0NRT,288.35,3.58,N
28.37387,77.225,306.22,0.51,0.41,2026-07-30,2057,N20,VIIRS,n,2.0NRT,287.43,1.35,N
28.27577,77.18374,305,0.51,0.41,2026-07-30,2057,N20,VIIRS,n,2.0NRT,287.24,1.2,N
27.66685,76.13097,308.97,0.46,0.39,2026-07-30,2057,N20,VIIRS,n,2.0NRT,290.2,1.96,N
26.64216,79.4797,312.3,0.48,0.48,2026-07-30,2057,N20,VIIRS,n,2.0NRT,278.34,0.97,N
24.17131,82.62354,303.04,0.42,0.61,2026-07-30,2057,N20,VIIRS,n,2.0NRT,282.98,1.17,N
24.141,82.70184,301.09,0.43,0.62,2026-07-30,2057,N20,VIIRS,n,2.0NRT,283.83,1.42,N
24.146,82.65617,307.05,0.43,0.62,2026-07-30,2057,N20,VIIRS,n,2.0NRT,282.43,1.26,N
24.16693,82.62359,304.01,0.42,0.61,2026-07-30,2057,N20,VIIRS,n,2.0NRT,283.67,2.27,N
24.14262,82.7037,304.04,0.43,0.62,2026-07-30,2057,N20,VIIRS,n,2.0NRT,283.54,0.85,N
24.14732,82.65794,308.92,0.43,0.62,2026-07-30,2057,N20,VIIRS,n,2.0NRT,282.85,1.46,N
25.94322,72.19054,326.74,0.38,0.36,2026-07-30,2057,N20,VIIRS,n,2.0NRT,286.57,2.29,N
24.32881,79.96535,297.7,0.57,0.52,2026-07-30,2057,N20,VIIRS,n,2.0NRT,285.31,3.74,N
24.93493,74.63193,306.37,0.43,0.38,2026-07-30,2057,N20,VIIRS,n,2.0NRT,289.53,1.98,N
23.99033,79.39104,298.36,0.54,0.51,2026-07-30,2057,N20,VIIRS,n,2.0NRT,279.45,1.43,N
24.65876,73.87506,306.42,0.41,0.37,2026-07-30,2057,N20,VIIRS,n,2.0NRT,289.93,2.85,N
22.03465,83.35381,298.45,0.52,0.67,2026-07-30,2057,N20,VIIRS,n,2.0NRT,283.13,2.4,N
20.97938,85.1321,303.47,0.71,0.75,2026-07-30,2057,N20,VIIRS,n,2.0NRT,282.57,1.17,N
20.96949,85.17182,312.05,0.72,0.75,2026-07-30,2057,N20,VIIRS,n,2.0NRT,282.92,2.27,N
20.96619,85.18506,308.39,0.72,0.76,2026-07-30,2057,N20,VIIRS,n,2.0NRT,282.82,4.69,N
20.96443,85.16323,303.2,0.72,0.75,2026-07-30,2057,N20,VIIRS,n,2.0NRT,283.08,2.27,N
20.96279,85.16978,301.37,0.72,0.75,2026-07-30,2057,N20,VIIRS,n,2.0NRT,282.93,2.27,N
20.86936,84.99331,303.06,0.7,0.75,2026-07-30,2057,N20,VIIRS,n,2.0NRT,284.76,2.02,N
20.86436,84.98472,307.95,0.7,0.75,2026-07-30,2057,N20,VIIRS,n,2.0NRT,284.12,1.53,N
20.86265,84.99155,306.39,0.7,0.75,2026-07-30,2057,N20,VIIRS,n,2.0NRT,284.52,1.53,N
20.79693,85.25313,312.67,0.73,0.76,2026-07-30,2057,N20,VIIRS,n,2.0NRT,282.69,2.35,N
21.6228,81.79496,301.17,0.43,0.62,2026-07-30,2057,N20,VIIRS,n,2.0NRT,284.46,0.56,N
20.78838,85.25822,306.78,0.73,0.76,2026-07-30,2057,N20,VIIRS,n,2.0NRT,283.45,2.35,N
20.78664,85.26511,306.91,0.73,0.76,2026-07-30,2057,N20,VIIRS,n,2.0NRT,283.54,2.46,N
21.60441,81.8241,302.4,0.43,0.62,2026-07-30,2057,N20,VIIRS,n,2.0NRT,287,0.69,N
20.76445,85.29527,310.85,0.74,0.76,2026-07-30,2057,N20,VIIRS,n,2.0NRT,283.8,2.56,N
21.62412,81.79559,301.91,0.43,0.62,2026-07-30,2057,N20,VIIRS,n,2.0NRT,285.1,0.92,N
20.88447,84.98191,301.44,0.7,0.75,2026-07-30,2057,N20,VIIRS,n,2.0NRT,284.17,1.09,N
20.86799,84.99101,304.93,0.7,0.75,2026-07-30,2057,N20,VIIRS,n,2.0NRT,284.59,2.38,N
20.86126,84.98934,316.36,0.7,0.75,2026-07-30,2057,N20,VIIRS,n,2.0NRT,284.05,2.38,N
20.7971,85.25162,309.05,0.73,0.76,2026-07-30,2057,N20,VIIRS,n,2.0NRT,283.23,2.4,N
20.7869,85.26359,310.12,0.74,0.76,2026-07-30,2057,N20,VIIRS,n,2.0NRT,283.69,3.3,N
20.76329,85.30036,303.78,0.74,0.76,2026-07-30,2057,N20,VIIRS,n,2.0NRT,284,2.01,N
20.75817,85.29167,302.35,0.74,0.76,2026-07-30,2057,N20,VIIRS,n,2.0NRT,283.95,2.01,N
21.48581,81.76941,307.16,0.43,0.62,2026-07-30,2057,N20,VIIRS,n,2.0NRT,282.66,0.91,N
21.37869,81.68077,313.2,0.42,0.61,2026-07-30,2057,N20,VIIRS,n,2.0NRT,286.99,1.87,N
21.37566,81.64246,304.1,0.42,0.61,2026-07-30,2057,N20,VIIRS,n,2.0NRT,287.23,2.06,N
21.34743,81.66437,312.21,0.42,0.61,2026-07-30,2057,N20,VIIRS,n,2.0NRT,287.19,1.86,N
21.18517,81.38824,304.69,0.41,0.61,2026-07-30,2057,N20,VIIRS,n,2.0NRT,286.57,2.17,N
15.13839,76.71198,295.9,0.53,0.5,2026-07-30,2059,N20,VIIRS,n,2.0NRT,276.43,1.6,N
15.13797,76.71468,295.35,0.53,0.5,2026-07-30,2059,N20,VIIRS,n,2.0NRT,276.58,2.6,N
11.3891,79.68466,308.03,0.49,0.65,2026-07-30,2101,N20,VIIRS,n,2.0NRT,286.49,1.54,N
11.18445,77.27787,297.38,0.34,0.56,2026-07-30,2101,N20,VIIRS,n,2.0NRT,267.34,0.31,N
11.18514,79.09954,304.57,0.45,0.63,2026-07-30,2101,N20,VIIRS,n,2.0NRT,287.65,0.79,N
9.62481,78.86758,354.52,0.38,0.36,2026-07-31,0807,N20,VIIRS,n,2.0NRT,303.37,6.6,D
10.30867,79.34757,339.08,0.39,0.36,2026-07-31,0807,N20,VIIRS,n,2.0NRT,302.39,2.32,D
10.62157,79.51067,339.66,0.39,0.36,2026-07-31,0807,N20,VIIRS,n,2.0NRT,300.88,2.39,D
11.40644,79.74265,333.47,0.4,0.37,2026-07-31,0807,N20,VIIRS,n,2.0NRT,301.22,2.9,D
11.50429,79.28734,345.42,0.39,0.36,2026-07-31,0807,N20,VIIRS,n,2.0NRT,303.34,21.37,D
11.68693,79.19308,330.9,0.39,0.36,2026-07-31,0807,N20,VIIRS,n,2.0NRT,291.52,1.98,D
11.77438,79.48226,332.71,0.39,0.36,2026-07-31,0807,N20,VIIRS,n,2.0NRT,293.42,2.43,D
11.73381,79.21124,341.08,0.39,0.36,2026-07-31,0807,N20,VIIRS,n,2.0NRT,294.22,5.79,D
11.87462,79.58784,330.69,0.39,0.37,2026-07-31,0807,N20,VIIRS,n,2.0NRT,292.31,2.2,D
11.90875,79.56419,331.06,0.39,0.37,2026-07-31,0807,N20,VIIRS,n,2.0NRT,286.98,3.05,D
11.80989,77.92429,334.7,0.39,0.36,2026-07-31,0807,N20,VIIRS,n,2.0NRT,290.3,2.28,D
11.51665,79.5994,333.72,0.39,0.36,2026-07-31,0807,N20,VIIRS,n,2.0NRT,300.02,1.58,D
9.45161,78.70998,336.86,0.38,0.36,2026-07-31,0807,N20,VIIRS,n,2.0NRT,302.07,5.52,D
9.47577,78.82372,355.02,0.38,0.36,2026-07-31,0807,N20,VIIRS,n,2.0NRT,303,9.14,D
9.47524,78.82024,339.78,0.38,0.36,2026-07-31,0807,N20,VIIRS,n,2.0NRT,302.8,9.14,D
9.58714,78.82003,340.16,0.38,0.36,2026-07-31,0807,N20,VIIRS,n,2.0NRT,303.41,6.34,D
14.51375,78.72263,333.82,0.39,0.36,2026-07-31,0809,N20,VIIRS,n,2.0NRT,288.77,3.83,D
18.38443,78.24828,342.1,0.4,0.37,2026-07-31,0809,N20,VIIRS,n,2.0NRT,292.95,2.65,D
18.38389,78.24453,335.33,0.4,0.37,2026-07-31,0809,N20,VIIRS,n,2.0NRT,292.52,2.65,D
20.96034,86.00787,336.96,0.38,0.58,2026-07-31,0809,N20,VIIRS,n,2.0NRT,289.36,3.82,D
20.96646,86.01472,367,0.38,0.58,2026-07-31,0809,N20,VIIRS,h,2.0NRT,291.46,12.28,D
21.19254,81.38928,332.09,0.39,0.44,2026-07-31,0809,N20,VIIRS,n,2.0NRT,293.59,6.48,D
18.35944,78.21775,335.42,0.4,0.37,2026-07-31,0809,N20,VIIRS,n,2.0NRT,292.35,3.31,D
23.71553,68.8817,343.83,0.46,0.47,2026-07-31,0811,N20,VIIRS,n,2.0NRT,301.62,4.11,D
22.36876,87.29883,302.42,0.7,0.75,2026-07-31,1858,N20,VIIRS,n,2.0NRT,278.49,2.24,N
22.36901,87.29658,299.3,0.7,0.75,2026-07-31,1858,N20,VIIRS,n,2.0NRT,276.71,2.15,N
22.37734,87.27655,299.35,0.7,0.75,2026-07-31,1858,N20,VIIRS,n,2.0NRT,275.51,2.61,N
26.64096,79.47751,313.72,0.42,0.38,2026-07-31,2038,N20,VIIRS,n,2.0NRT,289,1.13,N
28.66269,77.57716,308.06,0.38,0.36,2026-07-31,2038,N20,VIIRS,n,2.0NRT,286.41,1.15,N
28.65757,77.58816,303.09,0.38,0.36,2026-07-31,2038,N20,VIIRS,n,2.0NRT,285.15,0.91,N
28.6504,77.59071,304.55,0.38,0.36,2026-07-31,2038,N20,VIIRS,n,2.0NRT,286.79,1.03,N
28.7454,76.93379,311.27,0.39,0.36,2026-07-31,2038,N20,VIIRS,n,2.0NRT,290.02,2.03,N
28.34829,77.25721,302.36,0.38,0.36,2026-07-31,2038,N20,VIIRS,n,2.0NRT,283.84,0.95,N
27.66673,76.12946,313.73,0.39,0.36,2026-07-31,2038,N20,VIIRS,n,2.0NRT,292.22,1.98,N
26.64365,79.48241,315.38,0.42,0.38,2026-07-31,2038,N20,VIIRS,n,2.0NRT,288.79,1.17,N
28.83401,78.77017,336.56,0.39,0.36,2026-07-31,2038,N20,VIIRS,n,2.0NRT,292.24,4.7,N
28.85254,77.14378,304.44,0.39,0.36,2026-07-31,2038,N20,VIIRS,n,2.0NRT,287.84,1.06,N
22.38137,87.27661,308.84,0.46,0.63,2026-07-31,2040,N20,VIIRS,n,2.0NRT,281.97,1.45,N
26.27148,74.18983,308.83,0.43,0.38,2026-07-31,2040,N20,VIIRS,n,2.0NRT,292.05,4.35,N
26.2596,74.09436,308.51,0.44,0.38,2026-07-31,2040,N20,VIIRS,n,2.0NRT,291.11,0.81,N
23.69631,87.10404,300.47,0.42,0.61,2026-07-31,2040,N20,VIIRS,n,2.0NRT,277.48,1.18,N
23.69537,87.10802,300.81,0.42,0.61,2026-07-31,2040,N20,VIIRS,n,2.0NRT,277.44,2.43,N
23.69255,87.12002,301.74,0.42,0.61,2026-07-31,2040,N20,VIIRS,n,2.0NRT,277.81,2.34,N
23.69162,87.12397,300.72,0.42,0.61,2026-07-31,2040,N20,VIIRS,n,2.0NRT,277.87,1.39,N
23.69179,87.09858,306.4,0.42,0.61,2026-07-31,2040,N20,VIIRS,n,2.0NRT,278.2,1.47,N
23.69849,87.09631,300.17,0.42,0.61,2026-07-31,2040,N20,VIIRS,n,2.0NRT,278.33,1.5,N
23.69667,87.10429,299.67,0.42,0.61,2026-07-31,2040,N20,VIIRS,n,2.0NRT,277.72,1.08,N
23.69576,87.10829,300.78,0.42,0.61,2026-07-31,2040,N20,VIIRS,n,2.0NRT,277.67,1.04,N
23.69485,87.11228,299.3,0.42,0.61,2026-07-31,2040,N20,VIIRS,n,2.0NRT,277.89,1.04,N
23.69302,87.12032,300.21,0.42,0.61,2026-07-31,2040,N20,VIIRS,n,2.0NRT,278.17,1.84,N
23.69213,87.12424,301.81,0.42,0.61,2026-07-31,2040,N20,VIIRS,n,2.0NRT,278.17,1.96,N
23.69213,87.09879,305.87,0.42,0.61,2026-07-31,2040,N20,VIIRS,n,2.0NRT,278.1,1.08,N
23.77704,86.21121,302.72,0.36,0.58,2026-07-31,2040,N20,VIIRS,n,2.0NRT,286.17,1.56,N
23.56335,87.08196,303.65,0.42,0.61,2026-07-31,2040,N20,VIIRS,n,2.0NRT,281.38,1.49,N
23.68642,86.39363,304.03,0.38,0.58,2026-07-31,2040,N20,VIIRS,n,2.0NRT,285.25,1.35,N
23.68116,86.39233,308.02,0.38,0.58,2026-07-31,2040,N20,VIIRS,n,2.0NRT,285.56,2.03,N
23.7545,85.85289,300.14,0.35,0.56,2026-07-31,2040,N20,VIIRS,n,2.0NRT,284.61,1.02,N
23.69734,86.07578,309.39,0.36,0.57,2026-07-31,2040,N20,VIIRS,n,2.0NRT,285.45,1.28,N
23.68917,86.08809,302.21,0.36,0.57,2026-07-31,2040,N20,VIIRS,n,2.0NRT,285.63,0.86,N
23.68328,86.0901,302.18,0.36,0.57,2026-07-31,2040,N20,VIIRS,n,2.0NRT,285.6,1.5,N
23.68251,86.09354,309.29,0.36,0.57,2026-07-31,2040,N20,VIIRS,n,2.0NRT,286.08,1.99,N
23.67891,86.08524,319.07,0.36,0.57,2026-07-31,2040,N20,VIIRS,n,2.0NRT,286.02,1.5,N
23.63203,86.29517,304.06,0.37,0.58,2026-07-31,2040,N20,VIIRS,n,2.0NRT,285.93,0.92,N
23.67684,86.0701,302.46,0.36,0.57,2026-07-31,2040,N20,VIIRS,n,2.0NRT,285.82,1.17,N
23.66634,86.09274,302.31,0.36,0.57,2026-07-31,2040,N20,VIIRS,n,2.0NRT,286.12,1.28,N
23.64919,85.43808,325.73,0.33,0.55,2026-07-31,2040,N20,VIIRS,n,2.0NRT,285.34,2.9,N
25.94465,72.19238,317.78,0.53,0.42,2026-07-31,2040,N20,VIIRS,n,2.0NRT,290.47,5.63,N
23.64989,85.43491,304.2,0.33,0.55,2026-07-31,2040,N20,VIIRS,n,2.0NRT,284.57,1.26,N
24.20715,82.70804,299.9,0.43,0.46,2026-07-31,2040,N20,VIIRS,n,2.0NRT,274.99,1.42,N
23.8225,84.57358,297.53,0.57,0.52,2026-07-31,2040,N20,VIIRS,n,2.0NRT,268.86,0.44,N
21.88115,83.5528,300.8,0.54,0.51,2026-07-31,2040,N20,VIIRS,n,2.0NRT,285.36,2.78,N
21.88009,83.55791,300.92,0.54,0.51,2026-07-31,2040,N20,VIIRS,n,2.0NRT,285.5,2.23,N
21.91835,83.3501,301.1,0.52,0.5,2026-07-31,2040,N20,VIIRS,n,2.0NRT,282.71,1.84,N
20.95032,86.05144,297.2,0.41,0.6,2026-07-31,2040,N20,VIIRS,n,2.0NRT,280.53,1.29,N
21.38851,81.64832,307.23,0.42,0.45,2026-07-31,2040,N20,VIIRS,n,2.0NRT,288.47,2.02,N
21.37817,81.67932,308.58,0.42,0.45,2026-07-31,2040,N20,VIIRS,n,2.0NRT,288.18,2.43,N
21.37249,81.68642,305.95,0.42,0.46,2026-07-31,2040,N20,VIIRS,n,2.0NRT,288.44,3.11,N
21.37698,81.64162,307.25,0.42,0.45,2026-07-31,2040,N20,VIIRS,n,2.0NRT,288.59,2.46,N
21.29959,81.6083,308.64,0.42,0.45,2026-07-31,2040,N20,VIIRS,n,2.0NRT,288.41,2.09,N
20.70447,78.6207,301.34,0.45,0.39,2026-07-31,2040,N20,VIIRS,n,2.0NRT,287,0.74,N
24.18088,82.65976,299.74,0.43,0.46,2026-07-31,2040,N20,VIIRS,n,2.0NRT,274.65,0.9,N
24.17841,82.6504,305,0.43,0.46,2026-07-31,2040,N20,VIIRS,n,2.0NRT,274.61,0.9,N
24.16608,82.62535,296.6,0.43,0.46,2026-07-31,2040,N20,VIIRS,n,2.0NRT,273.77,0.73,N
24.14691,82.65614,311.76,0.43,0.46,2026-07-31,2040,N20,VIIRS,n,2.0NRT,278.98,1.02,N
22.87333,86.06011,301.34,0.37,0.58,2026-07-31,2040,N20,VIIRS,n,2.0NRT,281.4,0.77,N
22.87252,86.06371,303.33,0.37,0.58,2026-07-31,2040,N20,VIIRS,n,2.0NRT,281.83,0.77,N
22.85767,86.05601,304.52,0.37,0.58,2026-07-31,2040,N20,VIIRS,n,2.0NRT,278.84,0.52,N
22.38037,87.28091,304.92,0.46,0.63,2026-07-31,2040,N20,VIIRS,n,2.0NRT,282.18,1.45,N
22.364,87.29942,301.96,0.46,0.63,2026-07-31,2040,N20,VIIRS,n,2.0NRT,278.22,0.97,N
22.24559,87.38857,308.96,0.47,0.64,2026-07-31,2040,N20,VIIRS,n,2.0NRT,283.83,1.07,N
22.05332,88.12169,310.06,0.52,0.67,2026-07-31,2040,N20,VIIRS,n,2.0NRT,283.82,3,N
22.05213,88.12665,308.07,0.52,0.67,2026-07-31,2040,N20,VIIRS,n,2.0NRT,283.93,2.97,N
22.05179,88.12452,309.81,0.52,0.67,2026-07-31,2040,N20,VIIRS,n,2.0NRT,284.09,3.61,N
21.92592,85.22308,311.76,0.34,0.56,2026-07-31,2040,N20,VIIRS,n,2.0NRT,279.19,1.81,N
21.92347,85.22123,299.82,0.35,0.56,2026-07-31,2040,N20,VIIRS,n,2.0NRT,276.94,1.3,N
22.31901,82.5692,305.41,0.46,0.47,2026-07-31,2040,N20,VIIRS,n,2.0NRT,283.62,1.72,N
22.35865,82.30376,333.77,0.44,0.46,2026-07-31,2040,N20,VIIRS,n,2.0NRT,282.35,4.39,N
22.35949,82.29956,305.8,0.44,0.46,2026-07-31,2040,N20,VIIRS,n,2.0NRT,281.78,1.81,N
22.31321,82.53134,304.28,0.46,0.47,2026-07-31,2040,N20,VIIRS,n,2.0NRT,283.53,1.35,N
22.04485,83.72594,303.2,0.55,0.51,2026-07-31,2040,N20,VIIRS,n,2.0NRT,283.68,1.17,N
22.04025,83.7248,301.55,0.55,0.51,2026-07-31,2040,N20,VIIRS,n,2.0NRT,284.31,1.75,N
22.03915,83.73003,302.24,0.55,0.51,2026-07-31,2040,N20,VIIRS,n,2.0NRT,284.55,2.88,N
22.10646,83.12575,305.99,0.5,0.49,2026-07-31,2040,N20,VIIRS,n,2.0NRT,283.47,1.99,N
22.08969,83.11682,302.24,0.5,0.49,2026-07-31,2040,N20,VIIRS,n,2.0NRT,283.09,0.55,N
21.92286,83.35115,317.63,0.52,0.5,2026-07-31,2040,N20,VIIRS,n,2.0NRT,282.07,3.53,N
13.39299,80.1023,310.11,0.46,0.47,2026-07-31,2042,N20,VIIRS,n,2.0NRT,290.07,4.05,N
13.07066,80.20023,309.22,0.48,0.48,2026-07-31,2042,N20,VIIRS,n,2.0NRT,290.78,0.72,N
11.99341,78.9984,305.67,0.42,0.45,2026-07-31,2042,N20,VIIRS,n,2.0NRT,284.01,0.82,N
15.8735,79.90693,314.41,0.41,0.45,2026-07-31,2042,N20,VIIRS,n,2.0NRT,286.67,1.38,N
13.71192,79.62089,308.51,0.43,0.46,2026-07-31,2042,N20,VIIRS,n,2.0NRT,290.41,1.53,N
17.14147,77.18315,302.6,0.43,0.38,2026-07-31,2042,N20,VIIRS,n,2.0NRT,282.92,1.06,N
11.24024,77.88216,305.07,0.55,0.43,2026-07-31,2044,N20,VIIRS,n,2.0NRT,287.34,1.65,N
11.69021,77.34248,306.57,0.5,0.41,2026-07-31,2044,N20,VIIRS,n,2.0NRT,284.96,1.19,N
11.52041,77.2859,318.04,0.5,0.41,2026-07-31,2044,N20,VIIRS,n,2.0NRT,288.63,1.29,N
11.18368,79.10117,310.33,0.43,0.46,2026-07-31,2044,N20,VIIRS,n,2.0NRT,289.08,2.21,N
9.39618,78.85063,345.85,0.57,0.43,2026-08-01,0750,N20,VIIRS,n,2.0NRT,294.85,10.2,D
8.75609,78.18428,333.7,0.43,0.46,2026-08-01,0750,N20,VIIRS,n,2.0NRT,284.88,4.18,D
8.75747,78.18472,341.86,0.43,0.46,2026-08-01,0750,N20,VIIRS,n,2.0NRT,286.08,8.63,D
8.7568,78.18086,337.41,0.43,0.46,2026-08-01,0750,N20,VIIRS,n,2.0NRT,286.39,7.43,D
9.68989,78.37985,335.15,0.4,0.44,2026-08-01,0750,N20,VIIRS,n,2.0NRT,296.46,4.34,D
10.26295,79.14907,331.65,0.53,0.42,2026-08-01,0750,N20,VIIRS,n,2.0NRT,296.49,2.67,D
10.38009,78.3605,331.79,0.4,0.44,2026-08-01,0750,N20,VIIRS,n,2.0NRT,291.96,2.77,D
10.96096,79.73511,331.46,0.49,0.4,2026-08-01,0750,N20,VIIRS,n,2.0NRT,297.29,2.48,D
11.05059,79.3532,341.89,0.51,0.41,2026-08-01,0750,N20,VIIRS,n,2.0NRT,298.98,10.81,D
11.02383,78.76881,332.56,0.55,0.43,2026-08-01,0750,N20,VIIRS,n,2.0NRT,297.63,1.68,D
11.29113,79.78253,335.48,0.48,0.4,2026-08-01,0750,N20,VIIRS,n,2.0NRT,297.07,5.38,D
11.15094,78.02576,330.71,0.4,0.44,2026-08-01,0750,N20,VIIRS,n,2.0NRT,295.03,1.56,D
11.155,77.7301,330.49,0.42,0.45,2026-08-01,0750,N20,VIIRS,n,2.0NRT,292.6,2.37,D
11.27329,78.15312,337.74,0.39,0.44,2026-08-01,0750,N20,VIIRS,n,2.0NRT,296.45,3.22,D
11.87308,79.73968,332.62,0.47,0.4,2026-08-01,0750,N20,VIIRS,n,2.0NRT,298.08,2.46,D
11.72811,78.7383,333.55,0.54,0.42,2026-08-01,0750,N20,VIIRS,n,2.0NRT,294.79,4.81,D
11.87655,79.37332,337.57,0.49,0.41,2026-08-01,0750,N20,VIIRS,n,2.0NRT,296.77,9.09,D
11.93526,79.55087,335.31,0.48,0.4,2026-08-01,0750,N20,VIIRS,n,2.0NRT,299.19,2.33,D
12.41949,80.10271,335.44,0.45,0.39,2026-08-01,0750,N20,VIIRS,n,2.0NRT,296.9,7.3,D
12.57915,79.24837,332.54,0.49,0.4,2026-08-01,0750,N20,VIIRS,n,2.0NRT,292.43,3.02,D
20.96636,86.01635,335.7,0.57,0.43,2026-08-01,0752,N20,VIIRS,n,2.0NRT,294.43,8.5,D
21.29788,81.60934,330.83,0.39,0.36,2026-08-01,0752,N20,VIIRS,n,2.0NRT,297.84,3.09,D
21.74177,83.84429,338.72,0.45,0.39,2026-08-01,0752,N20,VIIRS,n,2.0NRT,295.37,5.46,D
21.74533,83.84377,348.35,0.45,0.39,2026-08-01,0752,N20,VIIRS,n,2.0NRT,296.8,11.96,D
21.74889,83.84324,341.48,0.45,0.39,2026-08-01,0752,N20,VIIRS,n,2.0NRT,295.53,11.96,D
21.75245,83.84271,333.3,0.45,0.39,2026-08-01,0752,N20,VIIRS,n,2.0NRT,296.25,3.13,D
21.75659,83.8465,334.92,0.45,0.39,2026-08-01,0752,N20,VIIRS,n,2.0NRT,293.73,3.13,D
21.756,83.84217,334.59,0.45,0.39,2026-08-01,0752,N20,VIIRS,n,2.0NRT,294.97,3.13,D
21.91989,83.35123,343.28,0.43,0.38,2026-08-01,0752,N20,VIIRS,n,2.0NRT,290.57,3.41,D
22.78513,86.20668,330.33,0.41,0.45,2026-08-01,0752,N20,VIIRS,n,2.0NRT,296.08,5.76,D
22.78832,86.19825,333.15,0.41,0.45,2026-08-01,0752,N20,VIIRS,n,2.0NRT,295.38,4.18,D
22.3573,82.3028,345.09,0.4,0.37,2026-08-01,0752,N20,VIIRS,n,2.0NRT,297.43,8.32,D
23.78719,85.55325,332.66,0.38,0.43,2026-08-01,0752,N20,VIIRS,n,2.0NRT,290.56,2.53,D
24.14243,82.71046,330.26,0.43,0.38,2026-08-01,0752,N20,VIIRS,n,2.0NRT,297.37,4.02,D
24.16346,82.63028,330.04,0.42,0.38,2026-08-01,0752,N20,VIIRS,n,2.0NRT,296.39,4.87,D
24.20259,82.70964,331.81,0.43,0.38,2026-08-01,0752,N20,VIIRS,n,2.0NRT,298.53,5.41,D
26.64381,79.47885,311.21,0.42,0.38,2026-08-01,2019,N20,VIIRS,n,2.0NRT,281.95,1.55,N
26.64038,79.47826,308.02,0.42,0.38,2026-08-01,2019,N20,VIIRS,n,2.0NRT,280.77,1.01,N
25.03351,87.3898,301.06,0.42,0.45,2026-08-01,2019,N20,VIIRS,n,2.0NRT,280.54,1.33,N
24.12186,86.86384,309.91,0.4,0.44,2026-08-01,2019,N20,VIIRS,n,2.0NRT,285.94,1.42,N
24.12118,86.86406,309.77,0.4,0.44,2026-08-01,2019,N20,VIIRS,n,2.0NRT,285.84,1.42,N
24.11791,86.85925,308.61,0.4,0.44,2026-08-01,2019,N20,VIIRS,n,2.0NRT,286.17,2.23,N
23.80529,86.32943,312.24,0.57,0.43,2026-08-01,2019,N20,VIIRS,n,2.0NRT,274.18,2.18,N
23.79707,86.35059,300.13,0.57,0.43,2026-08-01,2019,N20,VIIRS,n,2.0NRT,268.02,1.57,N
23.78638,86.34246,297.56,0.57,0.43,2026-08-01,2019,N20,VIIRS,n,2.0NRT,272.54,1.52,N
23.77422,86.36267,295.99,0.57,0.43,2026-08-01,2019,N20,VIIRS,n,2.0NRT,266.9,1.21,N
23.77842,86.38842,295.34,0.38,0.43,2026-08-01,2019,N20,VIIRS,n,2.0NRT,266.47,0.69,N
23.78337,86.34074,298.07,0.57,0.43,2026-08-01,2019,N20,VIIRS,n,2.0NRT,272.5,1.73,N
23.79527,86.23495,297.43,0.56,0.43,2026-08-01,2019,N20,VIIRS,n,2.0NRT,275.45,1.41,N
23.7631,86.40427,300.18,0.38,0.44,2026-08-01,2019,N20,VIIRS,n,2.0NRT,264.51,1.7,N
23.75916,86.4034,300.03,0.38,0.44,2026-08-01,2019,N20,VIIRS,n,2.0NRT,264.01,0.76,N
23.73701,86.43325,306.48,0.39,0.44,2026-08-01,2019,N20,VIIRS,n,2.0NRT,264.37,1.05,N
23.68758,86.39125,302.55,0.38,0.44,2026-08-01,2019,N20,VIIRS,n,2.0NRT,268.05,0.92,N
23.68686,86.39489,298.84,0.38,0.44,2026-08-01,2019,N20,VIIRS,n,2.0NRT,270.96,0.92,N
23.68292,86.39404,308.4,0.38,0.44,2026-08-01,2019,N20,VIIRS,n,2.0NRT,269.5,0.92,N
23.67898,86.39319,298.2,0.38,0.44,2026-08-01,2019,N20,VIIRS,n,2.0NRT,267.75,0.53,N
23.67825,86.39687,303.28,0.38,0.44,2026-08-01,2019,N20,VIIRS,n,2.0NRT,268.75,0.96,N
23.67752,86.4006,300.56,0.39,0.44,2026-08-01,2019,N20,VIIRS,n,2.0NRT,270.23,0.96,N
23.82386,85.49789,308.15,0.51,0.41,2026-08-01,2019,N20,VIIRS,n,2.0NRT,288.68,2.56,N
23.78652,85.55202,309.45,0.52,0.41,2026-08-01,2019,N20,VIIRS,n,2.0NRT,285.38,2.64,N
23.78371,85.56706,300.4,0.52,0.41,2026-08-01,2019,N20,VIIRS,n,2.0NRT,279.23,1.05,N
23.78277,85.5721,300.92,0.52,0.41,2026-08-01,2019,N20,VIIRS,n,2.0NRT,278.97,1.05,N
23.78183,85.57716,301.41,0.52,0.42,2026-08-01,2019,N20,VIIRS,n,2.0NRT,280.03,1.37,N
23.68404,86.0956,306.81,0.56,0.43,2026-08-01,2019,N20,VIIRS,n,2.0NRT,282.96,3.14,N
23.68017,86.09469,325.52,0.56,0.43,2026-08-01,2019,N20,VIIRS,n,2.0NRT,281.97,3.14,N
23.69513,85.28842,306.7,0.5,0.41,2026-08-01,2019,N20,VIIRS,n,2.0NRT,288.39,1.74,N
23.64797,85.43639,307.59,0.51,0.41,2026-08-01,2019,N20,VIIRS,n,2.0NRT,283.36,2.23,N
23.64702,85.44136,312.65,0.51,0.41,2026-08-01,2019,N20,VIIRS,n,2.0NRT,286.19,2.23,N
24.76533,74.60587,305.62,0.47,0.47,2026-08-01,2019,N20,VIIRS,n,2.0NRT,285.42,1.08,N
22.37671,87.27874,311.91,0.46,0.47,2026-08-01,2019,N20,VIIRS,n,2.0NRT,265.95,1.95,N
23.16828,82.34354,295.31,0.4,0.37,2026-08-01,2019,N20,VIIRS,n,2.0NRT,254.62,0.59,N
23.16558,82.33907,309.5,0.4,0.37,2026-08-01,2019,N20,VIIRS,n,2.0NRT,259.27,0.58,N
23.16494,82.3429,295.32,0.4,0.37,2026-08-01,2019,N20,VIIRS,n,2.0NRT,259.84,0.96,N
23.16289,82.33456,295.63,0.4,0.37,2026-08-01,2019,N20,VIIRS,n,2.0NRT,263.34,0.58,N
22.33272,82.60599,299.53,0.41,0.37,2026-08-01,2021,N20,VIIRS,n,2.0NRT,266.67,0.4,N
22.32516,82.54797,298.63,0.41,0.37,2026-08-01,2021,N20,VIIRS,n,2.0NRT,263.97,0.87,N
22.32251,82.56358,295.39,0.41,0.37,2026-08-01,2021,N20,VIIRS,n,2.0NRT,264.03,0.57,N
22.32185,82.56748,295.04,0.41,0.37,2026-08-01,2021,N20,VIIRS,n,2.0NRT,264.36,0.47,N
22.31914,82.56291,301.39,0.41,0.37,2026-08-01,2021,N20,VIIRS,n,2.0NRT,264.62,0.57,N
22.31848,82.56682,298.12,0.41,0.37,2026-08-01,2021,N20,VIIRS,n,2.0NRT,265.7,0.47,N
22.3597,82.30285,323.6,0.4,0.37,2026-08-01,2021,N20,VIIRS,n,2.0NRT,271.24,1.97,N
22.35636,82.30221,309.28,0.4,0.37,2026-08-01,2021,N20,VIIRS,n,2.0NRT,269.98,1.97,N
22.31705,82.53432,296.12,0.41,0.37,2026-08-01,2021,N20,VIIRS,n,2.0NRT,263.96,0.25,N
22.00468,82.67042,314.24,0.41,0.37,2026-08-01,2021,N20,VIIRS,n,2.0NRT,284.48,1.63,N
21.73024,82.21424,309.17,0.4,0.37,2026-08-01,2021,N20,VIIRS,n,2.0NRT,287.7,1.78,N
21.67444,82.08134,304.84,0.4,0.37,2026-08-01,2021,N20,VIIRS,n,2.0NRT,285.07,0.76,N
21.63124,82.11251,304.85,0.4,0.37,2026-08-01,2021,N20,VIIRS,n,2.0NRT,285.92,0.62,N
21.62338,81.79445,308.07,0.39,0.37,2026-08-01,2021,N20,VIIRS,n,2.0NRT,288.51,1.77,N
21.56129,81.75552,308.68,0.39,0.36,2026-08-01,2021,N20,VIIRS,n,2.0NRT,288.46,2,N
21.18878,81.39098,312.27,0.39,0.36,2026-08-01,2021,N20,VIIRS,n,2.0NRT,290.96,1.15,N
21.18547,81.39037,309.62,0.39,0.36,2026-08-01,2021,N20,VIIRS,n,2.0NRT,291.01,1.15,N
21.18277,81.38604,323.77,0.39,0.36,2026-08-01,2021,N20,VIIRS,n,2.0NRT,292.06,1.7,N
21.17946,81.38543,306.98,0.39,0.36,2026-08-01,2021,N20,VIIRS,n,2.0NRT,290.86,1.7,N
21.18909,81.20028,309.08,0.39,0.36,2026-08-01,2021,N20,VIIRS,n,2.0NRT,290.5,0.81,N
21.33872,78.97022,310.54,0.4,0.37,2026-08-01,2021,N20,VIIRS,n,2.0NRT,289.55,1.04,N
21.33537,78.96964,309.48,0.4,0.37,2026-08-01,2021,N20,VIIRS,n,2.0NRT,290.17,1.16,N
21.00937,80.87962,303.97,0.39,0.36,2026-08-01,2021,N20,VIIRS,n,2.0NRT,289.74,1.13,N
21.24936,79.20856,303.01,0.39,0.37,2026-08-01,2021,N20,VIIRS,n,2.0NRT,286.26,0.67,N
20.69718,78.63522,307.55,0.4,0.37,2026-08-01,2021,N20,VIIRS,n,2.0NRT,288.39,0.71,N
17.61027,83.2024,300.35,0.48,0.4,2026-08-01,2021,N20,VIIRS,n,2.0NRT,275.29,0.69,N
17.14112,77.18571,307.49,0.42,0.38,2026-08-01,2021,N20,VIIRS,n,2.0NRT,290.19,1.18,N
17.13884,77.17729,305.53,0.42,0.38,2026-08-01,2021,N20,VIIRS,n,2.0NRT,289.61,0.77,N
11.81586,77.9163,305.33,0.38,0.36,2026-08-01,2023,N20,VIIRS,n,2.0NRT,288.14,0.63,N
11.28767,79.75057,330.43,0.41,0.37,2026-08-01,2023,N20,VIIRS,n,2.0NRT,291.41,2.43,N
11.36164,79.23067,307.7,0.39,0.36,2026-08-01,2023,N20,VIIRS,n,2.0NRT,291.34,1.81,N
11.42618,77.49764,314.74,0.39,0.36,2026-08-01,2023,N20,VIIRS,n,2.0NRT,288.05,1.15,N
10.81198,79.84731,314.36,0.41,0.37,2026-08-01,2023,N20,VIIRS,n,2.0NRT,292.06,1.81,N
10.63879,77.44735,301.63,0.39,0.36,2026-08-01,2023,N20,VIIRS,n,2.0NRT,283.49,0.32,N
8.82747,78.08612,331.31,0.39,0.36,2026-08-01,2025,N20,VIIRS,n,2.0NRT,288.51,8.97,N
8.82692,78.08961,324.72,0.39,0.36,2026-08-01,2025,N20,VIIRS,n,2.0NRT,290.58,8.97,N
8.82417,78.08559,306.46,0.39,0.36,2026-08-01,2025,N20,VIIRS,n,2.0NRT,285.45,1.24,N
8.82361,78.08907,306.98,0.39,0.36,2026-08-01,2025,N20,VIIRS,n,2.0NRT,283.16,1.24,N
8.66925,77.99277,304.57,0.39,0.36,2026-08-01,2025,N20,VIIRS,n,2.0NRT,285.98,0.82,N
10.61565,79.65601,338.06,0.33,0.55,2026-08-02,0729,N20,VIIRS,n,2.0NRT,292.15,2.93,D
10.88474,79.83207,339.26,0.32,0.55,2026-08-02,0729,N20,VIIRS,n,2.0NRT,289.72,1.48,D
10.94911,79.78835,339.3,0.32,0.55,2026-08-02,0729,N20,VIIRS,n,2.0NRT,289.3,4.2,D
11.18027,79.53069,336.33,0.33,0.55,2026-08-02,0729,N20,VIIRS,n,2.0NRT,289.83,1.63,D
11.49028,79.55821,339.59,0.32,0.55,2026-08-02,0731,N20,VIIRS,n,2.0NRT,290.41,3.37,D
12.04076,79.63448,340.49,0.63,0.54,2026-08-02,0731,N20,VIIRS,n,2.0NRT,275.31,6.1,D
12.06237,78.75201,367,0.36,0.57,2026-08-02,0731,N20,VIIRS,h,2.0NRT,292.46,6.24,D
13.6854,78.08358,340.21,0.37,0.58,2026-08-02,0731,N20,VIIRS,n,2.0NRT,291.43,4.31,D
14.67235,79.53287,331.94,0.57,0.52,2026-08-02,0731,N20,VIIRS,n,2.0NRT,294.41,3.82,D
15.1253,76.765,335.8,0.43,0.62,2026-08-02,0731,N20,VIIRS,n,2.0NRT,288.64,3.26,D
17.60891,83.20403,338.42,0.47,0.39,2026-08-02,0731,N20,VIIRS,n,2.0NRT,296.35,8.52,D
17.34344,80.85319,345.23,0.42,0.45,2026-08-02,0731,N20,VIIRS,n,2.0NRT,293.43,11.86,D
19.10179,82.16485,330.28,0.5,0.41,2026-08-02,0731,N20,VIIRS,n,2.0NRT,295.46,4.25,D
26.00009,93.45987,333.39,0.32,0.54,2026-08-02,0733,N20,VIIRS,n,2.0NRT,288.9,1.85,D
20.96793,86.00375,337.35,0.38,0.36,2026-08-02,0733,N20,VIIRS,n,2.0NRT,293.27,6.18,D
21.07794,85.03757,332.32,0.39,0.36,2026-08-02,0733,N20,VIIRS,l,2.0NRT,299.67,10.2,D
21.67383,84.04063,330.91,0.4,0.37,2026-08-02,0733,N20,VIIRS,l,2.0NRT,294.46,3.05,D
21.67717,84.04002,337.96,0.4,0.37,2026-08-02,0733,N20,VIIRS,l,2.0NRT,296.78,6.52,D
21.76636,84.02389,338.6,0.4,0.37,2026-08-02,0733,N20,VIIRS,l,2.0NRT,292.85,6.79,D
21.74012,83.84264,331.9,0.4,0.37,2026-08-02,0733,N20,VIIRS,l,2.0NRT,298.35,5.04,D
21.74349,83.842,345.51,0.4,0.37,2026-08-02,0733,N20,VIIRS,l,2.0NRT,297.9,5.04,D
21.74748,83.84521,337.28,0.4,0.37,2026-08-02,0733,N20,VIIRS,l,2.0NRT,297.99,17.84,D
21.7542,83.84396,346.78,0.4,0.37,2026-08-02,0733,N20,VIIRS,l,2.0NRT,297.01,9.87,D
21.76219,83.85041,336,0.4,0.37,2026-08-02,0733,N20,VIIRS,l,2.0NRT,296,7.29,D
22.35817,87.29308,330.47,0.41,0.37,2026-08-02,0733,N20,VIIRS,n,2.0NRT,295.78,2.61,D
22.37799,87.28196,338.58,0.41,0.37,2026-08-02,0733,N20,VIIRS,n,2.0NRT,296.89,5.9,D
22.37743,87.27801,347.93,0.41,0.37,2026-08-02,0733,N20,VIIRS,n,2.0NRT,298.4,5.9,D
22.36522,87.01934,330.83,0.4,0.37,2026-08-02,0733,N20,VIIRS,n,2.0NRT,296.82,6.81,D
22.57195,85.89941,331.09,0.39,0.36,2026-08-02,0733,N20,VIIRS,n,2.0NRT,294.5,2.55,D
22.35583,82.3048,331.86,0.45,0.39,2026-08-02,0733,N20,VIIRS,l,2.0NRT,297.73,4.59,D
22.35936,82.30412,339.68,0.45,0.39,2026-08-02,0733,N20,VIIRS,n,2.0NRT,297.18,5.03,D
23.16589,82.34008,331.55,0.44,0.38,2026-08-02,0733,N20,VIIRS,l,2.0NRT,293.67,4.03,D
29.63628,77.26997,334.98,0.41,0.45,2026-08-02,0735,N20,VIIRS,n,2.0NRT,290.38,4.27,D
28.18286,76.60889,337.22,0.48,0.48,2026-08-02,0735,N20,VIIRS,n,2.0NRT,291.61,3.39,D
29.59424,76.10698,333.3,0.48,0.48,2026-08-02,0735,N20,VIIRS,n,2.0NRT,292.87,3.14,D
29.59857,76.10577,343.58,0.48,0.48,2026-08-02,0735,N20,VIIRS,n,2.0NRT,293.19,4.28,D
29.59477,76.10917,331.84,0.48,0.48,2026-08-02,0735,N20,VIIRS,n,2.0NRT,293.61,5.64,D
29.59909,76.10796,338.67,0.48,0.48,2026-08-02,0735,N20,VIIRS,n,2.0NRT,292.8,5.9,D
29.99296,73.6627,344.36,0.33,0.55,2026-08-02,0735,N20,VIIRS,n,2.0NRT,292.8,2.99,D
28.7467,76.92795,303.75,0.37,0.58,2026-08-02,2000,N20,VIIRS,n,2.0NRT,278.53,0.6,N
25.03508,87.38956,306.3,0.39,0.36,2026-08-02,2002,N20,VIIRS,n,2.0NRT,277.05,0.83,N
23.6966,87.09495,308.06,0.39,0.37,2026-08-02,2002,N20,VIIRS,n,2.0NRT,280.13,0.96,N
23.69469,87.10643,306.28,0.39,0.37,2026-08-02,2002,N20,VIIRS,n,2.0NRT,279.8,0.86,N
23.69405,87.11027,306.13,0.39,0.37,2026-08-02,2002,N20,VIIRS,n,2.0NRT,279.89,0.86,N
23.69342,87.11409,303.44,0.4,0.37,2026-08-02,2002,N20,VIIRS,n,2.0NRT,279.94,1.37,N
23.69214,87.12176,308.54,0.4,0.37,2026-08-02,2002,N20,VIIRS,n,2.0NRT,279.18,1.63,N
23.68881,87.12111,310.82,0.4,0.37,2026-08-02,2002,N20,VIIRS,n,2.0NRT,277.91,1.12,N
23.68932,87.09747,303.29,0.39,0.37,2026-08-02,2002,N20,VIIRS,n,2.0NRT,279.28,1.05,N
23.68549,87.12046,303.45,0.4,0.37,2026-08-02,2002,N20,VIIRS,n,2.0NRT,278.41,1.12,N
23.80519,86.32856,322.4,0.39,0.36,2026-08-02,2002,N20,VIIRS,n,2.0NRT,286.51,2.15,N
23.80458,86.3323,319.84,0.39,0.36,2026-08-02,2002,N20,VIIRS,n,2.0NRT,286.44,1.84,N
23.8019,86.32793,311.61,0.39,0.36,2026-08-02,2002,N20,VIIRS,n,2.0NRT,285.82,2.15,N
23.80129,86.33167,312.44,0.39,0.36,2026-08-02,2002,N20,VIIRS,n,2.0NRT,285.77,1.84,N
23.79827,86.35041,317.48,0.39,0.36,2026-08-02,2002,N20,VIIRS,n,2.0NRT,285.46,1.92,N
23.79437,86.35352,319.83,0.39,0.36,2026-08-02,2002,N20,VIIRS,n,2.0NRT,284.98,2.4,N
23.66245,87.15553,310.79,0.4,0.37,2026-08-02,2002,N20,VIIRS,n,2.0NRT,278.03,1.25,N
23.78087,86.37411,314.56,0.39,0.36,2026-08-02,2002,N20,VIIRS,n,2.0NRT,287.79,2.23,N
23.77845,86.38909,316.45,0.39,0.36,2026-08-02,2002,N20,VIIRS,n,2.0NRT,287.92,3.12,N
23.78182,86.34728,308.85,0.39,0.36,2026-08-02,2002,N20,VIIRS,n,2.0NRT,286.83,2.11,N
23.77576,86.38472,307.38,0.39,0.36,2026-08-02,2002,N20,VIIRS,n,2.0NRT,287.31,2.26,N
23.7755,86.36537,324.08,0.39,0.36,2026-08-02,2002,N20,VIIRS,n,2.0NRT,287.81,3.27,N
23.76944,86.40283,320.5,0.39,0.36,2026-08-02,2002,N20,VIIRS,n,2.0NRT,286.66,2.34,N
23.77611,86.36163,312.06,0.39,0.36,2026-08-02,2002,N20,VIIRS,n,2.0NRT,287.29,2.03,N
23.76554,86.40596,324.58,0.39,0.36,2026-08-02,2002,N20,VIIRS,n,2.0NRT,287.08,1.77,N
23.76614,86.40221,309.8,0.39,0.36,2026-08-02,2002,N20,VIIRS,n,2.0NRT,286.58,1.77,N
23.76407,86.3941,310.71,0.39,0.36,2026-08-02,2002,N20,VIIRS,n,2.0NRT,287.52,3.93,N
23.76285,86.40158,319.53,0.39,0.36,2026-08-02,2002,N20,VIIRS,n,2.0NRT,286.37,1.77,N
23.76225,86.40533,317.36,0.39,0.36,2026-08-02,2002,N20,VIIRS,n,2.0NRT,286.18,1.77,N
23.75841,86.40484,320.27,0.39,0.36,2026-08-02,2002,N20,VIIRS,n,2.0NRT,285.71,2.26,N
23.75902,86.40109,311.52,0.39,0.36,2026-08-02,2002,N20,VIIRS,n,2.0NRT,285.95,2.26,N
23.75633,86.39672,310.55,0.39,0.36,2026-08-02,2002,N20,VIIRS,n,2.0NRT,285.25,3.11,N
23.78311,86.20896,311.99,0.38,0.36,2026-08-02,2002,N20,VIIRS,n,2.0NRT,287.68,1.94,N
23.77982,86.20834,323.76,0.38,0.36,2026-08-02,2002,N20,VIIRS,n,2.0NRT,287.81,1.94,N
23.77922,86.21207,320.28,0.38,0.36,2026-08-02,2002,N20,VIIRS,n,2.0NRT,287.32,2.85,N
23.77593,86.21146,307.34,0.38,0.36,2026-08-02,2002,N20,VIIRS,n,2.0NRT,287.46,1.29,N
23.77175,86.19526,310.26,0.38,0.36,2026-08-02,2002,N20,VIIRS,n,2.0NRT,285.9,1.65,N
23.71371,86.45043,311.71,0.39,0.36,2026-08-02,2002,N20,VIIRS,n,2.0NRT,268.86,1.3,N
23.686,86.39107,306.38,0.39,0.36,2026-08-02,2002,N20,VIIRS,n,2.0NRT,276.05,0.98,N
23.68539,86.39481,303.29,0.39,0.36,2026-08-02,2002,N20,VIIRS,n,2.0NRT,272.36,0.79,N
23.6821,86.39417,308.72,0.39,0.36,2026-08-02,2002,N20,VIIRS,n,2.0NRT,277.3,0.79,N
23.6782,86.39729,306.92,0.39,0.36,2026-08-02,2002,N20,VIIRS,n,2.0NRT,278.78,2.03,N
23.67759,86.40105,304.26,0.39,0.36,2026-08-02,2002,N20,VIIRS,n,2.0NRT,278.58,0.81,N
23.61422,86.78865,303.56,0.39,0.36,2026-08-02,2002,N20,VIIRS,n,2.0NRT,279.18,0.92,N
23.67369,86.40417,296.87,0.39,0.36,2026-08-02,2002,N20,VIIRS,n,2.0NRT,273.68,0.81,N
23.56163,87.08474,308.41,0.4,0.37,2026-08-02,2002,N20,VIIRS,n,2.0NRT,278.16,1.23,N
23.7583,85.85448,318.56,0.38,0.36,2026-08-02,2002,N20,VIIRS,n,2.0NRT,287.19,2.23,N
23.75561,85.85014,307.81,0.38,0.36,2026-08-02,2002,N20,VIIRS,n,2.0NRT,285.76,1.32,N
23.75502,85.85387,316.42,0.38,0.36,2026-08-02,2002,N20,VIIRS,n,2.0NRT,287.78,2.23,N
23.26589,88.54272,306.54,0.44,0.38,2026-08-02,2002,N20,VIIRS,n,2.0NRT,281.5,0.51,N
23.66928,86.09188,303.72,0.38,0.36,2026-08-02,2002,N20,VIIRS,n,2.0NRT,281.49,1.46,N
24.76735,74.60503,297.2,0.46,0.64,2026-08-02,2002,N20,VIIRS,n,2.0NRT,277.53,0.48,N
22.37754,87.27596,302.82,0.41,0.37,2026-08-02,2002,N20,VIIRS,n,2.0NRT,262.36,0.45,N
22.37688,87.27986,313.67,0.41,0.37,2026-08-02,2002,N20,VIIRS,n,2.0NRT,264.84,1.52,N
22.3662,87.30193,305.38,0.41,0.37,2026-08-02,2002,N20,VIIRS,n,2.0NRT,265.65,0.58,N
22.36283,87.30126,296,0.41,0.37,2026-08-02,2002,N20,VIIRS,n,2.0NRT,265.25,0.48,N
22.35808,87.28825,302.52,0.41,0.37,2026-08-02,2002,N20,VIIRS,n,2.0NRT,272.2,0.8,N
22.57402,85.89589,304.82,0.38,0.36,2026-08-02,2002,N20,VIIRS,n,2.0NRT,273.15,1.13,N
22.24586,87.38796,303.59,0.41,0.37,2026-08-02,2002,N20,VIIRS,n,2.0NRT,271.71,0.63,N
21.80234,82.0415,295.24,0.46,0.39,2026-08-02,2002,N20,VIIRS,n,2.0NRT,266.51,0.49,N
21.80086,82.03843,295.04,0.46,0.39,2026-08-02,2002,N20,VIIRS,n,2.0NRT,267.21,0.33,N
21.00332,86.02699,309.42,0.39,0.36,2026-08-02,2002,N20,VIIRS,n,2.0NRT,288.33,1.2,N
21.00001,86.02637,313.99,0.39,0.36,2026-08-02,2002,N20,VIIRS,n,2.0NRT,289.05,1.9,N
20.97585,86.00678,310.78,0.39,0.36,2026-08-02,2002,N20,VIIRS,n,2.0NRT,288.55,1.91,N
20.97013,86.021,310.48,0.39,0.36,2026-08-02,2002,N20,VIIRS,n,2.0NRT,288.3,1.52,N
20.96531,86.05065,317.47,0.39,0.36,2026-08-02,2002,N20,VIIRS,n,2.0NRT,287.13,1.73,N
20.96803,86.01297,310.14,0.39,0.36,2026-08-02,2002,N20,VIIRS,n,2.0NRT,289.4,2.46,N
20.96203,86.00803,319.44,0.39,0.36,2026-08-02,2002,N20,VIIRS,n,2.0NRT,288.74,2.34,N
20.95207,86.04819,331.88,0.39,0.36,2026-08-02,2002,N20,VIIRS,n,2.0NRT,288.47,4.21,N
20.95268,86.04448,315.01,0.39,0.36,2026-08-02,2002,N20,VIIRS,n,2.0NRT,287.57,1.85,N
20.9223,86.04272,304.65,0.39,0.36,2026-08-02,2002,N20,VIIRS,n,2.0NRT,287.37,1.75,N
20.80777,85.25494,304.39,0.38,0.36,2026-08-02,2002,N20,VIIRS,n,2.0NRT,269.05,0.67,N
20.80719,85.2586,299.77,0.38,0.36,2026-08-02,2002,N20,VIIRS,n,2.0NRT,270.48,0.57,N
20.8039,85.25801,297.5,0.38,0.36,2026-08-02,2002,N20,VIIRS,n,2.0NRT,270.13,0.41,N
20.80061,85.25742,299.21,0.38,0.36,2026-08-02,2002,N20,VIIRS,n,2.0NRT,269.3,0.41,N
20.79733,85.25683,295.4,0.38,0.36,2026-08-02,2002,N20,VIIRS,n,2.0NRT,268.82,0.75,N
20.79675,85.26048,299.25,0.38,0.36,2026-08-02,2002,N20,VIIRS,n,2.0NRT,271.37,0.75,N
20.79462,85.25258,331.28,0.38,0.36,2026-08-02,2002,N20,VIIRS,n,2.0NRT,272.45,3.83,N
20.79404,85.25623,302.29,0.38,0.36,2026-08-02,2002,N20,VIIRS,n,2.0NRT,270.89,0.75,N
20.79133,85.25199,305.31,0.38,0.36,2026-08-02,2002,N20,VIIRS,n,2.0NRT,272.63,0.86,N
20.79017,85.2593,298.71,0.38,0.36,2026-08-02,2002,N20,VIIRS,n,2.0NRT,272.02,1.08,N
20.7863,85.26237,303.61,0.38,0.36,2026-08-02,2002,N20,VIIRS,n,2.0NRT,272.23,0.66,N
20.78572,85.26602,299.85,0.38,0.36,2026-08-02,2002,N20,VIIRS,n,2.0NRT,271.23,0.66,N
20.76073,85.29199,304.7,0.38,0.36,2026-08-02,2002,N20,VIIRS,n,2.0NRT,275.51,0.8,N
20.76015,85.29565,304.05,0.38,0.36,2026-08-02,2002,N20,VIIRS,n,2.0NRT,275.33,1.05,N
20.75957,85.2993,309.29,0.38,0.36,2026-08-02,2002,N20,VIIRS,n,2.0NRT,275.94,1.05,N
20.51417,85.72617,305.99,0.39,0.36,2026-08-02,2002,N20,VIIRS,n,2.0NRT,285.31,0.54,N
19.10371,82.16659,333.8,0.43,0.38,2026-08-02,2004,N20,VIIRS,n,2.0NRT,291.08,1.3,N
19.10312,82.17064,305.19,0.43,0.38,2026-08-02,2004,N20,VIIRS,n,2.0NRT,290.38,1.3,N
19.10023,82.16604,309.56,0.43,0.38,2026-08-02,2004,N20,VIIRS,n,2.0NRT,289.36,1.3,N
19.09676,82.16548,312.61,0.43,0.38,2026-08-02,2004,N20,VIIRS,n,2.0NRT,289.43,2.43,N
18.54154,83.34146,306.89,0.39,0.37,2026-08-02,2004,N20,VIIRS,n,2.0NRT,292.72,1.83,N
17.9686,83.15366,310.1,0.4,0.37,2026-08-02,2004,N20,VIIRS,n,2.0NRT,293.63,1.68,N
17.6115,83.20597,320.56,0.39,0.36,2026-08-02,2004,N20,VIIRS,n,2.0NRT,294.21,2.57,N
17.61375,83.19126,307.5,0.39,0.36,2026-08-02,2004,N20,VIIRS,n,2.0NRT,293.26,2.3,N
17.6054,83.20119,310.56,0.39,0.36,2026-08-02,2004,N20,VIIRS,n,2.0NRT,293.51,2.92,N
17.95569,80.79449,308.13,0.48,0.4,2026-08-02,2004,N20,VIIRS,n,2.0NRT,291.68,2.12,N
17.46376,80.6548,312.46,0.48,0.4,2026-08-02,2004,N20,VIIRS,n,2.0NRT,290.35,2.73,N
15.0254,78.0157,307.25,0.42,0.45,2026-08-02,2004,N20,VIIRS,n,2.0NRT,285.33,1.54,N
29.47797,76.85978,307.2,0.66,0.73,2026-08-02,2140,N20,VIIRS,n,2.0NRT,285.81,1.34,N
17.07052,81.6089,328.92,0.39,0.59,2026-08-03,0714,N20,VIIRS,n,2.0NRT,286.03,3.42,D
17.60679,83.20387,336,0.59,0.53,2026-08-03,0714,N20,VIIRS,n,2.0NRT,290.51,4.57,D
20.86302,84.9925,331.12,0.4,0.44,2026-08-03,0714,N20,VIIRS,n,2.0NRT,293.71,9.17,D
20.86234,84.98875,347.01,0.4,0.44,2026-08-03,0714,N20,VIIRS,n,2.0NRT,293.12,5.54,D
20.86379,84.9929,331.5,0.4,0.44,2026-08-03,0714,N20,VIIRS,n,2.0NRT,293.92,7.25,D
20.86308,84.98917,339.36,0.4,0.44,2026-08-03,0714,N20,VIIRS,n,2.0NRT,293.53,5.57,D
20.88319,84.98493,329.78,0.4,0.44,2026-08-03,0714,N20,VIIRS,n,2.0NRT,294.76,5.62,D
20.8872,84.98403,341.89,0.4,0.44,2026-08-03,0714,N20,VIIRS,n,2.0NRT,293.14,4.95,D
20.88649,84.98027,335.86,0.4,0.44,2026-08-03,0714,N20,VIIRS,n,2.0NRT,293.77,4.95,D
15.23342,76.74485,340.34,0.42,0.61,2026-08-03,0854,N20,VIIRS,n,2.0NRT,285.07,3.19,D
15.23059,76.74387,345.8,0.42,0.61,2026-08-03,0854,N20,VIIRS,n,2.0NRT,282.93,3.01,D
21.10404,72.6461,335.31,0.54,0.51,2026-08-03,0856,N20,VIIRS,n,2.0NRT,285.61,5.23,D
22.78971,86.19771,296.17,0.5,0.41,2026-08-03,1945,N20,VIIRS,n,2.0NRT,267.1,0.92,N
22.05452,88.12509,306.03,0.41,0.37,2026-08-03,1945,N20,VIIRS,n,2.0NRT,275.51,1.61,N
22.21446,84.86998,308.05,0.39,0.44,2026-08-03,1945,N20,VIIRS,n,2.0NRT,275.2,1.51,N
21.92705,85.22448,295.19,0.55,0.43,2026-08-03,1945,N20,VIIRS,n,2.0NRT,265.32,0.68,N
21.92715,85.22404,296.76,0.55,0.43,2026-08-03,1945,N20,VIIRS,n,2.0NRT,265.38,1.3,N
20.86334,84.98847,299.63,0.55,0.43,2026-08-03,1945,N20,VIIRS,n,2.0NRT,260.3,0.72,N
17.60932,83.20399,312.21,0.43,0.46,2026-08-03,1945,N20,VIIRS,n,2.0NRT,287.67,1.06,N
17.60512,83.20341,305.01,0.43,0.46,2026-08-03,1945,N20,VIIRS,n,2.0NRT,287.33,1.06,N
12.747,77.61954,298.19,0.44,0.62,2026-08-03,1947,N20,VIIRS,n,2.0NRT,277.24,1.49,N
22.92707,69.82308,304.26,0.54,0.42,2026-08-03,2123,N20,VIIRS,n,2.0NRT,289.21,0.82,N
22.93262,69.69827,308.68,0.53,0.42,2026-08-03,2123,N20,VIIRS,n,2.0NRT,288.17,1.57,N
22.9088,69.69844,307.32,0.53,0.42,2026-08-03,2123,N20,VIIRS,n,2.0NRT,287.88,1.27,N
8.94327,78.07706,331.27,0.41,0.45,2026-08-04,0835,N20,VIIRS,n,2.0NRT,292.88,0.46,D
8.64996,77.84708,331.15,0.39,0.44,2026-08-04,0835,N20,VIIRS,n,2.0NRT,292.41,1.28,D
9.4172,77.78387,337.45,0.4,0.44,2026-08-04,0835,N20,VIIRS,n,2.0NRT,291.05,3.56,D
13.88589,77.49372,332.68,0.44,0.46,2026-08-04,0835,N20,VIIRS,n,2.0NRT,294.63,3.43,D
14.94077,79.90197,335.26,0.33,0.55,2026-08-04,0835,N20,VIIRS,n,2.0NRT,289.54,1.79,D
21.10588,72.64592,347.16,0.44,0.38,2026-08-04,0835,N20,VIIRS,n,2.0NRT,291.34,7.53,D
17.61057,83.20392,318.88,0.44,0.62,2026-08-04,1925,N20,VIIRS,n,2.0NRT,281.7,3.29,N
22.34027,69.85518,308.21,0.38,0.36,2026-08-04,2106,N20,VIIRS,n,2.0NRT,286.94,1.84,N
9.86244,78.77674,338.87,0.4,0.37,2026-08-05,0813,N20,VIIRS,n,2.0NRT,300.19,4.26,D
9.76575,78.28732,336.49,0.39,0.36,2026-08-05,0813,N20,VIIRS,n,2.0NRT,303.32,4.03,D
9.61993,77.74524,345.63,0.39,0.36,2026-08-05,0813,N20,VIIRS,n,2.0NRT,308.77,6.54,D
9.8193,79.0771,345.46,0.41,0.37,2026-08-05,0813,N20,VIIRS,n,2.0NRT,301.54,5.23,D
9.5614,77.60436,342.51,0.38,0.36,2026-08-05,0813,N20,VIIRS,n,2.0NRT,306.51,6.01,D
9.58819,78.81952,337.82,0.4,0.37,2026-08-05,0813,N20,VIIRS,n,2.0NRT,299.32,7.69,D
9.42462,78.84413,337.84,0.4,0.37,2026-08-05,0813,N20,VIIRS,n,2.0NRT,300.15,2.44,D
9.40154,78.85131,340.8,0.4,0.37,2026-08-05,0813,N20,VIIRS,n,2.0NRT,301.05,4.44,D
9.28354,78.23689,349.51,0.39,0.36,2026-08-05,0813,N20,VIIRS,n,2.0NRT,306.75,16.37,D
9.37203,78.84874,339.67,0.4,0.37,2026-08-05,0813,N20,VIIRS,n,2.0NRT,302.18,5.66,D
8.98639,77.9323,331.56,0.39,0.36,2026-08-05,0813,N20,VIIRS,n,2.0NRT,285.04,3.03,D
9.87702,78.25932,342.75,0.39,0.36,2026-08-05,0813,N20,VIIRS,n,2.0NRT,304.08,6.89,D
9.88035,78.25882,339.92,0.39,0.36,2026-08-05,0813,N20,VIIRS,n,2.0NRT,302.35,5.59,D
9.87982,78.25526,337.75,0.39,0.36,2026-08-05,0813,N20,VIIRS,n,2.0NRT,302.34,5.59,D
10.02021,78.65574,337.01,0.4,0.37,2026-08-05,0813,N20,VIIRS,n,2.0NRT,294.61,4.4,D
9.96631,78.24514,336.96,0.39,0.36,2026-08-05,0813,N20,VIIRS,n,2.0NRT,293.08,3.27,D
9.96965,78.24463,338.21,0.39,0.36,2026-08-05,0813,N20,VIIRS,n,2.0NRT,294.31,3.27,D
9.98151,78.05077,330.56,0.39,0.36,2026-08-05,0813,N20,VIIRS,n,2.0NRT,291.89,1.59,D
10.10668,78.09279,343.38,0.39,0.36,2026-08-05,0813,N20,VIIRS,n,2.0NRT,298.01,2.98,D
10.59416,79.7034,340.01,0.44,0.38,2026-08-05,0813,N20,VIIRS,n,2.0NRT,294.24,9.46,D
10.59132,79.70403,338.61,0.44,0.38,2026-08-05,0813,N20,VIIRS,n,2.0NRT,291.17,4.22,D
10.59075,79.70005,330.72,0.44,0.38,2026-08-05,0813,N20,VIIRS,n,2.0NRT,291.28,6.12,D
10.59483,79.70353,337.59,0.44,0.38,2026-08-05,0813,N20,VIIRS,n,2.0NRT,292.58,4.22,D
10.34656,77.54609,348.92,0.39,0.36,2026-08-05,0813,N20,VIIRS,n,2.0NRT,297.83,52.66,D
10.65871,79.02698,333.29,0.41,0.37,2026-08-05,0813,N20,VIIRS,n,2.0NRT,299.37,1.55,D
10.86822,79.07246,335.22,0.42,0.37,2026-08-05,0813,N20,VIIRS,n,2.0NRT,299.48,2.58,D
10.99911,77.93703,334.26,0.39,0.36,2026-08-05,0813,N20,VIIRS,n,2.0NRT,291.77,1.78,D
11.28048,78.47698,331.64,0.4,0.37,2026-08-05,0813,N20,VIIRS,n,2.0NRT,278.66,2.82,D
11.28171,78.47571,335.54,0.4,0.37,2026-08-05,0813,N20,VIIRS,n,2.0NRT,278.32,2.92,D
14.49299,79.59117,338.14,0.47,0.4,2026-08-05,0816,N20,VIIRS,n,2.0NRT,296.57,3.11,D
14.49723,79.59502,335.36,0.47,0.4,2026-08-05,0816,N20,VIIRS,n,2.0NRT,297.33,3.11,D
14.41257,78.48093,342.52,0.42,0.38,2026-08-05,0816,N20,VIIRS,n,2.0NRT,299.98,3.89,D
14.41602,78.48034,336.88,0.42,0.38,2026-08-05,0816,N20,VIIRS,n,2.0NRT,299.11,5.6,D
14.4836,78.49083,330.65,0.42,0.38,2026-08-05,0816,N20,VIIRS,n,2.0NRT,297.58,3.31,D
14.95594,79.48812,337.23,0.47,0.4,2026-08-05,0816,N20,VIIRS,n,2.0NRT,294.87,4.31,D
14.72739,77.27681,331.57,0.39,0.36,2026-08-05,0816,N20,VIIRS,n,2.0NRT,290.97,3.82,D
15.16453,79.54033,338.5,0.48,0.4,2026-08-05,0816,N20,VIIRS,n,2.0NRT,291.61,3.23,D
15.14045,79.33853,340.08,0.47,0.39,2026-08-05,0816,N20,VIIRS,n,2.0NRT,299.21,3.99,D
15.72879,79.91379,333.56,0.51,0.41,2026-08-05,0816,N20,VIIRS,n,2.0NRT,296.69,2.08,D
15.72755,79.81848,336.04,0.5,0.41,2026-08-05,0816,N20,VIIRS,n,2.0NRT,296.46,2.61,D
15.85899,79.68302,341.04,0.49,0.41,2026-08-05,0816,N20,VIIRS,n,2.0NRT,293.24,4.76,D
15.48999,76.92797,336.41,0.39,0.36,2026-08-05,0816,N20,VIIRS,n,2.0NRT,292.61,4.61,D
15.94053,79.96963,341.91,0.51,0.41,2026-08-05,0816,N20,VIIRS,n,2.0NRT,296.13,7.25,D
16.48337,79.87724,332.88,0.51,0.41,2026-08-05,0816,N20,VIIRS,n,2.0NRT,288.45,5.93,D
17.95611,80.79485,326.53,0.4,0.44,2026-08-05,0816,N20,VIIRS,n,2.0NRT,288.87,2.49,D
27.37885,95.33604,319.57,0.4,0.44,2026-08-05,1904,N20,VIIRS,n,2.0NRT,291.22,3.48,N
27.37923,95.3353,324.76,0.4,0.44,2026-08-05,1904,N20,VIIRS,n,2.0NRT,291.09,4.5,N
27.37909,95.08685,314.51,0.41,0.45,2026-08-05,1904,N20,VIIRS,n,2.0NRT,291.26,3.36,N
27.22478,95.34709,311.21,0.4,0.44,2026-08-05,1904,N20,VIIRS,n,2.0NRT,290.74,2.1,N
31.32849,76.8965,305.89,0.38,0.36,2026-08-05,2044,N20,VIIRS,n,2.0NRT,289.2,0.52,N
31.25127,76.92996,305.33,0.38,0.36,2026-08-05,2044,N20,VIIRS,n,2.0NRT,288.65,0.69,N
31.41325,76.83527,305.18,0.38,0.36,2026-08-05,2044,N20,VIIRS,n,2.0NRT,290.91,0.81,N
25.94178,72.187,307.99,0.45,0.39,2026-08-05,2046,N20,VIIRS,n,2.0NRT,294.47,3.15,N
25.94118,72.19144,326.85,0.45,0.39,2026-08-05,2046,N20,VIIRS,n,2.0NRT,295.12,3.15,N
25.94411,72.19648,307.72,0.45,0.39,2026-08-05,2046,N20,VIIRS,n,2.0NRT,294.99,3.79,N
25.94532,72.18759,310.74,0.45,0.39,2026-08-05,2046,N20,VIIRS,n,2.0NRT,294.58,19.74,N
25.94472,72.19203,330.67,0.45,0.39,2026-08-05,2046,N20,VIIRS,n,2.0NRT,297.57,19.74,N
25.78086,73.69974,311.64,0.4,0.37,2026-08-05,2046,N20,VIIRS,n,2.0NRT,291.25,1.45,N
26.25941,74.09792,305.48,0.39,0.37,2026-08-05,2046,N20,VIIRS,n,2.0NRT,286.9,0.96,N
26.60505,73.68496,305.32,0.4,0.37,2026-08-05,2046,N20,VIIRS,n,2.0NRT,290.98,1.14,N
26.87412,73.5176,306.28,0.41,0.37,2026-08-05,2046,N20,VIIRS,n,2.0NRT,288.05,1.69,N
24.76417,74.60862,313.02,0.38,0.36,2026-08-05,2046,N20,VIIRS,n,2.0NRT,283.7,1.61,N
24.93367,74.63535,306.22,0.39,0.36,2026-08-05,2046,N20,VIIRS,n,2.0NRT,282.37,0.97,N
15.07226,76.86432,301.76,0.52,0.42,2026-08-05,2049,N20,VIIRS,n,2.0NRT,283.96,0.83,N
15.33508,76.28782,300.06,0.48,0.4,2026-08-05,2049,N20,VIIRS,n,2.0NRT,278.09,0.53,N
15.33569,76.28526,301.06,0.48,0.4,2026-08-05,2049,N20,VIIRS,n,2.0NRT,277.82,0.95,N
15.2262,76.76402,310.07,0.51,0.41,2026-08-05,2049,N20,VIIRS,n,2.0NRT,278.53,1.6,N
15.18208,76.66402,301.53,0.51,0.41,2026-08-05,2049,N20,VIIRS,n,2.0NRT,278.39,1.31,N
15.18126,76.66867,312.59,0.51,0.41,2026-08-05,2049,N20,VIIRS,n,2.0NRT,279.16,1.31,N
15.18043,76.67332,299.8,0.51,0.41,2026-08-05,2049,N20,VIIRS,n,2.0NRT,278.73,1.46,N
15.17836,76.66331,301.57,0.51,0.41,2026-08-05,2049,N20,VIIRS,n,2.0NRT,278.72,1.86,N
15.17587,76.67725,314.73,0.51,0.41,2026-08-05,2049,N20,VIIRS,n,2.0NRT,279.23,2.34,N
15.17464,76.66259,323.77,0.51,0.41,2026-08-05,2049,N20,VIIRS,n,2.0NRT,278.95,1.86,N
15.17629,76.6533,302.74,0.51,0.41,2026-08-05,2049,N20,VIIRS,n,2.0NRT,279,2,N
15.17546,76.65794,316.88,0.51,0.41,2026-08-05,2049,N20,VIIRS,n,2.0NRT,279.77,2,N
15.16926,76.67113,302.36,0.51,0.41,2026-08-05,2049,N20,VIIRS,n,2.0NRT,279.26,1.04,N
27.69781,96.24203,341.06,0.45,0.47,2026-08-06,0620,N20,VIIRS,n,2.0NRT,295.21,6.92,D
19.96325,79.33332,333.34,0.38,0.36,2026-08-06,0758,N20,VIIRS,n,2.0NRT,295.16,3.82,D
21.10347,72.64658,354.74,0.47,0.48,2026-08-06,0758,N20,VIIRS,n,2.0NRT,295.77,17.98,D
26.16067,92.94205,295.62,0.53,0.67,2026-08-06,1845,N20,VIIRS,n,2.0NRT,285.54,2,N
26.16027,92.94733,296.55,0.53,0.67,2026-08-06,1845,N20,VIIRS,n,2.0NRT,285.93,2,N
26.15988,92.95267,297.37,0.53,0.67,2026-08-06,1845,N20,VIIRS,n,2.0NRT,286.25,5.52,N
26.15446,92.94144,296,0.53,0.67,2026-08-06,1845,N20,VIIRS,n,2.0NRT,285.17,2,N
25.43655,86.06909,306.06,0.42,0.45,2026-08-06,2025,N20,VIIRS,n,2.0NRT,290.36,1.83,N
25.03468,87.37018,307.36,0.52,0.5,2026-08-06,2025,N20,VIIRS,n,2.0NRT,289.35,2.03,N
23.79603,86.35184,304.21,0.47,0.48,2026-08-06,2025,N20,VIIRS,n,2.0NRT,287.76,2.93,N
23.61259,87.14576,304.87,0.53,0.5,2026-08-06,2025,N20,VIIRS,n,2.0NRT,288.59,3.92,N
23.77409,86.19598,308.53,0.46,0.47,2026-08-06,2025,N20,VIIRS,n,2.0NRT,288.53,1.49,N
23.77165,86.19753,305.46,0.46,0.47,2026-08-06,2025,N20,VIIRS,n,2.0NRT,287.91,1.29,N
23.56366,87.0838,311.23,0.53,0.5,2026-08-06,2025,N20,VIIRS,n,2.0NRT,289.06,4.59,N
23.70799,86.07117,298.92,0.46,0.47,2026-08-06,2025,N20,VIIRS,n,2.0NRT,283.42,0.99,N
22.20951,84.86139,299.6,0.41,0.45,2026-08-06,2027,N20,VIIRS,n,2.0NRT,278.17,1.42,N
20.58127,74.5366,299.17,0.51,0.41,2026-08-06,2027,N20,VIIRS,n,2.0NRT,265.03,0.35,N
18.95567,73.94324,309.36,0.52,0.42,2026-08-06,2027,N20,VIIRS,n,2.0NRT,271.76,1.44,N
18.9567,73.94102,312.09,0.52,0.42,2026-08-06,2027,N20,VIIRS,n,2.0NRT,271.81,1.61,N
8.58266,77.97887,367,0.37,0.58,2026-08-07,0735,N20,VIIRS,h,2.0NRT,290.02,6.73,D
9.40517,77.77493,340.05,0.36,0.58,2026-08-07,0735,N20,VIIRS,n,2.0NRT,290.99,6.1,D
8.57914,77.95925,335.98,0.37,0.58,2026-08-07,0735,N20,VIIRS,n,2.0NRT,287.21,2.48,D
9.52495,78.04314,330.31,0.35,0.57,2026-08-07,0737,N20,VIIRS,n,2.0NRT,286.9,3.77,D
23.70941,86.44973,330.45,0.44,0.39,2026-08-07,0739,N20,VIIRS,n,2.0NRT,291.97,3.14,D
23.67759,86.40043,330.24,0.44,0.39,2026-08-07,0739,N20,VIIRS,n,2.0NRT,295.19,4.48,D
23.67701,86.39612,334.95,0.44,0.39,2026-08-07,0739,N20,VIIRS,n,2.0NRT,294.99,4.48,D
23.68406,86.39498,334.35,0.44,0.39,2026-08-07,0739,N20,VIIRS,n,2.0NRT,294.33,4.52,D
23.70935,86.44843,331.11,0.44,0.39,2026-08-07,0739,N20,VIIRS,n,2.0NRT,292.88,2.69,D
23.64634,68.56316,346.63,0.4,0.6,2026-08-07,0922,N20,VIIRS,n,2.0NRT,293.85,4.95,D
23.72148,85.009,311.93,0.39,0.36,2026-08-07,2008,N20,VIIRS,n,2.0NRT,291.17,1.72,N
23.6651,84.99844,311.54,0.39,0.36,2026-08-07,2008,N20,VIIRS,n,2.0NRT,291.29,2.16,N
26.7614,83.20079,302.9,0.41,0.37,2026-08-07,2008,N20,VIIRS,n,2.0NRT,278.99,1.14,N
25.43868,86.06711,308.26,0.4,0.37,2026-08-07,2008,N20,VIIRS,n,2.0NRT,292.18,0.71,N
25.03437,87.38967,309.42,0.44,0.38,2026-08-07,2008,N20,VIIRS,n,2.0NRT,291.86,2.42,N
25.03395,87.37189,311.33,0.44,0.38,2026-08-07,2008,N20,VIIRS,n,2.0NRT,292.29,2.42,N
25.94346,72.18764,319.37,0.54,0.68,2026-08-07,2008,N20,VIIRS,n,2.0NRT,281.75,2.82,N
25.94566,72.18745,328.13,0.54,0.68,2026-08-07,2008,N20,VIIRS,n,2.0NRT,280.87,3.63,N
23.79395,86.23575,303.73,0.41,0.37,2026-08-07,2008,N20,VIIRS,n,2.0NRT,290.18,2.03,N
23.77231,86.19855,304.89,0.41,0.37,2026-08-07,2008,N20,VIIRS,n,2.0NRT,289.94,2.24,N
24.14751,82.65939,295.89,0.4,0.37,2026-08-07,2008,N20,VIIRS,n,2.0NRT,268.46,0.81,N
24.14051,82.70663,303.1,0.4,0.37,2026-08-07,2008,N20,VIIRS,n,2.0NRT,278.43,1.11,N
23.73612,85.02348,302.72,0.39,0.36,2026-08-07,2008,N20,VIIRS,n,2.0NRT,291.16,1.07,N
23.77952,86.39025,342.22,0.41,0.37,2026-08-08,0722,N20,VIIRS,n,2.0NRT,295.34,8.41,D
29.06436,79.52175,337.22,0.48,0.48,2026-08-08,0724,N20,VIIRS,n,2.0NRT,292.26,4.71,D
28.85252,77.14256,303.76,0.56,0.69,2026-08-08,1947,N20,VIIRS,n,2.0NRT,280.62,0.97,N
26.75992,83.19685,307.83,0.45,0.47,2026-08-08,1947,N20,VIIRS,n,2.0NRT,287.39,1.66,N
26.76135,83.19946,307.21,0.45,0.47,2026-08-08,1947,N20,VIIRS,n,2.0NRT,287.72,2.81,N
25.54309,91.2356,305.85,0.4,0.37,2026-08-08,1947,N20,VIIRS,n,2.0NRT,287.62,0.93,N
26.64249,79.47604,319.1,0.38,0.59,2026-08-08,1947,N20,VIIRS,n,2.0NRT,278.46,1.49,N
20.95228,86.04957,325.52,0.42,0.38,2026-08-08,1949,N20,VIIRS,n,2.0NRT,285.11,2.44,N
25.03469,87.39004,308.49,0.41,0.37,2026-08-08,1949,N20,VIIRS,n,2.0NRT,291.86,2.82,N
25.03335,87.37007,310.04,0.41,0.37,2026-08-08,1949,N20,VIIRS,n,2.0NRT,292.33,2.57,N
24.1201,86.86292,309.55,0.42,0.37,2026-08-08,1949,N20,VIIRS,n,2.0NRT,290.39,0.76,N
24.11726,86.85825,305.43,0.42,0.37,2026-08-08,1949,N20,VIIRS,n,2.0NRT,290.41,0.76,N
24.11667,86.86233,305.44,0.42,0.37,2026-08-08,1949,N20,VIIRS,n,2.0NRT,290.52,0.76,N
23.69414,87.12292,312.8,0.41,0.37,2026-08-08,1949,N20,VIIRS,n,2.0NRT,291.64,1.71,N
23.80323,86.32977,312.97,0.43,0.38,2026-08-08,1949,N20,VIIRS,n,2.0NRT,290.91,2.02,N
23.69305,87.10648,309.3,0.41,0.37,2026-08-08,1949,N20,VIIRS,n,2.0NRT,290.9,2.79,N
23.69248,87.11044,308.7,0.41,0.37,2026-08-08,1949,N20,VIIRS,n,2.0NRT,291.06,2.63,N
23.69076,87.12234,305.84,0.41,0.37,2026-08-08,1949,N20,VIIRS,n,2.0NRT,290.64,1.71,N
23.79623,86.35448,309.89,0.43,0.38,2026-08-08,1949,N20,VIIRS,n,2.0NRT,290.7,2.79,N
23.69081,87.09795,306.72,0.41,0.37,2026-08-08,1949,N20,VIIRS,n,2.0NRT,291.26,2.01,N
23.68284,87.1291,309.75,0.41,0.37,2026-08-08,1949,N20,VIIRS,n,2.0NRT,291.19,2.52,N
23.78053,86.39062,307.01,0.43,0.38,2026-08-08,1949,N20,VIIRS,n,2.0NRT,291.06,2.62,N
23.78289,86.34789,306.09,0.43,0.38,2026-08-08,1949,N20,VIIRS,n,2.0NRT,291.03,1.29,N
23.77938,86.37319,315.23,0.43,0.38,2026-08-08,1949,N20,VIIRS,n,2.0NRT,291.58,2.51,N
23.66529,87.1545,327.61,0.41,0.37,2026-08-08,1949,N20,VIIRS,n,2.0NRT,292.29,2.1,N
23.77941,86.34731,307.68,0.43,0.38,2026-08-08,1949,N20,VIIRS,n,2.0NRT,291.18,1.29,N
23.77707,86.36417,311.64,0.43,0.38,2026-08-08,1949,N20,VIIRS,n,2.0NRT,291.4,2.89,N
23.77416,86.38523,305.77,0.43,0.38,2026-08-08,1949,N20,VIIRS,n,2.0NRT,291.11,2.36,N
23.66471,87.15846,308.7,0.41,0.37,2026-08-08,1949,N20,VIIRS,n,2.0NRT,290.15,2.1,N
23.77359,86.36359,328.01,0.43,0.38,2026-08-08,1949,N20,VIIRS,n,2.0NRT,291.87,4.41,N
23.76778,86.40562,325.11,0.43,0.38,2026-08-08,1949,N20,VIIRS,n,2.0NRT,291.63,2.95,N
23.76836,86.40141,318.64,0.43,0.38,2026-08-08,1949,N20,VIIRS,n,2.0NRT,291.75,2.2,N
23.66191,87.15392,308.39,0.41,0.37,2026-08-08,1949,N20,VIIRS,n,2.0NRT,288.93,1.9,N
23.7643,86.40504,321.26,0.43,0.38,2026-08-08,1949,N20,VIIRS,n,2.0NRT,291.26,2.95,N
23.76605,86.39243,306.84,0.43,0.38,2026-08-08,1949,N20,VIIRS,n,2.0NRT,291.65,2.26,N
23.76488,86.40083,308.19,0.43,0.38,2026-08-08,1949,N20,VIIRS,n,2.0NRT,290.72,2.2,N
23.76599,86.40699,323.55,0.43,0.38,2026-08-08,1949,N20,VIIRS,n,2.0NRT,292.02,3.9,N
23.76659,86.40277,316.18,0.43,0.38,2026-08-08,1949,N20,VIIRS,n,2.0NRT,291.11,2.56,N
23.76311,86.4022,313.6,0.43,0.38,2026-08-08,1949,N20,VIIRS,n,2.0NRT,291.09,2.56,N
23.76024,86.3974,304.41,0.43,0.38,2026-08-08,1949,N20,VIIRS,n,2.0NRT,290.3,2.05,N
23.75964,86.40161,319.24,0.43,0.38,2026-08-08,1949,N20,VIIRS,n,2.0NRT,291.11,2.05,N
23.75904,86.40582,306.3,0.43,0.38,2026-08-08,1949,N20,VIIRS,n,2.0NRT,290.04,2.16,N
23.75378,86.41779,312.32,0.43,0.38,2026-08-08,1949,N20,VIIRS,n,2.0NRT,291.19,2.28,N
23.75031,86.4172,311.42,0.43,0.38,2026-08-08,1949,N20,VIIRS,n,2.0NRT,290.96,2.38,N
24.20755,82.71158,303.82,0.45,0.47,2026-08-08,1949,N20,VIIRS,n,2.0NRT,279.03,1.16,N
24.2033,82.71077,303.58,0.45,0.47,2026-08-08,1949,N20,VIIRS,n,2.0NRT,278.61,1.16,N
24.19848,82.71488,302.04,0.45,0.47,2026-08-08,1949,N20,VIIRS,n,2.0NRT,276.88,0.7,N
23.71841,86.44173,308.23,0.43,0.38,2026-08-08,1949,N20,VIIRS,n,2.0NRT,290.34,2.72,N
23.7179,86.42026,308.22,0.43,0.38,2026-08-08,1949,N20,VIIRS,n,2.0NRT,290,1.55,N
23.71376,86.4495,303.89,0.43,0.38,2026-08-08,1949,N20,VIIRS,n,2.0NRT,290.16,1.61,N
23.71384,86.42384,304.29,0.43,0.38,2026-08-08,1949,N20,VIIRS,n,2.0NRT,288.77,2.42,N
24.18365,82.65485,304.81,0.45,0.47,2026-08-08,1949,N20,VIIRS,n,2.0NRT,281.57,1.13,N
24.16996,82.62179,310.52,0.45,0.47,2026-08-08,1949,N20,VIIRS,n,2.0NRT,283.26,1.6,N
23.69019,86.38985,308.81,0.43,0.38,2026-08-08,1949,N20,VIIRS,n,2.0NRT,291.36,2.65,N
23.68612,86.39349,320.67,0.43,0.38,2026-08-08,1949,N20,VIIRS,n,2.0NRT,291.13,3.37,N
23.68265,86.39288,304.55,0.43,0.38,2026-08-08,1949,N20,VIIRS,n,2.0NRT,290.7,1.22,N
23.68207,86.39709,316.37,0.43,0.38,2026-08-08,1949,N20,VIIRS,n,2.0NRT,291.32,1.22,N
23.67918,86.39229,304.16,0.43,0.38,2026-08-08,1949,N20,VIIRS,n,2.0NRT,289.87,1.22,N
23.67859,86.39649,305.1,0.43,0.38,2026-08-08,1949,N20,VIIRS,n,2.0NRT,289.58,1.22,N
23.56342,87.08524,302.34,0.41,0.37,2026-08-08,1949,N20,VIIRS,n,2.0NRT,279.31,1.17,N
23.54922,86.54599,303.54,0.42,0.38,2026-08-08,1949,N20,VIIRS,n,2.0NRT,290.16,2.3,N
23.73825,85.00724,299.27,0.49,0.4,2026-08-08,1949,N20,VIIRS,n,2.0NRT,281.11,0.91,N
23.72111,85.00737,303.14,0.49,0.4,2026-08-08,1949,N20,VIIRS,n,2.0NRT,281.96,1.24,N
22.36072,87.01862,302.22,0.4,0.37,2026-08-08,1949,N20,VIIRS,n,2.0NRT,282.01,1.18,N
22.05327,88.12409,317.7,0.39,0.36,2026-08-08,1949,N20,VIIRS,n,2.0NRT,279.09,3.22,N
21.93223,85.22158,297.9,0.46,0.39,2026-08-08,1949,N20,VIIRS,n,2.0NRT,271.38,1.13,N
21.00043,86.02753,309.01,0.42,0.38,2026-08-08,1949,N20,VIIRS,n,2.0NRT,284.14,1.05,N
21.00165,86.02482,308.89,0.42,0.38,2026-08-08,1949,N20,VIIRS,n,2.0NRT,284.2,1.07,N
20.97302,86.00365,308.61,0.42,0.38,2026-08-08,1949,N20,VIIRS,n,2.0NRT,283.4,1.77,N
20.96957,86.0031,303.83,0.42,0.38,2026-08-08,1949,N20,VIIRS,n,2.0NRT,283.46,0.96,N
20.95286,86.04559,332.55,0.42,0.38,2026-08-08,1949,N20,VIIRS,n,2.0NRT,282.57,4.22,N
21.07747,85.03615,309.08,0.46,0.39,2026-08-08,1949,N20,VIIRS,n,2.0NRT,288.02,2.13,N
21.07626,85.04499,308.61,0.46,0.39,2026-08-08,1949,N20,VIIRS,n,2.0NRT,286.41,2.63,N
20.98473,85.13493,307.85,0.45,0.39,2026-08-08,1949,N20,VIIRS,n,2.0NRT,287.21,1.2,N
20.98116,85.13437,302.21,0.45,0.39,2026-08-08,1949,N20,VIIRS,n,2.0NRT,285.87,1.2,N
20.9763,85.16914,305.74,0.45,0.39,2026-08-08,1949,N20,VIIRS,n,2.0NRT,287.82,1.18,N
20.97569,85.17348,314.6,0.45,0.39,2026-08-08,1949,N20,VIIRS,n,2.0NRT,288.19,1.18,N
20.97152,85.17728,319.85,0.45,0.39,2026-08-08,1949,N20,VIIRS,n,2.0NRT,288.36,2.13,N
20.96917,85.16802,311.11,0.45,0.39,2026-08-08,1949,N20,VIIRS,n,2.0NRT,287.78,1.64,N
20.96856,85.17236,314.5,0.45,0.39,2026-08-08,1949,N20,VIIRS,n,2.0NRT,288.13,1.64,N
20.96795,85.17672,316.4,0.45,0.39,2026-08-08,1949,N20,VIIRS,n,2.0NRT,288.26,2.13,N
20.96614,85.18969,304.74,0.45,0.39,2026-08-08,1949,N20,VIIRS,n,2.0NRT,288.61,1.19,N
20.96258,85.18911,328.3,0.45,0.39,2026-08-08,1949,N20,VIIRS,n,2.0NRT,289.37,2.75,N
20.96621,85.16311,313.47,0.45,0.39,2026-08-08,1949,N20,VIIRS,n,2.0NRT,288.1,1.96,N
20.9656,85.16747,309.42,0.45,0.39,2026-08-08,1949,N20,VIIRS,n,2.0NRT,288.53,1.74,N
20.96499,85.17181,311.45,0.45,0.39,2026-08-08,1949,N20,VIIRS,n,2.0NRT,288.59,1.74,N
20.96439,85.17616,306.31,0.45,0.39,2026-08-08,1949,N20,VIIRS,n,2.0NRT,289.02,1.57,N
20.96378,85.18049,310.49,0.45,0.39,2026-08-08,1949,N20,VIIRS,n,2.0NRT,288.78,1.57,N
20.96318,85.18481,314.66,0.45,0.39,2026-08-08,1949,N20,VIIRS,n,2.0NRT,288.97,2.75,N
20.86744,84.98976,299.76,0.46,0.39,2026-08-08,1949,N20,VIIRS,n,2.0NRT,278.78,1.61,N
20.86685,84.99406,309.86,0.46,0.39,2026-08-08,1949,N20,VIIRS,n,2.0NRT,284.23,1.38,N
20.86386,84.98915,316.6,0.46,0.39,2026-08-08,1949,N20,VIIRS,n,2.0NRT,281.39,1.61,N
20.86326,84.9935,306.65,0.46,0.39,2026-08-08,1949,N20,VIIRS,n,2.0NRT,286.08,1.38,N
20.80891,85.25505,314.19,0.45,0.39,2026-08-08,1949,N20,VIIRS,n,2.0NRT,283.93,2.36,N
20.80477,85.25878,309.56,0.45,0.39,2026-08-08,1949,N20,VIIRS,n,2.0NRT,284.15,1.79,N
20.79768,85.25767,309.27,0.45,0.39,2026-08-08,1949,N20,VIIRS,n,2.0NRT,283.19,1.48,N
20.79472,85.25284,319.28,0.45,0.39,2026-08-08,1949,N20,VIIRS,n,2.0NRT,283.57,2.28,N
20.79,85.26079,304.87,0.45,0.39,2026-08-08,1949,N20,VIIRS,n,2.0NRT,284.21,1.95,N
20.78941,85.26505,303.33,0.45,0.39,2026-08-08,1949,N20,VIIRS,n,2.0NRT,284.44,0.55,N
20.78646,85.26022,310.94,0.45,0.39,2026-08-08,1949,N20,VIIRS,n,2.0NRT,284.43,1.55,N
20.78587,85.26447,313.51,0.45,0.39,2026-08-08,1949,N20,VIIRS,n,2.0NRT,285.03,1.48,N
20.78656,85.26159,321.15,0.45,0.39,2026-08-08,1949,N20,VIIRS,n,2.0NRT,284.83,2.16,N
20.76046,85.29235,305.84,0.45,0.39,2026-08-08,1949,N20,VIIRS,n,2.0NRT,284.88,0.94,N
20.75985,85.29664,318.9,0.45,0.39,2026-08-08,1949,N20,VIIRS,n,2.0NRT,285.23,2.51,N
15.18034,77.10195,299.76,0.4,0.6,2026-08-08,1951,N20,VIIRS,n,2.0NRT,278.69,0.84,N
15.02639,78.0145,304.39,0.34,0.56,2026-08-08,1951,N20,VIIRS,n,2.0NRT,286.77,1.53,N
11.03697,77.77518,297.17,0.63,0.54,2026-08-08,1951,N20,VIIRS,n,2.0NRT,268.48,0.91,N
9.76131,77.62019,297.9,0.62,0.54,2026-08-08,1953,N20,VIIRS,n,2.0NRT,274.96,0.62,N
31.2613,76.92593,304.77,0.4,0.6,2026-08-08,2127,N20,VIIRS,n,2.0NRT,282.3,1.56,N
26.64099,79.48178,297.58,0.73,0.76,2026-08-08,2127,N20,VIIRS,n,2.0NRT,266.12,6.27,N
26.64129,79.48198,298.08,0.72,0.76,2026-08-08,2127,N20,VIIRS,n,2.0NRT,266.75,1.18,N
25.94461,72.19249,327.14,0.54,0.51,2026-08-08,2129,N20,VIIRS,n,2.0NRT,291.79,8.82,N
22.93449,69.69886,306.59,0.44,0.46,2026-08-08,2129,N20,VIIRS,n,2.0NRT,292.19,1.9,N
18.95796,73.94247,295.97,0.49,0.65,2026-08-08,2131,N20,VIIRS,n,2.0NRT,278.61,0.87,N
18.95629,73.94073,295.62,0.49,0.65,2026-08-08,2131,N20,VIIRS,n,2.0NRT,278.39,0.92,N
23.69815,86.07658,328.72,0.48,0.48,2026-08-09,0701,N20,VIIRS,n,2.0NRT,289.5,2.84,D
27.96945,95.60986,332.72,0.47,0.4,2026-08-09,0703,N20,VIIRS,n,2.0NRT,301.84,8.53,D
27.96522,95.60564,330.57,0.47,0.4,2026-08-09,0703,N20,VIIRS,l,2.0NRT,302.66,6.08,D
27.77813,95.53909,330.71,0.47,0.4,2026-08-09,0703,N20,VIIRS,l,2.0NRT,302.02,5.38,D
27.77391,95.53493,331.1,0.47,0.4,2026-08-09,0703,N20,VIIRS,l,2.0NRT,302.16,5.92,D
11.07198,78.70229,337.59,0.62,0.54,2026-08-09,0839,N20,VIIRS,n,2.0NRT,295.26,4.92,D
11.07089,78.70502,334.46,0.62,0.54,2026-08-09,0839,N20,VIIRS,n,2.0NRT,295.53,4.67,D
9.55403,77.81441,335.36,0.51,0.49,2026-08-09,0839,N20,VIIRS,n,2.0NRT,297.79,10.47,D
9.34092,77.71509,345.75,0.5,0.49,2026-08-09,0839,N20,VIIRS,n,2.0NRT,301.32,9.47,D
9.33855,77.71365,337.5,0.5,0.49,2026-08-09,0839,N20,VIIRS,n,2.0NRT,301.33,8.76,D
9.33919,77.71819,337.47,0.5,0.49,2026-08-09,0839,N20,VIIRS,n,2.0NRT,301.87,9.22,D
13.68176,76.16438,334.11,0.45,0.47,2026-08-09,0839,N20,VIIRS,n,2.0NRT,288.71,3.42,D
13.35395,76.12534,352.49,0.45,0.47,2026-08-09,0839,N20,VIIRS,n,2.0NRT,297.72,11.14,D
13.43076,79.83887,367,0.4,0.6,2026-08-09,0839,N20,VIIRS,h,2.0NRT,293.1,12.27,D
12.53732,77.01344,334.41,0.5,0.49,2026-08-09,0839,N20,VIIRS,n,2.0NRT,295.75,2.92,D
11.19376,78.23439,339.25,0.58,0.52,2026-08-09,0839,N20,VIIRS,n,2.0NRT,295.44,10.73,D
26.06175,70.26306,340.74,0.45,0.39,2026-08-09,0843,N20,VIIRS,n,2.0NRT,302.98,3.21,D
28.61605,73.78303,330.42,0.5,0.49,2026-08-09,0845,N20,VIIRS,n,2.0NRT,294.12,8.5,D
27.40552,96.0146,308.47,0.39,0.37,2026-08-09,1928,N20,VIIRS,n,2.0NRT,289.67,0.86,N
23.61313,87.14422,306.56,0.46,0.47,2026-08-09,1930,N20,VIIRS,n,2.0NRT,288.58,2.36,N
24.16866,82.61945,312.03,0.45,0.63,2026-08-09,1930,N20,VIIRS,n,2.0NRT,285.29,3.18,N
23.80776,86.32849,309.13,0.52,0.5,2026-08-09,1930,N20,VIIRS,n,2.0NRT,288.63,2.35,N
23.80318,86.3279,319.29,0.52,0.5,2026-08-09,1930,N20,VIIRS,n,2.0NRT,288.62,2.35,N
23.80263,86.333,305.58,0.52,0.5,2026-08-09,1930,N20,VIIRS,n,2.0NRT,288.33,2.35,N
23.80096,86.34815,309.88,0.52,0.5,2026-08-09,1930,N20,VIIRS,n,2.0NRT,288.66,1.73,N
23.8004,86.35328,304.87,0.52,0.5,2026-08-09,1930,N20,VIIRS,n,2.0NRT,288.47,1.73,N
23.79584,86.35263,314.98,0.52,0.5,2026-08-09,1930,N20,VIIRS,n,2.0NRT,288.7,4.5,N
23.77993,86.37107,307.02,0.51,0.5,2026-08-09,1930,N20,VIIRS,n,2.0NRT,288.64,2.22,N
23.77827,86.38636,315.55,0.51,0.5,2026-08-09,1930,N20,VIIRS,n,2.0NRT,288.69,4.73,N
23.77592,86.36537,321.27,0.52,0.5,2026-08-09,1930,N20,VIIRS,n,2.0NRT,289.03,3.79,N
23.69369,87.10718,308.64,0.46,0.47,2026-08-09,1930,N20,VIIRS,n,2.0NRT,288.55,3.94,N
23.69318,87.11169,309.79,0.46,0.47,2026-08-09,1930,N20,VIIRS,n,2.0NRT,288.5,3.3,N
23.69215,87.12071,317.84,0.46,0.47,2026-08-09,1930,N20,VIIRS,n,2.0NRT,288.8,3.03,N
23.76753,86.40013,306.11,0.51,0.5,2026-08-09,1930,N20,VIIRS,n,2.0NRT,288.61,2.48,N
23.76698,86.40524,318.41,0.51,0.5,2026-08-09,1930,N20,VIIRS,n,2.0NRT,288.96,3.27,N
23.69037,87.09753,306.69,0.46,0.47,2026-08-09,1930,N20,VIIRS,n,2.0NRT,288.66,3.5,N
23.68781,87.12008,314.11,0.46,0.47,2026-08-09,1930,N20,VIIRS,n,2.0NRT,288.75,3.03,N
23.78325,86.21065,305.69,0.53,0.5,2026-08-09,1930,N20,VIIRS,n,2.0NRT,288.05,1.52,N
23.76299,86.39951,310.56,0.51,0.5,2026-08-09,1930,N20,VIIRS,n,2.0NRT,288.38,2.49,N
23.76243,86.40464,309.63,0.51,0.5,2026-08-09,1930,N20,VIIRS,n,2.0NRT,288.47,1.51,N
23.68245,87.12855,306.09,0.46,0.47,2026-08-09,1930,N20,VIIRS,n,2.0NRT,288.78,2.4,N
23.7792,86.20475,305.55,0.53,0.5,2026-08-09,1930,N20,VIIRS,n,2.0NRT,288.53,2.86,N
23.77864,86.20998,309.25,0.53,0.5,2026-08-09,1930,N20,VIIRS,n,2.0NRT,288.66,1.52,N
23.75844,86.39886,307.16,0.51,0.5,2026-08-09,1930,N20,VIIRS,n,2.0NRT,288.7,2.49,N
23.75789,86.40396,309.87,0.51,0.5,2026-08-09,1930,N20,VIIRS,n,2.0NRT,288.83,1.51,N
23.6664,87.15377,312.24,0.46,0.47,2026-08-09,1930,N20,VIIRS,n,2.0NRT,284.81,2.98,N
23.74102,86.43219,307.75,0.51,0.49,2026-08-09,1930,N20,VIIRS,n,2.0NRT,288.89,2.76,N
23.66207,87.15318,307.75,0.46,0.47,2026-08-09,1930,N20,VIIRS,n,2.0NRT,287.9,2.82,N
23.73648,86.43156,319.98,0.51,0.49,2026-08-09,1930,N20,VIIRS,n,2.0NRT,288.72,2.76,N
23.72634,86.44032,309.25,0.51,0.49,2026-08-09,1930,N20,VIIRS,n,2.0NRT,288.76,1.99,N
23.7218,86.4397,305.79,0.51,0.49,2026-08-09,1930,N20,VIIRS,n,2.0NRT,288.92,1.75,N
23.71938,86.41898,305.17,0.51,0.49,2026-08-09,1930,N20,VIIRS,n,2.0NRT,288.39,3.03,N
23.71673,86.44408,304.11,0.51,0.49,2026-08-09,1930,N20,VIIRS,n,2.0NRT,288.53,1.75,N
23.7162,86.4491,305.81,0.51,0.49,2026-08-09,1930,N20,VIIRS,n,2.0NRT,288.29,1.63,N
23.72552,86.43864,313.31,0.51,0.49,2026-08-09,1930,N20,VIIRS,n,2.0NRT,289.05,3.4,N
23.66858,86.93404,304.88,0.47,0.48,2026-08-09,1930,N20,VIIRS,n,2.0NRT,285.44,1.93,N
23.72042,86.44305,305.57,0.51,0.49,2026-08-09,1930,N20,VIIRS,n,2.0NRT,288.41,2.84,N
23.71815,86.42233,307.08,0.51,0.49,2026-08-09,1930,N20,VIIRS,n,2.0NRT,288.81,4.56,N
23.71476,86.45244,316.01,0.51,0.49,2026-08-09,1930,N20,VIIRS,n,2.0NRT,288.6,2.41,N
23.70795,86.43107,308.24,0.51,0.49,2026-08-09,1930,N20,VIIRS,n,2.0NRT,288.73,4.19,N
23.75755,85.85046,304.48,0.55,0.51,2026-08-09,1930,N20,VIIRS,n,2.0NRT,286.54,1.26,N
23.75696,85.85595,307.31,0.55,0.51,2026-08-09,1930,N20,VIIRS,n,2.0NRT,287.35,2.31,N
23.69257,86.40362,306.66,0.51,0.49,2026-08-09,1930,N20,VIIRS,n,2.0NRT,288.53,2.28,N
23.68914,86.39288,305.02,0.51,0.49,2026-08-09,1930,N20,VIIRS,n,2.0NRT,288.66,2.48,N
23.68459,86.3922,313.68,0.51,0.49,2026-08-09,1930,N20,VIIRS,n,2.0NRT,288.43,3.39,N
23.68403,86.39732,308.59,0.51,0.49,2026-08-09,1930,N20,VIIRS,n,2.0NRT,288.43,2.24,N
23.63527,86.83443,304.87,0.48,0.48,2026-08-09,1930,N20,VIIRS,n,2.0NRT,288.51,2.59,N
23.67949,86.39664,324.02,0.51,0.49,2026-08-09,1930,N20,VIIRS,n,2.0NRT,289.06,2.24,N
23.67894,86.40165,306.48,0.51,0.49,2026-08-09,1930,N20,VIIRS,n,2.0NRT,288.77,2.24,N
23.56351,87.23245,333.44,0.45,0.47,2026-08-09,1930,N20,VIIRS,n,2.0NRT,287.79,5.84,N
23.68398,86.09574,319.64,0.53,0.5,2026-08-09,1930,N20,VIIRS,n,2.0NRT,288.14,2.62,N
23.55819,87.24075,311.66,0.45,0.47,2026-08-09,1930,N20,VIIRS,n,2.0NRT,284.6,2.71,N
23.56292,87.08218,313.01,0.46,0.47,2026-08-09,1930,N20,VIIRS,n,2.0NRT,287.87,2.48,N
23.4847,87.36115,313.17,0.44,0.46,2026-08-09,1930,N20,VIIRS,n,2.0NRT,289.1,4.78,N
23.65034,85.43754,329.37,0.59,0.53,2026-08-09,1930,N20,VIIRS,n,2.0NRT,287.64,9.3,N
22.87357,88.21239,305.31,0.39,0.44,2026-08-09,1930,N20,VIIRS,n,2.0NRT,286.46,1.09,N
22.87456,86.05971,304.32,0.52,0.5,2026-08-09,1930,N20,VIIRS,n,2.0NRT,287.78,1.21,N
22.87399,86.06478,303.36,0.52,0.5,2026-08-09,1930,N20,VIIRS,n,2.0NRT,287.98,1.21,N
22.8109,86.08758,303.78,0.52,0.5,2026-08-09,1930,N20,VIIRS,n,2.0NRT,287.65,1.64,N
22.80119,86.09136,311.64,0.52,0.5,2026-08-09,1930,N20,VIIRS,n,2.0NRT,288.06,2.6,N
22.78982,86.19749,306.64,0.51,0.5,2026-08-09,1930,N20,VIIRS,n,2.0NRT,288.19,3.16,N
22.79198,86.21184,306.4,0.51,0.49,2026-08-09,1930,N20,VIIRS,n,2.0NRT,287.78,3.7,N
22.80127,86.09036,311.6,0.52,0.5,2026-08-09,1930,N20,VIIRS,n,2.0NRT,288.19,3.35,N
22.78914,86.19627,305.92,0.51,0.5,2026-08-09,1930,N20,VIIRS,n,2.0NRT,287.56,3.99,N
22.36613,87.01873,311.28,0.45,0.47,2026-08-09,1930,N20,VIIRS,n,2.0NRT,288.74,3.86,N
22.36184,87.0181,309.81,0.45,0.47,2026-08-09,1930,N20,VIIRS,n,2.0NRT,288.82,3.33,N
27.31784,95.26588,307.88,0.39,0.36,2026-08-09,1930,N20,VIIRS,n,2.0NRT,288.87,1.33,N
24.20835,82.70866,303.83,0.45,0.63,2026-08-09,1930,N20,VIIRS,n,2.0NRT,287.17,1.61,N
24.20799,82.71298,303.89,0.45,0.63,2026-08-09,1930,N20,VIIRS,n,2.0NRT,287.27,2.23,N
24.1829,82.66151,304.97,0.45,0.63,2026-08-09,1930,N20,VIIRS,n,2.0NRT,287.66,2.4,N
24.20751,82.71186,308.6,0.45,0.63,2026-08-09,1930,N20,VIIRS,n,2.0NRT,287.28,1.46,N
24.20174,82.71103,301.51,0.45,0.63,2026-08-09,1930,N20,VIIRS,n,2.0NRT,287.08,1.46,N
24.20134,82.71565,305.62,0.45,0.63,2026-08-09,1930,N20,VIIRS,n,2.0NRT,287.34,2.07,N
24.18312,82.65615,299.78,0.45,0.63,2026-08-09,1930,N20,VIIRS,n,2.0NRT,287.05,1.64,N
24.18274,82.66058,304.02,0.45,0.63,2026-08-09,1930,N20,VIIRS,n,2.0NRT,287.54,2.38,N
24.17769,82.65121,301.64,0.45,0.63,2026-08-09,1930,N20,VIIRS,n,2.0NRT,287.13,2.29,N
21.7653,83.84863,312.51,0.35,0.57,2026-08-09,1932,N20,VIIRS,n,2.0NRT,285.73,1.95,N
22.06671,83.70587,302.74,0.36,0.58,2026-08-09,1932,N20,VIIRS,n,2.0NRT,286.35,0.77,N
22.20396,84.59077,300.31,0.32,0.55,2026-08-09,1932,N20,VIIRS,n,2.0NRT,286.72,1.54,N
21.76504,83.84802,311.47,0.35,0.57,2026-08-09,1932,N20,VIIRS,n,2.0NRT,285.85,2.59,N
21.76072,83.84116,303.05,0.35,0.57,2026-08-09,1932,N20,VIIRS,n,2.0NRT,285.52,0.69,N
21.75876,84.02281,311.01,0.34,0.56,2026-08-09,1932,N20,VIIRS,n,2.0NRT,286.98,2.87,N
22.004,82.66974,314.99,0.42,0.61,2026-08-09,1932,N20,VIIRS,n,2.0NRT,286.68,1.9,N
21.9717,83.19962,301.17,0.39,0.59,2026-08-09,1932,N20,VIIRS,n,2.0NRT,286.11,0.89,N
34.15832,77.61065,299.54,0.41,0.45,2026-08-09,2108,N20,VIIRS,n,2.0NRT,283.89,0.65,N
29.47427,76.85662,308.43,0.46,0.47,2026-08-09,2110,N20,VIIRS,n,2.0NRT,284.26,0.68,N
29.47654,76.86024,309.21,0.46,0.47,2026-08-09,2110,N20,VIIRS,n,2.0NRT,284.42,0.86,N
25.94308,72.19237,323.48,0.45,0.39,2026-08-09,2110,N20,VIIRS,n,2.0NRT,261.56,1.53,N
21.10605,72.64634,322.71,0.56,0.43,2026-08-09,2112,N20,VIIRS,n,2.0NRT,286.41,4.59,N
19.8015,78.86324,301.41,0.48,0.65,2026-08-09,2112,N20,VIIRS,n,2.0NRT,285.08,0.52,N
19.93199,79.12069,301.99,0.5,0.66,2026-08-09,2112,N20,VIIRS,n,2.0NRT,285.57,1.2,N
22.33982,69.85525,302.09,0.41,0.37,2026-08-09,2112,N20,VIIRS,n,2.0NRT,278.97,1.06,N
22.33785,69.86696,301.74,0.41,0.37,2026-08-09,2112,N20,VIIRS,n,2.0NRT,281.9,1.23,N
22.93224,69.69859,321.56,0.4,0.37,2026-08-09,2112,N20,VIIRS,n,2.0NRT,293.32,1.85,N
22.93379,69.70245,307.21,0.4,0.37,2026-08-09,2112,N20,VIIRS,n,2.0NRT,293.16,1.23,N
22.93444,69.6986,319.78,0.4,0.37,2026-08-09,2112,N20,VIIRS,n,2.0NRT,293.59,1.79,N
22.92689,69.82484,306.64,0.4,0.37,2026-08-09,2112,N20,VIIRS,n,2.0NRT,293.75,1.21,N
23.24687,69.86861,305.87,0.4,0.37,2026-08-09,2112,N20,VIIRS,n,2.0NRT,293.75,1.26,N
23.49984,68.57928,308.19,0.38,0.36,2026-08-09,2112,N20,VIIRS,n,2.0NRT,292.91,1.26,N
23.31344,70.20078,302.83,0.41,0.37,2026-08-09,2112,N20,VIIRS,n,2.0NRT,287.97,0.62,N
21.05469,72.85502,306.21,0.57,0.43,2026-08-09,2112,N20,VIIRS,n,2.0NRT,282.14,0.79,N
21.10486,72.64937,304.97,0.56,0.43,2026-08-09,2112,N20,VIIRS,n,2.0NRT,285.78,2.66,N
21.10583,72.6441,310.51,0.56,0.43,2026-08-09,2112,N20,VIIRS,n,2.0NRT,285.24,2.4,N
21.05456,72.85148,304.19,0.57,0.43,2026-08-09,2112,N20,VIIRS,n,2.0NRT,282.65,0.7,N
15.18936,76.66093,302.58,0.43,0.62,2026-08-09,2114,N20,VIIRS,n,2.0NRT,287.2,2.77,N
15.07372,76.86428,300.48,0.44,0.63,2026-08-09,2114,N20,VIIRS,n,2.0NRT,285.3,1.32,N
14.87509,78.05061,301.43,0.54,0.68,2026-08-09,2114,N20,VIIRS,n,2.0NRT,284.64,1.36,N
15.17463,76.65839,305.91,0.43,0.62,2026-08-09,2114,N20,VIIRS,n,2.0NRT,286.58,1.09,N
10.41613,77.10946,304.02,0.57,0.69,2026-08-09,2114,N20,VIIRS,n,2.0NRT,284.33,0.52,N
10.41274,77.106,297.29,0.57,0.69,2026-08-09,2114,N20,VIIRS,n,2.0NRT,283.96,0.75,N
15.17543,76.65447,305.44,0.43,0.62,2026-08-09,2114,N20,VIIRS,n,2.0NRT,286.86,1.09,N
15.17702,76.67539,300.84,0.43,0.62,2026-08-09,2114,N20,VIIRS,n,2.0NRT,285.82,1.91,N
15.18098,76.65578,300.94,0.43,0.62,2026-08-09,2114,N20,VIIRS,n,2.0NRT,286.63,1.1,N
15.18574,76.66101,302.94,0.43,0.62,2026-08-09,2114,N20,VIIRS,n,2.0NRT,287.64,1.1,N
15.18654,76.6571,306.69,0.43,0.62,2026-08-09,2114,N20,VIIRS,n,2.0NRT,286.89,1.1,N
14.87422,78.05255,305.93,0.54,0.68,2026-08-09,2114,N20,VIIRS,n,2.0NRT,285.23,1.33,N
15.17825,76.65834,309.19,0.43,0.62,2026-08-09,2114,N20,VIIRS,n,2.0NRT,286.96,1.42,N
15.17907,76.65443,306.28,0.43,0.62,2026-08-09,2114,N20,VIIRS,n,2.0NRT,287.09,1.42,N
11.30191,77.87934,304.66,0.61,0.71,2026-08-09,2114,N20,VIIRS,n,2.0NRT,285.12,1.12,N
15.33559,76.28592,296.76,0.4,0.6,2026-08-09,2114,N20,VIIRS,n,2.0NRT,274.33,0.35,N
15.1803,77.10293,297.77,0.46,0.63,2026-08-09,2114,N20,VIIRS,n,2.0NRT,275.8,1.21,N
17.14878,78.22474,300.48,0.5,0.66,2026-08-09,2114,N20,VIIRS,n,2.0NRT,287.6,0.75,N
9.71661,77.60519,314.24,0.63,0.72,2026-08-09,2116,N20,VIIRS,n,2.0NRT,284.44,2.41,N
9.72237,77.61021,316.17,0.63,0.72,2026-08-09,2116,N20,VIIRS,n,2.0NRT,285.98,5.42,N
9.7239,77.60253,315.84,0.63,0.72,2026-08-09,2116,N20,VIIRS,n,2.0NRT,284.86,2.41,N
27.77472,95.5388,330.86,0.39,0.36,2026-08-10,0644,N20,VIIRS,l,2.0NRT,303.25,1.82,D
22.37571,87.28049,331.03,0.42,0.61,2026-08-10,0644,N20,VIIRS,n,2.0NRT,288.67,6.12,D
9.24181,77.61673,341.53,0.41,0.37,2026-08-10,0820,N20,VIIRS,n,2.0NRT,308.24,12.57,D
9.21721,77.95048,338.78,0.42,0.38,2026-08-10,0820,N20,VIIRS,n,2.0NRT,303.7,10.42,D
9.11584,77.54512,347.39,0.41,0.37,2026-08-10,0820,N20,VIIRS,n,2.0NRT,302.51,3.17,D
9.11244,77.54563,339.22,0.41,0.37,2026-08-10,0820,N20,VIIRS,n,2.0NRT,304.4,3.17,D
9.21488,78.68938,335.6,0.45,0.39,2026-08-10,0820,N20,VIIRS,n,2.0NRT,300.89,3.08,D
9.63104,77.74139,341.86,0.42,0.37,2026-08-10,0820,N20,VIIRS,n,2.0NRT,307.31,11.65,D
9.00506,77.7899,342.06,0.41,0.37,2026-08-10,0820,N20,VIIRS,n,2.0NRT,306.95,6.79,D
8.73037,77.89612,340.37,0.41,0.37,2026-08-10,0820,N20,VIIRS,n,2.0NRT,305.82,6.32,D
8.66383,77.87165,338.08,0.41,0.37,2026-08-10,0820,N20,VIIRS,n,2.0NRT,303.43,5.11,D
8.66362,77.87156,336.94,0.41,0.37,2026-08-10,0820,N20,VIIRS,n,2.0NRT,302.95,3.14,D
10.00575,78.03493,346.98,0.43,0.38,2026-08-10,0820,N20,VIIRS,n,2.0NRT,296.12,5.99,D
9.21539,78.68924,335.67,0.45,0.39,2026-08-10,0820,N20,VIIRS,n,2.0NRT,300.93,3.01,D
9.67609,77.4088,347.17,0.41,0.37,2026-08-10,0820,N20,VIIRS,n,2.0NRT,300.87,23.88,D
9.94512,78.71644,337.78,0.46,0.39,2026-08-10,0820,N20,VIIRS,n,2.0NRT,300.32,4.88,D
9.45328,77.62675,344.8,0.41,0.37,2026-08-10,0820,N20,VIIRS,n,2.0NRT,304.54,8.88,D
9.5336,78.52003,333.08,0.44,0.39,2026-08-10,0820,N20,VIIRS,l,2.0NRT,303.36,2.23,D
14.30825,77.44452,337.17,0.44,0.39,2026-08-10,0822,N20,VIIRS,n,2.0NRT,303.21,4.87,D
10.00979,78.03833,335.25,0.43,0.38,2026-08-10,0822,N20,VIIRS,n,2.0NRT,303.46,3.88,D
10.14497,78.85644,331.26,0.47,0.39,2026-08-10,0822,N20,VIIRS,n,2.0NRT,297.26,1.3,D
9.98345,77.63867,339.66,0.42,0.37,2026-08-10,0822,N20,VIIRS,n,2.0NRT,303.11,6.1,D
10.05825,77.90831,331.1,0.42,0.38,2026-08-10,0822,N20,VIIRS,n,2.0NRT,300.13,3.81,D
10.39875,79.41953,333.63,0.5,0.41,2026-08-10,0822,N20,VIIRS,n,2.0NRT,298.99,3.65,D
10.64331,79.07994,335.42,0.48,0.4,2026-08-10,0822,N20,VIIRS,n,2.0NRT,303.35,5.48,D
10.72432,78.83788,339.84,0.47,0.4,2026-08-10,0822,N20,VIIRS,n,2.0NRT,304.2,9.31,D
10.73855,78.73103,335.66,0.47,0.39,2026-08-10,0822,N20,VIIRS,n,2.0NRT,302.84,1.7,D
10.73917,78.72775,332.28,0.47,0.4,2026-08-10,0822,N20,VIIRS,n,2.0NRT,300.6,2.72,D
11.7135,77.73086,336.43,0.43,0.38,2026-08-10,0822,N20,VIIRS,n,2.0NRT,301.54,6.6,D
11.86015,77.02831,338.33,0.41,0.37,2026-08-10,0822,N20,VIIRS,n,2.0NRT,298.61,4.34,D
12.03508,77.07492,336.61,0.41,0.37,2026-08-10,0822,N20,VIIRS,n,2.0NRT,300.23,3.05,D
12.46242,78.27564,334.7,0.46,0.39,2026-08-10,0822,N20,VIIRS,n,2.0NRT,299.94,2.77,D
12.27599,76.51857,335.51,0.4,0.37,2026-08-10,0822,N20,VIIRS,n,2.0NRT,299.4,3.75,D
12.61552,77.65279,335.2,0.44,0.38,2026-08-10,0822,N20,VIIRS,n,2.0NRT,299.09,3.03,D
12.56628,76.95201,334.51,0.41,0.37,2026-08-10,0822,N20,VIIRS,n,2.0NRT,299.9,5.57,D
12.55401,76.62975,330.41,0.4,0.37,2026-08-10,0822,N20,VIIRS,n,2.0NRT,298.15,3.01,D
12.60272,76.67905,332.22,0.4,0.37,2026-08-10,0822,N20,VIIRS,n,2.0NRT,298.64,2.11,D
12.86452,78.37373,333.13,0.47,0.4,2026-08-10,0822,N20,VIIRS,n,2.0NRT,298.26,5.07,D
13.1379,79.62981,330.41,0.56,0.43,2026-08-10,0822,N20,VIIRS,n,2.0NRT,298.81,3.1,D
13.21113,78.82519,335.3,0.5,0.41,2026-08-10,0822,N20,VIIRS,n,2.0NRT,299.9,9.5,D
13.21487,78.82461,337.51,0.5,0.41,2026-08-10,0822,N20,VIIRS,n,2.0NRT,302.15,9.5,D
13.49751,79.59806,334.53,0.56,0.43,2026-08-10,0822,N20,VIIRS,n,2.0NRT,298.72,8.33,D
13.43354,78.25616,333.66,0.47,0.4,2026-08-10,0822,N20,VIIRS,n,2.0NRT,301.88,3.87,D
13.57464,77.34303,337.24,0.43,0.38,2026-08-10,0822,N20,VIIRS,n,2.0NRT,301.7,4.53,D
13.57614,77.34341,336.1,0.43,0.38,2026-08-10,0822,N20,VIIRS,n,2.0NRT,301.8,4.29,D
13.76895,78.33397,332.77,0.48,0.4,2026-08-10,0822,N20,VIIRS,n,2.0NRT,301.29,3.89,D
13.99193,79.82552,339.29,0.39,0.44,2026-08-10,0822,N20,VIIRS,n,2.0NRT,297.06,5.74,D
14.15537,79.64816,330.71,0.38,0.43,2026-08-10,0822,N20,VIIRS,n,2.0NRT,299.53,2.06,D
14.21666,78.06795,339,0.47,0.4,2026-08-10,0822,N20,VIIRS,n,2.0NRT,299.95,7.05,D
14.21716,78.06883,346.62,0.47,0.4,2026-08-10,0822,N20,VIIRS,n,2.0NRT,299.61,10,D
14.14986,77.24381,345.82,0.43,0.38,2026-08-10,0822,N20,VIIRS,n,2.0NRT,300.49,4.95,D
14.14929,77.23981,335.55,0.43,0.38,2026-08-10,0822,N20,VIIRS,n,2.0NRT,300.64,4.95,D
14.14816,77.2318,341.68,0.43,0.38,2026-08-10,0822,N20,VIIRS,n,2.0NRT,299.93,3.9,D
14.15165,77.23126,349.09,0.43,0.38,2026-08-10,0822,N20,VIIRS,n,2.0NRT,299.95,3.9,D
14.15458,77.22675,337.66,0.43,0.38,2026-08-10,0822,N20,VIIRS,n,2.0NRT,300.6,3.52,D
14.24873,77.45737,338.59,0.44,0.39,2026-08-10,0822,N20,VIIRS,n,2.0NRT,302.32,5.8,D
14.25226,77.45686,332.16,0.44,0.39,2026-08-10,0822,N20,VIIRS,n,2.0NRT,300.33,2.09,D
14.25112,77.44867,335.77,0.44,0.39,2026-08-10,0822,N20,VIIRS,n,2.0NRT,302.1,4.59,D
14.27824,77.43636,337.49,0.44,0.39,2026-08-10,0822,N20,VIIRS,n,2.0NRT,302.37,4.45,D
14.28235,77.43993,346.08,0.44,0.39,2026-08-10,0822,N20,VIIRS,n,2.0NRT,302.29,4.45,D
14.28178,77.43584,345.06,0.44,0.39,2026-08-10,0822,N20,VIIRS,n,2.0NRT,302.88,4.45,D
14.2812,77.43176,346.66,0.44,0.39,2026-08-10,0822,N20,VIIRS,n,2.0NRT,300.92,9.94,D
14.28646,77.44348,338.54,0.44,0.39,2026-08-10,0822,N20,VIIRS,n,2.0NRT,302.03,4.1,D
14.28884,77.43481,350.18,0.44,0.39,2026-08-10,0822,N20,VIIRS,n,2.0NRT,302.16,19.66,D
14.28827,77.43073,336,0.44,0.39,2026-08-10,0822,N20,VIIRS,n,2.0NRT,302.22,2.35,D
14.29706,77.44194,340.53,0.44,0.39,2026-08-10,0822,N20,VIIRS,n,2.0NRT,300.04,4.38,D
14.29591,77.43378,344.53,0.44,0.39,2026-08-10,0822,N20,VIIRS,n,2.0NRT,299.26,6.74,D
14.29648,77.43787,355.99,0.44,0.39,2026-08-10,0822,N20,VIIRS,l,2.0NRT,301.71,6.74,D
14.30471,77.44501,338.9,0.44,0.39,2026-08-10,0822,N20,VIIRS,n,2.0NRT,302.53,6.22,D
14.30413,77.44093,340.38,0.44,0.39,2026-08-10,0822,N20,VIIRS,n,2.0NRT,301.71,6.22,D
14.30239,77.42867,343.69,0.44,0.39,2026-08-10,0822,N20,VIIRS,n,2.0NRT,301.21,3.63,D
14.30181,77.42458,341.63,0.44,0.39,2026-08-10,0822,N20,VIIRS,n,2.0NRT,301.31,3.63,D
14.30297,77.43273,356.07,0.44,0.39,2026-08-10,0822,N20,VIIRS,l,2.0NRT,301.55,24.5,D
14.30592,77.42816,341.86,0.44,0.39,2026-08-10,0822,N20,VIIRS,n,2.0NRT,301.54,8.45,D
14.31236,77.44811,338.01,0.44,0.39,2026-08-10,0822,N20,VIIRS,n,2.0NRT,302.26,5.85,D
14.31178,77.44402,343.64,0.44,0.39,2026-08-10,0822,N20,VIIRS,n,2.0NRT,302.15,4.87,D
14.32301,77.42155,337.25,0.44,0.39,2026-08-10,0822,N20,VIIRS,n,2.0NRT,298.3,4.54,D
14.33184,77.40768,355.06,0.44,0.39,2026-08-10,0822,N20,VIIRS,n,2.0NRT,297.33,5.09,D
14.33125,77.40359,345.33,0.44,0.39,2026-08-10,0822,N20,VIIRS,n,2.0NRT,301.16,5.09,D
14.71122,79.80875,330.02,0.4,0.44,2026-08-10,0822,N20,VIIRS,n,2.0NRT,297.68,2.02,D
14.80234,79.93763,332.22,0.41,0.45,2026-08-10,0822,N20,VIIRS,n,2.0NRT,299.74,3.3,D
14.78591,79.71244,343.58,0.39,0.44,2026-08-10,0822,N20,VIIRS,n,2.0NRT,300.97,2.83,D
14.78995,79.71188,339.35,0.39,0.44,2026-08-10,0822,N20,VIIRS,n,2.0NRT,302.01,2.83,D
14.55706,77.39198,338.34,0.44,0.39,2026-08-10,0822,N20,VIIRS,n,2.0NRT,290.59,8.6,D
14.55707,77.39243,337.62,0.44,0.39,2026-08-10,0822,N20,VIIRS,n,2.0NRT,288.66,9.38,D
14.97224,80.03103,336.77,0.41,0.45,2026-08-10,0822,N20,VIIRS,n,2.0NRT,302.99,3.6,D
14.66078,77.3604,331.89,0.44,0.39,2026-08-10,0822,N20,VIIRS,n,2.0NRT,297.28,1.97,D
14.97743,79.43329,333,0.57,0.43,2026-08-10,0822,N20,VIIRS,n,2.0NRT,301.7,2.72,D
15.09287,79.96823,339.81,0.41,0.45,2026-08-10,0822,N20,VIIRS,n,2.0NRT,298.75,5.68,D
14.78169,77.37339,336.48,0.45,0.39,2026-08-10,0822,N20,VIIRS,n,2.0NRT,300.28,2.63,D
14.78524,77.37289,336.64,0.45,0.39,2026-08-10,0822,N20,VIIRS,n,2.0NRT,299.47,2.63,D
14.88878,78.10177,338.18,0.48,0.4,2026-08-10,0822,N20,VIIRS,n,2.0NRT,299.92,5.38,D
14.84694,77.79433,337.54,0.47,0.39,2026-08-10,0822,N20,VIIRS,n,2.0NRT,302.29,4.53,D
14.89306,78.10571,337.64,0.48,0.4,2026-08-10,0822,N20,VIIRS,n,2.0NRT,299.29,5.38,D
14.85055,77.79381,337.12,0.47,0.39,2026-08-10,0822,N20,VIIRS,n,2.0NRT,300.49,4.53,D
15.31365,79.78667,341.47,0.4,0.45,2026-08-10,0822,N20,VIIRS,n,2.0NRT,301.37,5.44,D
15.31296,79.78638,342.14,0.4,0.45,2026-08-10,0822,N20,VIIRS,n,2.0NRT,301.59,4.74,D
15.49235,79.8241,332.11,0.41,0.45,2026-08-10,0822,N20,VIIRS,n,2.0NRT,300.36,0.97,D
15.5248,79.9765,351.78,0.42,0.45,2026-08-10,0822,N20,VIIRS,n,2.0NRT,305.19,17.07,D
15.41795,78.95978,331.92,0.54,0.42,2026-08-10,0822,N20,VIIRS,n,2.0NRT,296.91,1.99,D
15.66667,80.24131,343.19,0.44,0.46,2026-08-10,0822,N20,VIIRS,n,2.0NRT,299.95,4.66,D
15.67091,80.24074,343.53,0.44,0.46,2026-08-10,0822,N20,VIIRS,n,2.0NRT,299.35,4.66,D
15.61103,79.78051,334.72,0.41,0.45,2026-08-10,0822,N20,VIIRS,n,2.0NRT,300.47,1.71,D
15.60812,79.18585,330.25,0.56,0.43,2026-08-10,0822,N20,VIIRS,n,2.0NRT,293.02,3.6,D
15.19627,76.08163,337.68,0.4,0.37,2026-08-10,0822,N20,VIIRS,n,2.0NRT,297.28,2.54,D
15.7542,79.77182,338.71,0.41,0.45,2026-08-10,0822,N20,VIIRS,n,2.0NRT,299.5,2.03,D
15.75783,79.76744,335.57,0.41,0.45,2026-08-10,0822,N20,VIIRS,n,2.0NRT,300.93,3.92,D
15.75735,79.76363,336.35,0.41,0.45,2026-08-10,0822,N20,VIIRS,n,2.0NRT,301.69,3.92,D
15.81728,79.80627,336.88,0.41,0.45,2026-08-10,0822,N20,VIIRS,n,2.0NRT,299.11,4.29,D
15.86669,79.77642,335.2,0.41,0.45,2026-08-10,0822,N20,VIIRS,n,2.0NRT,297.79,4.62,D
15.55135,76.48229,335.96,0.42,0.38,2026-08-10,0822,N20,VIIRS,n,2.0NRT,301.98,1.88,D
15.55479,76.48177,339.78,0.42,0.38,2026-08-10,0822,N20,VIIRS,n,2.0NRT,302.44,1.88,D
15.56179,76.03996,338.87,0.41,0.37,2026-08-10,0822,N20,VIIRS,n,2.0NRT,296.91,2.83,D
15.56125,76.03621,343.31,0.41,0.37,2026-08-10,0822,N20,VIIRS,n,2.0NRT,295.74,7.6,D
15.56572,76.0432,336.78,0.41,0.37,2026-08-10,0822,N20,VIIRS,n,2.0NRT,297.11,2.83,D
15.56518,76.03944,336.13,0.41,0.37,2026-08-10,0822,N20,VIIRS,n,2.0NRT,297.8,2.83,D
15.73907,76.86617,338.1,0.43,0.38,2026-08-10,0822,N20,VIIRS,n,2.0NRT,301.37,3,D
16.05512,78.06351,330.08,0.49,0.41,2026-08-10,0822,N20,VIIRS,n,2.0NRT,299.9,3.88,D
16.62461,80.19436,331.67,0.45,0.47,2026-08-10,0822,N20,VIIRS,n,2.0NRT,288.03,3.93,D
16.60608,75.57046,330,0.4,0.37,2026-08-10,0822,N20,VIIRS,n,2.0NRT,298.43,1.41,D
27.37869,95.33251,325.7,0.49,0.4,2026-08-10,1910,N20,VIIRS,n,2.0NRT,291.86,5.95,N
27.3791,95.08576,306.78,0.51,0.41,2026-08-10,1910,N20,VIIRS,n,2.0NRT,291.63,1.88,N
26.77439,94.50468,308.83,0.53,0.42,2026-08-10,1910,N20,VIIRS,n,2.0NRT,291.14,4.17,N
27.53482,95.39982,308.55,0.49,0.4,2026-08-10,1910,N20,VIIRS,n,2.0NRT,288.82,3.01,N
23.64963,85.43684,324.65,0.59,0.7,2026-08-10,1913,N20,VIIRS,n,2.0NRT,284.4,4.89,N
23.61654,86.78923,302.22,0.49,0.65,2026-08-10,1913,N20,VIIRS,n,2.0NRT,278.45,0.91,N
23.68155,86.0921,312.29,0.54,0.68,2026-08-10,1913,N20,VIIRS,n,2.0NRT,281.33,6.51,N
23.75644,85.85308,307.01,0.56,0.69,2026-08-10,1913,N20,VIIRS,n,2.0NRT,284.91,1.58,N
23.66453,87.15629,299.42,0.46,0.64,2026-08-10,1913,N20,VIIRS,n,2.0NRT,272.79,1.47,N
23.79861,86.34744,300.65,0.52,0.67,2026-08-10,1913,N20,VIIRS,n,2.0NRT,280.85,3.95,N
22.87483,86.0607,309.68,0.53,0.67,2026-08-10,1913,N20,VIIRS,n,2.0NRT,284,3.49,N
22.78907,86.20575,298.88,0.52,0.67,2026-08-10,1913,N20,VIIRS,n,2.0NRT,275.5,2.02,N
23.64957,85.43659,321.91,0.59,0.7,2026-08-10,1913,N20,VIIRS,n,2.0NRT,284.33,4.84,N
23.61393,86.78837,302.67,0.49,0.65,2026-08-10,1913,N20,VIIRS,n,2.0NRT,275.77,0.51,N
29.45847,76.86858,313.9,0.41,0.37,2026-08-10,2049,N20,VIIRS,n,2.0NRT,267.15,0.54,N
29.45921,76.86439,300.55,0.41,0.37,2026-08-10,2049,N20,VIIRS,n,2.0NRT,268.56,0.79,N
22.78977,86.20351,316.04,0.61,0.71,2026-08-10,2051,N20,VIIRS,n,2.0NRT,281.73,3.11,N
22.78837,86.20921,301.4,0.61,0.71,2026-08-10,2051,N20,VIIRS,n,2.0NRT,280.65,3.81,N
24.76402,74.60906,296.61,0.39,0.36,2026-08-10,2051,N20,VIIRS,n,2.0NRT,266.14,0.26,N
20.98444,85.12879,297.34,0.57,0.69,2026-08-10,2051,N20,VIIRS,n,2.0NRT,281.47,2.38,N
20.98315,85.13412,299.79,0.57,0.69,2026-08-10,2051,N20,VIIRS,n,2.0NRT,280.63,2.38,N
20.98612,85.1319,299.74,0.57,0.69,2026-08-10,2051,N20,VIIRS,n,2.0NRT,281.12,1.86,N
20.97995,85.1302,299.23,0.57,0.69,2026-08-10,2051,N20,VIIRS,n,2.0NRT,278.59,1.86,N
20.97868,85.13556,296.34,0.57,0.69,2026-08-10,2051,N20,VIIRS,n,2.0NRT,276.83,1.86,N
21.5029,81.81057,298.76,0.34,0.56,2026-08-10,2051,N20,VIIRS,n,2.0NRT,283.39,1.31,N
23.78147,85.5724,303.08,0.53,0.67,2026-08-10,2051,N20,VIIRS,n,2.0NRT,286.09,1.54,N
26.64114,79.47723,312.55,0.39,0.44,2026-08-10,2051,N20,VIIRS,n,2.0NRT,279.47,1.43,N
23.80698,86.32746,310.28,0.58,0.7,2026-08-10,2051,N20,VIIRS,n,2.0NRT,286.58,2.84,N
23.79513,86.34801,306.53,0.59,0.7,2026-08-10,2051,N20,VIIRS,n,2.0NRT,286.56,1.53,N
23.79377,86.35343,305.95,0.59,0.7,2026-08-10,2051,N20,VIIRS,n,2.0NRT,286.45,1.53,N
23.78405,86.33894,308.11,0.59,0.7,2026-08-10,2051,N20,VIIRS,n,2.0NRT,286.23,1.69,N
23.76862,86.4,304.07,0.59,0.7,2026-08-10,2051,N20,VIIRS,n,2.0NRT,286.21,1.93,N
23.76097,86.40368,303.25,0.59,0.7,2026-08-10,2051,N20,VIIRS,n,2.0NRT,285.83,1.93,N
23.73986,86.43388,312.4,0.59,0.7,2026-08-10,2051,N20,VIIRS,n,2.0NRT,285.6,2.78,N
26.25819,74.0951,303.12,0.38,0.36,2026-08-10,2051,N20,VIIRS,n,2.0NRT,279.57,0.52,N
23.76558,86.40242,313.51,0.59,0.7,2026-08-10,2051,N20,VIIRS,n,2.0NRT,286.18,3.01,N
23.714,86.44791,310.79,0.6,0.7,2026-08-10,2051,N20,VIIRS,n,2.0NRT,285.56,1.86,N
23.70771,86.44617,305.44,0.6,0.7,2026-08-10,2051,N20,VIIRS,n,2.0NRT,285.45,1.86,N
23.73844,86.43079,311.63,0.6,0.7,2026-08-10,2051,N20,VIIRS,n,2.0NRT,285.34,3.82,N
23.78639,85.55227,305.35,0.52,0.67,2026-08-10,2051,N20,VIIRS,n,2.0NRT,285.84,1.12,N
23.66668,86.09091,303.34,0.57,0.69,2026-08-10,2051,N20,VIIRS,n,2.0NRT,282.28,1.72,N
23.69786,86.07152,301.54,0.57,0.69,2026-08-10,2051,N20,VIIRS,n,2.0NRT,283.28,0.89,N
23.67991,86.39603,309.85,0.59,0.7,2026-08-10,2051,N20,VIIRS,n,2.0NRT,285.26,1.76,N
23.68129,86.39057,306.83,0.59,0.7,2026-08-10,2051,N20,VIIRS,n,2.0NRT,284.28,1.76,N
23.68758,86.39223,307.96,0.59,0.7,2026-08-10,2051,N20,VIIRS,n,2.0NRT,284.39,1.76,N
23.69555,85.37071,315.69,0.51,0.66,2026-08-10,2051,N20,VIIRS,n,2.0NRT,285.82,1.99,N
23.69679,85.28837,305.54,0.51,0.66,2026-08-10,2051,N20,VIIRS,n,2.0NRT,285.43,1.24,N
23.64775,85.43591,313.62,0.52,0.67,2026-08-10,2051,N20,VIIRS,n,2.0NRT,285.97,3.12,N
23.64651,85.44092,299.89,0.52,0.67,2026-08-10,2051,N20,VIIRS,n,2.0NRT,285.48,2.44,N
23.69436,85.36815,313.48,0.51,0.66,2026-08-10,2051,N20,VIIRS,n,2.0NRT,285.85,2.07,N
23.65179,85.44008,303.94,0.52,0.67,2026-08-10,2051,N20,VIIRS,n,2.0NRT,285.59,1.75,N
23.64582,85.43847,305.49,0.52,0.67,2026-08-10,2051,N20,VIIRS,n,2.0NRT,285.98,1.62,N
22.87393,86.06034,307.16,0.59,0.7,2026-08-10,2051,N20,VIIRS,n,2.0NRT,283.18,1.92,N
22.79116,86.1979,302.84,0.6,0.71,2026-08-10,2051,N20,VIIRS,n,2.0NRT,282.17,3.11,N
18.85651,72.9276,318.01,0.39,0.36,2026-08-10,2053,N20,VIIRS,n,2.0NRT,291.75,3.46,N
9.29199,77.49243,307.91,0.6,0.53,2026-08-10,2055,N20,VIIRS,n,2.0NRT,288.83,1.1,N
8.61649,77.94954,307.5,0.33,0.55,2026-08-10,2055,N20,VIIRS,n,2.0NRT,290.66,2.86,N
9.28053,77.3913,310.02,0.59,0.53,2026-08-10,2055,N20,VIIRS,n,2.0NRT,289.07,0.93,N
9.52623,77.45048,305.38,0.59,0.53,2026-08-10,2055,N20,VIIRS,n,2.0NRT,289.57,1.66,N
9.52703,77.44603,308.2,0.59,0.53,2026-08-10,2055,N20,VIIRS,n,2.0NRT,289.82,1.66,N
9.53123,77.45007,347.58,0.59,0.53,2026-08-10,2055,N20,VIIRS,n,2.0NRT,291.65,10.75,N
9.53198,77.44591,338.6,0.59,0.53,2026-08-10,2055,N20,VIIRS,n,2.0NRT,290.4,10.75,N
9.70288,77.59147,311.67,0.6,0.53,2026-08-10,2055,N20,VIIRS,n,2.0NRT,287.62,3.19,N
9.70375,77.58665,313.21,0.6,0.53,2026-08-10,2055,N20,VIIRS,n,2.0NRT,288.09,3.65,N
9.76019,77.70898,302.96,0.6,0.53,2026-08-10,2055,N20,VIIRS,n,2.0NRT,281.93,0.97,N
27.24048,88.30505,337.86,0.56,0.69,2026-08-11,0625,N20,VIIRS,n,2.0NRT,288.55,8.53,D
27.773,95.53599,330.11,0.4,0.44,2026-08-11,0625,N20,VIIRS,l,2.0NRT,301.53,3.4,D
27.80815,95.56168,329.71,0.4,0.44,2026-08-11,0625,N20,VIIRS,l,2.0NRT,302.02,4.04,D
27.77858,95.54299,330.41,0.4,0.44,2026-08-11,0625,N20,VIIRS,l,2.0NRT,301.45,4.04,D
27.95623,95.60721,329.33,0.4,0.44,2026-08-11,0625,N20,VIIRS,l,2.0NRT,303.16,3.79,D
28.06727,95.37943,332.36,0.41,0.45,2026-08-11,0625,N20,VIIRS,n,2.0NRT,302.15,7.23,D
28.06329,95.35921,332.38,0.41,0.45,2026-08-11,0625,N20,VIIRS,n,2.0NRT,302.57,5.03,D
28.06248,95.35514,334.09,0.41,0.45,2026-08-11,0625,N20,VIIRS,n,2.0NRT,303.28,5.03,D
27.72578,95.4888,331.18,0.41,0.45,2026-08-11,0625,N20,VIIRS,l,2.0NRT,301.39,6.21,D
27.24228,88.3063,334.79,0.56,0.69,2026-08-11,0625,N20,VIIRS,n,2.0NRT,289.05,7.74,D
27.24037,88.29879,325.72,0.56,0.69,2026-08-11,0625,N20,VIIRS,n,2.0NRT,289.41,6.31,D
12.80698,79.95535,331.35,0.38,0.36,2026-08-11,0803,N20,VIIRS,l,2.0NRT,301.86,3.13,D
15.17736,76.65829,331.25,0.43,0.38,2026-08-11,0805,N20,VIIRS,l,2.0NRT,294.65,3.42,D
15.7331,79.90997,337.28,0.39,0.36,2026-08-11,0805,N20,VIIRS,n,2.0NRT,303.13,4.5,D
16.33412,80.46732,331.58,0.4,0.37,2026-08-11,0805,N20,VIIRS,n,2.0NRT,301.36,1.98,D
16.2183,79.40965,332.77,0.39,0.36,2026-08-11,0805,N20,VIIRS,l,2.0NRT,302.94,1.93,D
16.19033,79.22364,334.87,0.38,0.36,2026-08-11,0805,N20,VIIRS,n,2.0NRT,303.11,2.61,D
16.18979,79.22009,330.28,0.38,0.36,2026-08-11,0805,N20,VIIRS,l,2.0NRT,303.52,2.61,D
16.18925,79.21652,335,0.38,0.36,2026-08-11,0805,N20,VIIRS,n,2.0NRT,303.43,4.39,D
16.19309,79.21957,331.36,0.38,0.36,2026-08-11,0805,N20,VIIRS,l,2.0NRT,304.15,2.61,D
16.42483,80.22822,336.66,0.4,0.37,2026-08-11,0805,N20,VIIRS,n,2.0NRT,300.14,6.94,D
16.93329,80.66364,331.57,0.41,0.37,2026-08-11,0805,N20,VIIRS,n,2.0NRT,298.95,2.12,D
17.09067,81.20401,330.65,0.43,0.38,2026-08-11,0805,N20,VIIRS,n,2.0NRT,296.48,2.17,D
16.86279,78.9577,331.33,0.38,0.36,2026-08-11,0805,N20,VIIRS,n,2.0NRT,296.12,1.33,D
17.14918,80.78049,336.76,0.42,0.37,2026-08-11,0805,N20,VIIRS,n,2.0NRT,298.11,2.56,D
17.23456,81.26965,334.53,0.43,0.38,2026-08-11,0805,N20,VIIRS,n,2.0NRT,294.2,4.12,D
16.90999,78.88714,334.77,0.38,0.36,2026-08-11,0805,N20,VIIRS,n,2.0NRT,297.88,4.99,D
17.1221,79.64639,337.06,0.39,0.36,2026-08-11,0805,N20,VIIRS,n,2.0NRT,301.15,5.15,D
17.95493,80.79514,330.24,0.42,0.38,2026-08-11,0805,N20,VIIRS,n,2.0NRT,297.51,4.55,D
17.9502,79.46566,342.37,0.39,0.36,2026-08-11,0805,N20,VIIRS,n,2.0NRT,299.18,3.99,D
18.7149,79.54169,330.71,0.39,0.36,2026-08-11,0805,N20,VIIRS,l,2.0NRT,301.37,3.21,D
16.77258,80.1543,338.17,0.4,0.37,2026-08-11,0805,N20,VIIRS,n,2.0NRT,299.02,4.91,D
24.16899,82.62115,335.93,0.4,0.44,2026-08-11,0805,N20,VIIRS,n,2.0NRT,294.08,4.32,D
25.94187,72.19154,334,0.51,0.41,2026-08-11,0805,N20,VIIRS,n,2.0NRT,292.66,2.2,D
13.36676,80.1537,345.95,0.39,0.36,2026-08-11,0805,N20,VIIRS,n,2.0NRT,303.24,3.85,D
13.41835,80.20307,332.78,0.39,0.36,2026-08-11,0805,N20,VIIRS,n,2.0NRT,295.71,2.27,D
14.44843,77.61977,337,0.41,0.37,2026-08-11,0805,N20,VIIRS,l,2.0NRT,301.74,7.37,D
14.79032,79.71083,337.76,0.39,0.36,2026-08-11,0805,N20,VIIRS,l,2.0NRT,307.86,4.16,D
14.79469,79.71741,347.18,0.39,0.36,2026-08-11,0805,N20,VIIRS,n,2.0NRT,307.65,6.21,D
14.798,79.71689,336.59,0.39,0.36,2026-08-11,0805,N20,VIIRS,n,2.0NRT,304.42,3.3,D
15.55267,80.06813,340.26,0.39,0.36,2026-08-11,0805,N20,VIIRS,n,2.0NRT,306.64,6.58,D
15.63307,79.89992,348.35,0.39,0.36,2026-08-11,0805,N20,VIIRS,n,2.0NRT,312.43,36.14,D
15.68148,79.9514,338.38,0.39,0.36,2026-08-11,0805,N20,VIIRS,n,2.0NRT,303.04,6.19,D
22.35736,82.30417,338.94,0.55,0.43,2026-08-11,0807,N20,VIIRS,n,2.0NRT,294.1,6.84,D
25.56323,88.43333,295.19,0.79,0.78,2026-08-11,1851,N20,VIIRS,n,2.0NRT,284.91,9.22,N
25.56276,88.4414,295.25,0.79,0.78,2026-08-11,1851,N20,VIIRS,n,2.0NRT,285.08,8.44,N
28.66428,77.57787,311.08,0.4,0.37,2026-08-11,2032,N20,VIIRS,n,2.0NRT,292.87,3.12,N
28.37074,77.26344,310.58,0.4,0.37,2026-08-11,2032,N20,VIIRS,n,2.0NRT,293.01,1.82,N
28.35049,77.2597,307.19,0.4,0.37,2026-08-11,2032,N20,VIIRS,n,2.0NRT,293.07,1.43,N
28.34712,77.25909,311.4,0.4,0.37,2026-08-11,2032,N20,VIIRS,n,2.0NRT,292.85,1.43,N
28.2789,77.27592,309.9,0.4,0.37,2026-08-11,2032,N20,VIIRS,n,2.0NRT,293.16,1.41,N
25.03829,87.38792,312.24,0.32,0.55,2026-08-11,2032,N20,VIIRS,n,2.0NRT,289.55,1.33,N
21.00171,86.02567,299.76,0.32,0.55,2026-08-11,2034,N20,VIIRS,n,2.0NRT,275.18,1.8,N
23.48966,87.36847,299.79,0.35,0.57,2026-08-11,2034,N20,VIIRS,n,2.0NRT,279.76,0.68,N
23.48532,87.36385,304.55,0.35,0.57,2026-08-11,2034,N20,VIIRS,n,2.0NRT,283.06,0.99,N
23.70853,86.07167,334.03,0.57,0.52,2026-08-11,2034,N20,VIIRS,n,2.0NRT,286.49,5.48,N
23.68402,86.0943,308.31,0.57,0.52,2026-08-11,2034,N20,VIIRS,n,2.0NRT,286.07,3.13,N
23.78876,85.55288,309.98,0.53,0.5,2026-08-11,2034,N20,VIIRS,n,2.0NRT,284.02,1.73,N
23.78448,85.57327,301.1,0.53,0.5,2026-08-11,2034,N20,VIIRS,n,2.0NRT,280.68,1.13,N
23.67584,86.08637,306.11,0.57,0.52,2026-08-11,2034,N20,VIIRS,n,2.0NRT,285.48,4.23,N
23.66999,86.09066,303.96,0.57,0.52,2026-08-11,2034,N20,VIIRS,n,2.0NRT,284.6,1.71,N
23.69359,85.3704,315.89,0.52,0.5,2026-08-11,2034,N20,VIIRS,n,2.0NRT,285.62,2.47,N
23.69675,85.28836,307.4,0.51,0.49,2026-08-11,2034,N20,VIIRS,n,2.0NRT,285.43,1.63,N
23.65083,85.43866,318.02,0.52,0.5,2026-08-11,2034,N20,VIIRS,n,2.0NRT,281.33,2.44,N
23.64632,85.43761,311.42,0.52,0.5,2026-08-11,2034,N20,VIIRS,n,2.0NRT,281.57,2.44,N
23.8256,84.57082,297.59,0.46,0.47,2026-08-11,2034,N20,VIIRS,n,2.0NRT,276.05,0.59,N
23.65055,85.43652,311.66,0.52,0.5,2026-08-11,2034,N20,VIIRS,n,2.0NRT,281.85,2.29,N
23.64951,85.4416,316.71,0.52,0.5,2026-08-11,2034,N20,VIIRS,n,2.0NRT,281.08,2.28,N
22.38033,87.27895,323.37,0.36,0.58,2026-08-11,2034,N20,VIIRS,n,2.0NRT,287.49,1.93,N
22.3811,87.27553,304.46,0.36,0.58,2026-08-11,2034,N20,VIIRS,n,2.0NRT,286.85,3.78,N
22.37956,87.28238,306.74,0.36,0.58,2026-08-11,2034,N20,VIIRS,n,2.0NRT,287.13,1.93,N
22.37516,87.27764,305.35,0.36,0.58,2026-08-11,2034,N20,VIIRS,n,2.0NRT,287.22,1.93,N
22.37052,87.29823,305.28,0.36,0.58,2026-08-11,2034,N20,VIIRS,n,2.0NRT,286.59,1.59,N
22.38022,87.27884,326.55,0.36,0.58,2026-08-11,2034,N20,VIIRS,n,2.0NRT,287.72,2.67,N
22.37947,87.28227,312.67,0.36,0.58,2026-08-11,2034,N20,VIIRS,n,2.0NRT,287.39,2.67,N
22.37055,87.29816,306.46,0.36,0.58,2026-08-11,2034,N20,VIIRS,n,2.0NRT,286.41,1.7,N
22.36096,87.29205,303.43,0.36,0.58,2026-08-11,2034,N20,VIIRS,n,2.0NRT,286.16,1.53,N
22.05571,88.12351,308.61,0.42,0.61,2026-08-11,2034,N20,VIIRS,n,2.0NRT,273.33,2.39,N
22.05482,88.12746,303.38,0.42,0.61,2026-08-11,2034,N20,VIIRS,n,2.0NRT,273.33,2.13,N
21.96473,83.7708,299.18,0.44,0.46,2026-08-11,2034,N20,VIIRS,n,2.0NRT,278.46,1.31,N
21.23481,79.62927,307.62,0.42,0.38,2026-08-11,2034,N20,VIIRS,n,2.0NRT,288.67,1.19,N
19.10163,82.17058,303.57,0.4,0.44,2026-08-11,2034,N20,VIIRS,n,2.0NRT,289.52,0.72,N
17.95963,80.79234,310.82,0.52,0.42,2026-08-11,2034,N20,VIIRS,n,2.0NRT,291.78,2.29,N
17.95876,80.79718,309.9,0.52,0.42,2026-08-11,2034,N20,VIIRS,n,2.0NRT,292.35,2.29,N
13.89893,76.56593,308.17,0.39,0.36,2026-08-11,2036,N20,VIIRS,n,2.0NRT,290.63,0.93,N
13.15991,80.28368,303.75,0.38,0.43,2026-08-11,2036,N20,VIIRS,n,2.0NRT,278.56,1.01,N
13.39343,80.10166,305.49,0.56,0.43,2026-08-11,2036,N20,VIIRS,n,2.0NRT,286.45,1.32,N
15.024,78.01444,313.7,0.42,0.38,2026-08-11,2036,N20,VIIRS,n,2.0NRT,292.96,2.51,N
14.87312,78.05287,318.43,0.42,0.38,2026-08-11,2036,N20,VIIRS,n,2.0NRT,292.77,2.14,N
15.18219,76.66824,300.27,0.39,0.36,2026-08-11,2036,N20,VIIRS,n,2.0NRT,280.55,0.65,N
15.18492,76.6724,298.67,0.39,0.36,2026-08-11,2036,N20,VIIRS,n,2.0NRT,282.84,0.65,N
14.93165,78.33964,306.82,0.43,0.38,2026-08-11,2036,N20,VIIRS,n,2.0NRT,293.13,2.28,N
17.03654,81.80577,297.07,0.41,0.45,2026-08-11,2036,N20,VIIRS,n,2.0NRT,273.19,0.62,N
17.02847,81.78075,298.82,0.41,0.45,2026-08-11,2036,N20,VIIRS,n,2.0NRT,274.49,0.4,N
9.53981,77.45353,319.07,0.45,0.39,2026-08-11,2038,N20,VIIRS,n,2.0NRT,289.29,1.88,N
9.52236,77.44857,302.37,0.45,0.39,2026-08-11,2038,N20,VIIRS,n,2.0NRT,288.56,0.8,N
9.52275,77.44942,306.38,0.45,0.39,2026-08-11,2038,N20,VIIRS,n,2.0NRT,288.27,0.91,N
9.48627,77.62683,305.24,0.46,0.39,2026-08-11,2038,N20,VIIRS,n,2.0NRT,290.59,0.7,N
9.20908,77.63577,341.99,0.59,0.52,2026-08-12,0744,N20,VIIRS,n,2.0NRT,299.03,10.1,D
9.20449,77.60951,335.56,0.59,0.53,2026-08-12,0744,N20,VIIRS,n,2.0NRT,297.11,5.87,D
9.6383,78.88969,341.3,0.47,0.48,2026-08-12,0744,N20,VIIRS,n,2.0NRT,297.69,4.82,D
9.97957,79.08302,332.1,0.45,0.47,2026-08-12,0744,N20,VIIRS,n,2.0NRT,297.91,1.8,D
10.04167,78.29845,331.42,0.51,0.49,2026-08-12,0744,N20,VIIRS,n,2.0NRT,296.96,2.56,D
9.91037,77.56055,335.31,0.58,0.52,2026-08-12,0744,N20,VIIRS,n,2.0NRT,298.69,4.17,D
10.39741,79.03778,333.73,0.45,0.47,2026-08-12,0744,N20,VIIRS,n,2.0NRT,295.39,2.55,D
10.77627,79.65818,343,0.41,0.45,2026-08-12,0744,N20,VIIRS,n,2.0NRT,299.1,4.94,D
10.85851,78.56897,338.97,0.47,0.48,2026-08-12,0744,N20,VIIRS,n,2.0NRT,298.55,3.13,D
10.83158,79.46785,330.5,0.42,0.45,2026-08-12,0744,N20,VIIRS,n,2.0NRT,299.45,3.6,D
10.9262,78.90511,330.07,0.45,0.47,2026-08-12,0744,N20,VIIRS,l,2.0NRT,300.63,1.95,D
10.87308,78.57518,330.32,0.47,0.48,2026-08-12,0744,N20,VIIRS,n,2.0NRT,297.91,2.05,D
11.11998,79.63828,333.57,0.4,0.44,2026-08-12,0744,N20,VIIRS,n,2.0NRT,297.67,2.63,D
21.92081,83.35064,346.59,0.39,0.36,2026-08-12,0746,N20,VIIRS,n,2.0NRT,298.87,6.75,D
18.08656,81.24291,335.15,0.41,0.37,2026-08-12,0746,N20,VIIRS,n,2.0NRT,289.21,39.17,D
18.08593,81.23905,356.33,0.41,0.37,2026-08-12,0746,N20,VIIRS,l,2.0NRT,289.08,39.17,D
21.67827,84.03967,331.58,0.4,0.37,2026-08-12,0746,N20,VIIRS,n,2.0NRT,290.3,3.11,D
21.74458,83.84264,341.87,0.4,0.37,2026-08-12,0746,N20,VIIRS,n,2.0NRT,296.36,4.97,D
21.74793,83.8421,345.22,0.4,0.37,2026-08-12,0746,N20,VIIRS,n,2.0NRT,295.9,11.51,D
21.75521,83.84486,343.61,0.4,0.37,2026-08-12,0746,N20,VIIRS,n,2.0NRT,296.36,7.93,D
21.76248,83.8476,331.66,0.4,0.37,2026-08-12,0746,N20,VIIRS,n,2.0NRT,295.62,4.06,D
22.35893,82.30504,333.67,0.38,0.36,2026-08-12,0746,N20,VIIRS,n,2.0NRT,296.06,6.54,D
23.82221,84.57487,333.58,0.43,0.38,2026-08-12,0746,N20,VIIRS,n,2.0NRT,293.93,6.54,D
25.46093,83.1405,335.44,0.4,0.37,2026-08-12,0748,N20,VIIRS,n,2.0NRT,303.7,5.37,D
25.45755,83.14108,336.4,0.4,0.37,2026-08-12,0748,N20,VIIRS,n,2.0NRT,304.34,5.37,D
25.33686,83.10394,330.3,0.4,0.37,2026-08-12,0748,N20,VIIRS,l,2.0NRT,301.23,2.78,D
29.73349,78.01696,332.85,0.41,0.37,2026-08-12,0748,N20,VIIRS,l,2.0NRT,303.52,5.29,D
25.4643,83.13992,333.19,0.4,0.37,2026-08-12,0748,N20,VIIRS,n,2.0NRT,302.7,5.43,D
29.32052,74.35227,338.87,0.4,0.45,2026-08-12,0748,N20,VIIRS,n,2.0NRT,292.64,3.8,D
31.49857,75.84365,330.44,0.47,0.4,2026-08-12,0750,N20,VIIRS,l,2.0NRT,301.14,5.11,D
28.65299,77.58749,312.79,0.43,0.46,2026-08-12,2014,N20,VIIRS,n,2.0NRT,291.13,1.18,N
26.64241,79.47778,308.34,0.48,0.4,2026-08-12,2014,N20,VIIRS,n,2.0NRT,291.33,1.15,N
25.94514,72.18692,321.54,0.43,0.62,2026-08-12,2014,N20,VIIRS,n,2.0NRT,254.36,3.17,N
24.20732,82.70832,305.55,0.38,0.36,2026-08-12,2014,N20,VIIRS,n,2.0NRT,281.68,0.58,N
24.20403,82.7077,305.63,0.38,0.36,2026-08-12,2014,N20,VIIRS,n,2.0NRT,281.62,0.58,N
24.20345,82.71145,304.55,0.38,0.36,2026-08-12,2014,N20,VIIRS,n,2.0NRT,281.36,1.3,N
24.19957,82.71458,303.79,0.38,0.36,2026-08-12,2014,N20,VIIRS,n,2.0NRT,280.69,0.71,N
24.1854,82.6541,306.41,0.38,0.36,2026-08-12,2014,N20,VIIRS,n,2.0NRT,284.83,0.91,N
24.17882,82.65287,307.32,0.38,0.36,2026-08-12,2014,N20,VIIRS,n,2.0NRT,284.87,0.93,N
24.16979,82.62099,318.69,0.38,0.36,2026-08-12,2014,N20,VIIRS,n,2.0NRT,284.07,1.06,N
24.16861,82.62848,309.23,0.38,0.36,2026-08-12,2014,N20,VIIRS,n,2.0NRT,284.02,1.19,N
24.1692,82.62474,306.16,0.38,0.36,2026-08-12,2014,N20,VIIRS,n,2.0NRT,283.65,1.06,N
24.16145,82.631,302.49,0.38,0.36,2026-08-12,2014,N20,VIIRS,n,2.0NRT,283.59,0.98,N
24.16228,82.60419,304.2,0.38,0.36,2026-08-12,2014,N20,VIIRS,n,2.0NRT,283.57,0.44,N
24.13923,82.70773,305.69,0.38,0.36,2026-08-12,2014,N20,VIIRS,n,2.0NRT,283.81,0.59,N
23.82724,84.57159,297.82,0.41,0.37,2026-08-12,2014,N20,VIIRS,n,2.0NRT,267.25,0.81,N
23.8232,84.57487,301.72,0.41,0.37,2026-08-12,2014,N20,VIIRS,n,2.0NRT,266.67,0.81,N
27.46261,95.47537,305.77,0.46,0.63,2026-08-12,2014,N20,VIIRS,n,2.0NRT,286.53,1.76,N
21.1945,81.39828,317.88,0.39,0.36,2026-08-12,2017,N20,VIIRS,n,2.0NRT,289.66,2.1,N
21.18358,81.3812,311.86,0.39,0.36,2026-08-12,2017,N20,VIIRS,n,2.0NRT,289.77,0.96,N
21.18085,81.37692,303.51,0.39,0.36,2026-08-12,2017,N20,VIIRS,n,2.0NRT,287.71,0.96,N
21.33706,78.96845,302.49,0.45,0.39,2026-08-12,2017,N20,VIIRS,n,2.0NRT,282.99,0.67,N
21.24927,79.2072,305.11,0.44,0.38,2026-08-12,2017,N20,VIIRS,n,2.0NRT,284.2,1.17,N
21.24867,79.2114,303.02,0.44,0.38,2026-08-12,2017,N20,VIIRS,n,2.0NRT,284.09,0.95,N
21.24339,79.22346,305.21,0.44,0.38,2026-08-12,2017,N20,VIIRS,n,2.0NRT,284.65,1.06,N
11.76602,77.00774,317.57,0.44,0.39,2026-08-12,2017,N20,VIIRS,n,2.0NRT,280.34,1.88,N
11.15497,77.94162,302.25,0.41,0.37,2026-08-12,2017,N20,VIIRS,n,2.0NRT,282,0.49,N
10.92405,78.51392,312.26,0.39,0.36,2026-08-12,2017,N20,VIIRS,n,2.0NRT,283.96,1.39,N
10.92072,78.51337,318.72,0.39,0.36,2026-08-12,2017,N20,VIIRS,n,2.0NRT,284.41,1.39,N
10.92998,77.0639,306.78,0.43,0.38,2026-08-12,2017,N20,VIIRS,n,2.0NRT,281.66,0.97,N
10.6178,77.42089,304.49,0.42,0.37,2026-08-12,2017,N20,VIIRS,n,2.0NRT,284.63,0.51,N
22.35889,82.30314,320.33,0.38,0.36,2026-08-12,2017,N20,VIIRS,n,2.0NRT,276.69,1.44,N
22.3556,82.30254,305.44,0.38,0.36,2026-08-12,2017,N20,VIIRS,n,2.0NRT,277.28,1.44,N
22.08837,83.11952,312.44,0.39,0.36,2026-08-12,2017,N20,VIIRS,n,2.0NRT,286.71,1.96,N
22.04029,83.3499,304.76,0.39,0.36,2026-08-12,2017,N20,VIIRS,n,2.0NRT,277.92,0.99,N
22.03967,83.35366,301.84,0.39,0.36,2026-08-12,2017,N20,VIIRS,n,2.0NRT,278.65,1.25,N
21.92591,83.34019,309.86,0.39,0.36,2026-08-12,2017,N20,VIIRS,n,2.0NRT,273.82,1.13,N
21.92404,83.35147,309.96,0.39,0.36,2026-08-12,2017,N20,VIIRS,n,2.0NRT,273.67,2.05,N
21.92072,83.35084,327.23,0.39,0.36,2026-08-12,2017,N20,VIIRS,n,2.0NRT,274.68,2.05,N
21.91678,83.35397,300.5,0.39,0.36,2026-08-12,2017,N20,VIIRS,n,2.0NRT,272.91,0.45,N
21.98617,82.01643,300.01,0.38,0.36,2026-08-12,2017,N20,VIIRS,n,2.0NRT,280.39,0.58,N
21.31084,81.59235,309.73,0.39,0.36,2026-08-12,2017,N20,VIIRS,n,2.0NRT,287.69,1.27,N
21.29379,81.59311,305.98,0.39,0.36,2026-08-12,2017,N20,VIIRS,n,2.0NRT,287.1,0.81,N
21.2455,81.77003,307.98,0.38,0.36,2026-08-12,2017,N20,VIIRS,n,2.0NRT,289.21,1.85,N
21.21967,81.39117,307.04,0.39,0.36,2026-08-12,2017,N20,VIIRS,n,2.0NRT,289.54,0.82,N
21.18847,81.39343,306.85,0.39,0.36,2026-08-12,2017,N20,VIIRS,n,2.0NRT,290.45,1.17,N
14.1833,79.55907,304.67,0.39,0.36,2026-08-12,2019,N20,VIIRS,n,2.0NRT,280.86,1.34,N
15.33402,76.28646,299.45,0.52,0.42,2026-08-12,2019,N20,VIIRS,n,2.0NRT,281.96,1.35,N
12.85167,79.90427,341.34,0.38,0.36,2026-08-12,2019,N20,VIIRS,n,2.0NRT,285.65,9.3,N
15.33323,76.28339,300.09,0.53,0.42,2026-08-12,2019,N20,VIIRS,n,2.0NRT,281.15,1.13,N
8.67153,77.9933,304.22,0.39,0.36,2026-08-12,2019,N20,VIIRS,n,2.0NRT,283.63,1.2,N
25.93983,72.19559,309.26,0.66,0.73,2026-08-12,2153,N20,VIIRS,n,2.0NRT,271.73,2.05,N
25.9415,72.18927,302.41,0.66,0.73,2026-08-12,2153,N20,VIIRS,n,2.0NRT,269.33,2.05,N
25.94436,72.19416,319,0.66,0.73,2026-08-12,2153,N20,VIIRS,n,2.0NRT,274.44,1.92,N
9.61558,78.6358,334.43,0.52,0.67,2026-08-13,0724,N20,VIIRS,n,2.0NRT,288.79,3.4,D
9.88432,78.81351,331.34,0.5,0.66,2026-08-13,0724,N20,VIIRS,n,2.0NRT,290.97,3.15,D
25.2817,87.65293,335.42,0.4,0.37,2026-08-13,0729,N20,VIIRS,n,2.0NRT,294.09,2.39,D
23.67608,86.39724,331.99,0.38,0.36,2026-08-13,0729,N20,VIIRS,n,2.0NRT,292.81,5.77,D
23.67665,86.40098,333.86,0.38,0.36,2026-08-13,0729,N20,VIIRS,n,2.0NRT,294.06,4.48,D
23.68266,86.39605,333.38,0.38,0.36,2026-08-13,0729,N20,VIIRS,n,2.0NRT,292.81,3.35,D
23.8039,86.32387,339.14,0.38,0.36,2026-08-13,0729,N20,VIIRS,n,2.0NRT,291.69,5.76,D
23.79478,86.35245,333.48,0.38,0.36,2026-08-13,0729,N20,VIIRS,n,2.0NRT,291.92,3.78,D
23.78022,86.38969,334.79,0.38,0.36,2026-08-13,0729,N20,VIIRS,n,2.0NRT,294.71,3.65,D
23.77693,86.39029,334.95,0.38,0.36,2026-08-13,0729,N20,VIIRS,n,2.0NRT,293.98,3.65,D
23.7655,86.40389,339.52,0.38,0.36,2026-08-13,0729,N20,VIIRS,n,2.0NRT,294.25,5.14,D
23.76221,86.40449,340.79,0.38,0.36,2026-08-13,0729,N20,VIIRS,n,2.0NRT,294.95,4.42,D
23.75834,86.40134,333.68,0.38,0.36,2026-08-13,0729,N20,VIIRS,n,2.0NRT,294.78,4.42,D
23.71159,86.45226,346.75,0.38,0.36,2026-08-13,0729,N20,VIIRS,n,2.0NRT,295.82,8.25,D
23.68537,86.39171,330.93,0.38,0.36,2026-08-13,0729,N20,VIIRS,n,2.0NRT,292.41,3.35,D
26.93147,92.41478,342.18,0.45,0.47,2026-08-13,0729,N20,VIIRS,n,2.0NRT,293.5,6.62,D
26.89398,93.03973,342.38,0.49,0.49,2026-08-13,0729,N20,VIIRS,n,2.0NRT,293.88,6.64,D
29.06069,79.5211,330.18,0.39,0.44,2026-08-13,0731,N20,VIIRS,n,2.0NRT,297.26,3.85,D
22.05233,88.12492,307.35,0.39,0.36,2026-08-13,1955,N20,VIIRS,n,2.0NRT,290.93,1.41,N
22.05295,88.12115,313.37,0.39,0.36,2026-08-13,1955,N20,VIIRS,n,2.0NRT,290.19,1.41,N
22.06353,88.11928,312.11,0.39,0.36,2026-08-13,1955,N20,VIIRS,n,2.0NRT,290.33,5.62,N
22.06291,88.12305,322.96,0.39,0.36,2026-08-13,1955,N20,VIIRS,n,2.0NRT,290.8,7.71,N
22.06685,88.11991,311.52,0.39,0.36,2026-08-13,1955,N20,VIIRS,n,2.0NRT,290.01,2.32,N
22.06623,88.12367,330.11,0.39,0.36,2026-08-13,1955,N20,VIIRS,n,2.0NRT,290.98,3.02,N
23.69424,86.07922,300.84,0.4,0.37,2026-08-13,1955,N20,VIIRS,n,2.0NRT,284.35,0.7,N
23.69758,86.0798,298.91,0.4,0.37,2026-08-13,1955,N20,VIIRS,n,2.0NRT,284.13,0.7,N
23.75229,86.4147,299.86,0.39,0.36,2026-08-13,1955,N20,VIIRS,n,2.0NRT,284.89,1.37,N
23.75734,86.40388,307.4,0.39,0.36,2026-08-13,1955,N20,VIIRS,n,2.0NRT,285.38,1.18,N
23.76066,86.40447,303.03,0.39,0.36,2026-08-13,1955,N20,VIIRS,n,2.0NRT,286.09,0.83,N
23.76123,86.40067,307.01,0.39,0.36,2026-08-13,1955,N20,VIIRS,n,2.0NRT,284.53,0.83,N
23.76397,86.40507,300.84,0.39,0.36,2026-08-13,1955,N20,VIIRS,n,2.0NRT,285.27,0.83,N
17.06605,76.97811,296.17,0.33,0.56,2026-08-13,1957,N20,VIIRS,n,2.0NRT,268.56,0.29,N
9.93408,78.31805,302.76,0.44,0.46,2026-08-13,2000,N20,VIIRS,n,2.0NRT,277.62,0.25,N
9.30736,77.42999,306.93,0.49,0.48,2026-08-13,2000,N20,VIIRS,n,2.0NRT,285.54,2.33,N
10.44673,77.30595,329.87,0.52,0.5,2026-08-13,2000,N20,VIIRS,n,2.0NRT,269.9,4.47,N
26.26141,74.09524,303.01,0.44,0.62,2026-08-13,2136,N20,VIIRS,n,2.0NRT,287.05,0.9,N
25.99782,93.54985,346.08,0.43,0.38,2026-08-14,0709,N20,VIIRS,n,2.0NRT,291.52,6.19,D
25.78723,93.29169,333.86,0.42,0.38,2026-08-14,0709,N20,VIIRS,n,2.0NRT,297.44,2.67,D
25.80267,93.35385,332.42,0.43,0.38,2026-08-14,0709,N20,VIIRS,n,2.0NRT,297.05,3.28,D
9.84711,77.92158,338.34,0.34,0.56,2026-08-14,0845,N20,VIIRS,n,2.0NRT,294.34,6.82,D
9.67238,77.66545,340.87,0.32,0.55,2026-08-14,0845,N20,VIIRS,n,2.0NRT,295.56,5.27,D
8.89687,77.86032,347.59,0.32,0.55,2026-08-14,0845,N20,VIIRS,n,2.0NRT,291.12,4.36,D
9.48519,78.8107,351.98,0.38,0.59,2026-08-14,0845,N20,VIIRS,n,2.0NRT,292.67,7.47,D
9.41618,77.8159,341.75,0.33,0.55,2026-08-14,0845,N20,VIIRS,n,2.0NRT,292.3,4.27,D
9.89835,77.83366,350.48,0.33,0.56,2026-08-14,0845,N20,VIIRS,n,2.0NRT,294.89,4.18,D
9.84466,77.92301,334.67,0.34,0.56,2026-08-14,0845,N20,VIIRS,n,2.0NRT,294.46,3.64,D
9.61044,77.69771,330.73,0.32,0.55,2026-08-14,0845,N20,VIIRS,n,2.0NRT,294.45,1.82,D
14.38171,78.2594,338.71,0.41,0.61,2026-08-14,0848,N20,VIIRS,n,2.0NRT,287.9,4.51,D
14.38047,78.25787,334.96,0.41,0.61,2026-08-14,0848,N20,VIIRS,n,2.0NRT,288.42,4.14,D
26.76095,83.19885,295.11,0.35,0.57,2026-08-14,1936,N20,VIIRS,n,2.0NRT,264.71,0.46,N
21.37745,81.64008,295.18,0.38,0.59,2026-08-14,1938,N20,VIIRS,n,2.0NRT,271.24,1.24,N
23.48498,87.36285,306.09,0.54,0.42,2026-08-14,1938,N20,VIIRS,n,2.0NRT,273.58,0.93,N
23.56334,87.08531,298.19,0.56,0.43,2026-08-14,1938,N20,VIIRS,n,2.0NRT,271.17,0.68,N
15.18293,76.67477,296.27,0.69,0.74,2026-08-14,1940,N20,VIIRS,n,2.0NRT,273.59,0.97,N
15.18426,76.66785,297.5,0.69,0.74,2026-08-14,1940,N20,VIIRS,n,2.0NRT,273.19,3.55,N
15.18363,76.67431,295.95,0.69,0.74,2026-08-14,1940,N20,VIIRS,n,2.0NRT,273.16,2.31,N
15.17863,76.65427,300.27,0.69,0.74,2026-08-14,1940,N20,VIIRS,n,2.0NRT,276.02,3.04,N
15.1836,76.66831,298.19,0.69,0.74,2026-08-14,1940,N20,VIIRS,n,2.0NRT,273.15,0.97,N
15.17805,76.65479,300.83,0.69,0.74,2026-08-14,1940,N20,VIIRS,n,2.0NRT,276.68,2.51,N
22.93377,69.69614,312.98,0.45,0.39,2026-08-14,2118,N20,VIIRS,n,2.0NRT,288.2,2.25,N
25.94182,72.19268,312.41,0.54,0.42,2026-08-14,2118,N20,VIIRS,n,2.0NRT,290.45,1.71,N
27.96747,95.60845,330.97,0.39,0.36,2026-08-15,0652,N20,VIIRS,n,2.0NRT,300.94,7.01,D
28.01448,95.62774,334.27,0.39,0.36,2026-08-15,0652,N20,VIIRS,n,2.0NRT,297.59,4.13,D
28.15596,95.59682,334.4,0.39,0.36,2026-08-15,0652,N20,VIIRS,n,2.0NRT,295.37,3.92,D
11.9112,78.91595,340.3,0.4,0.45,2026-08-15,0828,N20,VIIRS,n,2.0NRT,280.15,7.64,D
11.94186,76.73113,345.86,0.46,0.39,2026-08-15,0828,N20,VIIRS,n,2.0NRT,296.88,5.3,D
12.45337,78.93562,331.98,0.41,0.45,2026-08-15,0828,N20,VIIRS,n,2.0NRT,300.09,2.31,D
12.45564,77.96281,332.53,0.54,0.42,2026-08-15,0828,N20,VIIRS,n,2.0NRT,292.7,13.54,D
14.04676,79.78108,332.58,0.49,0.49,2026-08-15,0828,N20,VIIRS,n,2.0NRT,295.15,3.22,D
14.66047,79.828,350.57,0.5,0.49,2026-08-15,0828,N20,VIIRS,n,2.0NRT,285.43,12.56,D
11.74272,79.05394,330.76,0.41,0.45,2026-08-15,0828,N20,VIIRS,n,2.0NRT,283.42,2.19,D
9.26736,77.4988,334.12,0.47,0.4,2026-08-15,0828,N20,VIIRS,n,2.0NRT,282,4.02,D
14.66441,79.82272,331.71,0.5,0.49,2026-08-15,0828,N20,VIIRS,n,2.0NRT,284.79,3.71,D
15.11341,79.33398,330.16,0.48,0.48,2026-08-15,0828,N20,VIIRS,n,2.0NRT,291.92,5.63,D
15.36085,78.26549,332.5,0.41,0.45,2026-08-15,0828,N20,VIIRS,n,2.0NRT,285.98,1.69,D
15.17854,76.65572,333.15,0.49,0.41,2026-08-15,0828,N20,VIIRS,n,2.0NRT,281.13,4.69,D
15.17682,76.6573,331.4,0.49,0.41,2026-08-15,0828,N20,VIIRS,n,2.0NRT,282.24,2.04,D
11.94247,76.73534,346.45,0.46,0.39,2026-08-15,0828,N20,VIIRS,n,2.0NRT,296.71,5.3,D
9.18277,78.05066,337.67,0.5,0.41,2026-08-15,0828,N20,VIIRS,n,2.0NRT,286.37,8.23,D
8.98031,77.76226,331.28,0.48,0.4,2026-08-15,0828,N20,VIIRS,n,2.0NRT,288.1,2.1,D
8.91909,77.88136,332.02,0.49,0.4,2026-08-15,0828,N20,VIIRS,n,2.0NRT,291.9,1.8,D
8.71118,78.09945,330.16,0.5,0.41,2026-08-15,0828,N20,VIIRS,l,2.0NRT,300.21,2.86,D
8.72452,77.74837,332.27,0.48,0.4,2026-08-15,0828,N20,VIIRS,n,2.0NRT,299.1,2.55,D
8.72422,77.74713,332.25,0.48,0.4,2026-08-15,0828,N20,VIIRS,n,2.0NRT,299,3.01,D
8.86184,77.84931,333.46,0.48,0.4,2026-08-15,0828,N20,VIIRS,n,2.0NRT,294.96,2.34,D
8.85816,77.84985,331.43,0.48,0.4,2026-08-15,0828,N20,VIIRS,n,2.0NRT,295.32,1.75,D
11.91172,78.91966,334.19,0.4,0.45,2026-08-15,0828,N20,VIIRS,n,2.0NRT,278.6,5.34,D
17.76806,79.02612,331.63,0.49,0.49,2026-08-15,0830,N20,VIIRS,n,2.0NRT,290.83,1.73,D
27.39485,70.48853,342.4,0.39,0.36,2026-08-15,0833,N20,VIIRS,n,2.0NRT,305.48,6.81,D
23.00243,72.25909,330.84,0.4,0.37,2026-08-15,0833,N20,VIIRS,n,2.0NRT,299.77,5.34,D
26.34472,70.91782,340.29,0.39,0.36,2026-08-15,0833,N20,VIIRS,n,2.0NRT,301.53,3.27,D
23.69569,87.12117,299.62,0.37,0.58,2026-08-15,1917,N20,VIIRS,n,2.0NRT,263.13,0.4,N
22.3657,87.30025,297.48,0.34,0.56,2026-08-15,1917,N20,VIIRS,n,2.0NRT,274.23,0.85,N
22.78325,86.20175,300.43,0.41,0.61,2026-08-15,1917,N20,VIIRS,n,2.0NRT,268.66,0.97,N
23.64892,85.44108,298.01,0.47,0.64,2026-08-15,1917,N20,VIIRS,n,2.0NRT,266.17,0.9,N
23.64931,85.43652,303.76,0.47,0.64,2026-08-15,1917,N20,VIIRS,n,2.0NRT,265.73,0.9,N
23.64725,85.43779,306.85,0.47,0.64,2026-08-15,1917,N20,VIIRS,n,2.0NRT,265.97,2.18,N
23.56076,87.08296,305.22,0.37,0.58,2026-08-15,1917,N20,VIIRS,n,2.0NRT,276.88,0.9,N
23.55642,87.2413,299.46,0.36,0.57,2026-08-15,1917,N20,VIIRS,n,2.0NRT,268.09,1.94,N
23.56204,87.23838,337.89,0.36,0.57,2026-08-15,1917,N20,VIIRS,n,2.0NRT,268.74,1.94,N
23.66566,87.15396,306.25,0.36,0.58,2026-08-15,1917,N20,VIIRS,n,2.0NRT,274.44,1.18,N
23.69037,87.12052,301.6,0.37,0.58,2026-08-15,1917,N20,VIIRS,n,2.0NRT,264.42,0.29,N
23.69243,87.099,296.99,0.37,0.58,2026-08-15,1917,N20,VIIRS,n,2.0NRT,268.97,0.41,N
26.87821,73.5162,304.01,0.39,0.36,2026-08-15,2057,N20,VIIRS,n,2.0NRT,284.33,1.08,N
29.4775,76.85964,305.44,0.47,0.4,2026-08-15,2057,N20,VIIRS,n,2.0NRT,289.88,2.17,N
25.94181,72.19147,316.16,0.38,0.36,2026-08-15,2057,N20,VIIRS,n,2.0NRT,292.88,1.97,N
26.60431,73.68452,306.06,0.4,0.37,2026-08-15,2057,N20,VIIRS,n,2.0NRT,291.11,0.92,N
26.8749,73.51551,304.76,0.39,0.36,2026-08-15,2057,N20,VIIRS,n,2.0NRT,283.94,0.8,N
18.68538,73.04238,314.54,0.44,0.38,2026-08-15,2059,N20,VIIRS,n,2.0NRT,289.93,2.03,N
21.10713,72.64651,317.55,0.41,0.37,2026-08-15,2059,N20,VIIRS,n,2.0NRT,263.15,2.64,N
23.69072,68.83242,302.62,0.43,0.38,2026-08-15,2059,N20,VIIRS,n,2.0NRT,288.23,0.99,N
13.16184,80.28695,302.34,0.5,0.66,2026-08-15,2101,N20,VIIRS,n,2.0NRT,281.67,1.69,N
14.7293,79.64517,295.15,0.43,0.62,2026-08-15,2101,N20,VIIRS,n,2.0NRT,283.88,3.81,N
9.99408,77.39984,303.54,0.37,0.58,2026-08-15,2101,N20,VIIRS,n,2.0NRT,270.96,0.58,N
11.21631,77.89581,297.11,0.38,0.58,2026-08-15,2101,N20,VIIRS,n,2.0NRT,270.39,0.42,N
11.83828,78.92923,300.05,0.43,0.62,2026-08-15,2101,N20,VIIRS,n,2.0NRT,269.3,1.43,N
11.83588,78.92783,302.58,0.43,0.62,2026-08-15,2101,N20,VIIRS,n,2.0NRT,269.27,1.25,N
14.72852,79.64909,295.51,0.43,0.62,2026-08-15,2101,N20,VIIRS,n,2.0NRT,284.39,3.81,N
10.50322,79.3697,338.78,0.39,0.36,2026-08-16,0807,N20,VIIRS,n,2.0NRT,305.03,3.9,D
9.08676,77.46812,336.03,0.4,0.37,2026-08-16,0807,N20,VIIRS,l,2.0NRT,298.85,1.83,D
9.76485,77.82865,346.29,0.39,0.36,2026-08-16,0807,N20,VIIRS,n,2.0NRT,307.51,10.08,D
10.41348,78.82151,340.48,0.38,0.36,2026-08-16,0807,N20,VIIRS,n,2.0NRT,304.38,2.78,D
10.50269,79.36618,330.64,0.39,0.36,2026-08-16,0807,N20,VIIRS,n,2.0NRT,299.39,3.9,D
10.57658,79.36148,330.5,0.39,0.36,2026-08-16,0807,N20,VIIRS,l,2.0NRT,301.8,1.54,D
10.74422,79.59622,335.18,0.39,0.36,2026-08-16,0807,N20,VIIRS,n,2.0NRT,304.39,2.48,D
10.4347,77.16103,347.16,0.4,0.37,2026-08-16,0807,N20,VIIRS,n,2.0NRT,307.88,21.89,D
10.95592,78.34754,336.49,0.38,0.36,2026-08-16,0807,N20,VIIRS,n,2.0NRT,303.39,1.51,D
11.1945,79.81895,346.37,0.4,0.37,2026-08-16,0807,N20,VIIRS,n,2.0NRT,305.63,5.9,D
11.24804,78.79435,338.86,0.38,0.36,2026-08-16,0807,N20,VIIRS,n,2.0NRT,307.42,3.28,D
11.40161,79.70566,335.52,0.4,0.37,2026-08-16,0807,N20,VIIRS,n,2.0NRT,303.15,2.48,D
11.03142,76.76571,330.82,0.41,0.37,2026-08-16,0807,N20,VIIRS,n,2.0NRT,304.13,3.21,D
11.46894,79.36105,337.89,0.39,0.36,2026-08-16,0807,N20,VIIRS,n,2.0NRT,304.16,3.28,D
11.45258,79.22929,332.83,0.39,0.36,2026-08-16,0807,N20,VIIRS,l,2.0NRT,306.72,2.22,D
12.23862,79.08592,342.84,0.39,0.36,2026-08-16,0809,N20,VIIRS,n,2.0NRT,305.46,6.83,D
12.06248,79.60943,333.28,0.4,0.37,2026-08-16,0809,N20,VIIRS,l,2.0NRT,306.16,2.52,D
12.21756,79.85431,331.85,0.4,0.37,2026-08-16,0809,N20,VIIRS,n,2.0NRT,301.67,4.79,D
12.21702,79.85063,330.12,0.4,0.37,2026-08-16,0809,N20,VIIRS,l,2.0NRT,304.45,7.94,D
11.74016,79.31474,336.37,0.39,0.36,2026-08-16,0809,N20,VIIRS,n,2.0NRT,303.34,3.33,D
11.76464,79.29637,339.61,0.39,0.36,2026-08-16,0809,N20,VIIRS,n,2.0NRT,306.59,4.33,D
11.94815,79.04884,331.42,0.39,0.36,2026-08-16,0809,N20,VIIRS,l,2.0NRT,303.77,1.2,D
12.03966,79.50204,333.34,0.39,0.37,2026-08-16,0809,N20,VIIRS,l,2.0NRT,304.85,1.93,D
14.64559,79.26608,337.61,0.4,0.37,2026-08-16,0809,N20,VIIRS,n,2.0NRT,297.22,5.44,D
13.70646,78.71186,336.81,0.39,0.36,2026-08-16,0809,N20,VIIRS,n,2.0NRT,278.73,3.36,D
12.61728,80.07069,335.41,0.41,0.37,2026-08-16,0809,N20,VIIRS,n,2.0NRT,303.58,3.68,D
12.39126,80.05555,336.82,0.41,0.37,2026-08-16,0809,N20,VIIRS,n,2.0NRT,302.91,3.27,D
12.55336,80.08884,337.4,0.41,0.37,2026-08-16,0809,N20,VIIRS,n,2.0NRT,301.82,3.09,D
14.66595,79.14565,334.9,0.4,0.37,2026-08-16,0809,N20,VIIRS,n,2.0NRT,296.56,3.04,D
14.94035,79.35041,340.04,0.41,0.37,2026-08-16,0809,N20,VIIRS,n,2.0NRT,294.95,3.9,D
15.07026,79.59407,334.89,0.41,0.37,2026-08-16,0809,N20,VIIRS,n,2.0NRT,290.55,1.91,D
17.15829,78.70078,330.48,0.4,0.37,2026-08-16,0809,N20,VIIRS,n,2.0NRT,295.32,3.02,D
22.37585,87.28014,326.83,0.47,0.64,2026-08-16,0811,N20,VIIRS,n,2.0NRT,282.12,4.03,D
23.761,86.40435,327.5,0.43,0.62,2026-08-16,0811,N20,VIIRS,n,2.0NRT,282,7.07,D
31.14972,74.87548,331.94,0.39,0.37,2026-08-16,0813,N20,VIIRS,l,2.0NRT,304.73,5.25,D
30.80121,75.47137,334.22,0.4,0.37,2026-08-16,0813,N20,VIIRS,n,2.0NRT,300.67,2.36,D
30.65448,74.15956,335.32,0.39,0.36,2026-08-16,0813,N20,VIIRS,n,2.0NRT,300.7,2.37,D
31.13776,74.91158,331.68,0.4,0.37,2026-08-16,0813,N20,VIIRS,l,2.0NRT,304.88,6.56,D
31.14149,74.88973,330.12,0.39,0.37,2026-08-16,0813,N20,VIIRS,l,2.0NRT,304.14,5.03,D
31.68795,75.85299,338.05,0.42,0.38,2026-08-16,0813,N20,VIIRS,n,2.0NRT,296.34,2.13,D
31.14698,74.88023,330.78,0.39,0.37,2026-08-16,0813,N20,VIIRS,l,2.0NRT,304.1,6.1,D
31.13501,74.91634,330.24,0.4,0.37,2026-08-16,0813,N20,VIIRS,l,2.0NRT,304.16,4.99,D
27.60829,95.40208,304.73,0.49,0.49,2026-08-16,1858,N20,VIIRS,n,2.0NRT,284.27,0.97,N
27.37898,95.33293,305.35,0.49,0.49,2026-08-16,1858,N20,VIIRS,n,2.0NRT,288.02,2.55,N
29.47517,76.85713,306.58,0.39,0.36,2026-08-16,2038,N20,VIIRS,n,2.0NRT,287.84,1.79,N
28.74395,76.92806,306.2,0.39,0.36,2026-08-16,2038,N20,VIIRS,n,2.0NRT,282.12,0.94,N
29.97257,77.51968,296.97,0.39,0.36,2026-08-16,2038,N20,VIIRS,n,2.0NRT,274.77,0.41,N
30.31769,74.11001,307.79,0.48,0.4,2026-08-16,2038,N20,VIIRS,n,2.0NRT,295.03,1.35,N
22.799,86.09106,304.14,0.38,0.58,2026-08-16,2040,N20,VIIRS,n,2.0NRT,275.29,1.56,N
23.75692,85.85303,298.55,0.35,0.57,2026-08-16,2040,N20,VIIRS,n,2.0NRT,267.47,0.9,N
26.60652,73.68246,302.52,0.46,0.39,2026-08-16,2040,N20,VIIRS,n,2.0NRT,285.26,0.59,N
27.02486,77.7508,304.76,0.39,0.36,2026-08-16,2040,N20,VIIRS,n,2.0NRT,280.78,0.45,N
26.87851,73.51432,306.08,0.47,0.4,2026-08-16,2040,N20,VIIRS,n,2.0NRT,292.43,1.78,N
27.79236,75.33102,306.99,0.41,0.37,2026-08-16,2040,N20,VIIRS,n,2.0NRT,290.27,0.82,N
21.10499,72.63452,303.79,0.45,0.39,2026-08-16,2040,N20,VIIRS,n,2.0NRT,276.64,1.95,N
21.10674,72.64793,297.73,0.45,0.39,2026-08-16,2040,N20,VIIRS,n,2.0NRT,278.21,0.92,N
21.10734,72.64365,297.15,0.45,0.39,2026-08-16,2040,N20,VIIRS,n,2.0NRT,279.26,0.92,N
23.78708,85.55046,295.8,0.33,0.55,2026-08-16,2040,N20,VIIRS,n,2.0NRT,264.25,0.22,N
15.17549,76.69284,296.27,0.43,0.38,2026-08-16,2042,N20,VIIRS,n,2.0NRT,268.34,0.72,N
17.37053,77.44719,301.84,0.44,0.38,2026-08-16,2042,N20,VIIRS,n,2.0NRT,279,0.79,N
16.14073,78.94716,301.78,0.54,0.42,2026-08-16,2042,N20,VIIRS,n,2.0NRT,283.4,0.97,N
16.6478,74.31516,317.34,0.38,0.36,2026-08-16,2042,N20,VIIRS,n,2.0NRT,289.71,1.71,N
15.3352,76.28461,305.17,0.41,0.37,2026-08-16,2042,N20,VIIRS,n,2.0NRT,284.52,0.74,N
15.17896,77.10384,300.58,0.45,0.39,2026-08-16,2042,N20,VIIRS,n,2.0NRT,276.86,1.36,N
15.22637,76.76265,304.85,0.43,0.38,2026-08-16,2042,N20,VIIRS,n,2.0NRT,278.33,0.71,N
15.659,73.98969,314.56,0.38,0.36,2026-08-16,2042,N20,VIIRS,n,2.0NRT,291.08,1.03,N
15.18358,76.66583,309.47,0.43,0.38,2026-08-16,2042,N20,VIIRS,n,2.0NRT,268.67,1.02,N
15.18013,76.66521,296.99,0.43,0.38,2026-08-16,2042,N20,VIIRS,n,2.0NRT,269.44,0.92,N
15.1788,76.67311,316.93,0.43,0.38,2026-08-16,2042,N20,VIIRS,n,2.0NRT,269.99,2.02,N
15.17814,76.67706,295.31,0.43,0.38,2026-08-16,2042,N20,VIIRS,n,2.0NRT,269.5,1.03,N
15.17799,76.65668,304.93,0.43,0.38,2026-08-16,2042,N20,VIIRS,n,2.0NRT,271.26,1.34,N
15.17454,76.65605,297.47,0.43,0.38,2026-08-16,2042,N20,VIIRS,n,2.0NRT,270.71,0.73,N
15.17104,76.3823,299.58,0.42,0.38,2026-08-16,2042,N20,VIIRS,n,2.0NRT,281.57,1.18,N
11.10944,77.769,299.08,0.54,0.42,2026-08-16,2044,N20,VIIRS,n,2.0NRT,277.5,1.21,N
10.92371,77.04568,305.87,0.5,0.41,2026-08-16,2044,N20,VIIRS,n,2.0NRT,269.63,1.28,N
12.14472,77.20074,302.06,0.49,0.4,2026-08-16,2044,N20,VIIRS,n,2.0NRT,283.55,0.38,N
9.42815,77.81285,335.1,0.44,0.46,2026-08-17,0750,N20,VIIRS,n,2.0NRT,291.53,3.04,D
9.48396,78.08734,343.99,0.42,0.45,2026-08-17,0750,N20,VIIRS,n,2.0NRT,295.37,9.93,D
9.49715,77.61008,331.37,0.45,0.47,2026-08-17,0750,N20,VIIRS,n,2.0NRT,298.36,1.59,D
9.7597,78.59876,343.24,0.39,0.44,2026-08-17,0750,N20,VIIRS,n,2.0NRT,296.8,6.23,D
9.88949,77.86798,343.7,0.43,0.46,2026-08-17,0750,N20,VIIRS,n,2.0NRT,299.3,2.61,D
10.08603,77.82216,336.11,0.43,0.46,2026-08-17,0750,N20,VIIRS,n,2.0NRT,298.8,4.04,D
8.77448,77.48844,333.78,0.48,0.48,2026-08-17,0750,N20,VIIRS,n,2.0NRT,292.85,1.97,D
10.77951,79.40924,335.92,0.51,0.41,2026-08-17,0750,N20,VIIRS,n,2.0NRT,298.88,5.01,D
9.4059,78.81127,333.92,0.38,0.43,2026-08-17,0750,N20,VIIRS,n,2.0NRT,293.47,1.5,D
9.28788,78.06084,334.52,0.43,0.46,2026-08-17,0750,N20,VIIRS,n,2.0NRT,297.66,7.84,D
15.5401,76.73624,343.71,0.41,0.45,2026-08-17,0752,N20,VIIRS,n,2.0NRT,291.32,7.74,D
21.106,72.636,308.2,0.55,0.51,2026-08-17,2021,N20,VIIRS,n,2.0NRT,288.91,3.09,N
21.10542,72.64137,305.78,0.55,0.51,2026-08-17,2021,N20,VIIRS,n,2.0NRT,288.82,1.8,N
21.10485,72.64671,312.79,0.55,0.51,2026-08-17,2021,N20,VIIRS,n,2.0NRT,289.28,1.8,N
21.10957,72.64733,310.48,0.55,0.51,2026-08-17,2021,N20,VIIRS,n,2.0NRT,289.46,1.8,N
21.10465,72.63456,332.47,0.55,0.51,2026-08-17,2021,N20,VIIRS,n,2.0NRT,289.83,7.53,N
21.10343,72.64525,304.25,0.55,0.51,2026-08-17,2021,N20,VIIRS,n,2.0NRT,288.69,2.68,N
19.92939,79.12095,304.87,0.39,0.36,2026-08-17,2021,N20,VIIRS,n,2.0NRT,284.16,0.89,N
21.10814,72.64586,321.87,0.55,0.51,2026-08-17,2021,N20,VIIRS,n,2.0NRT,289.32,2.68,N
11.81497,77.91559,307.82,0.38,0.36,2026-08-17,2023,N20,VIIRS,n,2.0NRT,292.96,1.47,N
17.06293,76.98039,297.19,0.43,0.38,2026-08-17,2023,N20,VIIRS,n,2.0NRT,270.52,0.61,N
15.024,78.01602,297.98,0.39,0.36,2026-08-17,2023,N20,VIIRS,n,2.0NRT,266.19,0.94,N
15.17657,76.67589,305.77,0.42,0.38,2026-08-17,2023,N20,VIIRS,n,2.0NRT,269.17,1.38,N
15.17424,76.69157,301.98,0.42,0.38,2026-08-17,2023,N20,VIIRS,n,2.0NRT,268.52,0.85,N
15.17603,76.65577,304.84,0.42,0.38,2026-08-17,2023,N20,VIIRS,n,2.0NRT,269.55,1.07,N
13.39219,80.10155,312.05,0.4,0.37,2026-08-17,2023,N20,VIIRS,n,2.0NRT,292.44,2.93,N
13.22706,80.0965,314.08,0.4,0.37,2026-08-17,2023,N20,VIIRS,n,2.0NRT,292.69,3.28,N
12.74496,77.61843,307.09,0.39,0.36,2026-08-17,2023,N20,VIIRS,n,2.0NRT,289.02,1.12,N
11.81827,77.91612,316.62,0.38,0.36,2026-08-17,2023,N20,VIIRS,n,2.0NRT,292.79,1.47,N
11.81772,77.91962,308.04,0.38,0.36,2026-08-17,2023,N20,VIIRS,n,2.0NRT,292.5,1.47,N
11.81057,77.92205,307.43,0.38,0.36,2026-08-17,2023,N20,VIIRS,n,2.0NRT,293.45,1.86,N
11.81002,77.92554,319.98,0.38,0.36,2026-08-17,2023,N20,VIIRS,n,2.0NRT,292.76,1.86,N
11.46036,79.0536,309.79,0.39,0.36,2026-08-17,2023,N20,VIIRS,n,2.0NRT,292.95,2.88,N
11.12606,79.288,312.9,0.4,0.37,2026-08-17,2023,N20,VIIRS,n,2.0NRT,291.84,3.61,N
10.91836,78.14628,325.39,0.38,0.36,2026-08-17,2023,N20,VIIRS,n,2.0NRT,293.08,3.69,N
10.93194,77.06419,307.67,0.39,0.36,2026-08-17,2023,N20,VIIRS,n,2.0NRT,291.45,1.06,N
10.92198,77.06261,304.11,0.39,0.36,2026-08-17,2023,N20,VIIRS,n,2.0NRT,291.46,0.57,N
10.65612,78.70348,309.85,0.39,0.36,2026-08-17,2023,N20,VIIRS,n,2.0NRT,292.85,2.76,N
10.3618,77.1484,322.49,0.39,0.36,2026-08-17,2025,N20,VIIRS,n,2.0NRT,290.47,1.87,N
9.20862,77.45641,307.69,0.38,0.36,2026-08-17,2025,N20,VIIRS,n,2.0NRT,294.48,0.61,N
8.67144,77.99295,313.03,0.39,0.36,2026-08-17,2025,N20,VIIRS,n,2.0NRT,294.47,1.66,N
8.64393,77.83443,332.19,0.48,0.65,2026-08-18,0729,N20,VIIRS,n,2.0NRT,296.37,3.67,D
8.64255,77.83568,333.36,0.48,0.65,2026-08-18,0729,N20,VIIRS,n,2.0NRT,296.06,4.54,D
8.88035,77.79259,330.85,0.48,0.64,2026-08-18,0729,N20,VIIRS,n,2.0NRT,296.52,1.59,D
8.87058,77.64359,367,0.49,0.65,2026-08-18,0729,N20,VIIRS,h,2.0NRT,297.1,8.71,D
8.92457,77.53795,337.15,0.5,0.65,2026-08-18,0729,N20,VIIRS,n,2.0NRT,294.55,2.19,D
8.92738,77.53544,339.7,0.5,0.65,2026-08-18,0729,N20,VIIRS,n,2.0NRT,295.17,4.49,D
9.35471,78.81271,334.23,0.4,0.6,2026-08-18,0729,N20,VIIRS,n,2.0NRT,294.11,2.48,D
9.34194,78.71105,330.19,0.4,0.6,2026-08-18,0729,N20,VIIRS,n,2.0NRT,295.92,0.99,D
9.27297,77.61015,333.52,0.48,0.65,2026-08-18,0729,N20,VIIRS,n,2.0NRT,298.23,3.71,D
12.51511,80.06248,336.83,0.57,0.52,2026-08-18,0731,N20,VIIRS,n,2.0NRT,294.89,4.94,D
9.48994,78.58805,334.45,0.41,0.61,2026-08-18,0731,N20,VIIRS,n,2.0NRT,295.68,2.85,D
9.30694,77.47687,333.3,0.49,0.65,2026-08-18,0731,N20,VIIRS,n,2.0NRT,297.46,1.9,D
9.38653,77.3917,345.28,0.5,0.66,2026-08-18,0731,N20,VIIRS,n,2.0NRT,294.66,9.49,D
9.41546,77.51305,349.04,0.49,0.65,2026-08-18,0731,N20,VIIRS,n,2.0NRT,298.06,8.05,D
9.74118,78.35052,336.33,0.42,0.61,2026-08-18,0731,N20,VIIRS,n,2.0NRT,297.01,2.85,D
9.74047,78.34674,334.46,0.42,0.61,2026-08-18,0731,N20,VIIRS,n,2.0NRT,296.37,2.85,D
10.14966,79.14445,340.25,0.37,0.58,2026-08-18,0731,N20,VIIRS,n,2.0NRT,296.01,1.94,D
10.27211,78.84418,330.88,0.38,0.59,2026-08-18,0731,N20,VIIRS,n,2.0NRT,297.13,3.58,D
10.12096,77.56938,336.63,0.47,0.64,2026-08-18,0731,N20,VIIRS,n,2.0NRT,292.6,2.67,D
10.56221,79.45248,342,0.34,0.56,2026-08-18,0731,N20,VIIRS,n,2.0NRT,296.58,5.73,D
10.47282,78.95932,337.07,0.37,0.58,2026-08-18,0731,N20,VIIRS,n,2.0NRT,294.19,1.61,D
10.53808,79.23013,334.54,0.36,0.57,2026-08-18,0731,N20,VIIRS,n,2.0NRT,296.45,2.3,D
10.56489,79.45138,339.99,0.34,0.56,2026-08-18,0731,N20,VIIRS,n,2.0NRT,296.58,4.4,D
10.47191,78.95943,336.3,0.37,0.58,2026-08-18,0731,N20,VIIRS,n,2.0NRT,293.49,1.58,D
10.53918,79.22962,334.6,0.35,0.57,2026-08-18,0731,N20,VIIRS,n,2.0NRT,295.97,2.23,D
10.60104,79.33244,333.63,0.35,0.57,2026-08-18,0731,N20,VIIRS,n,2.0NRT,294.01,1.96,D
10.57066,77.79511,332.07,0.44,0.63,2026-08-18,0731,N20,VIIRS,n,2.0NRT,295.78,1.86,D
10.77641,78.64904,336.14,0.38,0.59,2026-08-18,0731,N20,VIIRS,n,2.0NRT,292.89,4.65,D
10.98911,79.11748,333.48,0.35,0.57,2026-08-18,0731,N20,VIIRS,n,2.0NRT,294,1.7,D
10.87521,77.78659,331.65,0.44,0.62,2026-08-18,0731,N20,VIIRS,n,2.0NRT,293.08,1.33,D
10.98517,78.24707,335.45,0.41,0.6,2026-08-18,0731,N20,VIIRS,n,2.0NRT,293.1,2.76,D
11.14397,78.58115,334.84,0.38,0.59,2026-08-18,0731,N20,VIIRS,n,2.0NRT,293.79,2.38,D
11.70979,78.74386,335.07,0.37,0.58,2026-08-18,0731,N20,VIIRS,n,2.0NRT,294.06,4.04,D
11.7348,78.6478,335.23,0.37,0.58,2026-08-18,0731,N20,VIIRS,n,2.0NRT,294.08,4.37,D
12.51642,80.06522,336.02,0.57,0.52,2026-08-18,0731,N20,VIIRS,n,2.0NRT,291.75,6.83,D
12.14322,77.04446,333.76,0.47,0.64,2026-08-18,0731,N20,VIIRS,n,2.0NRT,291.29,5.26,D
12.9239,78.28851,330.52,0.37,0.58,2026-08-18,0731,N20,VIIRS,n,2.0NRT,282.57,3.9,D
13.17513,78.8025,341.1,0.34,0.56,2026-08-18,0731,N20,VIIRS,n,2.0NRT,286.19,4.42,D
13.37215,78.61613,339.53,0.35,0.57,2026-08-18,0731,N20,VIIRS,n,2.0NRT,287.75,2.63,D
13.82664,79.285,334.08,0.61,0.54,2026-08-18,0731,N20,VIIRS,n,2.0NRT,292.09,7.61,D
13.82569,79.28007,340.25,0.61,0.54,2026-08-18,0731,N20,VIIRS,n,2.0NRT,293.6,7.61,D
14.02898,79.94829,333.71,0.55,0.51,2026-08-18,0731,N20,VIIRS,n,2.0NRT,295.24,3.46,D
14.0267,79.94611,331.24,0.55,0.51,2026-08-18,0731,N20,VIIRS,n,2.0NRT,294.46,4.7,D
13.98261,77.39257,337.62,0.41,0.61,2026-08-18,0731,N20,VIIRS,n,2.0NRT,286.19,4.01,D
14.41142,78.21088,342.22,0.35,0.57,2026-08-18,0731,N20,VIIRS,n,2.0NRT,292.02,4.65,D
18.72185,74.42528,328.15,0.68,0.74,2026-08-18,0913,N20,VIIRS,n,2.0NRT,287.41,3.98,D
18.72046,74.42578,328.05,0.68,0.74,2026-08-18,0913,N20,VIIRS,n,2.0NRT,287.71,4.74,D
27.37818,95.08637,309.36,0.56,0.51,2026-08-18,2000,N20,VIIRS,n,2.0NRT,288.45,2.1,N
27.22125,95.34516,305.31,0.59,0.52,2026-08-18,2000,N20,VIIRS,n,2.0NRT,288.15,1.69,N
27.31913,95.26543,309.59,0.58,0.52,2026-08-18,2000,N20,VIIRS,n,2.0NRT,288.04,2.89,N
27.60403,95.40225,310.42,0.58,0.52,2026-08-18,2000,N20,VIIRS,n,2.0NRT,288,0.98,N
27.32597,95.27937,305.62,0.58,0.52,2026-08-18,2000,N20,VIIRS,n,2.0NRT,288.11,2.14,N
23.7813,85.57607,298.28,0.38,0.36,2026-08-18,2002,N20,VIIRS,n,2.0NRT,281.82,0.41,N
28.85306,77.14323,306.41,0.35,0.57,2026-08-18,2002,N20,VIIRS,n,2.0NRT,285.71,1.07,N
28.70777,76.8554,308.89,0.37,0.58,2026-08-18,2002,N20,VIIRS,n,2.0NRT,282.13,2.04,N
28.37441,77.2247,306.28,0.35,0.56,2026-08-18,2002,N20,VIIRS,n,2.0NRT,285.45,0.33,N
27.53035,77.65999,331.65,0.32,0.54,2026-08-18,2002,N20,VIIRS,n,2.0NRT,288.29,2.97,N
21.10796,72.64498,295.71,0.56,0.69,2026-08-18,2004,N20,VIIRS,n,2.0NRT,270.75,1.01,N
10.48831,79.32004,322.7,0.47,0.4,2026-08-18,2006,N20,VIIRS,n,2.0NRT,289.91,3.84,N
11.02914,76.90601,316.92,0.44,0.46,2026-08-18,2006,N20,VIIRS,n,2.0NRT,277,1.32,N
12.66009,78.78571,301.56,0.53,0.42,2026-08-18,2006,N20,VIIRS,n,2.0NRT,281.69,0.94,N
12.65806,78.78379,305.3,0.53,0.42,2026-08-18,2006,N20,VIIRS,n,2.0NRT,284.35,1.9,N
10.61726,77.42172,303.89,0.4,0.44,2026-08-18,2006,N20,VIIRS,n,2.0NRT,289.28,1.33,N
9.31494,77.44009,310.01,0.39,0.44,2026-08-18,2006,N20,VIIRS,n,2.0NRT,292.23,0.73,N
10.48468,79.31949,308.8,0.47,0.4,2026-08-18,2006,N20,VIIRS,n,2.0NRT,290.09,2.3,N
9.31445,77.44357,314.49,0.39,0.44,2026-08-18,2006,N20,VIIRS,n,2.0NRT,293.05,0.99,N
20.79179,85.25556,332.73,0.39,0.44,2026-08-19,0714,N20,VIIRS,n,2.0NRT,292.92,4.96,D
20.79575,85.25475,342.63,0.39,0.44,2026-08-19,0714,N20,VIIRS,n,2.0NRT,292.68,8.12,D
22.36498,87.30222,339.31,0.44,0.38,2026-08-19,0716,N20,VIIRS,n,2.0NRT,297.24,8.62,D
8.64364,77.90237,344.29,0.42,0.61,2026-08-19,0852,N20,VIIRS,n,2.0NRT,293.68,4.95,D
10.93393,78.49468,330.44,0.49,0.65,2026-08-19,0852,N20,VIIRS,n,2.0NRT,292.35,1.95,D
10.95563,78.40146,332.42,0.48,0.65,2026-08-19,0852,N20,VIIRS,n,2.0NRT,292.47,4.21,D
9.52572,78.76215,341.98,0.49,0.65,2026-08-19,0852,N20,VIIRS,n,2.0NRT,285.98,5.93,D
8.63992,77.90443,337.42,0.42,0.61,2026-08-19,0852,N20,VIIRS,n,2.0NRT,293.8,6.22,D
8.63941,77.90063,339.32,0.42,0.61,2026-08-19,0852,N20,VIIRS,n,2.0NRT,294.71,6.62,D
10.74717,78.63906,334.31,0.5,0.66,2026-08-19,0852,N20,VIIRS,n,2.0NRT,290.91,5.39,D
8.74034,77.6055,340.56,0.4,0.6,2026-08-19,0852,N20,VIIRS,n,2.0NRT,293.6,239.09,D
8.64316,77.89857,330.82,0.42,0.61,2026-08-19,0852,N20,VIIRS,n,2.0NRT,293.39,3.76,D
21.10254,72.63605,333.38,0.54,0.51,2026-08-19,0856,N20,VIIRS,n,2.0NRT,287.38,4.28,D
27.31678,95.26754,311.22,0.47,0.4,2026-08-19,1942,N20,VIIRS,n,2.0NRT,289.96,2.63,N
20.94882,86.04855,324.64,0.49,0.4,2026-08-19,1945,N20,VIIRS,n,2.0NRT,290.86,2.38,N
24.92421,84.15677,303.69,0.46,0.47,2026-08-19,1945,N20,VIIRS,n,2.0NRT,286.72,1.67,N
23.69281,87.12199,307.96,0.46,0.39,2026-08-19,1945,N20,VIIRS,n,2.0NRT,289.14,2.81,N
23.6892,87.12139,312.33,0.46,0.39,2026-08-19,1945,N20,VIIRS,n,2.0NRT,290.5,3.81,N
23.78208,86.3897,300.95,0.5,0.41,2026-08-19,1945,N20,VIIRS,n,2.0NRT,263.78,0.83,N
23.68438,87.12988,307.68,0.46,0.39,2026-08-19,1945,N20,VIIRS,n,2.0NRT,290.51,2.41,N
23.77833,86.3891,307.41,0.5,0.41,2026-08-19,1945,N20,VIIRS,n,2.0NRT,261.36,1.39,N
23.76894,86.40264,303.97,0.5,0.41,2026-08-19,1945,N20,VIIRS,n,2.0NRT,264.25,0.8,N
23.76519,86.40205,300.36,0.5,0.41,2026-08-19,1945,N20,VIIRS,n,2.0NRT,264.7,0.8,N
23.76455,86.40701,301,0.5,0.41,2026-08-19,1945,N20,VIIRS,n,2.0NRT,269.02,0.8,N
23.76145,86.40147,302.7,0.5,0.41,2026-08-19,1945,N20,VIIRS,n,2.0NRT,265.64,1.01,N
23.66273,87.15408,308.91,0.46,0.39,2026-08-19,1945,N20,VIIRS,n,2.0NRT,287.34,2.05,N
23.75834,86.3959,295.73,0.5,0.41,2026-08-19,1945,N20,VIIRS,n,2.0NRT,263.94,0.45,N
23.75707,86.40581,300.21,0.5,0.41,2026-08-19,1945,N20,VIIRS,n,2.0NRT,269.31,1.01,N
23.75207,86.41506,302.77,0.5,0.41,2026-08-19,1945,N20,VIIRS,n,2.0NRT,270.27,0.91,N
23.73835,86.43285,309.16,0.5,0.41,2026-08-19,1945,N20,VIIRS,n,2.0NRT,269.96,1.3,N
23.73741,86.43033,302.84,0.5,0.41,2026-08-19,1945,N20,VIIRS,n,2.0NRT,269.96,1.1,N
23.73676,86.4352,303.04,0.5,0.41,2026-08-19,1945,N20,VIIRS,n,2.0NRT,271.82,1.1,N
23.71062,86.43102,299.96,0.5,0.41,2026-08-19,1945,N20,VIIRS,n,2.0NRT,270.53,1.47,N
23.6914,86.40305,301.88,0.5,0.41,2026-08-19,1945,N20,VIIRS,n,2.0NRT,270.52,0.98,N
23.68521,86.392,303.69,0.5,0.41,2026-08-19,1945,N20,VIIRS,n,2.0NRT,268.94,0.81,N
23.68456,86.39696,296.71,0.5,0.41,2026-08-19,1945,N20,VIIRS,n,2.0NRT,268.16,0.81,N
23.68082,86.39635,299.78,0.5,0.41,2026-08-19,1945,N20,VIIRS,n,2.0NRT,270.74,0.81,N
23.67708,86.39573,302.66,0.5,0.41,2026-08-19,1945,N20,VIIRS,n,2.0NRT,269.27,0.95,N
23.67645,86.40062,306.32,0.5,0.41,2026-08-19,1945,N20,VIIRS,n,2.0NRT,273.12,1.88,N
23.69857,86.07803,310.92,0.52,0.42,2026-08-19,1945,N20,VIIRS,n,2.0NRT,266.58,0.86,N
23.69476,86.07745,306.39,0.52,0.42,2026-08-19,1945,N20,VIIRS,n,2.0NRT,267.71,0.95,N
23.68269,86.08083,317.23,0.52,0.42,2026-08-19,1945,N20,VIIRS,n,2.0NRT,274.19,1.35,N
23.6814,86.09103,302.15,0.52,0.42,2026-08-19,1945,N20,VIIRS,n,2.0NRT,275,2.21,N
23.68076,86.09612,301.17,0.52,0.42,2026-08-19,1945,N20,VIIRS,n,2.0NRT,275.59,0.68,N
23.67823,86.08537,303.17,0.52,0.42,2026-08-19,1945,N20,VIIRS,n,2.0NRT,276.29,1.22,N
23.67504,86.11079,305.56,0.52,0.41,2026-08-19,1945,N20,VIIRS,n,2.0NRT,280.08,1.87,N
23.67935,86.08384,303.33,0.52,0.42,2026-08-19,1945,N20,VIIRS,n,2.0NRT,277.48,0.83,N
23.67219,86.10865,307.56,0.52,0.41,2026-08-19,1945,N20,VIIRS,n,2.0NRT,279.45,1.84,N
23.82895,84.57195,315.83,0.42,0.45,2026-08-19,1945,N20,VIIRS,n,2.0NRT,288.72,1.66,N
23.82477,84.57133,315.7,0.42,0.45,2026-08-19,1945,N20,VIIRS,n,2.0NRT,288.19,1.66,N
23.60963,85.675,305.59,0.55,0.42,2026-08-19,1945,N20,VIIRS,n,2.0NRT,285.06,1.24,N
23.60917,85.67301,301.79,0.55,0.42,2026-08-19,1945,N20,VIIRS,n,2.0NRT,285.24,0.84,N
22.87644,86.06029,304.74,0.51,0.41,2026-08-19,1945,N20,VIIRS,n,2.0NRT,289.8,2.45,N
22.79715,86.19865,311.6,0.5,0.41,2026-08-19,1945,N20,VIIRS,n,2.0NRT,290.38,1.42,N
22.79215,86.20784,319.15,0.5,0.41,2026-08-19,1945,N20,VIIRS,n,2.0NRT,290.83,1.51,N
22.79152,86.2127,304.03,0.5,0.41,2026-08-19,1945,N20,VIIRS,n,2.0NRT,290.42,1.51,N
22.79029,86.1926,308.82,0.5,0.41,2026-08-19,1945,N20,VIIRS,n,2.0NRT,290.55,1.92,N
22.78966,86.19751,311.22,0.5,0.41,2026-08-19,1945,N20,VIIRS,n,2.0NRT,291.55,4.37,N
22.7884,86.20729,305.8,0.5,0.41,2026-08-19,1945,N20,VIIRS,n,2.0NRT,291.01,1.51,N
22.79647,86.19669,310.02,0.5,0.41,2026-08-19,1945,N20,VIIRS,n,2.0NRT,290.31,1.57,N
22.79141,86.20586,325.08,0.5,0.41,2026-08-19,1945,N20,VIIRS,n,2.0NRT,291.18,2.63,N
22.79272,86.19611,310.55,0.5,0.41,2026-08-19,1945,N20,VIIRS,n,2.0NRT,290.67,3.17,N
22.79077,86.21069,310.22,0.5,0.41,2026-08-19,1945,N20,VIIRS,n,2.0NRT,290.82,2.89,N
22.78767,86.20531,307.42,0.5,0.41,2026-08-19,1945,N20,VIIRS,n,2.0NRT,290.98,2.63,N
22.61008,85.91367,306.4,0.52,0.41,2026-08-19,1945,N20,VIIRS,n,2.0NRT,290.52,1.7,N
22.57485,85.89123,305.64,0.52,0.41,2026-08-19,1945,N20,VIIRS,n,2.0NRT,290.95,1.39,N
22.57419,85.89626,310.24,0.52,0.41,2026-08-19,1945,N20,VIIRS,n,2.0NRT,291.29,1.39,N
22.38231,87.28905,305.9,0.44,0.39,2026-08-19,1945,N20,VIIRS,n,2.0NRT,289.6,2.32,N
22.38057,87.27562,308.73,0.44,0.39,2026-08-19,1945,N20,VIIRS,n,2.0NRT,290.21,1.9,N
22.37997,87.27991,316.34,0.44,0.39,2026-08-19,1945,N20,VIIRS,n,2.0NRT,290.91,1.9,N
22.37644,87.27934,324.04,0.44,0.39,2026-08-19,1945,N20,VIIRS,n,2.0NRT,291.37,4.93,N
22.3664,87.29961,318.07,0.44,0.39,2026-08-19,1945,N20,VIIRS,n,2.0NRT,289.19,3.15,N
22.36053,87.2899,305.78,0.44,0.39,2026-08-19,1945,N20,VIIRS,n,2.0NRT,289.23,1.49,N
22.35701,87.28933,309,0.44,0.39,2026-08-19,1945,N20,VIIRS,n,2.0NRT,289.12,1.49,N
22.36542,87.01572,306.73,0.46,0.39,2026-08-19,1945,N20,VIIRS,n,2.0NRT,290.82,1.28,N
22.36126,87.01955,308.03,0.45,0.39,2026-08-19,1945,N20,VIIRS,n,2.0NRT,291.16,1.57,N
22.36285,87.01693,313.65,0.45,0.39,2026-08-19,1945,N20,VIIRS,n,2.0NRT,291.33,1.69,N
22.06446,88.12053,311.48,0.41,0.37,2026-08-19,1945,N20,VIIRS,n,2.0NRT,290.26,2.37,N
22.05706,88.12335,313.71,0.41,0.37,2026-08-19,1945,N20,VIIRS,n,2.0NRT,290.97,2.46,N
22.05307,88.12675,310.93,0.41,0.37,2026-08-19,1945,N20,VIIRS,n,2.0NRT,291.41,2.38,N
22.13304,85.38209,304.05,0.54,0.42,2026-08-19,1945,N20,VIIRS,n,2.0NRT,289.31,1.02,N
22.05502,85.46635,301.37,0.54,0.42,2026-08-19,1945,N20,VIIRS,n,2.0NRT,287.23,0.59,N
20.9997,86.02561,309.19,0.49,0.4,2026-08-19,1945,N20,VIIRS,n,2.0NRT,290.71,1.79,N
20.99724,86.01566,322.16,0.49,0.4,2026-08-19,1945,N20,VIIRS,n,2.0NRT,290.98,2.25,N
20.97369,86.00464,317.65,0.49,0.4,2026-08-19,1945,N20,VIIRS,n,2.0NRT,291.47,2.78,N
20.96999,86.00407,327.37,0.49,0.4,2026-08-19,1945,N20,VIIRS,n,2.0NRT,291.15,2.78,N
20.96871,86.01344,307.98,0.49,0.4,2026-08-19,1945,N20,VIIRS,n,2.0NRT,291.67,2.98,N
20.96358,86.05087,315.65,0.49,0.4,2026-08-19,1945,N20,VIIRS,n,2.0NRT,290.81,2.26,N
20.95314,86.04453,320.25,0.49,0.4,2026-08-19,1945,N20,VIIRS,n,2.0NRT,290.81,4.28,N
20.95251,86.04915,314.27,0.49,0.4,2026-08-19,1945,N20,VIIRS,n,2.0NRT,291.37,2.38,N
21.07996,85.03458,307.48,0.55,0.43,2026-08-19,1945,N20,VIIRS,n,2.0NRT,290.37,2.71,N
21.07927,85.03988,310.25,0.55,0.43,2026-08-19,1945,N20,VIIRS,n,2.0NRT,290.19,2.71,N
21.07858,85.04521,309.08,0.55,0.43,2026-08-19,1945,N20,VIIRS,n,2.0NRT,289.5,1.56,N
21.07466,85.04465,304.62,0.55,0.43,2026-08-19,1945,N20,VIIRS,n,2.0NRT,289.46,1.56,N
20.98905,85.12326,304.83,0.55,0.42,2026-08-19,1945,N20,VIIRS,n,2.0NRT,289.36,1.05,N
20.97853,85.16805,305.89,0.54,0.42,2026-08-19,1945,N20,VIIRS,n,2.0NRT,289.28,1.58,N
20.97784,85.17326,306.79,0.54,0.42,2026-08-19,1945,N20,VIIRS,n,2.0NRT,289.69,2.69,N
20.97878,85.13621,305.9,0.54,0.42,2026-08-19,1945,N20,VIIRS,n,2.0NRT,289.72,3.01,N
20.96938,85.17738,324.77,0.54,0.42,2026-08-19,1945,N20,VIIRS,n,2.0NRT,289.99,2.88,N
20.97007,85.17216,318.33,0.54,0.42,2026-08-19,1945,N20,VIIRS,n,2.0NRT,289.7,2.88,N
20.96414,85.18718,329.26,0.54,0.42,2026-08-19,1945,N20,VIIRS,n,2.0NRT,290.15,2.68,N
20.96688,85.16637,309.23,0.54,0.42,2026-08-19,1945,N20,VIIRS,n,2.0NRT,289.76,3.25,N
20.96619,85.17161,317.35,0.54,0.42,2026-08-19,1945,N20,VIIRS,n,2.0NRT,289.82,2.88,N
20.96482,85.182,307.27,0.54,0.42,2026-08-19,1945,N20,VIIRS,n,2.0NRT,289.82,2.68,N
20.96231,85.17104,314.77,0.54,0.42,2026-08-19,1945,N20,VIIRS,n,2.0NRT,289.68,1.87,N
20.96163,85.17625,306.18,0.54,0.42,2026-08-19,1945,N20,VIIRS,n,2.0NRT,290.12,1.87,N
20.89102,84.9829,305.86,0.55,0.43,2026-08-19,1945,N20,VIIRS,n,2.0NRT,288.06,1.05,N
20.8871,84.98233,342.42,0.55,0.43,2026-08-19,1945,N20,VIIRS,n,2.0NRT,289.76,7.56,N
20.86612,84.99014,316.88,0.55,0.43,2026-08-19,1945,N20,VIIRS,n,2.0NRT,289.6,3.47,N
20.86544,84.99534,319,0.55,0.43,2026-08-19,1945,N20,VIIRS,n,2.0NRT,289.71,3.47,N
20.79929,85.26081,304.96,0.53,0.42,2026-08-19,1945,N20,VIIRS,n,2.0NRT,289.47,1.91,N
20.79609,85.25515,330.5,0.53,0.42,2026-08-19,1945,N20,VIIRS,n,2.0NRT,290.42,3.51,N
20.79224,85.25455,310.53,0.53,0.42,2026-08-19,1945,N20,VIIRS,n,2.0NRT,290.39,3.51,N
20.7594,85.29646,312.84,0.53,0.42,2026-08-19,1945,N20,VIIRS,n,2.0NRT,289.64,2.8,N
20.76146,85.29501,304.74,0.53,0.42,2026-08-19,1945,N20,VIIRS,n,2.0NRT,289.06,1.39,N
20.76076,85.30016,309.2,0.53,0.42,2026-08-19,1945,N20,VIIRS,n,2.0NRT,289.65,1.39,N
8.74267,77.59756,367,0.38,0.59,2026-08-19,1947,N20,VIIRS,h,2.0NRT,286.78,11.51,N
15.29888,80.01089,302.36,0.32,0.55,2026-08-19,1947,N20,VIIRS,n,2.0NRT,286.6,0.86,N
8.74219,77.60104,353.29,0.38,0.59,2026-08-19,1947,N20,VIIRS,n,2.0NRT,291.75,11.51,N
9.76584,77.51328,308.24,0.4,0.6,2026-08-19,1949,N20,VIIRS,n,2.0NRT,276.11,1.12,N
8.74455,77.59845,334.36,0.38,0.59,2026-08-19,1949,N20,VIIRS,n,2.0NRT,285.6,3.12,N
8.7441,77.60194,322.96,0.38,0.59,2026-08-19,1949,N20,VIIRS,n,2.0NRT,286.54,3.12,N
9.93454,78.31564,305.78,0.36,0.57,2026-08-19,1949,N20,VIIRS,n,2.0NRT,288.45,1.08,N
9.93416,78.31787,313.76,0.36,0.57,2026-08-19,1949,N20,VIIRS,n,2.0NRT,288.26,1.07,N
29.47378,76.85699,305.11,0.35,0.57,2026-08-19,2123,N20,VIIRS,n,2.0NRT,284.97,0.4,N
26.2566,74.0971,305.83,0.56,0.52,2026-08-19,2125,N20,VIIRS,n,2.0NRT,291.73,1.03,N
26.87804,73.51413,299.8,0.5,0.49,2026-08-19,2125,N20,VIIRS,n,2.0NRT,286.16,0.89,N
18.69369,73.04151,301.77,0.34,0.56,2026-08-19,2125,N20,VIIRS,n,2.0NRT,285.42,1.18,N
26.25852,74.09779,304.08,0.56,0.52,2026-08-19,2125,N20,VIIRS,n,2.0NRT,291.72,1.19,N
23.77547,86.367,328.11,0.57,0.52,2026-08-20,0657,N20,VIIRS,n,2.0NRT,292.36,5.74,D
23.73539,86.43382,330.07,0.56,0.52,2026-08-20,0657,N20,VIIRS,n,2.0NRT,293.01,4.75,D
23.77213,86.3663,327.08,0.57,0.52,2026-08-20,0657,N20,VIIRS,n,2.0NRT,292.7,4.99,D
23.80376,86.32996,329.87,0.57,0.52,2026-08-20,0657,N20,VIIRS,n,2.0NRT,289.93,5.71,D
26.26204,91.96658,331.64,0.41,0.37,2026-08-20,0659,N20,VIIRS,n,2.0NRT,291.51,2.87,D
14.39635,78.58465,337.63,0.53,0.5,2026-08-20,0835,N20,VIIRS,n,2.0NRT,293.35,5.12,D
8.73457,78.0784,333.92,0.41,0.45,2026-08-20,0835,N20,VIIRS,n,2.0NRT,299.67,1.92,D
8.73847,77.60493,351.61,0.38,0.43,2026-08-20,0835,N20,VIIRS,n,2.0NRT,295.21,5.83,D
8.73786,77.60059,352.24,0.57,0.43,2026-08-20,0835,N20,VIIRS,n,2.0NRT,298.64,15.4,D
8.74184,77.60004,340.6,0.57,0.43,2026-08-20,0835,N20,VIIRS,n,2.0NRT,294.04,15.4,D
8.82577,77.81587,343.95,0.39,0.44,2026-08-20,0835,N20,VIIRS,n,2.0NRT,303.01,3.89,D
8.82652,77.81555,343.01,0.4,0.44,2026-08-20,0835,N20,VIIRS,n,2.0NRT,302.65,4.05,D
9.01934,77.891,342.36,0.4,0.44,2026-08-20,0835,N20,VIIRS,n,2.0NRT,301.08,9.86,D
9.06651,77.75156,343.23,0.39,0.44,2026-08-20,0835,N20,VIIRS,n,2.0NRT,301.81,4.95,D
9.07037,77.43026,333.84,0.57,0.43,2026-08-20,0835,N20,VIIRS,n,2.0NRT,292.22,3.09,D
10.13192,77.77665,333.73,0.41,0.45,2026-08-20,0835,N20,VIIRS,n,2.0NRT,297.5,1.71,D
11.56117,79.1529,336.28,0.53,0.5,2026-08-20,0835,N20,VIIRS,n,2.0NRT,292.14,6.71,D
11.65141,79.12849,336.72,0.53,0.5,2026-08-20,0835,N20,VIIRS,n,2.0NRT,290.81,4.74,D
11.72925,78.97382,332.49,0.51,0.5,2026-08-20,0835,N20,VIIRS,n,2.0NRT,291.52,2.44,D
13.27826,79.15017,330.16,0.56,0.51,2026-08-20,0835,N20,VIIRS,n,2.0NRT,297.19,2.5,D
13.30639,76.27603,331.69,0.55,0.43,2026-08-20,0835,N20,VIIRS,n,2.0NRT,292.84,3.58,D
14.16944,77.45648,332.05,0.44,0.46,2026-08-20,0835,N20,VIIRS,n,2.0NRT,299.1,4.22,D
17.56894,75.63644,334.34,0.57,0.43,2026-08-20,0835,N20,VIIRS,n,2.0NRT,300.19,4.39,D
21.10601,72.64454,339.07,0.44,0.38,2026-08-20,0837,N20,VIIRS,n,2.0NRT,298.59,6.08,D
21.10136,72.63664,343.8,0.44,0.38,2026-08-20,0837,N20,VIIRS,n,2.0NRT,296.92,7.25,D
21.10658,72.64876,341.75,0.44,0.38,2026-08-20,0837,N20,VIIRS,n,2.0NRT,299.01,7.86,D
21.1025,72.64508,337.45,0.44,0.38,2026-08-20,0837,N20,VIIRS,n,2.0NRT,297.21,6.08,D
14.90438,77.5486,337.93,0.46,0.47,2026-08-20,0837,N20,VIIRS,n,2.0NRT,294.31,3.01,D
17.50858,82.95274,341.91,0.57,0.69,2026-08-20,0837,N20,VIIRS,n,2.0NRT,288.14,8.28,D
29.39208,74.30708,330.09,0.44,0.46,2026-08-20,0839,N20,VIIRS,l,2.0NRT,301.2,5.84,D
23.77616,85.99555,311.53,0.34,0.56,2026-08-20,1923,N20,VIIRS,n,2.0NRT,287.23,1.73,N
23.72652,86.44112,306.92,0.32,0.55,2026-08-20,1923,N20,VIIRS,n,2.0NRT,287.07,1.49,N
23.80333,86.32668,304.86,0.33,0.55,2026-08-20,1923,N20,VIIRS,n,2.0NRT,287.07,1.58,N
24.11533,86.85748,308.51,0.61,0.53,2026-08-20,1923,N20,VIIRS,n,2.0NRT,288.75,3.36,N
23.80302,86.32994,330.01,0.33,0.55,2026-08-20,1923,N20,VIIRS,n,2.0NRT,287.58,3.2,N
23.80366,86.32339,314.84,0.33,0.55,2026-08-20,1923,N20,VIIRS,n,2.0NRT,287.17,1.58,N
23.80115,86.34909,306.33,0.33,0.55,2026-08-20,1923,N20,VIIRS,n,2.0NRT,287.49,1.04,N
23.79609,86.34841,309.63,0.33,0.55,2026-08-20,1923,N20,VIIRS,n,2.0NRT,287.07,1.34,N
23.79578,86.35166,314.03,0.32,0.55,2026-08-20,1923,N20,VIIRS,n,2.0NRT,287.2,1.34,N
23.78193,86.38895,322.21,0.32,0.55,2026-08-20,1923,N20,VIIRS,n,2.0NRT,287.21,1.56,N
23.78163,86.39211,307.42,0.32,0.55,2026-08-20,1923,N20,VIIRS,n,2.0NRT,286.59,1.87,N
23.77689,86.38827,321.22,0.32,0.55,2026-08-20,1923,N20,VIIRS,n,2.0NRT,287.64,1.56,N
23.78092,86.34646,307.39,0.33,0.55,2026-08-20,1923,N20,VIIRS,n,2.0NRT,287.44,0.66,N
23.7772,86.38509,312.07,0.32,0.55,2026-08-20,1923,N20,VIIRS,n,2.0NRT,287.29,1.56,N
23.77431,86.36192,310.16,0.32,0.55,2026-08-20,1923,N20,VIIRS,n,2.0NRT,287.06,1.51,N
23.774,86.36514,319.32,0.32,0.55,2026-08-20,1923,N20,VIIRS,n,2.0NRT,287.8,1.98,N
23.77032,86.40342,316.13,0.32,0.55,2026-08-20,1923,N20,VIIRS,n,2.0NRT,287.46,1.68,N
23.76528,86.40279,322.87,0.32,0.55,2026-08-20,1923,N20,VIIRS,n,2.0NRT,287.55,1.68,N
23.76651,86.39001,306.97,0.32,0.55,2026-08-20,1923,N20,VIIRS,n,2.0NRT,287.55,1.03,N
23.7662,86.39318,306.01,0.32,0.55,2026-08-20,1923,N20,VIIRS,n,2.0NRT,287.29,1.03,N
23.76559,86.39957,304.72,0.32,0.55,2026-08-20,1923,N20,VIIRS,n,2.0NRT,286.97,2.87,N
23.76497,86.40604,316.25,0.32,0.55,2026-08-20,1923,N20,VIIRS,n,2.0NRT,287.06,1.68,N
23.69589,87.10812,307.9,0.58,0.52,2026-08-20,1923,N20,VIIRS,n,2.0NRT,286.25,1.59,N
23.69531,87.11382,304.39,0.58,0.52,2026-08-20,1923,N20,VIIRS,n,2.0NRT,285.56,1.59,N
23.69474,87.11948,307.93,0.58,0.52,2026-08-20,1923,N20,VIIRS,n,2.0NRT,284.63,3.13,N
23.76055,86.39892,317.79,0.32,0.55,2026-08-20,1923,N20,VIIRS,n,2.0NRT,287.23,1.49,N
23.76024,86.40215,311.01,0.32,0.55,2026-08-20,1923,N20,VIIRS,n,2.0NRT,287.21,2.3,N
23.68993,87.11884,307.32,0.58,0.52,2026-08-20,1923,N20,VIIRS,n,2.0NRT,285,2.71,N
23.75582,86.395,309.07,0.32,0.55,2026-08-20,1923,N20,VIIRS,n,2.0NRT,287.25,1.49,N
23.75368,86.41745,310.67,0.32,0.55,2026-08-20,1923,N20,VIIRS,n,2.0NRT,286.97,1.64,N
23.68398,87.12962,301.02,0.58,0.52,2026-08-20,1923,N20,VIIRS,n,2.0NRT,282.41,0.58,N
23.69527,87.12024,308.66,0.58,0.52,2026-08-20,1923,N20,VIIRS,n,2.0NRT,285.29,3.67,N
23.76594,86.40452,331.77,0.32,0.55,2026-08-20,1923,N20,VIIRS,n,2.0NRT,287.55,2.4,N
23.76726,86.39173,306.31,0.32,0.55,2026-08-20,1923,N20,VIIRS,n,2.0NRT,287.39,2,N
23.76627,86.40129,312.34,0.32,0.55,2026-08-20,1923,N20,VIIRS,n,2.0NRT,286.92,2.07,N
23.69046,87.1196,308.55,0.58,0.52,2026-08-20,1923,N20,VIIRS,n,2.0NRT,285.35,2.91,N
23.76123,86.40065,315.37,0.32,0.55,2026-08-20,1923,N20,VIIRS,n,2.0NRT,287.07,2.07,N
23.7609,86.40388,311.13,0.32,0.55,2026-08-20,1923,N20,VIIRS,n,2.0NRT,287.22,2.4,N
23.75686,86.39356,305.28,0.32,0.55,2026-08-20,1923,N20,VIIRS,n,2.0NRT,286.76,0.75,N
23.75653,86.39675,309.74,0.32,0.55,2026-08-20,1923,N20,VIIRS,n,2.0NRT,287.44,1.41,N
23.75455,86.41599,312.07,0.32,0.55,2026-08-20,1923,N20,VIIRS,n,2.0NRT,287.02,1.02,N
23.7492,86.41847,304.39,0.32,0.55,2026-08-20,1923,N20,VIIRS,n,2.0NRT,286.59,1.02,N
23.73754,86.43292,331.81,0.32,0.55,2026-08-20,1923,N20,VIIRS,n,2.0NRT,287.6,3.64,N
23.73785,86.42977,305.94,0.32,0.55,2026-08-20,1923,N20,VIIRS,n,2.0NRT,286.92,1.76,N
23.6622,87.15623,310.78,0.58,0.52,2026-08-20,1923,N20,VIIRS,n,2.0NRT,284.22,2.8,N
23.72341,86.42146,305.21,0.32,0.55,2026-08-20,1923,N20,VIIRS,n,2.0NRT,287.18,1.02,N
23.7215,86.44048,306.23,0.32,0.55,2026-08-20,1923,N20,VIIRS,n,2.0NRT,286.98,1.82,N
23.71838,86.42081,310.37,0.32,0.55,2026-08-20,1923,N20,VIIRS,n,2.0NRT,286.83,1.02,N
23.71616,86.44299,305.45,0.32,0.55,2026-08-20,1923,N20,VIIRS,n,2.0NRT,286.7,1.99,N
23.71552,86.44933,305.94,0.32,0.55,2026-08-20,1923,N20,VIIRS,n,2.0NRT,286.7,1.07,N
23.7152,86.4525,314.34,0.32,0.55,2026-08-20,1923,N20,VIIRS,n,2.0NRT,286.73,1.07,N
23.71304,86.42333,308.81,0.32,0.55,2026-08-20,1923,N20,VIIRS,n,2.0NRT,287.25,1.29,N
23.7105,86.44865,304.96,0.32,0.55,2026-08-20,1923,N20,VIIRS,n,2.0NRT,286.55,0.83,N
23.69101,86.38829,322.7,0.32,0.55,2026-08-20,1923,N20,VIIRS,n,2.0NRT,286.84,1.89,N
23.68566,86.39085,311.86,0.32,0.55,2026-08-20,1923,N20,VIIRS,n,2.0NRT,287.04,1.82,N
23.68534,86.39413,313.52,0.32,0.55,2026-08-20,1923,N20,VIIRS,n,2.0NRT,287.08,1.83,N
23.67999,86.39662,313.66,0.32,0.55,2026-08-20,1923,N20,VIIRS,n,2.0NRT,286.93,1.83,N
23.67969,86.39977,311.24,0.32,0.55,2026-08-20,1923,N20,VIIRS,n,2.0NRT,287.24,1.8,N
23.82971,84.56965,305.91,0.42,0.61,2026-08-20,1923,N20,VIIRS,n,2.0NRT,286.19,1,N
23.82936,84.57385,303.92,0.42,0.61,2026-08-20,1923,N20,VIIRS,n,2.0NRT,286.38,1,N
23.82405,84.56894,303.8,0.42,0.61,2026-08-20,1923,N20,VIIRS,n,2.0NRT,283.31,1,N
23.8237,84.57314,308.88,0.42,0.61,2026-08-20,1923,N20,VIIRS,n,2.0NRT,285.26,1,N
23.68428,86.08263,314.32,0.34,0.56,2026-08-20,1923,N20,VIIRS,n,2.0NRT,285.75,2.63,N
23.68335,86.0926,316.53,0.34,0.56,2026-08-20,1923,N20,VIIRS,n,2.0NRT,286.62,2,N
23.68304,86.09592,304.76,0.34,0.56,2026-08-20,1923,N20,VIIRS,n,2.0NRT,286.85,2,N
23.68038,86.0688,303.18,0.34,0.56,2026-08-20,1923,N20,VIIRS,n,2.0NRT,286.49,1.4,N
23.67882,86.0854,310.11,0.34,0.56,2026-08-20,1923,N20,VIIRS,n,2.0NRT,287.15,3.31,N
23.56148,87.23978,307.52,0.57,0.52,2026-08-20,1923,N20,VIIRS,n,2.0NRT,286.38,2.61,N
23.74441,85.50506,302.23,0.37,0.58,2026-08-20,1923,N20,VIIRS,n,2.0NRT,285.62,0.41,N
23.68715,86.08223,309.67,0.34,0.56,2026-08-20,1923,N20,VIIRS,n,2.0NRT,283.56,0.85,N
23.82678,84.57025,314.18,0.42,0.61,2026-08-20,1923,N20,VIIRS,n,2.0NRT,285.28,1.88,N
23.8264,84.57446,303.91,0.42,0.61,2026-08-20,1923,N20,VIIRS,n,2.0NRT,285.99,1.88,N
23.682,86.08169,305.22,0.34,0.56,2026-08-20,1923,N20,VIIRS,n,2.0NRT,286.21,1.24,N
23.681,86.09164,306.58,0.34,0.56,2026-08-20,1923,N20,VIIRS,n,2.0NRT,286.78,1.34,N
23.68066,86.09496,313.73,0.34,0.56,2026-08-20,1923,N20,VIIRS,n,2.0NRT,286.74,1.34,N
23.56105,87.23804,308.38,0.57,0.52,2026-08-20,1923,N20,VIIRS,n,2.0NRT,286.4,3.32,N
23.67785,86.0712,305.14,0.34,0.56,2026-08-20,1923,N20,VIIRS,n,2.0NRT,286.53,0.74,N
23.67652,86.08445,310.09,0.34,0.56,2026-08-20,1923,N20,VIIRS,n,2.0NRT,286.43,2.58,N
23.67353,86.11418,315.17,0.34,0.56,2026-08-20,1923,N20,VIIRS,n,2.0NRT,285.27,1.21,N
23.55093,87.24238,317.38,0.57,0.52,2026-08-20,1923,N20,VIIRS,n,2.0NRT,287.06,2.87,N
23.56301,87.08428,303.06,0.58,0.52,2026-08-20,1923,N20,VIIRS,n,2.0NRT,275.74,1.08,N
23.69801,85.366,296.73,0.38,0.58,2026-08-20,1923,N20,VIIRS,n,2.0NRT,280.04,0.31,N
23.50349,87.32597,308.31,0.56,0.51,2026-08-20,1923,N20,VIIRS,n,2.0NRT,287.21,3.33,N
23.65808,85.50532,300.06,0.37,0.58,2026-08-20,1923,N20,VIIRS,n,2.0NRT,283.68,0.59,N
23.64802,85.43788,324.05,0.37,0.58,2026-08-20,1923,N20,VIIRS,n,2.0NRT,285.88,1.71,N
23.64835,85.43425,310.77,0.37,0.58,2026-08-20,1923,N20,VIIRS,n,2.0NRT,285.22,1.71,N
23.6707,84.99498,307.3,0.4,0.6,2026-08-20,1923,N20,VIIRS,n,2.0NRT,285.14,0.93,N
23.65019,85.43918,324.83,0.37,0.58,2026-08-20,1923,N20,VIIRS,n,2.0NRT,286.56,2.15,N
23.65054,85.43557,314.67,0.37,0.58,2026-08-20,1923,N20,VIIRS,n,2.0NRT,286.01,2.15,N
23.67049,84.99657,305.79,0.4,0.6,2026-08-20,1923,N20,VIIRS,n,2.0NRT,284.66,1.03,N
23.66463,84.99976,307.31,0.4,0.6,2026-08-20,1923,N20,VIIRS,n,2.0NRT,285.3,1.03,N
27.37922,95.33605,314.35,0.39,0.36,2026-08-20,1923,N20,VIIRS,n,2.0NRT,290.32,2.32,N
27.37876,95.0898,311.58,0.39,0.36,2026-08-20,1923,N20,VIIRS,n,2.0NRT,290.56,2.03,N
21.75551,84.02298,307.28,0.43,0.62,2026-08-20,1925,N20,VIIRS,n,2.0NRT,285.65,2.89,N
21.9578,83.80929,296.81,0.45,0.63,2026-08-20,1925,N20,VIIRS,n,2.0NRT,280.96,1.43,N
21.76537,85.57951,300.29,0.34,0.56,2026-08-20,1925,N20,VIIRS,n,2.0NRT,283.07,0.27,N
21.75726,84.02222,306.22,0.44,0.62,2026-08-20,1925,N20,VIIRS,n,2.0NRT,284.72,2.91,N
14.83003,79.30145,306.86,0.74,0.76,2026-08-20,1928,N20,VIIRS,n,2.0NRT,282,4.55,N
14.82782,79.30177,314.69,0.74,0.76,2026-08-20,1928,N20,VIIRS,n,2.0NRT,281.43,8.66,N
14.82725,79.30776,303.63,0.74,0.76,2026-08-20,1928,N20,VIIRS,n,2.0NRT,281.95,7.02,N
14.8294,79.30762,307.16,0.74,0.76,2026-08-20,1928,N20,VIIRS,n,2.0NRT,281.66,4.55,N
27.28837,73.83765,305.67,0.44,0.38,2026-08-20,2104,N20,VIIRS,n,2.0NRT,293.91,1.14,N
26.87785,73.51696,306.36,0.43,0.38,2026-08-20,2104,N20,VIIRS,n,2.0NRT,293.02,1.67,N
26.92761,73.46851,305.3,0.43,0.38,2026-08-20,2104,N20,VIIRS,n,2.0NRT,293.19,1.38,N
25.94392,72.19305,308.63,0.4,0.37,2026-08-20,2104,N20,VIIRS,n,2.0NRT,294.94,1.41,N
29.91172,74.95081,329.68,0.45,0.39,2026-08-20,2104,N20,VIIRS,n,2.0NRT,292.2,4.24,N
29.90928,74.94781,321.89,0.45,0.39,2026-08-20,2104,N20,VIIRS,n,2.0NRT,291.81,2.52,N
29.90844,74.95241,316.28,0.45,0.39,2026-08-20,2104,N20,VIIRS,n,2.0NRT,292.35,2.52,N
29.46148,76.86364,305.65,0.56,0.43,2026-08-20,2104,N20,VIIRS,n,2.0NRT,288.93,2.35,N
29.45761,76.86263,303.86,0.56,0.43,2026-08-20,2104,N20,VIIRS,n,2.0NRT,289.03,4.13,N
28.74485,76.92733,310.37,0.39,0.44,2026-08-20,2104,N20,VIIRS,n,2.0NRT,289.47,3.42,N
19.80504,78.86545,303.93,0.38,0.59,2026-08-20,2106,N20,VIIRS,n,2.0NRT,288.05,0.61,N
19.07515,73.13273,306.98,0.52,0.42,2026-08-20,2106,N20,VIIRS,n,2.0NRT,291.71,3.38,N
19.80188,78.86395,302.98,0.38,0.59,2026-08-20,2106,N20,VIIRS,n,2.0NRT,287.62,0.61,N
15.17281,76.38165,299.71,0.32,0.55,2026-08-20,2108,N20,VIIRS,n,2.0NRT,287.56,0.64,N
15.17791,77.10345,301.74,0.36,0.57,2026-08-20,2108,N20,VIIRS,n,2.0NRT,286.64,0.39,N
15.18351,76.66707,308.7,0.34,0.56,2026-08-20,2108,N20,VIIRS,n,2.0NRT,288.07,0.72,N
15.1829,76.67016,303.73,0.34,0.56,2026-08-20,2108,N20,VIIRS,n,2.0NRT,288.06,0.72,N
15.18032,76.65672,302.56,0.34,0.56,2026-08-20,2108,N20,VIIRS,n,2.0NRT,287.32,1.33,N
15.17664,76.67516,304.87,0.34,0.56,2026-08-20,2108,N20,VIIRS,n,2.0NRT,288.55,1.09,N
15.13828,76.70865,305.75,0.34,0.56,2026-08-20,2108,N20,VIIRS,n,2.0NRT,288.36,0.52,N
15.13766,76.71173,301.79,0.34,0.56,2026-08-20,2108,N20,VIIRS,n,2.0NRT,288.15,0.52,N
15.18593,76.31431,311.46,0.32,0.54,2026-08-20,2108,N20,VIIRS,n,2.0NRT,287.59,0.7,N
15.16786,76.38057,309.06,0.32,0.55,2026-08-20,2108,N20,VIIRS,n,2.0NRT,288.35,1.52,N
15.16292,76.37949,322.52,0.32,0.55,2026-08-20,2108,N20,VIIRS,n,2.0NRT,287.29,1.52,N
12.86819,78.8947,305.74,0.53,0.67,2026-08-20,2108,N20,VIIRS,n,2.0NRT,287.18,1.19,N
12.86719,78.89952,305.3,0.53,0.67,2026-08-20,2108,N20,VIIRS,n,2.0NRT,287.29,1.19,N
12.66981,76.85625,299.97,0.39,0.59,2026-08-20,2108,N20,VIIRS,n,2.0NRT,285.67,0.44,N
11.60833,77.55147,297.2,0.45,0.63,2026-08-20,2108,N20,VIIRS,n,2.0NRT,272.73,1.03,N
9.57466,78.31066,340.16,0.39,0.36,2026-08-21,0813,N20,VIIRS,n,2.0NRT,307.06,4.64,D
9.57799,78.31016,340.05,0.39,0.36,2026-08-21,0813,N20,VIIRS,n,2.0NRT,306.7,4.79,D
9.83491,78.12406,330.57,0.39,0.36,2026-08-21,0813,N20,VIIRS,l,2.0NRT,300.74,2.45,D
9.63681,77.75274,340.17,0.39,0.36,2026-08-21,0813,N20,VIIRS,l,2.0NRT,311.74,7.12,D
8.6787,78.06282,340.22,0.39,0.36,2026-08-21,0813,N20,VIIRS,n,2.0NRT,305,2.79,D
9.3411,78.81241,343.64,0.4,0.37,2026-08-21,0813,N20,VIIRS,n,2.0NRT,307.32,6.08,D
9.34447,78.8119,345.55,0.4,0.37,2026-08-21,0813,N20,VIIRS,n,2.0NRT,309.19,6.08,D
9.36586,78.66449,340.59,0.4,0.37,2026-08-21,0813,N20,VIIRS,n,2.0NRT,308.73,6.32,D
9.36532,78.66089,339.1,0.4,0.37,2026-08-21,0813,N20,VIIRS,n,2.0NRT,308.58,6.32,D
9.39964,78.7998,334.22,0.4,0.37,2026-08-21,0813,N20,VIIRS,l,2.0NRT,305.01,1.97,D
9.91944,78.34734,343.05,0.39,0.36,2026-08-21,0813,N20,VIIRS,n,2.0NRT,303.09,3.79,D
9.56629,78.77435,335.88,0.4,0.37,2026-08-21,0813,N20,VIIRS,n,2.0NRT,299,5.18,D
9.46111,77.93867,345.08,0.39,0.36,2026-08-21,0813,N20,VIIRS,n,2.0NRT,304.15,3.24,D
9.6873,78.11195,334.47,0.39,0.36,2026-08-21,0813,N20,VIIRS,l,2.0NRT,306.88,1.97,D
9.46058,77.93517,338.91,0.39,0.36,2026-08-21,0813,N20,VIIRS,n,2.0NRT,302.82,3.24,D
9.55428,78.28836,348.21,0.39,0.36,2026-08-21,0813,N20,VIIRS,n,2.0NRT,310.48,8.67,D
9.57572,78.31776,338.87,0.39,0.36,2026-08-21,0813,N20,VIIRS,n,2.0NRT,307.25,5.01,D
12.79142,79.90376,332.75,0.47,0.4,2026-08-21,0816,N20,VIIRS,n,2.0NRT,296.99,2.83,D
9.91726,77.88062,340.62,0.39,0.36,2026-08-21,0816,N20,VIIRS,n,2.0NRT,308.69,4.56,D
9.94108,77.94887,338.99,0.39,0.36,2026-08-21,0816,N20,VIIRS,n,2.0NRT,303.92,3.52,D
10.00594,78.04284,331.05,0.39,0.36,2026-08-21,0816,N20,VIIRS,n,2.0NRT,295.84,1,D
9.91187,77.39479,333.92,0.38,0.36,2026-08-21,0816,N20,VIIRS,n,2.0NRT,302.13,1.93,D
10.04691,77.9536,333.39,0.39,0.36,2026-08-21,0816,N20,VIIRS,l,2.0NRT,303.77,6.6,D
10.05023,77.95309,347.01,0.39,0.36,2026-08-21,0816,N20,VIIRS,n,2.0NRT,303.4,6.6,D
10.0497,77.94958,347.7,0.39,0.36,2026-08-21,0816,N20,VIIRS,n,2.0NRT,305.64,6.6,D
10.40833,77.98684,340.67,0.39,0.36,2026-08-21,0816,N20,VIIRS,n,2.0NRT,298.48,3.38,D
10.42592,77.87876,341.73,0.39,0.36,2026-08-21,0816,N20,VIIRS,n,2.0NRT,308.81,7.37,D
10.40083,77.59858,336.57,0.39,0.36,2026-08-21,0816,N20,VIIRS,n,2.0NRT,306.1,2.3,D
10.84437,78.89214,337.08,0.41,0.37,2026-08-21,0816,N20,VIIRS,n,2.0NRT,303.04,1.88,D
10.82362,78.51756,333.02,0.4,0.37,2026-08-21,0816,N20,VIIRS,l,2.0NRT,305.17,2.64,D
10.86226,78.60471,335.58,0.4,0.37,2026-08-21,0816,N20,VIIRS,l,2.0NRT,306.96,5.59,D
10.90676,78.79072,337.1,0.41,0.37,2026-08-21,0816,N20,VIIRS,l,2.0NRT,308.57,3.79,D
10.8966,78.69748,336.22,0.41,0.37,2026-08-21,0816,N20,VIIRS,l,2.0NRT,306.77,3.04,D
10.8357,78.05394,340.99,0.39,0.36,2026-08-21,0816,N20,VIIRS,l,2.0NRT,311.62,4.7,D
10.8054,77.76113,340.48,0.39,0.36,2026-08-21,0816,N20,VIIRS,n,2.0NRT,309.96,4.65,D
11.10589,78.88667,338.26,0.41,0.37,2026-08-21,0816,N20,VIIRS,n,2.0NRT,303.68,1.82,D
11.10533,78.88292,337.62,0.41,0.37,2026-08-21,0816,N20,VIIRS,n,2.0NRT,304.54,1.82,D
11.10569,78.88302,340.59,0.41,0.37,2026-08-21,0816,N20,VIIRS,n,2.0NRT,304.33,3.81,D
11.1194,78.69011,339.67,0.41,0.37,2026-08-21,0816,N20,VIIRS,n,2.0NRT,309.33,7.32,D
11.04524,77.91196,345.73,0.39,0.36,2026-08-21,0816,N20,VIIRS,n,2.0NRT,302.89,4.75,D
11.21367,77.60988,338.37,0.39,0.36,2026-08-21,0816,N20,VIIRS,l,2.0NRT,308.71,4.34,D
11.25254,77.55219,338.94,0.39,0.36,2026-08-21,0816,N20,VIIRS,n,2.0NRT,306.19,4.97,D
11.17897,76.86507,331.84,0.38,0.36,2026-08-21,0816,N20,VIIRS,l,2.0NRT,302.16,3.47,D
11.34971,77.56582,335.42,0.39,0.36,2026-08-21,0816,N20,VIIRS,n,2.0NRT,304.54,2.44,D
11.42352,77.76451,339.77,0.39,0.36,2026-08-21,0816,N20,VIIRS,n,2.0NRT,303.7,3.96,D
11.42366,77.74271,337.5,0.39,0.36,2026-08-21,0816,N20,VIIRS,l,2.0NRT,308.16,3.7,D
11.71099,79.12828,348.21,0.43,0.38,2026-08-21,0816,N20,VIIRS,n,2.0NRT,307.85,30.85,D
11.71043,79.12439,333.44,0.43,0.38,2026-08-21,0816,N20,VIIRS,n,2.0NRT,303.11,8.99,D
11.52499,77.67209,339.7,0.39,0.36,2026-08-21,0816,N20,VIIRS,n,2.0NRT,306.95,5.68,D
11.52446,77.66854,337.79,0.39,0.36,2026-08-21,0816,N20,VIIRS,n,2.0NRT,307.36,5.77,D
12.05095,79.61237,343.91,0.45,0.39,2026-08-21,0816,N20,VIIRS,n,2.0NRT,301.8,5.05,D
11.81027,77.92296,343.83,0.39,0.36,2026-08-21,0816,N20,VIIRS,n,2.0NRT,307.15,3.37,D
12.31031,78.07397,331.42,0.4,0.37,2026-08-21,0816,N20,VIIRS,n,2.0NRT,300.53,2.61,D
12.72135,79.78169,335.43,0.46,0.39,2026-08-21,0816,N20,VIIRS,n,2.0NRT,298.23,3.63,D
12.85799,79.29736,334.29,0.44,0.38,2026-08-21,0816,N20,VIIRS,n,2.0NRT,297.84,3.16,D
12.86152,79.29686,336.55,0.44,0.38,2026-08-21,0816,N20,VIIRS,n,2.0NRT,298.09,8.07,D
13.09303,77.44754,334.14,0.39,0.36,2026-08-21,0816,N20,VIIRS,n,2.0NRT,298.91,2.67,D
13.26471,77.34718,341.7,0.39,0.36,2026-08-21,0816,N20,VIIRS,n,2.0NRT,300.35,19.62,D
14.60375,79.65997,333.91,0.48,0.4,2026-08-21,0816,N20,VIIRS,n,2.0NRT,293.59,5.52,D
14.68579,79.73881,336.96,0.48,0.4,2026-08-21,0816,N20,VIIRS,n,2.0NRT,301.35,2.18,D
14.68322,79.69376,341.06,0.48,0.4,2026-08-21,0816,N20,VIIRS,n,2.0NRT,303.28,7.5,D
14.68298,79.69458,344.78,0.48,0.4,2026-08-21,0816,N20,VIIRS,n,2.0NRT,303.07,6.93,D
14.72931,79.92735,336.28,0.49,0.41,2026-08-21,0816,N20,VIIRS,n,2.0NRT,299.45,3.95,D
14.73303,79.92682,336.47,0.49,0.41,2026-08-21,0816,N20,VIIRS,n,2.0NRT,297.07,3.95,D
14.72149,79.72996,336.1,0.48,0.4,2026-08-21,0816,N20,VIIRS,n,2.0NRT,299.34,3,D
14.52269,77.43584,335.59,0.4,0.37,2026-08-21,0816,N20,VIIRS,n,2.0NRT,301.68,4.98,D
15.10593,79.37793,341.84,0.47,0.4,2026-08-21,0816,N20,VIIRS,n,2.0NRT,301.9,16.95,D
15.4127,79.60164,337.37,0.48,0.4,2026-08-21,0816,N20,VIIRS,n,2.0NRT,294.92,4.21,D
15.41208,79.59715,335.37,0.48,0.4,2026-08-21,0816,N20,VIIRS,n,2.0NRT,295.13,2.69,D
15.69083,79.12525,334.57,0.46,0.39,2026-08-21,0816,N20,VIIRS,n,2.0NRT,302.75,6.67,D
15.80123,79.52772,340.5,0.49,0.4,2026-08-21,0816,N20,VIIRS,n,2.0NRT,305.68,14.67,D
15.60369,77.62315,334.52,0.41,0.37,2026-08-21,0816,N20,VIIRS,n,2.0NRT,300.52,3.09,D
16.01146,80.31809,339.73,0.54,0.42,2026-08-21,0816,N20,VIIRS,n,2.0NRT,300.01,10.58,D
15.94305,78.95891,332.2,0.46,0.39,2026-08-21,0816,N20,VIIRS,l,2.0NRT,302.9,4.95,D
16.04546,79.40362,338.7,0.48,0.4,2026-08-21,0816,N20,VIIRS,n,2.0NRT,302.96,4.21,D
16.30597,78.48191,336.18,0.44,0.38,2026-08-21,0816,N20,VIIRS,n,2.0NRT,300.5,3.14,D
16.39512,78.57832,338.95,0.44,0.39,2026-08-21,0816,N20,VIIRS,n,2.0NRT,303.23,3.81,D
16.38151,78.17361,334.6,0.43,0.38,2026-08-21,0816,N20,VIIRS,n,2.0NRT,298.72,1.71,D
15.76939,73.70415,207.93,0.42,0.38,2026-08-21,0816,N20,VIIRS,l,2.0NRT,297.41,115.94,D
15.76875,73.70028,253.68,0.42,0.38,2026-08-21,0816,N20,VIIRS,l,2.0NRT,296.55,115.94,D
15.77281,73.70358,337.78,0.42,0.38,2026-08-21,0816,N20,VIIRS,l,2.0NRT,295.82,135.46,D
16.70696,78.27788,338.78,0.44,0.38,2026-08-21,0816,N20,VIIRS,n,2.0NRT,302.8,3.8,D
17.34807,80.77615,336.74,0.4,0.44,2026-08-21,0816,N20,VIIRS,n,2.0NRT,294.6,4.11,D
17.61271,78.17559,330.62,0.44,0.38,2026-08-21,0816,N20,VIIRS,n,2.0NRT,299.31,1.89,D
18.68586,73.04067,338.76,0.42,0.37,2026-08-21,0818,N20,VIIRS,n,2.0NRT,296.96,11.47,D
18.68608,73.04124,335.45,0.42,0.37,2026-08-21,0818,N20,VIIRS,n,2.0NRT,294.98,5.13,D
18.68543,73.03734,336.4,0.42,0.37,2026-08-21,0818,N20,VIIRS,l,2.0NRT,297.7,5.13,D
25.54232,91.23663,300.15,0.34,0.56,2026-08-21,1904,N20,VIIRS,n,2.0NRT,285.37,0.68,N
22.24438,87.38752,299.85,0.54,0.68,2026-08-21,1906,N20,VIIRS,n,2.0NRT,267.89,0.61,N
22.37936,87.28155,301.83,0.57,0.69,2026-08-21,2046,N20,VIIRS,n,2.0NRT,266.54,1.29,N
22.36782,87.30148,299.16,0.58,0.69,2026-08-21,2046,N20,VIIRS,n,2.0NRT,266.13,1.25,N
22.37672,87.2793,308.26,0.57,0.69,2026-08-21,2046,N20,VIIRS,n,2.0NRT,266.1,1.69,N
24.76488,74.60672,305.82,0.38,0.36,2026-08-21,2046,N20,VIIRS,n,2.0NRT,285.9,0.9,N
24.76429,74.6105,305.21,0.38,0.36,2026-08-21,2046,N20,VIIRS,n,2.0NRT,287,0.9,N
23.31622,70.48621,306.24,0.5,0.41,2026-08-21,2046,N20,VIIRS,n,2.0NRT,292.7,2.39,N
23.31474,70.489,305.06,0.5,0.41,2026-08-21,2046,N20,VIIRS,n,2.0NRT,292.63,2.75,N
23.79865,86.35276,296.89,0.47,0.64,2026-08-21,2046,N20,VIIRS,n,2.0NRT,264.93,0.6,N
23.80517,86.32483,299.37,0.47,0.64,2026-08-21,2046,N20,VIIRS,n,2.0NRT,271.31,0.59,N
23.67524,86.10297,304.36,0.45,0.63,2026-08-21,2046,N20,VIIRS,n,2.0NRT,276.44,1.08,N
24.93433,74.63345,309.55,0.38,0.36,2026-08-21,2046,N20,VIIRS,n,2.0NRT,284.89,1.19,N
22.38068,87.27615,299.45,0.57,0.69,2026-08-21,2046,N20,VIIRS,n,2.0NRT,267.45,1.29,N
26.60544,73.68332,305.83,0.4,0.37,2026-08-21,2046,N20,VIIRS,n,2.0NRT,291.23,0.72,N
23.66717,87.15483,301.16,0.53,0.67,2026-08-21,2046,N20,VIIRS,n,2.0NRT,271.52,1.35,N
23.66597,87.15978,298.35,0.53,0.67,2026-08-21,2046,N20,VIIRS,n,2.0NRT,271.36,1.35,N
27.79147,75.33251,308.88,0.39,0.36,2026-08-21,2046,N20,VIIRS,n,2.0NRT,292.01,1.11,N
26.87782,73.51673,305.41,0.41,0.37,2026-08-21,2046,N20,VIIRS,n,2.0NRT,293.05,1.6,N
24.92892,84.14816,300.73,0.32,0.55,2026-08-21,2046,N20,VIIRS,n,2.0NRT,280.9,0.96,N
16.87272,80.02097,306.6,0.51,0.49,2026-08-21,2049,N20,VIIRS,n,2.0NRT,290.31,2.46,N
17.29276,78.40978,307.97,0.39,0.44,2026-08-21,2049,N20,VIIRS,n,2.0NRT,289.78,0.63,N
17.37239,77.44447,303.3,0.52,0.42,2026-08-21,2049,N20,VIIRS,n,2.0NRT,290.53,1.08,N
10.24748,77.21574,338.27,0.43,0.46,2026-08-21,2051,N20,VIIRS,n,2.0NRT,278.81,3.35,N
10.24804,77.21256,317.5,0.43,0.46,2026-08-21,2051,N20,VIIRS,n,2.0NRT,276.18,3.35,N
10.24693,77.2189,300.98,0.43,0.46,2026-08-21,2051,N20,VIIRS,n,2.0NRT,275.38,1.08,N
10.24635,77.22222,299.68,0.43,0.46,2026-08-21,2051,N20,VIIRS,n,2.0NRT,272.77,1.08,N
10.24284,77.21765,304.8,0.43,0.46,2026-08-21,2051,N20,VIIRS,n,2.0NRT,270.71,1.08,N
10.04989,77.95342,306.01,0.49,0.48,2026-08-21,2051,N20,VIIRS,n,2.0NRT,271.05,1.5,N
10.09197,77.23583,313.81,0.44,0.46,2026-08-21,2051,N20,VIIRS,n,2.0NRT,274.71,1.44,N
10.0881,77.23328,303.94,0.44,0.46,2026-08-21,2051,N20,VIIRS,n,2.0NRT,273.18,1.44,N
9.25068,77.32387,328.2,0.46,0.47,2026-08-21,2051,N20,VIIRS,n,2.0NRT,282.69,2.05,N
9.24611,77.32486,312.59,0.46,0.47,2026-08-21,2051,N20,VIIRS,n,2.0NRT,283.36,2.05,N
8.74148,77.59866,313.01,0.48,0.48,2026-08-21,2051,N20,VIIRS,n,2.0NRT,287.05,2.36,N
15.34147,76.27382,319.07,0.48,0.4,2026-08-21,2051,N20,VIIRS,n,2.0NRT,288.03,1.78,N
15.34123,76.27532,314.56,0.48,0.4,2026-08-21,2051,N20,VIIRS,n,2.0NRT,288.28,1.74,N
15.33759,76.27462,307.51,0.48,0.4,2026-08-21,2051,N20,VIIRS,n,2.0NRT,287.9,1.74,N
15.33529,76.28797,301.39,0.48,0.4,2026-08-21,2051,N20,VIIRS,n,2.0NRT,287.79,0.81,N
15.0239,78.01542,303.84,0.41,0.45,2026-08-21,2051,N20,VIIRS,n,2.0NRT,280.19,0.69,N
15.17806,77.1027,300.75,0.54,0.42,2026-08-21,2051,N20,VIIRS,n,2.0NRT,284.82,1.27,N
15.17424,77.10195,302.77,0.54,0.42,2026-08-21,2051,N20,VIIRS,n,2.0NRT,284.43,1.03,N
15.226,76.76328,314.41,0.51,0.41,2026-08-21,2051,N20,VIIRS,n,2.0NRT,286.96,1.85,N
15.65858,73.9884,298.11,0.4,0.37,2026-08-21,2051,N20,VIIRS,n,2.0NRT,285.78,0.84,N
15.1848,76.66843,312.5,0.51,0.41,2026-08-21,2051,N20,VIIRS,n,2.0NRT,289.81,1.6,N
15.18107,76.66773,327.9,0.51,0.41,2026-08-21,2051,N20,VIIRS,n,2.0NRT,290.89,2.05,N
15.18605,76.63982,311.57,0.51,0.41,2026-08-21,2051,N20,VIIRS,n,2.0NRT,289.8,2.21,N
15.18023,76.67239,304.81,0.51,0.41,2026-08-21,2051,N20,VIIRS,n,2.0NRT,290.12,2.05,N
15.17984,76.65304,303.59,0.51,0.41,2026-08-21,2051,N20,VIIRS,n,2.0NRT,290.03,2.44,N
15.17901,76.65769,314.31,0.51,0.41,2026-08-21,2051,N20,VIIRS,n,2.0NRT,290.62,2.73,N
15.17567,76.67632,307.26,0.51,0.41,2026-08-21,2051,N20,VIIRS,n,2.0NRT,290.1,2.05,N
15.17318,76.69025,309.94,0.51,0.41,2026-08-21,2051,N20,VIIRS,n,2.0NRT,290.03,1.05,N
15.17528,76.65698,318.44,0.51,0.41,2026-08-21,2051,N20,VIIRS,n,2.0NRT,291.38,3.34,N
15.17028,76.68485,304.26,0.51,0.41,2026-08-21,2051,N20,VIIRS,n,2.0NRT,290.14,0.55,N
15.16905,76.6702,304.24,0.51,0.41,2026-08-21,2051,N20,VIIRS,n,2.0NRT,290.75,1.59,N
15.17469,76.65448,311.08,0.51,0.41,2026-08-21,2051,N20,VIIRS,n,2.0NRT,290.84,1.16,N
15.13799,76.7103,303.41,0.51,0.41,2026-08-21,2051,N20,VIIRS,n,2.0NRT,290.44,0.82,N
15.072,76.86435,304.88,0.52,0.42,2026-08-21,2051,N20,VIIRS,n,2.0NRT,290.77,1.57,N
10.25207,77.21416,309.08,0.43,0.46,2026-08-21,2051,N20,VIIRS,n,2.0NRT,277.14,1.82,N
10.25036,77.22395,296.03,0.43,0.46,2026-08-21,2051,N20,VIIRS,n,2.0NRT,276.56,1.04,N
12.45388,79.08898,334.18,0.42,0.38,2026-08-22,0756,N20,VIIRS,l,2.0NRT,305.99,3.62,D
9.20352,78.30371,333.68,0.5,0.41,2026-08-22,0756,N20,VIIRS,n,2.0NRT,302.82,1.62,D
9.2829,77.33524,345.97,0.57,0.43,2026-08-22,0756,N20,VIIRS,n,2.0NRT,294.58,17.53,D
9.28679,77.33433,330.81,0.57,0.43,2026-08-22,0756,N20,VIIRS,n,2.0NRT,293.38,6.25,D
9.29291,77.32247,336.47,0.57,0.43,2026-08-22,0756,N20,VIIRS,n,2.0NRT,293.93,11.93,D
9.2991,77.3353,337.3,0.57,0.43,2026-08-22,0756,N20,VIIRS,n,2.0NRT,294.32,5.79,D
10.95061,76.98169,331.47,0.56,0.43,2026-08-22,0756,N20,VIIRS,n,2.0NRT,290.59,2.18,D
11.32219,78.36883,334.58,0.47,0.4,2026-08-22,0756,N20,VIIRS,n,2.0NRT,297.03,10.39,D
11.77874,79.49855,330.79,0.42,0.37,2026-08-22,0756,N20,VIIRS,l,2.0NRT,296.19,3.48,D
11.72647,78.68995,333.28,0.45,0.39,2026-08-22,0756,N20,VIIRS,n,2.0NRT,299.04,3.48,D
15.20262,77.16927,336.63,0.48,0.4,2026-08-22,0758,N20,VIIRS,l,2.0NRT,297.13,11,D
15.20626,77.16861,336.29,0.48,0.4,2026-08-22,0758,N20,VIIRS,l,2.0NRT,295.59,8.04,D
15.2055,77.16421,342.71,0.48,0.4,2026-08-22,0758,N20,VIIRS,n,2.0NRT,297.27,11.1,D
27.42161,70.90594,342.23,0.46,0.47,2026-08-22,0801,N20,VIIRS,n,2.0NRT,303.25,4.14,D
27.43431,70.793,336.22,0.46,0.47,2026-08-22,0801,N20,VIIRS,n,2.0NRT,303.02,4.25,D
29.45857,76.8695,339.11,0.38,0.36,2026-08-22,0801,N20,VIIRS,n,2.0NRT,296.9,29.94,D
29.46125,76.86491,337.25,0.38,0.36,2026-08-22,0801,N20,VIIRS,n,2.0NRT,297.42,29.94,D
27.32765,95.27467,308.85,0.39,0.59,2026-08-22,1845,N20,VIIRS,n,2.0NRT,287.34,3.06,N
29.4581,76.86677,312.68,0.49,0.4,2026-08-22,2025,N20,VIIRS,n,2.0NRT,291.19,3.32,N
28.33879,77.21997,300.38,0.46,0.39,2026-08-22,2025,N20,VIIRS,n,2.0NRT,282.62,0.61,N
26.25696,74.09583,299.44,0.42,0.45,2026-08-22,2027,N20,VIIRS,n,2.0NRT,286.73,0.22,N
23.80441,86.32185,314.37,0.47,0.48,2026-08-22,2027,N20,VIIRS,n,2.0NRT,278.84,3.96,N
23.80258,86.33081,319.81,0.47,0.48,2026-08-22,2027,N20,VIIRS,n,2.0NRT,279.36,3.4,N
23.79793,86.35358,312.09,0.47,0.48,2026-08-22,2027,N20,VIIRS,n,2.0NRT,278.26,2.19,N
23.78159,86.345,305.43,0.47,0.48,2026-08-22,2027,N20,VIIRS,n,2.0NRT,276.18,1.65,N
23.76508,86.40316,303.43,0.48,0.48,2026-08-22,2027,N20,VIIRS,n,2.0NRT,258.66,1.05,N
23.79524,86.23467,300.12,0.47,0.47,2026-08-22,2027,N20,VIIRS,n,2.0NRT,274.38,0.42,N
23.76075,86.40213,300.03,0.48,0.48,2026-08-22,2027,N20,VIIRS,n,2.0NRT,257.5,1.05,N
23.78274,86.20814,314.32,0.46,0.47,2026-08-22,2027,N20,VIIRS,n,2.0NRT,274.92,1.46,N
23.73578,86.4348,298.59,0.48,0.48,2026-08-22,2027,N20,VIIRS,n,2.0NRT,263.15,2.34,N
23.74022,86.43286,298.64,0.48,0.48,2026-08-22,2027,N20,VIIRS,n,2.0NRT,261.79,2.53,N
23.7804,86.20914,318.35,0.46,0.47,2026-08-22,2027,N20,VIIRS,n,2.0NRT,275.53,2.25,N
23.71044,86.44514,298.48,0.48,0.48,2026-08-22,2027,N20,VIIRS,n,2.0NRT,264.09,2.3,N
23.68413,86.39545,295.78,0.48,0.48,2026-08-22,2027,N20,VIIRS,n,2.0NRT,256.81,0.66,N
23.67979,86.39445,296.27,0.48,0.48,2026-08-22,2027,N20,VIIRS,n,2.0NRT,257,0.66,N
23.75904,85.8523,301.91,0.44,0.46,2026-08-22,2027,N20,VIIRS,n,2.0NRT,277.38,1.26,N
23.75485,85.85135,305.09,0.44,0.46,2026-08-22,2027,N20,VIIRS,n,2.0NRT,277.75,1.26,N
23.78721,85.55401,307.75,0.42,0.46,2026-08-22,2027,N20,VIIRS,n,2.0NRT,278.23,0.8,N
23.6965,85.3699,313.84,0.42,0.45,2026-08-22,2027,N20,VIIRS,n,2.0NRT,280.59,1.61,N
23.65643,85.50846,301.58,0.42,0.45,2026-08-22,2027,N20,VIIRS,n,2.0NRT,272.26,0.71,N
23.74177,85.00876,306.46,0.4,0.44,2026-08-22,2027,N20,VIIRS,n,2.0NRT,283.42,1.97,N
23.64876,85.43883,317.96,0.42,0.45,2026-08-22,2027,N20,VIIRS,n,2.0NRT,280.79,2.37,N
23.72109,85.00806,305.36,0.4,0.44,2026-08-22,2027,N20,VIIRS,n,2.0NRT,282.85,0.74,N
24.76343,74.60846,309.22,0.56,0.43,2026-08-22,2027,N20,VIIRS,n,2.0NRT,291.91,1.66,N
22.87493,86.06339,307.34,0.47,0.48,2026-08-22,2027,N20,VIIRS,n,2.0NRT,276.88,0.99,N
22.80076,86.0909,311.78,0.48,0.48,2026-08-22,2027,N20,VIIRS,n,2.0NRT,282.33,2.11,N
24.661,74.63132,303.41,0.56,0.43,2026-08-22,2027,N20,VIIRS,n,2.0NRT,290.51,1.23,N
22.13482,85.38378,296.32,0.44,0.46,2026-08-22,2027,N20,VIIRS,n,2.0NRT,272.94,0.5,N
22.3208,82.56306,301.62,0.47,0.39,2026-08-22,2027,N20,VIIRS,n,2.0NRT,271.16,0.68,N
22.32,82.56749,298.3,0.47,0.39,2026-08-22,2027,N20,VIIRS,n,2.0NRT,270.71,0.68,N
22.01529,83.75329,305.48,0.54,0.42,2026-08-22,2027,N20,VIIRS,n,2.0NRT,286.03,1.78,N
21.92231,83.34942,303.87,0.51,0.41,2026-08-22,2027,N20,VIIRS,n,2.0NRT,283.87,1.9,N
22.00384,82.66708,303.09,0.48,0.4,2026-08-22,2027,N20,VIIRS,n,2.0NRT,276.74,1.15,N
22.00303,82.67159,297.66,0.48,0.4,2026-08-22,2027,N20,VIIRS,n,2.0NRT,273.93,0.95,N
21.75515,83.8454,296.76,0.55,0.43,2026-08-22,2027,N20,VIIRS,n,2.0NRT,282.97,1.12,N
21.00268,86.02658,302.8,0.51,0.49,2026-08-22,2027,N20,VIIRS,n,2.0NRT,274.23,1.06,N
20.96992,86.00403,304.73,0.51,0.49,2026-08-22,2027,N20,VIIRS,n,2.0NRT,274.33,0.91,N
20.96893,86.00884,299.75,0.51,0.49,2026-08-22,2027,N20,VIIRS,n,2.0NRT,273.37,0.91,N
20.96815,86.00194,305.77,0.51,0.49,2026-08-22,2027,N20,VIIRS,n,2.0NRT,275.25,1.79,N
20.86482,84.9866,305.73,0.44,0.46,2026-08-22,2027,N20,VIIRS,n,2.0NRT,280.83,1.38,N
20.86397,84.99087,305.36,0.44,0.46,2026-08-22,2027,N20,VIIRS,n,2.0NRT,281.18,1.38,N
21.11185,72.63547,306.57,0.44,0.46,2026-08-22,2027,N20,VIIRS,n,2.0NRT,289.53,2.42,N
21.10659,72.64334,339.42,0.44,0.46,2026-08-22,2027,N20,VIIRS,n,2.0NRT,290.38,10.55,N
21.10608,72.64758,314.44,0.44,0.46,2026-08-22,2027,N20,VIIRS,n,2.0NRT,290.11,6.91,N
21.10335,72.63428,339.93,0.44,0.46,2026-08-22,2027,N20,VIIRS,n,2.0NRT,291.35,5.75,N
16.07088,79.09984,317.51,0.4,0.37,2026-08-22,2029,N20,VIIRS,n,2.0NRT,290.36,2.05,N
11.81647,77.9164,309.18,0.4,0.37,2026-08-22,2032,N20,VIIRS,n,2.0NRT,285.3,1.24,N
11.81588,77.92001,304.56,0.4,0.37,2026-08-22,2032,N20,VIIRS,n,2.0NRT,285.52,0.85,N
11.81195,77.92308,308.09,0.4,0.37,2026-08-22,2032,N20,VIIRS,n,2.0NRT,284.27,0.85,N
11.8086,77.92253,314.27,0.4,0.37,2026-08-22,2032,N20,VIIRS,n,2.0NRT,284.16,1.3,N
11.18339,79.09859,303.85,0.44,0.38,2026-08-22,2032,N20,VIIRS,n,2.0NRT,286.39,0.93,N
11.25874,77.70227,301.2,0.4,0.37,2026-08-22,2032,N20,VIIRS,n,2.0NRT,277.19,0.33,N
10.92976,77.06505,307.27,0.39,0.36,2026-08-22,2032,N20,VIIRS,n,2.0NRT,291.69,0.81,N
10.92371,77.06046,303.12,0.39,0.36,2026-08-22,2032,N20,VIIRS,n,2.0NRT,292.05,0.32,N
10.68492,77.50858,312.86,0.39,0.37,2026-08-22,2032,N20,VIIRS,n,2.0NRT,293.28,1.24,N
10.61762,77.42123,308.25,0.39,0.36,2026-08-22,2032,N20,VIIRS,n,2.0NRT,293.57,0.95,N
10.24232,77.21516,301.37,0.39,0.36,2026-08-22,2032,N20,VIIRS,n,2.0NRT,278.85,1,N
10.23955,77.2112,300.55,0.39,0.36,2026-08-22,2032,N20,VIIRS,n,2.0NRT,279.32,1,N
10.23901,77.21459,316.59,0.39,0.36,2026-08-22,2032,N20,VIIRS,n,2.0NRT,278.66,1,N
8.74051,77.59778,296.69,0.41,0.37,2026-08-22,2032,N20,VIIRS,n,2.0NRT,268.68,0.78,N
9.9144,78.20298,338.69,0.33,0.56,2026-08-23,0737,N20,VIIRS,n,2.0NRT,294.36,5.55,D
8.44259,77.65411,340.55,0.39,0.59,2026-08-23,0737,N20,VIIRS,n,2.0NRT,301.35,2.73,D
10.90665,78.5351,345.92,0.61,0.53,2026-08-23,0737,N20,VIIRS,n,2.0NRT,292.03,19.65,D
10.90538,78.5389,341.88,0.61,0.53,2026-08-23,0737,N20,VIIRS,n,2.0NRT,291.32,10.05,D
10.90437,78.53344,340.56,0.61,0.53,2026-08-23,0737,N20,VIIRS,n,2.0NRT,292.03,10.56,D
12.66366,79.68339,333.57,0.47,0.48,2026-08-23,0737,N20,VIIRS,n,2.0NRT,295.51,3.51,D
12.83614,79.93994,330.37,0.45,0.47,2026-08-23,0737,N20,VIIRS,n,2.0NRT,300.11,7.06,D
15.13026,77.57384,332.19,0.59,0.53,2026-08-23,0737,N20,VIIRS,n,2.0NRT,286.74,3.87,D
15.18056,77.62939,339.76,0.59,0.53,2026-08-23,0737,N20,VIIRS,n,2.0NRT,281.51,7.16,D
18.70828,74.36279,342.67,0.41,0.61,2026-08-23,0739,N20,VIIRS,n,2.0NRT,289.28,4.53,D
21.1777,81.38538,334.02,0.43,0.38,2026-08-23,0739,N20,VIIRS,l,2.0NRT,292.62,6.9,D
21.1971,81.41568,330.6,0.43,0.38,2026-08-23,0739,N20,VIIRS,l,2.0NRT,293.15,4.41,D
23.67718,86.3996,334.56,0.44,0.39,2026-08-23,0739,N20,VIIRS,n,2.0NRT,296.72,8.98,D
23.68365,86.39413,342.21,0.44,0.39,2026-08-23,0739,N20,VIIRS,n,2.0NRT,297.15,4.46,D
23.68718,86.39358,330.24,0.44,0.39,2026-08-23,0739,N20,VIIRS,n,2.0NRT,296.19,4.46,D
23.67965,86.09396,336.48,0.43,0.38,2026-08-23,0739,N20,VIIRS,n,2.0NRT,291.56,7.89,D
23.73584,86.43473,337.91,0.45,0.39,2026-08-23,0739,N20,VIIRS,n,2.0NRT,294.67,6.75,D
23.75711,86.40475,335.49,0.44,0.39,2026-08-23,0739,N20,VIIRS,n,2.0NRT,296.25,5.23,D
23.76064,86.4042,333.93,0.44,0.39,2026-08-23,0739,N20,VIIRS,n,2.0NRT,294.65,5.23,D
23.78134,86.21207,330.46,0.44,0.38,2026-08-23,0739,N20,VIIRS,n,2.0NRT,294.77,2.2,D
23.80126,86.33157,336.99,0.44,0.38,2026-08-23,0739,N20,VIIRS,n,2.0NRT,292.75,3.63,D
23.80175,86.3328,333.09,0.44,0.38,2026-08-23,0739,N20,VIIRS,n,2.0NRT,293.6,2.54,D
29.45937,76.86541,330.47,0.54,0.42,2026-08-23,0741,N20,VIIRS,n,2.0NRT,295.22,1.98,D
29.45724,76.86423,336.34,0.54,0.42,2026-08-23,0741,N20,VIIRS,n,2.0NRT,295.68,5.74,D
31.26112,76.91966,300.98,0.62,0.54,2026-08-23,2006,N20,VIIRS,n,2.0NRT,289.65,0.92,N
33.29054,75.72936,299.87,0.39,0.59,2026-08-23,2006,N20,VIIRS,n,2.0NRT,284.18,0.62,N
23.67624,86.40308,309.51,0.42,0.37,2026-08-23,2008,N20,VIIRS,n,2.0NRT,288.18,1.53,N
24.66073,74.6358,299.51,0.36,0.58,2026-08-23,2008,N20,VIIRS,n,2.0NRT,287.08,1.07,N
22.37793,87.27869,334.11,0.46,0.39,2026-08-23,2008,N20,VIIRS,n,2.0NRT,285.45,5.81,N
22.36682,87.2994,315.55,0.46,0.39,2026-08-23,2008,N20,VIIRS,n,2.0NRT,284.36,2.08,N
22.36603,87.30385,304.35,0.46,0.39,2026-08-23,2008,N20,VIIRS,n,2.0NRT,283.85,1.72,N
22.36325,87.29866,304,0.46,0.39,2026-08-23,2008,N20,VIIRS,n,2.0NRT,283.68,0.94,N
22.35769,87.28828,307.75,0.46,0.39,2026-08-23,2008,N20,VIIRS,n,2.0NRT,284.78,1.02,N
22.36573,87.01741,307.35,0.45,0.39,2026-08-23,2008,N20,VIIRS,n,2.0NRT,279.63,1.01,N
22.3622,87.01669,307.52,0.45,0.39,2026-08-23,2008,N20,VIIRS,n,2.0NRT,280.69,1,N
22.05326,88.12505,307.4,0.51,0.41,2026-08-23,2008,N20,VIIRS,n,2.0NRT,282.3,2.69,N
27.37927,95.08714,301.67,0.35,0.57,2026-08-23,2008,N20,VIIRS,n,2.0NRT,268.78,0.49,N
27.32492,95.27525,299.75,0.36,0.57,2026-08-23,2008,N20,VIIRS,n,2.0NRT,268.02,0.65,N
27.31631,95.26515,296.82,0.36,0.57,2026-08-23,2008,N20,VIIRS,n,2.0NRT,265.87,0.28,N
29.46107,76.86459,308.59,0.6,0.53,2026-08-23,2008,N20,VIIRS,n,2.0NRT,290.43,3.9,N
29.45618,76.86398,333.18,0.6,0.53,2026-08-23,2008,N20,VIIRS,n,2.0NRT,290.69,3.9,N
29.46122,76.88956,307.93,0.6,0.53,2026-08-23,2008,N20,VIIRS,n,2.0NRT,290.09,3.65,N
29.45866,76.86417,337.19,0.6,0.53,2026-08-23,2008,N20,VIIRS,n,2.0NRT,290.59,6.75,N
28.83727,77.13653,303.18,0.57,0.52,2026-08-23,2008,N20,VIIRS,n,2.0NRT,287.27,2.26,N
28.35195,77.25737,303.02,0.55,0.51,2026-08-23,2008,N20,VIIRS,n,2.0NRT,285.41,3.28,N
28.35041,77.25633,305,0.55,0.51,2026-08-23,2008,N20,VIIRS,n,2.0NRT,286.05,2.99,N
26.26939,74.18853,303.21,0.4,0.6,2026-08-23,2008,N20,VIIRS,n,2.0NRT,287.36,0.91,N
24.12066,86.86448,311.8,0.43,0.38,2026-08-23,2008,N20,VIIRS,n,2.0NRT,285.06,1.33,N
24.12162,86.86566,304.33,0.43,0.38,2026-08-23,2008,N20,VIIRS,n,2.0NRT,284.77,1.56,N
24.11545,86.86011,314.86,0.43,0.38,2026-08-23,2008,N20,VIIRS,n,2.0NRT,285.22,2.03,N
23.6954,87.12105,304.06,0.44,0.38,2026-08-23,2008,N20,VIIRS,n,2.0NRT,287.84,2.35,N
23.69465,87.12528,306.24,0.44,0.38,2026-08-23,2008,N20,VIIRS,n,2.0NRT,286.94,2.37,N
23.6919,87.12032,302.54,0.44,0.38,2026-08-23,2008,N20,VIIRS,n,2.0NRT,287.44,1.86,N
23.76136,86.39938,305.61,0.42,0.37,2026-08-23,2008,N20,VIIRS,n,2.0NRT,283.78,1.31,N
23.76068,86.4034,312.84,0.42,0.37,2026-08-23,2008,N20,VIIRS,n,2.0NRT,283.52,1.63,N
23.75728,86.40272,319.82,0.42,0.37,2026-08-23,2008,N20,VIIRS,n,2.0NRT,286,1.89,N
23.75659,86.40674,302.49,0.42,0.37,2026-08-23,2008,N20,VIIRS,n,2.0NRT,285.35,1.89,N
23.75456,86.39803,305.9,0.42,0.37,2026-08-23,2008,N20,VIIRS,n,2.0NRT,286.4,2.74,N
23.75112,86.41814,307.83,0.42,0.37,2026-08-23,2008,N20,VIIRS,n,2.0NRT,285.08,1.82,N
23.73815,86.43221,314.1,0.42,0.37,2026-08-23,2008,N20,VIIRS,n,2.0NRT,282.38,1.32,N
23.73746,86.43626,305.19,0.42,0.37,2026-08-23,2008,N20,VIIRS,n,2.0NRT,280.63,1.32,N
23.68035,86.39971,304.64,0.42,0.37,2026-08-23,2008,N20,VIIRS,n,2.0NRT,286.73,1.7,N
23.67764,86.39501,317.98,0.42,0.37,2026-08-23,2008,N20,VIIRS,n,2.0NRT,288.05,1.7,N
23.67694,86.39905,319.92,0.42,0.37,2026-08-23,2008,N20,VIIRS,n,2.0NRT,288.69,1.7,N
23.5534,86.54269,298.62,0.42,0.38,2026-08-23,2008,N20,VIIRS,n,2.0NRT,284.28,0.75,N
23.54998,86.54199,298.65,0.42,0.38,2026-08-23,2008,N20,VIIRS,n,2.0NRT,282.41,0.75,N
24.66104,74.63218,300.17,0.36,0.58,2026-08-23,2008,N20,VIIRS,n,2.0NRT,287.28,1.07,N
21.10283,72.63239,315.35,0.45,0.63,2026-08-23,2010,N20,VIIRS,n,2.0NRT,288.47,1.66,N
21.10242,72.63674,303.85,0.45,0.63,2026-08-23,2010,N20,VIIRS,n,2.0NRT,288.59,1.66,N
18.68132,73.03327,296.61,0.39,0.6,2026-08-23,2010,N20,VIIRS,n,2.0NRT,286.61,1.48,N
18.68086,73.03121,297.68,0.39,0.6,2026-08-23,2010,N20,VIIRS,n,2.0NRT,285.37,1.5,N
10.07273,77.25261,322.31,0.49,0.4,2026-08-23,2012,N20,VIIRS,n,2.0NRT,288.36,2.32,N
10.88856,78.48952,318.63,0.44,0.38,2026-08-23,2012,N20,VIIRS,n,2.0NRT,291.13,3.34,N
10.07212,77.25668,332.29,0.49,0.4,2026-08-23,2012,N20,VIIRS,n,2.0NRT,290.02,2.6,N
10.07588,77.25687,302.63,0.49,0.4,2026-08-23,2012,N20,VIIRS,n,2.0NRT,288.18,2.6,N
10.07459,77.25485,309.07,0.49,0.4,2026-08-23,2012,N20,VIIRS,n,2.0NRT,288.03,1.31,N
31.25682,76.92467,299.45,0.74,0.76,2026-08-23,2146,N20,VIIRS,n,2.0NRT,287.71,1.46,N
32.00023,78.53627,343.6,0.47,0.48,2026-08-24,0724,N20,VIIRS,n,2.0NRT,309.57,8.91,D
23.68914,87.10023,300.3,0.41,0.37,2026-08-24,1949,N20,VIIRS,n,2.0NRT,277.44,0.92,N
23.76,85.85234,302.56,0.45,0.39,2026-08-24,1949,N20,VIIRS,n,2.0NRT,289.08,1.51,N
23.7594,85.85674,309.62,0.45,0.39,2026-08-24,1949,N20,VIIRS,n,2.0NRT,290.4,1.51,N
23.75644,85.85175,306.19,0.45,0.39,2026-08-24,1949,N20,VIIRS,n,2.0NRT,289.93,1.51,N
23.56024,87.24084,317.79,0.4,0.37,2026-08-24,1949,N20,VIIRS,n,2.0NRT,285.5,2.15,N
23.55686,87.24026,330.3,0.4,0.37,2026-08-24,1949,N20,VIIRS,n,2.0NRT,287.55,2.3,N
23.55629,87.24419,306.97,0.4,0.37,2026-08-24,1949,N20,VIIRS,n,2.0NRT,287.04,2.3,N
23.65765,85.50914,301.62,0.46,0.39,2026-08-24,1949,N20,VIIRS,n,2.0NRT,289.07,1.35,N
23.65687,85.50671,300.76,0.46,0.39,2026-08-24,1949,N20,VIIRS,n,2.0NRT,289.06,0.68,N
23.66972,84.99499,300.78,0.49,0.4,2026-08-24,1949,N20,VIIRS,n,2.0NRT,288.22,1.35,N
22.37741,87.27945,342.9,0.4,0.37,2026-08-24,1949,N20,VIIRS,n,2.0NRT,295.02,3.79,N
22.37798,87.27563,312.37,0.4,0.37,2026-08-24,1949,N20,VIIRS,n,2.0NRT,291.75,3.79,N
22.36729,87.30124,307.56,0.4,0.37,2026-08-24,1949,N20,VIIRS,n,2.0NRT,292.01,2.36,N
22.36395,87.30066,327.09,0.4,0.37,2026-08-24,1949,N20,VIIRS,n,2.0NRT,292.72,2.36,N
22.35897,87.28802,314.13,0.4,0.37,2026-08-24,1949,N20,VIIRS,n,2.0NRT,291.69,1.39,N
23.80593,86.32925,301.64,0.43,0.38,2026-08-24,1949,N20,VIIRS,n,2.0NRT,287.99,1.14,N
22.3584,87.29185,309.63,0.4,0.37,2026-08-24,1949,N20,VIIRS,n,2.0NRT,292.17,1.39,N
17.60995,83.20184,302.24,0.52,0.41,2026-08-24,1951,N20,VIIRS,n,2.0NRT,282.89,2.91,N
15.18525,76.66425,317.21,0.42,0.61,2026-08-24,1951,N20,VIIRS,n,2.0NRT,279.86,2.67,N
15.18397,76.67608,307.12,0.42,0.61,2026-08-24,1951,N20,VIIRS,n,2.0NRT,280.32,1.58,N
15.17959,76.6636,300.38,0.42,0.61,2026-08-24,1951,N20,VIIRS,n,2.0NRT,279.65,1.44,N
15.17831,76.67545,302.22,0.42,0.61,2026-08-24,1951,N20,VIIRS,n,2.0NRT,280.88,1.34,N
15.18871,76.6569,301.81,0.42,0.61,2026-08-24,1951,N20,VIIRS,n,2.0NRT,280.75,2.33,N
15.18643,76.67658,305.01,0.42,0.61,2026-08-24,1951,N20,VIIRS,n,2.0NRT,280.13,2.84,N
15.18214,76.66415,322.33,0.42,0.61,2026-08-24,1951,N20,VIIRS,n,2.0NRT,279.71,3.62,N
15.17784,76.65171,302.12,0.42,0.61,2026-08-24,1951,N20,VIIRS,n,2.0NRT,278.92,1.57,N
15.17738,76.65565,301.94,0.42,0.61,2026-08-24,1951,N20,VIIRS,n,2.0NRT,280.24,2.18,N
31.25751,76.92367,302.19,0.4,0.6,2026-08-24,2127,N20,VIIRS,n,2.0NRT,288.38,0.81,N
26.25711,74.09373,303.31,0.35,0.57,2026-08-24,2129,N20,VIIRS,n,2.0NRT,290.28,0.65,N
25.94493,72.19168,307.22,0.54,0.51,2026-08-24,2129,N20,VIIRS,n,2.0NRT,293.25,1.55,N
24.82048,73.09338,302.31,0.33,0.55,2026-08-24,2129,N20,VIIRS,n,2.0NRT,286.88,0.84,N
24.8207,73.09208,303.71,0.33,0.55,2026-08-24,2129,N20,VIIRS,n,2.0NRT,286.95,0.73,N
24.68919,73.00189,304.95,0.32,0.55,2026-08-24,2129,N20,VIIRS,n,2.0NRT,290.34,0.68,N
22.92938,70.10797,307.66,0.47,0.47,2026-08-24,2131,N20,VIIRS,n,2.0NRT,293.79,1.57,N
22.93402,69.69881,314.16,0.44,0.46,2026-08-24,2131,N20,VIIRS,n,2.0NRT,294.18,2.18,N
22.34236,69.87119,331,0.46,0.47,2026-08-24,2131,N20,VIIRS,n,2.0NRT,292.96,5.31,N
21.10818,72.64432,328.48,0.37,0.58,2026-08-24,2131,N20,VIIRS,n,2.0NRT,289.54,3.22,N
21.10742,72.64774,320.64,0.37,0.58,2026-08-24,2131,N20,VIIRS,n,2.0NRT,290.58,3.22,N
21.1045,72.63617,337.36,0.36,0.58,2026-08-24,2131,N20,VIIRS,n,2.0NRT,289.47,5.37,N
29.45627,76.8924,327.41,0.63,0.72,2026-08-25,0705,N20,VIIRS,n,2.0NRT,281.67,4.73,D
18.70882,74.45466,336.09,0.41,0.45,2026-08-25,0841,N20,VIIRS,n,2.0NRT,295.12,3.57,D
17.08532,79.68513,332.03,0.43,0.62,2026-08-25,0841,N20,VIIRS,n,2.0NRT,288.06,4.27,D
14.86755,79.73705,337.02,0.41,0.61,2026-08-25,0841,N20,VIIRS,n,2.0NRT,291.31,3.45,D
15.38928,75.22285,331.45,0.42,0.45,2026-08-25,0841,N20,VIIRS,n,2.0NRT,297.05,3.57,D
21.10028,72.63832,336.63,0.52,0.42,2026-08-25,0843,N20,VIIRS,n,2.0NRT,288.5,6.64,D
21.10536,72.64783,332.66,0.52,0.42,2026-08-25,0843,N20,VIIRS,n,2.0NRT,289.06,6.03,D
22.93576,69.1861,331.31,0.4,0.37,2026-08-25,0843,N20,VIIRS,n,2.0NRT,298.51,0.9,D
26.75963,83.19836,301.32,0.44,0.62,2026-08-25,1930,N20,VIIRS,n,2.0NRT,278.65,1.23,N
22.36469,87.30035,317.29,0.43,0.46,2026-08-25,1932,N20,VIIRS,n,2.0NRT,288.75,3.38,N
22.35725,87.29079,305.1,0.43,0.46,2026-08-25,1932,N20,VIIRS,n,2.0NRT,287.79,1.92,N
21.74762,83.84057,298.87,0.35,0.57,2026-08-25,1932,N20,VIIRS,n,2.0NRT,279.45,0.68,N
21.39248,81.64462,301.02,0.48,0.65,2026-08-25,1932,N20,VIIRS,n,2.0NRT,277.24,0.73,N
21.37752,81.67648,303.65,0.48,0.65,2026-08-25,1932,N20,VIIRS,n,2.0NRT,277.68,1.85,N
21.19596,81.41667,327.82,0.5,0.66,2026-08-25,1932,N20,VIIRS,n,2.0NRT,281.6,2.93,N
21.19639,81.41189,307.28,0.5,0.66,2026-08-25,1932,N20,VIIRS,n,2.0NRT,281.28,2.93,N
21.3352,78.96751,301.03,0.72,0.76,2026-08-25,1932,N20,VIIRS,n,2.0NRT,280.3,2.37,N
17.6105,83.20296,318.58,0.34,0.56,2026-08-25,1932,N20,VIIRS,n,2.0NRT,287.06,1.83,N
17.60567,83.19904,306.36,0.34,0.56,2026-08-25,1932,N20,VIIRS,n,2.0NRT,285.52,1.83,N
23.66496,87.15575,310.24,0.46,0.47,2026-08-25,1932,N20,VIIRS,n,2.0NRT,276.63,1.93,N
23.61165,87.14617,298.73,0.46,0.47,2026-08-25,1932,N20,VIIRS,n,2.0NRT,274.79,0.41,N
23.56146,87.23864,298.85,0.45,0.47,2026-08-25,1932,N20,VIIRS,n,2.0NRT,276.18,0.59,N
22.80134,86.09074,308.76,0.52,0.5,2026-08-25,1932,N20,VIIRS,n,2.0NRT,281.25,2.73,N
22.78985,86.19658,299.79,0.51,0.49,2026-08-25,1932,N20,VIIRS,n,2.0NRT,278.86,1.59,N
22.7893,86.20161,298.23,0.51,0.49,2026-08-25,1932,N20,VIIRS,n,2.0NRT,279.01,0.92,N
22.78875,86.20664,298.14,0.51,0.49,2026-08-25,1932,N20,VIIRS,n,2.0NRT,276.01,0.92,N
22.3689,87.30096,305.95,0.43,0.46,2026-08-25,1932,N20,VIIRS,n,2.0NRT,288.76,2.38,N
34.47789,73.86224,296.97,0.42,0.38,2026-08-25,2108,N20,VIIRS,n,2.0NRT,286.25,6.61,N
34.47523,73.85731,331.54,0.42,0.38,2026-08-25,2108,N20,VIIRS,n,2.0NRT,291.71,6.61,N
34.47445,73.86165,303.5,0.42,0.38,2026-08-25,2108,N20,VIIRS,n,2.0NRT,288.2,6.61,N
34.47186,73.85632,298.24,0.42,0.38,2026-08-25,2108,N20,VIIRS,n,2.0NRT,287.8,1.3,N
21.10278,72.63721,322.81,0.56,0.43,2026-08-25,2112,N20,VIIRS,n,2.0NRT,288.84,5.36,N
22.3412,69.85442,306.8,0.41,0.37,2026-08-25,2112,N20,VIIRS,n,2.0NRT,291.97,2.19,N
22.33997,69.85574,308.37,0.41,0.37,2026-08-25,2112,N20,VIIRS,n,2.0NRT,292.92,3.06,N
22.42014,69.04203,302.36,0.39,0.36,2026-08-25,2112,N20,VIIRS,n,2.0NRT,284.81,0.79,N
22.41745,69.03764,310.21,0.39,0.36,2026-08-25,2112,N20,VIIRS,n,2.0NRT,285.03,0.7,N
21.10566,72.6433,330.23,0.56,0.43,2026-08-25,2112,N20,VIIRS,n,2.0NRT,288.03,9.44,N
20.9112,71.45757,302.1,0.49,0.4,2026-08-25,2112,N20,VIIRS,n,2.0NRT,284.29,0.57,N
22.93445,69.69788,330.6,0.4,0.37,2026-08-25,2112,N20,VIIRS,n,2.0NRT,293.92,3.76,N
25.9438,72.19157,304.35,0.45,0.39,2026-08-25,2112,N20,VIIRS,n,2.0NRT,280.35,0.77,N
22.92693,69.82433,307.02,0.4,0.37,2026-08-25,2112,N20,VIIRS,n,2.0NRT,294.39,2.03,N
22.92767,70.10764,315.24,0.41,0.37,2026-08-25,2112,N20,VIIRS,n,2.0NRT,293.46,1.1,N
23.49973,68.57806,299.67,0.38,0.36,2026-08-25,2112,N20,VIIRS,n,2.0NRT,289.53,0.72,N
21.18221,81.38339,302.23,0.65,0.73,2026-08-25,2112,N20,VIIRS,n,2.0NRT,282.69,3.38,N
22.9338,69.70174,317.05,0.4,0.37,2026-08-25,2112,N20,VIIRS,n,2.0NRT,294.03,2.97,N
22.9311,69.69724,306.28,0.4,0.37,2026-08-25,2112,N20,VIIRS,n,2.0NRT,294.03,1.76,N
17.95949,80.79189,304.32,0.7,0.75,2026-08-25,2114,N20,VIIRS,n,2.0NRT,282.64,2.56,N
17.95897,80.78802,301.14,0.7,0.75,2026-08-25,2114,N20,VIIRS,n,2.0NRT,282.43,3.86,N
15.34013,76.27901,303.12,0.4,0.6,2026-08-25,2114,N20,VIIRS,n,2.0NRT,286.55,1.89,N
15.33927,76.27831,307.71,0.4,0.6,2026-08-25,2114,N20,VIIRS,n,2.0NRT,286.95,2,N
15.10937,76.80316,296.23,0.44,0.62,2026-08-25,2114,N20,VIIRS,n,2.0NRT,286.09,2.57,N
15.11204,76.8075,300.58,0.44,0.62,2026-08-25,2114,N20,VIIRS,n,2.0NRT,287.16,2.02,N
13.09371,78.80157,334.78,0.5,0.41,2026-08-26,0822,N20,VIIRS,n,2.0NRT,299.14,4.44,D
13.973,78.2289,331.1,0.48,0.4,2026-08-26,0822,N20,VIIRS,n,2.0NRT,298.76,3.09,D
14.23911,79.66386,333.76,0.39,0.44,2026-08-26,0822,N20,VIIRS,n,2.0NRT,294.68,3.12,D
14.15628,77.23994,339.33,0.43,0.38,2026-08-26,0822,N20,VIIRS,n,2.0NRT,298.39,3.71,D
15.01841,79.74989,340.98,0.4,0.44,2026-08-26,0822,N20,VIIRS,n,2.0NRT,297.14,5.67,D
15.17841,76.68213,338.03,0.42,0.38,2026-08-26,0822,N20,VIIRS,n,2.0NRT,301.96,5.5,D
15.17785,76.67822,336.4,0.42,0.38,2026-08-26,0822,N20,VIIRS,n,2.0NRT,302.7,4.7,D
15.17506,76.65867,334.39,0.42,0.38,2026-08-26,0822,N20,VIIRS,n,2.0NRT,302.05,4.09,D
15.18318,76.64153,337.25,0.42,0.38,2026-08-26,0822,N20,VIIRS,n,2.0NRT,299.05,4.17,D
15.44035,76.97665,332.95,0.44,0.38,2026-08-26,0822,N20,VIIRS,n,2.0NRT,302.63,1.86,D
15.74739,77.78989,337.15,0.48,0.4,2026-08-26,0822,N20,VIIRS,n,2.0NRT,294.81,4.12,D
15.97756,78.4123,330.46,0.52,0.41,2026-08-26,0822,N20,VIIRS,n,2.0NRT,294.78,2.89,D
16.0065,77.04945,340.97,0.44,0.39,2026-08-26,0822,N20,VIIRS,n,2.0NRT,298.13,3.84,D
15.00306,76.99864,337.96,0.43,0.38,2026-08-26,0822,N20,VIIRS,n,2.0NRT,302.29,4.52,D
9.21554,78.64903,336.71,0.45,0.39,2026-08-26,0822,N20,VIIRS,n,2.0NRT,297.98,3.51,D
9.21909,78.64851,335.48,0.45,0.39,2026-08-26,0822,N20,VIIRS,n,2.0NRT,295.48,2.52,D
9.38962,78.88501,347.44,0.46,0.39,2026-08-26,0822,N20,VIIRS,n,2.0NRT,301.32,21.77,D
9.30177,77.47569,336.04,0.41,0.37,2026-08-26,0822,N20,VIIRS,n,2.0NRT,285.33,5.73,D
9.8038,78.17648,340.06,0.43,0.38,2026-08-26,0822,N20,VIIRS,n,2.0NRT,300.91,4.38,D
10.05029,77.95355,349.07,0.43,0.38,2026-08-26,0822,N20,VIIRS,n,2.0NRT,303.31,7.84,D
10.05376,77.95303,343.77,0.43,0.38,2026-08-26,0822,N20,VIIRS,n,2.0NRT,299.95,7.84,D
10.93808,79.54315,336.15,0.52,0.41,2026-08-26,0822,N20,VIIRS,n,2.0NRT,294.31,4.04,D
11.55913,79.62791,336.44,0.53,0.42,2026-08-26,0822,N20,VIIRS,n,2.0NRT,295.58,4.14,D
11.42405,78.16054,332.79,0.45,0.39,2026-08-26,0822,N20,VIIRS,n,2.0NRT,300.25,4.18,D
11.53354,78.71278,341.68,0.48,0.4,2026-08-26,0822,N20,VIIRS,n,2.0NRT,303.65,4.61,D
11.35922,77.2625,330.28,0.41,0.37,2026-08-26,0822,N20,VIIRS,n,2.0NRT,293.57,1.86,D
11.46199,77.46516,341.29,0.42,0.38,2026-08-26,0822,N20,VIIRS,n,2.0NRT,296.66,5.71,D
11.67362,78.43934,330.64,0.46,0.39,2026-08-26,0822,N20,VIIRS,n,2.0NRT,300.06,2.19,D
12.13018,79.65379,342.13,0.54,0.42,2026-08-26,0822,N20,VIIRS,n,2.0NRT,302.82,13.42,D
12.05793,76.91864,331.26,0.41,0.37,2026-08-26,0822,N20,VIIRS,l,2.0NRT,303.36,1.61,D
12.26599,77.0015,335.46,0.41,0.37,2026-08-26,0822,N20,VIIRS,n,2.0NRT,300.16,2.81,D
12.30538,76.84256,330.79,0.41,0.37,2026-08-26,0822,N20,VIIRS,n,2.0NRT,297.18,1.44,D
12.83705,79.94056,330.38,0.39,0.44,2026-08-26,0822,N20,VIIRS,l,2.0NRT,301.2,2.86,D
12.95476,79.27879,334.78,0.53,0.42,2026-08-26,0822,N20,VIIRS,n,2.0NRT,298.13,3.78,D
16.83671,79.16844,333.57,0.39,0.44,2026-08-26,0824,N20,VIIRS,n,2.0NRT,297.69,2.33,D
19.99819,74.01125,333.16,0.39,0.36,2026-08-26,0824,N20,VIIRS,n,2.0NRT,295.9,3.21,D
21.74298,83.84299,346.9,0.45,0.63,2026-08-26,0824,N20,VIIRS,n,2.0NRT,287.63,11.6,D
21.74921,83.84696,326.92,0.45,0.63,2026-08-26,0824,N20,VIIRS,n,2.0NRT,286.66,5.28,D
21.74881,83.84253,346.63,0.45,0.63,2026-08-26,0824,N20,VIIRS,n,2.0NRT,287.28,5.28,D
21.75503,83.8465,334.17,0.45,0.63,2026-08-26,0824,N20,VIIRS,n,2.0NRT,286.35,5.28,D
21.9208,83.35326,326.38,0.42,0.61,2026-08-26,0824,N20,VIIRS,n,2.0NRT,277.14,2.84,D
21.10283,72.64758,339.05,0.38,0.36,2026-08-26,0824,N20,VIIRS,n,2.0NRT,302.09,11.92,D
21.10113,72.63656,342.14,0.38,0.36,2026-08-26,0824,N20,VIIRS,n,2.0NRT,300.87,8.04,D
21.10612,72.647,344.97,0.38,0.36,2026-08-26,0824,N20,VIIRS,n,2.0NRT,302.32,11.92,D
22.35542,82.30332,334.63,0.36,0.58,2026-08-26,0824,N20,VIIRS,n,2.0NRT,289.53,7.35,D
22.35975,82.30282,333.19,0.36,0.58,2026-08-26,0824,N20,VIIRS,n,2.0NRT,286.99,8.21,D
22.92799,70.10835,334.26,0.42,0.38,2026-08-26,0826,N20,VIIRS,l,2.0NRT,302.81,6.26,D
20.96951,85.17609,305.91,0.58,0.69,2026-08-26,1913,N20,VIIRS,n,2.0NRT,274.26,3.1,N
20.96356,85.1699,297.9,0.58,0.69,2026-08-26,1913,N20,VIIRS,n,2.0NRT,270.6,2.19,N
20.79373,85.25214,303.88,0.57,0.69,2026-08-26,1913,N20,VIIRS,n,2.0NRT,271.84,1.95,N
20.76239,85.29076,299.33,0.56,0.69,2026-08-26,1915,N20,VIIRS,n,2.0NRT,273.13,1.44,N
20.76468,85.29327,303.89,0.56,0.69,2026-08-26,1915,N20,VIIRS,n,2.0NRT,272.33,2.11,N
20.79809,85.25024,301.94,0.57,0.69,2026-08-26,1915,N20,VIIRS,n,2.0NRT,271.59,2.09,N
20.76191,85.29632,305.1,0.56,0.69,2026-08-26,1915,N20,VIIRS,n,2.0NRT,273.38,1.85,N
29.47616,76.85736,306.91,0.41,0.37,2026-08-26,2051,N20,VIIRS,n,2.0NRT,287.88,1.89,N
26.76138,83.19917,301.41,0.32,0.55,2026-08-26,2051,N20,VIIRS,n,2.0NRT,278.05,0.93,N
26.92686,73.4677,305.99,0.39,0.36,2026-08-26,2051,N20,VIIRS,n,2.0NRT,287.44,1.1,N
26.87866,73.51471,303.59,0.39,0.36,2026-08-26,2051,N20,VIIRS,n,2.0NRT,282.78,1.11,N
23.61789,86.78893,305.36,0.63,0.72,2026-08-26,2051,N20,VIIRS,n,2.0NRT,283.23,1.9,N
23.93222,72.36194,322.77,0.39,0.36,2026-08-26,2051,N20,VIIRS,n,2.0NRT,280,1.69,N
18.68196,73.03288,302.89,0.39,0.36,2026-08-26,2053,N20,VIIRS,n,2.0NRT,289.13,1.56,N
18.68135,73.03658,308.6,0.39,0.36,2026-08-26,2053,N20,VIIRS,n,2.0NRT,290.54,1.56,N
22.32132,69.88142,317.54,0.44,0.38,2026-08-26,2053,N20,VIIRS,n,2.0NRT,287.39,1.49,N
22.32085,69.8827,311.16,0.44,0.38,2026-08-26,2053,N20,VIIRS,n,2.0NRT,286.86,1.41,N
23.31464,70.48708,307.11,0.43,0.38,2026-08-26,2053,N20,VIIRS,n,2.0NRT,293.75,1.62,N
22.41633,69.0387,309,0.48,0.4,2026-08-26,2053,N20,VIIRS,n,2.0NRT,292.91,2.63,N
21.1065,72.64651,300.89,0.38,0.36,2026-08-26,2053,N20,VIIRS,n,2.0NRT,270.92,0.55,N
20.91049,71.45941,312.46,0.39,0.36,2026-08-26,2053,N20,VIIRS,n,2.0NRT,289.09,1.26,N
18.95677,73.94353,329.4,0.41,0.37,2026-08-26,2053,N20,VIIRS,n,2.0NRT,290.9,2.58,N
18.68589,73.02978,301.74,0.39,0.36,2026-08-26,2053,N20,VIIRS,n,2.0NRT,287.39,0.74,N
23.31667,70.48634,308.92,0.43,0.38,2026-08-26,2053,N20,VIIRS,n,2.0NRT,294.09,1.21,N
20.78307,85.26205,301.72,0.59,0.7,2026-08-26,2053,N20,VIIRS,n,2.0NRT,283.99,1.07,N
20.78438,85.25655,302.13,0.58,0.7,2026-08-26,2053,N20,VIIRS,n,2.0NRT,283.99,1.07,N
20.78934,85.26369,304.73,0.59,0.7,2026-08-26,2053,N20,VIIRS,n,2.0NRT,284.02,1.07,N
20.79822,85.25431,308.68,0.58,0.7,2026-08-26,2053,N20,VIIRS,n,2.0NRT,283.63,1.25,N
20.80444,85.25613,301.92,0.58,0.7,2026-08-26,2053,N20,VIIRS,n,2.0NRT,284.07,1.25,N
20.81066,85.25798,303.54,0.58,0.7,2026-08-26,2053,N20,VIIRS,n,2.0NRT,284.2,2.64,N
15.17025,76.38171,304.26,0.4,0.44,2026-08-26,2055,N20,VIIRS,n,2.0NRT,286.12,0.89,N
15.33449,76.28466,307.06,0.39,0.44,2026-08-26,2055,N20,VIIRS,n,2.0NRT,290.93,1.15,N
15.33309,76.24698,309.09,0.39,0.44,2026-08-26,2055,N20,VIIRS,n,2.0NRT,290.15,0.78,N
15.17542,77.10057,302.32,0.45,0.47,2026-08-26,2055,N20,VIIRS,n,2.0NRT,285.01,1.32,N
15.30119,76.21846,301.59,0.39,0.44,2026-08-26,2055,N20,VIIRS,n,2.0NRT,288.41,0.8,N
15.18496,76.66879,312.05,0.42,0.45,2026-08-26,2055,N20,VIIRS,n,2.0NRT,285.84,2.38,N
15.18357,76.67648,309.53,0.42,0.45,2026-08-26,2055,N20,VIIRS,n,2.0NRT,286.52,1.65,N
15.17946,76.67565,307.05,0.42,0.45,2026-08-26,2055,N20,VIIRS,n,2.0NRT,285.67,1.65,N
15.17886,76.65562,312.26,0.42,0.45,2026-08-26,2055,N20,VIIRS,n,2.0NRT,286.36,1.55,N
15.17816,76.65945,310.09,0.42,0.45,2026-08-26,2055,N20,VIIRS,n,2.0NRT,285.4,1.55,N
15.17477,76.65479,318.72,0.42,0.45,2026-08-26,2055,N20,VIIRS,n,2.0NRT,284.95,1.55,N
15.17336,76.66246,301.82,0.42,0.45,2026-08-26,2055,N20,VIIRS,n,2.0NRT,285.19,1.14,N
13.84619,79.25174,311.52,0.33,0.55,2026-08-26,2055,N20,VIIRS,n,2.0NRT,279.9,1.27,N
13.84566,79.25454,303.89,0.33,0.55,2026-08-26,2055,N20,VIIRS,n,2.0NRT,283.38,1.01,N
13.71613,79.62455,302.5,0.35,0.56,2026-08-26,2055,N20,VIIRS,n,2.0NRT,282.05,0.91,N
13.71163,79.62034,301.42,0.35,0.56,2026-08-26,2055,N20,VIIRS,n,2.0NRT,282.07,1.07,N
11.80962,77.92208,298.71,0.58,0.52,2026-08-26,2055,N20,VIIRS,n,2.0NRT,276.25,0.74,N
9.12931,77.84509,337.52,0.44,0.39,2026-08-27,0803,N20,VIIRS,l,2.0NRT,305.71,5.56,D
9.23964,77.81049,339.38,0.44,0.39,2026-08-27,0803,N20,VIIRS,l,2.0NRT,303.83,8.89,D
9.27336,77.94791,337.78,0.44,0.38,2026-08-27,0803,N20,VIIRS,l,2.0NRT,304.71,10.83,D
8.95087,77.90591,336.68,0.44,0.38,2026-08-27,0803,N20,VIIRS,l,2.0NRT,302.71,2.82,D
9.9415,78.59012,334.4,0.41,0.37,2026-08-27,0803,N20,VIIRS,n,2.0NRT,301.16,2.2,D
9.82798,77.77052,338.56,0.44,0.38,2026-08-27,0803,N20,VIIRS,l,2.0NRT,302.91,6.26,D
11.03126,77.58949,337.59,0.43,0.38,2026-08-27,0803,N20,VIIRS,n,2.0NRT,302.98,4.28,D
11.03474,77.58891,337.28,0.43,0.38,2026-08-27,0803,N20,VIIRS,n,2.0NRT,302.23,4.86,D
12.09427,77.76483,335.49,0.42,0.38,2026-08-27,0805,N20,VIIRS,l,2.0NRT,302.06,9.48,D
11.70355,78.596,334.69,0.4,0.37,2026-08-27,0805,N20,VIIRS,l,2.0NRT,301.31,6.34,D
12.05728,79.84831,333.91,0.38,0.36,2026-08-27,0805,N20,VIIRS,n,2.0NRT,298.98,2.33,D
12.1972,79.71706,332.4,0.38,0.36,2026-08-27,0805,N20,VIIRS,n,2.0NRT,296.25,2.8,D
12.29649,78.82146,334.91,0.39,0.36,2026-08-27,0805,N20,VIIRS,n,2.0NRT,300.14,3.56,D
15.81279,79.73833,335.02,0.39,0.36,2026-08-27,0805,N20,VIIRS,n,2.0NRT,289.59,3.1,D
17.36462,75.19918,335.39,0.47,0.4,2026-08-27,0805,N20,VIIRS,l,2.0NRT,305.04,8.72,D
22.7993,86.09131,332.6,0.32,0.54,2026-08-27,0805,N20,VIIRS,n,2.0NRT,290.28,2.85,D
20.79344,85.25465,352.45,0.53,0.5,2026-08-27,0807,N20,VIIRS,n,2.0NRT,289.7,11.97,D
20.96367,85.19029,330.49,0.53,0.5,2026-08-27,0807,N20,VIIRS,n,2.0NRT,291.14,6.6,D
20.96309,85.18516,332.56,0.53,0.5,2026-08-27,0807,N20,VIIRS,n,2.0NRT,291.41,9.71,D
31.58428,75.88541,336.5,0.39,0.36,2026-08-27,0807,N20,VIIRS,n,2.0NRT,299.75,7.07,D
26.6315,70.38902,341.86,0.41,0.45,2026-08-27,0807,N20,VIIRS,n,2.0NRT,300.88,6.8,D
20.79426,85.25369,341.39,0.53,0.5,2026-08-27,0807,N20,VIIRS,n,2.0NRT,289.95,9.18,D
29.90619,74.94877,309.91,0.51,0.41,2026-08-27,2032,N20,VIIRS,n,2.0NRT,294.78,1.73,N
29.91374,74.95001,317.18,0.51,0.41,2026-08-27,2032,N20,VIIRS,n,2.0NRT,296.17,15.45,N
29.90996,74.94939,349.11,0.51,0.41,2026-08-27,2032,N20,VIIRS,n,2.0NRT,300.01,15.45,N
29.91061,74.94411,315.32,0.51,0.41,2026-08-27,2032,N20,VIIRS,n,2.0NRT,294.79,15.45,N
29.90931,74.95467,310.35,0.51,0.41,2026-08-27,2032,N20,VIIRS,n,2.0NRT,296.01,2.55,N
29.45695,76.86645,325,0.42,0.38,2026-08-27,2032,N20,VIIRS,n,2.0NRT,294.44,2.18,N
23.55796,87.23771,309.96,0.34,0.56,2026-08-27,2034,N20,VIIRS,n,2.0NRT,268.63,1.5,N
23.56014,87.23705,302.58,0.34,0.56,2026-08-27,2034,N20,VIIRS,n,2.0NRT,268.41,0.64,N
23.55943,87.2403,303.16,0.34,0.56,2026-08-27,2034,N20,VIIRS,n,2.0NRT,268.87,0.64,N
23.56168,87.08423,296.94,0.33,0.56,2026-08-27,2034,N20,VIIRS,n,2.0NRT,264.64,0.31,N
25.94402,72.18896,306.37,0.43,0.46,2026-08-27,2034,N20,VIIRS,n,2.0NRT,291.48,1.26,N
22.37985,87.27941,320.47,0.36,0.58,2026-08-27,2034,N20,VIIRS,n,2.0NRT,279.73,1.3,N
22.38062,87.27596,304,0.36,0.58,2026-08-27,2034,N20,VIIRS,n,2.0NRT,279.93,1.3,N
22.37007,87.29873,302.4,0.36,0.58,2026-08-27,2034,N20,VIIRS,n,2.0NRT,277.69,1.6,N
22.36412,87.30086,309.14,0.36,0.58,2026-08-27,2034,N20,VIIRS,n,2.0NRT,277.95,1.91,N
23.11632,70.08329,303.57,0.54,0.5,2026-08-27,2034,N20,VIIRS,n,2.0NRT,288.7,1.73,N
21.11086,72.63392,297.67,0.53,0.42,2026-08-27,2034,N20,VIIRS,n,2.0NRT,269.91,0.95,N
17.95691,80.79494,321.04,0.52,0.42,2026-08-27,2036,N20,VIIRS,n,2.0NRT,291.35,3.85,N
17.9587,80.7852,305.22,0.52,0.42,2026-08-27,2036,N20,VIIRS,n,2.0NRT,290.86,1.44,N
17.95781,80.79008,305.78,0.52,0.42,2026-08-27,2036,N20,VIIRS,n,2.0NRT,290.77,1.44,N
17.95779,80.79296,325.37,0.52,0.42,2026-08-27,2036,N20,VIIRS,n,2.0NRT,291.51,2.27,N
17.95866,80.7881,307.84,0.52,0.42,2026-08-27,2036,N20,VIIRS,n,2.0NRT,291.04,2.27,N
17.46451,80.65163,306.31,0.52,0.42,2026-08-27,2036,N20,VIIRS,n,2.0NRT,291.11,1.53,N
17.37144,77.44598,308.66,0.39,0.36,2026-08-27,2036,N20,VIIRS,n,2.0NRT,292.75,0.9,N
17.14186,77.1844,313.21,0.39,0.36,2026-08-27,2036,N20,VIIRS,n,2.0NRT,292.77,1.4,N
17.13972,77.17654,308.27,0.39,0.36,2026-08-27,2036,N20,VIIRS,n,2.0NRT,292.26,1.22,N
17.06305,76.97786,312.97,0.39,0.36,2026-08-27,2036,N20,VIIRS,n,2.0NRT,291.9,1.5,N
15.84508,79.77524,311.52,0.49,0.41,2026-08-27,2036,N20,VIIRS,n,2.0NRT,291.09,1.2,N
15.84314,79.77197,313.9,0.49,0.41,2026-08-27,2036,N20,VIIRS,n,2.0NRT,290.13,1.41,N
16.65075,74.31296,303.68,0.41,0.37,2026-08-27,2036,N20,VIIRS,n,2.0NRT,289.91,1.22,N
15.99172,78.39793,311.61,0.43,0.38,2026-08-27,2036,N20,VIIRS,n,2.0NRT,291.91,2.61,N
15.93414,78.26305,311.11,0.42,0.38,2026-08-27,2036,N20,VIIRS,n,2.0NRT,292.98,2.6,N
15.33814,76.27811,331.25,0.39,0.36,2026-08-27,2036,N20,VIIRS,n,2.0NRT,291.87,3.12,N
15.3337,76.28465,314.4,0.39,0.36,2026-08-27,2036,N20,VIIRS,n,2.0NRT,291.46,0.98,N
15.18383,76.66673,310.39,0.39,0.36,2026-08-27,2036,N20,VIIRS,n,2.0NRT,272.53,2.11,N
15.17896,76.65481,304.88,0.39,0.36,2026-08-27,2036,N20,VIIRS,n,2.0NRT,280.47,1.3,N
15.17837,76.6584,305.75,0.39,0.36,2026-08-27,2036,N20,VIIRS,n,2.0NRT,281.15,1.42,N
15.17311,76.69072,304.56,0.39,0.36,2026-08-27,2036,N20,VIIRS,n,2.0NRT,262.63,1.07,N
15.17565,76.65424,313.9,0.39,0.36,2026-08-27,2036,N20,VIIRS,n,2.0NRT,276.75,1.3,N
15.17506,76.65783,308.19,0.39,0.36,2026-08-27,2036,N20,VIIRS,n,2.0NRT,279.7,1.42,N
15.16954,76.67191,312.8,0.39,0.36,2026-08-27,2036,N20,VIIRS,n,2.0NRT,288.34,2.47,N
15.16878,76.38122,305.46,0.39,0.36,2026-08-27,2036,N20,VIIRS,n,2.0NRT,285.14,1.21,N
13.82722,79.25863,311.67,0.49,0.41,2026-08-27,2036,N20,VIIRS,n,2.0NRT,291.84,1.24,N
13.39423,80.09978,310.06,0.56,0.43,2026-08-27,2036,N20,VIIRS,n,2.0NRT,294.26,1.02,N
13.39338,80.10246,309.41,0.56,0.43,2026-08-27,2036,N20,VIIRS,n,2.0NRT,294.36,1.67,N
12.91795,77.42487,300.73,0.42,0.38,2026-08-27,2038,N20,VIIRS,n,2.0NRT,290.06,0.66,N
12.64644,77.78779,297.84,0.44,0.38,2026-08-27,2038,N20,VIIRS,n,2.0NRT,285.68,0.22,N
12.24076,78.06161,315.57,0.45,0.39,2026-08-27,2038,N20,VIIRS,n,2.0NRT,293.7,1.02,N
11.81844,77.91795,306.9,0.45,0.39,2026-08-27,2038,N20,VIIRS,n,2.0NRT,280.05,0.67,N
11.81491,77.91734,307.82,0.45,0.39,2026-08-27,2038,N20,VIIRS,n,2.0NRT,281.99,1.2,N
11.81067,77.92082,315.05,0.45,0.39,2026-08-27,2038,N20,VIIRS,n,2.0NRT,281.52,0.98,N
11.80997,77.92491,298.4,0.45,0.39,2026-08-27,2038,N20,VIIRS,n,2.0NRT,278.41,0.98,N
11.1818,79.10095,308.51,0.52,0.42,2026-08-27,2038,N20,VIIRS,n,2.0NRT,292.24,2.46,N
11.1106,77.76625,305.12,0.45,0.39,2026-08-27,2038,N20,VIIRS,n,2.0NRT,293.15,0.44,N
10.61681,77.42193,304.47,0.44,0.38,2026-08-27,2038,N20,VIIRS,n,2.0NRT,293.73,0.58,N
10.59377,77.43021,304.6,0.44,0.38,2026-08-27,2038,N20,VIIRS,n,2.0NRT,293.55,0.34,N
9.49392,77.62406,314.42,0.46,0.39,2026-08-27,2038,N20,VIIRS,n,2.0NRT,287.72,1.32,N
8.30496,77.64027,311.47,0.48,0.4,2026-08-27,2038,N20,VIIRS,n,2.0NRT,293.23,2.34,N
8.56677,78.0841,336.43,0.56,0.51,2026-08-28,0744,N20,VIIRS,n,2.0NRT,298.27,5.17,D
8.72984,78.1073,341.09,0.55,0.51,2026-08-28,0744,N20,VIIRS,n,2.0NRT,303.37,5.48,D
8.71155,77.97672,334.12,0.56,0.52,2026-08-28,0744,N20,VIIRS,n,2.0NRT,303.01,3.26,D
8.71066,77.97169,336.06,0.56,0.52,2026-08-28,0744,N20,VIIRS,n,2.0NRT,303.05,3.26,D
8.71625,77.97591,332.03,0.56,0.52,2026-08-28,0744,N20,VIIRS,n,2.0NRT,301.28,4.69,D
8.78832,78.11234,330.5,0.55,0.51,2026-08-28,0744,N20,VIIRS,l,2.0NRT,300.76,2.63,D
8.84528,78.0387,334.87,0.56,0.51,2026-08-28,0744,N20,VIIRS,n,2.0NRT,303.61,3.18,D
8.98831,77.81923,339.23,0.57,0.52,2026-08-28,0744,N20,VIIRS,n,2.0NRT,301.93,1.85,D
8.98947,77.82053,338.15,0.57,0.52,2026-08-28,0744,N20,VIIRS,n,2.0NRT,302.18,3.48,D
9.28083,78.39944,338.08,0.52,0.5,2026-08-28,0744,N20,VIIRS,n,2.0NRT,298.15,2.22,D
9.28004,78.3948,344.7,0.52,0.5,2026-08-28,0744,N20,VIIRS,n,2.0NRT,298.62,7.43,D
9.28536,78.39864,332.63,0.52,0.5,2026-08-28,0744,N20,VIIRS,n,2.0NRT,298.54,2.22,D
9.18515,77.78957,336.57,0.57,0.52,2026-08-28,0744,N20,VIIRS,n,2.0NRT,299.73,8.65,D
9.18577,77.78692,337.19,0.57,0.52,2026-08-28,0744,N20,VIIRS,n,2.0NRT,298.88,9.06,D
9.30402,78.39236,330.72,0.52,0.5,2026-08-28,0744,N20,VIIRS,n,2.0NRT,299.51,3.83,D
9.37273,78.62408,336.3,0.5,0.49,2026-08-28,0744,N20,VIIRS,n,2.0NRT,301.6,3.75,D
9.7363,78.57832,337.02,0.49,0.49,2026-08-28,0744,N20,VIIRS,n,2.0NRT,300.99,2.12,D
9.73857,78.34991,341.77,0.51,0.49,2026-08-28,0744,N20,VIIRS,n,2.0NRT,303.77,5.67,D
9.73959,78.34672,340.85,0.51,0.49,2026-08-28,0744,N20,VIIRS,n,2.0NRT,303.08,5.32,D
9.88019,78.4741,337.89,0.5,0.49,2026-08-28,0744,N20,VIIRS,n,2.0NRT,302.38,1.87,D
9.96297,78.39445,330.37,0.5,0.49,2026-08-28,0744,N20,VIIRS,l,2.0NRT,300.83,1.75,D
9.96105,78.39642,330.65,0.5,0.49,2026-08-28,0744,N20,VIIRS,n,2.0NRT,299.87,0.94,D
9.94673,78.18559,332.32,0.52,0.5,2026-08-28,0744,N20,VIIRS,n,2.0NRT,300.34,2.94,D
9.93117,78.07159,339.46,0.53,0.5,2026-08-28,0744,N20,VIIRS,n,2.0NRT,300.45,5.4,D
10.06681,78.36839,330.13,0.5,0.49,2026-08-28,0744,N20,VIIRS,l,2.0NRT,301.82,1.8,D
10.59022,78.85231,333.44,0.46,0.47,2026-08-28,0744,N20,VIIRS,n,2.0NRT,292.16,2.93,D
10.81325,78.80896,331.45,0.46,0.47,2026-08-28,0744,N20,VIIRS,n,2.0NRT,293.85,2.33,D
11.24627,77.77045,337.19,0.53,0.5,2026-08-28,0744,N20,VIIRS,n,2.0NRT,297.88,3.3,D
11.24631,77.76821,335.77,0.53,0.5,2026-08-28,0744,N20,VIIRS,n,2.0NRT,297.73,3.18,D
11.62135,79.67422,342.53,0.39,0.44,2026-08-28,0744,N20,VIIRS,n,2.0NRT,297.44,3.31,D
11.97214,79.74477,343.23,0.38,0.43,2026-08-28,0744,N20,VIIRS,n,2.0NRT,294.73,2.69,D
11.9761,79.74409,340.97,0.38,0.43,2026-08-28,0744,N20,VIIRS,n,2.0NRT,294.31,3.39,D
12.63144,79.54516,330.25,0.39,0.44,2026-08-28,0744,N20,VIIRS,n,2.0NRT,298.38,1.88,D
14.49,79.71088,344.64,0.53,0.42,2026-08-28,0744,N20,VIIRS,n,2.0NRT,305.11,6.55,D
21.74754,83.84375,344.84,0.4,0.37,2026-08-28,0746,N20,VIIRS,n,2.0NRT,293.22,5.74,D
14.59493,77.66154,334.05,0.47,0.48,2026-08-28,0746,N20,VIIRS,n,2.0NRT,301.79,3.27,D
15.08822,79.77559,344.05,0.52,0.41,2026-08-28,0746,N20,VIIRS,n,2.0NRT,304.02,14.93,D
15.089,79.77787,336.56,0.52,0.41,2026-08-28,0746,N20,VIIRS,n,2.0NRT,303.76,21.57,D
14.66086,75.65631,367,0.32,0.54,2026-08-28,0746,N20,VIIRS,h,2.0NRT,295.26,12.84,D
14.66031,75.6534,336.45,0.32,0.54,2026-08-28,0746,N20,VIIRS,n,2.0NRT,293.69,12.84,D
14.65638,75.65396,339.8,0.64,0.54,2026-08-28,0746,N20,VIIRS,n,2.0NRT,295.19,12.07,D
14.66129,75.6529,330.09,0.64,0.54,2026-08-28,0746,N20,VIIRS,n,2.0NRT,293.6,8.89,D
14.66463,79.55208,332.52,0.54,0.42,2026-08-28,0746,N20,VIIRS,l,2.0NRT,303.65,3.81,D
22.37538,87.27899,330.44,0.57,0.43,2026-08-28,0746,N20,VIIRS,n,2.0NRT,292.8,10.47,D
21.76207,83.84924,333.38,0.4,0.37,2026-08-28,0746,N20,VIIRS,n,2.0NRT,291.87,4.28,D
21.75426,83.84266,336.85,0.4,0.37,2026-08-28,0746,N20,VIIRS,n,2.0NRT,291.59,4.53,D
15.32899,78.96827,332.13,0.57,0.43,2026-08-28,0746,N20,VIIRS,n,2.0NRT,300.66,4.34,D
15.63525,79.5853,340.53,0.52,0.41,2026-08-28,0746,N20,VIIRS,n,2.0NRT,304.83,7.27,D
15.73366,79.84308,335.64,0.5,0.41,2026-08-28,0746,N20,VIIRS,n,2.0NRT,300.32,4.96,D
15.99496,78.3997,331.18,0.4,0.44,2026-08-28,0746,N20,VIIRS,n,2.0NRT,296.42,1.68,D
16.13124,77.82779,354.31,0.43,0.46,2026-08-28,0746,N20,VIIRS,n,2.0NRT,298.26,10.46,D
16.13541,77.827,340.62,0.43,0.46,2026-08-28,0746,N20,VIIRS,n,2.0NRT,296.55,6.35,D
20.9654,86.01233,334.34,0.47,0.4,2026-08-28,0746,N20,VIIRS,n,2.0NRT,283.91,3.23,D
20.96903,86.01181,331.01,0.47,0.4,2026-08-28,0746,N20,VIIRS,n,2.0NRT,284.62,3.23,D
21.74418,83.84429,334.37,0.4,0.37,2026-08-28,0746,N20,VIIRS,n,2.0NRT,290.9,5.74,D
21.74363,83.84044,332.72,0.4,0.37,2026-08-28,0746,N20,VIIRS,n,2.0NRT,291.66,5.74,D
23.80325,86.33153,341.8,0.52,0.42,2026-08-28,0748,N20,VIIRS,n,2.0NRT,289.84,5.56,D
25.03555,87.38821,331.96,0.41,0.45,2026-08-28,0748,N20,VIIRS,n,2.0NRT,295.33,3.03,D
27.43482,70.8578,340,0.35,0.57,2026-08-28,0750,N20,VIIRS,n,2.0NRT,304.94,2.03,D
26.26645,74.18758,305.63,0.32,0.55,2026-08-28,2014,N20,VIIRS,n,2.0NRT,294.62,0.62,N
26.26726,74.18773,305.62,0.32,0.55,2026-08-28,2014,N20,VIIRS,n,2.0NRT,294.02,1.44,N
25.94442,72.18835,312.48,0.43,0.62,2026-08-28,2014,N20,VIIRS,n,2.0NRT,294.26,1.62,N
27.37636,95.08469,301.57,0.44,0.62,2026-08-28,2014,N20,VIIRS,n,2.0NRT,286.52,2.8,N
25.03661,87.38615,304.83,0.51,0.41,2026-08-28,2014,N20,VIIRS,n,2.0NRT,280.05,0.69,N
13.89451,77.03326,305.16,0.46,0.39,2026-08-28,2017,N20,VIIRS,n,2.0NRT,285.58,0.97,N
13.89907,76.56499,301.18,0.49,0.4,2026-08-28,2017,N20,VIIRS,n,2.0NRT,286.98,0.8,N
12.25146,79.63464,300.56,0.38,0.36,2026-08-28,2017,N20,VIIRS,n,2.0NRT,276.78,0.53,N
11.81577,77.91728,304.87,0.41,0.37,2026-08-28,2017,N20,VIIRS,n,2.0NRT,276.13,1.06,N
19.82014,79.23772,295.83,0.43,0.38,2026-08-28,2017,N20,VIIRS,n,2.0NRT,277.78,0.73,N
11.8118,77.92049,315.54,0.41,0.37,2026-08-28,2017,N20,VIIRS,n,2.0NRT,276.22,1.99,N
11.53513,77.22146,301.93,0.43,0.38,2026-08-28,2017,N20,VIIRS,n,2.0NRT,275.99,0.36,N
11.18338,79.09915,298.56,0.39,0.36,2026-08-28,2017,N20,VIIRS,n,2.0NRT,270.63,0.49,N
11.14093,77.35009,300.35,0.42,0.38,2026-08-28,2017,N20,VIIRS,n,2.0NRT,280.83,0.38,N
11.04049,77.71588,304.81,0.41,0.37,2026-08-28,2017,N20,VIIRS,n,2.0NRT,280.31,0.56,N
21.10907,72.63943,302.13,0.35,0.57,2026-08-28,2017,N20,VIIRS,n,2.0NRT,290.48,1.98,N
17.95774,80.78719,307.39,0.39,0.36,2026-08-28,2017,N20,VIIRS,n,2.0NRT,289.28,0.9,N
17.95662,80.79441,331.26,0.39,0.36,2026-08-28,2017,N20,VIIRS,n,2.0NRT,289.65,3.13,N
19.93703,73.71011,308.78,0.58,0.52,2026-08-28,2017,N20,VIIRS,n,2.0NRT,289.52,1.25,N
22.26705,75.13366,303.97,0.5,0.49,2026-08-28,2017,N20,VIIRS,n,2.0NRT,288.88,0.85,N
21.10903,72.64254,308.26,0.35,0.57,2026-08-28,2017,N20,VIIRS,n,2.0NRT,289.08,1.78,N
21.10835,72.64621,304.31,0.35,0.57,2026-08-28,2017,N20,VIIRS,n,2.0NRT,289.19,1.08,N
21.10871,72.64282,299.25,0.35,0.57,2026-08-28,2017,N20,VIIRS,n,2.0NRT,288.27,1.08,N
19.96314,79.33248,308.63,0.42,0.38,2026-08-28,2017,N20,VIIRS,n,2.0NRT,273.61,1.21,N
21.10869,72.64594,317.01,0.35,0.57,2026-08-28,2017,N20,VIIRS,n,2.0NRT,291.29,1.78,N
21.1097,72.63574,301.04,0.35,0.57,2026-08-28,2017,N20,VIIRS,n,2.0NRT,287.97,2.49,N
13.71465,79.62251,310.35,0.39,0.36,2026-08-28,2017,N20,VIIRS,n,2.0NRT,288.38,1.61,N
13.71189,79.61842,305.98,0.39,0.36,2026-08-28,2017,N20,VIIRS,n,2.0NRT,288.23,1.23,N
15.1825,76.64178,330.42,0.5,0.41,2026-08-28,2019,N20,VIIRS,n,2.0NRT,292.13,4.32,N
10.61592,77.42117,301.41,0.42,0.37,2026-08-28,2019,N20,VIIRS,n,2.0NRT,284.19,0.45,N
8.85032,78.13471,308.67,0.39,0.36,2026-08-28,2019,N20,VIIRS,n,2.0NRT,294.67,0.43,N
8.6718,77.99409,309.52,0.39,0.36,2026-08-28,2019,N20,VIIRS,n,2.0NRT,294.29,0.44,N
8.66846,77.99356,309.13,0.39,0.36,2026-08-28,2019,N20,VIIRS,n,2.0NRT,294.69,0.44,N
17.14254,77.18425,305.29,0.49,0.4,2026-08-28,2019,N20,VIIRS,n,2.0NRT,290.03,0.8,N
17.14009,77.17446,305.66,0.49,0.41,2026-08-28,2019,N20,VIIRS,n,2.0NRT,290.32,1.09,N
17.0624,76.98022,307.14,0.5,0.41,2026-08-28,2019,N20,VIIRS,n,2.0NRT,288.72,1.3,N
16.09608,79.16954,307.79,0.4,0.37,2026-08-28,2019,N20,VIIRS,n,2.0NRT,279.43,0.87,N
15.98432,79.14418,304.46,0.4,0.37,2026-08-28,2019,N20,VIIRS,n,2.0NRT,272.88,1.04,N
15.89742,79.43373,298.3,0.4,0.37,2026-08-28,2019,N20,VIIRS,n,2.0NRT,261.11,0.61,N
15.13364,79.95895,311.16,0.39,0.36,2026-08-28,2019,N20,VIIRS,n,2.0NRT,282.7,1.59,N
15.33618,76.28429,304.01,0.52,0.42,2026-08-28,2019,N20,VIIRS,n,2.0NRT,289.95,1.01,N
15.17731,77.1031,305.59,0.47,0.4,2026-08-28,2019,N20,VIIRS,n,2.0NRT,291.33,1.81,N
15.17739,77.10064,305.28,0.47,0.4,2026-08-28,2019,N20,VIIRS,n,2.0NRT,291.59,1.3,N
15.17368,76.78575,304.27,0.49,0.4,2026-08-28,2019,N20,VIIRS,n,2.0NRT,291.11,1.18,N
15.183,76.66542,321.1,0.5,0.41,2026-08-28,2019,N20,VIIRS,n,2.0NRT,292.07,2.73,N
15.18056,76.65565,306.01,0.5,0.41,2026-08-28,2019,N20,VIIRS,n,2.0NRT,291.74,2.43,N
15.17798,76.6741,305.04,0.5,0.41,2026-08-28,2019,N20,VIIRS,n,2.0NRT,291.74,1.45,N
15.1754,76.69256,315.2,0.5,0.41,2026-08-28,2019,N20,VIIRS,n,2.0NRT,291.4,1.87,N
15.17683,76.65511,332.64,0.5,0.41,2026-08-28,2019,N20,VIIRS,n,2.0NRT,293.92,2.43,N
15.11159,76.8063,303.23,0.49,0.4,2026-08-28,2019,N20,VIIRS,n,2.0NRT,290.45,0.89,N
14.60621,78.52273,308.2,0.41,0.37,2026-08-28,2019,N20,VIIRS,n,2.0NRT,289.18,1.33,N
25.9441,72.19492,304.05,0.66,0.73,2026-08-28,2155,N20,VIIRS,n,2.0NRT,291.75,1.16,N
25.9405,72.1935,303.76,0.66,0.73,2026-08-28,2155,N20,VIIRS,n,2.0NRT,291.23,0.95,N
9.3622,78.73381,332.95,0.52,0.67,2026-08-29,0724,N20,VIIRS,n,2.0NRT,284.66,4.63,D
14.55055,79.80936,349.62,0.35,0.57,2026-08-29,0726,N20,VIIRS,n,2.0NRT,294.78,4.3,D
14.6517,77.66785,340.19,0.49,0.65,2026-08-29,0726,N20,VIIRS,n,2.0NRT,289.79,4.18,D
14.65011,77.66823,336.82,0.49,0.65,2026-08-29,0726,N20,VIIRS,n,2.0NRT,290.02,5.27,D
10.40738,79.5165,354.22,0.44,0.62,2026-08-29,0726,N20,VIIRS,n,2.0NRT,289.07,6.75,D
10.98918,78.7616,330.06,0.48,0.65,2026-08-29,0726,N20,VIIRS,n,2.0NRT,288.64,3.86,D
12.20977,79.82823,332.09,0.39,0.59,2026-08-29,0726,N20,VIIRS,n,2.0NRT,295.71,2.73,D
13.56609,79.58166,331.28,0.38,0.59,2026-08-29,0726,N20,VIIRS,n,2.0NRT,294.21,2.31,D
14.54888,79.80931,348.89,0.35,0.57,2026-08-29,0726,N20,VIIRS,n,2.0NRT,295.27,3.21,D
25.03602,87.38899,335.28,0.39,0.36,2026-08-29,0729,N20,VIIRS,n,2.0NRT,295.29,3.58,D
23.68707,87.12255,331.22,0.39,0.36,2026-08-29,0729,N20,VIIRS,n,2.0NRT,295.74,3.21,D
31.65889,78.40624,336.85,0.4,0.44,2026-08-29,0731,N20,VIIRS,l,2.0NRT,309.66,5.95,D
28.26528,94.83472,346.8,0.33,0.55,2026-08-29,0731,N20,VIIRS,n,2.0NRT,291.97,4.26,D
8.64795,77.84141,330.38,0.68,0.74,2026-08-29,0905,N20,VIIRS,n,2.0NRT,283.86,3.16,D
29.46308,76.88765,309.87,0.47,0.64,2026-08-29,1953,N20,VIIRS,n,2.0NRT,275.01,1.01,N
29.46341,76.88279,298.15,0.47,0.64,2026-08-29,1953,N20,VIIRS,n,2.0NRT,275.22,1.01,N
22.37691,87.27876,322.63,0.38,0.36,2026-08-29,1955,N20,VIIRS,n,2.0NRT,272.46,2.35,N
22.36415,87.0177,300.28,0.38,0.36,2026-08-29,1955,N20,VIIRS,n,2.0NRT,272.12,0.68,N
22.36086,87.01711,305.35,0.38,0.36,2026-08-29,1955,N20,VIIRS,n,2.0NRT,272.58,0.68,N
28.66509,77.57698,306.44,0.42,0.61,2026-08-29,1955,N20,VIIRS,n,2.0NRT,286.13,0.68,N
23.54915,86.54485,302.9,0.39,0.36,2026-08-29,1955,N20,VIIRS,n,2.0NRT,274.32,0.93,N
22.36679,87.29976,303.34,0.38,0.36,2026-08-29,1955,N20,VIIRS,n,2.0NRT,263.87,0.5,N
13.8353,79.33482,308.27,0.42,0.45,2026-08-29,2000,N20,VIIRS,n,2.0NRT,286.56,1.42,N
11.47695,77.50159,298.16,0.52,0.5,2026-08-29,2000,N20,VIIRS,n,2.0NRT,278.39,0.36,N
11.47617,77.50427,301.06,0.52,0.5,2026-08-29,2000,N20,VIIRS,n,2.0NRT,278.95,0.54,N
11.17766,79.08904,301.17,0.4,0.44,2026-08-29,2000,N20,VIIRS,n,2.0NRT,279.92,0.51,N
10.94382,78.46944,298.61,0.44,0.46,2026-08-29,2000,N20,VIIRS,n,2.0NRT,278.11,0.31,N
10.93958,78.46883,338.63,0.44,0.46,2026-08-29,2000,N20,VIIRS,n,2.0NRT,278.32,2.72,N
10.94012,78.46482,300.86,0.44,0.46,2026-08-29,2000,N20,VIIRS,n,2.0NRT,276.99,2.72,N
10.61798,77.41872,305.55,0.51,0.49,2026-08-29,2000,N20,VIIRS,n,2.0NRT,289.22,0.93,N
10.32693,79.23083,303.13,0.39,0.44,2026-08-29,2000,N20,VIIRS,n,2.0NRT,287.41,0.51,N
10.08053,77.3137,303.46,0.51,0.49,2026-08-29,2000,N20,VIIRS,n,2.0NRT,288.4,0.74,N
9.79408,78.39436,313.48,0.43,0.46,2026-08-29,2000,N20,VIIRS,n,2.0NRT,292.35,1.2,N
9.75909,77.51995,355.55,0.49,0.48,2026-08-29,2000,N20,VIIRS,n,2.0NRT,295.61,9.74,N
9.75463,77.51933,333.11,0.49,0.48,2026-08-29,2000,N20,VIIRS,n,2.0NRT,292.28,9.74,N
9.30498,77.40442,309.28,0.49,0.48,2026-08-29,2000,N20,VIIRS,n,2.0NRT,295.01,1.74,N
8.77298,78.1974,326.43,0.43,0.46,2026-08-29,2000,N20,VIIRS,n,2.0NRT,273.55,2.2,N
13.8395,79.33519,305.55,0.42,0.45,2026-08-29,2000,N20,VIIRS,n,2.0NRT,286.54,1.42,N
13.83898,79.33909,308.77,0.42,0.45,2026-08-29,2000,N20,VIIRS,n,2.0NRT,286.83,1.24,N
13.83427,79.34254,308.41,0.42,0.45,2026-08-29,2000,N20,VIIRS,n,2.0NRT,286.61,1.24,N
11.56324,78.73071,319.18,0.43,0.46,2026-08-29,2000,N20,VIIRS,n,2.0NRT,287.17,1.9,N
25.94203,72.1932,304.41,0.34,0.56,2026-08-29,2136,N20,VIIRS,n,2.0NRT,286.63,0.39,N
29.45926,76.88767,330.18,0.54,0.68,2026-08-29,2136,N20,VIIRS,n,2.0NRT,284.5,5.21,N
29.45884,76.89159,331.32,0.54,0.68,2026-08-29,2136,N20,VIIRS,n,2.0NRT,283.78,4.41,N
29.46024,76.88624,304.02,0.54,0.68,2026-08-29,2136,N20,VIIRS,n,2.0NRT,284.39,4.2,N
29.45783,76.893,315.97,0.54,0.68,2026-08-29,2136,N20,VIIRS,n,2.0NRT,283.12,5.21,N
14.50168,79.70076,336.4,0.74,0.76,2026-08-30,0707,N20,VIIRS,n,2.0NRT,289.36,6.06,D
14.50181,79.70016,338.54,0.74,0.76,2026-08-30,0707,N20,VIIRS,n,2.0NRT,289.82,4.28,D
23.55893,87.23925,343.58,0.5,0.41,2026-08-30,0709,N20,VIIRS,n,2.0NRT,291.53,14.28,D
23.76081,86.4027,330.6,0.55,0.43,2026-08-30,0709,N20,VIIRS,n,2.0NRT,289.95,7.03,D
23.80394,86.33237,333.77,0.55,0.43,2026-08-30,0709,N20,VIIRS,n,2.0NRT,289.02,3.43,D
23.64829,85.43843,333.96,0.42,0.45,2026-08-30,0709,N20,VIIRS,n,2.0NRT,288.41,6.73,D
28.1259,95.46807,330.19,0.56,0.43,2026-08-30,0709,N20,VIIRS,n,2.0NRT,294.91,3.18,D
27.98966,94.22114,339.7,0.48,0.4,2026-08-30,0709,N20,VIIRS,n,2.0NRT,298.03,6.97,D
9.44872,77.67133,331.78,0.32,0.55,2026-08-30,0845,N20,VIIRS,n,2.0NRT,278.81,3.88,D
8.88266,77.78847,339.64,0.32,0.55,2026-08-30,0845,N20,VIIRS,n,2.0NRT,291.16,1.91,D
8.93221,77.96577,367,0.33,0.55,2026-08-30,0845,N20,VIIRS,h,2.0NRT,293.15,8.66,D
9.11021,77.77234,350.61,0.32,0.55,2026-08-30,0845,N20,VIIRS,n,2.0NRT,288.69,4.69,D
9.4436,77.67059,330.78,0.32,0.55,2026-08-30,0845,N20,VIIRS,n,2.0NRT,276.36,3.65,D
9.44333,77.66908,335.62,0.32,0.55,2026-08-30,0845,N20,VIIRS,n,2.0NRT,277.88,3.8,D
9.99573,77.29134,349.42,0.62,0.54,2026-08-30,0845,N20,VIIRS,n,2.0NRT,294.98,9.26,D
21.10428,72.64712,347.97,0.43,0.46,2026-08-30,0850,N20,VIIRS,n,2.0NRT,298.8,9.54,D
21.10281,72.6347,341.97,0.43,0.46,2026-08-30,0850,N20,VIIRS,n,2.0NRT,297.24,5.36,D
21.1033,72.63883,334.9,0.43,0.46,2026-08-30,0850,N20,VIIRS,n,2.0NRT,296.27,5.36,D
31.57862,74.81806,332.74,0.39,0.59,2026-08-30,0852,N20,VIIRS,n,2.0NRT,293.89,3.13,D
27.39587,71.04128,339.04,0.41,0.45,2026-08-30,0852,N20,VIIRS,n,2.0NRT,300.97,3.65,D
27.3954,71.0371,343.46,0.41,0.45,2026-08-30,0852,N20,VIIRS,n,2.0NRT,301.58,4.08,D
15.18226,76.66277,300.4,0.69,0.74,2026-08-30,1940,N20,VIIRS,n,2.0NRT,265.07,7.11,N
10.10931,77.46021,303.47,0.53,0.67,2026-08-30,1942,N20,VIIRS,n,2.0NRT,289.61,0.64,N
28.74474,76.9258,302.82,0.59,0.53,2026-08-30,2116,N20,VIIRS,n,2.0NRT,286.68,1.53,N
29.47735,76.8579,334.37,0.56,0.52,2026-08-30,2116,N20,VIIRS,n,2.0NRT,289.34,7.34,N
25.94213,72.19216,318.98,0.54,0.42,2026-08-30,2118,N20,VIIRS,n,2.0NRT,293.98,2.51,N
22.38943,73.11754,310.63,0.47,0.47,2026-08-30,2118,N20,VIIRS,n,2.0NRT,290.46,0.91,N
27.08151,73.8162,304.34,0.42,0.45,2026-08-30,2118,N20,VIIRS,n,2.0NRT,291.02,0.92,N
26.87585,73.51497,303.97,0.41,0.45,2026-08-30,2118,N20,VIIRS,n,2.0NRT,291.93,0.99,N
18.49127,74.60493,301,0.34,0.56,2026-08-30,2121,N20,VIIRS,n,2.0NRT,288.03,0.53,N
17.54469,73.15681,334.72,0.58,0.52,2026-08-30,2121,N20,VIIRS,n,2.0NRT,288.88,3.59,N
18.54775,74.2534,306.65,0.33,0.55,2026-08-30,2121,N20,VIIRS,n,2.0NRT,287.54,0.82,N
9.77065,78.36562,338.51,0.53,0.42,2026-08-31,0828,N20,VIIRS,n,2.0NRT,307.27,5.6,D
9.09992,77.59845,340.12,0.47,0.4,2026-08-31,0828,N20,VIIRS,n,2.0NRT,309.29,5.89,D
9.33502,77.6755,340.82,0.48,0.4,2026-08-31,0828,N20,VIIRS,n,2.0NRT,297.84,8.25,D
9.33842,77.67591,348.33,0.48,0.4,2026-08-31,0828,N20,VIIRS,n,2.0NRT,302.43,15.33,D
9.43492,77.46063,336.91,0.47,0.4,2026-08-31,0828,N20,VIIRS,n,2.0NRT,306.59,2.32,D
9.33629,76.59998,331.62,0.43,0.38,2026-08-31,0828,N20,VIIRS,n,2.0NRT,297.35,2.3,D
9.65621,77.65012,339,0.48,0.4,2026-08-31,0828,N20,VIIRS,n,2.0NRT,303.15,4.92,D
9.65592,77.65157,340.63,0.48,0.4,2026-08-31,0828,N20,VIIRS,n,2.0NRT,304.25,4.59,D
9.78937,78.38755,333.79,0.53,0.42,2026-08-31,0828,N20,VIIRS,n,2.0NRT,303.62,3.64,D
9.7255,77.27241,331.44,0.46,0.39,2026-08-31,0828,N20,VIIRS,l,2.0NRT,304.45,1.76,D
9.94658,77.72368,338.91,0.49,0.4,2026-08-31,0828,N20,VIIRS,n,2.0NRT,304.69,6.94,D
10.03775,78.14595,334.77,0.52,0.41,2026-08-31,0828,N20,VIIRS,l,2.0NRT,305.02,4.01,D
10.04175,77.58042,339.12,0.48,0.4,2026-08-31,0828,N20,VIIRS,n,2.0NRT,304.56,29.4,D
10.27317,78.84991,337.68,0.38,0.43,2026-08-31,0828,N20,VIIRS,n,2.0NRT,288.04,3.9,D
10.28726,77.86376,336.28,0.5,0.41,2026-08-31,0828,N20,VIIRS,n,2.0NRT,282.82,4.79,D
10.66276,78.48209,335.26,0.55,0.43,2026-08-31,0828,N20,VIIRS,n,2.0NRT,299.46,2.22,D
10.73763,78.73309,335.81,0.57,0.43,2026-08-31,0828,N20,VIIRS,n,2.0NRT,298.79,3.35,D
10.76245,78.65031,334.91,0.57,0.43,2026-08-31,0828,N20,VIIRS,n,2.0NRT,299.28,3.55,D
10.76564,78.65233,338.36,0.57,0.43,2026-08-31,0828,N20,VIIRS,n,2.0NRT,300.99,5.89,D
10.84943,78.79076,335.91,0.39,0.44,2026-08-31,0828,N20,VIIRS,n,2.0NRT,300.38,3.38,D
11.46265,79.2357,335.83,0.42,0.45,2026-08-31,0828,N20,VIIRS,n,2.0NRT,300.33,3.95,D
11.45847,79.20508,331.29,0.42,0.45,2026-08-31,0828,N20,VIIRS,n,2.0NRT,298.72,4.75,D
11.19128,76.92039,332,0.46,0.39,2026-08-31,0828,N20,VIIRS,n,2.0NRT,296.2,2.29,D
11.62768,78.61454,338.59,0.39,0.44,2026-08-31,0828,N20,VIIRS,n,2.0NRT,299.74,2.1,D
11.70993,79.0149,333.03,0.41,0.45,2026-08-31,0828,N20,VIIRS,n,2.0NRT,300.21,1.34,D
11.47324,77.20173,333.62,0.48,0.4,2026-08-31,0828,N20,VIIRS,n,2.0NRT,295.28,3.2,D
12.05407,79.33384,333.4,0.43,0.46,2026-08-31,0828,N20,VIIRS,l,2.0NRT,303.79,1.84,D
11.88784,77.23312,339.3,0.49,0.4,2026-08-31,0828,N20,VIIRS,n,2.0NRT,295.55,4.91,D
12.24117,79.08451,341.4,0.42,0.45,2026-08-31,0828,N20,VIIRS,n,2.0NRT,299.69,3.57,D
12.40623,79.97924,330.41,0.48,0.48,2026-08-31,0828,N20,VIIRS,n,2.0NRT,300.37,4.96,D
12.34985,79.22876,351.38,0.43,0.46,2026-08-31,0828,N20,VIIRS,n,2.0NRT,306.01,26.13,D
12.35043,79.22861,353.47,0.43,0.46,2026-08-31,0828,N20,VIIRS,n,2.0NRT,303.73,20.52,D
12.91149,79.43056,335.76,0.45,0.47,2026-08-31,0828,N20,VIIRS,n,2.0NRT,299.59,2.51,D
13.1221,79.9063,336.64,0.49,0.48,2026-08-31,0828,N20,VIIRS,n,2.0NRT,294.46,4.33,D
13.58984,78.21954,331.87,0.39,0.44,2026-08-31,0828,N20,VIIRS,n,2.0NRT,293.69,1.78,D
14.47482,78.26068,337.14,0.4,0.44,2026-08-31,0828,N20,VIIRS,n,2.0NRT,296.09,2.53,D
14.35068,77.20792,334.78,0.52,0.41,2026-08-31,0828,N20,VIIRS,n,2.0NRT,294.14,5.55,D
8.34184,77.54288,343.41,0.46,0.39,2026-08-31,0828,N20,VIIRS,n,2.0NRT,302.56,8.3,D
8.44717,77.58348,335.04,0.46,0.39,2026-08-31,0828,N20,VIIRS,n,2.0NRT,302.12,2.18,D
8.72286,77.91467,338.28,0.49,0.4,2026-08-31,0828,N20,VIIRS,n,2.0NRT,306.32,6.73,D
8.74155,77.75618,337.88,0.48,0.4,2026-08-31,0828,N20,VIIRS,n,2.0NRT,305.11,6.5,D
9.02701,77.86887,341.66,0.49,0.4,2026-08-31,0828,N20,VIIRS,n,2.0NRT,311.06,10.62,D
9.10032,78.18219,340.05,0.51,0.41,2026-08-31,0828,N20,VIIRS,n,2.0NRT,305.68,12.25,D
9.09946,77.59773,340.97,0.47,0.4,2026-08-31,0828,N20,VIIRS,n,2.0NRT,309.36,6.5,D
17.96539,75.48702,336.33,0.46,0.39,2026-08-31,0830,N20,VIIRS,n,2.0NRT,299.52,3.37,D
17.77075,75.83885,338.77,0.48,0.4,2026-08-31,0830,N20,VIIRS,n,2.0NRT,299.26,1.97,D
25.59085,72.62873,332.94,0.42,0.38,2026-08-31,0833,N20,VIIRS,n,2.0NRT,297.48,2.74,D
26.85779,72.11017,338.83,0.41,0.37,2026-08-31,0833,N20,VIIRS,l,2.0NRT,311.09,4.51,D
21.10255,72.63916,337.23,0.39,0.37,2026-08-31,0833,N20,VIIRS,n,2.0NRT,296.08,7.44,D
21.102,72.63538,337.48,0.39,0.37,2026-08-31,0833,N20,VIIRS,n,2.0NRT,299.47,9.17,D
25.94237,72.19138,308.51,0.38,0.36,2026-08-31,2057,N20,VIIRS,n,2.0NRT,292.63,1,N
28.34796,77.25802,308.08,0.51,0.41,2026-08-31,2057,N20,VIIRS,n,2.0NRT,290.84,2.59,N
27.28906,73.83814,309.89,0.4,0.37,2026-08-31,2057,N20,VIIRS,n,2.0NRT,294.14,1.08,N
26.87875,73.5166,305.81,0.39,0.36,2026-08-31,2057,N20,VIIRS,n,2.0NRT,293.32,1.52,N
26.87543,73.51593,309.98,0.39,0.36,2026-08-31,2057,N20,VIIRS,n,2.0NRT,293.26,1.34,N
26.60473,73.68454,305.84,0.4,0.37,2026-08-31,2057,N20,VIIRS,n,2.0NRT,293.13,0.89,N
26.25868,74.09715,310.54,0.41,0.37,2026-08-31,2057,N20,VIIRS,n,2.0NRT,290.76,1.08,N
30.25077,74.9136,308.85,0.4,0.37,2026-08-31,2057,N20,VIIRS,n,2.0NRT,296.36,1.01,N
30.18642,74.48694,311.31,0.39,0.36,2026-08-31,2057,N20,VIIRS,n,2.0NRT,294.97,2.35,N
29.46107,76.8892,307.39,0.47,0.4,2026-08-31,2057,N20,VIIRS,n,2.0NRT,292.41,3.12,N
28.37484,77.22419,310.89,0.51,0.41,2026-08-31,2057,N20,VIIRS,n,2.0NRT,291.18,2.22,N
28.3733,77.22678,310.67,0.51,0.41,2026-08-31,2057,N20,VIIRS,n,2.0NRT,291.11,2.65,N
24.76362,74.60734,304.43,0.44,0.38,2026-08-31,2059,N20,VIIRS,n,2.0NRT,284.22,1.04,N
24.65826,73.87632,305.2,0.41,0.37,2026-08-31,2059,N20,VIIRS,n,2.0NRT,285.77,0.81,N
24.6901,73.00169,313.08,0.39,0.36,2026-08-31,2059,N20,VIIRS,n,2.0NRT,290.52,1.11,N
21.10775,72.64704,312.17,0.41,0.37,2026-08-31,2059,N20,VIIRS,n,2.0NRT,281.09,1.67,N
21.10298,72.63417,330.34,0.41,0.37,2026-08-31,2059,N20,VIIRS,n,2.0NRT,284.89,2.63,N
21.10232,72.63803,306.19,0.41,0.37,2026-08-31,2059,N20,VIIRS,n,2.0NRT,282.98,2.63,N
20.91001,71.45766,306.84,0.39,0.36,2026-08-31,2059,N20,VIIRS,n,2.0NRT,292.26,1.23,N
20.90941,71.46135,307.93,0.39,0.36,2026-08-31,2059,N20,VIIRS,n,2.0NRT,292.29,1.31,N
24.69281,74.68075,300.04,0.44,0.38,2026-08-31,2059,N20,VIIRS,n,2.0NRT,281.62,0.54,N
22.9333,69.69547,319.81,0.4,0.37,2026-08-31,2059,N20,VIIRS,n,2.0NRT,288.73,3.34,N
22.93215,69.70328,304.41,0.4,0.37,2026-08-31,2059,N20,VIIRS,n,2.0NRT,291.76,1.67,N
23.26684,70.25716,302.45,0.39,0.36,2026-08-31,2059,N20,VIIRS,n,2.0NRT,291.01,1.26,N
11.18185,79.09965,306.88,0.46,0.63,2026-08-31,2101,N20,VIIRS,n,2.0NRT,286.8,1.49,N
13.11669,77.65411,321.12,0.34,0.56,2026-08-31,2101,N20,VIIRS,n,2.0NRT,283.66,2.26,N
11.28316,77.87854,300.36,0.38,0.58,2026-08-31,2101,N20,VIIRS,n,2.0NRT,283.12,0.23,N
9.13332,77.53674,314.12,0.39,0.59,2026-08-31,2104,N20,VIIRS,n,2.0NRT,292.41,1,N
9.208,78.37176,338.92,0.39,0.36,2026-09-01,0807,N20,VIIRS,n,2.0NRT,308.25,6.24,D
9.73185,78.95364,339.67,0.38,0.36,2026-09-01,0807,N20,VIIRS,n,2.0NRT,309.4,7.88,D
10.96822,79.74831,330.42,0.39,0.37,2026-09-01,0809,N20,VIIRS,l,2.0NRT,302.13,3.13,D
10.16487,79.23363,332.5,0.39,0.36,2026-09-01,0809,N20,VIIRS,l,2.0NRT,303.93,4.19,D
10.04949,77.92572,342.23,0.39,0.36,2026-09-01,0809,N20,VIIRS,l,2.0NRT,310.22,24.12,D
10.53186,79.39458,336.41,0.39,0.36,2026-09-01,0809,N20,VIIRS,l,2.0NRT,308.6,4.3,D
10.67378,79.27847,337.66,0.39,0.36,2026-09-01,0809,N20,VIIRS,n,2.0NRT,307.5,3.46,D
10.85916,79.8132,333.86,0.4,0.37,2026-09-01,0809,N20,VIIRS,n,2.0NRT,303.25,1.98,D
10.89396,79.54767,331.55,0.39,0.36,2026-09-01,0809,N20,VIIRS,l,2.0NRT,304.62,2.42,D
10.86964,79.29421,338.56,0.39,0.36,2026-09-01,0809,N20,VIIRS,l,2.0NRT,309.91,3.41,D
10.88104,79.32494,339.46,0.39,0.36,2026-09-01,0809,N20,VIIRS,l,2.0NRT,310.8,2.56,D
10.94656,79.55784,330.16,0.39,0.36,2026-09-01,0809,N20,VIIRS,l,2.0NRT,302.62,3.76,D
11.01856,79.83994,338.87,0.4,0.37,2026-09-01,0809,N20,VIIRS,n,2.0NRT,305.96,3.22,D
11.00979,79.4135,341.18,0.39,0.36,2026-09-01,0809,N20,VIIRS,n,2.0NRT,308.25,3.37,D
11.06238,79.42599,342.69,0.39,0.36,2026-09-01,0809,N20,VIIRS,n,2.0NRT,308.14,3.87,D
11.19052,79.69118,331.18,0.39,0.37,2026-09-01,0809,N20,VIIRS,l,2.0NRT,301.92,2.07,D
11.14982,78.03407,340.69,0.39,0.36,2026-09-01,0809,N20,VIIRS,n,2.0NRT,308.1,6.75,D
11.33965,79.0102,340.85,0.39,0.36,2026-09-01,0809,N20,VIIRS,n,2.0NRT,309.77,8.93,D
11.47595,79.2412,333.51,0.39,0.36,2026-09-01,0809,N20,VIIRS,l,2.0NRT,304.48,3.37,D
11.69631,79.12608,349.14,0.39,0.36,2026-09-01,0809,N20,VIIRS,n,2.0NRT,310.78,13.01,D
11.84283,78.90457,340.49,0.39,0.36,2026-09-01,0809,N20,VIIRS,l,2.0NRT,311.25,8.25,D
11.99543,79.53955,338.87,0.4,0.37,2026-09-01,0809,N20,VIIRS,n,2.0NRT,307.58,9.74,D
12.05794,79.8463,335.54,0.4,0.37,2026-09-01,0809,N20,VIIRS,n,2.0NRT,302.75,2.41,D
12.06666,79.58771,338.45,0.4,0.37,2026-09-01,0809,N20,VIIRS,n,2.0NRT,305.63,2.7,D
12.09079,79.56552,341.42,0.4,0.37,2026-09-01,0809,N20,VIIRS,n,2.0NRT,308.34,10.37,D
12.32097,79.67798,336.31,0.4,0.37,2026-09-01,0809,N20,VIIRS,n,2.0NRT,304.35,4.51,D
12.32043,79.67432,334.36,0.4,0.37,2026-09-01,0809,N20,VIIRS,l,2.0NRT,304.79,3.47,D
11.83702,75.93494,331.71,0.43,0.38,2026-09-01,0809,N20,VIIRS,n,2.0NRT,292.59,2.87,D
12.33565,78.99867,348.36,0.39,0.36,2026-09-01,0809,N20,VIIRS,n,2.0NRT,312.93,22.47,D
12.41561,79.51421,334.56,0.4,0.37,2026-09-01,0809,N20,VIIRS,n,2.0NRT,304.89,1.9,D
12.33323,78.84695,345.02,0.39,0.36,2026-09-01,0809,N20,VIIRS,n,2.0NRT,310.36,6.94,D
12.55405,79.97852,336.83,0.41,0.37,2026-09-01,0809,N20,VIIRS,n,2.0NRT,306.29,6.11,D
12.13971,77.07882,345.6,0.4,0.37,2026-09-01,0809,N20,VIIRS,l,2.0NRT,298.79,12.97,D
12.63377,79.85988,341.37,0.41,0.37,2026-09-01,0809,N20,VIIRS,n,2.0NRT,307,4.43,D
12.65339,79.39956,341.11,0.4,0.37,2026-09-01,0809,N20,VIIRS,n,2.0NRT,308.72,4.69,D
12.15436,75.98641,282.59,0.42,0.38,2026-09-01,0809,N20,VIIRS,l,2.0NRT,294.41,179.92,D
12.15781,75.98586,351.45,0.42,0.38,2026-09-01,0809,N20,VIIRS,n,2.0NRT,287.19,179.92,D
12.82766,79.75002,338.87,0.4,0.37,2026-09-01,0809,N20,VIIRS,n,2.0NRT,304.9,4.74,D
12.61144,77.64263,330.97,0.39,0.36,2026-09-01,0809,N20,VIIRS,l,2.0NRT,301.86,2.62,D
12.9165,79.43965,338.17,0.4,0.37,2026-09-01,0809,N20,VIIRS,n,2.0NRT,304.79,6.57,D
12.54359,76.83745,331.47,0.4,0.37,2026-09-01,0809,N20,VIIRS,n,2.0NRT,296.4,3.7,D
12.39398,75.85985,335.37,0.43,0.38,2026-09-01,0809,N20,VIIRS,n,2.0NRT,290.63,11.18,D
12.98432,79.59767,333.27,0.4,0.37,2026-09-01,0809,N20,VIIRS,n,2.0NRT,302.23,4.21,D
13.0373,79.91235,332.05,0.41,0.37,2026-09-01,0809,N20,VIIRS,l,2.0NRT,303.39,2.44,D
13.05037,79.42616,339.02,0.4,0.37,2026-09-01,0809,N20,VIIRS,n,2.0NRT,304.46,6.5,D
13.15914,79.90918,337.13,0.41,0.37,2026-09-01,0809,N20,VIIRS,n,2.0NRT,297.14,4.29,D
13.16089,79.89739,338.36,0.41,0.37,2026-09-01,0809,N20,VIIRS,n,2.0NRT,300.66,6.29,D
13.2257,80.26954,335.92,0.42,0.38,2026-09-01,0809,N20,VIIRS,n,2.0NRT,300.66,3.64,D
12.78816,76.8565,337.86,0.4,0.37,2026-09-01,0809,N20,VIIRS,n,2.0NRT,296.43,9.55,D
13.15988,79.22352,338.59,0.39,0.37,2026-09-01,0809,N20,VIIRS,n,2.0NRT,304.49,4.52,D
12.69653,75.9088,340.08,0.42,0.38,2026-09-01,0809,N20,VIIRS,l,2.0NRT,292.13,7.3,D
13.61584,78.73156,340.21,0.39,0.36,2026-09-01,0809,N20,VIIRS,n,2.0NRT,303.16,5.53,D
13.77332,79.77724,332.02,0.41,0.37,2026-09-01,0809,N20,VIIRS,n,2.0NRT,299.05,1.38,D
13.85828,79.33337,344.08,0.4,0.37,2026-09-01,0809,N20,VIIRS,n,2.0NRT,300.18,5.53,D
14.07877,80.00418,333.7,0.42,0.38,2026-09-01,0809,N20,VIIRS,n,2.0NRT,299.9,2.4,D
14.06871,78.78734,334.46,0.39,0.36,2026-09-01,0809,N20,VIIRS,n,2.0NRT,298.21,2.33,D
14.19711,79.17576,336.17,0.4,0.37,2026-09-01,0809,N20,VIIRS,n,2.0NRT,299.77,1.97,D
14.26449,79.09801,335.36,0.4,0.37,2026-09-01,0809,N20,VIIRS,n,2.0NRT,298.67,1.7,D
14.26657,79.09671,336.51,0.4,0.37,2026-09-01,0809,N20,VIIRS,n,2.0NRT,300,8.39,D
14.53993,79.6837,343.87,0.41,0.37,2026-09-01,0809,N20,VIIRS,n,2.0NRT,301.86,5.01,D
14.71761,79.5095,339.25,0.41,0.37,2026-09-01,0809,N20,VIIRS,n,2.0NRT,300.74,3.16,D
14.81743,79.59486,337.92,0.41,0.37,2026-09-01,0809,N20,VIIRS,n,2.0NRT,302.29,3.1,D
14.77542,78.97616,337.08,0.4,0.37,2026-09-01,0809,N20,VIIRS,n,2.0NRT,299.76,3.41,D
15.16986,80.03432,340.61,0.43,0.38,2026-09-01,0809,N20,VIIRS,n,2.0NRT,302.93,7.16,D
15.17334,80.03379,344.88,0.43,0.38,2026-09-01,0809,N20,VIIRS,n,2.0NRT,300.34,4.72,D
15.17278,80.02982,350.37,0.43,0.38,2026-09-01,0809,N20,VIIRS,n,2.0NRT,304.02,4.72,D
15.17682,80.03327,334.42,0.43,0.38,2026-09-01,0809,N20,VIIRS,n,2.0NRT,299.6,4.72,D
15.17626,80.0293,339.89,0.43,0.38,2026-09-01,0809,N20,VIIRS,n,2.0NRT,302.75,4.72,D
15.30314,78.21335,332.79,0.39,0.36,2026-09-01,0809,N20,VIIRS,n,2.0NRT,300.01,2.01,D
15.17819,77.3232,334.22,0.38,0.36,2026-09-01,0809,N20,VIIRS,n,2.0NRT,299.81,2.35,D
15.17716,76.65712,340.96,0.39,0.36,2026-09-01,0809,N20,VIIRS,n,2.0NRT,297.93,4.07,D
15.36116,76.70337,331.68,0.39,0.36,2026-09-01,0809,N20,VIIRS,l,2.0NRT,298.57,5.18,D
15.88581,79.82314,340.5,0.43,0.38,2026-09-01,0809,N20,VIIRS,n,2.0NRT,303.44,5.52,D
15.88524,79.81916,337.62,0.43,0.38,2026-09-01,0809,N20,VIIRS,n,2.0NRT,302.11,5.52,D
15.88765,79.82237,342.72,0.43,0.38,2026-09-01,0809,N20,VIIRS,n,2.0NRT,304.43,10.4,D
15.64317,77.96676,333.94,0.39,0.36,2026-09-01,0809,N20,VIIRS,n,2.0NRT,295.75,4.13,D
15.91319,79.80233,347.16,0.43,0.38,2026-09-01,0809,N20,VIIRS,n,2.0NRT,304.48,8.73,D
15.90596,79.6264,337.02,0.42,0.38,2026-09-01,0809,N20,VIIRS,n,2.0NRT,302.4,16.99,D
15.90541,79.62249,342.05,0.42,0.38,2026-09-01,0809,N20,VIIRS,n,2.0NRT,305.56,16.99,D
16.23223,80.54265,330.61,0.46,0.39,2026-09-01,0809,N20,VIIRS,n,2.0NRT,294.34,2.07,D
16.19392,80.10727,338.44,0.44,0.38,2026-09-01,0809,N20,VIIRS,n,2.0NRT,297.1,3.72,D
16.17905,80.00101,336.14,0.44,0.38,2026-09-01,0809,N20,VIIRS,n,2.0NRT,298.23,4.45,D
16.33996,77.79362,330.08,0.39,0.36,2026-09-01,0809,N20,VIIRS,n,2.0NRT,292.57,1.63,D
16.79762,80.1647,336.05,0.45,0.39,2026-09-01,0809,N20,VIIRS,n,2.0NRT,295.72,3.51,D
17.64225,82.57277,341.11,0.41,0.45,2026-09-01,0809,N20,VIIRS,n,2.0NRT,296.41,3.78,D
17.95593,80.79787,331.58,0.49,0.41,2026-09-01,0809,N20,VIIRS,n,2.0NRT,293.05,5.56,D
17.99069,74.74986,333.18,0.42,0.38,2026-09-01,0811,N20,VIIRS,n,2.0NRT,299.54,2.95,D
27.44247,72.41804,340.62,0.41,0.37,2026-09-01,0813,N20,VIIRS,n,2.0NRT,309.17,3.09,D
30.66109,76.31641,334.5,0.43,0.38,2026-09-01,0813,N20,VIIRS,n,2.0NRT,298.08,3.62,D
27.52248,72.41055,367,0.41,0.37,2026-09-01,0813,N20,VIIRS,h,2.0NRT,311.22,5.92,D
31.13703,74.91448,330.19,0.4,0.37,2026-09-01,0813,N20,VIIRS,l,2.0NRT,305.04,6.71,D
31.12613,74.62209,336.29,0.39,0.36,2026-09-01,0813,N20,VIIRS,n,2.0NRT,298.91,8,D
24.9335,74.63455,306.77,0.41,0.37,2026-09-01,2040,N20,VIIRS,n,2.0NRT,288.92,0.59,N
24.76563,74.60811,313.59,0.41,0.37,2026-09-01,2040,N20,VIIRS,n,2.0NRT,289.3,1.49,N
23.51416,72.41415,324.85,0.48,0.4,2026-09-01,2040,N20,VIIRS,n,2.0NRT,289.19,2.19,N
23.43207,68.71054,305.54,0.52,0.5,2026-09-01,2040,N20,VIIRS,n,2.0NRT,291.03,1.08,N
23.25649,70.26151,301.47,0.42,0.45,2026-09-01,2040,N20,VIIRS,n,2.0NRT,280.96,0.55,N
23.12223,70.08524,315.36,0.43,0.46,2026-09-01,2040,N20,VIIRS,n,2.0NRT,285.85,1.37,N
29.12574,75.77645,309.75,0.41,0.37,2026-09-01,2040,N20,VIIRS,n,2.0NRT,295.3,0.88,N
28.66423,77.57953,309.48,0.38,0.36,2026-09-01,2040,N20,VIIRS,n,2.0NRT,286.91,1.35,N
27.79342,75.33019,305.85,0.41,0.37,2026-09-01,2040,N20,VIIRS,n,2.0NRT,293.56,0.88,N
26.87395,73.51712,307.3,0.47,0.39,2026-09-01,2040,N20,VIIRS,n,2.0NRT,292.74,2.78,N
26.60596,73.68502,304.46,0.46,0.39,2026-09-01,2040,N20,VIIRS,n,2.0NRT,291.98,1.07,N
21.10774,72.64625,339.47,0.45,0.39,2026-09-01,2042,N20,VIIRS,n,2.0NRT,293.54,5.93,N
21.10893,72.63769,312.71,0.45,0.39,2026-09-01,2042,N20,VIIRS,n,2.0NRT,292.29,2.98,N
21.10419,72.64568,323.91,0.45,0.39,2026-09-01,2042,N20,VIIRS,n,2.0NRT,291.88,4.03,N
21.10184,72.63655,324.85,0.45,0.39,2026-09-01,2042,N20,VIIRS,n,2.0NRT,291.8,3.51,N
20.90987,71.45919,310.64,0.5,0.41,2026-09-01,2042,N20,VIIRS,n,2.0NRT,287.94,1.46,N
20.9094,71.45667,304.49,0.5,0.41,2026-09-01,2042,N20,VIIRS,n,2.0NRT,287.34,0.79,N
19.93619,73.71277,304.74,0.4,0.37,2026-09-01,2042,N20,VIIRS,n,2.0NRT,279.38,1,N
18.73721,74.40431,305.19,0.39,0.36,2026-09-01,2042,N20,VIIRS,n,2.0NRT,288.23,0.68,N
18.69181,73.0416,313.51,0.41,0.37,2026-09-01,2042,N20,VIIRS,n,2.0NRT,290.51,2.54,N
18.6867,73.02881,317.53,0.41,0.37,2026-09-01,2042,N20,VIIRS,n,2.0NRT,290.4,1.16,N
18.68613,73.0327,304.88,0.41,0.37,2026-09-01,2042,N20,VIIRS,n,2.0NRT,290.31,1.16,N
18.50696,74.2235,303.35,0.39,0.36,2026-09-01,2042,N20,VIIRS,n,2.0NRT,288.01,0.68,N
18.68271,73.03214,308.23,0.41,0.37,2026-09-01,2042,N20,VIIRS,n,2.0NRT,290.21,1.16,N
18.68214,73.03605,306.31,0.41,0.37,2026-09-01,2042,N20,VIIRS,n,2.0NRT,290.95,1.55,N
18.68157,73.03994,307.51,0.41,0.37,2026-09-01,2042,N20,VIIRS,n,2.0NRT,290.16,1.55,N
15.18178,76.66653,330.83,0.43,0.38,2026-09-01,2044,N20,VIIRS,n,2.0NRT,286.3,5.15,N
15.33847,76.27747,312.43,0.41,0.37,2026-09-01,2044,N20,VIIRS,n,2.0NRT,289.17,1.74,N
15.33782,76.2813,313.9,0.42,0.37,2026-09-01,2044,N20,VIIRS,n,2.0NRT,288.64,1.2,N
15.33378,76.28451,308.62,0.42,0.37,2026-09-01,2044,N20,VIIRS,n,2.0NRT,287.94,1.2,N
15.30256,76.21996,302.03,0.41,0.37,2026-09-01,2044,N20,VIIRS,n,2.0NRT,287.24,0.59,N
15.30218,76.2206,304.1,0.41,0.37,2026-09-01,2044,N20,VIIRS,n,2.0NRT,287.53,0.62,N
15.65856,73.98801,311.54,0.38,0.36,2026-09-01,2044,N20,VIIRS,n,2.0NRT,278.13,1.34,N
15.18044,76.67444,312.89,0.43,0.38,2026-09-01,2044,N20,VIIRS,n,2.0NRT,287.2,2.96,N
15.18232,76.6422,329.29,0.43,0.38,2026-09-01,2044,N20,VIIRS,n,2.0NRT,287.46,3.16,N
15.18032,76.65404,306.82,0.43,0.38,2026-09-01,2044,N20,VIIRS,n,2.0NRT,286.7,1.81,N
15.17631,76.67775,304.74,0.43,0.38,2026-09-01,2044,N20,VIIRS,n,2.0NRT,286.6,1.08,N
15.17364,76.69354,314.15,0.43,0.38,2026-09-01,2044,N20,VIIRS,n,2.0NRT,286.11,0.98,N
15.17686,76.65341,320.45,0.43,0.38,2026-09-01,2044,N20,VIIRS,n,2.0NRT,286.85,1.81,N
15.1762,76.65736,323.45,0.43,0.38,2026-09-01,2044,N20,VIIRS,n,2.0NRT,287.88,1.81,N
15.17021,76.37886,307.57,0.42,0.38,2026-09-01,2044,N20,VIIRS,n,2.0NRT,288.04,1.79,N
15.16355,76.37809,303.43,0.42,0.38,2026-09-01,2044,N20,VIIRS,n,2.0NRT,287.16,0.81,N
15.52438,73.99835,300.48,0.38,0.36,2026-09-01,2044,N20,VIIRS,n,2.0NRT,279.78,0.58,N
13.13984,80.18926,313.12,0.48,0.48,2026-09-01,2044,N20,VIIRS,n,2.0NRT,285.09,5.12,N
12.55545,76.66816,301.12,0.46,0.39,2026-09-01,2044,N20,VIIRS,n,2.0NRT,289.18,0.48,N
12.03402,79.0584,312.73,0.42,0.45,2026-09-01,2044,N20,VIIRS,n,2.0NRT,289.62,2.18,N
11.97294,78.38143,304.35,0.38,0.43,2026-09-01,2044,N20,VIIRS,n,2.0NRT,285.39,1.53,N
11.81575,77.91618,308.23,0.54,0.42,2026-09-01,2044,N20,VIIRS,n,2.0NRT,290.91,1.73,N
11.59199,77.27399,317.63,0.5,0.41,2026-09-01,2044,N20,VIIRS,n,2.0NRT,288.37,2.61,N
11.58907,77.26868,310.31,0.5,0.41,2026-09-01,2044,N20,VIIRS,n,2.0NRT,287.92,1.16,N
11.43284,77.16509,304.91,0.5,0.41,2026-09-01,2044,N20,VIIRS,n,2.0NRT,292.31,1.98,N
11.43157,77.16232,305.54,0.5,0.41,2026-09-01,2044,N20,VIIRS,n,2.0NRT,291.95,1.47,N
10.92422,78.5191,317.32,0.4,0.45,2026-09-01,2044,N20,VIIRS,n,2.0NRT,291.99,2.65,N
10.4508,77.30746,311.85,0.52,0.42,2026-09-01,2044,N20,VIIRS,n,2.0NRT,291.67,1.69,N
9.56806,77.53657,310.02,0.56,0.43,2026-09-01,2044,N20,VIIRS,n,2.0NRT,261.72,0.97,N
8.66958,77.99236,302.64,0.41,0.45,2026-09-01,2044,N20,VIIRS,n,2.0NRT,285.61,0.66,N
8.68932,78.05498,340.2,0.44,0.46,2026-09-02,0750,N20,VIIRS,n,2.0NRT,301.18,2.1,D
8.89923,78.11224,348.39,0.43,0.46,2026-09-02,0750,N20,VIIRS,n,2.0NRT,303.39,5.21,D
8.83889,77.73864,333.26,0.46,0.47,2026-09-02,0750,N20,VIIRS,n,2.0NRT,303.09,3.42,D
9.12443,78.19585,342.43,0.42,0.45,2026-09-02,0750,N20,VIIRS,n,2.0NRT,303.93,4.68,D
9.12683,78.19602,344.99,0.42,0.45,2026-09-02,0750,N20,VIIRS,n,2.0NRT,304.8,7.28,D
9.06449,76.54559,331.58,0.54,0.51,2026-09-02,0750,N20,VIIRS,n,2.0NRT,294.83,3.75,D
9.06309,76.54379,331.72,0.54,0.51,2026-09-02,0750,N20,VIIRS,n,2.0NRT,295.09,3.23,D
9.28854,77.59671,346.91,0.46,0.47,2026-09-02,0750,N20,VIIRS,n,2.0NRT,305.91,12.3,D
9.44911,77.67039,342.56,0.45,0.47,2026-09-02,0750,N20,VIIRS,n,2.0NRT,306.29,19.35,D
9.56955,77.54256,333.91,0.46,0.47,2026-09-02,0750,N20,VIIRS,n,2.0NRT,296.6,4.47,D
9.81357,78.67178,332.31,0.38,0.44,2026-09-02,0750,N20,VIIRS,n,2.0NRT,301.02,4.68,D
9.83309,78.53201,334.38,0.39,0.44,2026-09-02,0750,N20,VIIRS,n,2.0NRT,303.16,3.08,D
9.81627,78.26504,335.11,0.41,0.45,2026-09-02,0750,N20,VIIRS,n,2.0NRT,298.32,2.01,D
9.99262,79.18792,333.35,0.53,0.42,2026-09-02,0750,N20,VIIRS,n,2.0NRT,297.52,1.47,D
9.78422,77.80275,338.92,0.44,0.46,2026-09-02,0750,N20,VIIRS,n,2.0NRT,302.83,5.37,D
9.98763,77.44791,351.24,0.46,0.47,2026-09-02,0750,N20,VIIRS,n,2.0NRT,304.93,13.21,D
10.51527,78.92046,332.79,0.54,0.42,2026-09-02,0750,N20,VIIRS,n,2.0NRT,297,2.76,D
10.42062,77.4873,343.63,0.45,0.47,2026-09-02,0750,N20,VIIRS,n,2.0NRT,302.08,6.15,D
10.86362,77.56113,342.21,0.43,0.46,2026-09-02,0750,N20,VIIRS,n,2.0NRT,304.49,9.3,D
10.86017,77.56201,341.44,0.43,0.46,2026-09-02,0750,N20,VIIRS,n,2.0NRT,304.23,9.43,D
10.85615,77.46578,335.41,0.44,0.46,2026-09-02,0750,N20,VIIRS,n,2.0NRT,300.19,2.42,D
11.14817,78.0351,356.46,0.4,0.44,2026-09-02,0750,N20,VIIRS,n,2.0NRT,299.53,12.06,D
11.11218,77.13387,334.45,0.46,0.47,2026-09-02,0750,N20,VIIRS,n,2.0NRT,298.44,3.76,D
11.12016,76.91273,342.38,0.47,0.48,2026-09-02,0750,N20,VIIRS,n,2.0NRT,297.55,12.59,D
12.17468,79.01917,336.76,0.51,0.41,2026-09-02,0750,N20,VIIRS,l,2.0NRT,300.42,4.05,D
12.19443,78.03655,335.76,0.39,0.44,2026-09-02,0750,N20,VIIRS,n,2.0NRT,297.46,2.58,D
12.00362,76.78979,335.07,0.47,0.48,2026-09-02,0750,N20,VIIRS,n,2.0NRT,298.64,5.23,D
12.09333,76.95873,331.52,0.45,0.47,2026-09-02,0750,N20,VIIRS,n,2.0NRT,293.45,2.39,D
12.42062,78.77126,334.62,0.52,0.42,2026-09-02,0750,N20,VIIRS,n,2.0NRT,298.09,9.7,D
14.29297,77.98297,330.87,0.54,0.42,2026-09-02,0752,N20,VIIRS,n,2.0NRT,295.71,4.37,D
14.80575,77.70475,336.23,0.55,0.43,2026-09-02,0752,N20,VIIRS,n,2.0NRT,298.83,5.17,D
14.8058,77.7021,334.23,0.55,0.43,2026-09-02,0752,N20,VIIRS,n,2.0NRT,298.04,2,D
15.17519,76.65701,334.72,0.42,0.45,2026-09-02,0752,N20,VIIRS,n,2.0NRT,296.11,4.69,D
15.18141,76.66771,337.29,0.42,0.45,2026-09-02,0752,N20,VIIRS,n,2.0NRT,296.2,5.19,D
15.9894,78.40038,333.48,0.49,0.4,2026-09-02,0752,N20,VIIRS,n,2.0NRT,286.97,4.33,D
16.01283,78.38216,338.02,0.49,0.4,2026-09-02,0752,N20,VIIRS,n,2.0NRT,288.89,8.35,D
16.01212,78.38377,333.84,0.49,0.4,2026-09-02,0752,N20,VIIRS,l,2.0NRT,288.69,6.07,D
17.47544,76.39265,330.49,0.4,0.44,2026-09-02,0752,N20,VIIRS,n,2.0NRT,293.24,2.59,D
17.67695,75.30758,341.2,0.46,0.47,2026-09-02,0752,N20,VIIRS,n,2.0NRT,295.72,7.62,D
26.25158,73.33974,334.79,0.43,0.46,2026-09-02,0756,N20,VIIRS,n,2.0NRT,301.21,5.6,D
27.4374,70.85754,333.41,0.57,0.52,2026-09-02,0756,N20,VIIRS,l,2.0NRT,303.63,2.38,D
27.45672,70.78687,352.55,0.57,0.52,2026-09-02,0756,N20,VIIRS,n,2.0NRT,304.5,9.37,D
27.4573,70.78467,345.02,0.57,0.52,2026-09-02,0756,N20,VIIRS,n,2.0NRT,304.69,9.55,D
30.21693,76.76219,306.64,0.4,0.45,2026-09-02,2019,N20,VIIRS,n,2.0NRT,288.61,1.37,N
23.7811,86.37132,303.51,0.38,0.43,2026-09-02,2021,N20,VIIRS,n,2.0NRT,288.48,1.38,N
23.77825,86.38604,304.61,0.38,0.44,2026-09-02,2021,N20,VIIRS,n,2.0NRT,289.01,2.32,N
23.77753,86.38976,306.42,0.38,0.44,2026-09-02,2021,N20,VIIRS,n,2.0NRT,289.01,2.34,N
23.77466,86.36218,316.43,0.38,0.43,2026-09-02,2021,N20,VIIRS,n,2.0NRT,288.7,2.38,N
23.77394,86.36584,305.7,0.38,0.43,2026-09-02,2021,N20,VIIRS,n,2.0NRT,288.5,1.97,N
23.76676,86.40286,312.11,0.39,0.44,2026-09-02,2021,N20,VIIRS,n,2.0NRT,288.95,1.76,N
23.76282,86.40197,325.48,0.39,0.44,2026-09-02,2021,N20,VIIRS,n,2.0NRT,289.28,1.76,N
23.76498,86.39088,302.84,0.38,0.44,2026-09-02,2021,N20,VIIRS,n,2.0NRT,288.14,2.05,N
23.76425,86.39459,305.18,0.38,0.44,2026-09-02,2021,N20,VIIRS,n,2.0NRT,288.97,1.45,N
23.76354,86.39828,306.61,0.39,0.44,2026-09-02,2021,N20,VIIRS,n,2.0NRT,288.49,1.45,N
23.76211,86.40564,303,0.39,0.44,2026-09-02,2021,N20,VIIRS,n,2.0NRT,288.27,1.76,N
23.75887,86.4011,316.14,0.39,0.44,2026-09-02,2021,N20,VIIRS,n,2.0NRT,289.04,2.32,N
23.75816,86.40479,315.88,0.39,0.44,2026-09-02,2021,N20,VIIRS,n,2.0NRT,288.62,2.32,N
23.75564,86.39656,306.11,0.39,0.44,2026-09-02,2021,N20,VIIRS,n,2.0NRT,288.67,2.29,N
23.77976,86.20955,321.04,0.56,0.43,2026-09-02,2021,N20,VIIRS,n,2.0NRT,289.08,3.74,N
23.77585,86.20872,307.93,0.56,0.43,2026-09-02,2021,N20,VIIRS,n,2.0NRT,289.18,3.74,N
23.77406,86.19703,311.24,0.56,0.43,2026-09-02,2021,N20,VIIRS,n,2.0NRT,288.97,4.58,N
23.77299,86.20249,303.04,0.56,0.43,2026-09-02,2021,N20,VIIRS,n,2.0NRT,288.91,3.5,N
20.83645,70.69326,299.22,0.37,0.58,2026-09-02,2021,N20,VIIRS,n,2.0NRT,281.06,0.6,N
21.10572,72.64827,307.52,0.55,0.51,2026-09-02,2021,N20,VIIRS,n,2.0NRT,290.68,5.46,N
21.10632,72.64294,338.93,0.55,0.51,2026-09-02,2021,N20,VIIRS,n,2.0NRT,291.19,5.46,N
20.94764,86.04403,299.83,0.41,0.45,2026-09-02,2021,N20,VIIRS,n,2.0NRT,277.34,1.03,N
20.95095,86.04876,311.4,0.41,0.45,2026-09-02,2021,N20,VIIRS,n,2.0NRT,282.08,0.75,N
20.95171,86.04486,300.84,0.41,0.45,2026-09-02,2021,N20,VIIRS,n,2.0NRT,279.72,0.75,N
23.33018,70.21295,303.22,0.42,0.61,2026-09-02,2021,N20,VIIRS,n,2.0NRT,290.83,0.47,N
24.6637,74.63227,299.05,0.46,0.47,2026-09-02,2021,N20,VIIRS,n,2.0NRT,279.41,1.44,N
24.76503,74.60659,304.69,0.46,0.47,2026-09-02,2021,N20,VIIRS,n,2.0NRT,280.16,1.36,N
24.76607,74.60828,302.43,0.46,0.47,2026-09-02,2021,N20,VIIRS,n,2.0NRT,280.72,1.31,N
24.71521,75.95151,303.49,0.39,0.44,2026-09-02,2021,N20,VIIRS,n,2.0NRT,290.19,0.78,N
23.67937,86.09851,295.04,0.56,0.43,2026-09-02,2021,N20,VIIRS,n,2.0NRT,280.45,1.02,N
23.68032,86.09521,295.21,0.56,0.43,2026-09-02,2021,N20,VIIRS,n,2.0NRT,281.17,1.58,N
23.69609,86.07645,303.17,0.56,0.43,2026-09-02,2021,N20,VIIRS,n,2.0NRT,283.9,1.8,N
23.67866,86.39913,309.46,0.39,0.44,2026-09-02,2021,N20,VIIRS,n,2.0NRT,288.44,2.48,N
23.67938,86.39541,309.72,0.39,0.44,2026-09-02,2021,N20,VIIRS,n,2.0NRT,288.63,1.58,N
23.78148,86.39063,307.3,0.38,0.44,2026-09-02,2021,N20,VIIRS,n,2.0NRT,288.51,1.74,N
23.68334,86.39626,310.63,0.39,0.44,2026-09-02,2021,N20,VIIRS,n,2.0NRT,288.78,1.58,N
23.68404,86.39259,319.58,0.39,0.44,2026-09-02,2021,N20,VIIRS,n,2.0NRT,288.78,1.58,N
23.688,86.39345,309.56,0.39,0.44,2026-09-02,2021,N20,VIIRS,n,2.0NRT,288.21,1.84,N
23.6887,86.3898,304.81,0.39,0.44,2026-09-02,2021,N20,VIIRS,n,2.0NRT,288.67,2.16,N
23.68009,86.39173,306.7,0.39,0.44,2026-09-02,2021,N20,VIIRS,n,2.0NRT,288.16,1.58,N
15.33635,76.27782,307.79,0.44,0.38,2026-09-02,2023,N20,VIIRS,n,2.0NRT,274.67,1.05,N
15.17427,76.7852,308.11,0.42,0.38,2026-09-02,2023,N20,VIIRS,n,2.0NRT,288.96,1.08,N
15.18766,76.67159,311.27,0.42,0.38,2026-09-02,2023,N20,VIIRS,n,2.0NRT,288.07,1.29,N
15.18708,76.67549,304.11,0.42,0.38,2026-09-02,2023,N20,VIIRS,n,2.0NRT,287.53,1,N
15.18421,76.67104,307.15,0.42,0.38,2026-09-02,2023,N20,VIIRS,n,2.0NRT,287.73,1.93,N
15.18363,76.67496,304.17,0.42,0.38,2026-09-02,2023,N20,VIIRS,n,2.0NRT,288.26,1.49,N
15.18134,76.6666,323.6,0.42,0.38,2026-09-02,2023,N20,VIIRS,n,2.0NRT,287.62,1.93,N
15.18017,76.67442,312.62,0.42,0.38,2026-09-02,2023,N20,VIIRS,n,2.0NRT,286.62,1.49,N
15.17381,76.69349,309.9,0.42,0.38,2026-09-02,2023,N20,VIIRS,n,2.0NRT,287.59,1.19,N
15.17616,76.65379,312.81,0.42,0.38,2026-09-02,2023,N20,VIIRS,n,2.0NRT,288.41,2.39,N
15.17558,76.6577,319.62,0.42,0.38,2026-09-02,2023,N20,VIIRS,n,2.0NRT,289.15,2.78,N
15.16989,76.38091,299.16,0.43,0.38,2026-09-02,2023,N20,VIIRS,n,2.0NRT,283.74,0.52,N
13.39351,80.07467,307,0.4,0.37,2026-09-02,2023,N20,VIIRS,n,2.0NRT,285.9,1.28,N
13.89774,76.56654,300.92,0.42,0.37,2026-09-02,2023,N20,VIIRS,n,2.0NRT,286.08,1.13,N
13.16177,80.28377,320.68,0.41,0.37,2026-09-02,2023,N20,VIIRS,n,2.0NRT,289.13,2.78,N
12.8508,79.90537,340.95,0.4,0.37,2026-09-02,2023,N20,VIIRS,n,2.0NRT,289.95,8.05,N
13.14871,77.53867,300.09,0.39,0.36,2026-09-02,2023,N20,VIIRS,n,2.0NRT,285.94,0.19,N
12.97479,77.43371,302.76,0.39,0.36,2026-09-02,2023,N20,VIIRS,n,2.0NRT,288.41,0.54,N
12.59921,77.88294,319.53,0.39,0.36,2026-09-02,2023,N20,VIIRS,n,2.0NRT,289.84,1.79,N
16.87073,80.02078,304.58,0.39,0.36,2026-09-02,2023,N20,VIIRS,n,2.0NRT,286.09,1.03,N
9.55316,77.52426,315.45,0.38,0.36,2026-09-02,2025,N20,VIIRS,n,2.0NRT,287.14,1.52,N
9.55482,77.5139,324.17,0.38,0.36,2026-09-02,2025,N20,VIIRS,n,2.0NRT,285.49,2.42,N
9.55811,77.51443,309.54,0.38,0.36,2026-09-02,2025,N20,VIIRS,n,2.0NRT,284.56,1.76,N
9.56086,77.51841,328.06,0.38,0.36,2026-09-02,2025,N20,VIIRS,n,2.0NRT,285.83,1.76,N
9.5614,77.53619,316.03,0.38,0.36,2026-09-02,2025,N20,VIIRS,n,2.0NRT,285.93,0.91,N
9.56195,77.53275,309.24,0.38,0.36,2026-09-02,2025,N20,VIIRS,n,2.0NRT,286.62,1.62,N
9.56415,77.51893,324.02,0.38,0.36,2026-09-02,2025,N20,VIIRS,n,2.0NRT,285.03,1.41,N
9.5647,77.53674,311.02,0.38,0.36,2026-09-02,2025,N20,VIIRS,n,2.0NRT,285.37,0.91,N
9.5669,77.52291,312.26,0.38,0.36,2026-09-02,2025,N20,VIIRS,n,2.0NRT,284.65,1.61,N
9.56744,77.51945,308.43,0.38,0.36,2026-09-02,2025,N20,VIIRS,n,2.0NRT,283.59,1.41,N
11.59177,77.26229,297.35,0.39,0.36,2026-09-02,2025,N20,VIIRS,n,2.0NRT,272.69,0.44,N
11.59508,77.26291,332.16,0.39,0.36,2026-09-02,2025,N20,VIIRS,n,2.0NRT,274.37,3.05,N
11.81183,77.92081,299.39,0.38,0.36,2026-09-02,2025,N20,VIIRS,n,2.0NRT,272.09,1.04,N
11.81568,77.91785,302.56,0.38,0.36,2026-09-02,2025,N20,VIIRS,n,2.0NRT,273.32,1.16,N
12.08651,77.05036,296.31,0.39,0.37,2026-09-02,2025,N20,VIIRS,n,2.0NRT,274.71,0.68,N
9.55372,77.52083,321.43,0.38,0.36,2026-09-02,2025,N20,VIIRS,n,2.0NRT,286.47,1.52,N
14.10816,77.59407,330.93,0.39,0.6,2026-09-03,0731,N20,VIIRS,n,2.0NRT,285.44,3.39,D
8.49436,77.96617,330.46,0.47,0.64,2026-09-03,0731,N20,VIIRS,n,2.0NRT,294.43,3.34,D
8.86345,78.08493,338.14,0.46,0.63,2026-09-03,0731,N20,VIIRS,n,2.0NRT,294.83,2.28,D
8.995,78.11643,341.06,0.45,0.63,2026-09-03,0731,N20,VIIRS,n,2.0NRT,295.85,3.27,D
9.65053,78.06663,343.52,0.44,0.63,2026-09-03,0731,N20,VIIRS,n,2.0NRT,295.22,5.67,D
9.65259,78.06654,335.92,0.44,0.62,2026-09-03,0731,N20,VIIRS,n,2.0NRT,294.43,6.03,D
9.7496,78.01988,342.77,0.44,0.63,2026-09-03,0731,N20,VIIRS,n,2.0NRT,297.86,9.94,D
9.75129,78.01684,343.09,0.44,0.63,2026-09-03,0731,N20,VIIRS,n,2.0NRT,297.06,10.6,D
10.49617,79.46641,343.03,0.34,0.56,2026-09-03,0731,N20,VIIRS,n,2.0NRT,298.62,3.94,D
12.44623,79.14983,338.77,0.33,0.55,2026-09-03,0731,N20,VIIRS,n,2.0NRT,293.75,3.06,D
12.74508,78.65624,335.06,0.35,0.57,2026-09-03,0731,N20,VIIRS,n,2.0NRT,292.08,4.03,D
23.66255,87.15377,330.63,0.41,0.37,2026-09-03,0733,N20,VIIRS,n,2.0NRT,292.84,3.12,D
21.10291,72.64852,334.62,0.6,0.7,2026-09-03,0733,N20,VIIRS,n,2.0NRT,288.64,9.08,D
21.16354,72.67133,338.1,0.59,0.7,2026-09-03,0733,N20,VIIRS,n,2.0NRT,287.54,5.44,D
23.77833,86.3914,333.93,0.4,0.37,2026-09-03,0733,N20,VIIRS,n,2.0NRT,296.63,5.61,D
23.77443,86.36435,340.16,0.4,0.37,2026-09-03,0733,N20,VIIRS,n,2.0NRT,296.49,4.56,D
22.36557,87.30296,343.37,0.41,0.37,2026-09-03,0733,N20,VIIRS,n,2.0NRT,298.96,9.64,D
23.78466,85.55476,332.14,0.39,0.36,2026-09-03,0733,N20,VIIRS,n,2.0NRT,294.27,2.83,D
23.78796,85.55418,332.27,0.39,0.36,2026-09-03,0733,N20,VIIRS,n,2.0NRT,293.58,2.83,D
27.9844,95.93944,348.14,0.48,0.65,2026-09-03,0735,N20,VIIRS,n,2.0NRT,289.43,7.85,D
21.16206,72.674,341.15,0.56,0.68,2026-09-03,0915,N20,VIIRS,n,2.0NRT,289,6.29,D
23.65043,85.43652,320.82,0.38,0.36,2026-09-03,2002,N20,VIIRS,n,2.0NRT,287.97,1.64,N
29.91132,74.94312,306.14,0.49,0.65,2026-09-03,2002,N20,VIIRS,n,2.0NRT,290.62,0.8,N
29.91007,74.94244,304.52,0.49,0.65,2026-09-03,2002,N20,VIIRS,n,2.0NRT,290.73,1.02,N
29.48014,76.85374,305.02,0.37,0.58,2026-09-03,2002,N20,VIIRS,n,2.0NRT,288.34,0.73,N
29.47475,76.85314,367,0.37,0.58,2026-09-03,2002,N20,VIIRS,h,2.0NRT,288.75,8.36,N
29.47446,76.85703,309.14,0.37,0.58,2026-09-03,2002,N20,VIIRS,n,2.0NRT,288.99,5.44,N
29.47757,76.85374,367,0.37,0.58,2026-09-03,2002,N20,VIIRS,h,2.0NRT,288.83,9.46,N
29.47725,76.85763,310.55,0.37,0.58,2026-09-03,2002,N20,VIIRS,n,2.0NRT,289.14,6.79,N
28.74499,76.92669,296.37,0.36,0.58,2026-09-03,2002,N20,VIIRS,n,2.0NRT,279.34,2.1,N
28.71685,76.8332,299.98,0.37,0.58,2026-09-03,2002,N20,VIIRS,n,2.0NRT,274.6,1.13,N
26.52291,90.5325,328.03,0.49,0.4,2026-09-03,2002,N20,VIIRS,n,2.0NRT,288.83,5.79,N
26.7609,83.19978,308.37,0.46,0.39,2026-09-03,2002,N20,VIIRS,n,2.0NRT,290.5,3.62,N
25.94085,72.18671,305.68,0.67,0.74,2026-09-03,2002,N20,VIIRS,n,2.0NRT,288.86,2,N
24.11976,86.86308,311.02,0.39,0.36,2026-09-03,2002,N20,VIIRS,n,2.0NRT,288.39,1.25,N
24.11708,86.85863,316.11,0.39,0.36,2026-09-03,2002,N20,VIIRS,n,2.0NRT,288.72,1.12,N
23.84145,86.50287,303.98,0.39,0.36,2026-09-03,2002,N20,VIIRS,n,2.0NRT,287.52,0.52,N
23.85833,86.33572,309.39,0.39,0.36,2026-09-03,2002,N20,VIIRS,n,2.0NRT,285.49,0.5,N
23.81538,86.57941,309.89,0.39,0.36,2026-09-03,2002,N20,VIIRS,n,2.0NRT,288.82,0.58,N
23.69766,87.10545,306.8,0.4,0.37,2026-09-03,2002,N20,VIIRS,n,2.0NRT,288.38,1.14,N
23.69508,87.1208,310.26,0.4,0.37,2026-09-03,2002,N20,VIIRS,n,2.0NRT,289.5,1.08,N
23.69444,87.12463,308.89,0.4,0.37,2026-09-03,2002,N20,VIIRS,n,2.0NRT,288.97,1.08,N
23.69626,87.09328,312.84,0.4,0.37,2026-09-03,2002,N20,VIIRS,n,2.0NRT,288.89,1.31,N
23.69433,87.10479,306.35,0.4,0.37,2026-09-03,2002,N20,VIIRS,n,2.0NRT,288.75,1.14,N
23.6924,87.11631,305.7,0.4,0.37,2026-09-03,2002,N20,VIIRS,n,2.0NRT,288.48,1.93,N
23.69175,87.12016,305.18,0.4,0.37,2026-09-03,2002,N20,VIIRS,n,2.0NRT,288.61,1.08,N
23.69164,87.1003,306.55,0.4,0.37,2026-09-03,2002,N20,VIIRS,n,2.0NRT,288.71,1.63,N
23.68842,87.11951,317.5,0.4,0.37,2026-09-03,2002,N20,VIIRS,n,2.0NRT,288.92,3.08,N
23.68316,87.13036,310.17,0.4,0.37,2026-09-03,2002,N20,VIIRS,n,2.0NRT,289.84,1.98,N
23.80459,86.32961,328.48,0.39,0.36,2026-09-03,2002,N20,VIIRS,n,2.0NRT,287.27,2.12,N
23.80129,86.32899,305.52,0.39,0.36,2026-09-03,2002,N20,VIIRS,n,2.0NRT,285.86,2.12,N
23.79767,86.3515,314.18,0.39,0.36,2026-09-03,2002,N20,VIIRS,n,2.0NRT,286.72,1.82,N
23.66618,87.15525,304.39,0.4,0.37,2026-09-03,2002,N20,VIIRS,n,2.0NRT,287.89,0.9,N
23.66554,87.1591,308.6,0.4,0.37,2026-09-03,2002,N20,VIIRS,n,2.0NRT,288.27,0.9,N
23.66284,87.15459,323.26,0.4,0.37,2026-09-03,2002,N20,VIIRS,n,2.0NRT,289.29,3.1,N
23.78113,86.39088,309.56,0.39,0.36,2026-09-03,2002,N20,VIIRS,n,2.0NRT,287.67,1.05,N
23.77783,86.39025,303.92,0.39,0.36,2026-09-03,2002,N20,VIIRS,n,2.0NRT,286.71,1.05,N
23.77548,86.36273,301.78,0.39,0.36,2026-09-03,2002,N20,VIIRS,n,2.0NRT,279.86,0.87,N
23.76881,86.40401,303.73,0.39,0.36,2026-09-03,2002,N20,VIIRS,n,2.0NRT,286.4,0.93,N
23.76552,86.40339,312.99,0.39,0.36,2026-09-03,2002,N20,VIIRS,n,2.0NRT,286.42,1.1,N
23.76222,86.40276,308.28,0.39,0.36,2026-09-03,2002,N20,VIIRS,n,2.0NRT,285.25,1.1,N
23.75893,86.40212,302.01,0.39,0.36,2026-09-03,2002,N20,VIIRS,n,2.0NRT,284.55,0.96,N
23.7532,86.41651,307.79,0.39,0.36,2026-09-03,2002,N20,VIIRS,n,2.0NRT,288.53,1.06,N
23.77986,86.20908,318.46,0.39,0.36,2026-09-03,2002,N20,VIIRS,n,2.0NRT,288.61,2.21,N
23.66433,86.91784,306.56,0.39,0.36,2026-09-03,2002,N20,VIIRS,n,2.0NRT,289.42,1.07,N
23.74027,86.43341,309.02,0.39,0.36,2026-09-03,2002,N20,VIIRS,n,2.0NRT,290.24,3.28,N
23.73697,86.43278,341.06,0.39,0.36,2026-09-03,2002,N20,VIIRS,n,2.0NRT,292.07,3.28,N
23.73758,86.42902,312.53,0.39,0.36,2026-09-03,2002,N20,VIIRS,n,2.0NRT,289.72,1.41,N
23.77179,86.196,308.84,0.38,0.36,2026-09-03,2002,N20,VIIRS,n,2.0NRT,286.19,1.67,N
23.77119,86.19974,304.78,0.38,0.36,2026-09-03,2002,N20,VIIRS,n,2.0NRT,286.55,0.99,N
23.725,86.42276,313.03,0.39,0.36,2026-09-03,2002,N20,VIIRS,n,2.0NRT,290.96,1.75,N
23.72257,86.43778,308.92,0.39,0.36,2026-09-03,2002,N20,VIIRS,n,2.0NRT,289.46,2.16,N
23.71866,86.4409,314.11,0.39,0.36,2026-09-03,2002,N20,VIIRS,n,2.0NRT,289.64,1.28,N
23.71353,86.45154,330.73,0.39,0.36,2026-09-03,2002,N20,VIIRS,n,2.0NRT,291.4,2.89,N
23.71841,86.4215,305.64,0.39,0.36,2026-09-03,2002,N20,VIIRS,n,2.0NRT,289.83,1.67,N
23.71084,86.44715,322.03,0.39,0.36,2026-09-03,2002,N20,VIIRS,n,2.0NRT,290.78,2.49,N
23.71511,86.42087,306.05,0.39,0.36,2026-09-03,2002,N20,VIIRS,n,2.0NRT,289.26,1.27,N
23.71023,86.45091,306.45,0.39,0.36,2026-09-03,2002,N20,VIIRS,n,2.0NRT,290.01,1.04,N
23.71121,86.424,305.78,0.39,0.36,2026-09-03,2002,N20,VIIRS,n,2.0NRT,289.23,1.27,N
23.68547,86.39327,327.45,0.39,0.36,2026-09-03,2002,N20,VIIRS,n,2.0NRT,290.2,4.04,N
23.68607,86.38953,306.72,0.39,0.36,2026-09-03,2002,N20,VIIRS,n,2.0NRT,288.99,2.12,N
23.82467,85.49529,302.86,0.38,0.36,2026-09-03,2002,N20,VIIRS,n,2.0NRT,285.02,0.92,N
23.82409,85.49904,302.51,0.38,0.36,2026-09-03,2002,N20,VIIRS,n,2.0NRT,284.53,0.92,N
23.67887,86.39201,304.49,0.39,0.36,2026-09-03,2002,N20,VIIRS,n,2.0NRT,286.75,0.87,N
23.67827,86.39577,306.12,0.39,0.36,2026-09-03,2002,N20,VIIRS,n,2.0NRT,284.6,0.87,N
23.67766,86.39953,312.42,0.39,0.36,2026-09-03,2002,N20,VIIRS,n,2.0NRT,287.22,1.25,N
23.61443,86.78787,309.85,0.39,0.36,2026-09-03,2002,N20,VIIRS,n,2.0NRT,290.27,1.32,N
23.6138,86.7917,311.92,0.39,0.36,2026-09-03,2002,N20,VIIRS,n,2.0NRT,290.77,1.37,N
23.67437,86.3989,303.78,0.39,0.36,2026-09-03,2002,N20,VIIRS,n,2.0NRT,288.76,1.25,N
23.75844,85.8522,310.78,0.38,0.36,2026-09-03,2002,N20,VIIRS,n,2.0NRT,286.15,0.89,N
23.75785,85.85593,305.14,0.38,0.36,2026-09-03,2002,N20,VIIRS,n,2.0NRT,286.38,0.89,N
23.75515,85.85158,308.36,0.38,0.36,2026-09-03,2002,N20,VIIRS,n,2.0NRT,286.21,0.89,N
23.75456,85.85532,309.18,0.38,0.36,2026-09-03,2002,N20,VIIRS,n,2.0NRT,286.4,0.89,N
23.78841,85.55404,308.98,0.38,0.36,2026-09-03,2002,N20,VIIRS,n,2.0NRT,283.02,1.41,N
23.78512,85.55343,308.22,0.38,0.36,2026-09-03,2002,N20,VIIRS,n,2.0NRT,282.57,0.94,N
23.78161,85.57585,304.27,0.38,0.36,2026-09-03,2002,N20,VIIRS,n,2.0NRT,284.23,1.39,N
23.6953,86.07877,302.86,0.38,0.36,2026-09-03,2002,N20,VIIRS,n,2.0NRT,280.9,0.53,N
23.5834,86.7272,310.78,0.39,0.36,2026-09-03,2002,N20,VIIRS,n,2.0NRT,290.67,1.11,N
23.58009,86.72656,308.13,0.39,0.36,2026-09-03,2002,N20,VIIRS,n,2.0NRT,290.15,1.11,N
23.84097,84.94881,303.34,0.39,0.36,2026-09-03,2002,N20,VIIRS,n,2.0NRT,288.05,0.55,N
23.74545,85.50378,301.96,0.38,0.36,2026-09-03,2002,N20,VIIRS,n,2.0NRT,283.79,0.59,N
23.82555,84.93825,303.94,0.39,0.36,2026-09-03,2002,N20,VIIRS,n,2.0NRT,288.67,0.5,N
23.7255,85.52321,301.47,0.38,0.36,2026-09-03,2002,N20,VIIRS,n,2.0NRT,284.53,0.25,N
23.70932,85.42812,303.85,0.38,0.36,2026-09-03,2002,N20,VIIRS,n,2.0NRT,288.25,0.45,N
23.71049,85.2896,302.26,0.39,0.36,2026-09-03,2002,N20,VIIRS,n,2.0NRT,286.67,0.48,N
23.69829,85.36831,310.07,0.39,0.36,2026-09-03,2002,N20,VIIRS,n,2.0NRT,288.84,1.17,N
23.69674,85.35646,304.52,0.39,0.36,2026-09-03,2002,N20,VIIRS,n,2.0NRT,288.92,0.59,N
23.69442,85.37145,311.67,0.39,0.36,2026-09-03,2002,N20,VIIRS,n,2.0NRT,289.11,1.11,N
23.74007,85.00873,317.46,0.39,0.36,2026-09-03,2002,N20,VIIRS,n,2.0NRT,289.71,2.7,N
23.6973,85.28718,306.02,0.39,0.36,2026-09-03,2002,N20,VIIRS,n,2.0NRT,287.62,0.87,N
23.69672,85.29093,307.13,0.39,0.36,2026-09-03,2002,N20,VIIRS,n,2.0NRT,287.56,0.87,N
23.65641,85.50684,310.37,0.38,0.36,2026-09-03,2002,N20,VIIRS,n,2.0NRT,287.69,0.98,N
23.71965,85.0089,304.95,0.39,0.36,2026-09-03,2002,N20,VIIRS,n,2.0NRT,285.67,0.69,N
23.64655,85.43964,323.37,0.38,0.36,2026-09-03,2002,N20,VIIRS,n,2.0NRT,287.38,2.11,N
23.64714,85.43591,312.95,0.38,0.36,2026-09-03,2002,N20,VIIRS,n,2.0NRT,287.65,1.38,N
23.60976,85.67492,309.37,0.38,0.36,2026-09-03,2002,N20,VIIRS,n,2.0NRT,289.81,0.81,N
23.66732,84.99632,303.53,0.39,0.36,2026-09-03,2002,N20,VIIRS,n,2.0NRT,287.06,0.92,N
23.66344,84.99948,306.55,0.39,0.36,2026-09-03,2002,N20,VIIRS,n,2.0NRT,287.33,0.92,N
17.35811,76.87943,303.69,0.54,0.5,2026-09-03,2004,N20,VIIRS,n,2.0NRT,284.78,1.05,N
16.87099,80.02061,306.16,0.51,0.41,2026-09-03,2004,N20,VIIRS,n,2.0NRT,289.8,2.28,N
17.96308,83.15963,306.04,0.39,0.37,2026-09-03,2004,N20,VIIRS,n,2.0NRT,290.97,1.55,N
17.60983,83.20471,326.65,0.39,0.36,2026-09-03,2004,N20,VIIRS,n,2.0NRT,293.72,2.31,N
17.60705,83.20048,314.98,0.39,0.36,2026-09-03,2004,N20,VIIRS,n,2.0NRT,292.67,2.31,N
17.60372,83.19993,309.65,0.39,0.36,2026-09-03,2004,N20,VIIRS,n,2.0NRT,292.61,1.9,N
17.59818,83.19147,307.48,0.39,0.36,2026-09-03,2004,N20,VIIRS,n,2.0NRT,292.02,1.29,N
17.69188,83.24426,318.58,0.39,0.36,2026-09-03,2004,N20,VIIRS,n,2.0NRT,292.24,1.77,N
9.54934,77.51951,315.78,0.38,0.43,2026-09-03,2006,N20,VIIRS,n,2.0NRT,289.25,2.15,N
15.17711,77.10126,300.53,0.48,0.48,2026-09-03,2006,N20,VIIRS,n,2.0NRT,273.71,0.93,N
15.02509,78.01545,308.47,0.42,0.45,2026-09-03,2006,N20,VIIRS,n,2.0NRT,282.53,1.15,N
15.02147,78.0108,299.92,0.42,0.45,2026-09-03,2006,N20,VIIRS,n,2.0NRT,279.86,1.15,N
15.17367,76.78399,303.2,0.51,0.49,2026-09-03,2006,N20,VIIRS,n,2.0NRT,288.63,1.27,N
15.18437,76.66389,316.88,0.52,0.5,2026-09-03,2006,N20,VIIRS,n,2.0NRT,282.7,4.2,N
15.18376,76.66869,317.37,0.52,0.5,2026-09-03,2006,N20,VIIRS,n,2.0NRT,285.48,3.3,N
15.18315,76.67349,309.9,0.52,0.5,2026-09-03,2006,N20,VIIRS,n,2.0NRT,286.21,3.3,N
15.18254,76.67829,306.64,0.52,0.5,2026-09-03,2006,N20,VIIRS,n,2.0NRT,286.46,2.6,N
15.17644,76.6531,311.26,0.52,0.5,2026-09-03,2006,N20,VIIRS,n,2.0NRT,279.38,2.15,N
15.17583,76.65791,312.3,0.52,0.5,2026-09-03,2006,N20,VIIRS,n,2.0NRT,284.12,3.54,N
15.13724,76.70645,303.86,0.51,0.5,2026-09-03,2006,N20,VIIRS,n,2.0NRT,287.7,0.62,N
15.06992,76.86325,298.07,0.5,0.49,2026-09-03,2006,N20,VIIRS,n,2.0NRT,280.71,1.13,N
13.412,78.25958,303.36,0.39,0.44,2026-09-03,2006,N20,VIIRS,n,2.0NRT,288.87,0.43,N
11.17709,79.08981,308.03,0.49,0.4,2026-09-03,2006,N20,VIIRS,n,2.0NRT,292.77,0.88,N
15.2287,76.76014,318.43,0.51,0.49,2026-09-03,2006,N20,VIIRS,n,2.0NRT,288.89,1.69,N
15.22415,76.75953,308.39,0.51,0.49,2026-09-03,2006,N20,VIIRS,n,2.0NRT,288.75,1.9,N
10.61815,77.42112,308.73,0.4,0.44,2026-09-03,2006,N20,VIIRS,n,2.0NRT,291.53,0.77,N
9.73645,77.55113,310.68,0.38,0.43,2026-09-03,2006,N20,VIIRS,n,2.0NRT,291.78,1.08,N
9.55857,77.51196,300.32,0.38,0.43,2026-09-03,2006,N20,VIIRS,n,2.0NRT,286.95,0.19,N
9.54893,77.52233,328.06,0.38,0.43,2026-09-03,2006,N20,VIIRS,n,2.0NRT,290.34,3,N
29.47375,76.85448,316.52,0.66,0.73,2026-09-03,2142,N20,VIIRS,n,2.0NRT,287.5,3.16,N
25.94266,72.1937,315.55,0.43,0.62,2026-09-03,2142,N20,VIIRS,n,2.0NRT,292.06,1.66,N
25.94423,72.19559,310.82,0.43,0.62,2026-09-03,2142,N20,VIIRS,n,2.0NRT,292.21,1.92,N
29.47733,76.8575,334.66,0.66,0.73,2026-09-03,2142,N20,VIIRS,n,2.0NRT,288.13,5.4,N
29.47193,76.86103,313.99,0.66,0.73,2026-09-03,2142,N20,VIIRS,n,2.0NRT,287.4,3.16,N
29.90804,74.94972,304.42,0.5,0.66,2026-09-03,2142,N20,VIIRS,n,2.0NRT,290.39,0.96,N
21.1091,72.64794,303.32,0.58,0.7,2026-09-03,2144,N20,VIIRS,n,2.0NRT,287.57,1.64,N
21.10634,72.64722,303.47,0.58,0.7,2026-09-03,2144,N20,VIIRS,n,2.0NRT,287.36,1.48,N
21.10505,72.65266,303.05,0.58,0.7,2026-09-03,2144,N20,VIIRS,n,2.0NRT,287.14,1.48,N
20.36032,72.94863,300.96,0.63,0.72,2026-09-03,2144,N20,VIIRS,n,2.0NRT,283.78,1.27,N
23.49735,68.57843,305.16,0.57,0.52,2026-09-03,2144,N20,VIIRS,n,2.0NRT,292.28,1.13,N
21.1702,72.67035,302.88,0.58,0.7,2026-09-03,2144,N20,VIIRS,n,2.0NRT,287.41,2.07,N
21.16396,72.66865,320.12,0.58,0.7,2026-09-03,2144,N20,VIIRS,n,2.0NRT,287.33,2.07,N
21.11042,72.64252,302.58,0.58,0.7,2026-09-03,2144,N20,VIIRS,n,2.0NRT,286.94,1.64,N
17.60935,82.68137,336.49,0.32,0.55,2026-09-04,0714,N20,VIIRS,n,2.0NRT,292.41,4,D
20.88834,84.98114,329.15,0.4,0.44,2026-09-04,0716,N20,VIIRS,n,2.0NRT,289.91,2.35,D
21.74705,83.8432,333.02,0.45,0.47,2026-09-04,0716,N20,VIIRS,n,2.0NRT,290.19,7.19,D
23.69273,87.12243,331.45,0.43,0.38,2026-09-04,0716,N20,VIIRS,l,2.0NRT,296.84,5.66,D
23.71243,86.45306,334.05,0.46,0.39,2026-09-04,0716,N20,VIIRS,l,2.0NRT,295.19,6,D
8.42327,77.67912,342.48,0.4,0.6,2026-09-04,0852,N20,VIIRS,n,2.0NRT,292.17,3.6,D
8.83588,77.99625,330.84,0.43,0.62,2026-09-04,0852,N20,VIIRS,n,2.0NRT,295.53,2.09,D
8.84148,77.70094,352.84,0.41,0.6,2026-09-04,0852,N20,VIIRS,n,2.0NRT,300.24,8.48,D
8.84704,77.70026,350.85,0.41,0.6,2026-09-04,0852,N20,VIIRS,n,2.0NRT,299.87,10.59,D
9.32813,77.77109,344.38,0.42,0.61,2026-09-04,0852,N20,VIIRS,n,2.0NRT,296.84,2.23,D
9.227,77.50995,333.23,0.4,0.6,2026-09-04,0852,N20,VIIRS,n,2.0NRT,295.71,5.08,D
9.84708,78.08351,330.17,0.45,0.63,2026-09-04,0852,N20,VIIRS,n,2.0NRT,295.5,2.27,D
8.53726,77.82267,367,0.41,0.61,2026-09-04,0852,N20,VIIRS,h,2.0NRT,296.22,5.15,D
8.53678,77.81892,339.01,0.41,0.61,2026-09-04,0852,N20,VIIRS,n,2.0NRT,295.86,5.15,D
8.73432,77.86235,336.58,0.42,0.61,2026-09-04,0852,N20,VIIRS,n,2.0NRT,294.95,1.87,D
13.90252,78.07291,330.71,0.5,0.66,2026-09-04,0854,N20,VIIRS,n,2.0NRT,292.87,2.74,D
22.92564,70.10651,330.89,0.4,0.44,2026-09-04,0856,N20,VIIRS,l,2.0NRT,303.22,6.03,D
23.32104,68.85722,336.7,0.51,0.41,2026-09-04,0858,N20,VIIRS,n,2.0NRT,299.01,9.54,D
25.80554,72.25489,332.06,0.58,0.52,2026-09-04,0858,N20,VIIRS,n,2.0NRT,299.27,2.74,D
25.80458,72.25359,333.21,0.58,0.52,2026-09-04,0858,N20,VIIRS,n,2.0NRT,299.16,3.59,D
29.90779,74.95393,334.59,0.48,0.64,2026-09-04,0858,N20,VIIRS,n,2.0NRT,293.52,3.63,D
20.76009,85.29348,311.28,0.53,0.42,2026-09-04,1945,N20,VIIRS,n,2.0NRT,290.06,1.49,N
23.71379,86.45164,302.36,0.5,0.41,2026-09-04,1945,N20,VIIRS,n,2.0NRT,281.46,1.5,N
23.82189,85.4938,302.75,0.56,0.43,2026-09-04,1945,N20,VIIRS,n,2.0NRT,289.53,3,N
23.76024,85.85598,305.19,0.54,0.42,2026-09-04,1945,N20,VIIRS,n,2.0NRT,290.07,1.81,N
23.75705,85.85013,306.07,0.54,0.42,2026-09-04,1945,N20,VIIRS,n,2.0NRT,289.81,1.55,N
23.75638,85.85539,315.1,0.54,0.42,2026-09-04,1945,N20,VIIRS,n,2.0NRT,290.88,1.81,N
23.68725,86.39246,298.55,0.5,0.41,2026-09-04,1945,N20,VIIRS,n,2.0NRT,280.08,0.85,N
23.67913,86.39618,305.87,0.5,0.41,2026-09-04,1945,N20,VIIRS,n,2.0NRT,285.63,2.46,N
23.70133,86.07359,325.08,0.52,0.42,2026-09-04,1945,N20,VIIRS,n,2.0NRT,289.49,3.04,N
23.68351,86.09167,308.79,0.52,0.42,2026-09-04,1945,N20,VIIRS,n,2.0NRT,289.58,1.78,N
23.68287,86.09675,314.7,0.52,0.41,2026-09-04,1945,N20,VIIRS,n,2.0NRT,289.87,2.29,N
23.6797,86.09111,306.36,0.52,0.42,2026-09-04,1945,N20,VIIRS,n,2.0NRT,289.81,1.78,N
23.67653,86.08544,332.99,0.52,0.42,2026-09-04,1945,N20,VIIRS,n,2.0NRT,290.38,5.49,N
23.6727,86.11592,307.65,0.52,0.41,2026-09-04,1945,N20,VIIRS,n,2.0NRT,289.63,1.43,N
23.66828,86.08938,304.82,0.52,0.42,2026-09-04,1945,N20,VIIRS,n,2.0NRT,289.58,0.7,N
23.58349,86.72443,310.74,0.48,0.4,2026-09-04,1945,N20,VIIRS,n,2.0NRT,289.96,3.5,N
23.6769,86.08849,329.24,0.52,0.41,2026-09-04,1945,N20,VIIRS,n,2.0NRT,289.77,3.8,N
23.67757,86.0834,312.11,0.52,0.42,2026-09-04,1945,N20,VIIRS,n,2.0NRT,290.05,2.98,N
23.67355,86.11382,306.79,0.52,0.41,2026-09-04,1945,N20,VIIRS,n,2.0NRT,289.38,1.2,N
23.66861,86.09241,304.6,0.52,0.41,2026-09-04,1945,N20,VIIRS,n,2.0NRT,289.39,1.1,N
23.63086,86.29086,304.85,0.51,0.41,2026-09-04,1945,N20,VIIRS,n,2.0NRT,288.46,1.98,N
23.6271,86.29028,316.74,0.51,0.41,2026-09-04,1945,N20,VIIRS,n,2.0NRT,287.85,2.62,N
23.82713,84.57284,305.57,0.42,0.45,2026-09-04,1945,N20,VIIRS,n,2.0NRT,288.62,1.64,N
23.74095,85.01152,301.76,0.4,0.44,2026-09-04,1945,N20,VIIRS,n,2.0NRT,286.04,1.02,N
23.61143,85.67391,299.32,0.55,0.42,2026-09-04,1945,N20,VIIRS,n,2.0NRT,285.78,0.67,N
22.7957,86.19765,309.13,0.5,0.41,2026-09-04,1945,N20,VIIRS,n,2.0NRT,282.16,2.39,N
22.79195,86.19707,302.5,0.5,0.41,2026-09-04,1945,N20,VIIRS,n,2.0NRT,283.82,1.52,N
22.78821,86.19647,300.73,0.5,0.41,2026-09-04,1945,N20,VIIRS,n,2.0NRT,284.59,1.52,N
22.79802,86.20056,307.02,0.5,0.41,2026-09-04,1945,N20,VIIRS,n,2.0NRT,283.16,2.58,N
22.79119,86.19455,301.64,0.5,0.41,2026-09-04,1945,N20,VIIRS,n,2.0NRT,284.17,1.28,N
22.79053,86.19944,301.18,0.5,0.41,2026-09-04,1945,N20,VIIRS,n,2.0NRT,286.04,1.55,N
22.78679,86.19888,302.33,0.5,0.41,2026-09-04,1945,N20,VIIRS,n,2.0NRT,285.6,1.55,N
22.21227,84.86139,322.69,0.39,0.44,2026-09-04,1945,N20,VIIRS,n,2.0NRT,290.81,1.72,N
22.2256,84.75111,306.1,0.39,0.44,2026-09-04,1945,N20,VIIRS,n,2.0NRT,290.53,0.84,N
22.20825,84.86081,307.17,0.39,0.44,2026-09-04,1945,N20,VIIRS,n,2.0NRT,290.62,1.72,N
22.21096,84.862,323.3,0.39,0.44,2026-09-04,1945,N20,VIIRS,n,2.0NRT,290.84,2.77,N
22.22502,84.75196,306.08,0.39,0.44,2026-09-04,1945,N20,VIIRS,n,2.0NRT,290.33,0.79,N
22.22404,84.75963,304.25,0.39,0.44,2026-09-04,1945,N20,VIIRS,n,2.0NRT,290.23,1.29,N
22.21387,84.83931,303.66,0.39,0.44,2026-09-04,1945,N20,VIIRS,n,2.0NRT,290.17,0.71,N
22.20486,84.84573,311.23,0.39,0.44,2026-09-04,1945,N20,VIIRS,n,2.0NRT,290.26,1.05,N
22.20911,84.5486,304.1,0.41,0.45,2026-09-04,1945,N20,VIIRS,n,2.0NRT,290.19,1,N
22.05358,85.46653,303.4,0.54,0.42,2026-09-04,1945,N20,VIIRS,n,2.0NRT,289.87,0.57,N
22.32974,82.60709,313.55,0.54,0.51,2026-09-04,1945,N20,VIIRS,n,2.0NRT,288.71,1.69,N
22.35858,82.30212,306.68,0.56,0.52,2026-09-04,1945,N20,VIIRS,n,2.0NRT,288.32,1.72,N
22.32217,82.59026,309.99,0.54,0.51,2026-09-04,1945,N20,VIIRS,n,2.0NRT,288.49,1.83,N
22.3204,82.56351,312.32,0.54,0.51,2026-09-04,1945,N20,VIIRS,n,2.0NRT,288.91,2.95,N
21.9245,85.22453,309.84,0.55,0.43,2026-09-04,1945,N20,VIIRS,n,2.0NRT,290.6,2.47,N
21.80177,85.56622,303.26,0.53,0.42,2026-09-04,1945,N20,VIIRS,n,2.0NRT,290.29,0.77,N
21.76627,85.57944,303.93,0.53,0.42,2026-09-04,1945,N20,VIIRS,n,2.0NRT,290.72,0.84,N
21.98605,83.23032,306.78,0.49,0.48,2026-09-04,1945,N20,VIIRS,n,2.0NRT,288.47,1.53,N
22.00649,82.67026,310.55,0.53,0.5,2026-09-04,1945,N20,VIIRS,n,2.0NRT,289.28,1.58,N
21.80338,83.88976,304.01,0.44,0.46,2026-09-04,1945,N20,VIIRS,n,2.0NRT,285.71,3.25,N
21.98718,82.01293,302.84,0.58,0.52,2026-09-04,1945,N20,VIIRS,n,2.0NRT,287.69,1.66,N
21.67433,82.0772,305.67,0.57,0.52,2026-09-04,1945,N20,VIIRS,n,2.0NRT,288.67,1.64,N
21.00192,86.02525,307.05,0.49,0.4,2026-09-04,1945,N20,VIIRS,n,2.0NRT,291.38,1.34,N
21.48853,81.76635,306.61,0.59,0.53,2026-09-04,1945,N20,VIIRS,n,2.0NRT,288.09,1.58,N
20.97234,86.00415,319.52,0.49,0.4,2026-09-04,1945,N20,VIIRS,n,2.0NRT,292.37,3.98,N
20.96592,86.0509,311.63,0.49,0.4,2026-09-04,1945,N20,VIIRS,n,2.0NRT,291.46,2.15,N
20.96736,86.01295,308,0.49,0.4,2026-09-04,1945,N20,VIIRS,n,2.0NRT,291.76,2.65,N
20.9643,86.00772,330.58,0.49,0.4,2026-09-04,1945,N20,VIIRS,n,2.0NRT,291.99,3.71,N
20.96366,86.01239,313.49,0.49,0.4,2026-09-04,1945,N20,VIIRS,n,2.0NRT,291.22,2.1,N
20.95179,86.04398,324.77,0.49,0.4,2026-09-04,1945,N20,VIIRS,n,2.0NRT,291.43,4.11,N
20.95116,86.04861,332.74,0.49,0.4,2026-09-04,1945,N20,VIIRS,n,2.0NRT,292.2,5.36,N
21.07859,85.03478,308.23,0.55,0.43,2026-09-04,1945,N20,VIIRS,n,2.0NRT,292.05,1.72,N
21.0779,85.04008,307.91,0.55,0.43,2026-09-04,1945,N20,VIIRS,n,2.0NRT,291.62,1.72,N
21.07721,85.04541,308.77,0.55,0.43,2026-09-04,1945,N20,VIIRS,n,2.0NRT,291.34,1.64,N
21.07651,85.05077,304.98,0.55,0.43,2026-09-04,1945,N20,VIIRS,n,2.0NRT,291.01,1.64,N
20.94188,86.06137,306.31,0.49,0.4,2026-09-04,1945,N20,VIIRS,n,2.0NRT,291.96,1.95,N
21.07399,85.03953,310.03,0.55,0.43,2026-09-04,1945,N20,VIIRS,n,2.0NRT,291.36,1.72,N
20.97789,85.16972,317.03,0.54,0.42,2026-09-04,1945,N20,VIIRS,n,2.0NRT,290.96,2.91,N
20.97705,85.16749,307.31,0.54,0.42,2026-09-04,1945,N20,VIIRS,n,2.0NRT,290.62,1.92,N
20.97636,85.1727,312.88,0.54,0.42,2026-09-04,1945,N20,VIIRS,n,2.0NRT,290.97,2.26,N
20.97179,85.17737,313.35,0.54,0.42,2026-09-04,1945,N20,VIIRS,n,2.0NRT,291.08,2.26,N
20.96791,85.1768,322.99,0.54,0.42,2026-09-04,1945,N20,VIIRS,n,2.0NRT,291.23,2.3,N
20.97066,85.15594,308.38,0.54,0.42,2026-09-04,1945,N20,VIIRS,n,2.0NRT,290.93,1.76,N
20.9686,85.17159,315.88,0.54,0.42,2026-09-04,1945,N20,VIIRS,n,2.0NRT,291.21,2.3,N
20.96266,85.18659,326.48,0.54,0.42,2026-09-04,1945,N20,VIIRS,n,2.0NRT,291.44,5.54,N
20.96678,85.15539,305.04,0.54,0.42,2026-09-04,1945,N20,VIIRS,n,2.0NRT,290.62,1.76,N
20.96609,85.16059,309.4,0.54,0.42,2026-09-04,1945,N20,VIIRS,n,2.0NRT,290.98,2.21,N
20.9654,85.16582,312.97,0.54,0.42,2026-09-04,1945,N20,VIIRS,n,2.0NRT,291.2,2.21,N
20.96471,85.17104,316.58,0.54,0.42,2026-09-04,1945,N20,VIIRS,n,2.0NRT,291.65,2.3,N
20.96403,85.17625,307.09,0.54,0.42,2026-09-04,1945,N20,VIIRS,n,2.0NRT,291.54,2.3,N
20.95728,85.01494,305.05,0.55,0.43,2026-09-04,1945,N20,VIIRS,n,2.0NRT,290.78,2.65,N
21.31351,81.58866,300.4,0.61,0.53,2026-09-04,1945,N20,VIIRS,n,2.0NRT,286.7,2.88,N
20.88974,84.98213,306.9,0.55,0.43,2026-09-04,1945,N20,VIIRS,n,2.0NRT,290.82,1.59,N
20.88582,84.98159,307.64,0.55,0.43,2026-09-04,1945,N20,VIIRS,n,2.0NRT,291.13,2.05,N
20.872,84.9957,305.34,0.55,0.43,2026-09-04,1945,N20,VIIRS,n,2.0NRT,290.71,1.46,N
20.86484,84.98934,323.11,0.55,0.43,2026-09-04,1945,N20,VIIRS,n,2.0NRT,291.81,2.92,N
20.86552,84.9841,305.95,0.55,0.43,2026-09-04,1945,N20,VIIRS,n,2.0NRT,290.19,0.94,N
20.86416,84.99455,306.71,0.55,0.43,2026-09-04,1945,N20,VIIRS,n,2.0NRT,291.36,2.92,N
20.81025,85.25641,303.44,0.53,0.42,2026-09-04,1945,N20,VIIRS,n,2.0NRT,285.19,1.39,N
20.80639,85.25585,312.76,0.53,0.42,2026-09-04,1945,N20,VIIRS,n,2.0NRT,285.5,1.39,N
20.79802,85.25985,309.64,0.53,0.42,2026-09-04,1945,N20,VIIRS,n,2.0NRT,286.98,1.69,N
20.79482,85.25418,336.09,0.53,0.42,2026-09-04,1945,N20,VIIRS,n,2.0NRT,288.01,3.83,N
20.79032,85.25867,304.98,0.53,0.42,2026-09-04,1945,N20,VIIRS,n,2.0NRT,284.65,3.83,N
20.78966,85.26375,300.47,0.53,0.42,2026-09-04,1945,N20,VIIRS,n,2.0NRT,283.23,0.48,N
20.78581,85.26316,304.97,0.53,0.42,2026-09-04,1945,N20,VIIRS,n,2.0NRT,284.95,0.74,N
20.76198,85.29599,315.32,0.53,0.42,2026-09-04,1945,N20,VIIRS,n,2.0NRT,290.69,3.06,N
20.75939,85.29863,308.31,0.53,0.42,2026-09-04,1945,N20,VIIRS,n,2.0NRT,290.16,1.49,N
21.19856,81.41629,304.65,0.62,0.54,2026-09-04,1945,N20,VIIRS,n,2.0NRT,284.76,2.49,N
20.52115,85.7233,306.01,0.5,0.41,2026-09-04,1945,N20,VIIRS,n,2.0NRT,290.54,0.8,N
23.80306,86.33125,321.78,0.51,0.41,2026-09-04,1945,N20,VIIRS,n,2.0NRT,288.12,5.45,N
23.79674,86.35042,316.46,0.51,0.41,2026-09-04,1945,N20,VIIRS,n,2.0NRT,288.69,3.37,N
23.66457,87.15292,306.12,0.46,0.39,2026-09-04,1945,N20,VIIRS,n,2.0NRT,285.22,1.98,N
23.77746,85.9965,303.75,0.53,0.42,2026-09-04,1945,N20,VIIRS,n,2.0NRT,288.25,0.87,N
15.17254,76.37836,300.32,0.56,0.69,2026-09-04,1947,N20,VIIRS,n,2.0NRT,287.79,2.1,N
9.80491,77.56216,312.16,0.4,0.6,2026-09-04,1947,N20,VIIRS,n,2.0NRT,289,0.97,N
15.16905,76.37527,300.28,0.56,0.69,2026-09-04,1947,N20,VIIRS,n,2.0NRT,287.84,1.53,N
15.13655,76.70815,302.65,0.53,0.67,2026-09-04,1947,N20,VIIRS,n,2.0NRT,289.77,1.34,N
10.12954,77.52656,311.78,0.4,0.6,2026-09-04,1947,N20,VIIRS,n,2.0NRT,287.65,1.47,N
13.7129,79.61954,305.32,0.33,0.55,2026-09-04,1947,N20,VIIRS,n,2.0NRT,289.35,1.35,N
14.99631,76.8468,303.2,0.52,0.67,2026-09-04,1947,N20,VIIRS,n,2.0NRT,289.58,0.57,N
19.10354,82.16685,305.84,0.52,0.5,2026-09-04,1947,N20,VIIRS,n,2.0NRT,290.14,1.37,N
19.09895,82.16625,310.93,0.52,0.5,2026-09-04,1947,N20,VIIRS,n,2.0NRT,289.45,1.37,N
19.10384,82.16526,302.63,0.52,0.5,2026-09-04,1947,N20,VIIRS,n,2.0NRT,289.75,1.53,N
19.09925,82.16467,310.06,0.52,0.5,2026-09-04,1947,N20,VIIRS,n,2.0NRT,289.21,2.96,N
19.09347,82.17397,303.72,0.52,0.5,2026-09-04,1947,N20,VIIRS,n,2.0NRT,289.7,1.55,N
17.69568,83.24305,303.24,0.43,0.46,2026-09-04,1947,N20,VIIRS,n,2.0NRT,283.8,1.39,N
17.95983,80.79558,304.9,0.62,0.54,2026-09-04,1947,N20,VIIRS,n,2.0NRT,289.34,1.29,N
17.95862,80.79625,305.51,0.62,0.54,2026-09-04,1947,N20,VIIRS,n,2.0NRT,289.73,2.32,N
17.60224,83.1994,307.87,0.43,0.46,2026-09-04,1947,N20,VIIRS,n,2.0NRT,288.87,2.41,N
17.46647,80.65131,304.12,0.62,0.54,2026-09-04,1947,N20,VIIRS,n,2.0NRT,289.24,0.92,N
17.14758,78.22211,302.44,0.45,0.63,2026-09-04,1947,N20,VIIRS,n,2.0NRT,286.05,1.68,N
16.87649,80.11887,306.51,0.33,0.55,2026-09-04,1947,N20,VIIRS,n,2.0NRT,291.59,0.89,N
16.87441,80.02161,305.42,0.34,0.56,2026-09-04,1947,N20,VIIRS,n,2.0NRT,291.09,0.95,N
15.55391,79.64561,367,0.34,0.56,2026-09-04,1947,N20,VIIRS,h,2.0NRT,290.49,4.15,N
15.55355,79.64883,306.53,0.34,0.56,2026-09-04,1947,N20,VIIRS,n,2.0NRT,290.09,4.15,N
15.54873,79.64497,326.96,0.34,0.56,2026-09-04,1947,N20,VIIRS,n,2.0NRT,289.97,4.15,N
15.54836,79.64817,316.16,0.34,0.56,2026-09-04,1947,N20,VIIRS,n,2.0NRT,290.33,4.15,N
15.55236,79.64706,354.8,0.34,0.56,2026-09-04,1947,N20,VIIRS,n,2.0NRT,291.67,14.79,N
15.55275,79.64386,307.83,0.34,0.56,2026-09-04,1947,N20,VIIRS,n,2.0NRT,289.81,8.43,N
15.52532,79.6533,307.48,0.34,0.56,2026-09-04,1947,N20,VIIRS,n,2.0NRT,289.95,1.91,N
15.17453,77.09926,303.72,0.5,0.66,2026-09-04,1947,N20,VIIRS,n,2.0NRT,286.09,0.74,N
15.18375,76.66516,317.98,0.54,0.68,2026-09-04,1947,N20,VIIRS,n,2.0NRT,290.41,4.16,N
15.18323,76.6702,308.2,0.54,0.68,2026-09-04,1947,N20,VIIRS,n,2.0NRT,289.93,1.85,N
15.18269,76.67524,311.05,0.54,0.68,2026-09-04,1947,N20,VIIRS,n,2.0NRT,290.06,1.85,N
15.17856,76.65443,308.14,0.54,0.68,2026-09-04,1947,N20,VIIRS,n,2.0NRT,290.38,2.77,N
15.17644,76.67462,307.18,0.54,0.68,2026-09-04,1947,N20,VIIRS,n,2.0NRT,289.89,1.85,N
11.17693,79.08677,307.96,0.33,0.55,2026-09-04,1949,N20,VIIRS,n,2.0NRT,288.59,2.11,N
11.19646,79.05567,300.86,0.33,0.55,2026-09-04,1949,N20,VIIRS,n,2.0NRT,286.76,1.55,N
31.25863,76.92339,299.65,0.32,0.55,2026-09-04,2123,N20,VIIRS,n,2.0NRT,286.47,0.74,N
31.25797,76.92616,299.97,0.32,0.55,2026-09-04,2123,N20,VIIRS,n,2.0NRT,287.19,1,N
15.13675,76.70895,301.39,0.7,0.75,2026-09-04,2125,N20,VIIRS,n,2.0NRT,287.8,1.44,N
15.07344,76.86353,302.69,0.72,0.76,2026-09-04,2125,N20,VIIRS,n,2.0NRT,288.8,1.65,N
15.07322,76.86325,302.44,0.72,0.76,2026-09-04,2125,N20,VIIRS,n,2.0NRT,288.4,1.44,N
23.31587,70.48626,307.31,0.39,0.44,2026-09-04,2125,N20,VIIRS,n,2.0NRT,293.87,0.85,N
23.30543,70.47614,304.73,0.39,0.44,2026-09-04,2125,N20,VIIRS,n,2.0NRT,293.76,0.81,N
23.12135,70.08555,317.95,0.56,0.43,2026-09-04,2125,N20,VIIRS,n,2.0NRT,293.71,3.21,N
23.12136,70.08435,318.21,0.56,0.43,2026-09-04,2125,N20,VIIRS,n,2.0NRT,293.79,2.74,N
22.93045,70.10779,305.4,0.56,0.43,2026-09-04,2125,N20,VIIRS,n,2.0NRT,293.7,3.36,N
22.93466,69.69984,313.25,0.54,0.42,2026-09-04,2125,N20,VIIRS,n,2.0NRT,294.09,3.11,N
20.91111,71.4613,304.79,0.49,0.49,2026-09-04,2125,N20,VIIRS,n,2.0NRT,291.61,1.05,N
19.02249,72.89153,334,0.33,0.55,2026-09-04,2125,N20,VIIRS,n,2.0NRT,290.05,3.86,N
19.02186,72.89457,332.93,0.33,0.55,2026-09-04,2125,N20,VIIRS,n,2.0NRT,290.4,4.03,N
18.69118,73.03957,303.11,0.34,0.56,2026-09-04,2125,N20,VIIRS,n,2.0NRT,289.73,0.96,N
18.68741,73.03207,306.38,0.34,0.56,2026-09-04,2125,N20,VIIRS,n,2.0NRT,290.44,2.08,N
18.6861,73.0384,301.8,0.34,0.56,2026-09-04,2125,N20,VIIRS,n,2.0NRT,290.11,0.96,N
18.68169,73.03407,301.62,0.34,0.56,2026-09-04,2125,N20,VIIRS,n,2.0NRT,290.29,1.48,N
15.17813,77.10228,303.75,0.74,0.76,2026-09-04,2125,N20,VIIRS,n,2.0NRT,287.15,2.86,N
15.18306,76.66953,303.1,0.7,0.75,2026-09-04,2125,N20,VIIRS,n,2.0NRT,287.56,3.27,N
15.17927,76.65517,309.6,0.69,0.75,2026-09-04,2125,N20,VIIRS,n,2.0NRT,287.34,4.31,N
15.18014,76.6731,303.04,0.7,0.75,2026-09-04,2125,N20,VIIRS,n,2.0NRT,287.38,3.38,N
15.17767,76.65236,304.58,0.7,0.75,2026-09-04,2125,N20,VIIRS,n,2.0NRT,287.09,2.23,N
15.17627,76.65868,301.35,0.7,0.75,2026-09-04,2125,N20,VIIRS,n,2.0NRT,287.48,2.5,N
20.96386,86.00793,349.45,0.34,0.56,2026-09-05,0657,N20,VIIRS,n,2.0NRT,292.29,4.4,D
20.86409,84.99059,331.74,0.4,0.6,2026-09-05,0657,N20,VIIRS,n,2.0NRT,292.61,4.32,D
20.96189,86.00809,343.96,0.34,0.56,2026-09-05,0657,N20,VIIRS,n,2.0NRT,292.03,5.75,D
20.75933,85.29932,331.12,0.38,0.59,2026-09-05,0657,N20,VIIRS,n,2.0NRT,293.52,4.79,D
23.69259,87.12342,328.11,0.51,0.49,2026-09-05,0659,N20,VIIRS,n,2.0NRT,292.48,5.48,D
23.6451,85.44025,336.59,0.33,0.55,2026-09-05,0659,N20,VIIRS,n,2.0NRT,292.04,3.74,D
18.69589,74.44584,334.58,0.5,0.41,2026-09-05,0835,N20,VIIRS,n,2.0NRT,296.48,3.78,D
18.5752,74.46596,332.15,0.5,0.41,2026-09-05,0835,N20,VIIRS,n,2.0NRT,297.06,1.68,D
16.17167,74.87211,335.74,0.5,0.41,2026-09-05,0835,N20,VIIRS,n,2.0NRT,300.34,3.47,D
16.44525,77.82963,341.96,0.5,0.49,2026-09-05,0835,N20,VIIRS,n,2.0NRT,298.94,8.84,D
15.975,78.41002,330.59,0.54,0.51,2026-09-05,0835,N20,VIIRS,n,2.0NRT,297.04,3.64,D
8.44955,77.58025,343.95,0.57,0.43,2026-09-05,0835,N20,VIIRS,n,2.0NRT,300.87,6.76,D
8.62201,77.91603,344.29,0.4,0.44,2026-09-05,0835,N20,VIIRS,n,2.0NRT,297.36,3.42,D
8.62524,77.79489,345.46,0.39,0.44,2026-09-05,0835,N20,VIIRS,n,2.0NRT,303.16,9.68,D
8.62617,77.79392,344.77,0.39,0.44,2026-09-05,0835,N20,VIIRS,n,2.0NRT,303.53,11.19,D
8.66335,77.85443,342.19,0.4,0.44,2026-09-05,0835,N20,VIIRS,n,2.0NRT,300.85,6.18,D
9.0026,77.52624,337.58,0.57,0.43,2026-09-05,0835,N20,VIIRS,n,2.0NRT,303.15,5.89,D
9.06088,77.72623,352.02,0.39,0.44,2026-09-05,0835,N20,VIIRS,n,2.0NRT,304.68,12.33,D
9.3083,78.79848,334.36,0.46,0.47,2026-09-05,0835,N20,VIIRS,n,2.0NRT,296.31,2.19,D
9.30978,78.79932,335.84,0.46,0.47,2026-09-05,0835,N20,VIIRS,n,2.0NRT,296.63,2.44,D
9.1435,77.5413,342.79,0.38,0.44,2026-09-05,0835,N20,VIIRS,n,2.0NRT,304.2,13.91,D
9.33417,77.69457,342.44,0.39,0.44,2026-09-05,0835,N20,VIIRS,n,2.0NRT,304.48,7.78,D
9.94851,78.64626,336.3,0.46,0.47,2026-09-05,0835,N20,VIIRS,n,2.0NRT,300.88,5.68,D
9.81357,77.32077,333.04,0.57,0.43,2026-09-05,0835,N20,VIIRS,l,2.0NRT,303.53,4.39,D
10.02841,78.05846,335.35,0.43,0.46,2026-09-05,0835,N20,VIIRS,n,2.0NRT,300.7,8.53,D
10.10579,77.83781,336.52,0.41,0.45,2026-09-05,0835,N20,VIIRS,n,2.0NRT,302.21,4.29,D
10.85424,78.68019,351.58,0.48,0.48,2026-09-05,0835,N20,VIIRS,n,2.0NRT,298.37,20.51,D
10.87593,77.97946,344.35,0.43,0.46,2026-09-05,0835,N20,VIIRS,n,2.0NRT,302.68,10.19,D
10.93433,77.19016,340.17,0.39,0.44,2026-09-05,0835,N20,VIIRS,n,2.0NRT,305.95,6.53,D
10.9785,76.98156,335.4,0.56,0.43,2026-09-05,0835,N20,VIIRS,n,2.0NRT,298.12,3.11,D
11.00253,77.12383,346.08,0.38,0.43,2026-09-05,0835,N20,VIIRS,n,2.0NRT,306.55,10.19,D
11.95854,78.75902,332.21,0.5,0.49,2026-09-05,0835,N20,VIIRS,n,2.0NRT,297.02,4.19,D
12.17388,78.93881,342.31,0.52,0.5,2026-09-05,0835,N20,VIIRS,n,2.0NRT,299.54,6.41,D
12.06562,77.03265,340.18,0.39,0.44,2026-09-05,0835,N20,VIIRS,n,2.0NRT,305.58,3.69,D
12.00694,76.52467,335.43,0.55,0.42,2026-09-05,0835,N20,VIIRS,n,2.0NRT,304.71,6.58,D
12.08199,76.8081,337.54,0.57,0.43,2026-09-05,0835,N20,VIIRS,l,2.0NRT,308.2,6.82,D
12.09133,76.81746,339.62,0.57,0.43,2026-09-05,0835,N20,VIIRS,n,2.0NRT,306.51,5.82,D
12.10958,76.89243,330.14,0.38,0.43,2026-09-05,0835,N20,VIIRS,l,2.0NRT,303.45,0.64,D
12.48486,77.34094,334.62,0.41,0.45,2026-09-05,0835,N20,VIIRS,l,2.0NRT,305.56,4.6,D
12.91732,76.07881,339.05,0.53,0.42,2026-09-05,0835,N20,VIIRS,n,2.0NRT,303.88,11.8,D
12.91621,76.08082,335.2,0.53,0.42,2026-09-05,0835,N20,VIIRS,n,2.0NRT,301.48,12.58,D
14.6866,79.73649,332.88,0.32,0.54,2026-09-05,0837,N20,VIIRS,n,2.0NRT,299.25,2.21,D
13.97459,80.08726,332.92,0.33,0.55,2026-09-05,0837,N20,VIIRS,n,2.0NRT,294.68,1.05,D
14.21385,79.22749,331.31,0.58,0.52,2026-09-05,0837,N20,VIIRS,n,2.0NRT,296.92,2.16,D
14.30583,77.72722,344.62,0.46,0.47,2026-09-05,0837,N20,VIIRS,n,2.0NRT,304.58,12.16,D
14.61918,79.51504,331.84,0.61,0.54,2026-09-05,0837,N20,VIIRS,n,2.0NRT,297.9,2.49,D
14.68688,79.73868,351.12,0.32,0.54,2026-09-05,0837,N20,VIIRS,n,2.0NRT,299.83,5.85,D
14.43309,77.70782,345.74,0.46,0.47,2026-09-05,0837,N20,VIIRS,n,2.0NRT,300.74,5.09,D
14.43444,77.70826,342.64,0.46,0.47,2026-09-05,0837,N20,VIIRS,n,2.0NRT,301.6,10.4,D
14.68694,79.73945,339.5,0.32,0.54,2026-09-05,0837,N20,VIIRS,n,2.0NRT,299.13,2.39,D
14.77551,79.7985,336.79,0.32,0.55,2026-09-05,0837,N20,VIIRS,n,2.0NRT,293.93,3.53,D
14.90556,80.03411,331.57,0.34,0.56,2026-09-05,0837,N20,VIIRS,n,2.0NRT,295.05,3.66,D
14.6912,77.86673,332.75,0.48,0.48,2026-09-05,0837,N20,VIIRS,n,2.0NRT,301.16,3.67,D
14.58984,76.70616,342.71,0.4,0.44,2026-09-05,0837,N20,VIIRS,n,2.0NRT,300.07,1.09,D
14.82764,78.13876,334.05,0.5,0.49,2026-09-05,0837,N20,VIIRS,n,2.0NRT,299.55,6.95,D
15.08348,77.32135,348.9,0.45,0.47,2026-09-05,0837,N20,VIIRS,n,2.0NRT,301.12,8.48,D
15.59282,79.31487,335.87,0.61,0.54,2026-09-05,0837,N20,VIIRS,n,2.0NRT,298.05,4.19,D
22.41711,69.04068,332.95,0.39,0.36,2026-09-05,0837,N20,VIIRS,n,2.0NRT,302.11,3.14,D
22.7807,69.45878,347.66,0.38,0.36,2026-09-05,0837,N20,VIIRS,n,2.0NRT,304.55,5.93,D
22.93241,69.69872,333.68,0.38,0.36,2026-09-05,0837,N20,VIIRS,n,2.0NRT,297.33,4.1,D
27.43381,70.85704,345.35,0.43,0.38,2026-09-05,0839,N20,VIIRS,n,2.0NRT,309.37,7.71,D
27.43322,70.85271,339.12,0.43,0.38,2026-09-05,0839,N20,VIIRS,n,2.0NRT,307.31,7.71,D
27.4251,70.81876,340.09,0.43,0.38,2026-09-05,0839,N20,VIIRS,l,2.0NRT,310.94,4.51,D
23.7741,86.36582,303.37,0.32,0.55,2026-09-05,1923,N20,VIIRS,n,2.0NRT,270.96,0.63,N
23.77039,86.40411,302.92,0.32,0.55,2026-09-05,1923,N20,VIIRS,n,2.0NRT,273.27,1.07,N
23.76658,86.3907,303.87,0.32,0.55,2026-09-05,1923,N20,VIIRS,n,2.0NRT,277.18,1.54,N
23.76565,86.40026,300.97,0.32,0.55,2026-09-05,1923,N20,VIIRS,n,2.0NRT,272.02,1.82,N
23.76534,86.40349,315.82,0.32,0.55,2026-09-05,1923,N20,VIIRS,n,2.0NRT,272.15,1.07,N
23.69551,87.10785,307.48,0.58,0.52,2026-09-05,1923,N20,VIIRS,n,2.0NRT,289.12,2.3,N
23.69493,87.11353,307.16,0.58,0.52,2026-09-05,1923,N20,VIIRS,n,2.0NRT,289.52,2.3,N
23.69436,87.11919,314.37,0.58,0.52,2026-09-05,1923,N20,VIIRS,n,2.0NRT,289.79,5.74,N
23.7791,86.20641,307.37,0.33,0.55,2026-09-05,1923,N20,VIIRS,n,2.0NRT,281.14,2.63,N
23.77879,86.20972,305.14,0.33,0.55,2026-09-05,1923,N20,VIIRS,n,2.0NRT,281.73,1.72,N
23.76062,86.39961,302.62,0.32,0.55,2026-09-05,1923,N20,VIIRS,n,2.0NRT,270.63,1.06,N
23.7603,86.40284,299.74,0.32,0.55,2026-09-05,1923,N20,VIIRS,n,2.0NRT,270.26,0.47,N
23.68955,87.11856,310.49,0.58,0.52,2026-09-05,1923,N20,VIIRS,n,2.0NRT,289.7,4.93,N
23.77525,86.19253,297.06,0.33,0.55,2026-09-05,1923,N20,VIIRS,n,2.0NRT,273.71,0.94,N
23.77493,86.19585,299.12,0.33,0.55,2026-09-05,1923,N20,VIIRS,n,2.0NRT,274.71,1.82,N
23.75404,86.41497,303.62,0.32,0.55,2026-09-05,1923,N20,VIIRS,n,2.0NRT,272.33,0.77,N
23.66634,87.15578,317.36,0.57,0.52,2026-09-05,1923,N20,VIIRS,n,2.0NRT,290.2,4.75,N
27.46206,95.47509,309.11,0.39,0.36,2026-09-05,1923,N20,VIIRS,n,2.0NRT,288.95,1.46,N
23.80851,86.32807,297.19,0.33,0.55,2026-09-05,1923,N20,VIIRS,n,2.0NRT,269.18,0.61,N
23.80344,86.32746,299.3,0.33,0.55,2026-09-05,1923,N20,VIIRS,n,2.0NRT,267.35,0.61,N
23.80313,86.3307,299.64,0.33,0.55,2026-09-05,1923,N20,VIIRS,n,2.0NRT,265.41,0.58,N
23.80125,86.34982,307.24,0.32,0.55,2026-09-05,1923,N20,VIIRS,n,2.0NRT,274.81,1.36,N
23.79619,86.34912,302.05,0.32,0.55,2026-09-05,1923,N20,VIIRS,n,2.0NRT,270.94,0.48,N
23.79588,86.35237,300.11,0.32,0.55,2026-09-05,1923,N20,VIIRS,n,2.0NRT,272.03,0.48,N
23.78201,86.38963,311.6,0.32,0.55,2026-09-05,1923,N20,VIIRS,n,2.0NRT,272.85,0.96,N
23.77727,86.38577,305.92,0.32,0.55,2026-09-05,1923,N20,VIIRS,n,2.0NRT,273.47,0.96,N
23.77696,86.38895,300.37,0.32,0.55,2026-09-05,1923,N20,VIIRS,n,2.0NRT,273.43,0.96,N
23.77441,86.36259,311.34,0.32,0.55,2026-09-05,1923,N20,VIIRS,n,2.0NRT,271.28,0.78,N
23.666,84.999,310.1,0.4,0.6,2026-09-05,1925,N20,VIIRS,n,2.0NRT,287.88,1.49,N
23.61148,85.67413,303.14,0.36,0.57,2026-09-05,1925,N20,VIIRS,n,2.0NRT,280.36,0.55,N
23.67165,84.99418,304.73,0.4,0.6,2026-09-05,1925,N20,VIIRS,n,2.0NRT,285.84,1.6,N
23.66578,84.99745,310.52,0.39,0.6,2026-09-05,1925,N20,VIIRS,n,2.0NRT,287.52,2.08,N
22.96413,85.99792,304.65,0.33,0.56,2026-09-05,1925,N20,VIIRS,n,2.0NRT,289.82,0.55,N
22.87717,86.06215,314.57,0.33,0.55,2026-09-05,1925,N20,VIIRS,n,2.0NRT,290.6,1.64,N
22.79804,86.19794,313.33,0.32,0.55,2026-09-05,1925,N20,VIIRS,n,2.0NRT,290.93,1.39,N
22.80418,86.08908,310.46,0.33,0.55,2026-09-05,1925,N20,VIIRS,n,2.0NRT,290.64,1.47,N
22.79299,86.19738,307.98,0.32,0.55,2026-09-05,1925,N20,VIIRS,n,2.0NRT,290.96,1.39,N
22.7991,86.08846,311.78,0.33,0.55,2026-09-05,1925,N20,VIIRS,n,2.0NRT,290.22,1.15,N
22.57469,85.89632,320.47,0.34,0.56,2026-09-05,1925,N20,VIIRS,n,2.0NRT,290.51,1.77,N
22.37779,87.27859,328.67,0.54,0.51,2026-09-05,1925,N20,VIIRS,n,2.0NRT,291.7,6.52,N
22.37088,87.29912,306.66,0.54,0.51,2026-09-05,1925,N20,VIIRS,n,2.0NRT,290.45,3.46,N
22.3662,87.29851,318.82,0.54,0.51,2026-09-05,1925,N20,VIIRS,n,2.0NRT,290.71,3.46,N
22.38003,87.27818,327.43,0.54,0.51,2026-09-05,1925,N20,VIIRS,n,2.0NRT,291.55,7.26,N
22.36829,87.29809,316.01,0.54,0.51,2026-09-05,1925,N20,VIIRS,n,2.0NRT,290.77,4.82,N
22.36625,87.01411,309.08,0.57,0.52,2026-09-05,1925,N20,VIIRS,n,2.0NRT,290.54,1.75,N
22.3609,87.01897,305.71,0.56,0.52,2026-09-05,1925,N20,VIIRS,n,2.0NRT,290.54,1.23,N
22.05409,88.12331,313.14,0.48,0.48,2026-09-05,1925,N20,VIIRS,n,2.0NRT,291.68,4.8,N
22.21696,84.86906,310.3,0.39,0.59,2026-09-05,1925,N20,VIIRS,n,2.0NRT,287.88,1.33,N
22.21219,84.86086,306.85,0.39,0.59,2026-09-05,1925,N20,VIIRS,n,2.0NRT,288.28,1.75,N
22.21149,84.86848,302.74,0.39,0.59,2026-09-05,1925,N20,VIIRS,n,2.0NRT,287.69,1.33,N
22.211,84.86073,307.75,0.39,0.59,2026-09-05,1925,N20,VIIRS,n,2.0NRT,287.87,2.26,N
22.0543,85.46281,303.28,0.35,0.57,2026-09-05,1925,N20,VIIRS,n,2.0NRT,288.26,0.63,N
21.96817,85.31213,302.9,0.36,0.57,2026-09-05,1925,N20,VIIRS,n,2.0NRT,287.98,0.6,N
21.9302,85.21793,299.16,0.36,0.58,2026-09-05,1925,N20,VIIRS,n,2.0NRT,287.91,1,N
21.92986,85.22138,308.46,0.36,0.58,2026-09-05,1925,N20,VIIRS,n,2.0NRT,288.07,1,N
21.92455,85.22067,308,0.36,0.58,2026-09-05,1925,N20,VIIRS,n,2.0NRT,287.07,1,N
21.68499,85.43456,304.08,0.35,0.57,2026-09-05,1925,N20,VIIRS,n,2.0NRT,288.44,0.57,N
21.75904,84.0227,302.35,0.43,0.62,2026-09-05,1925,N20,VIIRS,n,2.0NRT,286.48,0.82,N
21.75756,84.02261,308.01,0.43,0.62,2026-09-05,1925,N20,VIIRS,n,2.0NRT,286.78,1.54,N
21.57263,85.64584,303.23,0.34,0.56,2026-09-05,1925,N20,VIIRS,n,2.0NRT,288.81,0.45,N
21.68121,84.0351,307.64,0.43,0.62,2026-09-05,1925,N20,VIIRS,n,2.0NRT,287.15,1.76,N
21.68082,84.03934,309.86,0.43,0.62,2026-09-05,1925,N20,VIIRS,n,2.0NRT,287.56,1.31,N
21.6751,84.03875,304.72,0.43,0.62,2026-09-05,1925,N20,VIIRS,n,2.0NRT,286.63,1.31,N
19.10137,82.16523,308.25,0.54,0.68,2026-09-05,1925,N20,VIIRS,n,2.0NRT,286.07,2.07,N
17.6948,83.24045,317.07,0.44,0.62,2026-09-05,1925,N20,VIIRS,n,2.0NRT,289.69,3.14,N
17.69332,83.24108,314.76,0.44,0.62,2026-09-05,1925,N20,VIIRS,n,2.0NRT,289.05,2.76,N
17.61015,83.20161,317.68,0.44,0.62,2026-09-05,1925,N20,VIIRS,n,2.0NRT,289.42,2.59,N
17.60911,83.20141,315.69,0.44,0.62,2026-09-05,1925,N20,VIIRS,n,2.0NRT,289.17,3.13,N
22.57535,85.88969,306.07,0.34,0.56,2026-09-05,1925,N20,VIIRS,n,2.0NRT,289.82,2.01,N
23.68951,87.1226,309.86,0.58,0.52,2026-09-05,1925,N20,VIIRS,n,2.0NRT,290.08,2.17,N
23.68409,87.12768,308.02,0.58,0.52,2026-09-05,1925,N20,VIIRS,n,2.0NRT,289.24,2.17,N
23.75631,86.39796,299.4,0.32,0.55,2026-09-05,1925,N20,VIIRS,n,2.0NRT,275,0.77,N
23.75433,86.41714,301.97,0.32,0.55,2026-09-05,1925,N20,VIIRS,n,2.0NRT,273.02,1.2,N
23.8387,85.46757,300.7,0.37,0.58,2026-09-05,1925,N20,VIIRS,n,2.0NRT,280.21,0.52,N
23.66663,87.1541,313.19,0.57,0.52,2026-09-05,1925,N20,VIIRS,n,2.0NRT,290.34,4.14,N
23.73763,86.4309,300.79,0.32,0.55,2026-09-05,1925,N20,VIIRS,n,2.0NRT,264.87,0.39,N
23.7373,86.43405,300.68,0.32,0.55,2026-09-05,1925,N20,VIIRS,n,2.0NRT,264.62,0.39,N
23.8252,85.49538,298.88,0.37,0.58,2026-09-05,1925,N20,VIIRS,n,2.0NRT,278.12,0.74,N
23.84328,84.94684,298.18,0.4,0.6,2026-09-05,1925,N20,VIIRS,n,2.0NRT,278.39,0.52,N
23.75867,85.85409,299.35,0.35,0.57,2026-09-05,1925,N20,VIIRS,n,2.0NRT,273.16,1.02,N
23.6798,86.39781,304.47,0.32,0.55,2026-09-05,1925,N20,VIIRS,n,2.0NRT,269.34,0.55,N
23.70099,86.07278,318.05,0.34,0.56,2026-09-05,1925,N20,VIIRS,n,2.0NRT,276.9,1.13,N
23.67914,86.08373,311.44,0.34,0.56,2026-09-05,1925,N20,VIIRS,n,2.0NRT,268.6,0.8,N
23.56106,87.23698,315.76,0.57,0.52,2026-09-05,1925,N20,VIIRS,n,2.0NRT,289.88,5.72,N
23.55573,87.24197,307.49,0.57,0.52,2026-09-05,1925,N20,VIIRS,n,2.0NRT,290.31,6.12,N
23.56203,87.08309,312.8,0.58,0.52,2026-09-05,1925,N20,VIIRS,n,2.0NRT,290.18,2.37,N
23.61385,86.78893,307.47,0.6,0.53,2026-09-05,1925,N20,VIIRS,n,2.0NRT,289.84,4.17,N
23.68207,86.08438,305.68,0.34,0.56,2026-09-05,1925,N20,VIIRS,n,2.0NRT,267.27,0.81,N
23.56073,87.23611,310.71,0.57,0.52,2026-09-05,1925,N20,VIIRS,n,2.0NRT,289.86,2.63,N
23.56012,87.24169,307.16,0.57,0.52,2026-09-05,1925,N20,VIIRS,n,2.0NRT,289.86,2.63,N
23.67692,86.08381,300.61,0.34,0.56,2026-09-05,1925,N20,VIIRS,n,2.0NRT,268.52,0.81,N
23.55536,87.2411,306.2,0.57,0.52,2026-09-05,1925,N20,VIIRS,n,2.0NRT,290.09,2.63,N
23.56278,87.0825,310.48,0.58,0.52,2026-09-05,1925,N20,VIIRS,n,2.0NRT,290.43,1.79,N
23.69889,85.36634,305.06,0.37,0.58,2026-09-05,1925,N20,VIIRS,n,2.0NRT,286.86,0.82,N
23.65887,85.50546,303.29,0.37,0.58,2026-09-05,1925,N20,VIIRS,n,2.0NRT,281.76,0.63,N
23.64886,85.43806,325.92,0.37,0.58,2026-09-05,1925,N20,VIIRS,n,2.0NRT,286.51,1.69,N
23.64919,85.43445,316.86,0.37,0.58,2026-09-05,1925,N20,VIIRS,n,2.0NRT,285.85,1.69,N
23.67184,84.99578,302.86,0.4,0.6,2026-09-05,1925,N20,VIIRS,n,2.0NRT,286.5,0.76,N
23.61127,85.67277,299.22,0.36,0.57,2026-09-05,1925,N20,VIIRS,n,2.0NRT,278.63,0.36,N
13.15991,80.27797,306.34,0.61,0.71,2026-09-05,1928,N20,VIIRS,n,2.0NRT,285.87,1.59,N
13.16012,80.28133,306.44,0.61,0.71,2026-09-05,1928,N20,VIIRS,n,2.0NRT,286.03,2.69,N
31.25992,76.92314,300.63,0.53,0.42,2026-09-05,2104,N20,VIIRS,n,2.0NRT,289.45,0.4,N
29.47778,76.85781,305.57,0.56,0.43,2026-09-05,2104,N20,VIIRS,n,2.0NRT,290.94,1.29,N
24.82338,73.09252,304.65,0.44,0.38,2026-09-05,2106,N20,VIIRS,n,2.0NRT,292.58,0.78,N
24.8199,73.09176,306.36,0.44,0.38,2026-09-05,2106,N20,VIIRS,n,2.0NRT,292.22,0.78,N
24.69006,73.00367,308.43,0.44,0.38,2026-09-05,2106,N20,VIIRS,n,2.0NRT,292.41,1.18,N
23.3177,70.48697,305.42,0.39,0.36,2026-09-05,2106,N20,VIIRS,n,2.0NRT,294.26,0.98,N
23.30572,70.47698,308.73,0.39,0.36,2026-09-05,2106,N20,VIIRS,n,2.0NRT,294.21,1.1,N
21.33948,78.96864,306.66,0.36,0.57,2026-09-05,2106,N20,VIIRS,n,2.0NRT,286.14,0.7,N
22.41734,69.04001,305.17,0.39,0.36,2026-09-05,2106,N20,VIIRS,n,2.0NRT,292.74,1.21,N
21.1022,72.63403,303,0.46,0.39,2026-09-05,2106,N20,VIIRS,n,2.0NRT,289.7,2.97,N
19.10254,82.16389,306.83,0.64,0.72,2026-09-05,2106,N20,VIIRS,n,2.0NRT,284.85,1.65,N
19.10114,82.16985,299.56,0.64,0.72,2026-09-05,2106,N20,VIIRS,n,2.0NRT,284.92,1.41,N
20.91168,71.4588,315.76,0.42,0.38,2026-09-05,2106,N20,VIIRS,n,2.0NRT,294.24,1.32,N
15.2252,76.76069,303.33,0.34,0.56,2026-09-05,2108,N20,VIIRS,n,2.0NRT,288.64,0.86,N
18.71488,79.53679,301.81,0.44,0.63,2026-09-05,2108,N20,VIIRS,n,2.0NRT,286.07,1.16,N
17.9612,80.79105,309.72,0.55,0.68,2026-09-05,2108,N20,VIIRS,n,2.0NRT,286.8,2.13,N
17.95665,80.78942,306.24,0.55,0.68,2026-09-05,2108,N20,VIIRS,n,2.0NRT,285.94,1.7,N
17.08617,79.32299,297.99,0.46,0.64,2026-09-05,2108,N20,VIIRS,n,2.0NRT,271.15,1.33,N
17.08589,79.32469,303.71,0.46,0.64,2026-09-05,2108,N20,VIIRS,n,2.0NRT,271.13,1.23,N
17.142,77.18357,304.72,0.33,0.56,2026-09-05,2108,N20,VIIRS,n,2.0NRT,289.48,0.53,N
15.86545,79.38067,326.38,0.49,0.65,2026-09-05,2108,N20,VIIRS,n,2.0NRT,278.45,2.76,N
15.86784,79.38237,317.85,0.49,0.65,2026-09-05,2108,N20,VIIRS,n,2.0NRT,278.42,1.71,N
15.86193,79.38101,300.06,0.49,0.65,2026-09-05,2108,N20,VIIRS,n,2.0NRT,278.62,1.73,N
15.1776,77.10127,312.62,0.36,0.57,2026-09-05,2108,N20,VIIRS,n,2.0NRT,289.71,1.56,N
15.33788,76.27744,309.63,0.63,0.54,2026-09-05,2108,N20,VIIRS,n,2.0NRT,289.55,2.58,N
15.22457,76.7638,306.29,0.34,0.56,2026-09-05,2108,N20,VIIRS,n,2.0NRT,289.33,0.92,N
15.17531,76.78477,303.99,0.34,0.56,2026-09-05,2108,N20,VIIRS,n,2.0NRT,289.4,0.99,N
15.18284,76.66691,308.78,0.34,0.56,2026-09-05,2108,N20,VIIRS,n,2.0NRT,289.42,1.37,N
15.18026,76.65346,304.16,0.34,0.56,2026-09-05,2108,N20,VIIRS,n,2.0NRT,288.74,0.73,N
15.17965,76.65654,312.82,0.34,0.56,2026-09-05,2108,N20,VIIRS,n,2.0NRT,289.26,2.34,N
15.17597,76.675,317.24,0.34,0.56,2026-09-05,2108,N20,VIIRS,n,2.0NRT,289.07,1.81,N
15.17523,76.65232,303.49,0.34,0.56,2026-09-05,2108,N20,VIIRS,n,2.0NRT,288.48,0.73,N
15.13762,76.70852,308.77,0.34,0.56,2026-09-05,2108,N20,VIIRS,n,2.0NRT,288.73,0.94,N
15.13699,76.71162,302.57,0.34,0.56,2026-09-05,2108,N20,VIIRS,n,2.0NRT,288.5,0.67,N
15.19864,76.37866,304.09,0.32,0.55,2026-09-05,2108,N20,VIIRS,n,2.0NRT,288.49,0.76,N
15.65885,73.98855,310.57,0.44,0.46,2026-09-05,2108,N20,VIIRS,n,2.0NRT,289.49,1.39,N
15.16696,76.37938,303.96,0.32,0.55,2026-09-05,2108,N20,VIIRS,n,2.0NRT,289.11,0.6,N
15.07222,76.8634,304.51,0.35,0.57,2026-09-05,2108,N20,VIIRS,n,2.0NRT,289.46,1.18,N
15.07157,76.86669,303.27,0.35,0.57,2026-09-05,2108,N20,VIIRS,n,2.0NRT,289.42,1.31,N
14.15187,77.58869,308.89,0.41,0.6,2026-09-05,2108,N20,VIIRS,n,2.0NRT,290.73,1.17,N
14.15109,77.59263,304.87,0.41,0.6,2026-09-05,2108,N20,VIIRS,n,2.0NRT,290.68,1,N
13.89865,76.5645,307.32,0.35,0.57,2026-09-05,2108,N20,VIIRS,n,2.0NRT,291.3,0.66,N
13.41738,75.9798,302.16,0.33,0.55,2026-09-05,2108,N20,VIIRS,n,2.0NRT,289.92,0.4,N
11.63562,77.6582,304.36,0.46,0.63,2026-09-05,2108,N20,VIIRS,n,2.0NRT,284.92,1.07,N
27.87556,96.92477,338.88,0.39,0.36,2026-09-06,0640,N20,VIIRS,n,2.0NRT,297.66,5.75,D
27.87494,96.92095,331.02,0.39,0.36,2026-09-06,0640,N20,VIIRS,n,2.0NRT,296.46,5.75,D
8.63825,78.06062,337.95,0.39,0.36,2026-09-06,0816,N20,VIIRS,n,2.0NRT,301.2,2.55,D
10.39079,79.30653,333.3,0.42,0.38,2026-09-06,0816,N20,VIIRS,n,2.0NRT,296.99,2.61,D
10.40158,79.16486,336.74,0.42,0.37,2026-09-06,0816,N20,VIIRS,n,2.0NRT,300.75,5.23,D
10.71976,77.59386,341.83,0.39,0.36,2026-09-06,0816,N20,VIIRS,n,2.0NRT,309.37,7.51,D
10.80177,77.80022,340.26,0.39,0.36,2026-09-06,0816,N20,VIIRS,n,2.0NRT,305.63,10.41,D
10.92934,78.49602,347.17,0.4,0.37,2026-09-06,0816,N20,VIIRS,n,2.0NRT,297.66,7.02,D
10.94035,78.16111,354.38,0.39,0.37,2026-09-06,0816,N20,VIIRS,n,2.0NRT,305.29,27.32,D
10.9437,78.16061,343.17,0.39,0.37,2026-09-06,0816,N20,VIIRS,n,2.0NRT,302.39,14.29,D
11.19163,79.82079,336.11,0.45,0.39,2026-09-06,0816,N20,VIIRS,n,2.0NRT,293.65,1.99,D
11.03685,78.74722,339.8,0.41,0.37,2026-09-06,0816,N20,VIIRS,n,2.0NRT,298.27,8.68,D
10.85708,77.46764,340.33,0.39,0.36,2026-09-06,0816,N20,VIIRS,n,2.0NRT,308.54,6.24,D
10.76739,76.23816,335.87,0.39,0.36,2026-09-06,0816,N20,VIIRS,n,2.0NRT,293.55,2.63,D
10.92834,77.06563,340.58,0.38,0.36,2026-09-06,0816,N20,VIIRS,n,2.0NRT,305.61,3.82,D
11.12472,77.62248,336.38,0.39,0.36,2026-09-06,0816,N20,VIIRS,n,2.0NRT,300,3.95,D
11.1039,77.41711,342.02,0.39,0.36,2026-09-06,0816,N20,VIIRS,n,2.0NRT,307.69,8.8,D
11.50757,79.17319,336.38,0.43,0.38,2026-09-06,0816,N20,VIIRS,n,2.0NRT,297.05,2.86,D
11.27019,77.4155,336.34,0.39,0.36,2026-09-06,0816,N20,VIIRS,n,2.0NRT,303.7,5.59,D
11.77753,78.95534,334.49,0.42,0.38,2026-09-06,0816,N20,VIIRS,n,2.0NRT,297.96,1.79,D
11.81078,77.92136,339.74,0.39,0.36,2026-09-06,0816,N20,VIIRS,n,2.0NRT,301.72,4.8,D
12.93068,78.92706,334.58,0.43,0.38,2026-09-06,0816,N20,VIIRS,n,2.0NRT,299.93,2.48,D
12.93012,78.92313,334.35,0.43,0.38,2026-09-06,0816,N20,VIIRS,n,2.0NRT,299.34,2.48,D
13.04957,78.27469,341.92,0.41,0.37,2026-09-06,0816,N20,VIIRS,n,2.0NRT,306.63,10.37,D
13.22674,78.14415,341.57,0.41,0.37,2026-09-06,0816,N20,VIIRS,n,2.0NRT,303.09,5.97,D
14.12156,77.65474,331.55,0.4,0.37,2026-09-06,0816,N20,VIIRS,n,2.0NRT,300.58,1.97,D
14.40978,78.3418,338.03,0.42,0.38,2026-09-06,0816,N20,VIIRS,n,2.0NRT,295.11,5.06,D
14.24582,77.22956,338.79,0.39,0.36,2026-09-06,0816,N20,VIIRS,n,2.0NRT,306.51,4.51,D
14.41287,78.34174,339.28,0.42,0.38,2026-09-06,0816,N20,VIIRS,n,2.0NRT,295.97,4.97,D
14.48702,78.5662,332.82,0.43,0.38,2026-09-06,0816,N20,VIIRS,n,2.0NRT,295.59,3.75,D
14.46042,77.28085,339.89,0.39,0.36,2026-09-06,0816,N20,VIIRS,n,2.0NRT,307.1,7.67,D
14.56635,77.9285,337.95,0.41,0.37,2026-09-06,0816,N20,VIIRS,n,2.0NRT,302.4,4.01,D
14.80499,79.02848,341.25,0.45,0.39,2026-09-06,0816,N20,VIIRS,n,2.0NRT,287.86,6.78,D
14.7934,77.75158,339.31,0.4,0.37,2026-09-06,0816,N20,VIIRS,n,2.0NRT,306.25,6.86,D
14.79286,77.74784,338.51,0.4,0.37,2026-09-06,0816,N20,VIIRS,n,2.0NRT,307.33,7.11,D
14.7651,77.04733,347.22,0.39,0.36,2026-09-06,0816,N20,VIIRS,n,2.0NRT,307.53,8.96,D
14.88016,77.46104,332.67,0.4,0.37,2026-09-06,0816,N20,VIIRS,n,2.0NRT,302.42,3.99,D
14.94066,77.56884,333.46,0.4,0.37,2026-09-06,0816,N20,VIIRS,n,2.0NRT,303.35,6.13,D
15.08338,77.32011,343.03,0.4,0.37,2026-09-06,0816,N20,VIIRS,n,2.0NRT,305.11,8.28,D
15.18073,76.85435,337.89,0.39,0.36,2026-09-06,0816,N20,VIIRS,n,2.0NRT,306.7,5.41,D
15.17384,76.69377,336.43,0.39,0.36,2026-09-06,0816,N20,VIIRS,n,2.0NRT,306.25,2.87,D
15.17512,76.65694,346.01,0.39,0.36,2026-09-06,0816,N20,VIIRS,n,2.0NRT,308.7,6.8,D
15.18472,76.31614,334.3,0.38,0.36,2026-09-06,0816,N20,VIIRS,n,2.0NRT,303.79,3.42,D
15.49023,77.78264,337.37,0.41,0.37,2026-09-06,0816,N20,VIIRS,n,2.0NRT,300.66,2.16,D
15.91067,80.06923,337.3,0.52,0.42,2026-09-06,0816,N20,VIIRS,n,2.0NRT,290.29,5.49,D
16.07799,79.995,336.81,0.52,0.41,2026-09-06,0816,N20,VIIRS,n,2.0NRT,296.71,7.28,D
15.99101,76.4836,341.67,0.39,0.36,2026-09-06,0816,N20,VIIRS,n,2.0NRT,304.73,3.54,D
8.49291,77.97705,347.7,0.39,0.36,2026-09-06,0816,N20,VIIRS,n,2.0NRT,303.95,7.11,D
8.58826,78.02264,342.12,0.39,0.36,2026-09-06,0816,N20,VIIRS,n,2.0NRT,304.31,6.38,D
8.60927,77.95816,338.51,0.39,0.36,2026-09-06,0816,N20,VIIRS,n,2.0NRT,304.16,4.67,D
8.64208,78.06361,337.16,0.39,0.36,2026-09-06,0816,N20,VIIRS,n,2.0NRT,302.68,4.23,D
8.64155,78.06013,335.38,0.39,0.36,2026-09-06,0816,N20,VIIRS,n,2.0NRT,303.31,4.76,D
8.77137,77.9758,348.15,0.39,0.36,2026-09-06,0816,N20,VIIRS,n,2.0NRT,308.01,15.66,D
9.01616,77.9118,347.92,0.39,0.36,2026-09-06,0816,N20,VIIRS,n,2.0NRT,304.77,12.51,D
9.26098,79.3089,334.13,0.41,0.37,2026-09-06,0816,N20,VIIRS,n,2.0NRT,298.56,2.09,D
9.23043,78.75058,337.79,0.4,0.37,2026-09-06,0816,N20,VIIRS,n,2.0NRT,301.47,2.36,D
9.28078,78.9957,336.14,0.4,0.37,2026-09-06,0816,N20,VIIRS,n,2.0NRT,299.24,3.13,D
9.2399,78.45236,336.7,0.39,0.36,2026-09-06,0816,N20,VIIRS,n,2.0NRT,302.61,3.4,D
9.36442,77.60989,339.27,0.38,0.36,2026-09-06,0816,N20,VIIRS,n,2.0NRT,300.83,3.3,D
9.68716,78.94857,337.54,0.41,0.37,2026-09-06,0816,N20,VIIRS,n,2.0NRT,300,1.65,D
9.71985,78.95872,338.14,0.41,0.37,2026-09-06,0816,N20,VIIRS,n,2.0NRT,300.04,2.51,D
9.63564,77.72035,339.18,0.39,0.36,2026-09-06,0816,N20,VIIRS,n,2.0NRT,305.4,8.97,D
9.69185,77.82179,341.88,0.39,0.36,2026-09-06,0816,N20,VIIRS,n,2.0NRT,300.58,5.7,D
9.69133,77.8183,347.18,0.39,0.36,2026-09-06,0816,N20,VIIRS,n,2.0NRT,301.97,5.7,D
21.75508,83.84409,337.24,0.35,0.57,2026-09-06,0818,N20,VIIRS,n,2.0NRT,289.89,4.68,D
21.7445,83.84317,345.54,0.35,0.57,2026-09-06,0818,N20,VIIRS,n,2.0NRT,285.43,2.88,D
21.74976,83.84266,334.32,0.35,0.57,2026-09-06,0818,N20,VIIRS,n,2.0NRT,288.18,2.88,D
21.75536,83.84563,332.59,0.36,0.57,2026-09-06,0818,N20,VIIRS,n,2.0NRT,289.17,4.2,D
21.80248,83.89297,335.05,0.36,0.57,2026-09-06,0818,N20,VIIRS,n,2.0NRT,289.94,2.6,D
21.92242,83.35114,333.64,0.33,0.55,2026-09-06,0818,N20,VIIRS,n,2.0NRT,288.87,5.12,D
21.92057,83.35059,336.8,0.33,0.55,2026-09-06,0818,N20,VIIRS,n,2.0NRT,290.09,4,D
21.10128,72.65502,335.5,0.41,0.37,2026-09-06,0818,N20,VIIRS,l,2.0NRT,299.25,5.59,D
21.10338,72.6466,336.51,0.41,0.37,2026-09-06,0818,N20,VIIRS,l,2.0NRT,301.02,7.78,D
21.10146,72.63491,336.9,0.41,0.37,2026-09-06,0818,N20,VIIRS,n,2.0NRT,300.88,8.87,D
21.10677,72.64597,342.58,0.41,0.37,2026-09-06,0818,N20,VIIRS,n,2.0NRT,301.86,17.78,D
20.9636,86.00854,328.2,0.48,0.65,2026-09-06,0818,N20,VIIRS,n,2.0NRT,289.11,4.5,D
16.31662,77.81316,330.14,0.42,0.37,2026-09-06,0818,N20,VIIRS,n,2.0NRT,298.24,1.62,D
16.39573,78.35094,334.08,0.44,0.38,2026-09-06,0818,N20,VIIRS,n,2.0NRT,297.6,2.65,D
17.17197,80.99033,332.62,0.41,0.45,2026-09-06,0818,N20,VIIRS,n,2.0NRT,294.98,3.92,D
17.1715,80.98653,341.76,0.41,0.45,2026-09-06,0818,N20,VIIRS,n,2.0NRT,297.93,5.19,D
17.13425,80.19149,330.53,0.55,0.42,2026-09-06,0818,N20,VIIRS,n,2.0NRT,291.93,2.86,D
17.31742,81.12641,340.08,0.42,0.45,2026-09-06,0818,N20,VIIRS,n,2.0NRT,293.92,2.98,D
18.28999,83.99493,330.29,0.33,0.55,2026-09-06,0818,N20,VIIRS,n,2.0NRT,293.33,2.83,D
17.78408,75.71846,331.24,0.38,0.36,2026-09-06,0818,N20,VIIRS,n,2.0NRT,300.33,3.33,D
25.70864,73.5811,335.02,0.38,0.36,2026-09-06,0820,N20,VIIRS,n,2.0NRT,303.1,3.26,D
22.49699,70.026,338.11,0.5,0.41,2026-09-06,0820,N20,VIIRS,n,2.0NRT,300.52,7.52,D
31.99819,78.26247,349.53,0.43,0.46,2026-09-06,0822,N20,VIIRS,n,2.0NRT,315.66,14.92,D
31.13125,74.60674,333.54,0.43,0.38,2026-09-06,0822,N20,VIIRS,n,2.0NRT,297.54,4.08,D
26.77205,94.50575,307.34,0.43,0.46,2026-09-06,1904,N20,VIIRS,n,2.0NRT,289.01,2.39,N
27.60703,95.40102,308.03,0.4,0.44,2026-09-06,1904,N20,VIIRS,n,2.0NRT,289.98,1.33,N
27.4684,95.42167,306.34,0.39,0.44,2026-09-06,1904,N20,VIIRS,n,2.0NRT,289.87,1.59,N
27.46209,95.47723,307.11,0.39,0.44,2026-09-06,1904,N20,VIIRS,n,2.0NRT,289.77,3.02,N
27.46147,95.4744,308.8,0.39,0.44,2026-09-06,1904,N20,VIIRS,n,2.0NRT,289.8,2.91,N
20.97172,85.17448,306.84,0.73,0.76,2026-09-06,1906,N20,VIIRS,n,2.0NRT,284.44,1.82,N
20.96281,86.00195,313.96,0.64,0.72,2026-09-06,1906,N20,VIIRS,n,2.0NRT,274.27,3.3,N
20.9736,85.17626,304.78,0.73,0.76,2026-09-06,1906,N20,VIIRS,n,2.0NRT,284.46,2.43,N
20.96766,85.16129,303.68,0.73,0.76,2026-09-06,1906,N20,VIIRS,n,2.0NRT,284.51,2.67,N
20.76294,85.29334,312.9,0.71,0.75,2026-09-06,1906,N20,VIIRS,n,2.0NRT,284.32,4.71,N
20.7617,85.29582,307.43,0.71,0.75,2026-09-06,1906,N20,VIIRS,n,2.0NRT,284.38,3.49,N
20.76221,85.2887,303.39,0.71,0.75,2026-09-06,1906,N20,VIIRS,n,2.0NRT,284.33,4.01,N
20.79315,85.24971,302.34,0.72,0.75,2026-09-06,1906,N20,VIIRS,n,2.0NRT,283.59,4.78,N
20.88829,84.98077,301.28,0.75,0.77,2026-09-06,1906,N20,VIIRS,n,2.0NRT,283.86,1.3,N
20.96711,85.16849,306.05,0.73,0.76,2026-09-06,1906,N20,VIIRS,n,2.0NRT,284.62,2.43,N
20.95772,85.00848,301.26,0.75,0.77,2026-09-06,1906,N20,VIIRS,n,2.0NRT,284.55,2.16,N
21.54451,87.26418,295.21,0.54,0.68,2026-09-06,1906,N20,VIIRS,n,2.0NRT,283.13,4.53,N
22.5761,85.89494,311.96,0.68,0.74,2026-09-06,1906,N20,VIIRS,n,2.0NRT,283.58,5.09,N
23.61522,86.78616,301.38,0.61,0.71,2026-09-06,1906,N20,VIIRS,n,2.0NRT,278.86,2.27,N
20.88878,84.97369,302.11,0.75,0.77,2026-09-06,1906,N20,VIIRS,n,2.0NRT,283.53,1.3,N
21.68195,84.03985,312.5,0.37,0.58,2026-09-06,2046,N20,VIIRS,n,2.0NRT,287.61,1.7,N
29.47528,76.8589,330.15,0.39,0.36,2026-09-06,2046,N20,VIIRS,n,2.0NRT,294.17,4.54,N
28.34659,77.23032,322.88,0.39,0.37,2026-09-06,2046,N20,VIIRS,n,2.0NRT,292.35,1.97,N
28.27742,77.27326,305.51,0.4,0.37,2026-09-06,2046,N20,VIIRS,n,2.0NRT,291.56,0.72,N
28.27557,77.18221,308.9,0.39,0.36,2026-09-06,2046,N20,VIIRS,n,2.0NRT,292.5,1.14,N
27.79425,75.32977,306.31,0.39,0.36,2026-09-06,2046,N20,VIIRS,n,2.0NRT,294.45,0.87,N
27.66805,76.12919,312.39,0.39,0.36,2026-09-06,2046,N20,VIIRS,n,2.0NRT,294.58,1.16,N
27.29016,73.84022,308.34,0.4,0.37,2026-09-06,2046,N20,VIIRS,n,2.0NRT,296.09,2.87,N
26.87837,73.51595,308.52,0.41,0.37,2026-09-06,2046,N20,VIIRS,n,2.0NRT,295.08,2.26,N
26.87441,73.51662,309.93,0.41,0.37,2026-09-06,2046,N20,VIIRS,n,2.0NRT,295.02,2.61,N
26.60538,73.68313,306.85,0.4,0.37,2026-09-06,2046,N20,VIIRS,n,2.0NRT,295.36,0.65,N
26.29863,74.12737,306.56,0.39,0.36,2026-09-06,2046,N20,VIIRS,n,2.0NRT,294.91,0.77,N
26.2588,74.09588,308.96,0.39,0.36,2026-09-06,2046,N20,VIIRS,n,2.0NRT,295.34,1.03,N
24.15967,82.56333,304.6,0.53,0.5,2026-09-06,2046,N20,VIIRS,n,2.0NRT,274.94,1.75,N
24.9338,74.63345,297.15,0.38,0.36,2026-09-06,2046,N20,VIIRS,n,2.0NRT,279.72,1.01,N
23.16659,82.34151,308.91,0.54,0.51,2026-09-06,2046,N20,VIIRS,n,2.0NRT,287.87,2.01,N
24.69204,73.00279,306.06,0.41,0.37,2026-09-06,2046,N20,VIIRS,n,2.0NRT,294.66,1.19,N
22.32286,82.56402,304.74,0.58,0.52,2026-09-06,2046,N20,VIIRS,n,2.0NRT,287.9,1.49,N
22.31933,82.55735,305.32,0.58,0.52,2026-09-06,2046,N20,VIIRS,n,2.0NRT,287.52,1.48,N
22.35952,82.30042,320.89,0.56,0.51,2026-09-06,2046,N20,VIIRS,n,2.0NRT,278.23,2.17,N
22.35839,82.3057,300.27,0.56,0.51,2026-09-06,2046,N20,VIIRS,n,2.0NRT,278.23,2.17,N
22.32277,82.56183,304.24,0.58,0.52,2026-09-06,2046,N20,VIIRS,n,2.0NRT,287.62,1.04,N
22.31806,82.56065,304.09,0.58,0.52,2026-09-06,2046,N20,VIIRS,n,2.0NRT,287.53,2.14,N
22.36226,82.29867,299.59,0.56,0.51,2026-09-06,2046,N20,VIIRS,n,2.0NRT,277.66,1.24,N
22.36117,82.30396,308.07,0.56,0.51,2026-09-06,2046,N20,VIIRS,n,2.0NRT,278.43,1.67,N
22.35652,82.30289,311.89,0.56,0.51,2026-09-06,2046,N20,VIIRS,n,2.0NRT,276.7,1.67,N
21.96607,83.77132,313.06,0.35,0.57,2026-09-06,2046,N20,VIIRS,n,2.0NRT,287.79,3,N
22.03745,83.35081,316.1,0.33,0.55,2026-09-06,2046,N20,VIIRS,n,2.0NRT,288.57,2.03,N
22.03537,83.3603,302.88,0.33,0.55,2026-09-06,2046,N20,VIIRS,n,2.0NRT,284.34,0.65,N
22.03872,83.34882,306.26,0.33,0.55,2026-09-06,2046,N20,VIIRS,n,2.0NRT,287.74,1.15,N
22.03806,83.35194,315.42,0.33,0.55,2026-09-06,2046,N20,VIIRS,n,2.0NRT,288.22,1.15,N
22.03604,83.36147,301.86,0.33,0.55,2026-09-06,2046,N20,VIIRS,n,2.0NRT,283.97,0.93,N
21.9854,83.2318,314.71,0.32,0.55,2026-09-06,2046,N20,VIIRS,n,2.0NRT,288.01,1.6,N
21.97846,83.23976,302.84,0.33,0.55,2026-09-06,2046,N20,VIIRS,n,2.0NRT,286.87,0.66,N
21.82849,83.89872,303.3,0.36,0.57,2026-09-06,2046,N20,VIIRS,n,2.0NRT,287.25,1.08,N
21.92286,83.35031,328.74,0.33,0.55,2026-09-06,2046,N20,VIIRS,n,2.0NRT,289.37,4.41,N
21.92217,83.35345,306.53,0.33,0.55,2026-09-06,2046,N20,VIIRS,n,2.0NRT,288.65,2.17,N
21.80262,83.89235,319.43,0.36,0.57,2026-09-06,2046,N20,VIIRS,n,2.0NRT,287.47,2.08,N
21.92394,83.34906,314.54,0.33,0.55,2026-09-06,2046,N20,VIIRS,n,2.0NRT,288.17,3.18,N
21.92328,83.3522,314.68,0.33,0.55,2026-09-06,2046,N20,VIIRS,n,2.0NRT,288.88,1.76,N
21.80238,83.89133,326.47,0.36,0.57,2026-09-06,2046,N20,VIIRS,n,2.0NRT,286.57,2.19,N
21.91828,83.35097,308,0.33,0.55,2026-09-06,2046,N20,VIIRS,n,2.0NRT,287.49,1.76,N
21.87702,83.49468,312.44,0.34,0.56,2026-09-06,2046,N20,VIIRS,n,2.0NRT,287.18,1.73,N
21.76357,84.01971,307.82,0.37,0.58,2026-09-06,2046,N20,VIIRS,n,2.0NRT,287.01,2,N
21.75759,84.02187,307.36,0.37,0.58,2026-09-06,2046,N20,VIIRS,n,2.0NRT,287.5,1.35,N
21.75684,84.02532,304.68,0.37,0.58,2026-09-06,2046,N20,VIIRS,n,2.0NRT,287.12,1.35,N
21.76328,83.8457,314.75,0.36,0.57,2026-09-06,2046,N20,VIIRS,n,2.0NRT,288.19,1.37,N
21.76253,83.84913,316.14,0.36,0.57,2026-09-06,2046,N20,VIIRS,n,2.0NRT,288.07,2.58,N
21.75887,83.841,308.51,0.36,0.57,2026-09-06,2046,N20,VIIRS,n,2.0NRT,287.4,1.37,N
21.75812,83.8444,312.74,0.36,0.57,2026-09-06,2046,N20,VIIRS,n,2.0NRT,287.22,1.37,N
22.00615,82.67136,308.32,0.6,0.53,2026-09-06,2046,N20,VIIRS,n,2.0NRT,289.11,2.9,N
21.75297,83.84307,302.8,0.36,0.57,2026-09-06,2046,N20,VIIRS,n,2.0NRT,285.95,3.86,N
21.74783,83.84167,367,0.36,0.57,2026-09-06,2046,N20,VIIRS,h,2.0NRT,288.9,3.86,N
21.74859,83.83823,305.17,0.36,0.57,2026-09-06,2046,N20,VIIRS,n,2.0NRT,286.62,3.86,N
21.74269,83.84029,329.22,0.36,0.57,2026-09-06,2046,N20,VIIRS,n,2.0NRT,287.97,4,N
21.74193,83.84372,307.81,0.36,0.57,2026-09-06,2046,N20,VIIRS,n,2.0NRT,288.38,3.06,N
21.67672,84.03851,303.35,0.37,0.58,2026-09-06,2046,N20,VIIRS,n,2.0NRT,287.15,0.85,N
21.67595,84.04197,303.58,0.37,0.58,2026-09-06,2046,N20,VIIRS,n,2.0NRT,287.17,0.85,N
21.67781,84.03885,311.68,0.37,0.58,2026-09-06,2046,N20,VIIRS,n,2.0NRT,288.06,2.14,N
18.71923,79.53582,311.3,0.44,0.46,2026-09-06,2049,N20,VIIRS,n,2.0NRT,291.83,1.42,N
18.72052,79.50629,316.36,0.44,0.46,2026-09-06,2049,N20,VIIRS,n,2.0NRT,291.34,2.08,N
18.71426,79.53906,307.45,0.44,0.46,2026-09-06,2049,N20,VIIRS,n,2.0NRT,291.97,1.85,N
19.27255,74.6683,310.27,0.39,0.36,2026-09-06,2049,N20,VIIRS,n,2.0NRT,290.55,1.05,N
18.68251,73.0377,302.4,0.39,0.36,2026-09-06,2049,N20,VIIRS,n,2.0NRT,291.27,1.19,N
17.61012,83.20317,327.55,0.4,0.6,2026-09-06,2049,N20,VIIRS,n,2.0NRT,283.38,1.43,N
17.60474,83.20191,299.55,0.4,0.6,2026-09-06,2049,N20,VIIRS,n,2.0NRT,280.84,1.43,N
17.9584,80.79161,311.25,0.54,0.51,2026-09-06,2049,N20,VIIRS,n,2.0NRT,286.36,2.87,N
18.69241,73.03941,317.79,0.39,0.36,2026-09-06,2049,N20,VIIRS,n,2.0NRT,292.46,2.33,N
18.68694,73.03103,305.57,0.39,0.36,2026-09-06,2049,N20,VIIRS,n,2.0NRT,291.73,0.8,N
18.68307,73.03409,308.66,0.39,0.36,2026-09-06,2049,N20,VIIRS,n,2.0NRT,291.51,0.8,N
20.86487,84.98684,321.44,0.44,0.63,2026-09-06,2049,N20,VIIRS,n,2.0NRT,286.55,1.7,N
20.8901,84.98042,304.51,0.44,0.63,2026-09-06,2049,N20,VIIRS,n,2.0NRT,286.19,1.24,N
21.57573,82.02216,307.33,0.55,0.51,2026-09-06,2049,N20,VIIRS,n,2.0NRT,289.83,1.36,N
20.96565,86.00595,333.88,0.51,0.66,2026-09-06,2049,N20,VIIRS,n,2.0NRT,285.75,11.28,N
20.97046,86.01247,349.73,0.51,0.66,2026-09-06,2049,N20,VIIRS,n,2.0NRT,286.7,13.14,N
19.9207,79.11429,311.57,0.39,0.44,2026-09-06,2049,N20,VIIRS,n,2.0NRT,292.34,1.09,N
19.72528,79.1739,306.8,0.4,0.44,2026-09-06,2049,N20,VIIRS,n,2.0NRT,291.87,1.18,N
19.10323,82.16578,308.43,0.63,0.54,2026-09-06,2049,N20,VIIRS,n,2.0NRT,288.38,2.12,N
19.10193,82.16513,300.95,0.63,0.54,2026-09-06,2049,N20,VIIRS,n,2.0NRT,288,0.97,N
19.09703,82.16398,302.97,0.63,0.54,2026-09-06,2049,N20,VIIRS,n,2.0NRT,287.82,0.97,N
21.37864,81.64126,304.29,0.53,0.5,2026-09-06,2049,N20,VIIRS,n,2.0NRT,289.17,2.14,N
21.187,81.39117,308.22,0.52,0.5,2026-09-06,2049,N20,VIIRS,n,2.0NRT,291.13,2.1,N
21.1835,81.38528,310.78,0.51,0.5,2026-09-06,2049,N20,VIIRS,n,2.0NRT,290.65,2.1,N
22.93556,69.69945,307.35,0.54,0.42,2026-09-06,2049,N20,VIIRS,n,2.0NRT,293.2,2.99,N
21.23569,79.63112,305.65,0.4,0.44,2026-09-06,2049,N20,VIIRS,n,2.0NRT,290.34,0.78,N
21.33615,78.96851,311.61,0.55,0.43,2026-09-06,2049,N20,VIIRS,n,2.0NRT,289.81,1.9,N
21.24994,79.20966,308.99,0.57,0.43,2026-09-06,2049,N20,VIIRS,n,2.0NRT,287.65,1.79,N
20.6986,78.63525,305.89,0.54,0.42,2026-09-06,2049,N20,VIIRS,n,2.0NRT,291.73,0.94,N
21.43295,72.97732,314.63,0.39,0.36,2026-09-06,2049,N20,VIIRS,n,2.0NRT,290.76,1.49,N
18.4227,73.94713,303.53,0.39,0.36,2026-09-06,2049,N20,VIIRS,n,2.0NRT,291.43,0.45,N
19.93199,79.12053,307.07,0.39,0.44,2026-09-06,2049,N20,VIIRS,n,2.0NRT,292.13,1.01,N
21.37506,81.68236,306.24,0.53,0.5,2026-09-06,2049,N20,VIIRS,n,2.0NRT,289.5,2.23,N
21.486,81.76941,307.33,0.54,0.51,2026-09-06,2049,N20,VIIRS,n,2.0NRT,288.57,1.12,N
20.86389,84.99117,309.71,0.44,0.63,2026-09-06,2049,N20,VIIRS,n,2.0NRT,286.74,1.7,N
11.81744,77.91634,299.02,0.45,0.47,2026-09-06,2051,N20,VIIRS,n,2.0NRT,278.89,0.89,N
15.17836,76.65756,310.41,0.51,0.41,2026-09-06,2051,N20,VIIRS,n,2.0NRT,279.51,1.39,N
15.18417,76.66833,308.91,0.51,0.41,2026-09-06,2051,N20,VIIRS,n,2.0NRT,278.9,1.89,N
15.65921,73.98962,304.38,0.4,0.37,2026-09-06,2051,N20,VIIRS,n,2.0NRT,290.67,0.67,N
15.22549,76.76331,300.64,0.51,0.41,2026-09-06,2051,N20,VIIRS,n,2.0NRT,271.35,0.73,N
15.33446,76.28457,303.75,0.48,0.4,2026-09-06,2051,N20,VIIRS,n,2.0NRT,283.37,0.9,N
15.02487,78.01408,309.58,0.41,0.45,2026-09-06,2051,N20,VIIRS,n,2.0NRT,287.4,2.11,N
16.65053,74.31422,300.66,0.4,0.37,2026-09-06,2051,N20,VIIRS,n,2.0NRT,283.93,0.55,N
11.61621,77.75238,303.07,0.44,0.46,2026-09-06,2051,N20,VIIRS,n,2.0NRT,287.25,0.48,N
14.36366,78.77711,314.12,0.47,0.47,2026-09-06,2051,N20,VIIRS,n,2.0NRT,287.54,4.23,N
15.16806,76.37825,304.37,0.49,0.4,2026-09-06,2051,N20,VIIRS,n,2.0NRT,284.93,1.79,N
15.17463,76.65685,301.15,0.51,0.41,2026-09-06,2051,N20,VIIRS,n,2.0NRT,280.33,1.39,N
15.17381,76.66151,320.07,0.51,0.41,2026-09-06,2051,N20,VIIRS,n,2.0NRT,280.22,3.46,N
27.8688,96.92564,333.24,0.41,0.45,2026-09-07,0620,N20,VIIRS,n,2.0NRT,291.64,4.24,D
9.8492,79.02195,337.74,0.45,0.39,2026-09-07,0756,N20,VIIRS,n,2.0NRT,299.89,6.43,D
9.17588,77.52955,333.67,0.55,0.43,2026-09-07,0756,N20,VIIRS,n,2.0NRT,299.97,8.74,D
9.31087,78.70359,337.45,0.48,0.4,2026-09-07,0756,N20,VIIRS,l,2.0NRT,297.83,5.85,D
9.85275,79.02138,332.75,0.45,0.39,2026-09-07,0756,N20,VIIRS,l,2.0NRT,300.37,6.25,D
9.8457,78.13853,334.93,0.5,0.41,2026-09-07,0756,N20,VIIRS,n,2.0NRT,300.66,2.71,D
9.63529,77.60835,342.81,0.54,0.42,2026-09-07,0756,N20,VIIRS,n,2.0NRT,302.94,8.02,D
10.22468,77.77197,334.69,0.52,0.41,2026-09-07,0756,N20,VIIRS,l,2.0NRT,306.1,8.85,D
16.87751,80.85262,337.08,0.39,0.36,2026-09-07,0758,N20,VIIRS,n,2.0NRT,301.12,2.2,D
17.60594,83.19016,336.4,0.45,0.39,2026-09-07,0758,N20,VIIRS,n,2.0NRT,299.77,4.36,D
17.91346,83.45412,331.62,0.47,0.39,2026-09-07,0758,N20,VIIRS,n,2.0NRT,299.02,2.62,D
17.648,80.69142,333.24,0.39,0.36,2026-09-07,0758,N20,VIIRS,l,2.0NRT,303.36,4.59,D
17.64549,77.66038,333.52,0.43,0.38,2026-09-07,0758,N20,VIIRS,n,2.0NRT,294.47,7.32,D
19.0995,82.16937,334.66,0.42,0.38,2026-09-07,0758,N20,VIIRS,n,2.0NRT,299.24,4.49,D
19.10239,82.16484,332.4,0.42,0.38,2026-09-07,0758,N20,VIIRS,n,2.0NRT,299.62,4.49,D
18.71933,79.53963,330.8,0.38,0.36,2026-09-07,0758,N20,VIIRS,l,2.0NRT,303.51,4.81,D
18.66639,79.11244,336.2,0.39,0.36,2026-09-07,0758,N20,VIIRS,n,2.0NRT,297.08,2.92,D
22.35682,82.30369,342.43,0.46,0.39,2026-09-07,0758,N20,VIIRS,n,2.0NRT,299.76,6.37,D
22.3604,82.30314,331.8,0.46,0.39,2026-09-07,0758,N20,VIIRS,n,2.0NRT,297.96,6.37,D
11.83675,79.64706,330.56,0.41,0.37,2026-09-07,0758,N20,VIIRS,l,2.0NRT,303.37,2.82,D
12.96295,76.32122,331.95,0.38,0.43,2026-09-07,0758,N20,VIIRS,n,2.0NRT,297.55,2.32,D
13.38845,78.06381,332.82,0.46,0.39,2026-09-07,0758,N20,VIIRS,l,2.0NRT,306.44,1.99,D
13.54776,78.48175,334.21,0.44,0.38,2026-09-07,0758,N20,VIIRS,l,2.0NRT,304.84,3.39,D
14.04605,80.13187,341.07,0.39,0.36,2026-09-07,0758,N20,VIIRS,n,2.0NRT,305.84,6.63,D
13.73131,77.50441,334.5,0.48,0.4,2026-09-07,0758,N20,VIIRS,l,2.0NRT,306.13,7.2,D
13.62806,76.70334,339.65,0.53,0.42,2026-09-07,0758,N20,VIIRS,n,2.0NRT,298.98,2.49,D
14.41096,80.11783,335.9,0.39,0.36,2026-09-07,0758,N20,VIIRS,l,2.0NRT,306.11,4.35,D
13.86799,75.6541,342.27,0.41,0.45,2026-09-07,0758,N20,VIIRS,n,2.0NRT,299.36,5.94,D
14.77634,79.65341,335.97,0.39,0.37,2026-09-07,0758,N20,VIIRS,l,2.0NRT,304.72,5.99,D
15.0153,79.70184,335.52,0.39,0.36,2026-09-07,0758,N20,VIIRS,l,2.0NRT,301.28,5.42,D
15.34806,79.41764,336.9,0.4,0.37,2026-09-07,0758,N20,VIIRS,l,2.0NRT,304.73,3.98,D
15.18157,76.66959,336.02,0.51,0.41,2026-09-07,0758,N20,VIIRS,l,2.0NRT,301.93,6.93,D
15.52241,78.59602,330.49,0.42,0.37,2026-09-07,0758,N20,VIIRS,n,2.0NRT,298.13,4.41,D
16.2048,79.93924,331.35,0.39,0.36,2026-09-07,0758,N20,VIIRS,n,2.0NRT,299.62,0.85,D
16.71002,80.86552,333,0.39,0.36,2026-09-07,0758,N20,VIIRS,n,2.0NRT,298.99,2.81,D
16.70949,80.86193,331.56,0.39,0.36,2026-09-07,0758,N20,VIIRS,n,2.0NRT,300.65,3.2,D
17.60768,83.20284,331.05,0.45,0.39,2026-09-07,0758,N20,VIIRS,n,2.0NRT,300.57,5.01,D
19.84601,75.83554,334.34,0.49,0.4,2026-09-07,0801,N20,VIIRS,l,2.0NRT,303.92,7.27,D
20.96817,85.15446,341.46,0.42,0.45,2026-09-07,0801,N20,VIIRS,n,2.0NRT,293.35,2.84,D
20.88621,84.98294,337.22,0.41,0.45,2026-09-07,0801,N20,VIIRS,n,2.0NRT,296.21,4.17,D
20.87122,84.99692,341.45,0.41,0.45,2026-09-07,0801,N20,VIIRS,n,2.0NRT,295.73,4.38,D
20.86206,84.99013,340.33,0.41,0.45,2026-09-07,0801,N20,VIIRS,n,2.0NRT,295.76,4.78,D
20.86253,84.9941,333.85,0.41,0.45,2026-09-07,0801,N20,VIIRS,n,2.0NRT,296.09,4.78,D
20.96821,86.01177,341.58,0.47,0.48,2026-09-07,0801,N20,VIIRS,n,2.0NRT,296.75,12.09,D
20.9633,86.00773,348.77,0.47,0.48,2026-09-07,0801,N20,VIIRS,n,2.0NRT,296.04,12.26,D
20.94981,86.04648,331.13,0.47,0.48,2026-09-07,0801,N20,VIIRS,n,2.0NRT,296.62,5.24,D
20.95033,86.05112,332.77,0.47,0.48,2026-09-07,0801,N20,VIIRS,n,2.0NRT,296.42,7.12,D
20.95021,86.05007,340.86,0.47,0.48,2026-09-07,0801,N20,VIIRS,n,2.0NRT,296.12,7.31,D
20.79469,85.25458,344.67,0.42,0.45,2026-09-07,0801,N20,VIIRS,n,2.0NRT,297.22,7.05,D
20.78684,85.25983,333.27,0.42,0.45,2026-09-07,0801,N20,VIIRS,n,2.0NRT,297.54,7.8,D
31.93335,74.71996,332.96,0.4,0.37,2026-09-07,0801,N20,VIIRS,n,2.0NRT,300.15,3.03,D
21.80068,83.89312,336.54,0.54,0.42,2026-09-07,0801,N20,VIIRS,n,2.0NRT,297.41,6.46,D
21.75552,83.84646,333.55,0.54,0.42,2026-09-07,0801,N20,VIIRS,n,2.0NRT,297.77,5.67,D
21.76231,83.8483,334.62,0.54,0.42,2026-09-07,0801,N20,VIIRS,n,2.0NRT,297.63,5.14,D
21.7539,83.84416,340.58,0.54,0.42,2026-09-07,0801,N20,VIIRS,n,2.0NRT,298.58,9.39,D
21.74616,83.84521,338.03,0.54,0.42,2026-09-07,0801,N20,VIIRS,n,2.0NRT,298.98,12.97,D
21.74162,83.84051,331.78,0.54,0.42,2026-09-07,0801,N20,VIIRS,n,2.0NRT,298.09,5.62,D
28.6644,77.5774,312.09,0.45,0.39,2026-09-07,2025,N20,VIIRS,n,2.0NRT,295.27,1.02,N
28.7105,76.8577,310.6,0.48,0.4,2026-09-07,2025,N20,VIIRS,n,2.0NRT,294.2,1.98,N
28.37247,77.22369,320.3,0.46,0.39,2026-09-07,2025,N20,VIIRS,n,2.0NRT,294.95,2.01,N
28.34616,77.22871,313.07,0.46,0.39,2026-09-07,2025,N20,VIIRS,n,2.0NRT,294.52,1.12,N
31.3681,76.355,309.79,0.54,0.42,2026-09-07,2025,N20,VIIRS,n,2.0NRT,293.52,2.15,N
27.32047,95.26386,306.29,0.69,0.74,2026-09-07,2025,N20,VIIRS,n,2.0NRT,284.68,0.99,N
26.77256,94.50258,302.32,0.64,0.72,2026-09-07,2025,N20,VIIRS,n,2.0NRT,285.2,0.97,N
29.91073,74.9476,340.01,0.41,0.45,2026-09-07,2025,N20,VIIRS,n,2.0NRT,294.89,5.88,N
29.4769,76.8572,306.33,0.49,0.4,2026-09-07,2025,N20,VIIRS,n,2.0NRT,295.55,0.79,N
28.85133,77.14966,308.04,0.47,0.39,2026-09-07,2025,N20,VIIRS,n,2.0NRT,294.52,1.43,N
28.77723,76.9485,305.39,0.48,0.4,2026-09-07,2025,N20,VIIRS,n,2.0NRT,294.4,0.77,N
20.98084,85.13518,315.61,0.45,0.47,2026-09-07,2027,N20,VIIRS,n,2.0NRT,290.29,4.2,N
20.96915,85.17249,339.26,0.45,0.47,2026-09-07,2027,N20,VIIRS,n,2.0NRT,290.56,3.68,N
20.97661,85.13421,306.9,0.45,0.47,2026-09-07,2027,N20,VIIRS,n,2.0NRT,290.16,2.96,N
20.96832,85.17673,310.23,0.45,0.47,2026-09-07,2027,N20,VIIRS,n,2.0NRT,289.61,3.68,N
20.96581,85.18961,310.61,0.45,0.47,2026-09-07,2027,N20,VIIRS,n,2.0NRT,289.71,2.61,N
20.96907,85.15025,330.75,0.45,0.47,2026-09-07,2027,N20,VIIRS,n,2.0NRT,289.44,5.39,N
20.96241,85.18433,324.25,0.45,0.47,2026-09-07,2027,N20,VIIRS,n,2.0NRT,289.94,6.6,N
20.96824,85.15453,313.56,0.45,0.47,2026-09-07,2027,N20,VIIRS,n,2.0NRT,289.58,4.9,N
20.96575,85.16727,317.22,0.45,0.47,2026-09-07,2027,N20,VIIRS,n,2.0NRT,289.94,4.91,N
20.96492,85.17151,315.56,0.45,0.47,2026-09-07,2027,N20,VIIRS,n,2.0NRT,289.94,3.68,N
20.96157,85.18867,317.94,0.45,0.47,2026-09-07,2027,N20,VIIRS,n,2.0NRT,290.13,2.61,N
20.9568,85.01089,309.16,0.44,0.46,2026-09-07,2027,N20,VIIRS,n,2.0NRT,290.07,3.12,N
23.10501,70.18776,304.13,0.33,0.55,2026-09-07,2027,N20,VIIRS,n,2.0NRT,293.3,1.43,N
21.79281,80.01548,312.13,0.39,0.36,2026-09-07,2027,N20,VIIRS,n,2.0NRT,285.72,1.1,N
21.48899,81.76856,307.9,0.44,0.38,2026-09-07,2027,N20,VIIRS,n,2.0NRT,291.29,1.86,N
20.88852,84.9805,312.4,0.44,0.46,2026-09-07,2027,N20,VIIRS,n,2.0NRT,289.94,2.14,N
20.88771,84.98469,308.5,0.44,0.46,2026-09-07,2027,N20,VIIRS,n,2.0NRT,290.37,2.14,N
20.87267,84.99441,319.12,0.44,0.46,2026-09-07,2027,N20,VIIRS,n,2.0NRT,289.76,1.85,N
20.87185,84.99863,307.43,0.44,0.46,2026-09-07,2027,N20,VIIRS,n,2.0NRT,289.9,1.85,N
20.86933,84.98911,307.09,0.44,0.46,2026-09-07,2027,N20,VIIRS,n,2.0NRT,290.3,2.47,N
20.86512,84.98824,332.59,0.44,0.46,2026-09-07,2027,N20,VIIRS,n,2.0NRT,290.71,2.47,N
20.86428,84.99252,314.88,0.44,0.46,2026-09-07,2027,N20,VIIRS,n,2.0NRT,290.58,5.35,N
20.80785,85.25658,310.03,0.46,0.47,2026-09-07,2027,N20,VIIRS,n,2.0NRT,288.02,1.67,N
20.79505,85.2536,330.76,0.46,0.47,2026-09-07,2027,N20,VIIRS,n,2.0NRT,289.08,6.13,N
20.7899,85.25706,304.55,0.46,0.47,2026-09-07,2027,N20,VIIRS,n,2.0NRT,289.78,1.64,N
20.78902,85.26144,309.41,0.46,0.47,2026-09-07,2027,N20,VIIRS,n,2.0NRT,289.78,2.77,N
20.78815,85.2658,310.85,0.46,0.47,2026-09-07,2027,N20,VIIRS,n,2.0NRT,290.11,2.77,N
20.78562,85.25613,305.2,0.46,0.47,2026-09-07,2027,N20,VIIRS,n,2.0NRT,289.6,1.64,N
20.76065,85.29149,306.26,0.46,0.47,2026-09-07,2027,N20,VIIRS,n,2.0NRT,289.47,2.13,N
20.75979,85.29578,315.43,0.46,0.47,2026-09-07,2027,N20,VIIRS,n,2.0NRT,289.9,2.13,N
20.76273,85.2932,312.94,0.46,0.47,2026-09-07,2027,N20,VIIRS,n,2.0NRT,289.61,2.08,N
20.7619,85.29752,309.41,0.46,0.47,2026-09-07,2027,N20,VIIRS,n,2.0NRT,289.76,2.08,N
21.39025,81.64609,306.73,0.44,0.38,2026-09-07,2027,N20,VIIRS,n,2.0NRT,290.01,0.75,N
21.37673,81.68217,312.9,0.44,0.38,2026-09-07,2027,N20,VIIRS,n,2.0NRT,292.23,1.76,N
21.37398,81.6773,307.61,0.44,0.38,2026-09-07,2027,N20,VIIRS,n,2.0NRT,292.08,1.09,N
21.37251,81.68565,306.9,0.44,0.38,2026-09-07,2027,N20,VIIRS,n,2.0NRT,292.27,1.03,N
21.34257,81.67107,308.55,0.44,0.38,2026-09-07,2027,N20,VIIRS,n,2.0NRT,291.83,1.01,N
21.29867,81.60771,313.35,0.44,0.38,2026-09-07,2027,N20,VIIRS,n,2.0NRT,291.96,1.24,N
21.24493,81.77022,306.18,0.44,0.39,2026-09-07,2027,N20,VIIRS,n,2.0NRT,291.62,0.92,N
21.19728,81.41787,324.49,0.43,0.38,2026-09-07,2027,N20,VIIRS,n,2.0NRT,291.87,2.88,N
21.19525,81.40897,305.94,0.43,0.38,2026-09-07,2027,N20,VIIRS,n,2.0NRT,291.28,0.87,N
21.19382,81.41719,306.12,0.43,0.38,2026-09-07,2027,N20,VIIRS,n,2.0NRT,291.56,1.7,N
21.19464,81.39192,326.6,0.43,0.38,2026-09-07,2027,N20,VIIRS,n,2.0NRT,292.61,3.2,N
21.18772,81.39056,316.42,0.43,0.38,2026-09-07,2027,N20,VIIRS,n,2.0NRT,293.08,2.68,N
21.18152,81.38511,317.98,0.43,0.38,2026-09-07,2027,N20,VIIRS,n,2.0NRT,293.36,3.65,N
21.18921,81.19809,306.31,0.42,0.38,2026-09-07,2027,N20,VIIRS,n,2.0NRT,291.59,0.64,N
21.23597,79.62972,308.2,0.39,0.36,2026-09-07,2027,N20,VIIRS,n,2.0NRT,285.92,0.72,N
21.23266,79.62911,305.46,0.39,0.36,2026-09-07,2027,N20,VIIRS,n,2.0NRT,285.85,0.72,N
21.33572,78.96597,307.71,0.38,0.36,2026-09-07,2027,N20,VIIRS,n,2.0NRT,291,0.66,N
21.33513,78.96964,304.83,0.38,0.36,2026-09-07,2027,N20,VIIRS,n,2.0NRT,290.99,0.66,N
21.24923,79.21099,305.47,0.38,0.36,2026-09-07,2027,N20,VIIRS,n,2.0NRT,284.42,0.9,N
20.69721,78.6387,308.79,0.38,0.36,2026-09-07,2027,N20,VIIRS,n,2.0NRT,293.01,1.46,N
20.65921,78.49281,306.47,0.38,0.36,2026-09-07,2027,N20,VIIRS,n,2.0NRT,292.83,0.83,N
19.92994,79.11945,306.36,0.39,0.36,2026-09-07,2027,N20,VIIRS,n,2.0NRT,292.98,0.63,N
19.92064,79.114,307.79,0.39,0.36,2026-09-07,2027,N20,VIIRS,n,2.0NRT,293.45,0.86,N
19.81956,79.33749,308.58,0.39,0.36,2026-09-07,2027,N20,VIIRS,n,2.0NRT,293.32,1.07,N
22.04022,83.35356,305.13,0.51,0.41,2026-09-07,2027,N20,VIIRS,n,2.0NRT,285.75,2.62,N
21.98401,83.23322,308.43,0.51,0.41,2026-09-07,2027,N20,VIIRS,n,2.0NRT,283.98,1.47,N
21.92599,83.33717,314.47,0.51,0.41,2026-09-07,2027,N20,VIIRS,n,2.0NRT,289.11,1.95,N
21.92325,83.35185,316.26,0.51,0.41,2026-09-07,2027,N20,VIIRS,n,2.0NRT,288.86,3.05,N
21.92042,83.34616,316.28,0.51,0.41,2026-09-07,2027,N20,VIIRS,n,2.0NRT,287.63,3.68,N
21.9195,83.35107,318.16,0.51,0.41,2026-09-07,2027,N20,VIIRS,n,2.0NRT,289.17,3.05,N
21.87755,83.55391,308.02,0.53,0.42,2026-09-07,2027,N20,VIIRS,n,2.0NRT,289.15,2.48,N
21.80168,83.89066,321.82,0.55,0.43,2026-09-07,2027,N20,VIIRS,n,2.0NRT,290.34,4.38,N
21.87657,83.4964,301.59,0.52,0.42,2026-09-07,2027,N20,VIIRS,n,2.0NRT,284.08,0.64,N
21.77238,84.02225,305.69,0.56,0.43,2026-09-07,2027,N20,VIIRS,n,2.0NRT,290.4,2.6,N
21.76458,84.02055,313.73,0.56,0.43,2026-09-07,2027,N20,VIIRS,n,2.0NRT,291.6,4.11,N
21.80145,83.88892,306.9,0.55,0.43,2026-09-07,2027,N20,VIIRS,n,2.0NRT,290.24,1.57,N
21.80048,83.89414,308.96,0.55,0.43,2026-09-07,2027,N20,VIIRS,n,2.0NRT,289.67,1.57,N
21.773,84.02078,305.85,0.56,0.43,2026-09-07,2027,N20,VIIRS,n,2.0NRT,290.33,1.75,N
21.7691,84.01991,308.55,0.56,0.43,2026-09-07,2027,N20,VIIRS,n,2.0NRT,290.88,2.25,N
21.7652,84.01907,314.52,0.56,0.43,2026-09-07,2027,N20,VIIRS,n,2.0NRT,291.15,2.25,N
22.00687,82.67179,307.18,0.48,0.4,2026-09-07,2027,N20,VIIRS,n,2.0NRT,289.37,1.6,N
22.00406,82.66653,306.63,0.48,0.4,2026-09-07,2027,N20,VIIRS,n,2.0NRT,289.1,1.6,N
21.7564,84.02274,311.19,0.56,0.43,2026-09-07,2027,N20,VIIRS,n,2.0NRT,290.89,3.07,N
21.74881,83.97661,305.69,0.56,0.43,2026-09-07,2027,N20,VIIRS,n,2.0NRT,290.23,1.94,N
21.76477,83.8483,326.08,0.55,0.43,2026-09-07,2027,N20,VIIRS,n,2.0NRT,291.1,4.25,N
21.76091,83.84745,305.86,0.55,0.43,2026-09-07,2027,N20,VIIRS,n,2.0NRT,289.81,2.02,N
21.75803,83.84136,321.18,0.55,0.43,2026-09-07,2027,N20,VIIRS,n,2.0NRT,290.18,3.89,N
21.75705,83.84661,312.94,0.55,0.43,2026-09-07,2027,N20,VIIRS,n,2.0NRT,290.65,2.02,N
21.75417,83.84051,315.8,0.55,0.43,2026-09-07,2027,N20,VIIRS,n,2.0NRT,290.18,4.38,N
21.75032,83.83964,331.05,0.55,0.43,2026-09-07,2027,N20,VIIRS,n,2.0NRT,290.3,4.38,N
21.74932,83.84492,327.62,0.55,0.43,2026-09-07,2027,N20,VIIRS,n,2.0NRT,291.58,8.83,N
21.74547,83.84406,322.29,0.55,0.43,2026-09-07,2027,N20,VIIRS,n,2.0NRT,291,3.05,N
21.74646,83.83878,305.91,0.55,0.43,2026-09-07,2027,N20,VIIRS,n,2.0NRT,289.78,3.13,N
21.74161,83.84318,326.19,0.55,0.43,2026-09-07,2027,N20,VIIRS,n,2.0NRT,291.12,3.05,N
21.68,84.03977,314.18,0.57,0.43,2026-09-07,2027,N20,VIIRS,n,2.0NRT,291,3.39,N
21.73061,82.2152,308.64,0.46,0.39,2026-09-07,2027,N20,VIIRS,n,2.0NRT,291.63,1.06,N
21.67473,82.0799,311.07,0.45,0.39,2026-09-07,2027,N20,VIIRS,n,2.0NRT,292.07,1.08,N
21.07948,85.0331,308.27,0.44,0.46,2026-09-07,2027,N20,VIIRS,n,2.0NRT,290.18,2.51,N
21.07866,85.03729,307.4,0.44,0.46,2026-09-07,2027,N20,VIIRS,n,2.0NRT,290.61,2.05,N
21.07784,85.04143,305.96,0.44,0.46,2026-09-07,2027,N20,VIIRS,n,2.0NRT,289.95,2.05,N
21.62273,81.79314,302.38,0.44,0.38,2026-09-07,2027,N20,VIIRS,n,2.0NRT,284.21,0.67,N
21.57575,82.02109,307.84,0.45,0.39,2026-09-07,2027,N20,VIIRS,n,2.0NRT,291.6,1.33,N
20.97845,85.1702,319.22,0.45,0.47,2026-09-07,2027,N20,VIIRS,n,2.0NRT,290.11,4.4,N
20.97339,85.17346,318.73,0.45,0.47,2026-09-07,2027,N20,VIIRS,n,2.0NRT,289.91,4.56,N
26.64215,79.47706,308.84,0.39,0.36,2026-09-07,2027,N20,VIIRS,n,2.0NRT,292.77,1.46,N
26.87715,73.51378,306.26,0.46,0.47,2026-09-07,2027,N20,VIIRS,n,2.0NRT,294.48,1.52,N
23.77872,86.20898,301.38,0.46,0.47,2026-09-07,2027,N20,VIIRS,n,2.0NRT,282.34,3.14,N
24.52834,81.17003,308.96,0.4,0.37,2026-09-07,2027,N20,VIIRS,n,2.0NRT,292.49,1.76,N
23.70962,85.40145,297.48,0.42,0.45,2026-09-07,2027,N20,VIIRS,n,2.0NRT,284.78,1.55,N
24.15984,82.56591,315.07,0.44,0.39,2026-09-07,2027,N20,VIIRS,n,2.0NRT,287.61,1.7,N
24.19896,80.79641,305.22,0.39,0.36,2026-09-07,2027,N20,VIIRS,n,2.0NRT,293.15,0.76,N
24.0516,80.61429,304.66,0.39,0.36,2026-09-07,2027,N20,VIIRS,n,2.0NRT,292.99,0.62,N
24.76596,74.6056,309.94,0.56,0.43,2026-09-07,2027,N20,VIIRS,n,2.0NRT,293.78,1.52,N
24.76294,74.60492,305.48,0.56,0.43,2026-09-07,2027,N20,VIIRS,n,2.0NRT,292.81,1.84,N
24.66297,74.63495,307.19,0.56,0.43,2026-09-07,2027,N20,VIIRS,n,2.0NRT,294.5,1.58,N
23.98966,79.39109,308.04,0.38,0.36,2026-09-07,2027,N20,VIIRS,n,2.0NRT,293.45,0.8,N
24.66357,74.63328,305.48,0.56,0.43,2026-09-07,2027,N20,VIIRS,n,2.0NRT,294.48,1.55,N
23.1686,82.34158,308.78,0.45,0.39,2026-09-07,2027,N20,VIIRS,n,2.0NRT,287.81,2.01,N
23.16829,82.34321,311.17,0.45,0.39,2026-09-07,2027,N20,VIIRS,n,2.0NRT,288.37,2.26,N
23.16477,82.34253,304.13,0.45,0.39,2026-09-07,2027,N20,VIIRS,n,2.0NRT,287.64,1.69,N
22.31361,84.76813,305.62,0.4,0.45,2026-09-07,2027,N20,VIIRS,n,2.0NRT,286.84,0.85,N
22.21425,84.86874,324.74,0.41,0.45,2026-09-07,2027,N20,VIIRS,n,2.0NRT,289.64,3.96,N
22.2135,84.87266,303.76,0.41,0.45,2026-09-07,2027,N20,VIIRS,n,2.0NRT,289.73,1.58,N
22.21273,84.87658,309.56,0.41,0.45,2026-09-07,2027,N20,VIIRS,n,2.0NRT,289.83,1.58,N
22.20781,84.55033,305.49,0.4,0.44,2026-09-07,2027,N20,VIIRS,n,2.0NRT,289.83,1.63,N
21.93153,85.2181,303.26,0.44,0.46,2026-09-07,2027,N20,VIIRS,n,2.0NRT,288.45,1.34,N
21.9307,85.22234,305.95,0.44,0.46,2026-09-07,2027,N20,VIIRS,n,2.0NRT,288.97,2.1,N
21.92651,85.22144,307.8,0.44,0.46,2026-09-07,2027,N20,VIIRS,n,2.0NRT,288.97,2.05,N
22.33119,82.6066,315.97,0.47,0.4,2026-09-07,2027,N20,VIIRS,n,2.0NRT,289.73,1.81,N
22.32363,82.58646,307.53,0.47,0.39,2026-09-07,2027,N20,VIIRS,n,2.0NRT,289.19,1.05,N
22.32366,82.54478,306.96,0.46,0.39,2026-09-07,2027,N20,VIIRS,n,2.0NRT,290.37,1.3,N
22.32047,82.56259,316.36,0.47,0.39,2026-09-07,2027,N20,VIIRS,n,2.0NRT,290.56,2.14,N
22.31967,82.56704,308.56,0.47,0.39,2026-09-07,2027,N20,VIIRS,n,2.0NRT,290.19,1.52,N
22.35971,82.3016,333.6,0.45,0.39,2026-09-07,2027,N20,VIIRS,n,2.0NRT,291.44,4.89,N
22.35616,82.30089,318.38,0.45,0.39,2026-09-07,2027,N20,VIIRS,n,2.0NRT,290.27,2.5,N
22.31531,82.52923,306.89,0.46,0.39,2026-09-07,2027,N20,VIIRS,n,2.0NRT,289.65,0.78,N
22.31451,82.53368,304.07,0.46,0.39,2026-09-07,2027,N20,VIIRS,n,2.0NRT,288.94,0.78,N
22.31173,82.5285,306.3,0.46,0.39,2026-09-07,2027,N20,VIIRS,n,2.0NRT,289.15,0.78,N
22.03932,83.72992,312.22,0.54,0.42,2026-09-07,2027,N20,VIIRS,n,2.0NRT,290.26,2.24,N
22.04157,83.7285,311.99,0.54,0.42,2026-09-07,2027,N20,VIIRS,n,2.0NRT,289.94,1.8,N
22.04062,83.73363,307.49,0.54,0.42,2026-09-07,2027,N20,VIIRS,n,2.0NRT,289.88,1.8,N
22.01773,83.74997,309.01,0.54,0.42,2026-09-07,2027,N20,VIIRS,n,2.0NRT,289.48,1.57,N
22.01677,83.75517,308.33,0.54,0.42,2026-09-07,2027,N20,VIIRS,n,2.0NRT,289.82,1.68,N
22.09414,83.12456,304.78,0.5,0.41,2026-09-07,2027,N20,VIIRS,n,2.0NRT,288.62,0.71,N
21.966,83.77103,311.82,0.54,0.42,2026-09-07,2027,N20,VIIRS,n,2.0NRT,289.48,1.42,N
19.78885,79.0649,309.92,0.39,0.36,2026-09-07,2029,N20,VIIRS,n,2.0NRT,294.24,0.9,N
14.44538,80.06449,307.65,0.45,0.39,2026-09-07,2029,N20,VIIRS,n,2.0NRT,291.9,4.06,N
15.64072,79.25414,320.24,0.41,0.37,2026-09-07,2029,N20,VIIRS,n,2.0NRT,291.74,5.14,N
17.46345,80.65253,306.56,0.44,0.38,2026-09-07,2029,N20,VIIRS,n,2.0NRT,290.81,1.59,N
17.95813,80.79538,321.13,0.44,0.38,2026-09-07,2029,N20,VIIRS,n,2.0NRT,294.38,2.53,N
17.98198,80.82828,308.8,0.44,0.38,2026-09-07,2029,N20,VIIRS,n,2.0NRT,294.47,1.88,N
17.60396,83.20155,308.14,0.39,0.44,2026-09-07,2029,N20,VIIRS,n,2.0NRT,292.52,1.02,N
17.60795,83.20236,309.9,0.39,0.44,2026-09-07,2029,N20,VIIRS,n,2.0NRT,293.05,1.26,N
17.61194,83.20317,325.07,0.39,0.44,2026-09-07,2029,N20,VIIRS,n,2.0NRT,293.55,1.26,N
17.62192,83.19389,307.61,0.39,0.44,2026-09-07,2029,N20,VIIRS,n,2.0NRT,293.55,0.95,N
17.69325,83.2424,306.96,0.39,0.44,2026-09-07,2029,N20,VIIRS,n,2.0NRT,293.09,1.24,N
17.9696,83.15144,307.1,0.38,0.44,2026-09-07,2029,N20,VIIRS,n,2.0NRT,292.74,2.32,N
18.71382,79.54076,308.85,0.4,0.37,2026-09-07,2029,N20,VIIRS,n,2.0NRT,294.41,0.92,N
18.71778,79.53763,310.08,0.4,0.37,2026-09-07,2029,N20,VIIRS,n,2.0NRT,294.86,0.92,N
18.72112,79.53823,314.62,0.4,0.37,2026-09-07,2029,N20,VIIRS,n,2.0NRT,295.24,1.67,N
19.09522,82.1682,304.92,0.49,0.4,2026-09-07,2029,N20,VIIRS,n,2.0NRT,293.08,1.04,N
19.09889,82.16894,319.8,0.49,0.4,2026-09-07,2029,N20,VIIRS,n,2.0NRT,291.75,1.88,N
19.10256,82.16969,308.64,0.49,0.4,2026-09-07,2029,N20,VIIRS,n,2.0NRT,292.92,1.88,N
12.96717,77.33203,310.14,0.39,0.36,2026-09-07,2032,N20,VIIRS,n,2.0NRT,292.07,1.57,N
9.00589,77.40939,310.99,0.4,0.37,2026-09-07,2032,N20,VIIRS,n,2.0NRT,295.48,2.45,N
13.0258,77.4978,312.32,0.39,0.36,2026-09-07,2032,N20,VIIRS,n,2.0NRT,290.67,0.9,N
13.02523,77.50134,304.22,0.39,0.36,2026-09-07,2032,N20,VIIRS,n,2.0NRT,290.34,0.9,N
9.97781,76.37621,306.47,0.38,0.36,2026-09-07,2032,N20,VIIRS,n,2.0NRT,294.32,1.54,N
10.27329,77.25101,313.02,0.39,0.36,2026-09-07,2032,N20,VIIRS,n,2.0NRT,292.12,1.07,N
10.61625,77.42105,309.06,0.39,0.36,2026-09-07,2032,N20,VIIRS,n,2.0NRT,294.82,0.84,N
10.92274,77.06081,307.83,0.39,0.36,2026-09-07,2032,N20,VIIRS,n,2.0NRT,293.84,0.83,N
10.83034,78.82838,319.89,0.43,0.38,2026-09-07,2032,N20,VIIRS,n,2.0NRT,295.01,1.77,N
11.0414,77.58978,306.72,0.39,0.37,2026-09-07,2032,N20,VIIRS,n,2.0NRT,293.93,0.66,N
11.20358,77.90948,305.8,0.4,0.37,2026-09-07,2032,N20,VIIRS,n,2.0NRT,293.63,1.66,N
11.20418,77.90585,326.42,0.4,0.37,2026-09-07,2032,N20,VIIRS,n,2.0NRT,293.71,2.13,N
11.1834,79.10074,315.07,0.44,0.38,2026-09-07,2032,N20,VIIRS,n,2.0NRT,295.85,1.75,N
11.18451,79.09956,311.47,0.44,0.38,2026-09-07,2032,N20,VIIRS,n,2.0NRT,294.82,0.95,N
11.81094,77.92367,310.79,0.4,0.37,2026-09-07,2032,N20,VIIRS,n,2.0NRT,296.23,1.84,N
11.81153,77.92004,324.44,0.4,0.37,2026-09-07,2032,N20,VIIRS,n,2.0NRT,295.13,1.84,N
11.81546,77.91698,307.12,0.4,0.37,2026-09-07,2032,N20,VIIRS,n,2.0NRT,295.19,1.36,N
11.81775,77.91743,306.22,0.4,0.37,2026-09-07,2032,N20,VIIRS,n,2.0NRT,294.88,1.53,N
12.09703,76.79622,319.43,0.38,0.36,2026-09-07,2032,N20,VIIRS,n,2.0NRT,291.84,1.29,N
12.59471,76.87408,301,0.38,0.36,2026-09-07,2032,N20,VIIRS,n,2.0NRT,290.07,0.39,N
12.74784,77.61866,306.35,0.39,0.36,2026-09-07,2032,N20,VIIRS,n,2.0NRT,291.59,0.99,N
27.87317,96.85173,325.47,0.4,0.6,2026-09-08,0601,N20,VIIRS,n,2.0NRT,291.61,2.94,D
10.16361,79.21571,333.43,0.56,0.52,2026-09-08,0737,N20,VIIRS,n,2.0NRT,298.81,2.41,D
8.86435,78.08271,353.82,0.35,0.57,2026-09-08,0737,N20,VIIRS,n,2.0NRT,305.22,5.25,D
8.95272,77.88122,335.13,0.36,0.58,2026-09-08,0737,N20,VIIRS,n,2.0NRT,304.15,1.94,D
8.92974,77.49213,336.9,0.39,0.59,2026-09-08,0737,N20,VIIRS,n,2.0NRT,299.62,1.76,D
9.31444,78.7288,334.21,0.63,0.54,2026-09-08,0737,N20,VIIRS,n,2.0NRT,301.12,3.44,D
9.28846,78.58205,352.93,0.32,0.55,2026-09-08,0737,N20,VIIRS,n,2.0NRT,300.55,5.52,D
9.31936,78.7279,343.73,0.63,0.54,2026-09-08,0737,N20,VIIRS,n,2.0NRT,301.61,3.44,D
9.34099,78.82201,337.07,0.62,0.54,2026-09-08,0737,N20,VIIRS,n,2.0NRT,300.39,3.36,D
9.1404,77.53792,338.53,0.38,0.59,2026-09-08,0737,N20,VIIRS,n,2.0NRT,301.57,1.78,D
9.1378,77.53764,339.12,0.38,0.59,2026-09-08,0737,N20,VIIRS,n,2.0NRT,302.41,1.37,D
9.46437,78.80776,330.42,0.62,0.54,2026-09-08,0737,N20,VIIRS,n,2.0NRT,298.47,4.15,D
9.29947,77.67791,330.82,0.37,0.58,2026-09-08,0737,N20,VIIRS,n,2.0NRT,300.73,2.44,D
9.53154,78.64579,355.24,0.63,0.54,2026-09-08,0737,N20,VIIRS,n,2.0NRT,303,24.88,D
9.53244,78.64364,345.48,0.63,0.54,2026-09-08,0737,N20,VIIRS,n,2.0NRT,303.95,26.28,D
9.46298,77.59248,356.47,0.37,0.58,2026-09-08,0737,N20,VIIRS,n,2.0NRT,302.33,5.8,D
9.4671,77.59164,367,0.37,0.58,2026-09-08,0737,N20,VIIRS,h,2.0NRT,302.52,6.33,D
9.52581,77.79107,367,0.36,0.57,2026-09-08,0737,N20,VIIRS,h,2.0NRT,303.86,7.19,D
9.75761,78.38082,332.27,0.33,0.55,2026-09-08,0737,N20,VIIRS,l,2.0NRT,305.11,1.85,D
10.01626,79.18711,332.54,0.57,0.52,2026-09-08,0737,N20,VIIRS,n,2.0NRT,301.07,2.15,D
9.77142,77.74419,338.38,0.36,0.57,2026-09-08,0737,N20,VIIRS,n,2.0NRT,299.05,4.42,D
9.93584,78.25494,337.36,0.33,0.55,2026-09-08,0737,N20,VIIRS,n,2.0NRT,303.72,3.5,D
9.8512,77.64872,337.86,0.36,0.58,2026-09-08,0737,N20,VIIRS,n,2.0NRT,301.41,3.49,D
9.94897,77.83247,367,0.35,0.57,2026-09-08,0737,N20,VIIRS,h,2.0NRT,302.37,7.77,D
9.95038,77.8317,367,0.35,0.57,2026-09-08,0737,N20,VIIRS,h,2.0NRT,302.14,8.22,D
10.16759,78.79363,341,0.6,0.53,2026-09-08,0737,N20,VIIRS,n,2.0NRT,300.08,6.27,D
10.33086,79.31501,330.33,0.55,0.51,2026-09-08,0737,N20,VIIRS,l,2.0NRT,301.21,3.01,D
10.40139,79.38857,330.58,0.54,0.51,2026-09-08,0737,N20,VIIRS,l,2.0NRT,302.55,2.75,D
10.42067,79.25273,342.26,0.55,0.51,2026-09-08,0737,N20,VIIRS,n,2.0NRT,301,20.97,D
10.4262,79.25689,338.69,0.55,0.51,2026-09-08,0737,N20,VIIRS,n,2.0NRT,302.91,106.24,D
10.41998,79.25983,343.33,0.55,0.51,2026-09-08,0737,N20,VIIRS,n,2.0NRT,298.72,14.54,D
10.42373,79.25402,348.52,0.55,0.51,2026-09-08,0737,N20,VIIRS,n,2.0NRT,307.26,51.8,D
10.63521,79.72103,339.15,0.51,0.49,2026-09-08,0737,N20,VIIRS,n,2.0NRT,302.01,4.21,D
10.63439,79.71644,337.99,0.51,0.49,2026-09-08,0737,N20,VIIRS,n,2.0NRT,304.58,4.21,D
10.26741,77.25986,332.87,0.38,0.59,2026-09-08,0737,N20,VIIRS,n,2.0NRT,302.06,3.61,D
10.80398,78.93729,335.88,0.57,0.52,2026-09-08,0737,N20,VIIRS,l,2.0NRT,306.18,3.44,D
10.80485,78.93539,335.98,0.57,0.52,2026-09-08,0737,N20,VIIRS,l,2.0NRT,306.59,2.29,D
10.74739,78.56797,331.26,0.61,0.53,2026-09-08,0737,N20,VIIRS,l,2.0NRT,305.01,1.41,D
10.87606,79.16769,335.93,0.55,0.51,2026-09-08,0737,N20,VIIRS,n,2.0NRT,303.2,2.8,D
11.01908,79.83974,334.91,0.49,0.49,2026-09-08,0737,N20,VIIRS,n,2.0NRT,303.9,5.89,D
11.03551,79.73526,333.04,0.5,0.49,2026-09-08,0737,N20,VIIRS,n,2.0NRT,302.85,4.81,D
10.91535,78.45361,330.82,0.62,0.54,2026-09-08,0737,N20,VIIRS,l,2.0NRT,303.79,1.56,D
11.17832,79.84326,343.88,0.49,0.49,2026-09-08,0737,N20,VIIRS,n,2.0NRT,303.77,15.83,D
11.17724,79.84092,346.86,0.49,0.49,2026-09-08,0737,N20,VIIRS,n,2.0NRT,303.51,16.38,D
11.16917,79.591,334.12,0.51,0.49,2026-09-08,0737,N20,VIIRS,n,2.0NRT,300.74,5.19,D
11.16835,79.58639,341.1,0.51,0.49,2026-09-08,0737,N20,VIIRS,n,2.0NRT,301.93,6.55,D
10.94746,78.17036,337.04,0.32,0.55,2026-09-08,0737,N20,VIIRS,n,2.0NRT,304.57,2.11,D
10.96945,78.0653,350.49,0.33,0.55,2026-09-08,0737,N20,VIIRS,n,2.0NRT,305.17,3.07,D
11.37994,79.63191,336.79,0.5,0.49,2026-09-08,0737,N20,VIIRS,n,2.0NRT,305.13,10.93,D
10.92811,77.06596,330.52,0.38,0.59,2026-09-08,0737,N20,VIIRS,l,2.0NRT,301.28,0.59,D
11.44468,79.55418,336.51,0.51,0.49,2026-09-08,0737,N20,VIIRS,n,2.0NRT,301.08,3.23,D
11.44695,79.55542,335.41,0.51,0.49,2026-09-08,0737,N20,VIIRS,n,2.0NRT,301.37,6.92,D
11.11892,77.18589,330.45,0.37,0.58,2026-09-08,0737,N20,VIIRS,n,2.0NRT,300.09,1.43,D
11.2279,77.15961,336.15,0.37,0.58,2026-09-08,0737,N20,VIIRS,n,2.0NRT,300.41,2.17,D
11.22657,77.15887,339.14,0.37,0.58,2026-09-08,0737,N20,VIIRS,n,2.0NRT,300.59,1.82,D
11.36853,77.68331,348.3,0.34,0.56,2026-09-08,0737,N20,VIIRS,n,2.0NRT,305.64,4.31,D
12.08317,79.02713,330.76,0.54,0.51,2026-09-08,0737,N20,VIIRS,l,2.0NRT,302.97,2.54,D
12.30269,78.41156,330.4,0.59,0.53,2026-09-08,0737,N20,VIIRS,l,2.0NRT,303.13,6.17,D
12.097,77.06121,342.82,0.36,0.58,2026-09-08,0737,N20,VIIRS,n,2.0NRT,309.05,8.86,D
12.75017,79.99485,332.77,0.45,0.47,2026-09-08,0737,N20,VIIRS,n,2.0NRT,302.14,2.22,D
12.72328,79.6708,330.54,0.47,0.48,2026-09-08,0737,N20,VIIRS,l,2.0NRT,301.42,3.54,D
12.80382,79.89982,336.69,0.46,0.47,2026-09-08,0737,N20,VIIRS,n,2.0NRT,299.57,3.47,D
12.83612,79.94167,331.02,0.45,0.47,2026-09-08,0737,N20,VIIRS,l,2.0NRT,305.45,7.02,D
12.84465,79.94014,330.65,0.45,0.47,2026-09-08,0737,N20,VIIRS,l,2.0NRT,304.71,4.62,D
12.87861,79.90833,335.9,0.45,0.47,2026-09-08,0737,N20,VIIRS,n,2.0NRT,302.38,7.05,D
13.16077,78.74465,332.49,0.54,0.51,2026-09-08,0737,N20,VIIRS,n,2.0NRT,300.55,3.35,D
13.84408,79.97645,330.11,0.43,0.46,2026-09-08,0737,N20,VIIRS,l,2.0NRT,301.7,2.9,D
13.84826,79.97568,334.38,0.43,0.46,2026-09-08,0737,N20,VIIRS,n,2.0NRT,301.25,2.9,D
19.09773,82.16775,335.87,0.43,0.38,2026-09-08,0739,N20,VIIRS,l,2.0NRT,300.91,9.23,D
17.62962,77.91116,332.2,0.51,0.49,2026-09-08,0739,N20,VIIRS,n,2.0NRT,296.32,5.42,D
17.73318,78.93163,334.18,0.43,0.46,2026-09-08,0739,N20,VIIRS,n,2.0NRT,294.09,2.64,D
17.60893,83.20582,339.56,0.41,0.37,2026-09-08,0739,N20,VIIRS,n,2.0NRT,301.43,4.36,D
17.60495,83.20261,334.29,0.41,0.37,2026-09-08,0739,N20,VIIRS,l,2.0NRT,300.65,4.36,D
22.57296,85.89826,340.39,0.42,0.37,2026-09-08,0739,N20,VIIRS,n,2.0NRT,299.52,4.99,D
21.98455,83.23235,333.5,0.39,0.36,2026-09-08,0739,N20,VIIRS,n,2.0NRT,300.03,4.75,D
22.37795,87.27967,338.84,0.47,0.4,2026-09-08,0739,N20,VIIRS,n,2.0NRT,285.46,7.41,D
21.49219,81.76202,332.12,0.42,0.38,2026-09-08,0739,N20,VIIRS,l,2.0NRT,296.78,1.92,D
21.76666,84.02632,330.12,0.38,0.36,2026-09-08,0739,N20,VIIRS,n,2.0NRT,291.47,2.69,D
21.924,85.22245,332.47,0.4,0.37,2026-09-08,0739,N20,VIIRS,n,2.0NRT,298.89,4.98,D
21.34945,81.66482,336.39,0.42,0.38,2026-09-08,0739,N20,VIIRS,n,2.0NRT,298.29,5.75,D
20.86505,84.98814,332.84,0.39,0.36,2026-09-08,0739,N20,VIIRS,n,2.0NRT,292.18,6.29,D
20.86174,84.9887,335.67,0.39,0.36,2026-09-08,0739,N20,VIIRS,n,2.0NRT,288.06,2.64,D
20.78967,85.26066,334.69,0.39,0.36,2026-09-08,0739,N20,VIIRS,n,2.0NRT,282.29,5.06,D
20.79765,85.3863,336.48,0.39,0.37,2026-09-08,0739,N20,VIIRS,n,2.0NRT,286.43,3.88,D
17.42646,82.72792,338.08,0.42,0.38,2026-09-08,0739,N20,VIIRS,n,2.0NRT,297.94,4.04,D
16.39561,78.35156,340.22,0.5,0.49,2026-09-08,0739,N20,VIIRS,n,2.0NRT,289.74,3.02,D
15.22604,76.76457,333.7,0.33,0.56,2026-09-08,0739,N20,VIIRS,n,2.0NRT,294.67,5.15,D
15.18101,76.66863,337.79,0.34,0.56,2026-09-08,0739,N20,VIIRS,n,2.0NRT,294.13,2.66,D
15.1602,78.27892,330.6,0.53,0.5,2026-09-08,0739,N20,VIIRS,n,2.0NRT,296.53,8.58,D
14.88231,79.78946,341.48,0.43,0.46,2026-09-08,0739,N20,VIIRS,n,2.0NRT,297.32,4.94,D
22.35765,82.30426,343.13,0.4,0.37,2026-09-08,0739,N20,VIIRS,n,2.0NRT,303.15,7.11,D
23.16684,82.34259,335.99,0.39,0.36,2026-09-08,0741,N20,VIIRS,n,2.0NRT,298.83,4.42,D
23.68195,86.08404,330.28,0.43,0.38,2026-09-08,0741,N20,VIIRS,n,2.0NRT,293.56,5.04,D
23.67498,86.08513,331.2,0.43,0.38,2026-09-08,0741,N20,VIIRS,n,2.0NRT,296.88,2.63,D
28.09879,95.47135,331.48,0.56,0.69,2026-09-08,0741,N20,VIIRS,n,2.0NRT,288.83,6.44,D
29.9256,77.28622,332.66,0.51,0.41,2026-09-08,0744,N20,VIIRS,n,2.0NRT,298.54,3.04,D
29.90877,74.95169,331.63,0.45,0.47,2026-09-08,0744,N20,VIIRS,l,2.0NRT,303.04,4.43,D
28.6588,77.57416,331.49,0.51,0.41,2026-09-08,0744,N20,VIIRS,n,2.0NRT,299.83,4.53,D
29.90781,74.94718,340.86,0.45,0.47,2026-09-08,0744,N20,VIIRS,n,2.0NRT,300.6,4.43,D
28.65915,77.57201,330.62,0.51,0.41,2026-09-08,0744,N20,VIIRS,n,2.0NRT,300.45,5.54,D
22.92616,70.10849,334.08,0.5,0.66,2026-09-08,0922,N20,VIIRS,n,2.0NRT,295.67,5.74,D
23.33532,70.11651,332.32,0.51,0.66,2026-09-08,0922,N20,VIIRS,n,2.0NRT,295.3,2.4,D
23.77972,86.21004,332.23,0.41,0.37,2026-09-08,2008,N20,VIIRS,n,2.0NRT,287.92,4.26,N
23.77162,86.19611,305.83,0.41,0.37,2026-09-08,2008,N20,VIIRS,n,2.0NRT,286.43,1.03,N
23.55852,87.24055,329.15,0.45,0.39,2026-09-08,2008,N20,VIIRS,n,2.0NRT,282.3,4.05,N
23.56004,87.23193,314.22,0.45,0.39,2026-09-08,2008,N20,VIIRS,n,2.0NRT,282.57,1.67,N
23.68445,86.39489,295.21,0.42,0.37,2026-09-08,2008,N20,VIIRS,n,2.0NRT,279.19,1.1,N
23.67763,86.39355,300.64,0.42,0.37,2026-09-08,2008,N20,VIIRS,n,2.0NRT,282.29,1.38,N
23.67694,86.39756,298.25,0.42,0.37,2026-09-08,2008,N20,VIIRS,n,2.0NRT,281.62,0.94,N
23.67624,86.4016,299.17,0.42,0.37,2026-09-08,2008,N20,VIIRS,n,2.0NRT,282.04,0.94,N
23.8053,85.53831,301.78,0.4,0.37,2026-09-08,2008,N20,VIIRS,n,2.0NRT,289.46,0.96,N
23.48239,87.35986,301.59,0.45,0.39,2026-09-08,2008,N20,VIIRS,n,2.0NRT,281.83,1.23,N
23.78941,85.55109,299.57,0.4,0.37,2026-09-08,2008,N20,VIIRS,n,2.0NRT,287.62,0.82,N
23.6965,86.07959,313.63,0.41,0.37,2026-09-08,2008,N20,VIIRS,n,2.0NRT,287.74,1.05,N
23.68368,86.09333,313.97,0.41,0.37,2026-09-08,2008,N20,VIIRS,n,2.0NRT,287.88,1.59,N
23.68167,86.08475,306.58,0.41,0.37,2026-09-08,2008,N20,VIIRS,n,2.0NRT,288.33,1.33,N
23.68031,86.09264,310.59,0.41,0.37,2026-09-08,2008,N20,VIIRS,n,2.0NRT,287.58,2.12,N
23.6783,86.08407,312.69,0.41,0.37,2026-09-08,2008,N20,VIIRS,n,2.0NRT,288.52,1.33,N
23.67019,86.09061,307.53,0.41,0.37,2026-09-08,2008,N20,VIIRS,n,2.0NRT,287.71,1.24,N
23.66904,86.09098,309.7,0.41,0.37,2026-09-08,2008,N20,VIIRS,n,2.0NRT,288.68,1.69,N
23.68449,85.36116,301.27,0.39,0.36,2026-09-08,2008,N20,VIIRS,n,2.0NRT,288.6,0.89,N
23.73927,85.00942,304.26,0.39,0.36,2026-09-08,2008,N20,VIIRS,n,2.0NRT,288.62,1.26,N
29.63154,77.24386,306.6,0.57,0.52,2026-09-08,2008,N20,VIIRS,n,2.0NRT,293.04,1.57,N
25.03734,87.38728,305.89,0.44,0.38,2026-09-08,2008,N20,VIIRS,n,2.0NRT,282.68,0.76,N
24.92361,84.15542,315.48,0.38,0.36,2026-09-08,2008,N20,VIIRS,n,2.0NRT,284.27,1.78,N
23.66479,87.15403,313.07,0.44,0.39,2026-09-08,2008,N20,VIIRS,n,2.0NRT,279.32,1.29,N
23.80456,86.33068,298.63,0.41,0.37,2026-09-08,2008,N20,VIIRS,n,2.0NRT,279.33,1.06,N
23.77458,86.36201,312.81,0.41,0.37,2026-09-08,2008,N20,VIIRS,n,2.0NRT,283.3,2.65,N
23.77389,86.366,301.38,0.41,0.37,2026-09-08,2008,N20,VIIRS,n,2.0NRT,281.9,1.57,N
23.77633,86.20937,304.62,0.41,0.37,2026-09-08,2008,N20,VIIRS,n,2.0NRT,286.23,1.44,N
20.80846,85.25784,306.9,0.41,0.37,2026-09-08,2010,N20,VIIRS,n,2.0NRT,275.55,1.04,N
20.80509,85.25718,307.49,0.41,0.37,2026-09-08,2010,N20,VIIRS,n,2.0NRT,274.92,1.04,N
20.7977,85.25974,302.54,0.41,0.37,2026-09-08,2010,N20,VIIRS,n,2.0NRT,274.06,1.06,N
20.79498,85.25523,329.52,0.41,0.37,2026-09-08,2010,N20,VIIRS,n,2.0NRT,275.54,2.25,N
20.79564,85.25138,305.58,0.41,0.37,2026-09-08,2010,N20,VIIRS,n,2.0NRT,273.58,2.46,N
20.79096,85.25847,299.66,0.41,0.37,2026-09-08,2010,N20,VIIRS,n,2.0NRT,274.73,2.25,N
20.78693,85.2617,314.81,0.41,0.37,2026-09-08,2010,N20,VIIRS,n,2.0NRT,275.03,1.15,N
20.78628,85.26556,300.79,0.41,0.37,2026-09-08,2010,N20,VIIRS,n,2.0NRT,274.07,1.15,N
20.78421,85.25719,302.3,0.41,0.37,2026-09-08,2010,N20,VIIRS,n,2.0NRT,274.55,1.29,N
20.7608,85.29257,296.4,0.41,0.37,2026-09-08,2010,N20,VIIRS,n,2.0NRT,270.87,0.43,N
20.76014,85.29642,306.47,0.41,0.37,2026-09-08,2010,N20,VIIRS,n,2.0NRT,271.26,1.25,N
21.18682,81.38802,299.66,0.42,0.37,2026-09-08,2010,N20,VIIRS,n,2.0NRT,272.29,0.88,N
21.17996,81.38689,300.91,0.42,0.37,2026-09-08,2010,N20,VIIRS,n,2.0NRT,270.78,1.7,N
21.33642,78.96896,320.39,0.54,0.42,2026-09-08,2010,N20,VIIRS,n,2.0NRT,290.76,3.29,N
21.25031,79.2098,308.71,0.52,0.42,2026-09-08,2010,N20,VIIRS,n,2.0NRT,291.66,1.27,N
21.24456,79.22421,309.79,0.52,0.41,2026-09-08,2010,N20,VIIRS,n,2.0NRT,291.66,2.17,N
21.83345,72.65038,314.23,0.45,0.63,2026-09-08,2010,N20,VIIRS,n,2.0NRT,290.82,1.46,N
21.8341,72.64875,313.92,0.45,0.63,2026-09-08,2010,N20,VIIRS,n,2.0NRT,290.71,1.56,N
20.69721,78.63435,313.44,0.55,0.43,2026-09-08,2010,N20,VIIRS,n,2.0NRT,291.11,2.24,N
19.92167,79.1118,304.22,0.51,0.41,2026-09-08,2010,N20,VIIRS,n,2.0NRT,285.09,0.75,N
19.10387,82.16415,314.83,0.39,0.36,2026-09-08,2010,N20,VIIRS,n,2.0NRT,284.16,0.71,N
19.10331,82.16782,309.92,0.39,0.36,2026-09-08,2010,N20,VIIRS,n,2.0NRT,285.67,1.44,N
19.09999,82.16727,318.82,0.39,0.36,2026-09-08,2010,N20,VIIRS,n,2.0NRT,284.34,1.27,N
19.09667,82.1667,302.7,0.39,0.36,2026-09-08,2010,N20,VIIRS,n,2.0NRT,283.88,1.27,N
19.09279,82.16982,302.02,0.39,0.36,2026-09-08,2010,N20,VIIRS,n,2.0NRT,284.31,0.5,N
18.54178,83.34262,305.31,0.39,0.36,2026-09-08,2010,N20,VIIRS,n,2.0NRT,285.37,0.75,N
18.72217,79.53808,307.87,0.47,0.4,2026-09-08,2010,N20,VIIRS,n,2.0NRT,290.3,1.23,N
18.71854,79.5375,309.46,0.47,0.4,2026-09-08,2010,N20,VIIRS,n,2.0NRT,290.28,1.23,N
17.62334,83.19441,298.11,0.39,0.36,2026-09-08,2010,N20,VIIRS,n,2.0NRT,273.46,0.41,N
17.6117,83.20351,310,0.39,0.36,2026-09-08,2010,N20,VIIRS,n,2.0NRT,271.54,0.66,N
17.6084,83.20293,299.37,0.39,0.36,2026-09-08,2010,N20,VIIRS,n,2.0NRT,271.82,0.66,N
17.60461,83.20285,298.35,0.39,0.36,2026-09-08,2010,N20,VIIRS,n,2.0NRT,271.1,0.83,N
17.95742,80.78911,310.6,0.41,0.37,2026-09-08,2010,N20,VIIRS,n,2.0NRT,293.95,1.46,N
17.95685,80.79299,309.43,0.41,0.37,2026-09-08,2010,N20,VIIRS,n,2.0NRT,293.77,1.46,N
17.95627,80.79686,314.13,0.41,0.37,2026-09-08,2010,N20,VIIRS,n,2.0NRT,294,2.2,N
18.69419,73.03756,303.46,0.39,0.59,2026-09-08,2010,N20,VIIRS,n,2.0NRT,290.9,1.35,N
18.70609,72.87003,306.87,0.4,0.6,2026-09-08,2010,N20,VIIRS,n,2.0NRT,290.83,2.65,N
17.46311,80.65279,315.81,0.41,0.37,2026-09-08,2010,N20,VIIRS,n,2.0NRT,292.11,1.91,N
16.8707,80.02052,308.39,0.43,0.38,2026-09-08,2010,N20,VIIRS,n,2.0NRT,292.92,2.42,N
17.14211,77.18411,305.74,0.4,0.44,2026-09-08,2010,N20,VIIRS,n,2.0NRT,288.59,1.05,N
17.13901,77.17599,307.6,0.4,0.44,2026-09-08,2010,N20,VIIRS,n,2.0NRT,289.04,1.45,N
19.96512,79.33562,310.64,0.5,0.41,2026-09-08,2010,N20,VIIRS,n,2.0NRT,282.09,1.12,N
23.71885,85.00939,309.48,0.39,0.36,2026-09-08,2010,N20,VIIRS,n,2.0NRT,287.85,1.3,N
23.66994,84.9961,304.14,0.39,0.36,2026-09-08,2010,N20,VIIRS,n,2.0NRT,289.02,1.62,N
24.76466,74.60454,305.12,0.37,0.58,2026-09-08,2010,N20,VIIRS,n,2.0NRT,291.58,1.05,N
24.66136,74.63292,303.18,0.36,0.58,2026-09-08,2010,N20,VIIRS,n,2.0NRT,292.19,1.46,N
23.16793,82.34064,303.45,0.4,0.37,2026-09-08,2010,N20,VIIRS,n,2.0NRT,268.48,0.76,N
23.16735,82.34455,299.26,0.4,0.37,2026-09-08,2010,N20,VIIRS,n,2.0NRT,269.34,0.76,N
23.16513,82.33613,299.78,0.4,0.37,2026-09-08,2010,N20,VIIRS,n,2.0NRT,265,0.41,N
23.16456,82.34003,305.45,0.4,0.37,2026-09-08,2010,N20,VIIRS,n,2.0NRT,267.81,0.76,N
22.21299,84.86617,310.66,0.39,0.36,2026-09-08,2010,N20,VIIRS,n,2.0NRT,283.95,1.82,N
22.21029,84.86179,303.09,0.39,0.36,2026-09-08,2010,N20,VIIRS,n,2.0NRT,284.7,1.32,N
22.3306,82.605,315.24,0.39,0.37,2026-09-08,2010,N20,VIIRS,n,2.0NRT,282.69,1.91,N
22.32287,82.58804,309.51,0.4,0.37,2026-09-08,2010,N20,VIIRS,n,2.0NRT,279.82,1.07,N
22.35846,82.30285,320.05,0.4,0.37,2026-09-08,2010,N20,VIIRS,n,2.0NRT,273.84,2.29,N
22.32247,82.54494,295.52,0.4,0.37,2026-09-08,2010,N20,VIIRS,n,2.0NRT,270.08,0.38,N
22.31961,82.56403,303.78,0.4,0.37,2026-09-08,2010,N20,VIIRS,n,2.0NRT,269.13,0.54,N
22.31904,82.56783,298.41,0.4,0.37,2026-09-08,2010,N20,VIIRS,n,2.0NRT,271.07,0.54,N
22.31684,82.55962,298.45,0.4,0.37,2026-09-08,2010,N20,VIIRS,n,2.0NRT,269.52,0.55,N
22.0398,83.35128,297.42,0.39,0.36,2026-09-08,2010,N20,VIIRS,n,2.0NRT,265.89,0.49,N
21.92429,83.35045,310.94,0.39,0.36,2026-09-08,2010,N20,VIIRS,n,2.0NRT,278.51,1.56,N
21.92099,83.34985,323.22,0.39,0.36,2026-09-08,2010,N20,VIIRS,n,2.0NRT,281.33,1.62,N
21.92041,83.35355,307.03,0.39,0.36,2026-09-08,2010,N20,VIIRS,n,2.0NRT,280.53,1.62,N
21.87877,83.55486,303.39,0.38,0.36,2026-09-08,2010,N20,VIIRS,n,2.0NRT,276.02,0.76,N
22.00491,82.67097,303.36,0.39,0.36,2026-09-08,2010,N20,VIIRS,n,2.0NRT,271.26,1.16,N
21.76467,83.84873,311.56,0.38,0.36,2026-09-08,2010,N20,VIIRS,n,2.0NRT,275.64,1.3,N
21.76138,83.84814,307.35,0.38,0.36,2026-09-08,2010,N20,VIIRS,n,2.0NRT,275.36,1.13,N
21.75868,83.84386,301.99,0.38,0.36,2026-09-08,2010,N20,VIIRS,n,2.0NRT,275.4,1.13,N
21.75538,83.84325,318.48,0.38,0.36,2026-09-08,2010,N20,VIIRS,n,2.0NRT,274.6,1.24,N
21.75209,83.84266,297.53,0.38,0.36,2026-09-08,2010,N20,VIIRS,n,2.0NRT,272.22,1.24,N
21.74834,83.84244,335.56,0.38,0.36,2026-09-08,2010,N20,VIIRS,n,2.0NRT,270.63,3.24,N
21.74505,83.84184,307.07,0.38,0.36,2026-09-08,2010,N20,VIIRS,n,2.0NRT,270.06,3.24,N
21.74176,83.84124,300.66,0.38,0.36,2026-09-08,2010,N20,VIIRS,n,2.0NRT,269.72,1.19,N
21.68255,84.04268,299.34,0.38,0.36,2026-09-08,2010,N20,VIIRS,n,2.0NRT,274.02,0.54,N
21.67985,84.03839,306.27,0.38,0.36,2026-09-08,2010,N20,VIIRS,n,2.0NRT,271.47,0.6,N
21.67267,84.04087,298.16,0.38,0.36,2026-09-08,2010,N20,VIIRS,n,2.0NRT,275.63,0.44,N
21.73041,82.21562,298.77,0.4,0.37,2026-09-08,2010,N20,VIIRS,n,2.0NRT,277.94,0.35,N
21.67297,82.07998,305.47,0.4,0.37,2026-09-08,2010,N20,VIIRS,n,2.0NRT,287.93,0.69,N
20.97263,86.00419,296.7,0.43,0.38,2026-09-08,2010,N20,VIIRS,n,2.0NRT,269.81,0.69,N
20.9698,86.02042,297.32,0.43,0.38,2026-09-08,2010,N20,VIIRS,n,2.0NRT,272.2,0.5,N
20.96484,86.04884,299.02,0.43,0.38,2026-09-08,2010,N20,VIIRS,n,2.0NRT,276,0.66,N
20.96777,86.01161,313.83,0.43,0.38,2026-09-08,2010,N20,VIIRS,n,2.0NRT,272.21,1.82,N
20.96503,86.00687,307.22,0.43,0.38,2026-09-08,2010,N20,VIIRS,n,2.0NRT,272.75,1.58,N
20.95103,86.04613,306.89,0.43,0.38,2026-09-08,2010,N20,VIIRS,n,2.0NRT,271.69,0.63,N
21.08109,85.03587,297.14,0.4,0.37,2026-09-08,2010,N20,VIIRS,n,2.0NRT,271.3,0.78,N
21.07711,85.03904,299,0.4,0.37,2026-09-08,2010,N20,VIIRS,n,2.0NRT,271.88,1.76,N
21.07584,85.04662,295.58,0.4,0.37,2026-09-08,2010,N20,VIIRS,n,2.0NRT,269.85,0.83,N
21.56038,81.7552,305,0.41,0.37,2026-09-08,2010,N20,VIIRS,n,2.0NRT,286.1,0.64,N
20.97726,85.17011,310.14,0.4,0.37,2026-09-08,2010,N20,VIIRS,n,2.0NRT,273.98,0.8,N
20.97662,85.17394,297.49,0.4,0.37,2026-09-08,2010,N20,VIIRS,n,2.0NRT,272.51,0.8,N
20.97964,85.13502,301.67,0.4,0.37,2026-09-08,2010,N20,VIIRS,n,2.0NRT,271.52,1.33,N
20.97263,85.17712,298.89,0.4,0.37,2026-09-08,2010,N20,VIIRS,n,2.0NRT,272.6,1.21,N
20.96991,85.17265,322.79,0.4,0.37,2026-09-08,2010,N20,VIIRS,n,2.0NRT,276.18,2.74,N
20.96927,85.17648,313.08,0.4,0.37,2026-09-08,2010,N20,VIIRS,n,2.0NRT,275.3,1.21,N
20.96398,85.18736,323.58,0.4,0.37,2026-09-08,2010,N20,VIIRS,n,2.0NRT,275.41,2.05,N
20.96974,85.15288,319.68,0.4,0.37,2026-09-08,2010,N20,VIIRS,n,2.0NRT,278.68,2.62,N
20.96718,85.16818,302.47,0.4,0.37,2026-09-08,2010,N20,VIIRS,n,2.0NRT,276.44,1.04,N
20.96462,85.1835,307.45,0.4,0.37,2026-09-08,2010,N20,VIIRS,n,2.0NRT,275.53,2.05,N
20.96383,85.16753,309.99,0.4,0.37,2026-09-08,2010,N20,VIIRS,n,2.0NRT,277.56,1.04,N
20.96319,85.17136,310.75,0.4,0.37,2026-09-08,2010,N20,VIIRS,n,2.0NRT,276.72,1.04,N
21.48824,81.76783,307,0.41,0.37,2026-09-08,2010,N20,VIIRS,n,2.0NRT,287.59,0.84,N
20.8662,84.99608,298.96,0.4,0.37,2026-09-08,2010,N20,VIIRS,n,2.0NRT,272.69,1.64,N
20.86412,84.98782,311.09,0.4,0.37,2026-09-08,2010,N20,VIIRS,n,2.0NRT,271.7,1.13,N
17.06564,76.97866,306.96,0.41,0.45,2026-09-08,2012,N20,VIIRS,n,2.0NRT,288.14,1.1,N
15.30919,76.2511,302.1,0.44,0.46,2026-09-08,2012,N20,VIIRS,n,2.0NRT,288.26,0.56,N
15.22534,76.75986,305.51,0.4,0.45,2026-09-08,2012,N20,VIIRS,n,2.0NRT,289.79,0.8,N
15.22484,76.76362,311.23,0.4,0.45,2026-09-08,2012,N20,VIIRS,n,2.0NRT,290.36,1.41,N
15.18449,76.66625,305.53,0.41,0.45,2026-09-08,2012,N20,VIIRS,n,2.0NRT,288.45,0.7,N
15.18346,76.64287,306.98,0.41,0.45,2026-09-08,2012,N20,VIIRS,n,2.0NRT,290.63,1.02,N
15.17884,76.67707,315.93,0.41,0.45,2026-09-08,2012,N20,VIIRS,n,2.0NRT,285.51,0.87,N
15.1778,76.65374,319.44,0.41,0.45,2026-09-08,2012,N20,VIIRS,n,2.0NRT,291.02,3.01,N
15.17729,76.65754,319.56,0.41,0.45,2026-09-08,2012,N20,VIIRS,n,2.0NRT,291.39,3.3,N
15.17472,76.67653,302.55,0.41,0.45,2026-09-08,2012,N20,VIIRS,n,2.0NRT,286.93,0.87,N
15.17266,76.69178,307.8,0.41,0.45,2026-09-08,2012,N20,VIIRS,n,2.0NRT,289.97,1.28,N
13.71046,79.61947,308.81,0.42,0.38,2026-09-08,2012,N20,VIIRS,n,2.0NRT,294.03,3.52,N
13.44663,80.09742,304.01,0.4,0.37,2026-09-08,2012,N20,VIIRS,n,2.0NRT,285.76,0.57,N
13.39299,80.10088,307.33,0.4,0.37,2026-09-08,2012,N20,VIIRS,n,2.0NRT,291.23,1.63,N
13.49294,78.53581,309.71,0.46,0.39,2026-09-08,2012,N20,VIIRS,n,2.0NRT,292.43,3.01,N
12.69391,76.40387,302.13,0.39,0.44,2026-09-08,2012,N20,VIIRS,n,2.0NRT,288.6,0.38,N
12.29816,79.09348,315.74,0.43,0.38,2026-09-08,2012,N20,VIIRS,n,2.0NRT,292.92,0.8,N
11.18397,79.10142,308.84,0.42,0.38,2026-09-08,2012,N20,VIIRS,n,2.0NRT,295.67,0.75,N
11.17587,79.0892,311.36,0.42,0.38,2026-09-08,2012,N20,VIIRS,n,2.0NRT,296.37,1.18,N
10.93019,77.06474,304.11,0.51,0.41,2026-09-08,2012,N20,VIIRS,n,2.0NRT,291.26,0.77,N
10.93062,77.0621,309.18,0.51,0.41,2026-09-08,2012,N20,VIIRS,n,2.0NRT,291.59,0.69,N
10.39337,79.30788,325.49,0.41,0.37,2026-09-08,2014,N20,VIIRS,n,2.0NRT,294.98,3.02,N
10.61581,77.41911,307.17,0.49,0.4,2026-09-08,2014,N20,VIIRS,n,2.0NRT,293.19,0.74,N
10.44144,77.51208,304.24,0.48,0.4,2026-09-08,2014,N20,VIIRS,n,2.0NRT,292.54,0.4,N
10.44217,77.50991,304.78,0.48,0.4,2026-09-08,2014,N20,VIIRS,n,2.0NRT,291.39,0.98,N
10.26525,77.25865,314.25,0.49,0.41,2026-09-08,2014,N20,VIIRS,n,2.0NRT,291.16,1.94,N
10.26284,77.26017,313.43,0.49,0.4,2026-09-08,2014,N20,VIIRS,n,2.0NRT,291.21,1.97,N
9.93341,78.31886,311.34,0.44,0.38,2026-09-08,2014,N20,VIIRS,n,2.0NRT,295.43,0.74,N
26.25705,74.09361,302.25,0.68,0.74,2026-09-08,2150,N20,VIIRS,n,2.0NRT,291.98,1.01,N
9.47193,78.64805,330.47,0.67,0.74,2026-09-09,0720,N20,VIIRS,n,2.0NRT,293.78,3.7,D
17.32554,80.95416,326.41,0.33,0.55,2026-09-09,0720,N20,VIIRS,n,2.0NRT,283.61,1.91,D
22.37596,87.27834,330.26,0.39,0.37,2026-09-09,0722,N20,VIIRS,n,2.0NRT,290.61,4.77,D
23.55772,87.24059,334.66,0.39,0.36,2026-09-09,0722,N20,VIIRS,n,2.0NRT,294.07,3.12,D
23.66389,87.15851,335.58,0.39,0.36,2026-09-09,0722,N20,VIIRS,n,2.0NRT,296.65,3.13,D
23.66329,87.15471,339.78,0.39,0.36,2026-09-09,0722,N20,VIIRS,n,2.0NRT,298.1,3.13,D
23.71214,86.45125,334.91,0.4,0.37,2026-09-09,0722,N20,VIIRS,n,2.0NRT,293.46,4.66,D
23.69552,86.07839,332.85,0.41,0.37,2026-09-09,0722,N20,VIIRS,n,2.0NRT,288.71,4.86,D
27.87007,96.91795,332.8,0.35,0.57,2026-09-09,0724,N20,VIIRS,n,2.0NRT,291.81,2.58,D
27.8131,96.25957,331.39,0.32,0.54,2026-09-09,0724,N20,VIIRS,n,2.0NRT,292.33,1.89,D
27.79294,95.92587,331.25,0.61,0.53,2026-09-09,0724,N20,VIIRS,n,2.0NRT,290.81,2.87,D
28.01411,96.66708,343.3,0.34,0.56,2026-09-09,0724,N20,VIIRS,n,2.0NRT,289.66,16.74,D
28.01386,96.66398,347.14,0.34,0.56,2026-09-09,0724,N20,VIIRS,n,2.0NRT,293.99,26.78,D
8.57372,77.98917,331.16,0.54,0.68,2026-09-09,0858,N20,VIIRS,n,2.0NRT,296.92,3.84,D
10.26125,77.2512,343.81,0.51,0.66,2026-09-09,0900,N20,VIIRS,n,2.0NRT,291.15,8.37,D
10.2598,77.24826,338.31,0.51,0.66,2026-09-09,0900,N20,VIIRS,n,2.0NRT,290.79,12.19,D
11.887,79.09763,330.92,0.71,0.75,2026-09-09,0900,N20,VIIRS,n,2.0NRT,286.32,5.58,D
10.26048,77.25365,354.28,0.51,0.66,2026-09-09,0900,N20,VIIRS,n,2.0NRT,292.57,13.54,D
21.10297,72.63546,337.29,0.34,0.56,2026-09-09,0902,N20,VIIRS,n,2.0NRT,296.31,5.69,D
21.09483,72.71045,333.02,0.35,0.56,2026-09-09,0902,N20,VIIRS,n,2.0NRT,294.12,4.33,D
21.10433,72.64874,367,0.34,0.56,2026-09-09,0902,N20,VIIRS,h,2.0NRT,296.65,5.53,D
21.10399,72.64542,347.36,0.34,0.56,2026-09-09,0902,N20,VIIRS,n,2.0NRT,296.82,5.53,D
21.10332,72.63878,344.58,0.34,0.56,2026-09-09,0902,N20,VIIRS,n,2.0NRT,295.76,6.15,D
22.92891,70.10848,342.86,0.5,0.49,2026-09-09,0905,N20,VIIRS,n,2.0NRT,299.5,9.89,D
23.25118,69.74844,337.69,0.48,0.48,2026-09-09,0905,N20,VIIRS,n,2.0NRT,300.28,5.35,D
29.47817,76.84901,307.31,0.58,0.7,2026-09-09,1947,N20,VIIRS,n,2.0NRT,293.18,2.2,N
28.37615,77.22385,305.49,0.54,0.68,2026-09-09,1949,N20,VIIRS,n,2.0NRT,291.2,0.96,N
23.99023,79.39095,301.69,0.36,0.57,2026-09-09,1949,N20,VIIRS,n,2.0NRT,283.37,0.3,N
20.99685,86.01331,303.62,0.42,0.38,2026-09-09,1949,N20,VIIRS,n,2.0NRT,280.32,0.96,N
20.96932,86.00875,300.72,0.42,0.38,2026-09-09,1949,N20,VIIRS,n,2.0NRT,277.75,1.45,N
20.96874,86.01279,315.07,0.42,0.38,2026-09-09,1949,N20,VIIRS,n,2.0NRT,279.98,1.45,N
20.96356,86.04891,305.05,0.42,0.38,2026-09-09,1949,N20,VIIRS,n,2.0NRT,280.9,0.96,N
21.37871,81.67982,311.13,0.47,0.48,2026-09-09,1949,N20,VIIRS,n,2.0NRT,286.67,1.83,N
21.37868,81.6424,304.14,0.48,0.48,2026-09-09,1949,N20,VIIRS,n,2.0NRT,285.05,1.57,N
15.17564,76.65512,307.47,0.42,0.61,2026-09-09,1951,N20,VIIRS,n,2.0NRT,279.4,2.56,N
21.33862,78.9693,299.34,0.35,0.57,2026-09-09,1951,N20,VIIRS,n,2.0NRT,266.67,0.51,N
21.24455,79.22285,301.52,0.34,0.56,2026-09-09,1951,N20,VIIRS,n,2.0NRT,274.31,0.6,N
21.24932,79.21028,297.66,0.34,0.56,2026-09-09,1951,N20,VIIRS,n,2.0NRT,275.05,0.2,N
21.24792,79.22346,297.36,0.34,0.56,2026-09-09,1951,N20,VIIRS,n,2.0NRT,274.15,0.17,N
19.93735,73.71233,297.17,0.75,0.77,2026-09-09,1951,N20,VIIRS,n,2.0NRT,278.14,1.53,N
17.60981,83.20297,303.16,0.52,0.41,2026-09-09,1951,N20,VIIRS,n,2.0NRT,272.4,1.45,N
17.49954,78.72286,313.78,0.33,0.55,2026-09-09,1951,N20,VIIRS,n,2.0NRT,286.31,0.85,N
15.22659,76.76077,300.97,0.42,0.61,2026-09-09,1951,N20,VIIRS,n,2.0NRT,279.93,0.86,N
15.18477,76.67609,310.65,0.42,0.61,2026-09-09,1951,N20,VIIRS,n,2.0NRT,285.1,1.82,N
15.17955,76.67152,308.25,0.42,0.61,2026-09-09,1951,N20,VIIRS,n,2.0NRT,284.81,2.83,N
15.13567,76.70631,298.6,0.42,0.61,2026-09-09,1951,N20,VIIRS,n,2.0NRT,277.9,0.76,N
15.07439,76.86469,298.28,0.41,0.6,2026-09-09,1951,N20,VIIRS,n,2.0NRT,278.14,0.77,N
11.47639,77.5037,303.98,0.33,0.55,2026-09-09,1953,N20,VIIRS,n,2.0NRT,274.72,0.7,N
12.74513,77.61879,310.22,0.34,0.56,2026-09-09,1953,N20,VIIRS,n,2.0NRT,289.35,0.85,N
12.80645,77.43263,305.04,0.35,0.57,2026-09-09,1953,N20,VIIRS,n,2.0NRT,288.73,0.43,N
12.62527,79.79002,304.85,0.48,0.48,2026-09-09,1953,N20,VIIRS,n,2.0NRT,285.74,2.05,N
12.62486,79.78773,304.61,0.48,0.48,2026-09-09,1953,N20,VIIRS,n,2.0NRT,285.68,1.16,N
13.0127,77.39949,303.21,0.35,0.57,2026-09-09,1953,N20,VIIRS,n,2.0NRT,287.76,0.43,N
13.71126,79.61852,305.38,0.51,0.49,2026-09-09,1953,N20,VIIRS,n,2.0NRT,288.29,3.27,N
10.61573,77.41871,309.43,0.33,0.55,2026-09-09,1953,N20,VIIRS,n,2.0NRT,290.56,0.53,N
31.25961,76.92348,300.76,0.4,0.6,2026-09-09,2127,N20,VIIRS,n,2.0NRT,288.95,0.72,N
31.25256,76.9285,299.83,0.4,0.6,2026-09-09,2127,N20,VIIRS,n,2.0NRT,289,0.34,N
31.25094,76.9282,300.32,0.4,0.6,2026-09-09,2127,N20,VIIRS,n,2.0NRT,288.96,0.87,N
27.66761,76.12939,303.85,0.43,0.62,2026-09-09,2129,N20,VIIRS,n,2.0NRT,293.73,1.52,N
25.78568,73.69735,315.84,0.34,0.56,2026-09-09,2129,N20,VIIRS,n,2.0NRT,293.61,1.03,N
24.93298,74.63309,306.17,0.4,0.6,2026-09-09,2129,N20,VIIRS,n,2.0NRT,293.06,0.87,N
24.66161,74.63222,306.03,0.41,0.61,2026-09-09,2129,N20,VIIRS,n,2.0NRT,293.89,1.63,N
27.28864,73.83974,307.58,0.32,0.55,2026-09-09,2129,N20,VIIRS,n,2.0NRT,296.63,0.95,N
24.82284,73.09332,306.89,0.33,0.55,2026-09-09,2129,N20,VIIRS,n,2.0NRT,294.65,0.87,N
24.69181,73.00176,308.93,0.32,0.55,2026-09-09,2129,N20,VIIRS,n,2.0NRT,294.32,1.14,N
24.69116,73.00336,306.71,0.32,0.55,2026-09-09,2129,N20,VIIRS,n,2.0NRT,294.84,1.05,N
28.375,77.22592,306.16,0.48,0.65,2026-09-09,2129,N20,VIIRS,n,2.0NRT,291.7,1.28,N
26.26084,74.09544,313.45,0.35,0.57,2026-09-09,2129,N20,VIIRS,n,2.0NRT,295.11,1.05,N
20.90852,71.45917,306.78,0.62,0.54,2026-09-09,2131,N20,VIIRS,n,2.0NRT,291.93,1.48,N
22.26427,75.13316,304.21,0.5,0.66,2026-09-09,2131,N20,VIIRS,n,2.0NRT,289.93,0.98,N
22.92588,69.82298,306.27,0.45,0.47,2026-09-09,2131,N20,VIIRS,n,2.0NRT,294.35,0.97,N
22.93342,69.69579,315.65,0.44,0.46,2026-09-09,2131,N20,VIIRS,n,2.0NRT,293.92,1.34,N
22.93258,69.69999,306.61,0.44,0.46,2026-09-09,2131,N20,VIIRS,n,2.0NRT,293.92,1.34,N
22.33153,69.74809,305.56,0.45,0.47,2026-09-09,2131,N20,VIIRS,n,2.0NRT,294.37,1.91,N
22.41794,69.03831,307.91,0.41,0.45,2026-09-09,2131,N20,VIIRS,n,2.0NRT,293.17,2.54,N
21.86034,71.68641,309.26,0.61,0.54,2026-09-09,2131,N20,VIIRS,n,2.0NRT,291.18,1.48,N
21.10844,72.64442,346.9,0.37,0.58,2026-09-09,2131,N20,VIIRS,n,2.0NRT,292.37,4.87,N
21.11067,72.63412,307.26,0.36,0.58,2026-09-09,2131,N20,VIIRS,n,2.0NRT,292.4,3.42,N
21.10993,72.63754,307.33,0.36,0.58,2026-09-09,2131,N20,VIIRS,n,2.0NRT,292.33,4.92,N
21.10769,72.64785,315.59,0.37,0.58,2026-09-09,2131,N20,VIIRS,n,2.0NRT,293.12,4.87,N
21.10473,72.63625,335.79,0.36,0.58,2026-09-09,2131,N20,VIIRS,n,2.0NRT,292.5,5.36,N
18.55977,74.38993,296.02,0.53,0.67,2026-09-09,2131,N20,VIIRS,n,2.0NRT,279.21,0.42,N
18.85809,72.92795,314.02,0.42,0.61,2026-09-09,2131,N20,VIIRS,n,2.0NRT,270.03,1.22,N
12.98642,74.85329,326.26,0.74,0.76,2026-09-09,2133,N20,VIIRS,n,2.0NRT,287.46,4.91,N
12.98743,74.85194,323.57,0.74,0.76,2026-09-09,2133,N20,VIIRS,n,2.0NRT,287.71,5.75,N
26.92147,93.17307,329.62,0.39,0.36,2026-09-10,0703,N20,VIIRS,n,2.0NRT,296.46,2.09,D
28.27603,95.6991,327.3,0.48,0.4,2026-09-10,0703,N20,VIIRS,l,2.0NRT,301.48,3.43,D
8.61399,78.09605,333.34,0.52,0.5,2026-09-10,0839,N20,VIIRS,n,2.0NRT,301.73,5.7,D
8.60551,77.96375,330.43,0.51,0.49,2026-09-10,0839,N20,VIIRS,n,2.0NRT,295.45,1.71,D
8.68469,78.10103,332.46,0.52,0.5,2026-09-10,0839,N20,VIIRS,n,2.0NRT,300.08,5.45,D
10.10305,78.58281,332.84,0.59,0.53,2026-09-10,0839,N20,VIIRS,n,2.0NRT,274.92,3.91,D
14.33404,76.23808,337.78,0.47,0.48,2026-09-10,0841,N20,VIIRS,n,2.0NRT,299.04,4.97,D
14.72555,75.63626,331.57,0.44,0.46,2026-09-10,0841,N20,VIIRS,n,2.0NRT,295.04,2.03,D
14.72512,75.63232,336.8,0.44,0.46,2026-09-10,0841,N20,VIIRS,n,2.0NRT,297.36,3.62,D
15.20596,75.79608,338.88,0.45,0.47,2026-09-10,0841,N20,VIIRS,n,2.0NRT,304.43,4.8,D
16.8078,74.64398,334.11,0.4,0.44,2026-09-10,0841,N20,VIIRS,n,2.0NRT,300.79,1.81,D
21.16922,72.64999,332.16,0.52,0.42,2026-09-10,0843,N20,VIIRS,n,2.0NRT,298.2,2.23,D
22.80522,71.07373,337.05,0.46,0.39,2026-09-10,0843,N20,VIIRS,n,2.0NRT,303.58,4.52,D
22.81121,71.06378,341.39,0.46,0.39,2026-09-10,0843,N20,VIIRS,n,2.0NRT,303.23,3.53,D
22.79973,70.89507,332.33,0.45,0.39,2026-09-10,0843,N20,VIIRS,l,2.0NRT,305.46,2.55,D
22.9271,70.10993,334.08,0.42,0.38,2026-09-10,0843,N20,VIIRS,n,2.0NRT,302.93,5.37,D
22.92653,70.10585,335.81,0.42,0.38,2026-09-10,0843,N20,VIIRS,l,2.0NRT,309.08,5.37,D
22.93326,69.70196,337.36,0.41,0.37,2026-09-10,0843,N20,VIIRS,n,2.0NRT,305.4,3.3,D
22.9327,69.698,337.35,0.41,0.37,2026-09-10,0843,N20,VIIRS,n,2.0NRT,305.31,2.86,D
23.02738,69.00545,342.36,0.39,0.37,2026-09-10,0843,N20,VIIRS,n,2.0NRT,299.98,3.39,D
23.07964,69.34841,334.04,0.4,0.37,2026-09-10,0843,N20,VIIRS,n,2.0NRT,302.33,2.63,D
23.083,69.34785,335.99,0.4,0.37,2026-09-10,0843,N20,VIIRS,n,2.0NRT,303.44,2.63,D
23.22842,69.8389,340.07,0.42,0.37,2026-09-10,0843,N20,VIIRS,n,2.0NRT,308.94,6.05,D
23.22786,69.83487,348.48,0.42,0.37,2026-09-10,0843,N20,VIIRS,n,2.0NRT,310.33,6.05,D
23.23128,69.83433,344.66,0.42,0.37,2026-09-10,0843,N20,VIIRS,n,2.0NRT,309.89,8.75,D
23.79187,71.8854,330.07,0.51,0.41,2026-09-10,0843,N20,VIIRS,l,2.0NRT,302.84,2.4,D
24.68862,73.0032,330.72,0.4,0.44,2026-09-10,0843,N20,VIIRS,l,2.0NRT,304.92,3.53,D
24.90682,73.67176,339.17,0.44,0.46,2026-09-10,0843,N20,VIIRS,n,2.0NRT,298.32,5.84,D
21.10742,72.64577,336.19,0.52,0.42,2026-09-10,0843,N20,VIIRS,n,2.0NRT,302.54,7.74,D
21.10231,72.63628,338.06,0.52,0.42,2026-09-10,0843,N20,VIIRS,n,2.0NRT,303.09,36.95,D
21.1036,72.64632,343.04,0.52,0.42,2026-09-10,0843,N20,VIIRS,n,2.0NRT,304.24,25.24,D
18.4602,78.97506,329.33,0.4,0.6,2026-09-10,0843,N20,VIIRS,n,2.0NRT,288.37,2.77,D
31.12585,74.64738,333.04,0.6,0.53,2026-09-10,0845,N20,VIIRS,n,2.0NRT,297.45,4.86,D
31.47265,74.99766,332.46,0.32,0.54,2026-09-10,0845,N20,VIIRS,n,2.0NRT,296.46,2.21,D
26.07046,71.25757,341.24,0.51,0.41,2026-09-10,0845,N20,VIIRS,l,2.0NRT,311.82,7.05,D
27.72977,71.66293,340.22,0.55,0.43,2026-09-10,0845,N20,VIIRS,l,2.0NRT,312.89,1.52,D
29.89778,77.03768,331.47,0.41,0.6,2026-09-10,0845,N20,VIIRS,n,2.0NRT,295.96,2.28,D
31.11552,74.6421,342.94,0.6,0.53,2026-09-10,0845,N20,VIIRS,n,2.0NRT,298.83,13.36,D
27.60643,95.40037,309.12,0.39,0.36,2026-09-10,1930,N20,VIIRS,n,2.0NRT,293.04,1.59,N
27.39723,96.00844,305.61,0.39,0.37,2026-09-10,1930,N20,VIIRS,n,2.0NRT,292.47,0.93,N
27.47022,95.42136,312.12,0.39,0.36,2026-09-10,1930,N20,VIIRS,n,2.0NRT,294.39,1.53,N
27.37854,95.33508,333.1,0.39,0.36,2026-09-10,1930,N20,VIIRS,n,2.0NRT,293.98,3.06,N
27.32681,95.2766,311.4,0.39,0.36,2026-09-10,1930,N20,VIIRS,n,2.0NRT,293.85,1.43,N
20.97146,86.01878,298.63,0.5,0.49,2026-09-10,1932,N20,VIIRS,n,2.0NRT,275.76,1.2,N
20.99956,86.01295,304.3,0.5,0.49,2026-09-10,1932,N20,VIIRS,n,2.0NRT,280.59,1.92,N
20.96752,86.01344,298.72,0.5,0.49,2026-09-10,1932,N20,VIIRS,n,2.0NRT,274.47,1.43,N
20.95017,86.0451,302.54,0.5,0.49,2026-09-10,1932,N20,VIIRS,n,2.0NRT,277.61,1.23,N
20.94963,86.04981,297.88,0.5,0.49,2026-09-10,1932,N20,VIIRS,n,2.0NRT,276.81,1.23,N
20.88994,84.97826,311.97,0.58,0.52,2026-09-10,1932,N20,VIIRS,n,2.0NRT,279.97,2.49,N
20.88932,84.9838,299.61,0.58,0.52,2026-09-10,1932,N20,VIIRS,n,2.0NRT,280.03,2.49,N
31.25094,76.92757,303.63,0.43,0.46,2026-09-10,2110,N20,VIIRS,n,2.0NRT,289.38,0.69,N
31.24872,76.9283,300.71,0.43,0.46,2026-09-10,2110,N20,VIIRS,n,2.0NRT,288.71,0.49,N
29.47522,76.85872,322.3,0.46,0.47,2026-09-10,2110,N20,VIIRS,n,2.0NRT,294.32,2.81,N
28.84376,77.13341,304.98,0.49,0.48,2026-09-10,2110,N20,VIIRS,n,2.0NRT,291.73,1.63,N
28.74389,76.93573,305.77,0.48,0.48,2026-09-10,2110,N20,VIIRS,n,2.0NRT,292.63,1.42,N
27.66877,76.13097,310.29,0.45,0.47,2026-09-10,2110,N20,VIIRS,n,2.0NRT,296.66,2.23,N
27.66927,76.13263,307.81,0.45,0.47,2026-09-10,2110,N20,VIIRS,n,2.0NRT,296.18,2.39,N
31.25996,76.92593,307.3,0.43,0.46,2026-09-10,2110,N20,VIIRS,n,2.0NRT,290.47,1.04,N
26.8789,73.51496,309.26,0.5,0.41,2026-09-10,2112,N20,VIIRS,n,2.0NRT,296.21,1.44,N
26.2573,74.09551,309.13,0.55,0.43,2026-09-10,2112,N20,VIIRS,n,2.0NRT,295.83,1.64,N
24.68977,73.00391,310.3,0.51,0.41,2026-09-10,2112,N20,VIIRS,n,2.0NRT,294.12,2.15,N
23.31567,70.48885,306.92,0.42,0.37,2026-09-10,2112,N20,VIIRS,n,2.0NRT,293.12,1.34,N
23.2559,70.26224,313.5,0.41,0.37,2026-09-10,2112,N20,VIIRS,n,2.0NRT,295.47,1.47,N
23.49709,68.57849,312.81,0.38,0.36,2026-09-10,2112,N20,VIIRS,n,2.0NRT,297.08,2.04,N
23.43117,68.71278,309.24,0.39,0.36,2026-09-10,2112,N20,VIIRS,n,2.0NRT,296.58,1.18,N
23.12122,70.08503,313.11,0.41,0.37,2026-09-10,2112,N20,VIIRS,n,2.0NRT,294.47,0.76,N
22.93254,69.69623,319.87,0.4,0.37,2026-09-10,2112,N20,VIIRS,n,2.0NRT,294.78,3.25,N
22.85861,71.53593,307.48,0.46,0.39,2026-09-10,2112,N20,VIIRS,n,2.0NRT,294.55,0.55,N
22.65458,70.98026,306.64,0.44,0.38,2026-09-10,2112,N20,VIIRS,n,2.0NRT,294.65,1.48,N
22.33988,69.85332,310.47,0.41,0.37,2026-09-10,2112,N20,VIIRS,n,2.0NRT,295.68,1.4,N
22.33722,69.86897,310.44,0.41,0.37,2026-09-10,2112,N20,VIIRS,n,2.0NRT,295.77,2.14,N
24.93557,74.63524,307.33,0.41,0.45,2026-09-10,2112,N20,VIIRS,n,2.0NRT,294.76,1.33,N
24.66282,74.63158,302.49,0.42,0.45,2026-09-10,2112,N20,VIIRS,n,2.0NRT,289.75,0.82,N
24.66202,74.63566,306.54,0.42,0.45,2026-09-10,2112,N20,VIIRS,n,2.0NRT,291.29,1.54,N
24.82164,73.0924,308.66,0.52,0.41,2026-09-10,2112,N20,VIIRS,n,2.0NRT,294.76,1.75,N
15.30111,76.21935,301.99,0.4,0.6,2026-09-10,2114,N20,VIIRS,n,2.0NRT,284.63,1.21,N
21.69623,72.53899,311.09,0.54,0.42,2026-09-10,2114,N20,VIIRS,n,2.0NRT,290.94,2.84,N
21.69855,72.53758,307.63,0.54,0.42,2026-09-10,2114,N20,VIIRS,n,2.0NRT,290.86,2.08,N
21.10826,72.64479,316.08,0.56,0.43,2026-09-10,2114,N20,VIIRS,n,2.0NRT,288.13,5.36,N
21.10438,72.64396,335.61,0.56,0.43,2026-09-10,2114,N20,VIIRS,n,2.0NRT,288.79,5.83,N
21.10245,72.6326,324.26,0.56,0.43,2026-09-10,2114,N20,VIIRS,n,2.0NRT,280.81,3.69,N
21.10147,72.63786,322.73,0.56,0.43,2026-09-10,2114,N20,VIIRS,n,2.0NRT,284.76,5.83,N
20.90956,71.45985,300.13,0.49,0.4,2026-09-10,2114,N20,VIIRS,n,2.0NRT,269.35,0.64,N
20.86759,70.56311,307.89,0.44,0.39,2026-09-10,2114,N20,VIIRS,n,2.0NRT,294.24,1.17,N
20.73243,70.91508,314.11,0.46,0.39,2026-09-10,2114,N20,VIIRS,n,2.0NRT,292.62,1.96,N
20.35798,72.95138,307.87,0.4,0.44,2026-09-10,2114,N20,VIIRS,n,2.0NRT,288.66,1.33,N
19.9361,73.71054,317.94,0.45,0.47,2026-09-10,2114,N20,VIIRS,n,2.0NRT,272.58,2.16,N
19.93666,73.71227,315.76,0.45,0.47,2026-09-10,2114,N20,VIIRS,n,2.0NRT,271.93,1.81,N
18.69331,73.04116,308.79,0.43,0.46,2026-09-10,2114,N20,VIIRS,n,2.0NRT,288.84,1.57,N
18.68654,73.03146,312.02,0.43,0.46,2026-09-10,2114,N20,VIIRS,n,2.0NRT,289.99,1.44,N
15.30009,76.21957,301.61,0.4,0.6,2026-09-10,2114,N20,VIIRS,n,2.0NRT,284.87,0.87,N
15.57447,73.73875,311.35,0.54,0.51,2026-09-10,2114,N20,VIIRS,n,2.0NRT,283.4,2.7,N
15.57492,73.74188,315.31,0.54,0.51,2026-09-10,2114,N20,VIIRS,n,2.0NRT,283.63,2.12,N
27.27851,95.99042,336.31,0.39,0.36,2026-09-11,0646,N20,VIIRS,n,2.0NRT,296.29,3.34,D
27.37772,95.33569,343.83,0.4,0.37,2026-09-11,0646,N20,VIIRS,n,2.0NRT,297.92,4.53,D
27.75623,96.04014,331.85,0.39,0.36,2026-09-11,0646,N20,VIIRS,n,2.0NRT,298.19,5.86,D
27.8035,96.14668,346.47,0.39,0.36,2026-09-11,0646,N20,VIIRS,n,2.0NRT,299.22,7.18,D
27.77445,95.87613,334.26,0.39,0.36,2026-09-11,0646,N20,VIIRS,n,2.0NRT,297.35,4.24,D
27.8469,96.03409,330.87,0.39,0.36,2026-09-11,0646,N20,VIIRS,n,2.0NRT,296.71,1.88,D
27.90476,96.27088,332.09,0.38,0.36,2026-09-11,0646,N20,VIIRS,n,2.0NRT,297.42,1.92,D
27.93696,96.21665,333.21,0.38,0.36,2026-09-11,0646,N20,VIIRS,n,2.0NRT,297.71,2.42,D
28.00809,96.65685,335.82,0.38,0.36,2026-09-11,0646,N20,VIIRS,n,2.0NRT,295.86,12.54,D
28.00937,96.62089,340.59,0.38,0.36,2026-09-11,0646,N20,VIIRS,n,2.0NRT,294.04,5.96,D
28.02064,96.65052,334.43,0.38,0.36,2026-09-11,0646,N20,VIIRS,n,2.0NRT,295.12,3.29,D
28.11945,95.83972,331.04,0.39,0.36,2026-09-11,0646,N20,VIIRS,n,2.0NRT,297.65,1.87,D
8.80927,77.32291,330.2,0.4,0.37,2026-09-11,0822,N20,VIIRS,l,2.0NRT,300.25,2.12,D
11.22632,77.5583,334.39,0.42,0.38,2026-09-11,0822,N20,VIIRS,n,2.0NRT,275.19,3.74,D
9.26976,77.5975,338.72,0.41,0.37,2026-09-11,0822,N20,VIIRS,n,2.0NRT,298.04,3.9,D
9.0654,77.35426,330.11,0.4,0.37,2026-09-11,0822,N20,VIIRS,n,2.0NRT,293.61,1.63,D
8.91389,77.34372,331.85,0.4,0.37,2026-09-11,0822,N20,VIIRS,n,2.0NRT,299.83,1.63,D
8.92306,77.47648,342.87,0.4,0.37,2026-09-11,0822,N20,VIIRS,n,2.0NRT,294.9,3.69,D
8.92575,77.49479,355.6,0.4,0.37,2026-09-11,0822,N20,VIIRS,n,2.0NRT,294.25,9.59,D
8.92022,77.48065,343.03,0.4,0.37,2026-09-11,0822,N20,VIIRS,n,2.0NRT,294.45,6.55,D
8.92237,77.4953,342.5,0.4,0.37,2026-09-11,0822,N20,VIIRS,n,2.0NRT,294.26,9.59,D
8.92013,77.62756,338.18,0.41,0.37,2026-09-11,0822,N20,VIIRS,n,2.0NRT,301.96,2.77,D
8.90008,77.67973,339.25,0.41,0.37,2026-09-11,0822,N20,VIIRS,n,2.0NRT,298.88,2.82,D
14.5907,77.63521,336.98,0.46,0.39,2026-09-11,0822,N20,VIIRS,n,2.0NRT,284.71,5.62,D
14.30183,75.63236,335.48,0.39,0.36,2026-09-11,0822,N20,VIIRS,n,2.0NRT,300.31,1.99,D
14.39878,77.29482,331.56,0.44,0.38,2026-09-11,0822,N20,VIIRS,n,2.0NRT,288.39,3.89,D
13.46379,77.75233,330.04,0.45,0.39,2026-09-11,0822,N20,VIIRS,n,2.0NRT,292.32,2.11,D
12.04517,79.07342,338.09,0.5,0.41,2026-09-11,0822,N20,VIIRS,n,2.0NRT,278.58,5.85,D
11.46995,79.20942,331.35,0.5,0.41,2026-09-11,0822,N20,VIIRS,n,2.0NRT,280.1,4.78,D
8.30284,77.63842,338.37,0.41,0.37,2026-09-11,0822,N20,VIIRS,l,2.0NRT,308.84,6.17,D
8.64338,78.09823,337.22,0.42,0.38,2026-09-11,0822,N20,VIIRS,n,2.0NRT,302.05,2.83,D
8.62534,77.66491,344.91,0.41,0.37,2026-09-11,0822,N20,VIIRS,n,2.0NRT,310.03,14.51,D
8.72997,77.52142,345.18,0.4,0.37,2026-09-11,0822,N20,VIIRS,n,2.0NRT,308,6.39,D
15.49205,75.49024,339.28,0.39,0.36,2026-09-11,0824,N20,VIIRS,n,2.0NRT,306.58,3.2,D
17.16322,74.67691,342.34,0.39,0.36,2026-09-11,0824,N20,VIIRS,n,2.0NRT,301.53,6.49,D
18.21079,74.44075,335.24,0.39,0.36,2026-09-11,0824,N20,VIIRS,n,2.0NRT,304.37,4.27,D
18.31672,74.76848,337.27,0.39,0.36,2026-09-11,0824,N20,VIIRS,n,2.0NRT,304.47,7.75,D
18.57097,74.48993,338.24,0.39,0.36,2026-09-11,0824,N20,VIIRS,n,2.0NRT,300.13,5.37,D
18.65792,74.34396,331.72,0.39,0.36,2026-09-11,0824,N20,VIIRS,n,2.0NRT,300.06,1.64,D
18.78303,73.79827,331.94,0.38,0.36,2026-09-11,0824,N20,VIIRS,l,2.0NRT,302.55,3.06,D
18.6813,73.04362,333.27,0.39,0.36,2026-09-11,0824,N20,VIIRS,n,2.0NRT,298.54,3.45,D
18.68074,73.04,330.12,0.39,0.36,2026-09-11,0824,N20,VIIRS,n,2.0NRT,296.32,3.45,D
18.6862,73.03162,335.52,0.39,0.36,2026-09-11,0824,N20,VIIRS,n,2.0NRT,297.22,4.48,D
18.6912,73.04193,345.02,0.39,0.36,2026-09-11,0824,N20,VIIRS,n,2.0NRT,300.04,6.59,D
15.17167,76.66277,337.42,0.42,0.38,2026-09-11,0824,N20,VIIRS,n,2.0NRT,292.85,4.44,D
15.17801,76.65784,331.78,0.42,0.38,2026-09-11,0824,N20,VIIRS,n,2.0NRT,291.56,5.72,D
16.3158,77.81416,335.7,0.48,0.4,2026-09-11,0824,N20,VIIRS,n,2.0NRT,288.16,3.69,D
27.71907,75.52586,336.83,0.5,0.41,2026-09-11,0826,N20,VIIRS,n,2.0NRT,306.66,3.77,D
22.9278,70.1079,336.23,0.42,0.38,2026-09-11,0826,N20,VIIRS,l,2.0NRT,309.49,5.89,D
21.10267,72.6356,343.9,0.38,0.36,2026-09-11,0826,N20,VIIRS,n,2.0NRT,304.89,9.99,D
21.10437,72.64662,344.16,0.38,0.36,2026-09-11,0826,N20,VIIRS,n,2.0NRT,305.75,11.2,D
31.1114,74.65161,332.87,0.49,0.41,2026-09-11,0828,N20,VIIRS,n,2.0NRT,300.78,4.36,D
31.12192,74.64467,346.92,0.49,0.41,2026-09-11,0828,N20,VIIRS,n,2.0NRT,304.28,11.55,D
31.12321,74.68665,339.01,0.5,0.41,2026-09-11,0828,N20,VIIRS,n,2.0NRT,304.86,4.58,D
27.47165,95.42069,304.54,0.49,0.4,2026-09-11,1910,N20,VIIRS,n,2.0NRT,291.38,0.81,N
27.46111,95.4742,305.6,0.49,0.4,2026-09-11,1910,N20,VIIRS,n,2.0NRT,291.61,0.81,N
27.40615,95.98642,305.92,0.46,0.39,2026-09-11,1910,N20,VIIRS,n,2.0NRT,291.36,1.31,N
27.6049,95.3988,309.25,0.49,0.4,2026-09-11,1910,N20,VIIRS,n,2.0NRT,291.16,1.69,N
22.38033,87.27713,295.91,0.44,0.62,2026-09-11,1913,N20,VIIRS,n,2.0NRT,261.86,0.61,N
22.80042,86.20221,295.91,0.52,0.67,2026-09-11,1913,N20,VIIRS,n,2.0NRT,276.39,2.74,N
22.87461,86.0594,303.58,0.53,0.67,2026-09-11,1913,N20,VIIRS,n,2.0NRT,275.98,1.28,N
22.87345,86.0592,303.19,0.53,0.67,2026-09-11,1913,N20,VIIRS,n,2.0NRT,276.13,1.22,N
23.75488,86.41555,295.09,0.51,0.66,2026-09-11,1913,N20,VIIRS,n,2.0NRT,272.01,0.88,N
22.8,86.20722,298.77,0.52,0.67,2026-09-11,1913,N20,VIIRS,n,2.0NRT,276.29,2.45,N
23.7819,86.38766,307.18,0.51,0.66,2026-09-11,1913,N20,VIIRS,n,2.0NRT,271.53,2.57,N
23.78137,86.39102,296.83,0.51,0.66,2026-09-11,1913,N20,VIIRS,n,2.0NRT,271.66,1.36,N
23.78175,86.38594,304.38,0.51,0.66,2026-09-11,1913,N20,VIIRS,n,2.0NRT,271.49,2.03,N
27.37862,95.33253,315.04,0.49,0.4,2026-09-11,1913,N20,VIIRS,n,2.0NRT,291.94,1.55,N
27.37799,95.08943,305.46,0.5,0.41,2026-09-11,1913,N20,VIIRS,n,2.0NRT,291.67,2.84,N
27.3272,95.2767,311.94,0.49,0.41,2026-09-11,1913,N20,VIIRS,n,2.0NRT,291.97,2.52,N
25.54475,91.23597,302.21,0.53,0.5,2026-09-11,1913,N20,VIIRS,n,2.0NRT,282.93,1.41,N
22.36697,87.29714,297.1,0.43,0.62,2026-09-11,1913,N20,VIIRS,n,2.0NRT,267.8,0.92,N
22.79719,86.08814,295.53,0.53,0.67,2026-09-11,1913,N20,VIIRS,n,2.0NRT,274.69,2.18,N
22.78809,86.20117,302.68,0.52,0.67,2026-09-11,1913,N20,VIIRS,n,2.0NRT,275.72,2.16,N
20.96722,85.1612,295.82,0.58,0.69,2026-09-11,1915,N20,VIIRS,n,2.0NRT,272.29,0.98,N
21.93426,85.21941,296.99,0.59,0.7,2026-09-11,1915,N20,VIIRS,n,2.0NRT,281.97,1.17,N
21.92782,85.21847,299.06,0.59,0.7,2026-09-11,1915,N20,VIIRS,n,2.0NRT,281.78,1.17,N
21.07614,85.04111,302.19,0.59,0.7,2026-09-11,1915,N20,VIIRS,n,2.0NRT,282.06,1.69,N
20.97389,85.17368,299.03,0.57,0.69,2026-09-11,1915,N20,VIIRS,n,2.0NRT,278.64,1.95,N
20.96839,85.16176,296.42,0.58,0.69,2026-09-11,1915,N20,VIIRS,n,2.0NRT,274.98,1.69,N
20.96793,85.16741,300.86,0.58,0.69,2026-09-11,1915,N20,VIIRS,n,2.0NRT,276.76,1.41,N
20.96746,85.17311,299.46,0.57,0.69,2026-09-11,1915,N20,VIIRS,n,2.0NRT,276.84,1.41,N
20.96672,85.16684,297.23,0.57,0.69,2026-09-11,1915,N20,VIIRS,n,2.0NRT,274.64,0.98,N
20.96622,85.17254,297.66,0.57,0.69,2026-09-11,1915,N20,VIIRS,n,2.0NRT,276.08,2.27,N
20.96068,85.01225,297.96,0.59,0.7,2026-09-11,1915,N20,VIIRS,n,2.0NRT,281.05,1.33,N
20.79613,85.25026,299.56,0.57,0.69,2026-09-11,1915,N20,VIIRS,n,2.0NRT,284.38,1.9,N
20.78882,85.26039,304.27,0.56,0.69,2026-09-11,1915,N20,VIIRS,n,2.0NRT,285.08,2.23,N
33.7187,73.97783,311.54,0.4,0.37,2026-09-11,2049,N20,VIIRS,n,2.0NRT,289.76,0.92,N
33.71809,73.98216,300.64,0.4,0.37,2026-09-11,2049,N20,VIIRS,n,2.0NRT,289.33,0.92,N
30.26803,75.17167,307.25,0.38,0.36,2026-09-11,2051,N20,VIIRS,n,2.0NRT,294.53,0.66,N
29.12501,75.7784,307.76,0.39,0.36,2026-09-11,2051,N20,VIIRS,n,2.0NRT,290.34,1.23,N
23.80455,86.32753,303.91,0.58,0.7,2026-09-11,2051,N20,VIIRS,n,2.0NRT,266,2.82,N
23.79891,86.34988,297.23,0.59,0.7,2026-09-11,2051,N20,VIIRS,n,2.0NRT,269.01,0.47,N
23.76604,86.4002,299.15,0.59,0.7,2026-09-11,2051,N20,VIIRS,n,2.0NRT,273.13,2.53,N
23.80189,86.32696,301.33,0.58,0.7,2026-09-11,2051,N20,VIIRS,n,2.0NRT,269.27,0.67,N
23.79638,86.3494,297.22,0.59,0.7,2026-09-11,2051,N20,VIIRS,n,2.0NRT,269.96,0.79,N
23.77807,86.20757,308.06,0.57,0.69,2026-09-11,2051,N20,VIIRS,n,2.0NRT,280.26,3.66,N
23.70203,86.07295,302.67,0.57,0.69,2026-09-11,2051,N20,VIIRS,n,2.0NRT,283.94,1.86,N
23.65185,85.43389,299.13,0.52,0.67,2026-09-11,2051,N20,VIIRS,n,2.0NRT,278.57,1.58,N
22.57464,85.89746,296.65,0.59,0.7,2026-09-11,2051,N20,VIIRS,n,2.0NRT,269.7,1.34,N
20.78853,85.26534,302.1,0.59,0.7,2026-09-11,2053,N20,VIIRS,n,2.0NRT,280.86,2.05,N
22.93391,69.6952,315.86,0.45,0.39,2026-09-11,2053,N20,VIIRS,n,2.0NRT,291.97,1.14,N
22.93331,69.69962,309.86,0.45,0.39,2026-09-11,2053,N20,VIIRS,n,2.0NRT,292.33,1.81,N
22.57521,70.22987,307.43,0.43,0.38,2026-09-11,2053,N20,VIIRS,n,2.0NRT,288.32,0.71,N
22.339,69.85442,309.13,0.44,0.39,2026-09-11,2053,N20,VIIRS,n,2.0NRT,296.17,2.97,N
22.3372,69.86723,308.51,0.44,0.38,2026-09-11,2053,N20,VIIRS,n,2.0NRT,296.12,2.92,N
22.41814,69.03782,316.15,0.48,0.4,2026-09-11,2053,N20,VIIRS,n,2.0NRT,294.14,2.4,N
21.16621,72.67009,332.17,0.38,0.36,2026-09-11,2053,N20,VIIRS,n,2.0NRT,293.32,14.69,N
21.11045,72.63736,323.04,0.38,0.36,2026-09-11,2053,N20,VIIRS,n,2.0NRT,293.55,1.76,N
21.11103,72.63369,316.63,0.38,0.36,2026-09-11,2053,N20,VIIRS,n,2.0NRT,292.27,1.76,N
21.10928,72.6447,313.8,0.38,0.36,2026-09-11,2053,N20,VIIRS,n,2.0NRT,291.96,0.91,N
21.1087,72.64836,312.16,0.38,0.36,2026-09-11,2053,N20,VIIRS,n,2.0NRT,293.09,1.19,N
21.10599,72.6441,331.75,0.38,0.36,2026-09-11,2053,N20,VIIRS,n,2.0NRT,294.97,11.79,N
21.1054,72.64777,315.8,0.38,0.36,2026-09-11,2053,N20,VIIRS,n,2.0NRT,293.47,6.31,N
21.10386,72.63617,334.23,0.38,0.36,2026-09-11,2053,N20,VIIRS,n,2.0NRT,294.08,6.66,N
20.9097,71.46011,317.72,0.39,0.36,2026-09-11,2053,N20,VIIRS,n,2.0NRT,295.23,2.08,N
20.86944,70.56525,309.87,0.41,0.37,2026-09-11,2053,N20,VIIRS,n,2.0NRT,292.55,1.02,N
19.937,73.71086,299.87,0.4,0.37,2026-09-11,2053,N20,VIIRS,n,2.0NRT,276.07,0.72,N
24.69183,73.00259,309.22,0.38,0.36,2026-09-11,2053,N20,VIIRS,n,2.0NRT,292.93,1.47,N
20.97512,85.1733,298.11,0.57,0.69,2026-09-11,2053,N20,VIIRS,n,2.0NRT,281.39,2.89,N
20.96643,85.18212,308.12,0.57,0.69,2026-09-11,2053,N20,VIIRS,n,2.0NRT,281.06,3.25,N
20.96514,85.18756,309.27,0.57,0.69,2026-09-11,2053,N20,VIIRS,n,2.0NRT,280.8,3.25,N
20.76372,85.29626,296.46,0.59,0.7,2026-09-11,2053,N20,VIIRS,n,2.0NRT,277.93,1.19,N
23.31491,70.48664,309.88,0.43,0.38,2026-09-11,2053,N20,VIIRS,n,2.0NRT,296.26,1.67,N
23.30568,70.47658,308.01,0.43,0.38,2026-09-11,2053,N20,VIIRS,n,2.0NRT,296.81,1.64,N
23.49116,68.97488,307.79,0.5,0.41,2026-09-11,2053,N20,VIIRS,n,2.0NRT,293.32,1.04,N
15.18056,76.67479,306.08,0.42,0.45,2026-09-11,2055,N20,VIIRS,n,2.0NRT,285.94,2.07,N
15.18199,76.66712,305.41,0.42,0.45,2026-09-11,2055,N20,VIIRS,n,2.0NRT,282.55,1.16,N
15.66105,73.98785,304.1,0.44,0.39,2026-09-11,2055,N20,VIIRS,n,2.0NRT,289.28,0.6,N
16.64812,74.31348,299.06,0.45,0.39,2026-09-11,2055,N20,VIIRS,n,2.0NRT,275.33,0.96,N
18.69329,73.03996,321.17,0.39,0.36,2026-09-11,2055,N20,VIIRS,n,2.0NRT,294.65,2.52,N
11.46659,77.24576,304.43,0.53,0.5,2026-09-11,2055,N20,VIIRS,n,2.0NRT,290.18,0.82,N
11.18543,79.09863,297.04,0.36,0.57,2026-09-11,2055,N20,VIIRS,n,2.0NRT,273.77,0.48,N
15.17521,76.65779,306.89,0.42,0.45,2026-09-11,2055,N20,VIIRS,n,2.0NRT,281.67,1.03,N
15.17592,76.65396,299.35,0.42,0.45,2026-09-11,2055,N20,VIIRS,n,2.0NRT,277.59,0.45,N
15.17931,76.65862,303.6,0.42,0.45,2026-09-11,2055,N20,VIIRS,n,2.0NRT,282.93,1.03,N
15.18002,76.65479,302.5,0.42,0.45,2026-09-11,2055,N20,VIIRS,n,2.0NRT,281.89,0.45,N
15.65754,73.98719,302.11,0.44,0.39,2026-09-11,2055,N20,VIIRS,n,2.0NRT,287.8,0.32,N
9.33135,77.41924,299.3,0.59,0.53,2026-09-11,2057,N20,VIIRS,n,2.0NRT,277.02,0.65,N
27.91693,96.77547,336.1,0.52,0.41,2026-09-12,0625,N20,VIIRS,n,2.0NRT,296.38,14.51,D
28.06338,95.35677,330.03,0.41,0.45,2026-09-12,0625,N20,VIIRS,l,2.0NRT,300.16,6.32,D
28.15213,95.35768,344.99,0.4,0.45,2026-09-12,0625,N20,VIIRS,n,2.0NRT,293.15,4.78,D
9.62736,78.63781,332.68,0.41,0.37,2026-09-12,0803,N20,VIIRS,l,2.0NRT,294.49,6.84,D
9.91416,77.86312,339.06,0.43,0.38,2026-09-12,0803,N20,VIIRS,n,2.0NRT,304.69,8.22,D
9.74164,76.45773,331.79,0.51,0.41,2026-09-12,0805,N20,VIIRS,n,2.0NRT,288.04,3.38,D
12.04175,79.63104,339.52,0.38,0.36,2026-09-12,0805,N20,VIIRS,n,2.0NRT,304.19,2.55,D
16.17542,76.03835,333.17,0.45,0.39,2026-09-12,0805,N20,VIIRS,n,2.0NRT,296.24,3.49,D
23.68421,86.39342,332.97,0.34,0.56,2026-09-12,0805,N20,VIIRS,n,2.0NRT,290.19,3.79,D
30.97437,74.74274,334.95,0.38,0.36,2026-09-12,0807,N20,VIIRS,n,2.0NRT,299.08,15.5,D
30.26534,75.17442,332.85,0.38,0.36,2026-09-12,0807,N20,VIIRS,n,2.0NRT,301.72,5.51,D
31.13036,74.63187,339.35,0.39,0.36,2026-09-12,0807,N20,VIIRS,n,2.0NRT,299.6,4.11,D
31.19292,74.89988,345.62,0.38,0.36,2026-09-12,0807,N20,VIIRS,n,2.0NRT,298.67,5.6,D
31.39639,74.7634,343.71,0.38,0.36,2026-09-12,0807,N20,VIIRS,n,2.0NRT,298.53,4.21,D
31.38206,74.58451,334.6,0.39,0.36,2026-09-12,0809,N20,VIIRS,n,2.0NRT,299.1,3.15,D
31.51891,75.03113,344.5,0.38,0.36,2026-09-12,0809,N20,VIIRS,n,2.0NRT,299.59,12.89,D
31.54696,74.81409,341.55,0.38,0.36,2026-09-12,0809,N20,VIIRS,n,2.0NRT,297.1,3.34,D
31.6007,75.00967,341.26,0.38,0.36,2026-09-12,0809,N20,VIIRS,n,2.0NRT,297.72,3.27,D
31.59005,74.82984,346.25,0.38,0.36,2026-09-12,0809,N20,VIIRS,n,2.0NRT,301.63,10.83,D
31.73861,74.97749,337.18,0.38,0.36,2026-09-12,0809,N20,VIIRS,n,2.0NRT,300.56,3.39,D
31.87992,74.7001,349.42,0.38,0.36,2026-09-12,0809,N20,VIIRS,n,2.0NRT,296.8,8.58,D
33.71325,73.99043,305.48,0.42,0.45,2026-09-12,2032,N20,VIIRS,n,2.0NRT,289.55,0.94,N
33.71378,73.98541,300.62,0.42,0.45,2026-09-12,2032,N20,VIIRS,n,2.0NRT,289.36,1.02,N
33.71745,73.99083,302.57,0.42,0.45,2026-09-12,2032,N20,VIIRS,n,2.0NRT,289.04,0.94,N
30.26565,75.1722,307,0.5,0.41,2026-09-12,2032,N20,VIIRS,n,2.0NRT,294.07,1.19,N
23.67967,86.39721,314.24,0.6,0.53,2026-09-12,2034,N20,VIIRS,n,2.0NRT,289.31,2.13,N
28.89478,78.85717,309.61,0.38,0.36,2026-09-12,2034,N20,VIIRS,n,2.0NRT,291.71,0.67,N
28.37236,77.22545,314.78,0.41,0.37,2026-09-12,2034,N20,VIIRS,n,2.0NRT,291.91,2.36,N
28.3507,77.25517,305.78,0.4,0.37,2026-09-12,2034,N20,VIIRS,n,2.0NRT,292.05,0.47,N
28.34673,77.25864,308.96,0.4,0.37,2026-09-12,2034,N20,VIIRS,n,2.0NRT,292.01,0.67,N
28.34751,77.22929,317.36,0.41,0.37,2026-09-12,2034,N20,VIIRS,n,2.0NRT,291.96,2.48,N
28.27847,77.27546,309.6,0.4,0.37,2026-09-12,2034,N20,VIIRS,n,2.0NRT,292.2,0.57,N
27.66804,76.12887,308.92,0.43,0.38,2026-09-12,2034,N20,VIIRS,n,2.0NRT,292.41,1.19,N
26.64324,79.4818,304.93,0.39,0.36,2026-09-12,2034,N20,VIIRS,n,2.0NRT,288.35,0.79,N
26.70413,77.8492,313.04,0.39,0.36,2026-09-12,2034,N20,VIIRS,n,2.0NRT,292.79,1.27,N
24.93197,84.14796,305.07,0.41,0.45,2026-09-12,2034,N20,VIIRS,n,2.0NRT,290.19,0.78,N
23.69865,87.11316,302.23,0.33,0.55,2026-09-12,2034,N20,VIIRS,n,2.0NRT,287.21,0.97,N
23.69507,87.10546,308.23,0.33,0.55,2026-09-12,2034,N20,VIIRS,n,2.0NRT,287.84,1.59,N
23.69437,87.10867,302.22,0.33,0.55,2026-09-12,2034,N20,VIIRS,n,2.0NRT,287.68,1.06,N
23.69367,87.11185,300.64,0.33,0.55,2026-09-12,2034,N20,VIIRS,n,2.0NRT,287.65,1.06,N
23.69297,87.11505,310.51,0.33,0.55,2026-09-12,2034,N20,VIIRS,n,2.0NRT,287.43,2.41,N
23.69156,87.12146,311.11,0.33,0.55,2026-09-12,2034,N20,VIIRS,n,2.0NRT,287.53,1.16,N
23.69148,87.09779,303.33,0.33,0.55,2026-09-12,2034,N20,VIIRS,n,2.0NRT,287.6,1.12,N
23.68657,87.1202,301.72,0.33,0.55,2026-09-12,2034,N20,VIIRS,n,2.0NRT,287.07,1.16,N
23.68448,87.12971,299.91,0.33,0.56,2026-09-12,2034,N20,VIIRS,n,2.0NRT,287.17,1.05,N
23.80345,86.32752,306.06,0.59,0.53,2026-09-12,2034,N20,VIIRS,n,2.0NRT,282.53,1.98,N
23.77574,86.36255,305.59,0.59,0.53,2026-09-12,2034,N20,VIIRS,n,2.0NRT,285.33,3.05,N
23.76346,86.39557,304.38,0.6,0.53,2026-09-12,2034,N20,VIIRS,n,2.0NRT,288.97,2.69,N
23.76221,86.40122,315.81,0.6,0.53,2026-09-12,2034,N20,VIIRS,n,2.0NRT,288.57,2.69,N
23.80292,86.33127,302.41,0.59,0.53,2026-09-12,2034,N20,VIIRS,n,2.0NRT,281.01,1.7,N
23.77668,86.36072,301.37,0.59,0.53,2026-09-12,2034,N20,VIIRS,n,2.0NRT,282.78,1.6,N
23.76464,86.39378,305.9,0.6,0.53,2026-09-12,2034,N20,VIIRS,n,2.0NRT,289.14,3.93,N
23.76343,86.39949,312.22,0.6,0.53,2026-09-12,2034,N20,VIIRS,n,2.0NRT,288.22,2.01,N
23.76224,86.40511,304.03,0.6,0.53,2026-09-12,2034,N20,VIIRS,n,2.0NRT,287.98,2.01,N
23.75745,86.40397,307.11,0.6,0.53,2026-09-12,2034,N20,VIIRS,n,2.0NRT,288.37,3.59,N
23.5633,87.22988,299.09,0.34,0.56,2026-09-12,2034,N20,VIIRS,n,2.0NRT,286.88,0.73,N
23.56117,87.23957,308.87,0.34,0.56,2026-09-12,2034,N20,VIIRS,n,2.0NRT,287.24,1.27,N
23.71285,86.44745,310.42,0.6,0.53,2026-09-12,2034,N20,VIIRS,n,2.0NRT,288.22,3.84,N
23.71303,86.42326,306.11,0.6,0.53,2026-09-12,2034,N20,VIIRS,n,2.0NRT,289.12,2.36,N
23.56371,87.08363,313.72,0.33,0.55,2026-09-12,2034,N20,VIIRS,n,2.0NRT,287.65,1.36,N
23.4821,87.35466,298.55,0.35,0.57,2026-09-12,2034,N20,VIIRS,n,2.0NRT,281.65,0.25,N
23.48136,87.35798,297.81,0.35,0.57,2026-09-12,2034,N20,VIIRS,n,2.0NRT,282.57,0.25,N
23.68452,86.39198,309.33,0.6,0.53,2026-09-12,2034,N20,VIIRS,n,2.0NRT,288.41,2.57,N
23.67973,86.39085,311.15,0.6,0.53,2026-09-12,2034,N20,VIIRS,n,2.0NRT,288.35,3.06,N
23.6785,86.39651,315.04,0.6,0.53,2026-09-12,2034,N20,VIIRS,n,2.0NRT,289.28,3.06,N
23.67723,86.40231,308.47,0.6,0.53,2026-09-12,2034,N20,VIIRS,n,2.0NRT,288.82,2.92,N
23.58047,86.72559,303.99,0.63,0.54,2026-09-12,2034,N20,VIIRS,n,2.0NRT,287.92,1.35,N
23.68087,86.39153,312.45,0.6,0.53,2026-09-12,2034,N20,VIIRS,n,2.0NRT,288.34,2.13,N
23.67845,86.40302,304.05,0.6,0.53,2026-09-12,2034,N20,VIIRS,n,2.0NRT,288.59,2.13,N
23.67487,86.39609,304.5,0.6,0.53,2026-09-12,2034,N20,VIIRS,n,2.0NRT,289.07,2.13,N
23.58399,86.72726,304.22,0.63,0.54,2026-09-12,2034,N20,VIIRS,n,2.0NRT,288.09,1.03,N
23.68381,86.0951,301.78,0.57,0.52,2026-09-12,2034,N20,VIIRS,n,2.0NRT,288.07,2.64,N
23.67678,86.10487,311.74,0.58,0.52,2026-09-12,2034,N20,VIIRS,n,2.0NRT,288.11,2.45,N
23.78871,85.55248,303.36,0.53,0.5,2026-09-12,2034,N20,VIIRS,n,2.0NRT,286.78,1.3,N
23.66976,86.09146,301.96,0.57,0.52,2026-09-12,2034,N20,VIIRS,n,2.0NRT,288.15,1.73,N
23.55226,86.54237,303.13,0.62,0.54,2026-09-12,2034,N20,VIIRS,n,2.0NRT,288.47,1.16,N
23.69836,85.3694,304.69,0.52,0.5,2026-09-12,2034,N20,VIIRS,n,2.0NRT,288.58,1.69,N
23.71148,85.28434,301.69,0.51,0.49,2026-09-12,2034,N20,VIIRS,n,2.0NRT,288.58,2.3,N
23.71045,85.28926,302.45,0.51,0.49,2026-09-12,2034,N20,VIIRS,n,2.0NRT,288.44,1.39,N
23.69387,85.36833,312.18,0.52,0.5,2026-09-12,2034,N20,VIIRS,n,2.0NRT,288.67,1.69,N
23.696,85.29109,303.59,0.51,0.49,2026-09-12,2034,N20,VIIRS,n,2.0NRT,289.22,1.62,N
23.74141,85.00825,298.74,0.49,0.49,2026-09-12,2034,N20,VIIRS,n,2.0NRT,276.4,1.23,N
23.67535,85.32213,303.05,0.51,0.5,2026-09-12,2034,N20,VIIRS,n,2.0NRT,288.69,1.1,N
24.19762,82.71754,318.11,0.53,0.42,2026-09-12,2034,N20,VIIRS,n,2.0NRT,289.8,3.63,N
24.19953,82.71617,316.82,0.53,0.42,2026-09-12,2034,N20,VIIRS,n,2.0NRT,289.76,4.08,N
23.67793,85.32582,304.09,0.51,0.5,2026-09-12,2034,N20,VIIRS,n,2.0NRT,288.95,0.75,N
22.87317,86.06378,306.76,0.59,0.53,2026-09-12,2034,N20,VIIRS,n,2.0NRT,285.42,2.05,N
22.87422,86.06267,307.01,0.59,0.53,2026-09-12,2034,N20,VIIRS,n,2.0NRT,285.42,1.67,N
22.79027,86.19831,311.97,0.61,0.53,2026-09-12,2034,N20,VIIRS,n,2.0NRT,289.49,2.52,N
22.78905,86.20403,312.57,0.61,0.53,2026-09-12,2034,N20,VIIRS,n,2.0NRT,289.35,2.52,N
22.79791,86.09149,307.79,0.6,0.53,2026-09-12,2034,N20,VIIRS,n,2.0NRT,288.26,1.24,N
22.61185,85.91271,303.9,0.59,0.53,2026-09-12,2034,N20,VIIRS,n,2.0NRT,288.6,1.18,N
22.36796,87.01592,311.69,0.35,0.57,2026-09-12,2034,N20,VIIRS,n,2.0NRT,288.02,0.99,N
22.36724,87.01922,304.33,0.35,0.57,2026-09-12,2034,N20,VIIRS,n,2.0NRT,288.46,0.99,N
22.36213,87.01799,307.74,0.35,0.57,2026-09-12,2034,N20,VIIRS,n,2.0NRT,288.47,0.99,N
22.57634,85.8922,306.67,0.59,0.53,2026-09-12,2034,N20,VIIRS,n,2.0NRT,288.96,1.99,N
22.57514,85.89776,314.7,0.59,0.53,2026-09-12,2034,N20,VIIRS,n,2.0NRT,289.22,1.99,N
22.57672,85.89025,304.21,0.59,0.53,2026-09-12,2034,N20,VIIRS,n,2.0NRT,288.8,1.09,N
22.57556,85.89582,317.5,0.59,0.53,2026-09-12,2034,N20,VIIRS,n,2.0NRT,289.63,3.32,N
22.13255,85.37953,305.29,0.56,0.51,2026-09-12,2034,N20,VIIRS,n,2.0NRT,288.05,1.35,N
22.1342,85.38361,308.55,0.56,0.51,2026-09-12,2034,N20,VIIRS,n,2.0NRT,288.4,1.19,N
22.05399,85.46494,299.66,0.57,0.52,2026-09-12,2034,N20,VIIRS,n,2.0NRT,286.91,0.9,N
21.77061,84.01817,307.49,0.46,0.47,2026-09-12,2034,N20,VIIRS,n,2.0NRT,288.43,0.92,N
21.76632,84.01719,312.82,0.46,0.47,2026-09-12,2034,N20,VIIRS,n,2.0NRT,288.83,2.55,N
21.76455,84.02598,303.26,0.47,0.47,2026-09-12,2034,N20,VIIRS,n,2.0NRT,288.69,2.81,N
21.76115,84.02059,329.98,0.46,0.47,2026-09-12,2034,N20,VIIRS,n,2.0NRT,289.06,2.81,N
21.75597,84.02402,311.27,0.47,0.47,2026-09-12,2034,N20,VIIRS,n,2.0NRT,289.15,2.03,N
21.75401,84.02554,304.17,0.47,0.47,2026-09-12,2034,N20,VIIRS,n,2.0NRT,288.62,1.58,N
21.75064,83.97409,306.92,0.46,0.47,2026-09-12,2034,N20,VIIRS,n,2.0NRT,287.86,1.94,N
21.71527,84.03994,303.24,0.47,0.48,2026-09-12,2034,N20,VIIRS,n,2.0NRT,287.64,0.69,N
21.68341,84.04195,304.06,0.47,0.48,2026-09-12,2034,N20,VIIRS,n,2.0NRT,287.13,0.93,N
21.67999,84.03656,306.46,0.47,0.48,2026-09-12,2034,N20,VIIRS,n,2.0NRT,286.79,1.13,N
21.67481,84.03996,304.05,0.47,0.48,2026-09-12,2034,N20,VIIRS,n,2.0NRT,286.74,1.88,N
20.97586,86.00541,303.43,0.32,0.55,2026-09-12,2034,N20,VIIRS,n,2.0NRT,288.52,1,N
20.97158,86.00114,306.67,0.32,0.55,2026-09-12,2034,N20,VIIRS,n,2.0NRT,288.67,1,N
20.96966,86.01028,307.83,0.32,0.55,2026-09-12,2034,N20,VIIRS,n,2.0NRT,289.74,2.15,N
20.96902,86.0133,308.95,0.32,0.55,2026-09-12,2034,N20,VIIRS,n,2.0NRT,288.86,1.61,N
20.96773,86.01938,307.07,0.32,0.55,2026-09-12,2034,N20,VIIRS,n,2.0NRT,288.58,1.03,N
20.96603,86.00294,305.34,0.32,0.55,2026-09-12,2034,N20,VIIRS,n,2.0NRT,289.25,1.19,N
20.96538,86.00599,319.59,0.32,0.55,2026-09-12,2034,N20,VIIRS,n,2.0NRT,288.73,1.11,N
20.96474,86.00901,304.03,0.32,0.55,2026-09-12,2034,N20,VIIRS,n,2.0NRT,289.2,1.11,N
20.96346,86.01508,303.11,0.32,0.55,2026-09-12,2034,N20,VIIRS,n,2.0NRT,288.09,1.07,N
20.9521,86.04419,323.91,0.32,0.55,2026-09-12,2034,N20,VIIRS,n,2.0NRT,288.99,2.44,N
20.95144,86.04731,310.35,0.32,0.55,2026-09-12,2034,N20,VIIRS,n,2.0NRT,289.36,1.79,N
20.9432,86.06164,302.85,0.32,0.55,2026-09-12,2034,N20,VIIRS,n,2.0NRT,288.87,1.05,N
21.08121,85.04266,303.59,0.55,0.51,2026-09-12,2034,N20,VIIRS,n,2.0NRT,288.97,0.69,N
21.07764,85.03637,307.5,0.55,0.51,2026-09-12,2034,N20,VIIRS,n,2.0NRT,289.78,2.1,N
20.97721,85.16798,313.89,0.57,0.52,2026-09-12,2034,N20,VIIRS,n,2.0NRT,289.36,2.56,N
20.9761,85.17328,307.63,0.57,0.52,2026-09-12,2034,N20,VIIRS,n,2.0NRT,289.45,1.89,N
20.97143,85.17213,336.94,0.57,0.52,2026-09-12,2034,N20,VIIRS,n,2.0NRT,290.21,2.61,N
20.97925,85.13492,310.9,0.56,0.52,2026-09-12,2034,N20,VIIRS,n,2.0NRT,289.85,3.21,N
20.97031,85.17744,306.12,0.57,0.52,2026-09-12,2034,N20,VIIRS,n,2.0NRT,289.31,2.61,N
20.96338,85.18703,328.15,0.57,0.52,2026-09-12,2034,N20,VIIRS,n,2.0NRT,290.1,3.87,N
20.97124,85.14972,308.82,0.57,0.52,2026-09-12,2034,N20,VIIRS,n,2.0NRT,289.14,1.55,N
20.97011,85.15508,306.65,0.57,0.52,2026-09-12,2034,N20,VIIRS,n,2.0NRT,289.53,1.55,N
20.96787,85.16571,305.8,0.57,0.52,2026-09-12,2034,N20,VIIRS,n,2.0NRT,289.36,1.69,N
20.96676,85.171,306.65,0.57,0.52,2026-09-12,2034,N20,VIIRS,n,2.0NRT,289.58,2.61,N
20.96564,85.17631,304.58,0.57,0.52,2026-09-12,2034,N20,VIIRS,n,2.0NRT,289.71,2.61,N
20.96451,85.18166,313.96,0.57,0.52,2026-09-12,2034,N20,VIIRS,n,2.0NRT,289.71,3.87,N
20.96321,85.16454,311.28,0.57,0.52,2026-09-12,2034,N20,VIIRS,n,2.0NRT,289.78,2.35,N
20.96209,85.16987,310.45,0.57,0.52,2026-09-12,2034,N20,VIIRS,n,2.0NRT,289.46,2.99,N
20.9826,85.13337,303.95,0.57,0.52,2026-09-12,2034,N20,VIIRS,n,2.0NRT,289.1,2.43,N
20.97612,85.16544,304.3,0.57,0.52,2026-09-12,2034,N20,VIIRS,n,2.0NRT,289,1.93,N
20.97504,85.17075,311.95,0.57,0.52,2026-09-12,2034,N20,VIIRS,n,2.0NRT,289.34,1.93,N
20.97397,85.17606,305.91,0.57,0.52,2026-09-12,2034,N20,VIIRS,n,2.0NRT,289.54,1.59,N
20.96929,85.17493,333.06,0.57,0.52,2026-09-12,2034,N20,VIIRS,n,2.0NRT,290.55,4.4,N
20.97038,85.16959,308.29,0.57,0.52,2026-09-12,2034,N20,VIIRS,n,2.0NRT,289.65,2.22,N
20.96244,85.18452,331.12,0.57,0.52,2026-09-12,2034,N20,VIIRS,n,2.0NRT,290.03,7.98,N
20.96894,85.15248,317.6,0.57,0.52,2026-09-12,2034,N20,VIIRS,n,2.0NRT,289.36,3.31,N
20.96678,85.16314,304.18,0.57,0.52,2026-09-12,2034,N20,VIIRS,n,2.0NRT,289.41,2.22,N
20.9657,85.16845,311.47,0.57,0.52,2026-09-12,2034,N20,VIIRS,n,2.0NRT,289.51,2.22,N
20.96462,85.17377,313.6,0.57,0.52,2026-09-12,2034,N20,VIIRS,n,2.0NRT,289.93,4.4,N
20.95872,85.01128,304.57,0.56,0.51,2026-09-12,2034,N20,VIIRS,n,2.0NRT,289.41,1.67,N
20.88685,84.98312,325.49,0.55,0.51,2026-09-12,2034,N20,VIIRS,n,2.0NRT,289.85,2.68,N
20.88796,84.97786,303.83,0.55,0.51,2026-09-12,2034,N20,VIIRS,n,2.0NRT,289.17,2.68,N
20.88949,84.98195,325.18,0.55,0.51,2026-09-12,2034,N20,VIIRS,n,2.0NRT,289.47,2.64,N
20.88487,84.98082,307.95,0.55,0.51,2026-09-12,2034,N20,VIIRS,n,2.0NRT,289.33,2.64,N
20.86778,84.99326,308.19,0.56,0.51,2026-09-12,2034,N20,VIIRS,n,2.0NRT,289.49,4.35,N
20.86423,84.98683,335.99,0.56,0.51,2026-09-12,2034,N20,VIIRS,n,2.0NRT,289.14,4.35,N
20.8093,85.25513,312.01,0.58,0.52,2026-09-12,2034,N20,VIIRS,n,2.0NRT,288.45,2.28,N
20.79517,85.25166,335.78,0.58,0.52,2026-09-12,2034,N20,VIIRS,n,2.0NRT,289.55,7.73,N
20.78816,85.26159,316.79,0.58,0.52,2026-09-12,2034,N20,VIIRS,n,2.0NRT,289.74,2.06,N
20.78703,85.26707,310.02,0.58,0.52,2026-09-12,2034,N20,VIIRS,n,2.0NRT,289.32,2.06,N
20.76129,85.29542,316.87,0.58,0.52,2026-09-12,2034,N20,VIIRS,n,2.0NRT,289.55,3.11,N
16.20432,75.20806,303.38,0.39,0.36,2026-09-12,2036,N20,VIIRS,n,2.0NRT,289.59,0.4,N
15.65909,73.98779,314.52,0.41,0.37,2026-09-12,2036,N20,VIIRS,n,2.0NRT,291.55,1.31,N
16.64992,74.31403,305.37,0.41,0.37,2026-09-12,2036,N20,VIIRS,n,2.0NRT,287.82,0.84,N
15.18693,76.31628,305.75,0.39,0.36,2026-09-12,2038,N20,VIIRS,n,2.0NRT,279.91,0.48,N
15.11071,76.80788,295.68,0.39,0.36,2026-09-12,2038,N20,VIIRS,n,2.0NRT,272.02,0.52,N
15.13652,76.71228,301.75,0.39,0.36,2026-09-12,2038,N20,VIIRS,n,2.0NRT,271.32,0.59,N
15.17005,76.67367,298.74,0.39,0.36,2026-09-12,2038,N20,VIIRS,n,2.0NRT,269.71,0.59,N
15.17162,76.68502,300.15,0.39,0.36,2026-09-12,2038,N20,VIIRS,n,2.0NRT,269.96,0.68,N
15.17511,76.66346,298.04,0.39,0.36,2026-09-12,2038,N20,VIIRS,n,2.0NRT,270.58,0.84,N
15.17627,76.65626,318.01,0.39,0.36,2026-09-12,2038,N20,VIIRS,n,2.0NRT,273.57,1.05,N
15.17685,76.65266,304.83,0.39,0.36,2026-09-12,2038,N20,VIIRS,n,2.0NRT,272.17,1.05,N
15.17377,76.69279,312.95,0.39,0.36,2026-09-12,2038,N20,VIIRS,n,2.0NRT,270.96,1.52,N
15.1761,76.67841,299.57,0.39,0.36,2026-09-12,2038,N20,VIIRS,n,2.0NRT,270.84,0.73,N
15.17959,76.65682,301.52,0.39,0.36,2026-09-12,2038,N20,VIIRS,n,2.0NRT,272.74,1.05,N
15.17,76.37931,304.35,0.39,0.36,2026-09-12,2038,N20,VIIRS,n,2.0NRT,281.69,1.4,N
15.18116,76.6682,299.44,0.39,0.36,2026-09-12,2038,N20,VIIRS,n,2.0NRT,270.29,0.65,N
15.18447,76.66877,303.32,0.39,0.36,2026-09-12,2038,N20,VIIRS,n,2.0NRT,270.7,0.65,N
9.67075,77.23506,300.62,0.44,0.38,2026-09-12,2038,N20,VIIRS,n,2.0NRT,269.99,1.13,N
9.67025,77.23606,303.17,0.44,0.39,2026-09-12,2038,N20,VIIRS,n,2.0NRT,269.55,1.15,N
14.37411,77.81473,296.1,0.42,0.38,2026-09-12,2038,N20,VIIRS,n,2.0NRT,265.25,1.03,N
15.17388,76.3763,300.55,0.39,0.36,2026-09-12,2038,N20,VIIRS,n,2.0NRT,280.09,0.34,N
9.4804,78.56238,330.46,0.5,0.49,2026-09-13,0744,N20,VIIRS,n,2.0NRT,286.02,5.34,D
9.71538,78.94865,345.69,0.47,0.48,2026-09-13,0744,N20,VIIRS,n,2.0NRT,287.89,5.89,D
9.79553,78.81692,347.16,0.48,0.48,2026-09-13,0744,N20,VIIRS,n,2.0NRT,291.34,25.56,D
9.79196,78.81851,336.33,0.47,0.48,2026-09-13,0744,N20,VIIRS,n,2.0NRT,287.29,4.18,D
9.79632,78.81775,343.63,0.47,0.48,2026-09-13,0744,N20,VIIRS,n,2.0NRT,288.4,11.17,D
9.79556,78.81348,338.25,0.48,0.48,2026-09-13,0744,N20,VIIRS,n,2.0NRT,288.5,11.17,D
8.9247,77.47625,340.88,0.61,0.53,2026-09-13,0744,N20,VIIRS,n,2.0NRT,281.35,7.44,D
9.04044,78.01642,334.02,0.55,0.51,2026-09-13,0744,N20,VIIRS,n,2.0NRT,287.52,4.04,D
9.26068,78.08923,331.03,0.54,0.51,2026-09-13,0744,N20,VIIRS,n,2.0NRT,288.59,2.49,D
9.27156,77.96082,334.04,0.55,0.51,2026-09-13,0744,N20,VIIRS,n,2.0NRT,293.04,3.3,D
20.86404,84.99013,337.89,0.43,0.38,2026-09-13,0746,N20,VIIRS,n,2.0NRT,297.84,3.18,D
15.33949,75.84409,330,0.6,0.53,2026-09-13,0746,N20,VIIRS,n,2.0NRT,292.69,3.72,D
20.79236,85.25289,335.36,0.43,0.38,2026-09-13,0746,N20,VIIRS,n,2.0NRT,299.53,8.65,D
20.86346,84.98604,332.29,0.43,0.38,2026-09-13,0746,N20,VIIRS,n,2.0NRT,296.43,3.18,D
20.86807,84.99368,331.67,0.43,0.38,2026-09-13,0746,N20,VIIRS,n,2.0NRT,298.12,6.16,D
26.37966,78.60296,333.88,0.43,0.38,2026-09-13,0748,N20,VIIRS,n,2.0NRT,295.53,2.6,D
21.75484,83.84583,336.44,0.4,0.37,2026-09-13,0748,N20,VIIRS,n,2.0NRT,298.6,5.49,D
21.74757,83.84306,343.67,0.4,0.37,2026-09-13,0748,N20,VIIRS,n,2.0NRT,301.02,15.72,D
21.74421,83.84361,335.73,0.4,0.37,2026-09-13,0748,N20,VIIRS,n,2.0NRT,298.66,5.75,D
21.76278,84.02225,335.69,0.4,0.37,2026-09-13,0748,N20,VIIRS,n,2.0NRT,296.88,8.75,D
23.7379,86.4327,330.5,0.53,0.42,2026-09-13,0748,N20,VIIRS,n,2.0NRT,287.28,4.42,D
21.7621,83.84857,342.11,0.4,0.37,2026-09-13,0748,N20,VIIRS,n,2.0NRT,297.93,4.41,D
23.7615,86.40295,329.87,0.53,0.42,2026-09-13,0748,N20,VIIRS,n,2.0NRT,292,8.14,D
23.77928,86.21056,338.3,0.52,0.41,2026-09-13,0748,N20,VIIRS,n,2.0NRT,288.29,6.57,D
30.9613,76.23922,336.78,0.46,0.39,2026-09-13,0750,N20,VIIRS,n,2.0NRT,295.62,4.73,D
31.50462,74.80231,332.55,0.53,0.42,2026-09-13,0750,N20,VIIRS,n,2.0NRT,298.25,2.69,D
31.56671,74.80074,335.79,0.53,0.42,2026-09-13,0750,N20,VIIRS,n,2.0NRT,299.19,3.18,D
30.95447,75.87242,304.27,0.57,0.52,2026-09-13,2014,N20,VIIRS,n,2.0NRT,292.47,1.38,N
26.77095,94.50601,303.81,0.41,0.61,2026-09-13,2014,N20,VIIRS,n,2.0NRT,288.02,0.73,N
28.64985,77.58697,304.65,0.43,0.46,2026-09-13,2014,N20,VIIRS,n,2.0NRT,290.05,0.84,N
28.7119,76.83305,306.48,0.47,0.48,2026-09-13,2014,N20,VIIRS,n,2.0NRT,290.53,0.85,N
28.37197,77.22325,309.03,0.44,0.46,2026-09-13,2014,N20,VIIRS,n,2.0NRT,289.7,2.1,N
26.64438,79.4792,306.71,0.48,0.4,2026-09-13,2014,N20,VIIRS,n,2.0NRT,290.59,1.28,N
26.70487,77.8482,308.06,0.39,0.44,2026-09-13,2014,N20,VIIRS,n,2.0NRT,291.56,0.89,N
25.03747,87.38967,305.37,0.51,0.41,2026-09-13,2014,N20,VIIRS,n,2.0NRT,290.2,1.32,N
28.33777,77.21831,305.21,0.44,0.46,2026-09-13,2014,N20,VIIRS,n,2.0NRT,290.18,2.01,N
28.33894,77.22106,305.73,0.44,0.46,2026-09-13,2014,N20,VIIRS,n,2.0NRT,290.22,2.07,N
24.01022,80.52802,303.75,0.42,0.37,2026-09-13,2017,N20,VIIRS,n,2.0NRT,290.2,0.96,N
24.32689,81.32841,310.64,0.4,0.37,2026-09-13,2017,N20,VIIRS,n,2.0NRT,290.86,1.08,N
24.16139,82.56535,312.67,0.38,0.36,2026-09-13,2017,N20,VIIRS,n,2.0NRT,290.98,1.41,N
24.16173,82.63041,305.9,0.38,0.36,2026-09-13,2017,N20,VIIRS,n,2.0NRT,290.59,1.22,N
24.16948,82.62415,308.89,0.38,0.36,2026-09-13,2017,N20,VIIRS,n,2.0NRT,290.65,0.5,N
24.17007,82.62039,304.32,0.38,0.36,2026-09-13,2017,N20,VIIRS,n,2.0NRT,290.61,0.5,N
24.18298,82.64589,308.16,0.38,0.36,2026-09-13,2017,N20,VIIRS,n,2.0NRT,291.01,0.94,N
24.18391,82.66151,312.91,0.38,0.36,2026-09-13,2017,N20,VIIRS,n,2.0NRT,290.96,1.03,N
24.20509,82.52657,305.03,0.38,0.36,2026-09-13,2017,N20,VIIRS,n,2.0NRT,291.23,0.65,N
24.19867,82.7183,306.55,0.38,0.36,2026-09-13,2017,N20,VIIRS,n,2.0NRT,291.18,1.25,N
23.68876,87.09724,306.04,0.52,0.41,2026-09-13,2017,N20,VIIRS,n,2.0NRT,289.51,1.01,N
23.68315,87.12743,307.4,0.52,0.42,2026-09-13,2017,N20,VIIRS,n,2.0NRT,289.36,1.28,N
23.66621,87.15517,305.65,0.52,0.42,2026-09-13,2017,N20,VIIRS,n,2.0NRT,289.84,2.11,N
23.66528,87.16018,312.32,0.52,0.42,2026-09-13,2017,N20,VIIRS,n,2.0NRT,289.18,1.98,N
23.66244,87.15434,318.97,0.52,0.42,2026-09-13,2017,N20,VIIRS,n,2.0NRT,289.29,2.11,N
23.79528,86.35204,314.38,0.48,0.4,2026-09-13,2017,N20,VIIRS,n,2.0NRT,290.81,4.46,N
23.78047,86.39191,307.02,0.48,0.4,2026-09-13,2017,N20,VIIRS,n,2.0NRT,290.6,4.81,N
23.76704,86.40348,320.06,0.48,0.4,2026-09-13,2017,N20,VIIRS,n,2.0NRT,291.22,3.75,N
23.77466,86.36198,318.19,0.48,0.4,2026-09-13,2017,N20,VIIRS,n,2.0NRT,287.33,2.72,N
23.76511,86.39349,310.42,0.48,0.4,2026-09-13,2017,N20,VIIRS,n,2.0NRT,292.01,5.72,N
23.76342,86.4027,313.75,0.48,0.4,2026-09-13,2017,N20,VIIRS,n,2.0NRT,290.93,3.75,N
23.75979,86.40193,328.7,0.48,0.4,2026-09-13,2017,N20,VIIRS,n,2.0NRT,291.31,6.42,N
23.77988,86.21108,323.28,0.47,0.4,2026-09-13,2017,N20,VIIRS,n,2.0NRT,284.89,4.32,N
23.73928,86.43127,321.52,0.48,0.4,2026-09-13,2017,N20,VIIRS,n,2.0NRT,291.41,1.85,N
23.78071,86.20657,304.36,0.47,0.4,2026-09-13,2017,N20,VIIRS,n,2.0NRT,280.22,3.03,N
23.73842,86.43591,317.4,0.48,0.4,2026-09-13,2017,N20,VIIRS,n,2.0NRT,292.02,1.85,N
24.20314,82.71143,305.62,0.38,0.36,2026-09-13,2017,N20,VIIRS,n,2.0NRT,291.52,1.74,N
23.73565,86.43049,309.19,0.48,0.4,2026-09-13,2017,N20,VIIRS,n,2.0NRT,290.86,1.85,N
13.89906,76.56414,311.91,0.49,0.4,2026-09-13,2017,N20,VIIRS,n,2.0NRT,293.55,1.27,N
13.39368,80.10336,305.32,0.38,0.36,2026-09-13,2017,N20,VIIRS,n,2.0NRT,290.21,2.51,N
13.71089,79.61939,311.36,0.39,0.36,2026-09-13,2017,N20,VIIRS,n,2.0NRT,292.66,2.31,N
23.73479,86.43514,305.57,0.48,0.4,2026-09-13,2017,N20,VIIRS,n,2.0NRT,291.2,1.85,N
23.71446,86.42363,306.46,0.48,0.4,2026-09-13,2017,N20,VIIRS,n,2.0NRT,291.3,2.39,N
23.56064,87.24101,335.71,0.53,0.42,2026-09-13,2017,N20,VIIRS,n,2.0NRT,289.65,6.52,N
23.55684,87.24017,304.8,0.53,0.42,2026-09-13,2017,N20,VIIRS,n,2.0NRT,289.77,1.29,N
23.55209,87.24442,309.38,0.53,0.42,2026-09-13,2017,N20,VIIRS,n,2.0NRT,290.35,2.71,N
23.56252,87.08316,307.83,0.52,0.42,2026-09-13,2017,N20,VIIRS,n,2.0NRT,287.06,1.76,N
23.67704,86.4012,310.53,0.48,0.4,2026-09-13,2017,N20,VIIRS,n,2.0NRT,291.08,2.37,N
24.52959,81.16929,305.49,0.4,0.37,2026-09-13,2017,N20,VIIRS,n,2.0NRT,287.01,0.81,N
23.583,86.72443,311.65,0.5,0.41,2026-09-13,2017,N20,VIIRS,n,2.0NRT,291.23,2.37,N
24.19926,82.71455,318.61,0.38,0.36,2026-09-13,2017,N20,VIIRS,n,2.0NRT,291.5,2.05,N
22.21837,84.75424,309.35,0.43,0.38,2026-09-13,2017,N20,VIIRS,n,2.0NRT,291.05,1.33,N
22.21362,84.86377,302.6,0.43,0.38,2026-09-13,2017,N20,VIIRS,n,2.0NRT,275.59,1.06,N
23.1637,82.3357,317.6,0.38,0.36,2026-09-13,2017,N20,VIIRS,n,2.0NRT,290.1,1.55,N
23.16582,82.34374,314.92,0.38,0.36,2026-09-13,2017,N20,VIIRS,n,2.0NRT,289.98,2.45,N
23.16699,82.3363,302.45,0.38,0.36,2026-09-13,2017,N20,VIIRS,n,2.0NRT,289.84,0.48,N
23.16641,82.34003,331.39,0.38,0.36,2026-09-13,2017,N20,VIIRS,n,2.0NRT,291.78,2.45,N
22.3676,87.01613,307.36,0.54,0.42,2026-09-13,2017,N20,VIIRS,n,2.0NRT,289.27,1.78,N
22.36583,87.30506,305.79,0.56,0.43,2026-09-13,2017,N20,VIIRS,n,2.0NRT,289.81,1.55,N
22.36683,87.29973,319.26,0.56,0.43,2026-09-13,2017,N20,VIIRS,n,2.0NRT,290.79,3.89,N
22.36669,87.30187,320.8,0.56,0.43,2026-09-13,2017,N20,VIIRS,n,2.0NRT,290.24,3.57,N
22.37854,87.28229,315.97,0.56,0.43,2026-09-13,2017,N20,VIIRS,n,2.0NRT,289.76,2.9,N
22.37956,87.27699,323.64,0.56,0.43,2026-09-13,2017,N20,VIIRS,n,2.0NRT,289.64,3.85,N
24.05381,80.61304,308.66,0.41,0.37,2026-09-13,2017,N20,VIIRS,n,2.0NRT,291,1.02,N
19.09722,82.16907,295.59,0.39,0.36,2026-09-13,2017,N20,VIIRS,n,2.0NRT,270.67,0.7,N
19.09781,82.16542,305.95,0.39,0.36,2026-09-13,2017,N20,VIIRS,n,2.0NRT,279.06,0.66,N
21.19196,81.19905,304.19,0.39,0.36,2026-09-13,2017,N20,VIIRS,n,2.0NRT,289.72,0.69,N
21.18381,81.38403,299.71,0.39,0.36,2026-09-13,2017,N20,VIIRS,n,2.0NRT,282.58,1.19,N
21.18654,81.38831,304.9,0.39,0.36,2026-09-13,2017,N20,VIIRS,n,2.0NRT,287.03,1.57,N
24.20374,82.70767,307.35,0.38,0.36,2026-09-13,2017,N20,VIIRS,n,2.0NRT,291.17,1.24,N
21.19339,81.38935,309.34,0.39,0.36,2026-09-13,2017,N20,VIIRS,n,2.0NRT,290.74,1.51,N
21.62337,81.7934,304.26,0.38,0.36,2026-09-13,2017,N20,VIIRS,n,2.0NRT,289.98,0.66,N
20.96832,86.01337,324.81,0.5,0.41,2026-09-13,2017,N20,VIIRS,n,2.0NRT,283.91,4.93,N
21.67938,84.03876,316.69,0.41,0.37,2026-09-13,2017,N20,VIIRS,n,2.0NRT,291.25,1.9,N
21.68277,84.03941,305.98,0.41,0.37,2026-09-13,2017,N20,VIIRS,n,2.0NRT,290.14,1.45,N
21.74391,83.84244,299.83,0.4,0.37,2026-09-13,2017,N20,VIIRS,n,2.0NRT,272.1,4.23,N
21.71387,84.0414,307.7,0.41,0.37,2026-09-13,2017,N20,VIIRS,n,2.0NRT,289.81,1.02,N
21.74728,83.8431,336.06,0.4,0.37,2026-09-13,2017,N20,VIIRS,n,2.0NRT,284.36,4.23,N
21.75064,83.84376,305.24,0.4,0.37,2026-09-13,2017,N20,VIIRS,n,2.0NRT,286.94,1.39,N
21.754,83.84441,313.14,0.4,0.37,2026-09-13,2017,N20,VIIRS,n,2.0NRT,287.46,1.39,N
21.75736,83.84506,323.35,0.4,0.37,2026-09-13,2017,N20,VIIRS,n,2.0NRT,287.61,1.71,N
21.76072,83.84571,303.93,0.4,0.37,2026-09-13,2017,N20,VIIRS,n,2.0NRT,286.65,1.71,N
21.76137,83.84184,305.49,0.4,0.37,2026-09-13,2017,N20,VIIRS,n,2.0NRT,286.76,1.96,N
21.76409,83.84636,314.53,0.4,0.37,2026-09-13,2017,N20,VIIRS,n,2.0NRT,286.69,2.02,N
21.76344,83.85023,323.76,0.4,0.37,2026-09-13,2017,N20,VIIRS,n,2.0NRT,288.12,2.02,N
21.79392,83.88322,309.15,0.4,0.37,2026-09-13,2017,N20,VIIRS,n,2.0NRT,289.75,0.91,N
21.82562,83.9013,306.15,0.4,0.37,2026-09-13,2017,N20,VIIRS,n,2.0NRT,290.04,1.24,N
24.93103,84.14657,308.52,0.39,0.36,2026-09-13,2017,N20,VIIRS,n,2.0NRT,292.41,0.57,N
24.92707,84.14976,309.37,0.39,0.36,2026-09-13,2017,N20,VIIRS,n,2.0NRT,292.05,1.13,N
24.92246,84.1568,314.11,0.39,0.36,2026-09-13,2017,N20,VIIRS,n,2.0NRT,292.26,0.88,N
24.45079,83.03911,306.69,0.38,0.36,2026-09-13,2017,N20,VIIRS,n,2.0NRT,292.24,0.74,N
23.69721,87.09389,309.38,0.52,0.41,2026-09-13,2017,N20,VIIRS,n,2.0NRT,289.38,1.8,N
23.69535,87.10394,306.01,0.52,0.41,2026-09-13,2017,N20,VIIRS,n,2.0NRT,289.57,2.06,N
23.69348,87.11399,311.99,0.52,0.42,2026-09-13,2017,N20,VIIRS,n,2.0NRT,289.62,1.88,N
23.69255,87.11903,307.97,0.52,0.42,2026-09-13,2017,N20,VIIRS,n,2.0NRT,290.03,1.88,N
23.69162,87.12405,310.15,0.52,0.42,2026-09-13,2017,N20,VIIRS,n,2.0NRT,289.95,2.02,N
23.69252,87.09808,306.3,0.52,0.41,2026-09-13,2017,N20,VIIRS,n,2.0NRT,289.44,1.01,N
23.68785,87.12324,311.42,0.52,0.42,2026-09-13,2017,N20,VIIRS,n,2.0NRT,290.14,1.28,N
21.96682,83.77269,299.16,0.4,0.37,2026-09-13,2017,N20,VIIRS,n,2.0NRT,278.48,1.08,N
22.01674,83.75377,302.08,0.4,0.37,2026-09-13,2017,N20,VIIRS,n,2.0NRT,274.85,1.08,N
22.3564,82.30225,329.39,0.38,0.36,2026-09-13,2017,N20,VIIRS,n,2.0NRT,292.2,3.01,N
21.95148,83.78162,302.37,0.4,0.37,2026-09-13,2017,N20,VIIRS,n,2.0NRT,281.97,1.06,N
22.31854,82.56168,315.78,0.38,0.36,2026-09-13,2017,N20,VIIRS,n,2.0NRT,291.68,2.97,N
22.35969,82.30286,330.24,0.38,0.36,2026-09-13,2017,N20,VIIRS,n,2.0NRT,292.58,3.01,N
22.32183,82.56229,307.09,0.38,0.36,2026-09-13,2017,N20,VIIRS,n,2.0NRT,290.96,2.26,N
17.60587,83.2026,296.19,0.42,0.37,2026-09-13,2019,N20,VIIRS,n,2.0NRT,263.76,0.76,N
17.59694,83.19299,299.96,0.42,0.37,2026-09-13,2019,N20,VIIRS,n,2.0NRT,277.31,0.61,N
17.95855,80.79545,311.16,0.39,0.36,2026-09-13,2019,N20,VIIRS,n,2.0NRT,284.27,1.68,N
11.17756,79.0885,309.51,0.39,0.36,2026-09-13,2019,N20,VIIRS,n,2.0NRT,290.37,1.59,N
17.60928,83.20323,295.08,0.42,0.37,2026-09-13,2019,N20,VIIRS,n,2.0NRT,262.08,0.76,N
13.86769,77.41703,333.07,0.52,0.67,2026-09-14,0726,N20,VIIRS,n,2.0NRT,299.56,2.31,D
15.77378,80.35506,339.5,0.61,0.53,2026-09-14,0726,N20,VIIRS,n,2.0NRT,297.86,5.65,D
15.33649,77.07091,335.28,0.52,0.66,2026-09-14,0726,N20,VIIRS,n,2.0NRT,301.57,3.2,D
13.00628,76.33424,332.81,0.64,0.72,2026-09-14,0726,N20,VIIRS,n,2.0NRT,294.19,6.84,D
15.82252,79.83504,331.43,0.33,0.55,2026-09-14,0726,N20,VIIRS,n,2.0NRT,296.42,1.17,D
15.77269,80.34946,332.88,0.61,0.54,2026-09-14,0726,N20,VIIRS,n,2.0NRT,297.04,5.65,D
13.7262,78.37474,338.71,0.45,0.63,2026-09-14,0726,N20,VIIRS,n,2.0NRT,294.68,5.2,D
13.99228,78.13817,330.44,0.47,0.64,2026-09-14,0726,N20,VIIRS,n,2.0NRT,296.45,2.38,D
21.92191,83.35178,337.88,0.48,0.4,2026-09-14,0729,N20,VIIRS,n,2.0NRT,297.99,6.14,D
15.44206,76.75722,334.14,0.54,0.68,2026-09-14,0729,N20,VIIRS,n,2.0NRT,301.45,8.24,D
15.37245,75.97004,344,0.61,0.71,2026-09-14,0729,N20,VIIRS,n,2.0NRT,297.95,8.72,D
16.31328,78.44664,330.84,0.4,0.6,2026-09-14,0729,N20,VIIRS,n,2.0NRT,293.75,2.49,D
16.76907,79.8007,336.26,0.32,0.54,2026-09-14,0729,N20,VIIRS,n,2.0NRT,285.51,3.38,D
17.60026,83.18597,332.11,0.56,0.43,2026-09-14,0729,N20,VIIRS,n,2.0NRT,295.73,8.15,D
20.76038,85.29754,332.34,0.41,0.37,2026-09-14,0729,N20,VIIRS,l,2.0NRT,299.6,6.72,D
20.80654,85.25679,334.62,0.41,0.37,2026-09-14,0729,N20,VIIRS,n,2.0NRT,298.33,6.6,D
20.96446,85.19142,335.87,0.41,0.37,2026-09-14,0729,N20,VIIRS,l,2.0NRT,294.96,4.19,D
20.96382,85.1875,340.46,0.41,0.37,2026-09-14,0729,N20,VIIRS,n,2.0NRT,296.01,4.19,D
20.96188,85.17567,330.55,0.42,0.37,2026-09-14,0729,N20,VIIRS,l,2.0NRT,292.96,7.25,D
20.96415,85.16737,330.24,0.42,0.37,2026-09-14,0729,N20,VIIRS,l,2.0NRT,295.53,6.18,D
20.96953,85.17858,332.44,0.41,0.37,2026-09-14,0729,N20,VIIRS,l,2.0NRT,294.49,5.06,D
20.96887,85.17462,344.28,0.42,0.37,2026-09-14,0729,N20,VIIRS,n,2.0NRT,296.5,11.07,D
21.18651,81.39293,327.52,0.42,0.45,2026-09-14,0729,N20,VIIRS,n,2.0NRT,296.12,5.23,D
21.92598,85.22399,330.49,0.41,0.37,2026-09-14,0729,N20,VIIRS,l,2.0NRT,300.67,4.47,D
21.74111,83.84176,329.9,0.46,0.39,2026-09-14,0729,N20,VIIRS,l,2.0NRT,300.28,8.82,D
21.74897,83.84466,337.72,0.46,0.39,2026-09-14,0729,N20,VIIRS,l,2.0NRT,300.29,13.46,D
21.75607,83.84324,332.02,0.46,0.39,2026-09-14,0729,N20,VIIRS,l,2.0NRT,298.25,4.11,D
21.76114,83.85121,330.32,0.46,0.39,2026-09-14,0729,N20,VIIRS,l,2.0NRT,299.72,9.38,D
21.75962,83.84253,329.08,0.46,0.39,2026-09-14,0729,N20,VIIRS,l,2.0NRT,299.47,4.11,D
22.36448,87.30244,340.49,0.38,0.36,2026-09-14,0729,N20,VIIRS,n,2.0NRT,301.11,6.57,D
22.3624,87.01753,331.04,0.38,0.36,2026-09-14,0729,N20,VIIRS,n,2.0NRT,299.91,7.04,D
22.66937,88.2926,332.94,0.4,0.37,2026-09-14,0729,N20,VIIRS,n,2.0NRT,297.25,2.69,D
21.91828,83.35252,338.5,0.48,0.4,2026-09-14,0729,N20,VIIRS,n,2.0NRT,298.83,6.14,D
24.29748,93.71398,339.7,0.5,0.49,2026-09-14,0729,N20,VIIRS,n,2.0NRT,294.87,7.95,D
24.29694,93.70903,333.51,0.5,0.49,2026-09-14,0729,N20,VIIRS,n,2.0NRT,296.18,7.95,D
24.29876,93.71069,348.55,0.5,0.49,2026-09-14,0729,N20,VIIRS,n,2.0NRT,296.22,14.63,D
23.58181,86.72641,333.7,0.38,0.36,2026-09-14,0729,N20,VIIRS,n,2.0NRT,300.71,4.53,D
23.66371,87.15732,332.04,0.39,0.36,2026-09-14,0729,N20,VIIRS,n,2.0NRT,299.37,2.67,D
23.66315,87.15356,334.41,0.39,0.36,2026-09-14,0729,N20,VIIRS,n,2.0NRT,300.1,2.67,D
23.68909,87.09878,330.64,0.39,0.36,2026-09-14,0729,N20,VIIRS,l,2.0NRT,301.73,3.82,D
23.67817,86.39843,341.07,0.38,0.36,2026-09-14,0729,N20,VIIRS,n,2.0NRT,302.81,9.2,D
23.68417,86.39351,348.25,0.38,0.36,2026-09-14,0729,N20,VIIRS,n,2.0NRT,302.5,9.73,D
23.6817,86.09404,336.79,0.39,0.36,2026-09-14,0729,N20,VIIRS,n,2.0NRT,299.71,4.63,D
23.73768,86.43369,340.67,0.38,0.36,2026-09-14,0729,N20,VIIRS,n,2.0NRT,296.56,2.75,D
23.77256,86.19659,333.33,0.39,0.36,2026-09-14,0729,N20,VIIRS,n,2.0NRT,300.82,6.94,D
23.77818,86.21096,345.7,0.38,0.36,2026-09-14,0729,N20,VIIRS,n,2.0NRT,300.72,8.81,D
23.78147,86.21036,334.04,0.38,0.36,2026-09-14,0729,N20,VIIRS,n,2.0NRT,299.88,3.98,D
23.75655,85.85595,330.51,0.39,0.36,2026-09-14,0729,N20,VIIRS,n,2.0NRT,299.15,6.25,D
24.11526,86.86087,330.01,0.38,0.36,2026-09-14,0729,N20,VIIRS,n,2.0NRT,298.67,1.85,D
34.30952,73.84903,331.02,0.63,0.54,2026-09-14,0731,N20,VIIRS,n,2.0NRT,295.64,5.9,D
31.67763,75.00666,336.6,0.62,0.54,2026-09-14,0731,N20,VIIRS,n,2.0NRT,292.92,8.17,D
31.70946,74.51023,346,0.33,0.55,2026-09-14,0731,N20,VIIRS,n,2.0NRT,294.4,3.99,D
27.37669,95.33676,331.75,0.35,0.56,2026-09-14,0731,N20,VIIRS,n,2.0NRT,291.71,1.78,D
31.12562,74.64755,345.55,0.33,0.56,2026-09-14,0731,N20,VIIRS,n,2.0NRT,295.32,4.55,D
31.33463,74.84099,367,0.32,0.55,2026-09-14,0731,N20,VIIRS,h,2.0NRT,294.8,7.82,D
12.98791,76.12696,355.38,0.59,0.7,2026-09-14,0905,N20,VIIRS,n,2.0NRT,293.23,12.4,D
27.43555,70.56192,338.3,0.38,0.59,2026-09-14,0909,N20,VIIRS,n,2.0NRT,303.82,4.29,D
23.7788,86.34817,309.4,0.39,0.36,2026-09-14,1955,N20,VIIRS,n,2.0NRT,292.81,0.6,N
28.89683,78.85297,306.34,0.35,0.57,2026-09-14,1955,N20,VIIRS,n,2.0NRT,289.13,0.69,N
28.74599,76.92405,307.18,0.46,0.63,2026-09-14,1955,N20,VIIRS,n,2.0NRT,289.64,0.94,N
28.70955,76.85361,304.59,0.46,0.64,2026-09-14,1955,N20,VIIRS,n,2.0NRT,289.47,0.7,N
28.37349,77.22219,309.57,0.43,0.62,2026-09-14,1955,N20,VIIRS,n,2.0NRT,290.31,1.02,N
28.34993,77.22858,313.44,0.43,0.62,2026-09-14,1955,N20,VIIRS,n,2.0NRT,290.17,1.34,N
28.3487,77.22671,305.14,0.43,0.62,2026-09-14,1955,N20,VIIRS,n,2.0NRT,289.95,1.16,N
28.34835,77.23116,304.86,0.43,0.62,2026-09-14,1955,N20,VIIRS,n,2.0NRT,289.98,1.35,N
25.47734,94.44224,298.62,0.45,0.47,2026-09-14,1955,N20,VIIRS,n,2.0NRT,282.46,0.64,N
25.57481,92.52072,308.61,0.53,0.42,2026-09-14,1955,N20,VIIRS,n,2.0NRT,280.78,2.01,N
25.54233,91.23698,300.63,0.46,0.39,2026-09-14,1955,N20,VIIRS,n,2.0NRT,281.36,0.6,N
26.64508,79.47594,305.63,0.6,0.53,2026-09-14,1955,N20,VIIRS,n,2.0NRT,288.76,1.62,N
25.03652,87.3879,304.7,0.38,0.36,2026-09-14,1955,N20,VIIRS,n,2.0NRT,289.17,0.82,N
24.92924,84.14492,307.38,0.47,0.4,2026-09-14,1955,N20,VIIRS,n,2.0NRT,292.36,1.23,N
24.92374,84.15817,307.1,0.47,0.39,2026-09-14,1955,N20,VIIRS,n,2.0NRT,292.25,1.06,N
24.12174,86.8633,308.29,0.39,0.36,2026-09-14,1955,N20,VIIRS,n,2.0NRT,292.29,0.32,N
24.1155,86.8586,321.82,0.39,0.36,2026-09-14,1955,N20,VIIRS,n,2.0NRT,293.63,2.33,N
24.11783,86.35113,307.69,0.39,0.36,2026-09-14,1955,N20,VIIRS,n,2.0NRT,292.63,0.68,N
23.80577,86.64161,307.39,0.39,0.36,2026-09-14,1955,N20,VIIRS,n,2.0NRT,292.81,0.55,N
23.69389,87.12325,320.48,0.38,0.36,2026-09-14,1955,N20,VIIRS,n,2.0NRT,293.98,1.61,N
23.69682,87.10455,308.1,0.38,0.36,2026-09-14,1955,N20,VIIRS,n,2.0NRT,293.15,0.78,N
23.69506,87.11576,310.97,0.38,0.36,2026-09-14,1955,N20,VIIRS,n,2.0NRT,293.48,1.8,N
23.69527,87.09272,312.61,0.38,0.36,2026-09-14,1955,N20,VIIRS,n,2.0NRT,292.87,1.43,N
23.69235,87.11142,310.79,0.38,0.36,2026-09-14,1955,N20,VIIRS,n,2.0NRT,293.57,1.2,N
23.6906,87.12263,315.67,0.38,0.36,2026-09-14,1955,N20,VIIRS,n,2.0NRT,293.91,1.42,N
23.69081,87.09959,320.4,0.38,0.36,2026-09-14,1955,N20,VIIRS,n,2.0NRT,293.94,2.09,N
23.68731,87.12202,322.2,0.38,0.36,2026-09-14,1955,N20,VIIRS,n,2.0NRT,293.73,1.42,N
23.80552,86.32944,328.77,0.39,0.36,2026-09-14,1955,N20,VIIRS,n,2.0NRT,295.72,2.56,N
23.68284,87.1289,312.53,0.38,0.36,2026-09-14,1955,N20,VIIRS,n,2.0NRT,293.38,1.24,N
23.8022,86.32884,334.46,0.39,0.36,2026-09-14,1955,N20,VIIRS,n,2.0NRT,294.68,2.56,N
23.80335,86.32118,317.25,0.39,0.36,2026-09-14,1955,N20,VIIRS,n,2.0NRT,293.07,1.53,N
23.80277,86.32502,308.2,0.39,0.36,2026-09-14,1955,N20,VIIRS,n,2.0NRT,293.45,1.53,N
23.80162,86.33266,309.54,0.39,0.36,2026-09-14,1955,N20,VIIRS,n,2.0NRT,293.19,2.56,N
23.79933,86.34792,309.7,0.39,0.36,2026-09-14,1955,N20,VIIRS,n,2.0NRT,293.7,1.18,N
23.79543,86.35114,322.88,0.39,0.36,2026-09-14,1955,N20,VIIRS,n,2.0NRT,293.57,1.21,N
23.79485,86.35497,308.51,0.39,0.36,2026-09-14,1955,N20,VIIRS,n,2.0NRT,293.23,1.21,N
23.79153,86.35437,308.16,0.39,0.36,2026-09-14,1955,N20,VIIRS,n,2.0NRT,293.3,1.21,N
23.78246,86.39192,309.95,0.39,0.36,2026-09-14,1955,N20,VIIRS,n,2.0NRT,293.99,1.92,N
23.66558,87.15264,310.53,0.38,0.36,2026-09-14,1955,N20,VIIRS,n,2.0NRT,293.73,0.92,N
23.665,87.15638,319.94,0.38,0.36,2026-09-14,1955,N20,VIIRS,n,2.0NRT,294.62,1.25,N
23.66441,87.16012,316.83,0.38,0.36,2026-09-14,1955,N20,VIIRS,n,2.0NRT,293.55,1.25,N
23.77971,86.38751,331.25,0.39,0.36,2026-09-14,1955,N20,VIIRS,n,2.0NRT,294.41,1.92,N
23.79521,86.28439,306.75,0.39,0.36,2026-09-14,1955,N20,VIIRS,n,2.0NRT,292.88,1.3,N
23.78201,86.37225,315.51,0.39,0.36,2026-09-14,1955,N20,VIIRS,n,2.0NRT,293.27,1.36,N
23.77913,86.39132,317.46,0.39,0.36,2026-09-14,1955,N20,VIIRS,n,2.0NRT,294.6,1.92,N
23.66229,87.15203,311.01,0.38,0.36,2026-09-14,1955,N20,VIIRS,n,2.0NRT,293,0.92,N
23.6617,87.15578,312.85,0.38,0.36,2026-09-14,1955,N20,VIIRS,n,2.0NRT,293.23,1.25,N
23.78328,86.34113,308.32,0.39,0.36,2026-09-14,1955,N20,VIIRS,n,2.0NRT,293.28,1.61,N
23.78213,86.34876,308.77,0.39,0.36,2026-09-14,1955,N20,VIIRS,n,2.0NRT,292.96,0.6,N
23.77639,86.38692,316.73,0.39,0.36,2026-09-14,1955,N20,VIIRS,n,2.0NRT,294.25,2.17,N
23.77294,86.40977,309,0.39,0.36,2026-09-14,1955,N20,VIIRS,n,2.0NRT,292.96,0.66,N
23.796,86.23342,311.17,0.39,0.36,2026-09-14,1955,N20,VIIRS,n,2.0NRT,293.03,1.25,N
23.77651,86.36343,317.2,0.39,0.36,2026-09-14,1955,N20,VIIRS,n,2.0NRT,293.75,1.63,N
23.77077,86.40155,312.71,0.39,0.36,2026-09-14,1955,N20,VIIRS,n,2.0NRT,293.23,1.38,N
23.77319,86.36283,334.23,0.39,0.36,2026-09-14,1955,N20,VIIRS,n,2.0NRT,293.97,3.83,N
23.76687,86.40476,332.1,0.39,0.36,2026-09-14,1955,N20,VIIRS,n,2.0NRT,294.83,2.35,N
23.76745,86.40095,316.26,0.39,0.36,2026-09-14,1955,N20,VIIRS,n,2.0NRT,294.47,2.35,N
23.76355,86.40417,338.04,0.39,0.36,2026-09-14,1955,N20,VIIRS,n,2.0NRT,294.84,2.35,N
23.76528,86.39273,314.76,0.39,0.36,2026-09-14,1955,N20,VIIRS,n,2.0NRT,295.37,3.31,N
23.76413,86.40035,310.36,0.39,0.36,2026-09-14,1955,N20,VIIRS,n,2.0NRT,293.19,2.35,N
23.76081,86.39976,325.42,0.39,0.36,2026-09-14,1955,N20,VIIRS,n,2.0NRT,293.71,1.87,N
23.76023,86.40357,319.17,0.39,0.36,2026-09-14,1955,N20,VIIRS,n,2.0NRT,293.83,1.87,N
23.75691,86.40297,321.75,0.39,0.36,2026-09-14,1955,N20,VIIRS,n,2.0NRT,293.87,1.87,N
23.75449,86.39904,307.26,0.39,0.36,2026-09-14,1955,N20,VIIRS,n,2.0NRT,293.2,0.91,N
23.75217,86.41427,309.18,0.39,0.36,2026-09-14,1955,N20,VIIRS,n,2.0NRT,292.66,1.02,N
23.75159,86.41808,319.4,0.39,0.36,2026-09-14,1955,N20,VIIRS,n,2.0NRT,294.26,1.02,N
23.67202,86.93475,307.15,0.39,0.36,2026-09-14,1955,N20,VIIRS,n,2.0NRT,293.42,0.64,N
23.77956,86.2113,340.95,0.39,0.36,2026-09-14,1955,N20,VIIRS,n,2.0NRT,294.94,3.63,N
23.78014,86.20746,315.05,0.39,0.36,2026-09-14,1955,N20,VIIRS,n,2.0NRT,293.98,3.63,N
23.74827,86.41747,308.12,0.39,0.36,2026-09-14,1955,N20,VIIRS,n,2.0NRT,293.24,1.02,N
23.66872,86.93414,308.05,0.39,0.36,2026-09-14,1955,N20,VIIRS,n,2.0NRT,292.72,0.64,N
23.77681,86.20685,311.48,0.39,0.36,2026-09-14,1955,N20,VIIRS,n,2.0NRT,294.24,1.49,N
23.77623,86.21069,310.68,0.39,0.36,2026-09-14,1955,N20,VIIRS,n,2.0NRT,294.24,1.49,N
23.73874,86.43528,332.35,0.39,0.36,2026-09-14,1955,N20,VIIRS,n,2.0NRT,295.26,2.96,N
23.77522,86.19475,315.16,0.39,0.36,2026-09-14,1955,N20,VIIRS,n,2.0NRT,293.06,1.36,N
23.73932,86.43148,312.82,0.39,0.36,2026-09-14,1955,N20,VIIRS,n,2.0NRT,293.57,1.59,N
23.66446,86.91793,310.27,0.39,0.36,2026-09-14,1955,N20,VIIRS,n,2.0NRT,293.67,1.35,N
23.736,86.43089,324.67,0.39,0.36,2026-09-14,1955,N20,VIIRS,n,2.0NRT,294.3,1.49,N
23.77883,86.14807,314.52,0.39,0.37,2026-09-14,1955,N20,VIIRS,n,2.0NRT,291.84,1.24,N
23.77189,86.19415,308.28,0.39,0.36,2026-09-14,1955,N20,VIIRS,n,2.0NRT,292.69,1.48,N
23.77131,86.19798,317.14,0.39,0.36,2026-09-14,1955,N20,VIIRS,n,2.0NRT,293.08,1.84,N
23.73658,86.42709,309.25,0.39,0.36,2026-09-14,1955,N20,VIIRS,n,2.0NRT,292.82,1.49,N
23.73542,86.43468,310.09,0.39,0.36,2026-09-14,1955,N20,VIIRS,n,2.0NRT,294.1,1.39,N
23.73484,86.43849,310.21,0.39,0.36,2026-09-14,1955,N20,VIIRS,n,2.0NRT,295.71,1.39,N
23.72431,86.4405,316.95,0.39,0.36,2026-09-14,1955,N20,VIIRS,n,2.0NRT,294.61,2.26,N
23.72388,86.42089,310.97,0.39,0.36,2026-09-14,1955,N20,VIIRS,n,2.0NRT,295.83,1.83,N
23.61179,87.14686,309.96,0.38,0.36,2026-09-14,1955,N20,VIIRS,n,2.0NRT,294.12,0.98,N
23.71767,86.43929,307.4,0.39,0.36,2026-09-14,1955,N20,VIIRS,n,2.0NRT,293.16,1.3,N
23.7171,86.4431,315.07,0.39,0.36,2026-09-14,1955,N20,VIIRS,n,2.0NRT,294.04,1.3,N
23.71262,86.4501,328.41,0.39,0.36,2026-09-14,1955,N20,VIIRS,n,2.0NRT,295.14,2.28,N
23.71725,86.4197,310.96,0.39,0.36,2026-09-14,1955,N20,VIIRS,n,2.0NRT,293.04,0.81,N
23.71609,86.42729,308.81,0.39,0.36,2026-09-14,1955,N20,VIIRS,n,2.0NRT,294.22,1.44,N
23.71335,86.42291,314.99,0.39,0.36,2026-09-14,1955,N20,VIIRS,n,2.0NRT,294.77,1.44,N
23.70931,86.4495,316.67,0.39,0.36,2026-09-14,1955,N20,VIIRS,n,2.0NRT,294.33,2.28,N
23.77405,85.99674,308.69,0.4,0.37,2026-09-14,1955,N20,VIIRS,n,2.0NRT,292.34,1.17,N
23.83796,85.46795,308,0.41,0.37,2026-09-14,1955,N20,VIIRS,n,2.0NRT,293.33,1.15,N
23.83739,85.47194,307.75,0.41,0.37,2026-09-14,1955,N20,VIIRS,n,2.0NRT,291.56,0.79,N
23.6332,86.83508,308.02,0.39,0.36,2026-09-14,1955,N20,VIIRS,n,2.0NRT,293.41,1.35,N
23.82654,85.49871,306.58,0.41,0.37,2026-09-14,1955,N20,VIIRS,n,2.0NRT,292.63,1.13,N
24.19838,82.71709,314.81,0.54,0.42,2026-09-14,1955,N20,VIIRS,n,2.0NRT,290.88,2.27,N
23.82372,85.49413,305.46,0.41,0.37,2026-09-14,1955,N20,VIIRS,n,2.0NRT,292.13,1.13,N
23.56151,87.22978,312.29,0.38,0.36,2026-09-14,1955,N20,VIIRS,n,2.0NRT,293.06,0.77,N
23.56034,87.23724,308.25,0.38,0.36,2026-09-14,1955,N20,VIIRS,n,2.0NRT,292.76,1.03,N
23.68751,86.39091,321.85,0.39,0.36,2026-09-14,1955,N20,VIIRS,n,2.0NRT,293.19,1.45,N
23.68693,86.39473,306.34,0.39,0.36,2026-09-14,1955,N20,VIIRS,n,2.0NRT,292.32,1.9,N
23.55646,87.24037,310.16,0.38,0.36,2026-09-14,1955,N20,VIIRS,n,2.0NRT,293.74,0.81,N
23.68361,86.39413,329.76,0.39,0.36,2026-09-14,1955,N20,VIIRS,n,2.0NRT,294.67,1.9,N
23.68419,86.39031,309.85,0.39,0.36,2026-09-14,1955,N20,VIIRS,n,2.0NRT,292.22,1.45,N
23.55258,87.24349,310.98,0.38,0.36,2026-09-14,1955,N20,VIIRS,n,2.0NRT,293.99,1.07,N
23.55199,87.24723,307.63,0.38,0.36,2026-09-14,1955,N20,VIIRS,n,2.0NRT,294.06,1.07,N
23.67972,86.39734,323.79,0.39,0.36,2026-09-14,1955,N20,VIIRS,n,2.0NRT,295.04,1.89,N
23.76066,85.85484,306.9,0.4,0.37,2026-09-14,1955,N20,VIIRS,n,2.0NRT,292.44,1.33,N
23.6764,86.39674,321.09,0.39,0.36,2026-09-14,1955,N20,VIIRS,n,2.0NRT,294.83,1.89,N
23.67582,86.40054,324.47,0.39,0.36,2026-09-14,1955,N20,VIIRS,n,2.0NRT,295.57,3.33,N
23.75787,85.85034,308.18,0.4,0.37,2026-09-14,1955,N20,VIIRS,n,2.0NRT,291.82,0.86,N
23.7573,85.85424,314.51,0.4,0.37,2026-09-14,1955,N20,VIIRS,n,2.0NRT,293.7,1.33,N
23.67697,86.39292,314.46,0.39,0.36,2026-09-14,1955,N20,VIIRS,n,2.0NRT,292.81,1.89,N
23.61646,86.7896,307.76,0.39,0.36,2026-09-14,1955,N20,VIIRS,n,2.0NRT,293.7,1.01,N
23.75394,85.85365,317.72,0.4,0.37,2026-09-14,1955,N20,VIIRS,n,2.0NRT,293.46,2.35,N
23.61374,86.78528,307.35,0.39,0.36,2026-09-14,1955,N20,VIIRS,n,2.0NRT,293.22,1.67,N
24.18168,82.66037,307.43,0.54,0.42,2026-09-14,1955,N20,VIIRS,n,2.0NRT,290.96,1.79,N
23.5607,87.08363,318.35,0.38,0.36,2026-09-14,1955,N20,VIIRS,n,2.0NRT,294.06,1.59,N
23.78739,85.55305,318.04,0.41,0.37,2026-09-14,1955,N20,VIIRS,n,2.0NRT,292.33,1.63,N
23.784,85.55246,304.3,0.41,0.37,2026-09-14,1955,N20,VIIRS,n,2.0NRT,291.41,0.58,N
23.78057,85.57623,307.42,0.41,0.37,2026-09-14,1955,N20,VIIRS,n,2.0NRT,293.51,1.06,N
23.6821,86.09234,331.1,0.4,0.37,2026-09-14,1955,N20,VIIRS,n,2.0NRT,293.77,3.13,N
23.68326,86.08464,309.54,0.4,0.37,2026-09-14,1955,N20,VIIRS,n,2.0NRT,293.06,1.23,N
23.68152,86.09618,310.41,0.39,0.37,2026-09-14,1955,N20,VIIRS,n,2.0NRT,292.68,2.16,N
23.67992,86.08406,315.5,0.4,0.37,2026-09-14,1955,N20,VIIRS,n,2.0NRT,293.52,1.26,N
23.58211,86.72605,319.28,0.39,0.36,2026-09-14,1955,N20,VIIRS,n,2.0NRT,294.32,2.33,N
23.48277,87.36163,312,0.38,0.36,2026-09-14,1955,N20,VIIRS,n,2.0NRT,294.83,1.42,N
23.676,86.08732,332.52,0.4,0.37,2026-09-14,1955,N20,VIIRS,n,2.0NRT,293.28,3.74,N
23.67658,86.08347,306.11,0.4,0.37,2026-09-14,1955,N20,VIIRS,n,2.0NRT,292.72,1.26,N
23.67195,86.11424,307.49,0.39,0.37,2026-09-14,1955,N20,VIIRS,n,2.0NRT,292.49,1,N
23.83949,84.94859,306.99,0.42,0.38,2026-09-14,1955,N20,VIIRS,n,2.0NRT,291.19,1.16,N
23.82684,84.93796,305.16,0.43,0.38,2026-09-14,1955,N20,VIIRS,n,2.0NRT,291.88,0.95,N
23.7449,85.5061,306.09,0.41,0.37,2026-09-14,1955,N20,VIIRS,n,2.0NRT,292.15,0.62,N
23.55306,86.53885,308.1,0.39,0.36,2026-09-14,1955,N20,VIIRS,n,2.0NRT,292.81,0.3,N
23.54917,86.54203,306.69,0.39,0.36,2026-09-14,1955,N20,VIIRS,n,2.0NRT,292.94,0.6,N
23.54859,86.54581,307.19,0.39,0.36,2026-09-14,1955,N20,VIIRS,n,2.0NRT,293.4,0.6,N
23.82831,84.5709,306.56,0.44,0.38,2026-09-14,1955,N20,VIIRS,n,2.0NRT,288.12,0.4,N
23.71032,85.28665,307.2,0.41,0.37,2026-09-14,1955,N20,VIIRS,n,2.0NRT,290.99,1.23,N
23.69883,85.36712,309.97,0.41,0.37,2026-09-14,1955,N20,VIIRS,n,2.0NRT,290.89,0.78,N
23.69657,85.35851,310.03,0.41,0.37,2026-09-14,1955,N20,VIIRS,n,2.0NRT,291.41,0.65,N
23.69485,85.37053,308.89,0.41,0.37,2026-09-14,1955,N20,VIIRS,n,2.0NRT,291.85,1.3,N
23.73992,85.00963,314.35,0.42,0.38,2026-09-14,1955,N20,VIIRS,n,2.0NRT,292.04,2.31,N
23.6958,85.28976,313.18,0.41,0.37,2026-09-14,1955,N20,VIIRS,n,2.0NRT,291.96,1.79,N
23.65681,85.50849,308.55,0.41,0.37,2026-09-14,1955,N20,VIIRS,n,2.0NRT,292.17,1.03,N
23.67687,85.32369,310.58,0.41,0.37,2026-09-14,1955,N20,VIIRS,n,2.0NRT,291.52,1.47,N
23.71865,85.01022,303.81,0.42,0.38,2026-09-14,1955,N20,VIIRS,n,2.0NRT,290.57,1.24,N
23.64975,85.43797,320.04,0.41,0.37,2026-09-14,1955,N20,VIIRS,n,2.0NRT,292.32,1.49,N
23.65033,85.43398,314.88,0.41,0.37,2026-09-14,1955,N20,VIIRS,n,2.0NRT,291.7,1.49,N
23.64636,85.43737,316.1,0.41,0.37,2026-09-14,1955,N20,VIIRS,n,2.0NRT,291.87,1.25,N
23.66753,84.99735,306.29,0.42,0.38,2026-09-14,1955,N20,VIIRS,n,2.0NRT,291.12,1,N
23.66408,84.99677,306.13,0.42,0.38,2026-09-14,1955,N20,VIIRS,n,2.0NRT,290.69,1,N
22.90076,88.40873,306.99,0.39,0.36,2026-09-14,1955,N20,VIIRS,n,2.0NRT,293.43,0.83,N
22.87232,88.21236,310.16,0.39,0.36,2026-09-14,1955,N20,VIIRS,n,2.0NRT,294.02,0.77,N
22.87489,86.06116,311.58,0.39,0.36,2026-09-14,1955,N20,VIIRS,n,2.0NRT,293.01,1.94,N
22.79866,86.20781,328.95,0.39,0.36,2026-09-14,1955,N20,VIIRS,n,2.0NRT,293.03,3,N
22.81709,86.08681,305.88,0.39,0.36,2026-09-14,1955,N20,VIIRS,n,2.0NRT,292.49,0.92,N
22.79649,86.19969,309.57,0.39,0.36,2026-09-14,1955,N20,VIIRS,n,2.0NRT,293.02,1.3,N
22.81044,86.08564,314.23,0.39,0.36,2026-09-14,1955,N20,VIIRS,n,2.0NRT,293.12,0.99,N
22.80987,86.08942,306.81,0.39,0.36,2026-09-14,1955,N20,VIIRS,n,2.0NRT,292.91,0.86,N
22.79317,86.19911,312.8,0.39,0.36,2026-09-14,1955,N20,VIIRS,n,2.0NRT,291.92,2.79,N
22.79144,86.21043,307.89,0.39,0.36,2026-09-14,1955,N20,VIIRS,n,2.0NRT,292.61,1.34,N
22.79042,86.19474,330.12,0.39,0.36,2026-09-14,1955,N20,VIIRS,n,2.0NRT,293.37,2.79,N
22.78985,86.19852,311.64,0.39,0.36,2026-09-14,1955,N20,VIIRS,n,2.0NRT,293.33,2.79,N
22.78927,86.2023,308.22,0.39,0.36,2026-09-14,1955,N20,VIIRS,n,2.0NRT,293.14,2.06,N
22.78595,86.20171,308.41,0.39,0.36,2026-09-14,1955,N20,VIIRS,n,2.0NRT,293.37,1.37,N
23.16815,82.34149,310.4,0.55,0.43,2026-09-14,1955,N20,VIIRS,n,2.0NRT,291.19,1.55,N
23.16492,82.33553,310.88,0.55,0.43,2026-09-14,1955,N20,VIIRS,n,2.0NRT,290.82,1.46,N
23.16425,82.34084,311.08,0.55,0.43,2026-09-14,1955,N20,VIIRS,n,2.0NRT,290.8,1.54,N
22.38904,87.28626,312.56,0.38,0.36,2026-09-14,1955,N20,VIIRS,n,2.0NRT,293.49,0.82,N
22.38128,87.29245,308.43,0.38,0.36,2026-09-14,1955,N20,VIIRS,n,2.0NRT,293.22,0.42,N
22.5932,85.90439,306.7,0.39,0.36,2026-09-14,1955,N20,VIIRS,n,2.0NRT,291.88,1.38,N
22.38035,87.27704,314.35,0.38,0.36,2026-09-14,1955,N20,VIIRS,n,2.0NRT,293.82,2.55,N
22.37706,87.27643,322.39,0.38,0.36,2026-09-14,1955,N20,VIIRS,n,2.0NRT,294.77,2.55,N
22.37647,87.28014,334.06,0.38,0.36,2026-09-14,1955,N20,VIIRS,n,2.0NRT,296.8,2.55,N
22.58987,85.90381,308.17,0.39,0.36,2026-09-14,1955,N20,VIIRS,n,2.0NRT,292.49,1.38,N
22.36963,87.30173,310.8,0.38,0.36,2026-09-14,1955,N20,VIIRS,n,2.0NRT,294.42,1.64,N
22.36634,87.30112,329.04,0.38,0.36,2026-09-14,1955,N20,VIIRS,n,2.0NRT,295.67,1.64,N
22.36693,87.29742,307.24,0.38,0.36,2026-09-14,1955,N20,VIIRS,n,2.0NRT,293.72,1.64,N
22.36575,87.30482,310.97,0.38,0.36,2026-09-14,1955,N20,VIIRS,n,2.0NRT,294.44,0.87,N
22.36305,87.30051,316.79,0.38,0.36,2026-09-14,1955,N20,VIIRS,n,2.0NRT,294.07,1.42,N
22.57377,85.89711,327.19,0.39,0.36,2026-09-14,1955,N20,VIIRS,n,2.0NRT,294.47,2.62,N
22.57491,85.8895,307.62,0.39,0.36,2026-09-14,1955,N20,VIIRS,n,2.0NRT,292.71,2.17,N
22.57434,85.8933,312,0.39,0.36,2026-09-14,1955,N20,VIIRS,n,2.0NRT,293.01,2.62,N
22.35824,87.2882,317.28,0.38,0.36,2026-09-14,1955,N20,VIIRS,n,2.0NRT,294.41,0.98,N
22.35765,87.2919,308.64,0.38,0.36,2026-09-14,1955,N20,VIIRS,n,2.0NRT,293.55,0.98,N
22.3676,87.01585,313.48,0.38,0.36,2026-09-14,1955,N20,VIIRS,n,2.0NRT,293.71,1.37,N
22.36372,87.01894,315.69,0.38,0.36,2026-09-14,1955,N20,VIIRS,n,2.0NRT,293.29,1.37,N
22.36043,87.01834,310.86,0.38,0.36,2026-09-14,1955,N20,VIIRS,n,2.0NRT,293.56,1.58,N
22.24318,87.38964,323.37,0.38,0.36,2026-09-14,1955,N20,VIIRS,n,2.0NRT,293.61,1.41,N
22.05586,88.12392,314.06,0.39,0.36,2026-09-14,1955,N20,VIIRS,n,2.0NRT,295.95,1.36,N
22.05192,88.12705,322.65,0.39,0.36,2026-09-14,1955,N20,VIIRS,n,2.0NRT,294.01,1.14,N
22.05254,88.12328,309.43,0.39,0.36,2026-09-14,1955,N20,VIIRS,n,2.0NRT,294.85,1.14,N
20.78874,85.25827,307.28,0.4,0.37,2026-09-14,1957,N20,VIIRS,n,2.0NRT,291.75,1.05,N
21.75372,83.84024,306.48,0.45,0.39,2026-09-14,1957,N20,VIIRS,n,2.0NRT,292.41,2.04,N
21.74958,83.84399,331.07,0.45,0.39,2026-09-14,1957,N20,VIIRS,n,2.0NRT,293.84,3.06,N
21.75017,83.83968,306.34,0.45,0.39,2026-09-14,1957,N20,VIIRS,n,2.0NRT,292.81,3.06,N
21.74603,83.84344,328.95,0.45,0.39,2026-09-14,1957,N20,VIIRS,n,2.0NRT,293.42,3.06,N
21.74247,83.84288,317.88,0.45,0.39,2026-09-14,1957,N20,VIIRS,n,2.0NRT,293.74,1.77,N
21.71542,84.03973,308.17,0.44,0.38,2026-09-14,1957,N20,VIIRS,n,2.0NRT,292.39,1.18,N
21.73892,83.84233,309.4,0.45,0.39,2026-09-14,1957,N20,VIIRS,n,2.0NRT,293.58,1.77,N
21.74338,83.84081,315.87,0.45,0.39,2026-09-14,1957,N20,VIIRS,n,2.0NRT,293.64,1.87,N
21.71478,84.04164,307.49,0.44,0.38,2026-09-14,1957,N20,VIIRS,n,2.0NRT,292.62,1.39,N
21.73983,83.84025,310.81,0.45,0.39,2026-09-14,1957,N20,VIIRS,n,2.0NRT,293.84,1.87,N
21.6984,84.03032,305.8,0.44,0.38,2026-09-14,1957,N20,VIIRS,n,2.0NRT,292.25,1.07,N
21.68252,84.04074,312.44,0.44,0.38,2026-09-14,1957,N20,VIIRS,n,2.0NRT,293.15,1.89,N
21.679,84.04017,309.05,0.44,0.38,2026-09-14,1957,N20,VIIRS,n,2.0NRT,293.21,1.62,N
21.80175,82.03972,308.15,0.55,0.43,2026-09-14,1957,N20,VIIRS,n,2.0NRT,291.25,1.26,N
21.67317,82.07784,309.77,0.55,0.42,2026-09-14,1957,N20,VIIRS,n,2.0NRT,291.87,1.75,N
21.00206,86.02672,320.36,0.39,0.36,2026-09-14,1957,N20,VIIRS,n,2.0NRT,292.2,2.44,N
20.99771,86.01077,313.11,0.39,0.36,2026-09-14,1957,N20,VIIRS,n,2.0NRT,291.88,2.37,N
20.97445,86.00687,317.82,0.39,0.36,2026-09-14,1957,N20,VIIRS,n,2.0NRT,292.46,1.83,N
20.97171,86.0026,321.83,0.39,0.36,2026-09-14,1957,N20,VIIRS,n,2.0NRT,293.14,4.13,N
20.96885,86.02109,312.1,0.39,0.36,2026-09-14,1957,N20,VIIRS,n,2.0NRT,291.6,2.59,N
20.96428,86.05065,309.2,0.39,0.36,2026-09-14,1957,N20,VIIRS,n,2.0NRT,292.58,2.66,N
20.95163,86.04465,330.54,0.39,0.36,2026-09-14,1957,N20,VIIRS,n,2.0NRT,292.48,5.23,N
20.95106,86.04834,333.37,0.39,0.36,2026-09-14,1957,N20,VIIRS,n,2.0NRT,293.24,6.89,N
21.08037,85.03474,317.15,0.4,0.37,2026-09-14,1957,N20,VIIRS,n,2.0NRT,293.78,1.8,N
21.07979,85.0386,311.24,0.4,0.37,2026-09-14,1957,N20,VIIRS,n,2.0NRT,292.75,1.8,N
21.07922,85.04247,307.88,0.4,0.37,2026-09-14,1957,N20,VIIRS,n,2.0NRT,292.28,1.05,N
21.07642,85.03804,317.39,0.4,0.37,2026-09-14,1957,N20,VIIRS,n,2.0NRT,293.63,1.8,N
21.07584,85.04191,312.61,0.4,0.37,2026-09-14,1957,N20,VIIRS,n,2.0NRT,291.77,1.05,N
21.07527,85.04578,306.56,0.4,0.37,2026-09-14,1957,N20,VIIRS,n,2.0NRT,291.78,1.05,N
21.07413,85.05354,310.03,0.4,0.37,2026-09-14,1957,N20,VIIRS,n,2.0NRT,291.65,1.92,N
21.07247,85.04134,311.08,0.4,0.37,2026-09-14,1957,N20,VIIRS,n,2.0NRT,291.78,1.45,N
21.48854,81.76844,308.62,0.57,0.43,2026-09-14,1957,N20,VIIRS,n,2.0NRT,291.44,1.52,N
21.4859,81.76768,308.17,0.57,0.43,2026-09-14,1957,N20,VIIRS,n,2.0NRT,291.65,1.39,N
20.97619,85.16854,316.16,0.4,0.37,2026-09-14,1957,N20,VIIRS,n,2.0NRT,292.24,2.05,N
20.97562,85.17236,318.63,0.4,0.37,2026-09-14,1957,N20,VIIRS,n,2.0NRT,292.25,2.05,N
20.97168,85.17564,319.94,0.4,0.37,2026-09-14,1957,N20,VIIRS,n,2.0NRT,292.65,3.45,N
20.96832,85.17507,340.1,0.4,0.37,2026-09-14,1957,N20,VIIRS,n,2.0NRT,292.93,3.45,N
20.96889,85.17123,308.91,0.4,0.37,2026-09-14,1957,N20,VIIRS,n,2.0NRT,291.89,2.81,N
20.96603,85.19035,314,0.4,0.37,2026-09-14,1957,N20,VIIRS,n,2.0NRT,291.93,1.68,N
20.96324,85.18597,330.91,0.4,0.37,2026-09-14,1957,N20,VIIRS,n,2.0NRT,292.76,2.77,N
20.96267,85.18979,329.2,0.4,0.37,2026-09-14,1957,N20,VIIRS,n,2.0NRT,293.64,3.62,N
20.96839,85.15151,306.13,0.4,0.37,2026-09-14,1957,N20,VIIRS,n,2.0NRT,292.49,1.45,N
20.96495,85.17451,311.57,0.4,0.37,2026-09-14,1957,N20,VIIRS,n,2.0NRT,292.3,1.28,N
20.96438,85.17833,308.22,0.4,0.37,2026-09-14,1957,N20,VIIRS,n,2.0NRT,292.37,1.28,N
20.96381,85.18216,309.96,0.4,0.37,2026-09-14,1957,N20,VIIRS,n,2.0NRT,292.21,2.77,N
20.96159,85.17394,312.88,0.4,0.37,2026-09-14,1957,N20,VIIRS,n,2.0NRT,291.7,1.28,N
20.958,85.0118,309.82,0.4,0.37,2026-09-14,1957,N20,VIIRS,n,2.0NRT,292.17,2.15,N
20.95462,85.01124,305.07,0.4,0.37,2026-09-14,1957,N20,VIIRS,n,2.0NRT,291.62,1.75,N
21.37986,81.67954,305.46,0.57,0.43,2026-09-14,1957,N20,VIIRS,n,2.0NRT,290.89,2.03,N
21.37588,81.67898,311.42,0.57,0.43,2026-09-14,1957,N20,VIIRS,n,2.0NRT,292.28,2.07,N
21.37123,81.68391,306.82,0.57,0.43,2026-09-14,1957,N20,VIIRS,n,2.0NRT,291.46,2.07,N
21.37765,81.67741,305.83,0.57,0.43,2026-09-14,1957,N20,VIIRS,n,2.0NRT,290.71,1.91,N
21.37296,81.68235,306.04,0.57,0.43,2026-09-14,1957,N20,VIIRS,n,2.0NRT,291.5,1.84,N
20.8987,84.98262,313.29,0.4,0.37,2026-09-14,1957,N20,VIIRS,n,2.0NRT,291.32,1.12,N
20.88857,84.98091,332.37,0.4,0.37,2026-09-14,1957,N20,VIIRS,n,2.0NRT,292.17,3.79,N
20.88519,84.98035,311.31,0.4,0.37,2026-09-14,1957,N20,VIIRS,n,2.0NRT,291.78,2.19,N
20.86601,84.99296,325.2,0.4,0.37,2026-09-14,1957,N20,VIIRS,n,2.0NRT,291.98,4.01,N
20.86658,84.98912,308.61,0.4,0.37,2026-09-14,1957,N20,VIIRS,n,2.0NRT,291.57,1.57,N
20.86321,84.98853,314.15,0.4,0.37,2026-09-14,1957,N20,VIIRS,n,2.0NRT,292.33,1.92,N
21.31166,81.58982,303.83,0.38,0.44,2026-09-14,1957,N20,VIIRS,n,2.0NRT,289.17,1.17,N
20.80943,85.25788,306.17,0.4,0.37,2026-09-14,1957,N20,VIIRS,n,2.0NRT,291.78,1.41,N
20.80607,85.25732,325.35,0.4,0.37,2026-09-14,1957,N20,VIIRS,n,2.0NRT,292.97,1.41,N
21.29738,81.60661,315.02,0.38,0.43,2026-09-14,1957,N20,VIIRS,n,2.0NRT,290.59,2.23,N
20.7988,85.25999,318.82,0.4,0.37,2026-09-14,1957,N20,VIIRS,n,2.0NRT,291.66,1.86,N
20.79658,85.25183,306.3,0.4,0.37,2026-09-14,1957,N20,VIIRS,n,2.0NRT,291.47,1,N
20.79322,85.25127,319.02,0.4,0.37,2026-09-14,1957,N20,VIIRS,n,2.0NRT,291.45,1,N
20.79266,85.25506,315.6,0.4,0.37,2026-09-14,1957,N20,VIIRS,n,2.0NRT,292.19,2.89,N
20.78762,85.26586,316.03,0.4,0.37,2026-09-14,1957,N20,VIIRS,n,2.0NRT,292.35,1.44,N
20.78483,85.26149,307.46,0.4,0.37,2026-09-14,1957,N20,VIIRS,n,2.0NRT,291.98,1.44,N
20.76032,85.29698,323.5,0.4,0.37,2026-09-14,1957,N20,VIIRS,n,2.0NRT,292.77,2.56,N
20.76089,85.29318,317.12,0.4,0.37,2026-09-14,1957,N20,VIIRS,n,2.0NRT,292.47,1.32,N
21.19675,81.41791,311.62,0.39,0.44,2026-09-14,1957,N20,VIIRS,n,2.0NRT,289.96,1.38,N
21.19571,81.41805,310.42,0.39,0.44,2026-09-14,1957,N20,VIIRS,n,2.0NRT,290.04,1.33,N
21.18344,81.38557,315.64,0.39,0.44,2026-09-14,1957,N20,VIIRS,n,2.0NRT,291.27,2.33,N
21.17941,81.38498,337.67,0.39,0.44,2026-09-14,1957,N20,VIIRS,n,2.0NRT,290.85,4.27,N
17.60687,83.20081,305.2,0.44,0.38,2026-09-14,1957,N20,VIIRS,n,2.0NRT,292.07,0.81,N
17.60141,83.18453,330.48,0.44,0.38,2026-09-14,1957,N20,VIIRS,n,2.0NRT,292.66,4.94,N
17.0629,76.97771,306.95,0.33,0.55,2026-09-14,1957,N20,VIIRS,n,2.0NRT,289.9,1.04,N
22.21455,84.86501,307.16,0.42,0.37,2026-09-14,1957,N20,VIIRS,n,2.0NRT,291.8,1.62,N
22.21397,84.86902,312.16,0.42,0.37,2026-09-14,1957,N20,VIIRS,n,2.0NRT,291.6,2.11,N
22.21113,84.86445,323.91,0.42,0.37,2026-09-14,1957,N20,VIIRS,n,2.0NRT,292.17,2.01,N
22.20828,84.85986,310.24,0.42,0.37,2026-09-14,1957,N20,VIIRS,n,2.0NRT,292.15,2.01,N
22.20712,84.86789,307.25,0.42,0.37,2026-09-14,1957,N20,VIIRS,n,2.0NRT,292.01,1.35,N
22.20712,84.5481,305.27,0.43,0.38,2026-09-14,1957,N20,VIIRS,n,2.0NRT,291.09,0.82,N
22.20306,84.57677,307.66,0.42,0.38,2026-09-14,1957,N20,VIIRS,n,2.0NRT,291.53,1.19,N
21.96761,85.3142,304,0.4,0.37,2026-09-14,1957,N20,VIIRS,n,2.0NRT,291.42,0.69,N
22.33343,82.6058,306.22,0.52,0.42,2026-09-14,1957,N20,VIIRS,n,2.0NRT,291.17,0.76,N
22.33075,82.60315,310.23,0.52,0.42,2026-09-14,1957,N20,VIIRS,n,2.0NRT,291.05,1.94,N
22.33008,82.60823,305.54,0.52,0.42,2026-09-14,1957,N20,VIIRS,n,2.0NRT,291.09,1.94,N
22.35838,82.30328,326.57,0.54,0.42,2026-09-14,1957,N20,VIIRS,n,2.0NRT,292.14,3.74,N
22.32064,82.59141,315.68,0.52,0.42,2026-09-14,1957,N20,VIIRS,n,2.0NRT,291.49,3.31,N
21.93147,85.22112,313.03,0.4,0.37,2026-09-14,1957,N20,VIIRS,n,2.0NRT,291.56,1.1,N
21.92414,85.22384,314.86,0.4,0.37,2026-09-14,1957,N20,VIIRS,n,2.0NRT,292.03,2.01,N
22.06559,83.70383,314.8,0.46,0.39,2026-09-14,1957,N20,VIIRS,n,2.0NRT,291.96,1.32,N
22.0398,83.73129,334.31,0.46,0.39,2026-09-14,1957,N20,VIIRS,n,2.0NRT,294.63,2.36,N
22.03919,83.73569,307.05,0.46,0.39,2026-09-14,1957,N20,VIIRS,n,2.0NRT,293.07,2.36,N
22.03081,83.74337,309.52,0.46,0.39,2026-09-14,1957,N20,VIIRS,n,2.0NRT,292.12,0.95,N
21.76617,85.57978,306.27,0.4,0.37,2026-09-14,1957,N20,VIIRS,n,2.0NRT,291.69,0.73,N
22.01469,83.75424,315.25,0.46,0.39,2026-09-14,1957,N20,VIIRS,n,2.0NRT,292.93,1.78,N
22.03989,83.35033,311.91,0.47,0.4,2026-09-14,1957,N20,VIIRS,n,2.0NRT,292.2,1.67,N
21.96464,83.77308,306.16,0.45,0.39,2026-09-14,1957,N20,VIIRS,n,2.0NRT,293.08,1.16,N
21.95358,83.80848,305.9,0.45,0.39,2026-09-14,1957,N20,VIIRS,n,2.0NRT,292.02,0.98,N
21.95369,83.78178,309.99,0.45,0.39,2026-09-14,1957,N20,VIIRS,n,2.0NRT,292.49,1.38,N
21.98517,83.23044,316.14,0.48,0.4,2026-09-14,1957,N20,VIIRS,n,2.0NRT,292.8,2.18,N
21.85909,83.96539,313.58,0.44,0.39,2026-09-14,1957,N20,VIIRS,n,2.0NRT,293,1.54,N
21.92586,83.33874,321.4,0.47,0.4,2026-09-14,1957,N20,VIIRS,n,2.0NRT,293.92,3.59,N
21.92403,83.35246,313.35,0.47,0.4,2026-09-14,1957,N20,VIIRS,n,2.0NRT,293.26,2.56,N
21.92039,83.35188,325.68,0.47,0.4,2026-09-14,1957,N20,VIIRS,n,2.0NRT,294.63,2.56,N
21.92099,83.34732,316.38,0.47,0.4,2026-09-14,1957,N20,VIIRS,n,2.0NRT,293.21,2.56,N
22.00541,82.67143,310.61,0.51,0.41,2026-09-14,1957,N20,VIIRS,n,2.0NRT,291.91,3.11,N
21.92058,83.34965,335.26,0.47,0.4,2026-09-14,1957,N20,VIIRS,n,2.0NRT,295.1,5.93,N
22.00583,82.66965,314.88,0.51,0.41,2026-09-14,1957,N20,VIIRS,n,2.0NRT,292.03,3.93,N
21.82246,83.99621,306.44,0.44,0.39,2026-09-14,1957,N20,VIIRS,n,2.0NRT,292.41,1.04,N
21.81893,83.99564,306.23,0.44,0.39,2026-09-14,1957,N20,VIIRS,n,2.0NRT,292.12,1.04,N
21.8785,83.54595,305.78,0.46,0.39,2026-09-14,1957,N20,VIIRS,n,2.0NRT,292.69,1.09,N
21.87725,83.55487,309.87,0.46,0.39,2026-09-14,1957,N20,VIIRS,n,2.0NRT,292.59,1.36,N
21.87811,83.49553,309.72,0.47,0.39,2026-09-14,1957,N20,VIIRS,n,2.0NRT,292.47,1.65,N
21.79864,83.88277,306.3,0.45,0.39,2026-09-14,1957,N20,VIIRS,n,2.0NRT,292.48,1.7,N
21.79509,83.88219,309.68,0.45,0.39,2026-09-14,1957,N20,VIIRS,n,2.0NRT,292.44,1.47,N
21.76887,84.01805,312.64,0.44,0.38,2026-09-14,1957,N20,VIIRS,n,2.0NRT,293.55,2.19,N
21.76534,84.01748,314.91,0.44,0.38,2026-09-14,1957,N20,VIIRS,n,2.0NRT,293.34,2.19,N
21.76122,84.02117,306.64,0.44,0.38,2026-09-14,1957,N20,VIIRS,n,2.0NRT,293.38,2.16,N
21.76379,83.84625,317.01,0.45,0.39,2026-09-14,1957,N20,VIIRS,n,2.0NRT,292.85,1.42,N
21.7632,83.85056,318.57,0.45,0.39,2026-09-14,1957,N20,VIIRS,n,2.0NRT,293.51,2.77,N
21.76083,83.84135,312.65,0.45,0.39,2026-09-14,1957,N20,VIIRS,n,2.0NRT,292.77,1.42,N
21.76024,83.84568,309.99,0.45,0.39,2026-09-14,1957,N20,VIIRS,n,2.0NRT,292.59,1.42,N
21.75669,83.84512,320.84,0.45,0.39,2026-09-14,1957,N20,VIIRS,n,2.0NRT,293.58,2.04,N
15.2271,76.76077,307.8,0.33,0.55,2026-09-14,2000,N20,VIIRS,n,2.0NRT,292.52,1.2,N
15.17071,76.68352,305.12,0.33,0.55,2026-09-14,2000,N20,VIIRS,n,2.0NRT,291.96,1.01,N
15.17437,76.65262,304.29,0.33,0.55,2026-09-14,2000,N20,VIIRS,n,2.0NRT,291.69,1.12,N
15.17911,76.6563,309.92,0.33,0.55,2026-09-14,2000,N20,VIIRS,n,2.0NRT,293.14,2.44,N
15.17948,76.65322,313.71,0.33,0.55,2026-09-14,2000,N20,VIIRS,n,2.0NRT,293.34,1.12,N
15.18201,76.67534,312.21,0.33,0.55,2026-09-14,2000,N20,VIIRS,n,2.0NRT,292.79,1.93,N
15.18311,76.66614,367,0.33,0.55,2026-09-14,2000,N20,VIIRS,h,2.0NRT,293.95,7.01,N
15.023,78.01126,309.63,0.53,0.5,2026-09-14,2000,N20,VIIRS,n,2.0NRT,291.64,5.5,N
15.22818,76.76203,306.14,0.33,0.55,2026-09-14,2000,N20,VIIRS,n,2.0NRT,292.96,1.18,N
13.71147,79.61788,308.68,0.4,0.45,2026-09-14,2000,N20,VIIRS,n,2.0NRT,290.63,1.61,N
14.99337,76.84843,304.31,0.32,0.54,2026-09-14,2000,N20,VIIRS,n,2.0NRT,292.48,0.33,N
13.39378,80.10087,305.5,0.56,0.43,2026-09-14,2000,N20,VIIRS,n,2.0NRT,289.29,0.99,N
13.16077,80.28572,305.87,0.54,0.42,2026-09-14,2000,N20,VIIRS,n,2.0NRT,290.26,1.03,N
15.01271,76.89837,304.88,0.63,0.54,2026-09-14,2000,N20,VIIRS,n,2.0NRT,292.04,1.33,N
13.16004,80.2841,310.74,0.54,0.42,2026-09-14,2000,N20,VIIRS,n,2.0NRT,289.18,1.93,N
15.11075,76.8046,304.25,0.32,0.55,2026-09-14,2000,N20,VIIRS,n,2.0NRT,292.08,1.09,N
15.16838,76.37855,312.64,0.34,0.56,2026-09-14,2000,N20,VIIRS,n,2.0NRT,291.72,1.5,N
15.11007,76.80601,304.96,0.32,0.55,2026-09-14,2000,N20,VIIRS,n,2.0NRT,292.52,0.75,N
15.16967,76.37977,305.84,0.35,0.56,2026-09-14,2000,N20,VIIRS,n,2.0NRT,291.91,1.33,N
15.17004,76.37653,309.12,0.35,0.56,2026-09-14,2000,N20,VIIRS,n,2.0NRT,291.42,1.36,N
15.13698,76.70712,304.8,0.33,0.55,2026-09-14,2000,N20,VIIRS,n,2.0NRT,291.97,0.86,N
15.17524,76.37719,305.45,0.35,0.56,2026-09-14,2000,N20,VIIRS,n,2.0NRT,291.53,0.83,N
31.26199,76.92695,298.68,0.49,0.65,2026-09-14,2133,N20,VIIRS,n,2.0NRT,286.56,0.66,N
27.67011,76.13142,302.78,0.54,0.68,2026-09-14,2136,N20,VIIRS,n,2.0NRT,289.95,1.19,N
27.28814,73.83852,309.23,0.4,0.6,2026-09-14,2136,N20,VIIRS,n,2.0NRT,292.46,0.78,N
18.69209,73.03918,300.36,0.55,0.68,2026-09-14,2138,N20,VIIRS,n,2.0NRT,286.58,0.73,N
18.69143,73.03685,301.9,0.55,0.68,2026-09-14,2138,N20,VIIRS,n,2.0NRT,286.77,1.6,N
18.68981,73.04929,300.85,0.55,0.68,2026-09-14,2138,N20,VIIRS,n,2.0NRT,287.61,1.18,N
18.26642,83.81508,340.96,0.33,0.56,2026-09-15,0707,N20,VIIRS,n,2.0NRT,292.54,2.77,D
18.33665,83.59914,343.55,0.34,0.56,2026-09-15,0707,N20,VIIRS,n,2.0NRT,292.3,3.31,D
20.96633,85.17522,333.26,0.48,0.48,2026-09-15,0709,N20,VIIRS,n,2.0NRT,296.79,5.32,D
20.96544,85.17064,329.06,0.48,0.48,2026-09-15,0709,N20,VIIRS,n,2.0NRT,296.29,7.83,D
22.05166,88.12596,334.83,0.48,0.4,2026-09-15,0709,N20,VIIRS,n,2.0NRT,303.46,5.39,D
22.36595,87.3029,331.71,0.52,0.41,2026-09-15,0709,N20,VIIRS,n,2.0NRT,298.97,6.88,D
23.68293,86.39462,331.61,0.55,0.43,2026-09-15,0709,N20,VIIRS,n,2.0NRT,299.09,9.82,D
23.68025,86.09666,340.72,0.57,0.43,2026-09-15,0709,N20,VIIRS,n,2.0NRT,295.57,9.88,D
23.77818,86.21,330.69,0.56,0.43,2026-09-15,0709,N20,VIIRS,n,2.0NRT,299.83,9.39,D
23.75433,85.85395,331.1,0.39,0.44,2026-09-15,0709,N20,VIIRS,n,2.0NRT,298.99,4.64,D
26.18697,91.81071,336.48,0.39,0.36,2026-09-15,0709,N20,VIIRS,n,2.0NRT,302.57,3.37,D
26.18641,91.80682,334.02,0.39,0.36,2026-09-15,0709,N20,VIIRS,n,2.0NRT,302.34,3.99,D
21.07682,85.04054,328.42,0.49,0.49,2026-09-15,0709,N20,VIIRS,n,2.0NRT,296.46,10.74,D
20.96721,85.1798,329.22,0.48,0.48,2026-09-15,0709,N20,VIIRS,n,2.0NRT,295.55,5.32,D
20.96461,85.18983,328.34,0.48,0.48,2026-09-15,0709,N20,VIIRS,n,2.0NRT,295.73,6.03,D
20.79487,85.25347,339.81,0.48,0.48,2026-09-15,0709,N20,VIIRS,n,2.0NRT,292.89,4.44,D
21.07578,85.03834,332.53,0.49,0.49,2026-09-15,0709,N20,VIIRS,n,2.0NRT,297.75,9.68,D
14.2123,78.99494,339.41,0.46,0.63,2026-09-15,0848,N20,VIIRS,n,2.0NRT,294.03,3.21,D
13.64157,78.19299,333.21,0.4,0.6,2026-09-15,0848,N20,VIIRS,n,2.0NRT,296.96,2.35,D
10.94027,79.13068,337.5,0.42,0.61,2026-09-15,0848,N20,VIIRS,n,2.0NRT,296.73,3.47,D
11.01853,79.29785,348.19,0.44,0.62,2026-09-15,0848,N20,VIIRS,n,2.0NRT,294.42,3.96,D
14.21171,78.99509,341.25,0.46,0.63,2026-09-15,0848,N20,VIIRS,n,2.0NRT,294.03,2.8,D
13.88449,77.36561,338.62,0.35,0.57,2026-09-15,0848,N20,VIIRS,n,2.0NRT,301.83,4.75,D
15.97017,77.58376,333.92,0.39,0.59,2026-09-15,0848,N20,VIIRS,n,2.0NRT,299.24,2.8,D
15.75832,76.96716,335.34,0.35,0.57,2026-09-15,0848,N20,VIIRS,l,2.0NRT,305.39,1.91,D
15.68701,77.96647,336.26,0.41,0.61,2026-09-15,0848,N20,VIIRS,n,2.0NRT,298.64,3.79,D
15.6878,77.96606,339.03,0.41,0.6,2026-09-15,0848,N20,VIIRS,n,2.0NRT,299.1,3.58,D
15.16314,76.842,334.22,0.34,0.56,2026-09-15,0848,N20,VIIRS,n,2.0NRT,300.97,2.35,D
15.16145,77.52394,336.22,0.38,0.58,2026-09-15,0848,N20,VIIRS,n,2.0NRT,300.81,8.48,D
14.81022,79.02113,338.61,0.47,0.64,2026-09-15,0848,N20,VIIRS,n,2.0NRT,299.73,3.33,D
14.27295,77.98591,339.45,0.39,0.6,2026-09-15,0848,N20,VIIRS,n,2.0NRT,297.24,2.64,D
14.1806,77.80692,343.1,0.38,0.59,2026-09-15,0848,N20,VIIRS,n,2.0NRT,293.81,3.62,D
13.97427,76.72482,331.44,0.32,0.55,2026-09-15,0848,N20,VIIRS,l,2.0NRT,302.77,2.36,D
19.61807,74.08401,333.84,0.51,0.49,2026-09-15,0850,N20,VIIRS,n,2.0NRT,299.35,1.85,D
17.75296,75.41536,331.59,0.59,0.53,2026-09-15,0850,N20,VIIRS,n,2.0NRT,299.21,4.84,D
30.94169,74.53141,341.96,0.37,0.58,2026-09-15,0852,N20,VIIRS,n,2.0NRT,291.84,4.06,D
30.05656,75.32955,331.29,0.4,0.6,2026-09-15,0852,N20,VIIRS,n,2.0NRT,292.88,4.32,D
30.9396,74.53114,342.11,0.37,0.58,2026-09-15,0852,N20,VIIRS,n,2.0NRT,292.01,4.12,D
30.06161,75.3306,331.67,0.4,0.6,2026-09-15,0852,N20,VIIRS,n,2.0NRT,292.69,3.17,D
23.7718,86.19537,305.21,0.42,0.45,2026-09-15,1938,N20,VIIRS,n,2.0NRT,287.52,1,N
26.76047,83.19716,305.48,0.35,0.57,2026-09-15,1938,N20,VIIRS,n,2.0NRT,287.54,1.29,N
26.76022,83.19787,305.27,0.35,0.57,2026-09-15,1938,N20,VIIRS,n,2.0NRT,287.15,1.25,N
25.54105,91.23599,301.25,0.4,0.37,2026-09-15,1938,N20,VIIRS,n,2.0NRT,276.43,0.6,N
24.12106,86.86262,296.73,0.39,0.44,2026-09-15,1938,N20,VIIRS,n,2.0NRT,273.64,0.28,N
24.11966,86.86281,295.35,0.39,0.44,2026-09-15,1938,N20,VIIRS,n,2.0NRT,271.36,0.3,N
24.11612,86.8584,303.4,0.39,0.44,2026-09-15,1938,N20,VIIRS,n,2.0NRT,270.73,0.68,N
24.20503,82.70969,308.77,0.35,0.57,2026-09-15,1938,N20,VIIRS,n,2.0NRT,288.81,1.07,N
24.19944,82.7128,305.5,0.35,0.57,2026-09-15,1938,N20,VIIRS,n,2.0NRT,288.44,1.07,N
24.1991,82.71645,306.9,0.35,0.57,2026-09-15,1938,N20,VIIRS,n,2.0NRT,288.48,1.36,N
23.80429,86.32819,326.59,0.41,0.45,2026-09-15,1938,N20,VIIRS,n,2.0NRT,288.72,2.25,N
24.20638,82.52489,303.84,0.36,0.57,2026-09-15,1938,N20,VIIRS,n,2.0NRT,288.81,0.86,N
23.80477,86.3241,308.76,0.41,0.45,2026-09-15,1938,N20,VIIRS,n,2.0NRT,287.87,2.25,N
23.8038,86.33228,306.55,0.41,0.45,2026-09-15,1938,N20,VIIRS,n,2.0NRT,287.41,1.66,N
23.80188,86.34842,306.91,0.41,0.45,2026-09-15,1938,N20,VIIRS,n,2.0NRT,287.36,1.2,N
23.79776,86.34778,306.57,0.41,0.45,2026-09-15,1938,N20,VIIRS,n,2.0NRT,288.28,1.64,N
23.79727,86.35186,317.19,0.41,0.45,2026-09-15,1938,N20,VIIRS,n,2.0NRT,288.23,1.64,N
23.69575,87.12162,306.49,0.56,0.43,2026-09-15,1938,N20,VIIRS,n,2.0NRT,288.17,1.39,N
23.78012,86.39052,324.86,0.41,0.45,2026-09-15,1938,N20,VIIRS,n,2.0NRT,289.14,2.71,N
23.78059,86.38651,315.52,0.41,0.45,2026-09-15,1938,N20,VIIRS,n,2.0NRT,287.56,2.71,N
23.69518,87.09375,305.87,0.56,0.43,2026-09-15,1938,N20,VIIRS,n,2.0NRT,289.56,1.79,N
23.69316,87.11013,305.44,0.56,0.43,2026-09-15,1938,N20,VIIRS,n,2.0NRT,287.92,1.39,N
23.69249,87.11557,304.26,0.56,0.43,2026-09-15,1938,N20,VIIRS,n,2.0NRT,287.26,1.39,N
23.69182,87.12102,309.88,0.56,0.43,2026-09-15,1938,N20,VIIRS,n,2.0NRT,287.37,1.39,N
23.78125,86.34534,306.16,0.41,0.45,2026-09-15,1938,N20,VIIRS,n,2.0NRT,287.84,1.06,N
23.77648,86.38588,313.96,0.41,0.45,2026-09-15,1938,N20,VIIRS,n,2.0NRT,288.08,2.66,N
23.69057,87.09863,310.22,0.56,0.43,2026-09-15,1938,N20,VIIRS,n,2.0NRT,288.35,1.98,N
23.68789,87.1204,312.69,0.56,0.43,2026-09-15,1938,N20,VIIRS,n,2.0NRT,288.59,2.73,N
23.77474,86.36501,325.59,0.41,0.45,2026-09-15,1938,N20,VIIRS,n,2.0NRT,288.62,2.26,N
23.77522,86.36095,309.92,0.41,0.45,2026-09-15,1938,N20,VIIRS,n,2.0NRT,287.63,2.26,N
23.77047,86.40128,314.28,0.41,0.45,2026-09-15,1938,N20,VIIRS,n,2.0NRT,288.31,2.15,N
23.68261,87.13074,305.34,0.56,0.43,2026-09-15,1938,N20,VIIRS,n,2.0NRT,288.19,0.78,N
23.76589,86.40473,333.02,0.41,0.45,2026-09-15,1938,N20,VIIRS,n,2.0NRT,289.66,2.08,N
23.76731,86.39262,307.44,0.41,0.45,2026-09-15,1938,N20,VIIRS,n,2.0NRT,289.14,1.8,N
23.76636,86.40068,312.13,0.41,0.45,2026-09-15,1938,N20,VIIRS,n,2.0NRT,288.28,2.08,N
24.14696,82.70762,305.99,0.35,0.57,2026-09-15,1938,N20,VIIRS,n,2.0NRT,288.63,0.78,N
23.7632,86.39199,308.75,0.41,0.45,2026-09-15,1938,N20,VIIRS,n,2.0NRT,289.28,1.8,N
23.76225,86.40008,319.88,0.41,0.45,2026-09-15,1938,N20,VIIRS,n,2.0NRT,288.57,2.08,N
23.76177,86.40413,308.51,0.41,0.45,2026-09-15,1938,N20,VIIRS,n,2.0NRT,288.26,2.08,N
23.78039,86.20827,318.02,0.42,0.45,2026-09-15,1938,N20,VIIRS,n,2.0NRT,289.27,4.14,N
23.77991,86.2124,308.67,0.42,0.45,2026-09-15,1938,N20,VIIRS,n,2.0NRT,288.43,1.64,N
23.75767,86.4035,314.74,0.41,0.45,2026-09-15,1938,N20,VIIRS,n,2.0NRT,288.51,2.75,N
23.75215,86.41496,321.93,0.41,0.45,2026-09-15,1938,N20,VIIRS,n,2.0NRT,288.42,3,N
23.66357,87.15556,320.11,0.55,0.43,2026-09-15,1938,N20,VIIRS,n,2.0NRT,290.17,4.03,N
23.77872,86.14909,302.49,0.42,0.45,2026-09-15,1938,N20,VIIRS,n,2.0NRT,286.26,0.52,N
23.7735,86.19456,307.35,0.42,0.45,2026-09-15,1938,N20,VIIRS,n,2.0NRT,288,0.9,N
23.77302,86.19869,306.26,0.42,0.45,2026-09-15,1938,N20,VIIRS,n,2.0NRT,288.24,0.9,N
23.6639,87.15378,317.86,0.55,0.43,2026-09-15,1938,N20,VIIRS,n,2.0NRT,290.06,2.09,N
23.6632,87.15923,304.86,0.55,0.43,2026-09-15,1938,N20,VIIRS,n,2.0NRT,289.05,2.09,N
23.77131,86.19947,303.87,0.42,0.45,2026-09-15,1938,N20,VIIRS,n,2.0NRT,287.72,1,N
23.73834,86.43395,334.41,0.41,0.45,2026-09-15,1938,N20,VIIRS,n,2.0NRT,290.6,3.2,N
23.73884,86.42997,311.4,0.41,0.45,2026-09-15,1938,N20,VIIRS,n,2.0NRT,288.95,3.2,N
24.14663,82.7072,303.27,0.35,0.57,2026-09-15,1938,N20,VIIRS,n,2.0NRT,288.51,0.67,N
23.73376,86.43733,306.37,0.41,0.45,2026-09-15,1938,N20,VIIRS,n,2.0NRT,289.75,1.65,N
23.72507,86.44012,314.91,0.41,0.45,2026-09-15,1938,N20,VIIRS,n,2.0NRT,289.15,2.57,N
23.77454,85.99607,304.26,0.43,0.46,2026-09-15,1938,N20,VIIRS,n,2.0NRT,288.54,1,N
23.71931,86.41893,310.29,0.41,0.45,2026-09-15,1938,N20,VIIRS,n,2.0NRT,287.93,3.27,N
23.71638,86.44289,311.54,0.41,0.45,2026-09-15,1938,N20,VIIRS,n,2.0NRT,288.36,2.47,N
23.71541,86.45088,313.8,0.41,0.45,2026-09-15,1938,N20,VIIRS,n,2.0NRT,288.65,1.74,N
23.71472,86.42231,309.4,0.41,0.45,2026-09-15,1938,N20,VIIRS,n,2.0NRT,288.56,1.61,N
23.71132,86.45026,305.29,0.41,0.45,2026-09-15,1938,N20,VIIRS,n,2.0NRT,288.1,1.38,N
23.75678,85.85427,315.67,0.44,0.46,2026-09-15,1938,N20,VIIRS,n,2.0NRT,289.48,3.26,N
23.68477,86.39345,321.91,0.41,0.45,2026-09-15,1938,N20,VIIRS,n,2.0NRT,288.89,2.15,N
23.68526,86.38937,310.33,0.41,0.45,2026-09-15,1938,N20,VIIRS,n,2.0NRT,287.73,2.15,N
23.6317,86.8323,304.11,0.38,0.44,2026-09-15,1938,N20,VIIRS,n,2.0NRT,284.68,0.78,N
23.68018,86.39684,315.71,0.41,0.45,2026-09-15,1938,N20,VIIRS,n,2.0NRT,288.67,2.7,N
23.84087,84.94847,303,0.5,0.49,2026-09-15,1938,N20,VIIRS,n,2.0NRT,283.09,1.26,N
23.67608,86.39618,311.78,0.41,0.45,2026-09-15,1938,N20,VIIRS,n,2.0NRT,287.91,1.81,N
23.67561,86.40017,312.23,0.41,0.45,2026-09-15,1938,N20,VIIRS,n,2.0NRT,288.3,1.81,N
23.55322,87.24133,307.45,0.55,0.42,2026-09-15,1938,N20,VIIRS,n,2.0NRT,287.58,2.55,N
23.56072,87.08282,309.97,0.56,0.43,2026-09-15,1938,N20,VIIRS,n,2.0NRT,290.96,3.53,N
23.56147,87.08172,311.84,0.56,0.43,2026-09-15,1938,N20,VIIRS,n,2.0NRT,291.34,4.05,N
23.58224,86.72574,311.4,0.39,0.44,2026-09-15,1938,N20,VIIRS,n,2.0NRT,286.66,1.01,N
23.8266,84.56788,304.03,0.53,0.5,2026-09-15,1938,N20,VIIRS,n,2.0NRT,290.38,1.38,N
23.82603,84.57309,310.15,0.53,0.5,2026-09-15,1938,N20,VIIRS,n,2.0NRT,291.05,2.4,N
23.48156,87.36407,306.04,0.54,0.42,2026-09-15,1938,N20,VIIRS,n,2.0NRT,289.93,2.43,N
23.69655,85.36749,306.04,0.47,0.48,2026-09-15,1938,N20,VIIRS,n,2.0NRT,285.03,1.02,N
23.69662,85.28715,305.23,0.48,0.48,2026-09-15,1938,N20,VIIRS,n,2.0NRT,282.69,1.92,N
23.64897,85.43548,321.09,0.47,0.47,2026-09-15,1938,N20,VIIRS,n,2.0NRT,284.27,2.67,N
23.64847,85.44003,304.93,0.47,0.47,2026-09-15,1938,N20,VIIRS,n,2.0NRT,283.38,1.3,N
23.64788,85.43715,318.3,0.47,0.47,2026-09-15,1938,N20,VIIRS,n,2.0NRT,284.07,3.42,N
23.61113,85.67373,295.55,0.45,0.47,2026-09-15,1938,N20,VIIRS,n,2.0NRT,270.66,0.28,N
23.66678,85.00001,304.67,0.5,0.49,2026-09-15,1938,N20,VIIRS,n,2.0NRT,285.28,1.99,N
22.87315,86.06185,311.13,0.42,0.45,2026-09-15,1938,N20,VIIRS,n,2.0NRT,290.52,1.62,N
22.85702,86.05544,307.73,0.42,0.45,2026-09-15,1938,N20,VIIRS,n,2.0NRT,290.67,1.78,N
22.79827,86.20798,338.99,0.41,0.45,2026-09-15,1938,N20,VIIRS,n,2.0NRT,291.66,7.32,N
22.79152,86.19492,307,0.41,0.45,2026-09-15,1938,N20,VIIRS,n,2.0NRT,291.9,1.43,N
22.80028,86.09002,317.27,0.41,0.45,2026-09-15,1938,N20,VIIRS,n,2.0NRT,291.18,2.44,N
23.1681,82.33666,304.43,0.36,0.57,2026-09-15,1938,N20,VIIRS,n,2.0NRT,287.68,1.27,N
23.16776,82.34019,310.35,0.36,0.57,2026-09-15,1938,N20,VIIRS,n,2.0NRT,288.16,1.23,N
22.61135,85.91209,306.81,0.42,0.45,2026-09-15,1938,N20,VIIRS,n,2.0NRT,290.76,1.19,N
22.59097,85.90501,311.62,0.42,0.45,2026-09-15,1938,N20,VIIRS,n,2.0NRT,291.11,1.85,N
22.57574,85.8903,323.52,0.42,0.45,2026-09-15,1938,N20,VIIRS,n,2.0NRT,291.34,2.2,N
22.57524,85.89445,313.08,0.42,0.45,2026-09-15,1938,N20,VIIRS,n,2.0NRT,291.39,2.2,N
22.37884,87.28017,330.72,0.53,0.42,2026-09-15,1938,N20,VIIRS,n,2.0NRT,295.13,7.39,N
22.3795,87.27507,318.11,0.53,0.42,2026-09-15,1938,N20,VIIRS,n,2.0NRT,292.96,4.82,N
22.36857,87.29942,308.46,0.53,0.42,2026-09-15,1938,N20,VIIRS,n,2.0NRT,293.36,3.49,N
22.36474,87.29884,323.16,0.53,0.42,2026-09-15,1938,N20,VIIRS,n,2.0NRT,293.98,6.59,N
22.35838,87.28748,310.28,0.53,0.42,2026-09-15,1938,N20,VIIRS,n,2.0NRT,293.06,4.44,N
22.36784,87.01738,311.31,0.54,0.42,2026-09-15,1938,N20,VIIRS,n,2.0NRT,292.2,3.57,N
22.36395,87.01678,312.23,0.54,0.42,2026-09-15,1938,N20,VIIRS,n,2.0NRT,292.26,4.49,N
22.056,88.12343,311.78,0.47,0.4,2026-09-15,1938,N20,VIIRS,n,2.0NRT,293.96,2.61,N
22.22558,84.74934,305.54,0.49,0.49,2026-09-15,1938,N20,VIIRS,n,2.0NRT,290.84,2.04,N
22.21292,84.86356,307.01,0.49,0.48,2026-09-15,1938,N20,VIIRS,n,2.0NRT,291.36,1.37,N
22.21239,84.86828,307.9,0.48,0.48,2026-09-15,1938,N20,VIIRS,n,2.0NRT,290.87,1.37,N
22.209,84.85824,304.89,0.49,0.48,2026-09-15,1938,N20,VIIRS,n,2.0NRT,290.76,1.07,N
22.21374,84.86582,313.01,0.48,0.48,2026-09-15,1938,N20,VIIRS,n,2.0NRT,290.74,2.58,N
22.22273,84.75129,305.11,0.49,0.49,2026-09-15,1938,N20,VIIRS,n,2.0NRT,291.11,2.8,N
22.20985,84.86052,307.08,0.48,0.48,2026-09-15,1938,N20,VIIRS,n,2.0NRT,291.15,1.57,N
22.13425,85.38187,305.7,0.45,0.47,2026-09-15,1938,N20,VIIRS,n,2.0NRT,289.36,0.95,N
22.33345,82.60462,312.14,0.34,0.56,2026-09-15,1938,N20,VIIRS,n,2.0NRT,289.01,1.99,N
22.35934,82.29905,304.03,0.36,0.57,2026-09-15,1938,N20,VIIRS,n,2.0NRT,289.72,0.9,N
22.35899,82.30254,309.71,0.36,0.57,2026-09-15,1938,N20,VIIRS,n,2.0NRT,290.21,0.9,N
22.32449,82.59015,342.67,0.34,0.56,2026-09-15,1938,N20,VIIRS,n,2.0NRT,290.19,3.81,N
22.32202,82.5631,318.4,0.34,0.56,2026-09-15,1938,N20,VIIRS,n,2.0NRT,289.99,2.03,N
22.31684,82.56249,309.93,0.34,0.56,2026-09-15,1938,N20,VIIRS,n,2.0NRT,289.86,1.32,N
21.96964,85.31309,303.71,0.45,0.47,2026-09-15,1938,N20,VIIRS,n,2.0NRT,290.22,0.83,N
21.92579,85.2202,304.88,0.46,0.47,2026-09-15,1938,N20,VIIRS,n,2.0NRT,289.38,0.94,N
22.06568,83.70325,304.34,0.57,0.52,2026-09-15,1938,N20,VIIRS,n,2.0NRT,289.55,1.32,N
22.04358,83.72851,310.77,0.57,0.52,2026-09-15,1938,N20,VIIRS,n,2.0NRT,289.53,1.8,N
22.03821,83.73348,304.59,0.57,0.52,2026-09-15,1938,N20,VIIRS,n,2.0NRT,290.08,2.2,N
22.03226,83.74393,304.81,0.57,0.52,2026-09-15,1938,N20,VIIRS,n,2.0NRT,289.59,1.3,N
22.01679,83.75307,306.44,0.57,0.52,2026-09-15,1938,N20,VIIRS,n,2.0NRT,290.07,1.45,N
22.01656,83.75213,305.23,0.57,0.52,2026-09-15,1938,N20,VIIRS,n,2.0NRT,289.79,1.19,N
22.04116,83.35213,305.98,0.6,0.53,2026-09-15,1938,N20,VIIRS,n,2.0NRT,289.01,2.86,N
22.03012,83.3624,303.06,0.6,0.53,2026-09-15,1938,N20,VIIRS,n,2.0NRT,288.33,0.96,N
21.95755,83.80554,304.04,0.56,0.52,2026-09-15,1938,N20,VIIRS,n,2.0NRT,289.63,1.06,N
21.98432,83.23046,305.21,0.61,0.54,2026-09-15,1938,N20,VIIRS,n,2.0NRT,290.09,2.26,N
22.00751,82.66712,304.85,0.33,0.56,2026-09-15,1938,N20,VIIRS,n,2.0NRT,289.57,0.91,N
22.00716,82.67042,309.08,0.33,0.55,2026-09-15,1938,N20,VIIRS,n,2.0NRT,290.39,1.44,N
22.00239,82.66645,307.33,0.33,0.56,2026-09-15,1938,N20,VIIRS,n,2.0NRT,289.26,0.91,N
21.92625,83.33532,311.24,0.6,0.53,2026-09-15,1938,N20,VIIRS,n,2.0NRT,289.52,3.43,N
21.92497,83.34708,310.3,0.6,0.53,2026-09-15,1938,N20,VIIRS,n,2.0NRT,289.26,2.12,N
21.92009,83.34645,311.3,0.6,0.53,2026-09-15,1938,N20,VIIRS,n,2.0NRT,289.37,2.12,N
21.91945,83.35227,305.92,0.6,0.53,2026-09-15,1938,N20,VIIRS,n,2.0NRT,289.93,2.12,N
21.98818,82.01297,306.97,0.37,0.58,2026-09-15,1938,N20,VIIRS,n,2.0NRT,289.54,0.82,N
21.77036,84.01751,309.63,0.54,0.51,2026-09-15,1938,N20,VIIRS,n,2.0NRT,290.83,1.65,N
21.76569,84.01688,312.85,0.54,0.51,2026-09-15,1938,N20,VIIRS,n,2.0NRT,291.22,3.06,N
21.99,82.01399,304.44,0.37,0.58,2026-09-15,1938,N20,VIIRS,n,2.0NRT,289.2,0.88,N
21.76799,84.01585,312.64,0.54,0.51,2026-09-15,1938,N20,VIIRS,n,2.0NRT,290.52,4.15,N
21.76272,84.02053,305.81,0.54,0.51,2026-09-15,1938,N20,VIIRS,n,2.0NRT,291.15,3.32,N
21.75745,84.02518,306.6,0.54,0.51,2026-09-15,1938,N20,VIIRS,n,2.0NRT,290.75,1.31,N
21.76315,83.84791,315.68,0.55,0.51,2026-09-15,1938,N20,VIIRS,n,2.0NRT,290.72,2.46,N
21.75903,83.84194,309.79,0.56,0.51,2026-09-15,1938,N20,VIIRS,n,2.0NRT,290.69,2.46,N
21.74957,83.8408,311.54,0.56,0.51,2026-09-15,1938,N20,VIIRS,n,2.0NRT,290.43,2.81,N
21.68052,84.03606,315.81,0.54,0.51,2026-09-15,1938,N20,VIIRS,n,2.0NRT,291.06,4.05,N
21.80056,82.03632,304.83,0.36,0.58,2026-09-15,1938,N20,VIIRS,n,2.0NRT,289.1,1.29,N
21.73029,82.2121,304.79,0.35,0.57,2026-09-15,1938,N20,VIIRS,n,2.0NRT,289.57,0.68,N
21.67421,82.07891,313.45,0.36,0.57,2026-09-15,1938,N20,VIIRS,n,2.0NRT,290.59,1.27,N
21.48659,81.76733,312.43,0.38,0.58,2026-09-15,1938,N20,VIIRS,n,2.0NRT,289.64,0.98,N
21.45871,81.80084,305.53,0.37,0.58,2026-09-15,1938,N20,VIIRS,n,2.0NRT,289.4,0.69,N
20.97152,86.01918,321,0.4,0.44,2026-09-15,1938,N20,VIIRS,n,2.0NRT,292.41,1.97,N
20.97345,86.00394,311.93,0.4,0.44,2026-09-15,1938,N20,VIIRS,n,2.0NRT,292.51,2.92,N
20.96842,86.01099,318,0.4,0.44,2026-09-15,1938,N20,VIIRS,n,2.0NRT,292.61,2.19,N
20.96358,86.04916,307.65,0.4,0.44,2026-09-15,1938,N20,VIIRS,n,2.0NRT,292.15,1.34,N
20.96484,86.00661,338.94,0.4,0.44,2026-09-15,1938,N20,VIIRS,n,2.0NRT,292.44,2.19,N
20.96532,86.00282,316.08,0.4,0.44,2026-09-15,1938,N20,VIIRS,n,2.0NRT,291.79,4.35,N
20.96436,86.01044,306.55,0.4,0.44,2026-09-15,1938,N20,VIIRS,n,2.0NRT,291.88,2.19,N
21.08059,85.03398,305.07,0.46,0.47,2026-09-15,1938,N20,VIIRS,n,2.0NRT,289.22,3.28,N
21.08006,85.03837,306.85,0.46,0.47,2026-09-15,1938,N20,VIIRS,n,2.0NRT,289.17,2.23,N
20.95142,86.0474,330.33,0.4,0.44,2026-09-15,1938,N20,VIIRS,n,2.0NRT,291.97,2.26,N
20.9519,86.04359,306.21,0.4,0.44,2026-09-15,1938,N20,VIIRS,n,2.0NRT,291.36,2.26,N
20.94143,86.06127,306.35,0.39,0.44,2026-09-15,1938,N20,VIIRS,n,2.0NRT,292.04,1.66,N
21.39217,81.64408,308.62,0.38,0.59,2026-09-15,1938,N20,VIIRS,n,2.0NRT,289.58,0.76,N
21.37814,81.67628,308.69,0.38,0.59,2026-09-15,1938,N20,VIIRS,n,2.0NRT,289.47,1.6,N
21.37778,81.67998,309.28,0.38,0.59,2026-09-15,1938,N20,VIIRS,n,2.0NRT,290.01,1.73,N
21.37623,81.63842,311.33,0.38,0.59,2026-09-15,1938,N20,VIIRS,n,2.0NRT,289.87,1.57,N
21.37201,81.68308,307.08,0.38,0.59,2026-09-15,1938,N20,VIIRS,n,2.0NRT,289.4,1.93,N
21.3673,81.67506,305.56,0.38,0.59,2026-09-15,1938,N20,VIIRS,n,2.0NRT,289.25,1.14,N
21.38132,81.67967,306.7,0.38,0.59,2026-09-15,1938,N20,VIIRS,n,2.0NRT,289.8,0.75,N
21.38006,81.63827,306.6,0.38,0.59,2026-09-15,1938,N20,VIIRS,n,2.0NRT,289.57,1.94,N
21.37628,81.67537,305.42,0.38,0.59,2026-09-15,1938,N20,VIIRS,n,2.0NRT,289.2,1.05,N
21.37591,81.67908,314.14,0.38,0.59,2026-09-15,1938,N20,VIIRS,n,2.0NRT,290.07,1.05,N
20.97874,85.16927,311.51,0.45,0.47,2026-09-15,1938,N20,VIIRS,n,2.0NRT,290.28,3.55,N
21.3647,81.68159,305.24,0.38,0.59,2026-09-15,1938,N20,VIIRS,n,2.0NRT,289.64,0.85,N
20.97339,85.17737,305.8,0.45,0.47,2026-09-15,1938,N20,VIIRS,n,2.0NRT,289.24,2.16,N
20.97175,85.15517,306.12,0.45,0.47,2026-09-15,1938,N20,VIIRS,n,2.0NRT,289.98,2.7,N
20.97016,85.16815,308,0.45,0.47,2026-09-15,1938,N20,VIIRS,n,2.0NRT,289.26,2.43,N
20.96963,85.17247,314.38,0.45,0.47,2026-09-15,1938,N20,VIIRS,n,2.0NRT,288.93,2.43,N
20.9691,85.17682,318.34,0.45,0.47,2026-09-15,1938,N20,VIIRS,n,2.0NRT,289.02,2.16,N
20.9664,85.16325,310.65,0.45,0.47,2026-09-15,1938,N20,VIIRS,n,2.0NRT,289.03,3.56,N
20.96587,85.16759,313.27,0.45,0.47,2026-09-15,1938,N20,VIIRS,n,2.0NRT,288.36,1.48,N
20.96535,85.17191,306.33,0.45,0.47,2026-09-15,1938,N20,VIIRS,n,2.0NRT,287.58,1.48,N
20.96377,85.18481,314.15,0.45,0.47,2026-09-15,1938,N20,VIIRS,n,2.0NRT,287.95,2.78,N
20.96325,85.18907,319.4,0.45,0.47,2026-09-15,1938,N20,VIIRS,n,2.0NRT,287.89,2.78,N
20.96106,85.17135,302.39,0.45,0.47,2026-09-15,1938,N20,VIIRS,n,2.0NRT,286.46,1.48,N
20.9584,85.01168,305.72,0.46,0.47,2026-09-15,1938,N20,VIIRS,n,2.0NRT,286.77,2.52,N
21.31347,81.5891,310.72,0.38,0.59,2026-09-15,1938,N20,VIIRS,n,2.0NRT,289.15,0.86,N
20.79593,85.2534,335.92,0.44,0.46,2026-09-15,1938,N20,VIIRS,n,2.0NRT,290.34,6.82,N
21.19627,81.41553,349.86,0.39,0.6,2026-09-15,1938,N20,VIIRS,n,2.0NRT,289.28,7.4,N
20.78643,85.26057,306.12,0.44,0.46,2026-09-15,1938,N20,VIIRS,n,2.0NRT,289.71,2.05,N
21.18778,81.38754,310.75,0.39,0.6,2026-09-15,1938,N20,VIIRS,n,2.0NRT,289.33,2.21,N
21.18263,81.38305,310.86,0.4,0.6,2026-09-15,1938,N20,VIIRS,n,2.0NRT,289.13,2.11,N
20.76121,85.29135,309.63,0.44,0.46,2026-09-15,1938,N20,VIIRS,n,2.0NRT,289.65,2.87,N
20.76071,85.29557,315.57,0.44,0.46,2026-09-15,1938,N20,VIIRS,n,2.0NRT,289.97,3.59,N
20.76146,85.29321,311.54,0.44,0.46,2026-09-15,1938,N20,VIIRS,n,2.0NRT,290.31,2.41,N
20.76093,85.29747,313.93,0.44,0.46,2026-09-15,1938,N20,VIIRS,n,2.0NRT,289.95,1.54,N
21.19616,81.41302,323.62,0.39,0.6,2026-09-15,1938,N20,VIIRS,n,2.0NRT,288.35,3.81,N
21.19578,81.41678,336.64,0.39,0.6,2026-09-15,1938,N20,VIIRS,n,2.0NRT,288.99,3.81,N
21.19298,81.38953,305.13,0.39,0.6,2026-09-15,1938,N20,VIIRS,n,2.0NRT,288.87,1.11,N
21.18748,81.38891,310.27,0.39,0.6,2026-09-15,1938,N20,VIIRS,n,2.0NRT,289.56,1.11,N
21.33626,78.96352,305.17,0.57,0.69,2026-09-15,1938,N20,VIIRS,n,2.0NRT,286.16,1.61,N
21.248,79.22052,302.01,0.55,0.68,2026-09-15,1938,N20,VIIRS,n,2.0NRT,285.98,0.82,N
17.46418,80.65249,312.43,0.4,0.6,2026-09-15,1940,N20,VIIRS,n,2.0NRT,288.38,1.09,N
16.87441,80.0199,306.37,0.43,0.62,2026-09-15,1940,N20,VIIRS,n,2.0NRT,287.2,0.81,N
17.958,80.7953,304.85,0.39,0.6,2026-09-15,1940,N20,VIIRS,n,2.0NRT,289.41,1.05,N
17.61217,83.20061,306.34,0.54,0.51,2026-09-15,1940,N20,VIIRS,n,2.0NRT,289.29,2.77,N
17.6075,83.19999,306.95,0.54,0.51,2026-09-15,1940,N20,VIIRS,n,2.0NRT,289.68,4.54,N
31.25937,76.92343,301.1,0.52,0.5,2026-09-15,2116,N20,VIIRS,n,2.0NRT,287.21,0.74,N
22.68412,75.71892,303.7,0.33,0.56,2026-09-15,2118,N20,VIIRS,n,2.0NRT,287.61,0.51,N
24.93603,74.63187,305.27,0.51,0.5,2026-09-15,2118,N20,VIIRS,n,2.0NRT,288.39,1.22,N
26.64374,79.47883,308.59,0.47,0.64,2026-09-15,2118,N20,VIIRS,n,2.0NRT,287.3,0.99,N
27.28961,73.841,309.22,0.42,0.45,2026-09-15,2118,N20,VIIRS,n,2.0NRT,293.69,2.45,N
22.26368,75.13278,306.69,0.63,0.54,2026-09-15,2121,N20,VIIRS,n,2.0NRT,288.85,1.51,N
21.25378,79.20564,305.03,0.6,0.7,2026-09-15,2121,N20,VIIRS,n,2.0NRT,286.63,0.67,N
18.69124,73.03762,302.05,0.54,0.51,2026-09-15,2121,N20,VIIRS,n,2.0NRT,289.65,1.95,N
18.68764,73.03162,309.3,0.54,0.51,2026-09-15,2121,N20,VIIRS,n,2.0NRT,289.84,2.24,N
18.68665,73.03661,303.15,0.54,0.51,2026-09-15,2121,N20,VIIRS,n,2.0NRT,290.21,1.95,N
18.68306,73.03061,306.61,0.54,0.51,2026-09-15,2121,N20,VIIRS,n,2.0NRT,289.79,1.71,N
18.68207,73.03561,317.4,0.54,0.51,2026-09-15,2121,N20,VIIRS,n,2.0NRT,290.27,4.17,N
22.33068,69.75075,301.6,0.46,0.39,2026-09-15,2121,N20,VIIRS,n,2.0NRT,287.42,1.32,N
21.33772,78.96626,301.66,0.57,0.69,2026-09-15,2121,N20,VIIRS,n,2.0NRT,286.31,0.78,N
20.96582,85.17863,329.8,0.49,0.65,2026-09-16,0650,N20,VIIRS,n,2.0NRT,290.71,5.33,D
22.37662,87.28043,337.08,0.33,0.56,2026-09-16,0650,N20,VIIRS,n,2.0NRT,293.41,4.42,D
20.96792,85.18008,330.05,0.49,0.65,2026-09-16,0650,N20,VIIRS,n,2.0NRT,290.89,4.62,D
23.64812,85.43896,328.65,0.41,0.61,2026-09-16,0652,N20,VIIRS,n,2.0NRT,291.63,3.99,D
23.68799,86.09071,332.29,0.37,0.58,2026-09-16,0652,N20,VIIRS,n,2.0NRT,291.89,3.09,D
23.64861,85.44005,328.39,0.41,0.61,2026-09-16,0652,N20,VIIRS,n,2.0NRT,290.68,4.77,D
23.68923,86.09087,330.92,0.37,0.58,2026-09-16,0652,N20,VIIRS,n,2.0NRT,291.86,4.35,D
23.55662,87.24003,343.7,0.32,0.54,2026-09-16,0652,N20,VIIRS,n,2.0NRT,293.18,6.34,D
12.41216,79.09631,337.06,0.42,0.45,2026-09-16,0828,N20,VIIRS,n,2.0NRT,300.06,3.39,D
8.60506,77.97533,337.34,0.49,0.4,2026-09-16,0828,N20,VIIRS,n,2.0NRT,302.48,4.11,D
8.93097,78.16671,337,0.5,0.41,2026-09-16,0828,N20,VIIRS,n,2.0NRT,302.83,7.34,D
8.96156,77.6789,343.05,0.48,0.4,2026-09-16,0828,N20,VIIRS,n,2.0NRT,302.28,5.28,D
8.98199,77.7689,336.97,0.48,0.4,2026-09-16,0828,N20,VIIRS,n,2.0NRT,303.94,8.05,D
9.04229,77.30936,330.49,0.46,0.39,2026-09-16,0828,N20,VIIRS,l,2.0NRT,302.73,2.15,D
9.58507,78.57467,338.12,0.54,0.42,2026-09-16,0828,N20,VIIRS,n,2.0NRT,298.42,5.78,D
10.68734,79.37804,336.84,0.42,0.45,2026-09-16,0828,N20,VIIRS,n,2.0NRT,300.28,5.53,D
10.83984,79.61513,342.39,0.43,0.46,2026-09-16,0828,N20,VIIRS,n,2.0NRT,299.24,3.08,D
10.84407,78.67319,337.34,0.57,0.43,2026-09-16,0828,N20,VIIRS,n,2.0NRT,301.31,4.53,D
10.86347,78.58108,331.06,0.56,0.43,2026-09-16,0828,N20,VIIRS,l,2.0NRT,301.52,2.12,D
10.96275,79.11342,343.42,0.41,0.45,2026-09-16,0828,N20,VIIRS,n,2.0NRT,300.84,3.59,D
10.96226,79.10973,335.51,0.41,0.45,2026-09-16,0828,N20,VIIRS,n,2.0NRT,300.65,3.59,D
10.96033,78.12535,333.99,0.53,0.42,2026-09-16,0828,N20,VIIRS,n,2.0NRT,301.41,3.99,D
8.49682,77.3105,334.95,0.45,0.39,2026-09-16,0828,N20,VIIRS,n,2.0NRT,299.04,4.23,D
12.56632,79.88676,336.86,0.48,0.48,2026-09-16,0828,N20,VIIRS,n,2.0NRT,298.37,2.56,D
12.56592,79.88382,340.22,0.48,0.48,2026-09-16,0828,N20,VIIRS,n,2.0NRT,298.62,3.21,D
12.52822,76.39294,332.52,0.45,0.39,2026-09-16,0828,N20,VIIRS,n,2.0NRT,299.49,5.12,D
12.89211,76.46473,333.98,0.46,0.39,2026-09-16,0828,N20,VIIRS,n,2.0NRT,297.23,2.72,D
16.42689,78.57488,330.41,0.44,0.46,2026-09-16,0830,N20,VIIRS,n,2.0NRT,298.06,3.22,D
13.11887,76.05314,337.89,0.44,0.38,2026-09-16,0830,N20,VIIRS,n,2.0NRT,304.96,4.72,D
13.11896,76.04971,331.85,0.44,0.38,2026-09-16,0830,N20,VIIRS,n,2.0NRT,301.58,5.6,D
13.67614,79.59966,344.06,0.47,0.48,2026-09-16,0830,N20,VIIRS,n,2.0NRT,296.82,5.46,D
13.74191,79.65913,348.77,0.48,0.48,2026-09-16,0830,N20,VIIRS,n,2.0NRT,298.82,10.54,D
13.76149,79.74277,334.03,0.49,0.48,2026-09-16,0830,N20,VIIRS,n,2.0NRT,300.61,4.58,D
13.86639,79.54579,341.86,0.47,0.48,2026-09-16,0830,N20,VIIRS,n,2.0NRT,301.18,4.4,D
13.53701,76.91315,337.97,0.49,0.4,2026-09-16,0830,N20,VIIRS,n,2.0NRT,302.72,3.98,D
13.7839,77.77302,338.37,0.55,0.43,2026-09-16,0830,N20,VIIRS,n,2.0NRT,303.72,5.45,D
13.78421,77.76974,338.6,0.55,0.43,2026-09-16,0830,N20,VIIRS,n,2.0NRT,303.86,4.96,D
14.08946,77.4809,339.89,0.53,0.42,2026-09-16,0830,N20,VIIRS,n,2.0NRT,306.21,9.87,D
14.88767,77.7773,331.98,0.57,0.43,2026-09-16,0830,N20,VIIRS,n,2.0NRT,298.14,3.89,D
15.16456,77.42062,338.85,0.55,0.42,2026-09-16,0830,N20,VIIRS,n,2.0NRT,305.55,7.47,D
15.175,76.65633,344.39,0.5,0.41,2026-09-16,0830,N20,VIIRS,n,2.0NRT,308.28,11.3,D
15.18058,76.66963,336.63,0.5,0.41,2026-09-16,0830,N20,VIIRS,n,2.0NRT,304.61,6.49,D
15.38805,76.60542,331.42,0.49,0.41,2026-09-16,0830,N20,VIIRS,l,2.0NRT,305.75,7.36,D
15.27137,75.19524,340.59,0.43,0.38,2026-09-16,0830,N20,VIIRS,n,2.0NRT,305.01,3.89,D
15.27343,75.1951,339.94,0.43,0.38,2026-09-16,0830,N20,VIIRS,n,2.0NRT,301,4.39,D
15.44618,75.32449,341.77,0.43,0.38,2026-09-16,0830,N20,VIIRS,n,2.0NRT,307.3,16.69,D
15.9438,76.58031,348.82,0.5,0.41,2026-09-16,0830,N20,VIIRS,n,2.0NRT,309.86,12.3,D
16.3295,77.34757,340.46,0.56,0.43,2026-09-16,0830,N20,VIIRS,n,2.0NRT,304.21,9.66,D
16.32977,77.35065,339.63,0.56,0.43,2026-09-16,0830,N20,VIIRS,n,2.0NRT,305.97,7.5,D
16.6308,77.83151,335.01,0.4,0.44,2026-09-16,0830,N20,VIIRS,n,2.0NRT,303.82,2.59,D
17.5842,78.69642,337.91,0.47,0.48,2026-09-16,0830,N20,VIIRS,n,2.0NRT,294.15,3.89,D
18.42752,74.5407,330.01,0.43,0.38,2026-09-16,0830,N20,VIIRS,l,2.0NRT,301.21,1.61,D
21.67873,84.04028,328.43,0.59,0.7,2026-09-16,0833,N20,VIIRS,n,2.0NRT,290.61,5.85,D
21.7489,83.84554,341.9,0.57,0.69,2026-09-16,0833,N20,VIIRS,n,2.0NRT,290.92,7.51,D
21.7553,83.84509,333.09,0.57,0.69,2026-09-16,0833,N20,VIIRS,n,2.0NRT,290.98,7.51,D
21.91929,83.35159,328.14,0.53,0.67,2026-09-16,0833,N20,VIIRS,n,2.0NRT,290.14,6.16,D
21.10445,72.64693,336.15,0.39,0.37,2026-09-16,0833,N20,VIIRS,n,2.0NRT,299.03,22.73,D
21.10281,72.63559,345.34,0.39,0.37,2026-09-16,0833,N20,VIIRS,n,2.0NRT,297.27,7.84,D
22.35844,82.30445,336.07,0.46,0.64,2026-09-16,0833,N20,VIIRS,n,2.0NRT,292.39,5.04,D
30.58067,76.67072,339.26,0.51,0.49,2026-09-16,0835,N20,VIIRS,n,2.0NRT,294.98,3.69,D
31.35779,75.91885,341.24,0.47,0.48,2026-09-16,0835,N20,VIIRS,n,2.0NRT,294.33,5.66,D
31.32667,74.97182,334.99,0.41,0.45,2026-09-16,0835,N20,VIIRS,n,2.0NRT,294.62,3.39,D
31.71229,75.0233,336.99,0.42,0.45,2026-09-16,0835,N20,VIIRS,n,2.0NRT,299.16,2.15,D
31.87643,74.70545,339.99,0.41,0.45,2026-09-16,0835,N20,VIIRS,n,2.0NRT,298.04,6.14,D
31.89927,74.76359,337.23,0.41,0.45,2026-09-16,0835,N20,VIIRS,n,2.0NRT,296.92,3.85,D
34.00264,75.51482,342.96,0.48,0.48,2026-09-16,0835,N20,VIIRS,n,2.0NRT,302.5,7.43,D
23.83909,85.4687,303.63,0.47,0.64,2026-09-16,1917,N20,VIIRS,n,2.0NRT,286.89,1.2,N
20.88736,84.97774,302.01,0.47,0.64,2026-09-16,1919,N20,VIIRS,n,2.0NRT,284.54,1.69,N
23.69738,85.28756,303.28,0.48,0.65,2026-09-16,1919,N20,VIIRS,n,2.0NRT,284.24,0.98,N
23.64905,85.4333,312.23,0.47,0.64,2026-09-16,1919,N20,VIIRS,n,2.0NRT,282.99,1.49,N
23.64867,85.43787,309.07,0.47,0.64,2026-09-16,1919,N20,VIIRS,n,2.0NRT,282.84,1.49,N
22.5916,85.90221,301.99,0.42,0.61,2026-09-16,1919,N20,VIIRS,n,2.0NRT,281.34,0.73,N
22.57533,85.8921,300.89,0.42,0.61,2026-09-16,1919,N20,VIIRS,n,2.0NRT,282.69,1.48,N
22.57494,85.89629,303.41,0.42,0.61,2026-09-16,1919,N20,VIIRS,n,2.0NRT,283.95,1.25,N
22.05389,88.12543,297.92,0.6,0.53,2026-09-16,1919,N20,VIIRS,n,2.0NRT,268.22,1.52,N
22.21553,84.8644,295.81,0.49,0.65,2026-09-16,1919,N20,VIIRS,n,2.0NRT,268.38,1.41,N
22.33244,82.60157,304.5,0.69,0.74,2026-09-16,1919,N20,VIIRS,n,2.0NRT,285.88,1.08,N
22.32649,82.58727,305.53,0.69,0.74,2026-09-16,1919,N20,VIIRS,n,2.0NRT,283.52,1.64,N
22.32141,82.55987,307.41,0.69,0.74,2026-09-16,1919,N20,VIIRS,n,2.0NRT,285.95,2.24,N
22.33202,82.60254,304.84,0.69,0.74,2026-09-16,1919,N20,VIIRS,n,2.0NRT,285.26,1.97,N
22.32615,82.58831,308.27,0.69,0.74,2026-09-16,1919,N20,VIIRS,n,2.0NRT,283.85,2.1,N
22.32125,82.56095,308.19,0.69,0.74,2026-09-16,1919,N20,VIIRS,n,2.0NRT,285.84,2.9,N
22.06939,83.70183,301.8,0.58,0.7,2026-09-16,1919,N20,VIIRS,n,2.0NRT,285.93,0.61,N
22.03819,83.35056,304.7,0.61,0.71,2026-09-16,1919,N20,VIIRS,n,2.0NRT,286.58,1.9,N
21.98774,83.22835,304.51,0.62,0.72,2026-09-16,1919,N20,VIIRS,n,2.0NRT,286.45,1.18,N
22.00819,82.66542,302.74,0.68,0.74,2026-09-16,1919,N20,VIIRS,n,2.0NRT,281.63,2.32,N
21.92798,83.3338,303.28,0.61,0.71,2026-09-16,1919,N20,VIIRS,n,2.0NRT,286.89,1.47,N
21.92046,83.34522,306.9,0.61,0.71,2026-09-16,1919,N20,VIIRS,n,2.0NRT,286.98,1.88,N
21.76093,84.02087,305.37,0.55,0.68,2026-09-16,1919,N20,VIIRS,n,2.0NRT,287.31,1.63,N
21.75463,84.02014,307.76,0.55,0.68,2026-09-16,1919,N20,VIIRS,n,2.0NRT,286.69,1.63,N
21.76265,83.84477,304.59,0.56,0.69,2026-09-16,1919,N20,VIIRS,n,2.0NRT,285.87,2.52,N
21.67726,84.03349,304.59,0.55,0.68,2026-09-16,1919,N20,VIIRS,n,2.0NRT,287.06,2.3,N
21.67977,84.0369,305.97,0.55,0.68,2026-09-16,1919,N20,VIIRS,n,2.0NRT,287.49,2.33,N
21.80278,82.03368,304.42,0.74,0.76,2026-09-16,1919,N20,VIIRS,n,2.0NRT,284.3,1.05,N
21.67456,82.0742,304.91,0.73,0.76,2026-09-16,1919,N20,VIIRS,n,2.0NRT,284.47,2.43,N
21.00251,86.00888,303.22,0.4,0.6,2026-09-16,1919,N20,VIIRS,n,2.0NRT,288.18,0.34,N
21.00104,86.02441,304.96,0.4,0.6,2026-09-16,1919,N20,VIIRS,n,2.0NRT,288.51,0.66,N
21.07998,85.03182,309.24,0.47,0.64,2026-09-16,1919,N20,VIIRS,n,2.0NRT,289.01,1.56,N
21.07959,85.0363,309.59,0.46,0.64,2026-09-16,1919,N20,VIIRS,n,2.0NRT,289.45,1.56,N
21.0792,85.04084,307.14,0.46,0.64,2026-09-16,1919,N20,VIIRS,n,2.0NRT,288.83,1.72,N
21.00289,86.01031,306.17,0.4,0.6,2026-09-16,1919,N20,VIIRS,n,2.0NRT,288.29,1.01,N
21.38017,81.6739,304.65,0.77,0.77,2026-09-16,1919,N20,VIIRS,n,2.0NRT,284.94,2.2,N
21.08137,85.03482,309.94,0.46,0.64,2026-09-16,1919,N20,VIIRS,n,2.0NRT,289.14,2.41,N
20.96966,86.0064,303.92,0.4,0.6,2026-09-16,1919,N20,VIIRS,n,2.0NRT,288.48,2.34,N
20.96928,86.01028,308.94,0.4,0.6,2026-09-16,1919,N20,VIIRS,n,2.0NRT,288.33,1.71,N
20.96851,86.01801,307.71,0.4,0.6,2026-09-16,1919,N20,VIIRS,n,2.0NRT,288.64,1.21,N
20.9645,86.00201,327.41,0.4,0.6,2026-09-16,1919,N20,VIIRS,n,2.0NRT,288.69,2.34,N
20.96412,86.00587,321.39,0.4,0.6,2026-09-16,1919,N20,VIIRS,n,2.0NRT,288.75,2.34,N
20.96373,86.00972,311.33,0.4,0.6,2026-09-16,1919,N20,VIIRS,n,2.0NRT,288.93,1.71,N
20.95437,86.04774,328.43,0.4,0.6,2026-09-16,1919,N20,VIIRS,n,2.0NRT,288.5,3.43,N
20.95475,86.04396,307.65,0.4,0.6,2026-09-16,1919,N20,VIIRS,n,2.0NRT,288.36,2.98,N
20.94222,86.05765,318.58,0.4,0.6,2026-09-16,1919,N20,VIIRS,n,2.0NRT,288.46,1.53,N
20.97353,85.17622,306.31,0.45,0.63,2026-09-16,1919,N20,VIIRS,n,2.0NRT,288.99,0.89,N
20.96889,85.16222,304.49,0.45,0.63,2026-09-16,1919,N20,VIIRS,n,2.0NRT,289.26,2.91,N
20.96849,85.1667,310.99,0.45,0.63,2026-09-16,1919,N20,VIIRS,n,2.0NRT,289.26,1.65,N
20.96809,85.17117,305.26,0.45,0.63,2026-09-16,1919,N20,VIIRS,n,2.0NRT,289.35,1.65,N
20.96769,85.17564,309.47,0.45,0.63,2026-09-16,1919,N20,VIIRS,n,2.0NRT,289.26,3.29,N
20.9669,85.18446,304.39,0.45,0.63,2026-09-16,1919,N20,VIIRS,n,2.0NRT,288.88,1.41,N
20.96651,85.18881,309.73,0.45,0.63,2026-09-16,1919,N20,VIIRS,n,2.0NRT,289.35,1.41,N
20.96225,85.1706,305.45,0.45,0.63,2026-09-16,1919,N20,VIIRS,n,2.0NRT,289.31,1.65,N
20.96876,85.16788,309.74,0.45,0.63,2026-09-16,1919,N20,VIIRS,n,2.0NRT,289.44,1.26,N
20.96833,85.17233,311,0.45,0.63,2026-09-16,1919,N20,VIIRS,n,2.0NRT,289.21,1.26,N
20.9679,85.17679,307.03,0.45,0.63,2026-09-16,1919,N20,VIIRS,n,2.0NRT,289.08,3.27,N
20.96663,85.18992,306.16,0.45,0.63,2026-09-16,1919,N20,VIIRS,n,2.0NRT,288.95,1.3,N
20.96291,85.16737,305.36,0.45,0.63,2026-09-16,1919,N20,VIIRS,n,2.0NRT,289.86,1.26,N
20.96249,85.17177,307.54,0.45,0.63,2026-09-16,1919,N20,VIIRS,n,2.0NRT,289.4,1.26,N
20.96122,85.18494,304.56,0.45,0.63,2026-09-16,1919,N20,VIIRS,n,2.0NRT,289.21,1.3,N
20.89134,84.97982,302.58,0.47,0.64,2026-09-16,1919,N20,VIIRS,n,2.0NRT,285.16,1.13,N
20.88543,84.97926,310.17,0.47,0.64,2026-09-16,1919,N20,VIIRS,n,2.0NRT,285,1.13,N
20.8673,84.98212,306.54,0.47,0.64,2026-09-16,1919,N20,VIIRS,n,2.0NRT,285.02,0.87,N
20.88693,84.98219,304.56,0.47,0.64,2026-09-16,1919,N20,VIIRS,n,2.0NRT,284.92,1.97,N
20.86289,84.98431,309.04,0.47,0.64,2026-09-16,1919,N20,VIIRS,n,2.0NRT,285.2,1.38,N
20.80793,85.2534,308.9,0.45,0.63,2026-09-16,1919,N20,VIIRS,n,2.0NRT,286.67,1.5,N
20.79632,85.25225,326.27,0.45,0.63,2026-09-16,1919,N20,VIIRS,n,2.0NRT,286.02,4.02,N
20.79013,85.25584,301.71,0.45,0.63,2026-09-16,1919,N20,VIIRS,n,2.0NRT,284.43,1.46,N
20.78973,85.26014,302.06,0.45,0.63,2026-09-16,1919,N20,VIIRS,n,2.0NRT,284.82,1.46,N
20.78933,85.2644,303.51,0.45,0.63,2026-09-16,1919,N20,VIIRS,n,2.0NRT,284.62,0.87,N
20.76338,85.29202,308.08,0.44,0.63,2026-09-16,1919,N20,VIIRS,n,2.0NRT,285.74,2.46,N
20.76298,85.29638,311.66,0.44,0.63,2026-09-16,1919,N20,VIIRS,n,2.0NRT,285.61,1.9,N
17.61333,83.20241,298.48,0.56,0.69,2026-09-16,1919,N20,VIIRS,n,2.0NRT,274.73,0.72,N
31.25072,76.92822,295.48,0.45,0.39,2026-09-16,2057,N20,VIIRS,n,2.0NRT,276.24,0.3,N
29.97354,77.5223,295.85,0.5,0.41,2026-09-16,2057,N20,VIIRS,n,2.0NRT,276.81,0.63,N
26.64292,79.47828,310.26,0.48,0.48,2026-09-16,2057,N20,VIIRS,n,2.0NRT,293.38,2.87,N
23.79788,86.34793,297.08,0.73,0.76,2026-09-16,2057,N20,VIIRS,n,2.0NRT,271.92,2.77,N
23.76287,86.39735,300.76,0.74,0.76,2026-09-16,2057,N20,VIIRS,n,2.0NRT,267.93,3.15,N
23.78533,86.20263,298.07,0.72,0.75,2026-09-16,2057,N20,VIIRS,n,2.0NRT,278.33,1.84,N
23.78351,86.2095,307.27,0.72,0.75,2026-09-16,2057,N20,VIIRS,n,2.0NRT,278.72,1.84,N
23.77355,86.19236,299.82,0.72,0.75,2026-09-16,2057,N20,VIIRS,n,2.0NRT,278.8,1.82,N
23.76341,86.39781,300.13,0.74,0.76,2026-09-16,2057,N20,VIIRS,n,2.0NRT,268.03,2.5,N
23.783,86.20944,310.37,0.72,0.76,2026-09-16,2057,N20,VIIRS,n,2.0NRT,278.9,3.69,N
23.77298,86.19218,299.99,0.72,0.75,2026-09-16,2057,N20,VIIRS,n,2.0NRT,278.57,1.52,N
21.10654,72.64538,312.31,0.41,0.37,2026-09-16,2059,N20,VIIRS,n,2.0NRT,291.88,3.09,N
21.82166,83.99483,305.23,0.58,0.7,2026-09-16,2059,N20,VIIRS,n,2.0NRT,286.85,1.17,N
21.77009,84.0154,304.71,0.58,0.7,2026-09-16,2059,N20,VIIRS,n,2.0NRT,286.65,1.64,N
21.92678,83.33752,318.06,0.53,0.67,2026-09-16,2059,N20,VIIRS,n,2.0NRT,287.17,2.54,N
21.92443,83.34735,304.02,0.53,0.67,2026-09-16,2059,N20,VIIRS,n,2.0NRT,286.92,3.11,N
21.92325,83.35231,304.39,0.53,0.67,2026-09-16,2059,N20,VIIRS,n,2.0NRT,287.01,1.97,N
21.76253,84.01905,306.7,0.58,0.7,2026-09-16,2059,N20,VIIRS,n,2.0NRT,286.91,2.07,N
21.75495,84.02281,307.54,0.59,0.7,2026-09-16,2059,N20,VIIRS,n,2.0NRT,286.87,2.07,N
21.87636,83.49432,303.67,0.54,0.68,2026-09-16,2059,N20,VIIRS,n,2.0NRT,286.95,1.04,N
21.76477,83.84663,312.02,0.57,0.69,2026-09-16,2059,N20,VIIRS,n,2.0NRT,286.42,3.04,N
21.7599,83.83954,313.3,0.57,0.69,2026-09-16,2059,N20,VIIRS,n,2.0NRT,286.7,4.34,N
21.75858,83.84489,317.47,0.57,0.69,2026-09-16,2059,N20,VIIRS,n,2.0NRT,286.59,3.04,N
21.75374,83.8377,304.4,0.57,0.69,2026-09-16,2059,N20,VIIRS,n,2.0NRT,286.67,2.99,N
21.75241,83.84314,304.91,0.57,0.69,2026-09-16,2059,N20,VIIRS,n,2.0NRT,286.73,3.71,N
21.74626,83.84127,329.13,0.57,0.69,2026-09-16,2059,N20,VIIRS,n,2.0NRT,287.21,3.71,N
21.74759,83.83586,312.46,0.57,0.69,2026-09-16,2059,N20,VIIRS,n,2.0NRT,286.31,2.99,N
21.76193,83.84421,319.72,0.57,0.69,2026-09-16,2059,N20,VIIRS,n,2.0NRT,286.72,3.92,N
21.75576,83.84245,322.3,0.57,0.69,2026-09-16,2059,N20,VIIRS,n,2.0NRT,287.17,3.92,N
21.7496,83.84057,336.74,0.57,0.69,2026-09-16,2059,N20,VIIRS,n,2.0NRT,287.08,4.27,N
21.74345,83.83869,311.19,0.57,0.69,2026-09-16,2059,N20,VIIRS,n,2.0NRT,286.67,4.27,N
22.00669,82.66699,306.96,0.48,0.64,2026-09-16,2059,N20,VIIRS,n,2.0NRT,287.53,1.07,N
22.00567,82.67139,304.39,0.48,0.64,2026-09-16,2059,N20,VIIRS,n,2.0NRT,287.48,1.07,N
21.68258,84.03684,313.14,0.59,0.7,2026-09-16,2059,N20,VIIRS,n,2.0NRT,286.63,3.16,N
21.98808,82.01474,304.71,0.43,0.62,2026-09-16,2059,N20,VIIRS,n,2.0NRT,287.22,0.71,N
21.80483,82.03971,309.89,0.44,0.62,2026-09-16,2059,N20,VIIRS,n,2.0NRT,287.84,1.38,N
20.97756,85.16721,303.65,0.72,0.75,2026-09-16,2059,N20,VIIRS,n,2.0NRT,276.95,1.96,N
20.97717,85.16679,303.54,0.72,0.75,2026-09-16,2059,N20,VIIRS,n,2.0NRT,276.75,4.14,N
20.97554,85.17336,300.16,0.72,0.76,2026-09-16,2059,N20,VIIRS,n,2.0NRT,277.28,3.28,N
20.97872,85.13143,301.06,0.71,0.75,2026-09-16,2059,N20,VIIRS,n,2.0NRT,279.1,2.48,N
20.96882,85.17133,312.83,0.72,0.76,2026-09-16,2059,N20,VIIRS,n,2.0NRT,277.66,3.28,N
20.96552,85.18462,310.31,0.72,0.76,2026-09-16,2059,N20,VIIRS,n,2.0NRT,278.23,3.11,N
20.96375,85.1627,300.07,0.72,0.75,2026-09-16,2059,N20,VIIRS,n,2.0NRT,277.86,1.42,N
21.6741,82.08178,306.12,0.44,0.63,2026-09-16,2059,N20,VIIRS,n,2.0NRT,287.88,1,N
20.8687,84.99061,302,0.7,0.75,2026-09-16,2059,N20,VIIRS,n,2.0NRT,280.91,1.26,N
21.62496,81.79198,303.78,0.43,0.62,2026-09-16,2059,N20,VIIRS,n,2.0NRT,287.95,1.19,N
20.86193,84.98901,300.21,0.7,0.75,2026-09-16,2059,N20,VIIRS,n,2.0NRT,280.15,1.26,N
20.79624,85.25153,312.37,0.73,0.76,2026-09-16,2059,N20,VIIRS,n,2.0NRT,280.62,2.38,N
20.76372,85.29387,303.46,0.74,0.76,2026-09-16,2059,N20,VIIRS,n,2.0NRT,281.3,1.31,N
20.7966,85.25189,313.06,0.73,0.76,2026-09-16,2059,N20,VIIRS,n,2.0NRT,280.6,3.99,N
20.76439,85.2942,303.58,0.74,0.76,2026-09-16,2059,N20,VIIRS,n,2.0NRT,281.25,1.39,N
21.50045,81.80745,304.89,0.43,0.62,2026-09-16,2059,N20,VIIRS,n,2.0NRT,287.46,0.61,N
21.49399,81.81,303.64,0.43,0.62,2026-09-16,2059,N20,VIIRS,n,2.0NRT,287.49,0.4,N
21.48653,81.76577,305.03,0.43,0.62,2026-09-16,2059,N20,VIIRS,n,2.0NRT,287.55,1.59,N
21.48825,81.76633,303.07,0.43,0.62,2026-09-16,2059,N20,VIIRS,n,2.0NRT,287.43,1.46,N
21.45712,81.80067,305.89,0.43,0.62,2026-09-16,2059,N20,VIIRS,n,2.0NRT,287.93,0.64,N
21.37575,81.67684,306.1,0.42,0.61,2026-09-16,2059,N20,VIIRS,n,2.0NRT,288.2,1.5,N
21.37486,81.6808,306.56,0.42,0.61,2026-09-16,2059,N20,VIIRS,n,2.0NRT,288.25,2.1,N
21.37819,81.63983,310.21,0.42,0.61,2026-09-16,2059,N20,VIIRS,n,2.0NRT,288.13,2,N
21.37554,81.65169,305.1,0.42,0.61,2026-09-16,2059,N20,VIIRS,n,2.0NRT,287.76,1.09,N
21.34993,81.66181,306.67,0.42,0.61,2026-09-16,2059,N20,VIIRS,n,2.0NRT,287.41,1.05,N
21.3138,81.58978,305.82,0.42,0.61,2026-09-16,2059,N20,VIIRS,n,2.0NRT,287.93,1.1,N
21.30925,81.5888,307.59,0.42,0.61,2026-09-16,2059,N20,VIIRS,n,2.0NRT,287.78,1.04,N
23.31552,70.48505,304.9,0.39,0.36,2026-09-16,2059,N20,VIIRS,n,2.0NRT,291.76,0.83,N
21.18682,81.38865,325.9,0.41,0.61,2026-09-16,2059,N20,VIIRS,n,2.0NRT,288.89,2.3,N
21.18223,81.38342,309.47,0.41,0.61,2026-09-16,2059,N20,VIIRS,n,2.0NRT,288.32,2.3,N
23.49726,68.57574,304.66,0.44,0.38,2026-09-16,2059,N20,VIIRS,n,2.0NRT,291.42,0.92,N
22.26626,75.13531,305.39,0.49,0.4,2026-09-16,2059,N20,VIIRS,n,2.0NRT,292.06,1.15,N
21.33635,78.96861,306.6,0.57,0.52,2026-09-16,2059,N20,VIIRS,n,2.0NRT,290.18,1.71,N
21.25175,79.20641,308.88,0.59,0.53,2026-09-16,2059,N20,VIIRS,n,2.0NRT,289.83,1.27,N
22.3409,69.85604,308.19,0.4,0.37,2026-09-16,2059,N20,VIIRS,n,2.0NRT,292.47,1.48,N
22.33755,69.85546,304.96,0.4,0.37,2026-09-16,2059,N20,VIIRS,n,2.0NRT,292.49,1.48,N
22.33584,69.86693,307.4,0.4,0.37,2026-09-16,2059,N20,VIIRS,n,2.0NRT,292.29,1.69,N
21.5636,72.91458,305.19,0.41,0.37,2026-09-16,2059,N20,VIIRS,n,2.0NRT,291.24,1.62,N
21.10786,72.63766,308.3,0.41,0.37,2026-09-16,2059,N20,VIIRS,n,2.0NRT,293.24,1.97,N
21.10449,72.63702,323.88,0.41,0.37,2026-09-16,2059,N20,VIIRS,n,2.0NRT,292.23,1.97,N
21.10112,72.63636,330.33,0.41,0.37,2026-09-16,2059,N20,VIIRS,n,2.0NRT,293.13,6.98,N
19.10005,82.16497,302.8,0.51,0.66,2026-09-16,2059,N20,VIIRS,n,2.0NRT,284.24,1.81,N
20.86667,70.56642,307.37,0.38,0.36,2026-09-16,2059,N20,VIIRS,n,2.0NRT,292.75,1.07,N
20.35771,72.94888,313.99,0.42,0.38,2026-09-16,2059,N20,VIIRS,n,2.0NRT,291.1,1.11,N
23.68495,86.3896,295.62,0.74,0.76,2026-09-16,2059,N20,VIIRS,n,2.0NRT,264.88,1.11,N
23.70238,86.07531,299.08,0.71,0.75,2026-09-16,2059,N20,VIIRS,n,2.0NRT,277.95,0.69,N
23.79381,85.54864,300.28,0.66,0.73,2026-09-16,2059,N20,VIIRS,n,2.0NRT,284.43,1.68,N
23.78726,85.54689,300.44,0.66,0.73,2026-09-16,2059,N20,VIIRS,n,2.0NRT,284.55,1.52,N
23.78572,85.55286,301.21,0.66,0.73,2026-09-16,2059,N20,VIIRS,n,2.0NRT,284.29,1.81,N
23.69552,85.36996,306.88,0.64,0.72,2026-09-16,2059,N20,VIIRS,n,2.0NRT,284.41,2.02,N
23.65064,85.4359,299.91,0.65,0.73,2026-09-16,2059,N20,VIIRS,n,2.0NRT,284.17,1.51,N
23.69725,85.36816,311.28,0.64,0.72,2026-09-16,2059,N20,VIIRS,n,2.0NRT,284.36,1.77,N
24.19808,82.7125,302.34,0.43,0.62,2026-09-16,2059,N20,VIIRS,n,2.0NRT,284.17,0.9,N
24.19716,82.71645,302.86,0.43,0.62,2026-09-16,2059,N20,VIIRS,n,2.0NRT,286.16,0.9,N
24.20679,82.52486,306.13,0.42,0.61,2026-09-16,2059,N20,VIIRS,n,2.0NRT,285.29,0.87,N
25.96787,71.27215,299.44,0.39,0.36,2026-09-16,2059,N20,VIIRS,n,2.0NRT,283.03,0.58,N
24.19786,80.79628,303.74,0.33,0.55,2026-09-16,2059,N20,VIIRS,n,2.0NRT,288.5,0.35,N
22.7858,86.19986,297.78,0.76,0.77,2026-09-16,2059,N20,VIIRS,n,2.0NRT,270.27,1.46,N
22.78736,86.19874,297.61,0.76,0.77,2026-09-16,2059,N20,VIIRS,n,2.0NRT,269.39,1.38,N
22.80104,86.08878,304.3,0.75,0.77,2026-09-16,2059,N20,VIIRS,n,2.0NRT,282.42,3.26,N
24.05548,80.61336,305.39,0.32,0.55,2026-09-16,2059,N20,VIIRS,n,2.0NRT,288.63,0.93,N
22.61384,85.9109,300.8,0.73,0.76,2026-09-16,2059,N20,VIIRS,n,2.0NRT,284.06,1.36,N
22.57501,85.89182,303.59,0.73,0.76,2026-09-16,2059,N20,VIIRS,n,2.0NRT,283.97,2.12,N
22.57446,85.89532,307.19,0.73,0.76,2026-09-16,2059,N20,VIIRS,n,2.0NRT,283.55,2.33,N
24.93575,74.6354,304.02,0.43,0.38,2026-09-16,2059,N20,VIIRS,n,2.0NRT,291.13,0.37,N
24.93228,74.63466,305.85,0.43,0.38,2026-09-16,2059,N20,VIIRS,n,2.0NRT,291.53,0.63,N
23.17039,82.34191,315.5,0.43,0.62,2026-09-16,2059,N20,VIIRS,n,2.0NRT,287.06,1.72,N
23.16578,82.33643,319.91,0.43,0.62,2026-09-16,2059,N20,VIIRS,n,2.0NRT,286.87,3.71,N
23.16481,82.34061,309.86,0.43,0.62,2026-09-16,2059,N20,VIIRS,n,2.0NRT,286.82,1.72,N
24.69119,74.67901,306.35,0.44,0.38,2026-09-16,2059,N20,VIIRS,n,2.0NRT,290.71,0.8,N
24.66203,74.63422,304.93,0.44,0.38,2026-09-16,2059,N20,VIIRS,n,2.0NRT,291.53,1.1,N
24.81997,73.09322,312.16,0.39,0.37,2026-09-16,2059,N20,VIIRS,n,2.0NRT,291.92,1.65,N
24.65938,73.87926,305.21,0.41,0.37,2026-09-16,2059,N20,VIIRS,n,2.0NRT,291.12,0.59,N
24.69178,73.00111,308.83,0.39,0.36,2026-09-16,2059,N20,VIIRS,n,2.0NRT,291.01,1.29,N
22.22422,84.75076,305.56,0.63,0.72,2026-09-16,2059,N20,VIIRS,n,2.0NRT,285.54,2.13,N
22.22556,84.75036,305.14,0.63,0.72,2026-09-16,2059,N20,VIIRS,n,2.0NRT,285.14,2.8,N
22.03908,83.72644,305.55,0.55,0.68,2026-09-16,2059,N20,VIIRS,n,2.0NRT,286.56,1.54,N
22.31767,82.53176,303.91,0.46,0.63,2026-09-16,2059,N20,VIIRS,n,2.0NRT,286.97,1.62,N
22.3601,82.29922,335.09,0.44,0.63,2026-09-16,2059,N20,VIIRS,n,2.0NRT,287.25,5.25,N
22.35912,82.30338,315.38,0.44,0.63,2026-09-16,2059,N20,VIIRS,n,2.0NRT,287.55,3.89,N
22.36386,82.29951,302.9,0.44,0.63,2026-09-16,2059,N20,VIIRS,n,2.0NRT,287.36,2.43,N
22.35728,82.30228,328.28,0.44,0.63,2026-09-16,2059,N20,VIIRS,n,2.0NRT,287.71,2.43,N
22.35823,82.2981,319.12,0.44,0.63,2026-09-16,2059,N20,VIIRS,n,2.0NRT,287.15,2.43,N
22.01601,83.74875,303.14,0.56,0.68,2026-09-16,2059,N20,VIIRS,n,2.0NRT,286.5,0.78,N
21.96556,83.76841,302.48,0.56,0.69,2026-09-16,2059,N20,VIIRS,n,2.0NRT,286.48,1.2,N
22.10658,83.12169,306.24,0.5,0.66,2026-09-16,2059,N20,VIIRS,n,2.0NRT,287.09,0.99,N
22.03977,83.34985,310.22,0.52,0.67,2026-09-16,2059,N20,VIIRS,n,2.0NRT,286.81,2.06,N
22.08998,83.11211,303.86,0.5,0.66,2026-09-16,2059,N20,VIIRS,n,2.0NRT,286.78,0.87,N
15.17834,76.65773,321.32,0.53,0.5,2026-09-16,2101,N20,VIIRS,n,2.0NRT,290.14,3.15,N
15.11166,76.80593,306.92,0.54,0.51,2026-09-16,2101,N20,VIIRS,n,2.0NRT,289.63,1.64,N
13.71095,79.61896,306.28,0.44,0.63,2026-09-16,2101,N20,VIIRS,n,2.0NRT,290.67,2.47,N
15.18011,76.67323,304.79,0.53,0.5,2026-09-16,2101,N20,VIIRS,n,2.0NRT,290.36,1.73,N
13.15904,80.28638,305.93,0.5,0.66,2026-09-16,2101,N20,VIIRS,n,2.0NRT,288.39,2.77,N
15.68581,78.45654,304.49,0.34,0.56,2026-09-16,2101,N20,VIIRS,n,2.0NRT,290.24,1.74,N
17.9599,80.79063,308.19,0.44,0.62,2026-09-16,2101,N20,VIIRS,n,2.0NRT,284.33,2.28,N
18.72222,79.53536,300.98,0.35,0.57,2026-09-16,2101,N20,VIIRS,n,2.0NRT,278.16,0.5,N
15.35781,76.71009,313.24,0.53,0.5,2026-09-16,2101,N20,VIIRS,n,2.0NRT,289.73,1.09,N
13.08856,79.98178,304.1,0.48,0.65,2026-09-16,2101,N20,VIIRS,n,2.0NRT,284.23,2.79,N
15.33556,76.28365,304.03,0.5,0.49,2026-09-16,2101,N20,VIIRS,n,2.0NRT,290.15,1.28,N
15.18196,76.66354,307.09,0.53,0.5,2026-09-16,2101,N20,VIIRS,n,2.0NRT,290.26,3.15,N
15.18103,76.66838,306.37,0.53,0.5,2026-09-16,2101,N20,VIIRS,n,2.0NRT,290.31,1.73,N
11.18605,79.09898,304.55,0.46,0.63,2026-09-16,2104,N20,VIIRS,n,2.0NRT,286.83,1.27,N
11.18126,79.09764,305.03,0.46,0.63,2026-09-16,2104,N20,VIIRS,n,2.0NRT,286.41,1.02,N
13.04103,79.82522,332.88,0.41,0.37,2026-09-17,0809,N20,VIIRS,n,2.0NRT,302.03,1.51,D
13.13913,78.67795,332.92,0.39,0.36,2026-09-17,0809,N20,VIIRS,n,2.0NRT,298.78,1.98,D
13.36552,79.74826,333.65,0.41,0.37,2026-09-17,0809,N20,VIIRS,n,2.0NRT,302.69,2.33,D
13.90979,78.02409,342.08,0.38,0.36,2026-09-17,0809,N20,VIIRS,n,2.0NRT,310.55,11.33,D
13.93903,76.37608,337.11,0.4,0.37,2026-09-17,0809,N20,VIIRS,n,2.0NRT,297.2,2.74,D
14.25162,77.7949,334.47,0.38,0.36,2026-09-17,0809,N20,VIIRS,n,2.0NRT,302.77,3.15,D
14.19979,77.30349,343.52,0.39,0.36,2026-09-17,0809,N20,VIIRS,n,2.0NRT,303.21,6.29,D
14.47381,78.25481,348.35,0.39,0.36,2026-09-17,0809,N20,VIIRS,n,2.0NRT,305.24,9.03,D
14.68365,79.56946,338.51,0.41,0.37,2026-09-17,0809,N20,VIIRS,n,2.0NRT,301.69,6.08,D
14.68519,78.71561,336.56,0.39,0.36,2026-09-17,0809,N20,VIIRS,n,2.0NRT,305.3,2.56,D
15.30656,78.99467,343.45,0.4,0.37,2026-09-17,0809,N20,VIIRS,n,2.0NRT,304.44,5.76,D
15.21725,77.55807,337.66,0.38,0.36,2026-09-17,0809,N20,VIIRS,n,2.0NRT,305.68,11.01,D
15.60386,79.72147,344.78,0.42,0.38,2026-09-17,0809,N20,VIIRS,n,2.0NRT,304.54,7.82,D
15.45431,78.59286,337.79,0.39,0.36,2026-09-17,0809,N20,VIIRS,n,2.0NRT,303.22,2.06,D
15.1764,76.67712,341.35,0.39,0.36,2026-09-17,0809,N20,VIIRS,n,2.0NRT,301.45,6.19,D
15.1769,76.65858,334.28,0.39,0.36,2026-09-17,0809,N20,VIIRS,n,2.0NRT,301.43,4.36,D
15.17633,76.65498,338.85,0.39,0.36,2026-09-17,0809,N20,VIIRS,n,2.0NRT,302.32,5.53,D
15.1819,76.66882,338.26,0.39,0.36,2026-09-17,0809,N20,VIIRS,n,2.0NRT,301.16,5.67,D
15.77087,79.61572,339.22,0.42,0.38,2026-09-17,0809,N20,VIIRS,n,2.0NRT,303.91,6.12,D
15.7703,79.61181,339.02,0.42,0.38,2026-09-17,0809,N20,VIIRS,n,2.0NRT,305.01,6.12,D
15.76998,79.61227,341.93,0.42,0.38,2026-09-17,0809,N20,VIIRS,n,2.0NRT,304.97,12.62,D
15.81911,79.63673,341.28,0.42,0.38,2026-09-17,0809,N20,VIIRS,n,2.0NRT,307.62,7.68,D
15.72596,78.38895,334.73,0.39,0.36,2026-09-17,0809,N20,VIIRS,n,2.0NRT,300.94,3.66,D
15.71909,78.20542,338.41,0.39,0.36,2026-09-17,0809,N20,VIIRS,n,2.0NRT,306.43,6.91,D
15.73049,77.62545,339.89,0.38,0.36,2026-09-17,0809,N20,VIIRS,n,2.0NRT,303.96,3.94,D
16.12972,78.29749,335.96,0.39,0.36,2026-09-17,0809,N20,VIIRS,n,2.0NRT,300.88,2.16,D
16.19478,78.20927,338.43,0.39,0.36,2026-09-17,0809,N20,VIIRS,n,2.0NRT,305,3.88,D
16.19424,78.20566,337.49,0.39,0.36,2026-09-17,0809,N20,VIIRS,n,2.0NRT,305.84,4.15,D
16.46238,79.61291,333.2,0.42,0.38,2026-09-17,0809,N20,VIIRS,l,2.0NRT,303.86,2.56,D
16.46015,79.59711,342.74,0.42,0.38,2026-09-17,0809,N20,VIIRS,n,2.0NRT,306.26,4.27,D
16.46874,79.60792,337.27,0.42,0.38,2026-09-17,0809,N20,VIIRS,n,2.0NRT,304.13,3.12,D
11.86072,79.55096,333.64,0.39,0.37,2026-09-17,0809,N20,VIIRS,n,2.0NRT,298.38,2.2,D
8.5663,77.67852,342.02,0.4,0.37,2026-09-17,0809,N20,VIIRS,l,2.0NRT,302.09,12.27,D
8.96939,78.08468,339.81,0.39,0.36,2026-09-17,0809,N20,VIIRS,n,2.0NRT,303.19,6.39,D
9.36763,78.66145,340.12,0.38,0.36,2026-09-17,0809,N20,VIIRS,n,2.0NRT,303.37,3.77,D
9.20377,77.60506,342.97,0.4,0.37,2026-09-17,0809,N20,VIIRS,l,2.0NRT,307.05,7.04,D
10.18152,79.01118,337.28,0.38,0.36,2026-09-17,0809,N20,VIIRS,n,2.0NRT,301.41,2.49,D
11.09428,79.68581,337.71,0.39,0.36,2026-09-17,0809,N20,VIIRS,n,2.0NRT,301.79,3.46,D
11.24191,79.22221,336.72,0.39,0.36,2026-09-17,0809,N20,VIIRS,n,2.0NRT,302.5,2.74,D
11.35926,79.14574,330.7,0.39,0.36,2026-09-17,0809,N20,VIIRS,l,2.0NRT,302.32,1.09,D
11.3841,79.24224,330.97,0.39,0.36,2026-09-17,0809,N20,VIIRS,n,2.0NRT,296.14,2.53,D
11.83979,79.02193,332.35,0.39,0.36,2026-09-17,0809,N20,VIIRS,l,2.0NRT,303.26,1.59,D
12.24176,78.89575,341.02,0.39,0.36,2026-09-17,0809,N20,VIIRS,n,2.0NRT,301.91,3.97,D
12.80843,79.95606,330.89,0.41,0.37,2026-09-17,0809,N20,VIIRS,l,2.0NRT,303.79,2.21,D
12.83739,79.94018,333.21,0.41,0.37,2026-09-17,0809,N20,VIIRS,l,2.0NRT,306.31,3.61,D
12.81724,79.27477,331.45,0.39,0.36,2026-09-17,0809,N20,VIIRS,n,2.0NRT,298.68,0.9,D
16.39025,78.04082,334.64,0.39,0.36,2026-09-17,0811,N20,VIIRS,n,2.0NRT,303.9,2.47,D
16.54817,78.65103,332.84,0.4,0.37,2026-09-17,0811,N20,VIIRS,l,2.0NRT,303.31,3.94,D
17.02206,81.39456,337.19,0.52,0.41,2026-09-17,0811,N20,VIIRS,n,2.0NRT,301.19,5.13,D
16.82669,79.29771,342.13,0.42,0.37,2026-09-17,0811,N20,VIIRS,n,2.0NRT,301.34,6.58,D
17.2099,75.13897,343.58,0.41,0.37,2026-09-17,0811,N20,VIIRS,l,2.0NRT,309.35,11,D
18.36654,79.31262,334.64,0.43,0.38,2026-09-17,0811,N20,VIIRS,n,2.0NRT,295.28,3.56,D
18.69051,79.77713,331.47,0.45,0.39,2026-09-17,0811,N20,VIIRS,l,2.0NRT,305.02,8.98,D
19.10127,82.16602,342.3,0.41,0.45,2026-09-17,0811,N20,VIIRS,n,2.0NRT,297.83,7.5,D
18.7725,78.96606,333.08,0.42,0.38,2026-09-17,0811,N20,VIIRS,n,2.0NRT,298.5,3.69,D
18.6126,74.1996,336.32,0.43,0.38,2026-09-17,0811,N20,VIIRS,n,2.0NRT,295.74,4.09,D
20.86555,84.9941,329.46,0.32,0.55,2026-09-17,0811,N20,VIIRS,n,2.0NRT,293.18,7.13,D
20.86523,84.99087,330.24,0.32,0.55,2026-09-17,0811,N20,VIIRS,n,2.0NRT,293.25,4.48,D
20.88987,84.98194,330.59,0.32,0.55,2026-09-17,0811,N20,VIIRS,n,2.0NRT,293.39,4.37,D
20.96945,85.15335,331.42,0.33,0.55,2026-09-17,0811,N20,VIIRS,n,2.0NRT,291.75,4.8,D
20.97797,85.13622,328.6,0.33,0.55,2026-09-17,0811,N20,VIIRS,n,2.0NRT,292.47,5.23,D
20.96734,85.15282,333.16,0.33,0.55,2026-09-17,0811,N20,VIIRS,n,2.0NRT,291.93,5.38,D
21.23342,79.63266,330.12,0.47,0.4,2026-09-17,0811,N20,VIIRS,l,2.0NRT,301.37,5.89,D
21.33563,78.96835,332.55,0.44,0.38,2026-09-17,0811,N20,VIIRS,n,2.0NRT,299.41,2.91,D
21.91995,83.35087,336.08,0.52,0.5,2026-09-17,0811,N20,VIIRS,n,2.0NRT,293.81,8.97,D
22.03638,83.35259,330.4,0.52,0.5,2026-09-17,0811,N20,VIIRS,n,2.0NRT,295.07,4.67,D
21.10291,72.64526,332.05,0.47,0.4,2026-09-17,0811,N20,VIIRS,l,2.0NRT,297.72,4.29,D
21.10134,72.63634,338.6,0.47,0.4,2026-09-17,0811,N20,VIIRS,n,2.0NRT,299.58,10.25,D
23.77656,86.21241,342.93,0.42,0.61,2026-09-17,0813,N20,VIIRS,n,2.0NRT,290.46,7.74,D
26.60652,72.62699,355.96,0.41,0.37,2026-09-17,0813,N20,VIIRS,l,2.0NRT,300.68,6.43,D
26.60991,72.62629,331.69,0.41,0.37,2026-09-17,0813,N20,VIIRS,n,2.0NRT,300.69,6.43,D
27.60635,95.40232,311.84,0.49,0.48,2026-09-17,1858,N20,VIIRS,n,2.0NRT,287.98,1.09,N
27.46026,95.47594,301.97,0.48,0.48,2026-09-17,1858,N20,VIIRS,n,2.0NRT,285.1,0.67,N
27.37704,95.3333,315.95,0.49,0.49,2026-09-17,1858,N20,VIIRS,n,2.0NRT,287.83,2.11,N
27.32638,95.27419,304.12,0.49,0.49,2026-09-17,1858,N20,VIIRS,n,2.0NRT,287.25,0.87,N
26.18784,91.80407,305.52,0.39,0.6,2026-09-17,1858,N20,VIIRS,n,2.0NRT,284.98,0.83,N
26.18773,91.80371,310.21,0.39,0.6,2026-09-17,1858,N20,VIIRS,n,2.0NRT,285,1.75,N
25.54534,91.23536,304.34,0.42,0.61,2026-09-17,1900,N20,VIIRS,n,2.0NRT,285.16,0.85,N
25.53968,91.23481,297.25,0.42,0.61,2026-09-17,1900,N20,VIIRS,n,2.0NRT,285.18,0.85,N
31.25132,76.9297,305.91,0.39,0.37,2026-09-17,2038,N20,VIIRS,n,2.0NRT,287.97,0.37,N
31.25922,76.9226,298.71,0.4,0.37,2026-09-17,2038,N20,VIIRS,n,2.0NRT,287.71,0.36,N
31.32764,76.89212,300.44,0.4,0.37,2026-09-17,2038,N20,VIIRS,n,2.0NRT,287.93,0.74,N
22.3246,82.58791,304.34,0.46,0.47,2026-09-17,2040,N20,VIIRS,n,2.0NRT,283.84,0.84,N
22.36068,82.30308,330.59,0.45,0.47,2026-09-17,2040,N20,VIIRS,n,2.0NRT,282.9,2.43,N
22.36151,82.29885,306.94,0.44,0.46,2026-09-17,2040,N20,VIIRS,n,2.0NRT,281.25,2.43,N
22.31569,82.53184,307.82,0.46,0.47,2026-09-17,2040,N20,VIIRS,n,2.0NRT,284.52,1.75,N
22.35646,82.30215,318.59,0.45,0.47,2026-09-17,2040,N20,VIIRS,n,2.0NRT,282,2.35,N
22.04154,83.72599,296.19,0.55,0.51,2026-09-17,2040,N20,VIIRS,n,2.0NRT,259.57,1.53,N
22.01649,83.75307,296.19,0.56,0.51,2026-09-17,2040,N20,VIIRS,n,2.0NRT,266.77,0.91,N
22.10691,83.1247,297.61,0.51,0.49,2026-09-17,2040,N20,VIIRS,n,2.0NRT,272.82,0.39,N
21.96637,83.77272,295.7,0.56,0.51,2026-09-17,2040,N20,VIIRS,n,2.0NRT,270.42,0.93,N
22.03835,83.34867,300.23,0.52,0.5,2026-09-17,2040,N20,VIIRS,n,2.0NRT,275.23,1,N
22.03734,83.35365,301.07,0.52,0.5,2026-09-17,2040,N20,VIIRS,n,2.0NRT,276.31,1,N
21.92646,83.33701,306.89,0.53,0.5,2026-09-17,2040,N20,VIIRS,n,2.0NRT,273.41,2.92,N
21.92444,83.34694,301.16,0.53,0.5,2026-09-17,2040,N20,VIIRS,n,2.0NRT,270.87,1.47,N
21.92343,83.35194,306.03,0.53,0.5,2026-09-17,2040,N20,VIIRS,n,2.0NRT,270.93,1.47,N
21.9189,83.35088,300.63,0.53,0.5,2026-09-17,2040,N20,VIIRS,n,2.0NRT,269.93,1.44,N
21.87531,83.49414,297.36,0.54,0.51,2026-09-17,2040,N20,VIIRS,n,2.0NRT,269.82,1.15,N
22.00608,82.67045,309.72,0.48,0.48,2026-09-17,2040,N20,VIIRS,n,2.0NRT,283.28,1.43,N
21.76306,83.84723,300.59,0.57,0.52,2026-09-17,2040,N20,VIIRS,n,2.0NRT,261.76,0.64,N
21.75838,83.8461,296.22,0.57,0.52,2026-09-17,2040,N20,VIIRS,n,2.0NRT,261.17,1.92,N
21.75019,83.83836,295.1,0.57,0.52,2026-09-17,2040,N20,VIIRS,n,2.0NRT,260,0.92,N
21.74357,83.84077,295.19,0.57,0.52,2026-09-17,2040,N20,VIIRS,n,2.0NRT,260,1.11,N
21.74824,83.84196,309.49,0.57,0.52,2026-09-17,2040,N20,VIIRS,n,2.0NRT,259.41,1.11,N
21.74437,83.84262,295.77,0.57,0.52,2026-09-17,2040,N20,VIIRS,n,2.0NRT,258.07,0.92,N
21.74904,83.8438,306.22,0.57,0.52,2026-09-17,2040,N20,VIIRS,n,2.0NRT,259.75,0.92,N
28.83806,77.13728,298.65,0.39,0.36,2026-09-17,2040,N20,VIIRS,n,2.0NRT,279.03,1.62,N
28.78523,76.94955,303.8,0.39,0.36,2026-09-17,2040,N20,VIIRS,n,2.0NRT,293.12,0.5,N
28.65855,77.58888,306.73,0.38,0.36,2026-09-17,2040,N20,VIIRS,n,2.0NRT,293.5,1.69,N
28.65198,77.58755,308.68,0.38,0.36,2026-09-17,2040,N20,VIIRS,n,2.0NRT,294.27,2.19,N
25.5425,91.2329,296.72,0.68,0.74,2026-09-17,2040,N20,VIIRS,n,2.0NRT,283.25,0.58,N
28.3721,77.2253,309.97,0.38,0.36,2026-09-17,2040,N20,VIIRS,n,2.0NRT,293.17,0.84,N
27.66926,76.12948,314.63,0.39,0.36,2026-09-17,2040,N20,VIIRS,n,2.0NRT,293.72,1.34,N
27.66867,76.13344,304.03,0.39,0.36,2026-09-17,2040,N20,VIIRS,n,2.0NRT,293.07,0.66,N
27.28753,73.84012,308.53,0.46,0.39,2026-09-17,2040,N20,VIIRS,n,2.0NRT,293.38,1.07,N
26.87862,73.51378,304.77,0.47,0.39,2026-09-17,2040,N20,VIIRS,n,2.0NRT,292.77,1.2,N
26.60677,73.68204,303.98,0.46,0.39,2026-09-17,2040,N20,VIIRS,n,2.0NRT,292.91,0.84,N
24.19782,82.71439,313.91,0.44,0.46,2026-09-17,2040,N20,VIIRS,n,2.0NRT,285.42,1.67,N
24.1831,82.65797,298.49,0.43,0.46,2026-09-17,2040,N20,VIIRS,n,2.0NRT,277.45,0.42,N
24.20579,82.52459,300.1,0.42,0.46,2026-09-17,2040,N20,VIIRS,n,2.0NRT,282.42,0.5,N
24.14799,82.65558,302.29,0.43,0.46,2026-09-17,2040,N20,VIIRS,n,2.0NRT,282.63,0.59,N
24.15559,82.59526,298.67,0.43,0.46,2026-09-17,2040,N20,VIIRS,n,2.0NRT,279.24,0.47,N
22.87488,86.06194,303.4,0.37,0.58,2026-09-17,2040,N20,VIIRS,n,2.0NRT,274.08,0.98,N
22.78903,86.00588,304.52,0.37,0.58,2026-09-17,2040,N20,VIIRS,n,2.0NRT,282.24,0.7,N
24.7653,74.60944,313.42,0.41,0.37,2026-09-17,2040,N20,VIIRS,n,2.0NRT,291.11,1.6,N
22.36355,87.01802,300.67,0.44,0.62,2026-09-17,2040,N20,VIIRS,n,2.0NRT,277.36,1.6,N
22.61144,85.91396,298.33,0.37,0.58,2026-09-17,2040,N20,VIIRS,n,2.0NRT,275.47,0.85,N
22.61238,85.91438,299.02,0.37,0.58,2026-09-17,2040,N20,VIIRS,n,2.0NRT,275.74,1.31,N
22.36754,87.01622,303.63,0.44,0.62,2026-09-17,2040,N20,VIIRS,n,2.0NRT,276.2,1.79,N
22.24635,87.38915,304.83,0.47,0.64,2026-09-17,2040,N20,VIIRS,n,2.0NRT,280.94,0.93,N
24.58007,74.80331,302.63,0.4,0.37,2026-09-17,2040,N20,VIIRS,n,2.0NRT,284.36,1,N
23.16813,82.33993,319.6,0.43,0.46,2026-09-17,2040,N20,VIIRS,n,2.0NRT,287.33,2.04,N
23.16729,82.34409,313.53,0.43,0.46,2026-09-17,2040,N20,VIIRS,n,2.0NRT,287.11,2.04,N
23.16481,82.33479,314.37,0.43,0.46,2026-09-17,2040,N20,VIIRS,n,2.0NRT,287.1,1.38,N
23.16396,82.33904,313.23,0.43,0.46,2026-09-17,2040,N20,VIIRS,n,2.0NRT,287.01,1.88,N
22.1322,85.3826,302.04,0.35,0.57,2026-09-17,2040,N20,VIIRS,n,2.0NRT,285.07,0.64,N
22.05411,85.46326,302.11,0.36,0.57,2026-09-17,2040,N20,VIIRS,n,2.0NRT,283.63,0.76,N
21.96809,85.31332,306.09,0.35,0.57,2026-09-17,2040,N20,VIIRS,n,2.0NRT,286.7,0.66,N
21.97152,85.31306,302.59,0.35,0.57,2026-09-17,2040,N20,VIIRS,n,2.0NRT,286.1,0.71,N
21.93269,85.21979,307.74,0.35,0.56,2026-09-17,2040,N20,VIIRS,n,2.0NRT,287.17,1.26,N
21.93195,85.22318,305.51,0.35,0.56,2026-09-17,2040,N20,VIIRS,n,2.0NRT,287.68,1.26,N
21.92686,85.22198,321.89,0.35,0.56,2026-09-17,2040,N20,VIIRS,n,2.0NRT,288.41,1.26,N
22.33046,82.60316,300.35,0.46,0.47,2026-09-17,2040,N20,VIIRS,n,2.0NRT,280.15,0.62,N
22.31904,82.56017,310.75,0.46,0.47,2026-09-17,2040,N20,VIIRS,n,2.0NRT,284.33,2.56,N
20.70334,78.62141,307.91,0.45,0.39,2026-09-17,2042,N20,VIIRS,n,2.0NRT,291.39,1.71,N
21.11373,72.63503,306.88,0.45,0.39,2026-09-17,2042,N20,VIIRS,n,2.0NRT,292.5,0.8,N
21.10839,72.64732,328.65,0.45,0.39,2026-09-17,2042,N20,VIIRS,n,2.0NRT,294.05,3.87,N
21.11018,72.63446,309.32,0.45,0.39,2026-09-17,2042,N20,VIIRS,n,2.0NRT,293.2,2.05,N
21.10484,72.64675,328.42,0.45,0.39,2026-09-17,2042,N20,VIIRS,n,2.0NRT,293.67,3.87,N
21.10544,72.64247,317.69,0.45,0.39,2026-09-17,2042,N20,VIIRS,n,2.0NRT,291.83,3.87,N
21.10309,72.63332,329.67,0.45,0.39,2026-09-17,2042,N20,VIIRS,n,2.0NRT,292.41,5.13,N
21.10249,72.63761,326.39,0.45,0.39,2026-09-17,2042,N20,VIIRS,n,2.0NRT,292.8,5.13,N
18.27058,83.54146,304.6,0.32,0.54,2026-09-17,2042,N20,VIIRS,n,2.0NRT,287.32,0.4,N
17.61328,83.20416,314.2,0.62,0.54,2026-09-17,2042,N20,VIIRS,n,2.0NRT,290.16,2.59,N
17.6084,83.20306,310.25,0.62,0.54,2026-09-17,2042,N20,VIIRS,n,2.0NRT,290.37,3.61,N
17.61131,83.20342,320.01,0.62,0.54,2026-09-17,2042,N20,VIIRS,n,2.0NRT,290.48,5.03,N
17.98169,80.82668,308.21,0.43,0.46,2026-09-17,2042,N20,VIIRS,n,2.0NRT,289.76,1.6,N
17.95674,80.79336,317.84,0.43,0.46,2026-09-17,2042,N20,VIIRS,n,2.0NRT,289.07,2.41,N
18.80173,74.25227,315.34,0.39,0.36,2026-09-17,2042,N20,VIIRS,n,2.0NRT,287.78,1.36,N
18.88155,72.96802,303.98,0.42,0.37,2026-09-17,2042,N20,VIIRS,n,2.0NRT,291.42,1.77,N
18.61457,73.72221,328.28,0.4,0.37,2026-09-17,2042,N20,VIIRS,n,2.0NRT,290.44,2.63,N
18.68696,73.03078,306.54,0.41,0.37,2026-09-17,2042,N20,VIIRS,n,2.0NRT,286.31,3.43,N
18.68581,73.03858,310.57,0.41,0.37,2026-09-17,2042,N20,VIIRS,n,2.0NRT,290.02,2.92,N
18.68297,73.03413,315.29,0.41,0.37,2026-09-17,2042,N20,VIIRS,n,2.0NRT,290.14,3.53,N
20.96982,86.01156,326.89,0.41,0.6,2026-09-17,2042,N20,VIIRS,n,2.0NRT,277.9,5.49,N
20.9681,86.0192,304.33,0.41,0.6,2026-09-17,2042,N20,VIIRS,n,2.0NRT,281.91,2.4,N
21.80421,82.03961,309.1,0.44,0.46,2026-09-17,2042,N20,VIIRS,n,2.0NRT,284.57,1.08,N
20.95583,86.04829,307.72,0.41,0.61,2026-09-17,2042,N20,VIIRS,n,2.0NRT,282.88,1.81,N
20.95123,86.04317,312.13,0.41,0.6,2026-09-17,2042,N20,VIIRS,n,2.0NRT,280.67,2.04,N
20.95037,86.04699,310.86,0.41,0.61,2026-09-17,2042,N20,VIIRS,n,2.0NRT,280.91,2.06,N
21.6732,82.0811,308.89,0.44,0.46,2026-09-17,2042,N20,VIIRS,n,2.0NRT,286.34,1.15,N
20.97514,85.17139,299.63,0.36,0.57,2026-09-17,2042,N20,VIIRS,n,2.0NRT,268.81,1.25,N
20.97442,85.17469,300.82,0.36,0.57,2026-09-17,2042,N20,VIIRS,n,2.0NRT,269.07,1.82,N
20.96999,85.17004,305.41,0.36,0.57,2026-09-17,2042,N20,VIIRS,n,2.0NRT,269.92,0.89,N
20.96927,85.17339,314.3,0.36,0.57,2026-09-17,2042,N20,VIIRS,n,2.0NRT,271.53,1,N
20.96855,85.17671,299.32,0.36,0.57,2026-09-17,2042,N20,VIIRS,n,2.0NRT,272.08,1,N
20.96709,85.18346,299.83,0.36,0.57,2026-09-17,2042,N20,VIIRS,n,2.0NRT,272.86,1.17,N
20.96636,85.18684,316.9,0.36,0.57,2026-09-17,2042,N20,VIIRS,n,2.0NRT,274.93,1.46,N
20.96557,85.16537,304.45,0.36,0.57,2026-09-17,2042,N20,VIIRS,n,2.0NRT,270.92,0.89,N
20.96484,85.16872,297.5,0.36,0.57,2026-09-17,2042,N20,VIIRS,n,2.0NRT,271.96,0.89,N
20.96412,85.17205,299.21,0.36,0.57,2026-09-17,2042,N20,VIIRS,n,2.0NRT,273.09,1,N
20.96193,85.18216,302.33,0.36,0.57,2026-09-17,2042,N20,VIIRS,n,2.0NRT,277.96,1.17,N
20.96119,85.18557,303.42,0.36,0.57,2026-09-17,2042,N20,VIIRS,n,2.0NRT,278.96,1.46,N
21.5756,82.02209,306.96,0.44,0.46,2026-09-17,2042,N20,VIIRS,n,2.0NRT,285.63,1.34,N
20.86747,84.98816,309.88,0.35,0.57,2026-09-17,2042,N20,VIIRS,n,2.0NRT,275.42,1.44,N
20.86673,84.99152,305.93,0.35,0.57,2026-09-17,2042,N20,VIIRS,n,2.0NRT,276.37,2.93,N
20.80919,85.25526,301.84,0.37,0.58,2026-09-17,2042,N20,VIIRS,n,2.0NRT,275.58,1.41,N
20.86232,84.98704,310.78,0.35,0.57,2026-09-17,2042,N20,VIIRS,n,2.0NRT,276.09,1.44,N
20.79362,85.25126,312.34,0.37,0.58,2026-09-17,2042,N20,VIIRS,n,2.0NRT,276.16,1.78,N
21.48916,81.76804,307.35,0.43,0.46,2026-09-17,2042,N20,VIIRS,n,2.0NRT,284.84,1.2,N
21.39032,81.64574,310.87,0.42,0.45,2026-09-17,2042,N20,VIIRS,n,2.0NRT,289.64,1.6,N
21.37925,81.6809,307.19,0.43,0.46,2026-09-17,2042,N20,VIIRS,n,2.0NRT,290.06,1.31,N
21.37513,81.67995,312.31,0.43,0.46,2026-09-17,2042,N20,VIIRS,n,2.0NRT,290.71,2,N
21.37797,81.643,309.67,0.42,0.45,2026-09-17,2042,N20,VIIRS,n,2.0NRT,290.35,1.55,N
21.34782,81.66554,306.58,0.42,0.46,2026-09-17,2042,N20,VIIRS,n,2.0NRT,290.18,1.36,N
20.26007,86.60085,311.6,0.46,0.63,2026-09-17,2042,N20,VIIRS,n,2.0NRT,286.68,1.52,N
21.32647,81.57745,304.06,0.42,0.45,2026-09-17,2042,N20,VIIRS,n,2.0NRT,288.08,0.48,N
23.12153,70.08297,310.86,0.43,0.46,2026-09-17,2042,N20,VIIRS,n,2.0NRT,285.08,3.22,N
21.31101,81.59064,311.33,0.42,0.45,2026-09-17,2042,N20,VIIRS,n,2.0NRT,289.9,1.48,N
23.12075,70.08455,313.99,0.43,0.46,2026-09-17,2042,N20,VIIRS,n,2.0NRT,287.1,1.05,N
21.31283,81.59209,305.28,0.42,0.45,2026-09-17,2042,N20,VIIRS,n,2.0NRT,289.6,0.67,N
21.30873,81.59119,308.11,0.42,0.45,2026-09-17,2042,N20,VIIRS,n,2.0NRT,289.88,1.08,N
21.30691,81.5783,304.88,0.42,0.45,2026-09-17,2042,N20,VIIRS,n,2.0NRT,289.64,0.83,N
20.25931,86.6023,312.9,0.46,0.63,2026-09-17,2042,N20,VIIRS,n,2.0NRT,286.11,2.14,N
21.19468,81.4149,319.56,0.41,0.45,2026-09-17,2042,N20,VIIRS,n,2.0NRT,288.53,2.24,N
21.19512,81.39056,305.04,0.41,0.45,2026-09-17,2042,N20,VIIRS,n,2.0NRT,289.49,1.62,N
21.18699,81.38876,311.9,0.41,0.45,2026-09-17,2042,N20,VIIRS,n,2.0NRT,290.32,2.02,N
21.18367,81.38398,324.54,0.41,0.45,2026-09-17,2042,N20,VIIRS,n,2.0NRT,289.89,3.37,N
21.18292,81.38786,316.76,0.41,0.45,2026-09-17,2042,N20,VIIRS,n,2.0NRT,290.03,2.02,N
21.23491,79.62936,313.7,0.49,0.41,2026-09-17,2042,N20,VIIRS,n,2.0NRT,291.99,2.23,N
21.25003,79.20966,313.97,0.47,0.4,2026-09-17,2042,N20,VIIRS,n,2.0NRT,290.09,2.34,N
22.41816,69.03714,308.9,0.49,0.48,2026-09-17,2042,N20,VIIRS,n,2.0NRT,291.12,1.15,N
20.69678,78.6378,315.39,0.45,0.39,2026-09-17,2042,N20,VIIRS,n,2.0NRT,291.81,2.17,N
21.43363,72.97715,322.1,0.44,0.38,2026-09-17,2042,N20,VIIRS,n,2.0NRT,291.22,2.92,N
8.67233,77.99185,305.26,0.41,0.45,2026-09-17,2044,N20,VIIRS,n,2.0NRT,291.35,1.01,N
9.84807,78.13154,312.88,0.4,0.44,2026-09-17,2044,N20,VIIRS,n,2.0NRT,289.28,2.38,N
15.65898,73.98971,311.45,0.38,0.36,2026-09-17,2044,N20,VIIRS,n,2.0NRT,290.19,0.76,N
12.748,77.61738,298.13,0.51,0.41,2026-09-17,2044,N20,VIIRS,n,2.0NRT,264.17,0.44,N
9.84887,78.13198,309.75,0.4,0.44,2026-09-17,2044,N20,VIIRS,n,2.0NRT,288.78,2.07,N
25.84576,93.44328,335.14,0.46,0.63,2026-09-18,0614,N20,VIIRS,n,2.0NRT,290.03,5.22,D
25.84696,93.44416,346.35,0.46,0.63,2026-09-18,0614,N20,VIIRS,n,2.0NRT,290.5,5.68,D
9.14517,77.5752,336.75,0.46,0.47,2026-09-18,0750,N20,VIIRS,n,2.0NRT,299.57,6.57,D
9.26795,77.466,338.75,0.47,0.48,2026-09-18,0750,N20,VIIRS,n,2.0NRT,297.54,4.39,D
9.58262,78.56652,341.58,0.39,0.44,2026-09-18,0750,N20,VIIRS,n,2.0NRT,301.94,7.41,D
9.60725,78.46708,349.76,0.4,0.44,2026-09-18,0750,N20,VIIRS,n,2.0NRT,300.69,4.88,D
9.60665,78.4635,335.43,0.4,0.44,2026-09-18,0750,N20,VIIRS,n,2.0NRT,300.05,4.88,D
9.54265,77.79662,336.61,0.44,0.46,2026-09-18,0750,N20,VIIRS,n,2.0NRT,297.82,2.33,D
9.80334,78.26556,337.05,0.41,0.45,2026-09-18,0750,N20,VIIRS,n,2.0NRT,297.07,5.55,D
9.95489,79.10921,341.58,0.54,0.42,2026-09-18,0750,N20,VIIRS,n,2.0NRT,299.51,7.04,D
9.95874,79.10856,340.2,0.54,0.42,2026-09-18,0750,N20,VIIRS,n,2.0NRT,300.08,9.6,D
9.88316,78.21815,330.53,0.41,0.45,2026-09-18,0750,N20,VIIRS,n,2.0NRT,298.89,2.19,D
9.85383,77.73679,336.64,0.44,0.46,2026-09-18,0750,N20,VIIRS,n,2.0NRT,301.58,8.35,D
10.43074,78.34257,333.9,0.39,0.44,2026-09-18,0750,N20,VIIRS,n,2.0NRT,299.67,3.49,D
10.52314,78.60123,331.68,0.57,0.43,2026-09-18,0750,N20,VIIRS,n,2.0NRT,297.86,2.95,D
10.65016,79.35047,335.81,0.51,0.41,2026-09-18,0750,N20,VIIRS,n,2.0NRT,300.14,5.09,D
10.52222,78.59944,333.55,0.57,0.43,2026-09-18,0750,N20,VIIRS,n,2.0NRT,298.55,2.12,D
9.64359,78.43144,339.35,0.4,0.44,2026-09-18,0750,N20,VIIRS,n,2.0NRT,302.35,4.65,D
8.38226,77.55321,343.78,0.48,0.48,2026-09-18,0750,N20,VIIRS,n,2.0NRT,299.74,10.49,D
8.383,77.55364,344.1,0.48,0.48,2026-09-18,0750,N20,VIIRS,n,2.0NRT,299.42,10.71,D
8.77212,77.99081,334.4,0.44,0.46,2026-09-18,0750,N20,VIIRS,n,2.0NRT,299.95,2.92,D
8.75914,77.37657,343.8,0.48,0.48,2026-09-18,0750,N20,VIIRS,n,2.0NRT,300.24,5.85,D
9.3523,78.81947,332.78,0.38,0.43,2026-09-18,0750,N20,VIIRS,n,2.0NRT,299.16,4.53,D
9.35173,78.81602,335.87,0.38,0.43,2026-09-18,0750,N20,VIIRS,n,2.0NRT,299.58,2.15,D
10.84016,79.23045,334.18,0.52,0.41,2026-09-18,0750,N20,VIIRS,l,2.0NRT,298.98,11.38,D
10.84071,79.23258,343.1,0.52,0.41,2026-09-18,0750,N20,VIIRS,n,2.0NRT,299.01,11.63,D
10.85049,78.27798,330.71,0.39,0.44,2026-09-18,0750,N20,VIIRS,n,2.0NRT,297.04,2.06,D
10.73061,77.30718,331.61,0.45,0.47,2026-09-18,0750,N20,VIIRS,n,2.0NRT,298.83,2.28,D
11.16329,78.00385,333.61,0.4,0.44,2026-09-18,0750,N20,VIIRS,n,2.0NRT,298.15,2.34,D
11.01254,76.9098,337.66,0.48,0.48,2026-09-18,0750,N20,VIIRS,n,2.0NRT,294.04,4.17,D
17.95729,80.79605,336.05,0.39,0.36,2026-09-18,0752,N20,VIIRS,n,2.0NRT,301.34,4.36,D
19.09788,82.16865,336.35,0.39,0.36,2026-09-18,0752,N20,VIIRS,n,2.0NRT,298.09,4.41,D
18.52764,83.64092,337.35,0.42,0.37,2026-09-18,0752,N20,VIIRS,n,2.0NRT,298.53,3.98,D
11.8101,77.92343,337.67,0.4,0.44,2026-09-18,0752,N20,VIIRS,n,2.0NRT,300.38,4.4,D
12.06794,76.77995,337.75,0.47,0.47,2026-09-18,0752,N20,VIIRS,n,2.0NRT,298.16,4.96,D
15.16262,76.38349,339.95,0.44,0.46,2026-09-18,0752,N20,VIIRS,n,2.0NRT,298.67,7.58,D
16.04443,77.69267,337.8,0.53,0.42,2026-09-18,0752,N20,VIIRS,n,2.0NRT,298.32,5.28,D
16.83365,80.56961,341.94,0.4,0.37,2026-09-18,0752,N20,VIIRS,n,2.0NRT,302.07,8.93,D
16.91403,80.82314,330.74,0.39,0.36,2026-09-18,0752,N20,VIIRS,n,2.0NRT,300.58,2.29,D
17.67155,82.91898,334.64,0.39,0.36,2026-09-18,0752,N20,VIIRS,n,2.0NRT,294.96,2.04,D
17.77936,82.11382,332.57,0.39,0.36,2026-09-18,0752,N20,VIIRS,n,2.0NRT,293,1.93,D
17.93654,82.02854,331.23,0.38,0.36,2026-09-18,0752,N20,VIIRS,n,2.0NRT,299.53,3.2,D
18.23346,83.33955,330.28,0.41,0.37,2026-09-18,0752,N20,VIIRS,n,2.0NRT,298.72,2.31,D
22.35932,82.30225,340.12,0.4,0.37,2026-09-18,0754,N20,VIIRS,n,2.0NRT,294.06,5.7,D
22.35595,82.3028,340.86,0.4,0.37,2026-09-18,0754,N20,VIIRS,n,2.0NRT,301.63,5.7,D
21.33603,78.9675,332.78,0.41,0.37,2026-09-18,0754,N20,VIIRS,n,2.0NRT,299.11,4.52,D
20.96666,85.15228,332.8,0.51,0.41,2026-09-18,0754,N20,VIIRS,n,2.0NRT,299.18,6.47,D
21.0789,85.03456,337.48,0.5,0.41,2026-09-18,0754,N20,VIIRS,n,2.0NRT,300.68,6.44,D
21.67838,84.03827,334.63,0.46,0.39,2026-09-18,0754,N20,VIIRS,n,2.0NRT,298.68,7.93,D
21.74926,83.84478,333.95,0.45,0.39,2026-09-18,0754,N20,VIIRS,n,2.0NRT,296.27,9.14,D
21.91956,83.3521,332,0.43,0.38,2026-09-18,0754,N20,VIIRS,n,2.0NRT,297.44,5.15,D
23.80277,86.32876,334.31,0.43,0.46,2026-09-18,0754,N20,VIIRS,n,2.0NRT,295.14,2.67,D
23.80324,86.33295,331.97,0.43,0.46,2026-09-18,0754,N20,VIIRS,n,2.0NRT,293.51,2.67,D
23.80231,86.33196,340.11,0.43,0.46,2026-09-18,0754,N20,VIIRS,n,2.0NRT,292.26,6.88,D
23.77969,86.21221,341.31,0.42,0.45,2026-09-18,0754,N20,VIIRS,n,2.0NRT,295.46,5,D
23.75917,86.40201,331.19,0.43,0.46,2026-09-18,0754,N20,VIIRS,n,2.0NRT,294.22,6.68,D
23.69667,86.07796,335,0.41,0.45,2026-09-18,0754,N20,VIIRS,n,2.0NRT,297.01,3.87,D
23.73722,86.43517,336.96,0.43,0.46,2026-09-18,0754,N20,VIIRS,n,2.0NRT,293.01,5.88,D
23.68199,86.09631,330.96,0.41,0.45,2026-09-18,0754,N20,VIIRS,n,2.0NRT,296.76,4.74,D
22.04,83.7285,336.26,0.45,0.39,2026-09-18,0754,N20,VIIRS,n,2.0NRT,296.51,6.2,D
20.96972,85.17674,338.11,0.51,0.41,2026-09-18,0754,N20,VIIRS,n,2.0NRT,297.04,8.53,D
21.07951,85.03941,333.64,0.5,0.41,2026-09-18,0754,N20,VIIRS,n,2.0NRT,299.39,8.8,D
20.79439,85.25246,333.69,0.51,0.41,2026-09-18,0754,N20,VIIRS,n,2.0NRT,297.1,6.93,D
20.86535,84.99236,336.1,0.5,0.41,2026-09-18,0754,N20,VIIRS,n,2.0NRT,298.47,9.44,D
20.8697,84.99664,342.02,0.5,0.41,2026-09-18,0754,N20,VIIRS,n,2.0NRT,298.14,10.28,D
20.88713,84.98437,334.88,0.5,0.41,2026-09-18,0754,N20,VIIRS,n,2.0NRT,299.83,7.62,D
20.96935,85.17483,342.18,0.51,0.41,2026-09-18,0754,N20,VIIRS,n,2.0NRT,295.42,7.66,D
20.95571,85.01369,330.77,0.5,0.41,2026-09-18,0754,N20,VIIRS,n,2.0NRT,299.71,5.45,D
21.75638,83.8437,336.21,0.45,0.39,2026-09-18,0754,N20,VIIRS,n,2.0NRT,296.56,7.42,D
21.92057,83.3487,336.58,0.43,0.38,2026-09-18,0754,N20,VIIRS,n,2.0NRT,297.54,4.39,D
21.92113,83.35287,332.49,0.43,0.38,2026-09-18,0754,N20,VIIRS,n,2.0NRT,297.15,4.39,D
29.13114,75.77167,343.32,0.44,0.38,2026-09-18,0756,N20,VIIRS,n,2.0NRT,301.56,4.96,D
30.43399,76.88471,330.98,0.4,0.37,2026-09-18,0756,N20,VIIRS,n,2.0NRT,302.2,2.04,D
26.77519,94.50269,304.45,0.54,0.68,2026-09-18,1841,N20,VIIRS,n,2.0NRT,288.61,0.74,N
27.46378,95.47552,306.27,0.57,0.69,2026-09-18,2019,N20,VIIRS,n,2.0NRT,286.62,0.6,N
31.26049,76.92435,301.91,0.41,0.45,2026-09-18,2019,N20,VIIRS,n,2.0NRT,290.61,0.89,N
27.60517,95.39863,308.17,0.56,0.69,2026-09-18,2019,N20,VIIRS,n,2.0NRT,286.62,1.11,N
27.60678,95.4006,309.12,0.56,0.69,2026-09-18,2019,N20,VIIRS,n,2.0NRT,286.2,0.91,N
27.32657,95.27476,302.52,0.56,0.69,2026-09-18,2019,N20,VIIRS,n,2.0NRT,287.21,0.4,N
27.22418,95.34475,309.11,0.56,0.69,2026-09-18,2019,N20,VIIRS,n,2.0NRT,287.46,1.12,N
28.8396,77.13964,305.93,0.56,0.43,2026-09-18,2019,N20,VIIRS,n,2.0NRT,294.96,1.2,N
28.7775,76.94783,308.63,0.57,0.43,2026-09-18,2019,N20,VIIRS,n,2.0NRT,294.99,1.18,N
28.77929,76.94665,304.58,0.57,0.43,2026-09-18,2019,N20,VIIRS,n,2.0NRT,294.43,0.99,N
28.70895,76.85532,312.81,0.38,0.43,2026-09-18,2019,N20,VIIRS,n,2.0NRT,295.32,1.18,N
28.37514,77.22363,306.13,0.54,0.42,2026-09-18,2019,N20,VIIRS,n,2.0NRT,294.69,1.12,N
27.99864,76.42101,306.79,0.4,0.44,2026-09-18,2019,N20,VIIRS,n,2.0NRT,293.34,0.55,N
23.71959,86.43938,302.5,0.39,0.44,2026-09-18,2021,N20,VIIRS,n,2.0NRT,285.27,1.04,N
23.77853,86.39048,306.05,0.38,0.44,2026-09-18,2021,N20,VIIRS,n,2.0NRT,288.85,1.27,N
23.77496,86.40906,310.03,0.39,0.44,2026-09-18,2021,N20,VIIRS,n,2.0NRT,289.96,1.42,N
23.78398,86.34081,300.7,0.57,0.43,2026-09-18,2021,N20,VIIRS,n,2.0NRT,279.57,1.09,N
23.77562,86.36292,321.3,0.38,0.43,2026-09-18,2021,N20,VIIRS,n,2.0NRT,286.76,3.12,N
23.76778,86.40362,324.97,0.39,0.44,2026-09-18,2021,N20,VIIRS,n,2.0NRT,291.2,2.11,N
23.76849,86.39991,309.48,0.38,0.44,2026-09-18,2021,N20,VIIRS,n,2.0NRT,290.97,2.11,N
23.76383,86.4027,334.17,0.39,0.44,2026-09-18,2021,N20,VIIRS,n,2.0NRT,291,4.03,N
23.76598,86.39161,307.91,0.38,0.44,2026-09-18,2021,N20,VIIRS,n,2.0NRT,290.57,2.85,N
23.75989,86.40182,330.75,0.39,0.44,2026-09-18,2021,N20,VIIRS,n,2.0NRT,290.6,4.03,N
23.75917,86.40551,313.7,0.39,0.44,2026-09-18,2021,N20,VIIRS,n,2.0NRT,289.81,3,N
23.75307,86.41576,306.38,0.39,0.44,2026-09-18,2021,N20,VIIRS,n,2.0NRT,289.74,1.07,N
23.7376,86.43176,326.55,0.39,0.44,2026-09-18,2021,N20,VIIRS,n,2.0NRT,289.69,2.39,N
23.78088,86.20848,308.62,0.56,0.43,2026-09-18,2021,N20,VIIRS,n,2.0NRT,271.72,1.99,N
23.73687,86.4355,308.53,0.39,0.44,2026-09-18,2021,N20,VIIRS,n,2.0NRT,288.25,2.39,N
23.72428,86.43655,301.57,0.39,0.44,2026-09-18,2021,N20,VIIRS,n,2.0NRT,280.62,1.04,N
23.56066,87.23972,314.68,0.43,0.46,2026-09-18,2021,N20,VIIRS,n,2.0NRT,285.08,1.88,N
23.71345,86.44968,308.02,0.39,0.44,2026-09-18,2021,N20,VIIRS,n,2.0NRT,281.65,0.93,N
23.71022,86.44508,306.84,0.39,0.44,2026-09-18,2021,N20,VIIRS,n,2.0NRT,282.29,1.67,N
23.70949,86.4488,305.21,0.39,0.44,2026-09-18,2021,N20,VIIRS,n,2.0NRT,283.39,0.93,N
23.61726,86.78941,300.73,0.41,0.45,2026-09-18,2021,N20,VIIRS,n,2.0NRT,282.61,0.68,N
23.68561,86.3906,308.62,0.39,0.44,2026-09-18,2021,N20,VIIRS,n,2.0NRT,280.63,1.19,N
23.68491,86.39425,311.83,0.39,0.44,2026-09-18,2021,N20,VIIRS,n,2.0NRT,279.06,1.19,N
23.82296,85.49564,305.5,0.52,0.41,2026-09-18,2021,N20,VIIRS,n,2.0NRT,292.17,1.96,N
23.75567,85.85268,298.27,0.54,0.42,2026-09-18,2021,N20,VIIRS,n,2.0NRT,271.37,2.48,N
23.58348,86.72461,304.48,0.4,0.45,2026-09-18,2021,N20,VIIRS,n,2.0NRT,283.13,1.04,N
23.78914,85.55077,311.9,0.52,0.41,2026-09-18,2021,N20,VIIRS,n,2.0NRT,291.88,2.24,N
23.78157,85.57005,306.94,0.52,0.42,2026-09-18,2021,N20,VIIRS,n,2.0NRT,291.85,2.36,N
23.68117,86.09504,313.07,0.56,0.43,2026-09-18,2021,N20,VIIRS,n,2.0NRT,277.43,2.75,N
23.66954,86.09238,302.43,0.56,0.43,2026-09-18,2021,N20,VIIRS,n,2.0NRT,283.26,1.95,N
24.52835,81.16773,310.41,0.38,0.36,2026-09-18,2021,N20,VIIRS,n,2.0NRT,291.62,1.01,N
23.81108,84.84582,303.66,0.48,0.4,2026-09-18,2021,N20,VIIRS,n,2.0NRT,289.8,0.93,N
23.69844,85.368,306.84,0.51,0.41,2026-09-18,2021,N20,VIIRS,n,2.0NRT,289.35,0.99,N
23.69657,85.35738,304.68,0.51,0.41,2026-09-18,2021,N20,VIIRS,n,2.0NRT,290.09,0.69,N
23.69378,85.37215,314.29,0.51,0.41,2026-09-18,2021,N20,VIIRS,n,2.0NRT,289.99,2.04,N
23.69742,85.29133,306.35,0.51,0.41,2026-09-18,2021,N20,VIIRS,n,2.0NRT,290.7,1.52,N
23.65616,85.50867,303.97,0.52,0.41,2026-09-18,2021,N20,VIIRS,n,2.0NRT,290.69,1.21,N
23.8281,84.57011,304.27,0.47,0.39,2026-09-18,2021,N20,VIIRS,n,2.0NRT,290.82,1.4,N
23.69677,85.28903,311.37,0.51,0.41,2026-09-18,2021,N20,VIIRS,n,2.0NRT,290.89,2.01,N
23.65679,85.50679,305.7,0.52,0.41,2026-09-18,2021,N20,VIIRS,n,2.0NRT,291.04,1.15,N
23.74026,85.00828,307.99,0.49,0.4,2026-09-18,2021,N20,VIIRS,n,2.0NRT,289.38,2.06,N
23.65,85.43777,313.1,0.52,0.41,2026-09-18,2021,N20,VIIRS,n,2.0NRT,287.87,1.16,N
23.64625,85.43697,300.52,0.52,0.41,2026-09-18,2021,N20,VIIRS,n,2.0NRT,286.1,1.16,N
23.72109,85.00909,306.8,0.49,0.4,2026-09-18,2021,N20,VIIRS,n,2.0NRT,289.48,1.1,N
23.66617,84.99722,304.74,0.49,0.4,2026-09-18,2021,N20,VIIRS,n,2.0NRT,290.02,1.08,N
24.19878,80.79496,306.55,0.38,0.36,2026-09-18,2021,N20,VIIRS,n,2.0NRT,292.06,0.56,N
24.05321,80.61503,305.36,0.39,0.36,2026-09-18,2021,N20,VIIRS,n,2.0NRT,292.36,1.29,N
24.01206,80.53008,308.37,0.39,0.36,2026-09-18,2021,N20,VIIRS,n,2.0NRT,292.34,1.1,N
24.76467,74.60897,304.14,0.46,0.47,2026-09-18,2021,N20,VIIRS,n,2.0NRT,291.22,2.02,N
22.37863,87.27834,323.93,0.46,0.47,2026-09-18,2021,N20,VIIRS,n,2.0NRT,291.04,3.74,N
22.36999,87.29924,319.83,0.46,0.47,2026-09-18,2021,N20,VIIRS,n,2.0NRT,289.98,2.3,N
22.36572,87.29826,306.38,0.46,0.47,2026-09-18,2021,N20,VIIRS,n,2.0NRT,289.83,1.34,N
22.36484,87.30264,306.52,0.46,0.47,2026-09-18,2021,N20,VIIRS,n,2.0NRT,290.02,1.72,N
22.36071,87.27876,305.72,0.46,0.47,2026-09-18,2021,N20,VIIRS,n,2.0NRT,288.26,0.66,N
22.35895,87.28751,306.67,0.46,0.47,2026-09-18,2021,N20,VIIRS,n,2.0NRT,289.8,0.96,N
23.16922,82.3416,304.71,0.4,0.37,2026-09-18,2021,N20,VIIRS,n,2.0NRT,288.3,1.66,N
23.16588,82.34096,333.44,0.4,0.37,2026-09-18,2021,N20,VIIRS,n,2.0NRT,290.6,1.66,N
23.16652,82.33711,307.06,0.4,0.37,2026-09-18,2021,N20,VIIRS,n,2.0NRT,289.26,1.66,N
23.16319,82.33646,311.38,0.4,0.37,2026-09-18,2021,N20,VIIRS,n,2.0NRT,288.35,0.98,N
22.13323,85.38306,302.32,0.54,0.42,2026-09-18,2021,N20,VIIRS,n,2.0NRT,286.92,1.12,N
22.21062,84.8776,307.02,0.51,0.41,2026-09-18,2021,N20,VIIRS,n,2.0NRT,288.43,1.83,N
22.20955,84.86233,323.82,0.51,0.41,2026-09-18,2021,N20,VIIRS,n,2.0NRT,289.12,2.04,N
22.21044,84.8575,308.55,0.5,0.41,2026-09-18,2021,N20,VIIRS,n,2.0NRT,288.23,2.04,N
21.92468,85.22163,310.43,0.53,0.42,2026-09-18,2021,N20,VIIRS,n,2.0NRT,287.95,2,N
22.33311,82.60501,308.75,0.41,0.37,2026-09-18,2021,N20,VIIRS,n,2.0NRT,289.66,0.93,N
22.32973,82.60435,311.91,0.41,0.37,2026-09-18,2021,N20,VIIRS,n,2.0NRT,289.84,0.93,N
22.32228,82.58666,328.46,0.41,0.37,2026-09-18,2021,N20,VIIRS,n,2.0NRT,289.94,2.5,N
22.32294,82.5625,305.21,0.41,0.37,2026-09-18,2021,N20,VIIRS,n,2.0NRT,289.85,1.07,N
22.32169,82.56345,312.13,0.41,0.37,2026-09-18,2021,N20,VIIRS,n,2.0NRT,290.24,1.5,N
22.36193,82.30247,305.25,0.4,0.37,2026-09-18,2021,N20,VIIRS,n,2.0NRT,287.81,0.81,N
22.31898,82.55887,317.64,0.41,0.37,2026-09-18,2021,N20,VIIRS,n,2.0NRT,289.81,1.61,N
22.31832,82.56278,312.05,0.41,0.37,2026-09-18,2021,N20,VIIRS,n,2.0NRT,290.59,1.5,N
22.35857,82.30184,346.87,0.4,0.37,2026-09-18,2021,N20,VIIRS,n,2.0NRT,290.66,6.69,N
22.31683,82.53017,305.3,0.41,0.37,2026-09-18,2021,N20,VIIRS,n,2.0NRT,290.49,0.82,N
22.31618,82.53408,308.43,0.41,0.37,2026-09-18,2021,N20,VIIRS,n,2.0NRT,289.51,0.82,N
22.31346,82.52953,309.34,0.41,0.37,2026-09-18,2021,N20,VIIRS,n,2.0NRT,289.92,1.24,N
22.06785,83.70411,300.25,0.45,0.39,2026-09-18,2021,N20,VIIRS,n,2.0NRT,276.39,0.84,N
22.04134,83.72987,308.02,0.45,0.39,2026-09-18,2021,N20,VIIRS,n,2.0NRT,285.84,2.62,N
22.04058,83.73418,305.12,0.45,0.39,2026-09-18,2021,N20,VIIRS,n,2.0NRT,286.19,1.84,N
22.01553,83.75137,312.62,0.45,0.39,2026-09-18,2021,N20,VIIRS,n,2.0NRT,286.33,1.74,N
22.01475,83.75571,306.82,0.45,0.39,2026-09-18,2021,N20,VIIRS,n,2.0NRT,286.6,1.16,N
22.09017,83.11742,297.69,0.43,0.38,2026-09-18,2021,N20,VIIRS,n,2.0NRT,272.22,1.05,N
22.03911,83.35,298.67,0.43,0.38,2026-09-18,2021,N20,VIIRS,n,2.0NRT,272.14,1.02,N
21.96462,83.77411,305.69,0.45,0.39,2026-09-18,2021,N20,VIIRS,n,2.0NRT,284.47,1,N
21.86017,83.96596,307.49,0.46,0.39,2026-09-18,2021,N20,VIIRS,n,2.0NRT,290.57,1.26,N
21.98596,83.23334,295.97,0.43,0.38,2026-09-18,2021,N20,VIIRS,n,2.0NRT,262.85,0.44,N
21.85809,83.96709,308.47,0.46,0.39,2026-09-18,2021,N20,VIIRS,n,2.0NRT,290.56,1.45,N
21.92273,83.34934,305.38,0.44,0.38,2026-09-18,2021,N20,VIIRS,n,2.0NRT,262.16,0.91,N
22.00496,82.66972,302.48,0.41,0.37,2026-09-18,2021,N20,VIIRS,n,2.0NRT,285.81,0.89,N
21.76742,84.0174,300.71,0.47,0.39,2026-09-18,2021,N20,VIIRS,n,2.0NRT,281.76,0.48,N
21.76239,83.84912,322.29,0.46,0.39,2026-09-18,2021,N20,VIIRS,n,2.0NRT,288.64,4.11,N
21.7596,83.844,317.24,0.46,0.39,2026-09-18,2021,N20,VIIRS,n,2.0NRT,289.56,3.47,N
21.75604,83.84326,331.5,0.46,0.39,2026-09-18,2021,N20,VIIRS,n,2.0NRT,291.2,3.47,N
21.75248,83.84253,308.11,0.46,0.39,2026-09-18,2021,N20,VIIRS,n,2.0NRT,289.76,4.28,N
21.74893,83.84178,336.85,0.46,0.39,2026-09-18,2021,N20,VIIRS,n,2.0NRT,290.69,4.28,N
21.74537,83.84103,316.21,0.46,0.39,2026-09-18,2021,N20,VIIRS,n,2.0NRT,289.7,1.73,N
21.74181,83.84029,305.66,0.46,0.39,2026-09-18,2021,N20,VIIRS,n,2.0NRT,288.73,1.73,N
21.68406,84.03939,298.87,0.47,0.4,2026-09-18,2021,N20,VIIRS,n,2.0NRT,282.15,0.61,N
21.68047,84.03864,312.99,0.47,0.4,2026-09-18,2021,N20,VIIRS,n,2.0NRT,284.16,1.21,N
21.67687,84.0379,304.84,0.47,0.4,2026-09-18,2021,N20,VIIRS,n,2.0NRT,284.4,1.21,N
21.67248,84.04161,303.9,0.47,0.4,2026-09-18,2021,N20,VIIRS,n,2.0NRT,285.58,0.63,N
21.80186,82.04004,295.3,0.4,0.37,2026-09-18,2021,N20,VIIRS,n,2.0NRT,265.92,0.43,N
21.0809,85.03469,324.49,0.54,0.42,2026-09-18,2021,N20,VIIRS,n,2.0NRT,291.12,4.42,N
21.07996,85.03977,314.39,0.54,0.42,2026-09-18,2021,N20,VIIRS,n,2.0NRT,290.5,3.57,N
21.07614,85.03896,309.43,0.54,0.42,2026-09-18,2021,N20,VIIRS,n,2.0NRT,290.71,2.17,N
21.0752,85.04401,309.36,0.54,0.42,2026-09-18,2021,N20,VIIRS,n,2.0NRT,290.37,2.17,N
21.57645,82.02164,298.28,0.4,0.37,2026-09-18,2021,N20,VIIRS,n,2.0NRT,272.9,0.44,N
20.96965,85.15266,329.07,0.55,0.42,2026-09-18,2021,N20,VIIRS,n,2.0NRT,284.9,7.28,N
26.75971,83.1983,315.29,0.4,0.37,2026-09-18,2021,N20,VIIRS,n,2.0NRT,293.55,1.81,N
25.69134,85.25214,316.86,0.47,0.4,2026-09-18,2021,N20,VIIRS,n,2.0NRT,285.98,1.63,N
23.69385,87.12309,305.28,0.42,0.46,2026-09-18,2021,N20,VIIRS,n,2.0NRT,288.22,1.12,N
23.6922,87.10985,304.73,0.42,0.45,2026-09-18,2021,N20,VIIRS,n,2.0NRT,287.28,1.7,N
23.68397,87.12936,304.94,0.42,0.46,2026-09-18,2021,N20,VIIRS,n,2.0NRT,287.6,1.28,N
23.66581,87.1552,314.35,0.43,0.46,2026-09-18,2021,N20,VIIRS,n,2.0NRT,286.44,2.58,N
23.66499,87.15926,313.84,0.43,0.46,2026-09-18,2021,N20,VIIRS,n,2.0NRT,285.77,1.17,N
23.66403,87.1555,314.19,0.43,0.46,2026-09-18,2021,N20,VIIRS,n,2.0NRT,285.69,2.99,N
23.66324,87.15958,303.05,0.43,0.46,2026-09-18,2021,N20,VIIRS,n,2.0NRT,285.03,1.14,N
23.80679,86.32861,303.02,0.57,0.43,2026-09-18,2021,N20,VIIRS,n,2.0NRT,278.45,1.13,N
23.80287,86.32772,308.27,0.57,0.43,2026-09-18,2021,N20,VIIRS,n,2.0NRT,275.63,0.85,N
23.80182,86.33322,296.43,0.57,0.43,2026-09-18,2021,N20,VIIRS,n,2.0NRT,275.48,0.85,N
23.79759,86.35534,296.84,0.57,0.43,2026-09-18,2021,N20,VIIRS,n,2.0NRT,275.48,1.1,N
23.79366,86.35445,298.36,0.57,0.43,2026-09-18,2021,N20,VIIRS,n,2.0NRT,276.64,1.1,N
23.78247,86.39137,304.91,0.38,0.44,2026-09-18,2021,N20,VIIRS,n,2.0NRT,287.52,1.27,N
23.78207,86.37206,308.56,0.38,0.43,2026-09-18,2021,N20,VIIRS,n,2.0NRT,283.46,1.74,N
23.77925,86.38676,309.71,0.38,0.43,2026-09-18,2021,N20,VIIRS,n,2.0NRT,287.04,1.27,N
16.30605,77.35918,299.73,0.41,0.37,2026-09-18,2023,N20,VIIRS,n,2.0NRT,281.39,0.49,N
17.06521,76.98033,306.95,0.43,0.38,2026-09-18,2023,N20,VIIRS,n,2.0NRT,286.77,1.28,N
17.14056,77.18233,307.35,0.42,0.38,2026-09-18,2023,N20,VIIRS,n,2.0NRT,290.81,1.1,N
17.14172,77.17446,306.24,0.42,0.38,2026-09-18,2023,N20,VIIRS,n,2.0NRT,290.3,0.59,N
17.14703,78.2242,297.81,0.39,0.37,2026-09-18,2023,N20,VIIRS,n,2.0NRT,278.82,0.45,N
17.37127,77.4441,305.3,0.41,0.37,2026-09-18,2023,N20,VIIRS,n,2.0NRT,290,0.84,N
15.18316,76.67306,305.04,0.42,0.38,2026-09-18,2023,N20,VIIRS,n,2.0NRT,280.4,1.35,N
19.10295,82.16624,323.09,0.42,0.38,2026-09-18,2023,N20,VIIRS,n,2.0NRT,278.98,1.49,N
19.10229,82.1702,300.05,0.42,0.38,2026-09-18,2023,N20,VIIRS,n,2.0NRT,278.77,1.49,N
19.09953,82.16559,316.87,0.42,0.38,2026-09-18,2023,N20,VIIRS,n,2.0NRT,283.05,1.49,N
17.61221,83.20382,307.4,0.48,0.4,2026-09-18,2023,N20,VIIRS,n,2.0NRT,284.24,1.01,N
17.60856,83.20312,310.11,0.48,0.4,2026-09-18,2023,N20,VIIRS,n,2.0NRT,284.96,1.19,N
17.60492,83.20241,308.35,0.48,0.4,2026-09-18,2023,N20,VIIRS,n,2.0NRT,284.51,1.19,N
17.46403,80.65314,305.2,0.39,0.36,2026-09-18,2023,N20,VIIRS,n,2.0NRT,279.85,0.55,N
15.17858,76.65633,317.41,0.42,0.38,2026-09-18,2023,N20,VIIRS,n,2.0NRT,280.53,2.25,N
15.17566,76.67592,318.94,0.42,0.38,2026-09-18,2023,N20,VIIRS,n,2.0NRT,279.96,1.39,N
15.17333,76.6916,316.88,0.42,0.38,2026-09-18,2023,N20,VIIRS,n,2.0NRT,279.69,1.67,N
15.1757,76.65188,311.34,0.42,0.38,2026-09-18,2023,N20,VIIRS,n,2.0NRT,279.2,1.1,N
15.17512,76.65579,308.1,0.42,0.38,2026-09-18,2023,N20,VIIRS,n,2.0NRT,280.03,1.1,N
15.17395,76.66364,303.7,0.42,0.38,2026-09-18,2023,N20,VIIRS,n,2.0NRT,279.8,1.35,N
15.17912,76.67645,304.44,0.42,0.38,2026-09-18,2023,N20,VIIRS,n,2.0NRT,280.38,1.39,N
15.16933,76.67095,304.75,0.42,0.38,2026-09-18,2023,N20,VIIRS,n,2.0NRT,279.42,1.09,N
15.18602,76.31545,295.87,0.44,0.38,2026-09-18,2023,N20,VIIRS,n,2.0NRT,268.01,0.46,N
14.46209,77.73476,330.36,0.39,0.36,2026-09-18,2023,N20,VIIRS,n,2.0NRT,289.41,3.59,N
13.39152,80.10026,305.48,0.4,0.37,2026-09-18,2023,N20,VIIRS,n,2.0NRT,287.21,0.62,N
15.18433,76.66523,308.57,0.42,0.38,2026-09-18,2023,N20,VIIRS,n,2.0NRT,279.88,0.73,N
15.02358,78.01276,295.45,0.39,0.36,2026-09-18,2023,N20,VIIRS,n,2.0NRT,265.27,0.72,N
15.22551,76.76241,302.35,0.42,0.38,2026-09-18,2023,N20,VIIRS,n,2.0NRT,277.36,0.79,N
15.65979,73.98689,315.49,0.39,0.44,2026-09-18,2023,N20,VIIRS,n,2.0NRT,289.83,1.08,N
11.18351,79.10081,309.35,0.39,0.36,2026-09-18,2025,N20,VIIRS,n,2.0NRT,286.21,1.06,N
9.52154,78.82174,301.36,0.39,0.37,2026-09-18,2025,N20,VIIRS,n,2.0NRT,274.18,0.48,N
22.31366,69.71953,309.87,0.71,0.75,2026-09-18,2203,N20,VIIRS,n,2.0NRT,290.94,0.99,N
27.9627,96.9637,337.76,0.49,0.65,2026-09-19,0555,N20,VIIRS,n,2.0NRT,292.48,7.44,D
27.96155,96.96573,325.24,0.48,0.65,2026-09-19,0555,N20,VIIRS,n,2.0NRT,292.04,6.43,D
12.18393,79.82592,338.86,0.6,0.53,2026-09-19,0731,N20,VIIRS,n,2.0NRT,286.16,7.06,D
12.18199,79.82413,335.75,0.6,0.53,2026-09-19,0731,N20,VIIRS,n,2.0NRT,286.24,6.04,D
19.08609,74.61241,339.98,0.49,0.65,2026-09-19,0733,N20,VIIRS,n,2.0NRT,295.16,9.47,D
19.08439,74.61549,352.35,0.49,0.65,2026-09-19,0733,N20,VIIRS,n,2.0NRT,293.88,8.92,D
21.07896,85.03475,336.31,0.39,0.36,2026-09-19,0733,N20,VIIRS,n,2.0NRT,299.11,4.16,D
22.05187,88.12589,339.09,0.43,0.38,2026-09-19,0733,N20,VIIRS,n,2.0NRT,300.15,6.82,D
22.24403,87.38852,330.49,0.41,0.37,2026-09-19,0733,N20,VIIRS,n,2.0NRT,296.27,1.87,D
21.74931,83.84415,334.93,0.4,0.37,2026-09-19,0733,N20,VIIRS,n,2.0NRT,297.27,3.99,D
21.92123,83.35309,330.41,0.41,0.37,2026-09-19,0733,N20,VIIRS,n,2.0NRT,297.48,4.71,D
16.34855,81.40465,339.23,0.4,0.45,2026-09-19,0733,N20,VIIRS,n,2.0NRT,289.08,4.86,D
15.33001,75.15749,337.87,0.54,0.68,2026-09-19,0733,N20,VIIRS,n,2.0NRT,291.65,5.98,D
16.8331,80.56978,340.22,0.45,0.47,2026-09-19,0733,N20,VIIRS,n,2.0NRT,291.72,6.4,D
16.99668,80.46586,333.2,0.45,0.47,2026-09-19,0733,N20,VIIRS,n,2.0NRT,281.92,3.9,D
17.61078,83.20345,330.92,0.46,0.39,2026-09-19,0733,N20,VIIRS,l,2.0NRT,294.69,4.85,D
18.69297,79.77984,328.16,0.46,0.47,2026-09-19,0733,N20,VIIRS,n,2.0NRT,298.15,9.94,D
18.70559,79.79967,328.88,0.46,0.47,2026-09-19,0733,N20,VIIRS,l,2.0NRT,298.91,9.85,D
18.70479,79.79536,329.41,0.46,0.47,2026-09-19,0733,N20,VIIRS,n,2.0NRT,298.47,13.53,D
18.82722,79.45525,329.56,0.48,0.48,2026-09-19,0733,N20,VIIRS,n,2.0NRT,299.27,9.26,D
18.83596,79.45341,328.45,0.48,0.48,2026-09-19,0733,N20,VIIRS,n,2.0NRT,298.25,5.01,D
18.83948,79.44798,329.85,0.48,0.48,2026-09-19,0733,N20,VIIRS,n,2.0NRT,298.27,6,D
18.28274,74.9763,340.34,0.49,0.65,2026-09-19,0733,N20,VIIRS,n,2.0NRT,290.25,4.78,D
20.75985,85.29922,338.47,0.39,0.36,2026-09-19,0733,N20,VIIRS,n,2.0NRT,300.46,5.4,D
20.7855,85.26831,332.52,0.39,0.36,2026-09-19,0733,N20,VIIRS,n,2.0NRT,298.41,3.15,D
20.78493,85.26463,337.92,0.39,0.36,2026-09-19,0733,N20,VIIRS,n,2.0NRT,299.56,3.15,D
20.79095,85.25981,339.01,0.39,0.36,2026-09-19,0733,N20,VIIRS,n,2.0NRT,299.72,7.22,D
20.79368,85.25556,334.34,0.39,0.36,2026-09-19,0733,N20,VIIRS,n,2.0NRT,299.07,4.79,D
20.79754,85.25865,334.64,0.39,0.36,2026-09-19,0733,N20,VIIRS,n,2.0NRT,299.44,4.79,D
20.80743,85.25691,337.1,0.39,0.36,2026-09-19,0733,N20,VIIRS,n,2.0NRT,299.97,4.6,D
20.94066,86.06125,339.31,0.38,0.36,2026-09-19,0733,N20,VIIRS,n,2.0NRT,298.71,3.37,D
20.96262,86.04996,337.31,0.38,0.36,2026-09-19,0733,N20,VIIRS,n,2.0NRT,298.86,3.02,D
20.96312,86.00847,336.22,0.38,0.36,2026-09-19,0733,N20,VIIRS,n,2.0NRT,296.2,5.28,D
20.96752,86.01524,338.64,0.38,0.36,2026-09-19,0733,N20,VIIRS,n,2.0NRT,301.07,7.12,D
21.00001,86.0248,331.69,0.38,0.36,2026-09-19,0733,N20,VIIRS,n,2.0NRT,298.77,4.07,D
20.86556,84.99707,334.95,0.39,0.36,2026-09-19,0733,N20,VIIRS,n,2.0NRT,297.05,5.34,D
20.8644,84.9897,337.59,0.39,0.36,2026-09-19,0733,N20,VIIRS,n,2.0NRT,296.74,4.6,D
20.96405,85.19135,332.07,0.39,0.36,2026-09-19,0733,N20,VIIRS,n,2.0NRT,300.12,6.22,D
20.96348,85.18768,347.73,0.39,0.36,2026-09-19,0733,N20,VIIRS,n,2.0NRT,301.35,6.22,D
20.9629,85.18401,336.87,0.39,0.36,2026-09-19,0733,N20,VIIRS,n,2.0NRT,299.93,6.67,D
20.9639,85.1687,333.61,0.39,0.36,2026-09-19,0733,N20,VIIRS,n,2.0NRT,298.65,3.96,D
20.96835,85.17548,354.07,0.39,0.36,2026-09-19,0733,N20,VIIRS,n,2.0NRT,301.24,9.59,D
20.96819,85.15282,336.34,0.39,0.36,2026-09-19,0733,N20,VIIRS,n,2.0NRT,299.02,4.69,D
20.97494,85.17431,329.92,0.39,0.36,2026-09-19,0733,N20,VIIRS,n,2.0NRT,298.88,4,D
20.97766,85.17005,332.54,0.39,0.36,2026-09-19,0733,N20,VIIRS,n,2.0NRT,299.71,2.82,D
19.08708,74.61694,334.05,0.49,0.65,2026-09-19,0733,N20,VIIRS,n,2.0NRT,293.13,5.98,D
22.35839,82.30309,340.14,0.45,0.39,2026-09-19,0733,N20,VIIRS,n,2.0NRT,299.98,9.1,D
22.33003,82.60485,331.48,0.44,0.38,2026-09-19,0733,N20,VIIRS,n,2.0NRT,298.5,3.44,D
22.31942,82.56376,332.88,0.44,0.38,2026-09-19,0733,N20,VIIRS,n,2.0NRT,300.04,3.84,D
22.32023,82.58955,341.71,0.44,0.38,2026-09-19,0733,N20,VIIRS,n,2.0NRT,297.87,5.69,D
22.03757,83.73522,330.79,0.4,0.37,2026-09-19,0733,N20,VIIRS,l,2.0NRT,301.18,4.52,D
22.01506,83.75526,339.26,0.4,0.37,2026-09-19,0733,N20,VIIRS,n,2.0NRT,302.23,4.51,D
22.37578,87.27885,332.07,0.41,0.37,2026-09-19,0733,N20,VIIRS,n,2.0NRT,295.36,4.29,D
21.76399,83.84932,332.32,0.4,0.37,2026-09-19,0733,N20,VIIRS,n,2.0NRT,297.12,6.54,D
21.106,72.64601,367,0.6,0.7,2026-09-19,0735,N20,VIIRS,h,2.0NRT,291.02,18.45,D
25.93916,72.19282,333.74,0.5,0.65,2026-09-19,0735,N20,VIIRS,n,2.0NRT,295.76,1.59,D
25.94218,72.19012,340.57,0.5,0.65,2026-09-19,0735,N20,VIIRS,n,2.0NRT,295.45,2.11,D
27.60807,96.0425,329.74,0.48,0.65,2026-09-19,0735,N20,VIIRS,n,2.0NRT,291.2,2.04,D
24.1971,82.71725,330.53,0.42,0.37,2026-09-19,0735,N20,VIIRS,n,2.0NRT,296.19,3.04,D
21.10073,72.64504,333.4,0.6,0.7,2026-09-19,0735,N20,VIIRS,n,2.0NRT,290.01,15.29,D
21.10207,72.65056,345.14,0.6,0.7,2026-09-19,0735,N20,VIIRS,n,2.0NRT,290.3,13.62,D
31.0306,74.98357,331.95,0.52,0.5,2026-09-19,0737,N20,VIIRS,n,2.0NRT,298.55,5.07,D
30.98733,75.99974,331.29,0.46,0.47,2026-09-19,0737,N20,VIIRS,n,2.0NRT,300.41,2.14,D
30.48769,76.58208,331.99,0.43,0.46,2026-09-19,0737,N20,VIIRS,l,2.0NRT,303.21,3.44,D
29.136,76.68733,331.5,0.45,0.47,2026-09-19,0737,N20,VIIRS,n,2.0NRT,302.38,2.3,D
28.66101,77.51159,335.49,0.42,0.45,2026-09-19,0737,N20,VIIRS,n,2.0NRT,301.25,1.56,D
31.57627,75.10245,332.32,0.5,0.49,2026-09-19,0737,N20,VIIRS,n,2.0NRT,301.78,4,D
33.7948,74.92818,329.39,0.46,0.47,2026-09-19,0737,N20,VIIRS,l,2.0NRT,300.75,4.69,D
31.7276,75.01198,330.42,0.5,0.49,2026-09-19,0737,N20,VIIRS,n,2.0NRT,300.22,3.65,D
31.57391,75.10573,334.84,0.5,0.49,2026-09-19,0737,N20,VIIRS,n,2.0NRT,301.79,4.11,D
21.10209,72.64481,345.83,0.55,0.68,2026-09-19,0915,N20,VIIRS,n,2.0NRT,292.65,7.5,D
21.10557,72.64782,367,0.55,0.68,2026-09-19,0915,N20,VIIRS,h,2.0NRT,292.81,16.34,D
25.93881,72.19713,345.1,0.58,0.7,2026-09-19,0915,N20,VIIRS,n,2.0NRT,296.15,4.39,D
21.09832,72.63757,330.46,0.55,0.68,2026-09-19,0915,N20,VIIRS,n,2.0NRT,291.64,3.22,D
21.10252,72.65022,335.15,0.55,0.68,2026-09-19,0915,N20,VIIRS,n,2.0NRT,292.13,7.5,D
23.71274,86.45129,327.5,0.39,0.36,2026-09-19,2002,N20,VIIRS,n,2.0NRT,292.79,1.95,N
31.37157,76.35206,306.86,0.42,0.61,2026-09-19,2002,N20,VIIRS,n,2.0NRT,292.38,0.87,N
31.25935,76.91826,300.04,0.39,0.59,2026-09-19,2002,N20,VIIRS,n,2.0NRT,289.72,0.5,N
29.12507,75.77593,308.72,0.43,0.62,2026-09-19,2002,N20,VIIRS,n,2.0NRT,295.01,0.86,N
29.1234,75.77717,305.55,0.43,0.62,2026-09-19,2002,N20,VIIRS,n,2.0NRT,294.91,0.84,N
28.78024,76.94765,308.57,0.36,0.58,2026-09-19,2002,N20,VIIRS,n,2.0NRT,293.94,0.52,N
28.77491,76.94707,322.46,0.36,0.58,2026-09-19,2002,N20,VIIRS,n,2.0NRT,294.16,1.51,N
28.70909,76.85545,306.37,0.37,0.58,2026-09-19,2002,N20,VIIRS,n,2.0NRT,294.17,0.49,N
28.37594,77.22356,307.94,0.35,0.56,2026-09-19,2002,N20,VIIRS,n,2.0NRT,293.98,0.55,N
28.34594,77.25532,314.61,0.34,0.56,2026-09-19,2002,N20,VIIRS,n,2.0NRT,294.19,1.11,N
28.323,77.21689,304.51,0.35,0.56,2026-09-19,2002,N20,VIIRS,n,2.0NRT,293.74,0.36,N
26.76043,83.19894,312.52,0.46,0.39,2026-09-19,2002,N20,VIIRS,n,2.0NRT,293.22,6.61,N
25.57505,85.24626,308.07,0.39,0.36,2026-09-19,2002,N20,VIIRS,n,2.0NRT,293.5,0.38,N
25.03702,87.38866,310.24,0.39,0.36,2026-09-19,2002,N20,VIIRS,n,2.0NRT,289.2,1.18,N
24.92492,84.15405,306.5,0.41,0.37,2026-09-19,2002,N20,VIIRS,n,2.0NRT,292.15,2.57,N
24.11649,86.85783,312.92,0.39,0.36,2026-09-19,2002,N20,VIIRS,n,2.0NRT,291.66,1.33,N
24.11587,86.86164,309.48,0.39,0.36,2026-09-19,2002,N20,VIIRS,n,2.0NRT,292.01,1.33,N
24.44998,83.03934,305.56,0.44,0.39,2026-09-19,2002,N20,VIIRS,n,2.0NRT,291.42,1.42,N
23.69518,87.11691,310.58,0.4,0.37,2026-09-19,2002,N20,VIIRS,n,2.0NRT,291.6,1.26,N
23.69454,87.12075,311.66,0.4,0.37,2026-09-19,2002,N20,VIIRS,n,2.0NRT,291.97,1.26,N
23.6939,87.12458,313.35,0.4,0.37,2026-09-19,2002,N20,VIIRS,n,2.0NRT,290.72,2.25,N
23.6957,87.09322,313.08,0.4,0.37,2026-09-19,2002,N20,VIIRS,n,2.0NRT,290.96,2.5,N
23.69249,87.11242,307.05,0.4,0.37,2026-09-19,2002,N20,VIIRS,n,2.0NRT,291.27,2.36,N
23.6912,87.1201,315.36,0.4,0.37,2026-09-19,2002,N20,VIIRS,n,2.0NRT,291.31,1.26,N
23.69109,87.10024,315.99,0.4,0.37,2026-09-19,2002,N20,VIIRS,n,2.0NRT,291.87,2.16,N
23.68787,87.11945,314.67,0.4,0.37,2026-09-19,2002,N20,VIIRS,n,2.0NRT,290.95,1.79,N
23.68262,87.1303,311.92,0.4,0.37,2026-09-19,2002,N20,VIIRS,n,2.0NRT,291.38,1.55,N
23.80749,86.32977,306.35,0.39,0.36,2026-09-19,2002,N20,VIIRS,n,2.0NRT,291.86,1.27,N
23.8042,86.32915,328.47,0.39,0.36,2026-09-19,2002,N20,VIIRS,n,2.0NRT,293.89,4.47,N
23.80359,86.33289,307.73,0.39,0.36,2026-09-19,2002,N20,VIIRS,n,2.0NRT,292.22,1.59,N
23.67327,87.12452,310.29,0.4,0.37,2026-09-19,2002,N20,VIIRS,n,2.0NRT,290.47,1.39,N
23.67262,87.12836,309.11,0.4,0.37,2026-09-19,2002,N20,VIIRS,n,2.0NRT,290.52,1.41,N
23.66747,87.15908,307.3,0.4,0.37,2026-09-19,2002,N20,VIIRS,n,2.0NRT,291.06,1.41,N
23.66478,87.15459,329.49,0.4,0.37,2026-09-19,2002,N20,VIIRS,n,2.0NRT,292.79,3.75,N
23.79726,86.35102,318.34,0.39,0.36,2026-09-19,2002,N20,VIIRS,n,2.0NRT,292.3,3.52,N
23.79666,86.35478,314.39,0.39,0.36,2026-09-19,2002,N20,VIIRS,n,2.0NRT,292.26,1.9,N
23.66413,87.15843,318.56,0.4,0.37,2026-09-19,2002,N20,VIIRS,n,2.0NRT,291.29,1.41,N
23.80003,86.3129,305.73,0.39,0.36,2026-09-19,2002,N20,VIIRS,n,2.0NRT,292.29,1.17,N
23.78399,86.39103,304.69,0.39,0.36,2026-09-19,2002,N20,VIIRS,n,2.0NRT,291.85,1.67,N
23.78069,86.3904,321.61,0.39,0.36,2026-09-19,2002,N20,VIIRS,n,2.0NRT,293.79,2.14,N
23.78312,86.3754,309.13,0.39,0.36,2026-09-19,2002,N20,VIIRS,n,2.0NRT,292.17,1.51,N
23.7853,86.34102,310.38,0.39,0.36,2026-09-19,2002,N20,VIIRS,n,2.0NRT,292.03,1.4,N
23.78044,86.37102,306.3,0.39,0.36,2026-09-19,2002,N20,VIIRS,n,2.0NRT,292.37,1.6,N
23.778,86.38602,312.07,0.39,0.36,2026-09-19,2002,N20,VIIRS,n,2.0NRT,291.89,2.37,N
23.77739,86.38979,317.88,0.39,0.36,2026-09-19,2002,N20,VIIRS,n,2.0NRT,292.69,2.14,N
23.7804,86.34808,311.61,0.39,0.36,2026-09-19,2002,N20,VIIRS,n,2.0NRT,291.91,1.8,N
23.77435,86.38561,306.85,0.39,0.36,2026-09-19,2002,N20,VIIRS,n,2.0NRT,292.5,1.3,N
23.77469,86.36246,329.02,0.39,0.36,2026-09-19,2002,N20,VIIRS,n,2.0NRT,292.49,3.62,N
23.76803,86.40376,331.65,0.39,0.36,2026-09-19,2002,N20,VIIRS,n,2.0NRT,293.37,3.7,N
23.79519,86.23499,310.01,0.39,0.36,2026-09-19,2002,N20,VIIRS,n,2.0NRT,292.3,1.69,N
23.77408,86.36622,314.84,0.39,0.36,2026-09-19,2002,N20,VIIRS,n,2.0NRT,292.21,2.3,N
23.77045,86.38873,305.68,0.39,0.36,2026-09-19,2002,N20,VIIRS,n,2.0NRT,292.31,2.13,N
23.76863,86.4,309.81,0.39,0.36,2026-09-19,2002,N20,VIIRS,n,2.0NRT,292.97,2.28,N
23.76473,86.40313,340.62,0.39,0.36,2026-09-19,2002,N20,VIIRS,n,2.0NRT,293.77,2.57,N
23.76655,86.39187,315.82,0.39,0.36,2026-09-19,2002,N20,VIIRS,n,2.0NRT,294.17,2.24,N
23.76413,86.40688,307.85,0.39,0.36,2026-09-19,2002,N20,VIIRS,n,2.0NRT,292.23,2.57,N
23.76143,86.4025,324.03,0.39,0.36,2026-09-19,2002,N20,VIIRS,n,2.0NRT,292.21,2.57,N
23.76265,86.395,307.77,0.39,0.36,2026-09-19,2002,N20,VIIRS,n,2.0NRT,292.65,1.87,N
23.76204,86.39875,312.65,0.39,0.36,2026-09-19,2002,N20,VIIRS,n,2.0NRT,292.02,1.87,N
23.75753,86.40562,320.98,0.39,0.36,2026-09-19,2002,N20,VIIRS,n,2.0NRT,292.06,1.95,N
23.75875,86.39812,306.99,0.39,0.36,2026-09-19,2002,N20,VIIRS,n,2.0NRT,292.06,1.97,N
23.75814,86.40186,315.96,0.39,0.36,2026-09-19,2002,N20,VIIRS,n,2.0NRT,292.31,1.95,N
23.75241,86.41626,323.31,0.39,0.36,2026-09-19,2002,N20,VIIRS,n,2.0NRT,292.26,3.03,N
23.78233,86.20939,323.42,0.39,0.36,2026-09-19,2002,N20,VIIRS,n,2.0NRT,293.17,2.77,N
23.77904,86.20876,324.36,0.39,0.36,2026-09-19,2002,N20,VIIRS,n,2.0NRT,293.53,2.77,N
23.77844,86.21251,317.83,0.39,0.36,2026-09-19,2002,N20,VIIRS,n,2.0NRT,292.68,2.45,N
23.66371,86.91772,306.69,0.39,0.36,2026-09-19,2002,N20,VIIRS,n,2.0NRT,287.16,1.08,N
23.77515,86.21189,308.23,0.39,0.36,2026-09-19,2002,N20,VIIRS,n,2.0NRT,292.61,1.15,N
23.73948,86.43315,318.52,0.39,0.36,2026-09-19,2002,N20,VIIRS,n,2.0NRT,292.54,1.66,N
23.73619,86.43253,320.31,0.39,0.36,2026-09-19,2002,N20,VIIRS,n,2.0NRT,292.21,1.66,N
23.77426,86.19629,314.01,0.38,0.36,2026-09-19,2002,N20,VIIRS,n,2.0NRT,292.54,1.27,N
23.77366,86.20004,306.49,0.38,0.36,2026-09-19,2002,N20,VIIRS,n,2.0NRT,292.36,1.27,N
23.73679,86.42877,312.06,0.39,0.36,2026-09-19,2002,N20,VIIRS,n,2.0NRT,291.47,1.66,N
23.77876,86.14702,307.8,0.38,0.36,2026-09-19,2002,N20,VIIRS,n,2.0NRT,291.5,0.64,N
23.77097,86.19568,307.7,0.38,0.36,2026-09-19,2002,N20,VIIRS,n,2.0NRT,291.93,1.04,N
23.72507,86.43816,313.44,0.39,0.36,2026-09-19,2002,N20,VIIRS,n,2.0NRT,292.07,2.02,N
23.72421,86.4225,309.64,0.39,0.36,2026-09-19,2002,N20,VIIRS,n,2.0NRT,293.34,2.16,N
23.71787,86.44065,314.22,0.39,0.36,2026-09-19,2002,N20,VIIRS,n,2.0NRT,292.03,2.04,N
23.71762,86.42124,310.64,0.39,0.36,2026-09-19,2002,N20,VIIRS,n,2.0NRT,291.79,1.5,N
23.71335,86.44753,309.19,0.39,0.36,2026-09-19,2002,N20,VIIRS,n,2.0NRT,291.96,1.95,N
23.71005,86.44691,321.48,0.39,0.36,2026-09-19,2002,N20,VIIRS,n,2.0NRT,292.44,2.8,N
23.71371,86.42436,307.93,0.39,0.36,2026-09-19,2002,N20,VIIRS,n,2.0NRT,293.38,2.02,N
23.77572,85.99624,308.11,0.38,0.36,2026-09-19,2002,N20,VIIRS,n,2.0NRT,292.46,1,N
23.77513,85.99998,309.93,0.38,0.36,2026-09-19,2002,N20,VIIRS,n,2.0NRT,292.22,1,N
23.63315,86.83328,305.58,0.39,0.36,2026-09-19,2002,N20,VIIRS,n,2.0NRT,291.01,1.14,N
23.5582,87.24155,320.9,0.4,0.37,2026-09-19,2002,N20,VIIRS,n,2.0NRT,290.91,1.71,N
23.55885,87.23769,312.46,0.4,0.37,2026-09-19,2002,N20,VIIRS,n,2.0NRT,290.72,1.96,N
23.55486,87.24089,307.94,0.4,0.37,2026-09-19,2002,N20,VIIRS,n,2.0NRT,291.08,1.71,N
23.83834,85.46913,315.1,0.38,0.36,2026-09-19,2002,N20,VIIRS,n,2.0NRT,294.38,1.73,N
23.685,86.39181,332.03,0.39,0.36,2026-09-19,2002,N20,VIIRS,n,2.0NRT,293.17,3.65,N
23.8271,85.49789,310.14,0.38,0.36,2026-09-19,2002,N20,VIIRS,n,2.0NRT,293.95,1.11,N
23.68439,86.39555,319.91,0.39,0.36,2026-09-19,2002,N20,VIIRS,n,2.0NRT,292.8,1.22,N
23.8238,85.49728,311.72,0.38,0.36,2026-09-19,2002,N20,VIIRS,n,2.0NRT,294.39,1.11,N
23.68109,86.39494,307.31,0.39,0.36,2026-09-19,2002,N20,VIIRS,n,2.0NRT,292.39,1.22,N
23.68048,86.39867,312.16,0.39,0.36,2026-09-19,2002,N20,VIIRS,n,2.0NRT,292.37,1.22,N
23.61623,86.79081,305.76,0.39,0.36,2026-09-19,2002,N20,VIIRS,n,2.0NRT,290.97,0.84,N
23.67718,86.39806,325.28,0.39,0.36,2026-09-19,2002,N20,VIIRS,n,2.0NRT,293.62,1.71,N
23.67779,86.3943,319.8,0.39,0.36,2026-09-19,2002,N20,VIIRS,n,2.0NRT,292.34,1.71,N
23.67657,86.40181,314.68,0.39,0.36,2026-09-19,2002,N20,VIIRS,n,2.0NRT,293.16,2.38,N
23.56404,87.08371,306.52,0.4,0.37,2026-09-19,2002,N20,VIIRS,n,2.0NRT,289.51,2.04,N
23.76028,85.85869,312.97,0.38,0.36,2026-09-19,2002,N20,VIIRS,n,2.0NRT,292.14,1.44,N
23.67389,86.39743,305.87,0.39,0.36,2026-09-19,2002,N20,VIIRS,n,2.0NRT,292.82,1.71,N
23.75818,85.8506,307.48,0.38,0.36,2026-09-19,2002,N20,VIIRS,n,2.0NRT,291.99,1.03,N
23.75759,85.85434,310.98,0.38,0.36,2026-09-19,2002,N20,VIIRS,n,2.0NRT,293.17,1.26,N
23.84023,85.30353,303.97,0.39,0.36,2026-09-19,2002,N20,VIIRS,n,2.0NRT,290.94,0.71,N
23.7543,85.85372,310.6,0.38,0.36,2026-09-19,2002,N20,VIIRS,n,2.0NRT,291,1.26,N
24.20728,82.70983,306.33,0.45,0.39,2026-09-19,2002,N20,VIIRS,n,2.0NRT,291.04,0.98,N
23.78773,85.55286,316.62,0.38,0.36,2026-09-19,2002,N20,VIIRS,n,2.0NRT,292.87,1.75,N
24.20372,82.70918,309.88,0.45,0.39,2026-09-19,2002,N20,VIIRS,n,2.0NRT,290.46,1.24,N
23.78151,85.57095,305.51,0.38,0.36,2026-09-19,2002,N20,VIIRS,n,2.0NRT,292.45,1.59,N
23.78092,85.57468,308.65,0.38,0.36,2026-09-19,2002,N20,VIIRS,n,2.0NRT,293.87,1.53,N
24.1989,82.71764,316.4,0.45,0.39,2026-09-19,2002,N20,VIIRS,n,2.0NRT,290.96,3.05,N
23.69847,86.07469,311.46,0.38,0.36,2026-09-19,2002,N20,VIIRS,n,2.0NRT,291.61,1.34,N
23.69787,86.07843,317.3,0.38,0.36,2026-09-19,2002,N20,VIIRS,n,2.0NRT,292.29,1.34,N
23.68172,86.09463,330.65,0.38,0.36,2026-09-19,2002,N20,VIIRS,n,2.0NRT,292.57,4.41,N
23.68351,86.08343,310.49,0.38,0.36,2026-09-19,2002,N20,VIIRS,n,2.0NRT,292.39,1.14,N
23.68232,86.0909,306.91,0.38,0.36,2026-09-19,2002,N20,VIIRS,n,2.0NRT,292.12,1.18,N
24.2068,82.52649,306.38,0.46,0.39,2026-09-19,2002,N20,VIIRS,n,2.0NRT,290.86,1.17,N
23.67962,86.08653,308.17,0.38,0.36,2026-09-19,2002,N20,VIIRS,n,2.0NRT,292.4,1.95,N
23.67633,86.08591,330.41,0.38,0.36,2026-09-19,2002,N20,VIIRS,n,2.0NRT,292.81,1.95,N
24.18481,82.66078,305.66,0.46,0.39,2026-09-19,2002,N20,VIIRS,n,2.0NRT,290.5,0.9,N
23.67275,86.10834,317.04,0.38,0.36,2026-09-19,2002,N20,VIIRS,n,2.0NRT,291.73,1.47,N
23.66856,86.09215,311.71,0.38,0.36,2026-09-19,2002,N20,VIIRS,n,2.0NRT,292.49,1.21,N
23.6328,86.29356,306.68,0.39,0.36,2026-09-19,2002,N20,VIIRS,n,2.0NRT,291.53,1.4,N
24.16338,82.63012,302.01,0.46,0.39,2026-09-19,2002,N20,VIIRS,n,2.0NRT,287.94,0.39,N
23.74418,85.50636,308.87,0.38,0.36,2026-09-19,2002,N20,VIIRS,n,2.0NRT,292.02,0.5,N
23.54783,86.54443,307.25,0.39,0.36,2026-09-19,2002,N20,VIIRS,n,2.0NRT,291.09,1.67,N
23.82933,84.57312,308.44,0.39,0.37,2026-09-19,2002,N20,VIIRS,n,2.0NRT,290.96,1.27,N
23.826,84.57253,307.21,0.39,0.37,2026-09-19,2002,N20,VIIRS,n,2.0NRT,291.27,1.36,N
23.69765,85.36709,317.83,0.39,0.36,2026-09-19,2002,N20,VIIRS,n,2.0NRT,291.81,1.17,N
23.69377,85.37024,306.83,0.39,0.36,2026-09-19,2002,N20,VIIRS,n,2.0NRT,292.15,1.17,N
23.69667,85.28593,306.97,0.39,0.36,2026-09-19,2002,N20,VIIRS,n,2.0NRT,291.9,0.93,N
23.69609,85.28969,316.44,0.39,0.36,2026-09-19,2002,N20,VIIRS,n,2.0NRT,292.05,1.85,N
23.67709,85.32479,311.11,0.39,0.36,2026-09-19,2002,N20,VIIRS,n,2.0NRT,291.72,1.37,N
23.71911,85.00756,310.04,0.39,0.36,2026-09-19,2002,N20,VIIRS,n,2.0NRT,288.96,1.28,N
23.64917,85.43907,322.4,0.38,0.36,2026-09-19,2002,N20,VIIRS,n,2.0NRT,292.44,1.68,N
23.64975,85.43533,318.2,0.38,0.36,2026-09-19,2002,N20,VIIRS,n,2.0NRT,292.21,1.68,N
23.61467,85.65952,305.09,0.38,0.36,2026-09-19,2002,N20,VIIRS,n,2.0NRT,292.32,0.91,N
23.64587,85.43847,304.89,0.38,0.36,2026-09-19,2002,N20,VIIRS,n,2.0NRT,291.65,0.73,N
21.33582,78.96758,305.39,0.44,0.46,2026-09-19,2004,N20,VIIRS,n,2.0NRT,278.72,1.28,N
20.69686,78.63512,296.85,0.46,0.47,2026-09-19,2004,N20,VIIRS,n,2.0NRT,263.36,1.6,N
19.09713,82.16763,298.97,0.43,0.38,2026-09-19,2004,N20,VIIRS,n,2.0NRT,280.66,1.5,N
17.69589,83.23974,304.85,0.39,0.36,2026-09-19,2004,N20,VIIRS,n,2.0NRT,282.13,1.1,N
17.60998,83.20332,318.7,0.39,0.36,2026-09-19,2004,N20,VIIRS,n,2.0NRT,282.56,1.43,N
17.60665,83.20277,313.5,0.39,0.36,2026-09-19,2004,N20,VIIRS,n,2.0NRT,282.82,1.43,N
20.99984,86.0273,307.54,0.39,0.36,2026-09-19,2004,N20,VIIRS,n,2.0NRT,290.41,1.85,N
20.99563,86.01121,312.28,0.39,0.36,2026-09-19,2004,N20,VIIRS,n,2.0NRT,288.9,1.73,N
20.97124,86.01436,305.42,0.39,0.36,2026-09-19,2004,N20,VIIRS,n,2.0NRT,289.06,1.88,N
20.96518,86.0515,307.58,0.39,0.36,2026-09-19,2004,N20,VIIRS,n,2.0NRT,289.68,2.05,N
20.96793,86.01374,317.94,0.39,0.36,2026-09-19,2004,N20,VIIRS,n,2.0NRT,288.93,2.25,N
20.95193,86.04904,335.54,0.39,0.36,2026-09-19,2004,N20,VIIRS,n,2.0NRT,289.9,5.36,N
21.08084,85.03472,328.31,0.38,0.36,2026-09-19,2004,N20,VIIRS,n,2.0NRT,292.54,2.28,N
21.08026,85.0384,329.82,0.38,0.36,2026-09-19,2004,N20,VIIRS,n,2.0NRT,292.01,2.28,N
21.07969,85.04206,308.21,0.38,0.36,2026-09-19,2004,N20,VIIRS,n,2.0NRT,291.51,1.04,N
21.07697,85.03781,342.93,0.38,0.36,2026-09-19,2004,N20,VIIRS,n,2.0NRT,293.54,7.5,N
21.07639,85.04147,312.17,0.38,0.36,2026-09-19,2004,N20,VIIRS,n,2.0NRT,291.56,1.02,N
21.07581,85.04514,307.37,0.38,0.36,2026-09-19,2004,N20,VIIRS,n,2.0NRT,292.17,1.02,N
21.07524,85.04881,313.59,0.38,0.36,2026-09-19,2004,N20,VIIRS,n,2.0NRT,292.02,1.58,N
21.0731,85.04089,310.77,0.38,0.36,2026-09-19,2004,N20,VIIRS,n,2.0NRT,291.36,1.02,N
20.97763,85.17122,323.79,0.38,0.36,2026-09-19,2004,N20,VIIRS,n,2.0NRT,292.53,1.49,N
20.97821,85.16756,309.49,0.38,0.36,2026-09-19,2004,N20,VIIRS,n,2.0NRT,291.43,1.49,N
20.98014,85.134,310.26,0.38,0.36,2026-09-19,2004,N20,VIIRS,n,2.0NRT,292.2,2.43,N
20.97956,85.13765,308.97,0.38,0.36,2026-09-19,2004,N20,VIIRS,n,2.0NRT,292.08,1.41,N
20.97376,85.17429,308.63,0.38,0.36,2026-09-19,2004,N20,VIIRS,n,2.0NRT,291.75,2.66,N
20.97047,85.1737,343.18,0.38,0.36,2026-09-19,2004,N20,VIIRS,n,2.0NRT,292.94,2.66,N
20.96989,85.17736,322.22,0.38,0.36,2026-09-19,2004,N20,VIIRS,n,2.0NRT,291.81,2.66,N
20.97008,85.15479,326,0.38,0.36,2026-09-19,2004,N20,VIIRS,n,2.0NRT,292.1,1.9,N
20.96485,85.18776,334.99,0.38,0.36,2026-09-19,2004,N20,VIIRS,n,2.0NRT,292.34,3.1,N
20.96775,85.16944,310.04,0.38,0.36,2026-09-19,2004,N20,VIIRS,n,2.0NRT,291.57,1.68,N
20.96717,85.17311,311.39,0.38,0.36,2026-09-19,2004,N20,VIIRS,n,2.0NRT,291.57,1.49,N
20.96659,85.17677,306.75,0.38,0.36,2026-09-19,2004,N20,VIIRS,n,2.0NRT,291.76,1.49,N
20.96601,85.18044,315.36,0.38,0.36,2026-09-19,2004,N20,VIIRS,n,2.0NRT,291.43,1.25,N
20.96543,85.1841,314.42,0.38,0.36,2026-09-19,2004,N20,VIIRS,n,2.0NRT,291.76,1.25,N
20.96504,85.16519,320.28,0.38,0.36,2026-09-19,2004,N20,VIIRS,n,2.0NRT,291.91,1.68,N
20.96446,85.16885,321.04,0.38,0.36,2026-09-19,2004,N20,VIIRS,n,2.0NRT,292.38,1.68,N
20.96388,85.17252,323.31,0.38,0.36,2026-09-19,2004,N20,VIIRS,n,2.0NRT,291.83,1.49,N
20.96678,85.15421,307.01,0.38,0.36,2026-09-19,2004,N20,VIIRS,n,2.0NRT,291.05,1.9,N
20.96562,85.16152,309.74,0.38,0.36,2026-09-19,2004,N20,VIIRS,n,2.0NRT,291.4,1.69,N
20.96214,85.1835,314.27,0.38,0.36,2026-09-19,2004,N20,VIIRS,n,2.0NRT,291.48,1.25,N
20.96156,85.18717,316.07,0.38,0.36,2026-09-19,2004,N20,VIIRS,n,2.0NRT,291.27,3.1,N
20.95855,85.01331,308.78,0.38,0.36,2026-09-19,2004,N20,VIIRS,n,2.0NRT,291.6,1.03,N
20.95526,85.01274,310.3,0.38,0.36,2026-09-19,2004,N20,VIIRS,n,2.0NRT,291.68,1.03,N
20.88841,84.98209,318.74,0.38,0.36,2026-09-19,2004,N20,VIIRS,n,2.0NRT,291.48,1.32,N
20.88512,84.98151,309.67,0.38,0.36,2026-09-19,2004,N20,VIIRS,n,2.0NRT,290.95,1.32,N
20.86692,84.98956,323.24,0.38,0.36,2026-09-19,2004,N20,VIIRS,n,2.0NRT,291.67,2,N
20.86635,84.99323,332.4,0.38,0.36,2026-09-19,2004,N20,VIIRS,n,2.0NRT,291.68,2,N
20.86421,84.98531,311.15,0.38,0.36,2026-09-19,2004,N20,VIIRS,n,2.0NRT,290.17,1.06,N
20.86363,84.98898,305.59,0.38,0.36,2026-09-19,2004,N20,VIIRS,n,2.0NRT,290.94,2,N
20.80757,85.25748,326.54,0.38,0.36,2026-09-19,2004,N20,VIIRS,n,2.0NRT,291.82,2.62,N
20.80816,85.25383,305.79,0.38,0.36,2026-09-19,2004,N20,VIIRS,n,2.0NRT,290.16,1.4,N
20.80428,85.2569,306.11,0.38,0.36,2026-09-19,2004,N20,VIIRS,n,2.0NRT,290.31,0.77,N
20.8004,85.25996,306.37,0.38,0.36,2026-09-19,2004,N20,VIIRS,n,2.0NRT,289.81,0.77,N
20.79445,85.25238,333.35,0.38,0.36,2026-09-19,2004,N20,VIIRS,n,2.0NRT,291.78,5.53,N
20.78883,85.26643,306.17,0.38,0.36,2026-09-19,2004,N20,VIIRS,n,2.0NRT,290.36,1.52,N
20.78612,85.26218,326.49,0.38,0.36,2026-09-19,2004,N20,VIIRS,n,2.0NRT,291.61,1.52,N
20.7867,85.25852,309.63,0.38,0.36,2026-09-19,2004,N20,VIIRS,n,2.0NRT,290.92,1.29,N
20.78554,85.26583,311.01,0.38,0.36,2026-09-19,2004,N20,VIIRS,n,2.0NRT,290.97,1.52,N
20.77387,85.33908,305.47,0.38,0.36,2026-09-19,2004,N20,VIIRS,n,2.0NRT,290.14,0.84,N
20.75995,85.29889,320.66,0.38,0.36,2026-09-19,2004,N20,VIIRS,n,2.0NRT,291.64,1.88,N
20.76054,85.29523,316.08,0.38,0.36,2026-09-19,2004,N20,VIIRS,n,2.0NRT,290.81,1.88,N
21.23272,79.62821,298.76,0.4,0.44,2026-09-19,2004,N20,VIIRS,n,2.0NRT,273.83,0.57,N
24.76331,74.60503,305.56,0.46,0.64,2026-09-19,2004,N20,VIIRS,n,2.0NRT,287.83,1.41,N
24.7646,74.60448,308.05,0.46,0.64,2026-09-19,2004,N20,VIIRS,n,2.0NRT,288.22,1.4,N
24.66176,74.63097,303.82,0.46,0.63,2026-09-19,2004,N20,VIIRS,n,2.0NRT,287.87,1.67,N
24.66305,74.62963,303.55,0.46,0.63,2026-09-19,2004,N20,VIIRS,n,2.0NRT,287.72,1.36,N
22.87368,86.06121,311.09,0.39,0.36,2026-09-19,2004,N20,VIIRS,n,2.0NRT,292.08,1.42,N
22.85781,86.0544,304.33,0.39,0.36,2026-09-19,2004,N20,VIIRS,n,2.0NRT,291.17,0.69,N
22.79919,86.20592,325.3,0.39,0.36,2026-09-19,2004,N20,VIIRS,n,2.0NRT,290.49,1.15,N
22.81846,86.08659,307.4,0.39,0.36,2026-09-19,2004,N20,VIIRS,n,2.0NRT,291.5,0.6,N
22.7998,86.20219,309.7,0.39,0.36,2026-09-19,2004,N20,VIIRS,n,2.0NRT,291.05,1.15,N
22.81516,86.08597,306.19,0.39,0.36,2026-09-19,2004,N20,VIIRS,n,2.0NRT,291.6,1.18,N
22.81127,86.08908,307.82,0.39,0.36,2026-09-19,2004,N20,VIIRS,n,2.0NRT,292.22,0.86,N
22.79139,86.21214,313.54,0.39,0.36,2026-09-19,2004,N20,VIIRS,n,2.0NRT,290.49,1.93,N
22.79051,86.19659,337.09,0.39,0.36,2026-09-19,2004,N20,VIIRS,n,2.0NRT,291.85,4.01,N
22.7893,86.20404,308.66,0.39,0.36,2026-09-19,2004,N20,VIIRS,n,2.0NRT,289.55,2.09,N
22.78869,86.20778,306.49,0.39,0.36,2026-09-19,2004,N20,VIIRS,n,2.0NRT,289.89,1.01,N
22.80078,86.09097,306.39,0.39,0.36,2026-09-19,2004,N20,VIIRS,n,2.0NRT,292.65,1.12,N
23.16604,82.33529,298.07,0.46,0.39,2026-09-19,2004,N20,VIIRS,n,2.0NRT,274.14,1.17,N
23.16543,82.33973,309.15,0.46,0.39,2026-09-19,2004,N20,VIIRS,n,2.0NRT,275.54,2.12,N
22.59275,85.90345,305.03,0.38,0.36,2026-09-19,2004,N20,VIIRS,n,2.0NRT,289.41,1.27,N
22.57358,85.89606,309.11,0.38,0.36,2026-09-19,2004,N20,VIIRS,n,2.0NRT,292.07,2.44,N
22.31545,84.76791,305.71,0.39,0.36,2026-09-19,2004,N20,VIIRS,n,2.0NRT,291.03,1.43,N
22.21701,84.87682,306.19,0.39,0.36,2026-09-19,2004,N20,VIIRS,n,2.0NRT,289.77,1.17,N
22.13448,85.38329,307.12,0.38,0.36,2026-09-19,2004,N20,VIIRS,n,2.0NRT,291.2,1,N
22.21213,84.8645,331.22,0.39,0.36,2026-09-19,2004,N20,VIIRS,n,2.0NRT,290.53,2.21,N
22.2094,84.86019,307.65,0.39,0.36,2026-09-19,2004,N20,VIIRS,n,2.0NRT,289.88,2.21,N
22.20452,84.84786,308.2,0.39,0.36,2026-09-19,2004,N20,VIIRS,n,2.0NRT,289.35,1.55,N
22.2096,84.5503,304.8,0.39,0.36,2026-09-19,2004,N20,VIIRS,n,2.0NRT,283.28,0.63,N
22.31886,82.56233,300.53,0.44,0.38,2026-09-19,2004,N20,VIIRS,n,2.0NRT,274.26,0.86,N
21.92493,85.22456,309.13,0.38,0.36,2026-09-19,2004,N20,VIIRS,n,2.0NRT,290.96,1.43,N
22.06451,83.70605,304.72,0.4,0.37,2026-09-19,2004,N20,VIIRS,n,2.0NRT,279.87,1.2,N
21.76664,85.57968,305.79,0.38,0.36,2026-09-19,2004,N20,VIIRS,n,2.0NRT,290.41,0.79,N
22.04027,83.7298,316.48,0.4,0.37,2026-09-19,2004,N20,VIIRS,n,2.0NRT,284.63,1.66,N
22.0397,83.73368,312.12,0.4,0.37,2026-09-19,2004,N20,VIIRS,n,2.0NRT,285.38,1.66,N
22.01607,83.75348,314.82,0.4,0.37,2026-09-19,2004,N20,VIIRS,n,2.0NRT,279.56,1.69,N
22.03915,83.3522,297.8,0.41,0.37,2026-09-19,2004,N20,VIIRS,n,2.0NRT,270.7,1.05,N
21.95535,83.80306,304.19,0.4,0.37,2026-09-19,2004,N20,VIIRS,n,2.0NRT,281.4,0.63,N
21.95477,83.80692,305.3,0.4,0.37,2026-09-19,2004,N20,VIIRS,n,2.0NRT,281.88,0.63,N
21.85997,83.96833,306.31,0.4,0.37,2026-09-19,2004,N20,VIIRS,n,2.0NRT,286.2,0.65,N
21.92582,83.33821,315.63,0.41,0.37,2026-09-19,2004,N20,VIIRS,n,2.0NRT,288.78,1.43,N
21.92408,83.35011,317.81,0.41,0.37,2026-09-19,2004,N20,VIIRS,n,2.0NRT,288.75,2.1,N
21.92067,83.34953,323.96,0.41,0.37,2026-09-19,2004,N20,VIIRS,n,2.0NRT,289.22,2.1,N
21.92009,83.3535,320.73,0.41,0.37,2026-09-19,2004,N20,VIIRS,n,2.0NRT,288.8,2.1,N
21.91668,83.35292,304.58,0.41,0.37,2026-09-19,2004,N20,VIIRS,n,2.0NRT,287.53,0.63,N
21.81857,83.99249,306.11,0.4,0.37,2026-09-19,2004,N20,VIIRS,n,2.0NRT,286.73,1.71,N
21.87992,83.55631,301.34,0.41,0.37,2026-09-19,2004,N20,VIIRS,n,2.0NRT,278.94,0.65,N
21.87498,83.49529,303.79,0.41,0.37,2026-09-19,2004,N20,VIIRS,n,2.0NRT,283.91,0.81,N
21.76997,84.01929,307.44,0.4,0.37,2026-09-19,2004,N20,VIIRS,n,2.0NRT,289.01,1.58,N
21.76662,84.01871,320.21,0.4,0.37,2026-09-19,2004,N20,VIIRS,n,2.0NRT,289.73,1.58,N
21.76328,84.01814,309.62,0.4,0.37,2026-09-19,2004,N20,VIIRS,n,2.0NRT,288.89,1.38,N
21.76276,83.8462,302.27,0.4,0.37,2026-09-19,2004,N20,VIIRS,n,2.0NRT,280.62,0.88,N
21.76218,83.85002,307.22,0.4,0.37,2026-09-19,2004,N20,VIIRS,n,2.0NRT,280.83,2.01,N
21.75998,83.8418,303.63,0.4,0.37,2026-09-19,2004,N20,VIIRS,n,2.0NRT,281.31,0.88,N
21.7594,83.84563,305.35,0.4,0.37,2026-09-19,2004,N20,VIIRS,n,2.0NRT,281.1,0.88,N
21.75605,83.84505,309.9,0.4,0.37,2026-09-19,2004,N20,VIIRS,n,2.0NRT,280.45,2.13,N
21.00368,86.02402,306.57,0.39,0.36,2026-09-19,2004,N20,VIIRS,n,2.0NRT,289.6,1.38,N
15.66084,73.98598,302.79,0.4,0.6,2026-09-19,2006,N20,VIIRS,n,2.0NRT,277.06,0.56,N
12.87542,79.88532,295.03,0.47,0.4,2026-09-19,2006,N20,VIIRS,n,2.0NRT,270.94,1.28,N
8.66998,77.99268,297.68,0.53,0.42,2026-09-19,2008,N20,VIIRS,n,2.0NRT,273.35,0.62,N
31.36614,76.35643,301.96,0.55,0.68,2026-09-19,2142,N20,VIIRS,n,2.0NRT,291.53,0.65,N
31.26162,76.92526,300.32,0.6,0.71,2026-09-19,2142,N20,VIIRS,n,2.0NRT,287.99,1.11,N
23.4079,72.41495,304.23,0.5,0.66,2026-09-19,2144,N20,VIIRS,n,2.0NRT,288.61,0.46,N
23.49803,68.57835,309.77,0.57,0.52,2026-09-19,2144,N20,VIIRS,n,2.0NRT,295.89,1.71,N
22.9341,69.69615,306.45,0.35,0.56,2026-09-19,2144,N20,VIIRS,n,2.0NRT,293.49,0.95,N
22.33166,69.74821,305.26,0.36,0.57,2026-09-19,2144,N20,VIIRS,n,2.0NRT,293.53,1.34,N
22.41924,69.03994,312.8,0.32,0.55,2026-09-19,2144,N20,VIIRS,n,2.0NRT,293.76,0.91,N
22.41432,69.03868,309.71,0.32,0.55,2026-09-19,2144,N20,VIIRS,n,2.0NRT,293.81,1,N
21.10751,72.64562,318.76,0.58,0.7,2026-09-19,2144,N20,VIIRS,n,2.0NRT,286.67,7.25,N
21.10389,72.63309,313.29,0.58,0.7,2026-09-19,2144,N20,VIIRS,n,2.0NRT,285.52,4.43,N
21.10661,72.63691,302.71,0.58,0.7,2026-09-19,2144,N20,VIIRS,n,2.0NRT,286.17,2.14,N
21.10533,72.64235,315.96,0.58,0.7,2026-09-19,2144,N20,VIIRS,n,2.0NRT,286.21,3.04,N
21.10405,72.64779,301.83,0.58,0.7,2026-09-19,2144,N20,VIIRS,n,2.0NRT,285.96,3.04,N
21.10038,72.63519,303.85,0.58,0.7,2026-09-19,2144,N20,VIIRS,n,2.0NRT,285.78,2.14,N
26.26021,74.09663,303.17,0.55,0.68,2026-09-19,2144,N20,VIIRS,n,2.0NRT,290.32,0.99,N
22.2677,75.13026,300.85,0.78,0.78,2026-09-19,2144,N20,VIIRS,n,2.0NRT,287.33,1.06,N
18.68578,73.02732,300.36,0.69,0.74,2026-09-19,2146,N20,VIIRS,n,2.0NRT,279.86,1.72,N
18.68424,73.03368,298.73,0.69,0.74,2026-09-19,2146,N20,VIIRS,n,2.0NRT,279.04,2.77,N
22.3185,82.56506,327.59,0.53,0.5,2026-09-20,0716,N20,VIIRS,n,2.0NRT,292.96,3.93,D
20.75905,85.29786,328.64,0.39,0.44,2026-09-20,0716,N20,VIIRS,n,2.0NRT,295.4,3.53,D
20.78524,85.26197,336.54,0.39,0.44,2026-09-20,0716,N20,VIIRS,n,2.0NRT,296.47,5.01,D
20.7925,85.25673,326.89,0.39,0.44,2026-09-20,0716,N20,VIIRS,n,2.0NRT,295.22,5.45,D
20.80503,85.25785,327.56,0.39,0.44,2026-09-20,0716,N20,VIIRS,n,2.0NRT,296.15,3.8,D
20.95185,86.05006,326.98,0.52,0.42,2026-09-20,0716,N20,VIIRS,n,2.0NRT,294.01,4.34,D
20.99555,86.01286,335.65,0.52,0.42,2026-09-20,0716,N20,VIIRS,n,2.0NRT,294.14,5.03,D
20.86439,84.98729,331.39,0.4,0.44,2026-09-20,0716,N20,VIIRS,n,2.0NRT,289.22,4.78,D
21.07588,85.03978,343.94,0.39,0.44,2026-09-20,0716,N20,VIIRS,n,2.0NRT,293.26,6.79,D
21.07986,85.03893,329.45,0.39,0.44,2026-09-20,0716,N20,VIIRS,n,2.0NRT,291.7,6.79,D
22.31906,82.59113,340.98,0.53,0.5,2026-09-20,0716,N20,VIIRS,n,2.0NRT,292.36,6.55,D
22.32356,82.58999,340.61,0.53,0.5,2026-09-20,0716,N20,VIIRS,n,2.0NRT,292.45,7.09,D
27.74538,96.12411,335.28,0.5,0.49,2026-09-20,0716,N20,VIIRS,n,2.0NRT,289.21,4.89,D
27.81976,96.31673,337.89,0.51,0.49,2026-09-20,0716,N20,VIIRS,n,2.0NRT,289.48,3.52,D
20.96442,86.01403,327.74,0.52,0.42,2026-09-20,0716,N20,VIIRS,n,2.0NRT,293.75,4.96,D
20.95098,86.04514,327.25,0.52,0.42,2026-09-20,0716,N20,VIIRS,n,2.0NRT,294.12,4.34,D
9.14637,78.24123,337.47,0.45,0.63,2026-09-20,0854,N20,VIIRS,n,2.0NRT,285.3,3.6,D
9.40093,78.90057,332.37,0.5,0.66,2026-09-20,0854,N20,VIIRS,n,2.0NRT,280.85,3.1,D
10.91339,77.24493,331.87,0.4,0.6,2026-09-20,0854,N20,VIIRS,n,2.0NRT,290.83,1.84,D
12.10892,76.93208,331.79,0.4,0.6,2026-09-20,0854,N20,VIIRS,n,2.0NRT,284.49,3.04,D
12.3654,76.82854,328.11,0.4,0.6,2026-09-20,0854,N20,VIIRS,n,2.0NRT,278.75,1.36,D
9.1461,78.24368,330.47,0.45,0.63,2026-09-20,0854,N20,VIIRS,n,2.0NRT,284.85,2.19,D
15.81305,74.9028,332.5,0.33,0.55,2026-09-20,0856,N20,VIIRS,n,2.0NRT,301.71,4.83,D
17.01515,74.87876,342.38,0.34,0.56,2026-09-20,0856,N20,VIIRS,n,2.0NRT,298.67,4.15,D
18.54101,74.30173,334.78,0.32,0.55,2026-09-20,0856,N20,VIIRS,n,2.0NRT,294.73,2.06,D
22.80204,70.89408,334.53,0.44,0.46,2026-09-20,0858,N20,VIIRS,n,2.0NRT,295.93,1.83,D
23.11944,70.08595,330.85,0.4,0.44,2026-09-20,0858,N20,VIIRS,n,2.0NRT,297.67,2.01,D
31.4519,74.87649,338.6,0.49,0.65,2026-09-20,0900,N20,VIIRS,n,2.0NRT,299.07,4.05,D
31.66543,77.31978,339.54,0.68,0.74,2026-09-20,0900,N20,VIIRS,n,2.0NRT,294.42,11.91,D
31.87234,74.7244,331.7,0.48,0.65,2026-09-20,0900,N20,VIIRS,n,2.0NRT,298.66,4.09,D
31.12261,74.68405,343.39,0.47,0.64,2026-09-20,0900,N20,VIIRS,n,2.0NRT,299.84,4.68,D
31.12047,74.68233,331.04,0.47,0.64,2026-09-20,0900,N20,VIIRS,n,2.0NRT,298.8,5.38,D
31.45558,74.87454,332.77,0.48,0.65,2026-09-20,0900,N20,VIIRS,n,2.0NRT,298.68,5.64,D
31.66455,77.31993,331.51,0.68,0.74,2026-09-20,0900,N20,VIIRS,n,2.0NRT,294.41,9.43,D
31.66479,77.32564,327.04,0.68,0.74,2026-09-20,0900,N20,VIIRS,n,2.0NRT,293.84,8,D
23.68169,86.09304,310.28,0.52,0.42,2026-09-20,1945,N20,VIIRS,n,2.0NRT,281.5,2.14,N
26.76138,83.19637,306.12,0.56,0.51,2026-09-20,1945,N20,VIIRS,n,2.0NRT,288.63,1.41,N
26.64161,79.47361,301.31,0.48,0.64,2026-09-20,1945,N20,VIIRS,n,2.0NRT,284.46,0.99,N
26.64429,79.47345,304.5,0.47,0.64,2026-09-20,1945,N20,VIIRS,n,2.0NRT,286.39,1.09,N
23.80513,86.32904,298.68,0.51,0.41,2026-09-20,1945,N20,VIIRS,n,2.0NRT,278.8,1.54,N
23.78163,86.39102,313.47,0.5,0.41,2026-09-20,1945,N20,VIIRS,n,2.0NRT,286.61,2.38,N
23.77853,86.38549,310.15,0.5,0.41,2026-09-20,1945,N20,VIIRS,n,2.0NRT,286.48,1.81,N
23.77788,86.39042,319.52,0.5,0.41,2026-09-20,1945,N20,VIIRS,n,2.0NRT,287.27,1.81,N
23.77738,86.3651,304.18,0.5,0.41,2026-09-20,1945,N20,VIIRS,n,2.0NRT,286.35,2.28,N
23.77478,86.38489,306.06,0.5,0.41,2026-09-20,1945,N20,VIIRS,n,2.0NRT,286.88,1.81,N
23.77362,86.36451,325.14,0.5,0.41,2026-09-20,1945,N20,VIIRS,n,2.0NRT,286.89,3.42,N
23.76846,86.40396,325.52,0.5,0.41,2026-09-20,1945,N20,VIIRS,n,2.0NRT,286.12,3.69,N
24.20616,82.70859,306.13,0.56,0.51,2026-09-20,1945,N20,VIIRS,n,2.0NRT,287.84,1.75,N
23.7691,86.39902,305.77,0.5,0.41,2026-09-20,1945,N20,VIIRS,n,2.0NRT,286.5,1.88,N
23.76471,86.40338,328.14,0.5,0.41,2026-09-20,1945,N20,VIIRS,n,2.0NRT,285.78,3.69,N
24.20085,82.71344,303.89,0.56,0.51,2026-09-20,1945,N20,VIIRS,n,2.0NRT,286.97,2.45,N
23.76857,86.37383,305.97,0.5,0.41,2026-09-20,1945,N20,VIIRS,n,2.0NRT,286.56,1.87,N
23.766,86.3935,308.03,0.5,0.41,2026-09-20,1945,N20,VIIRS,n,2.0NRT,287.33,1.88,N
23.66432,87.15569,305.89,0.46,0.39,2026-09-20,1945,N20,VIIRS,n,2.0NRT,283.67,1.15,N
23.6637,87.16022,302.03,0.46,0.39,2026-09-20,1945,N20,VIIRS,n,2.0NRT,284.58,1.15,N
23.76161,86.39783,312.3,0.5,0.41,2026-09-20,1945,N20,VIIRS,n,2.0NRT,285.1,2.67,N
23.76096,86.40279,309.62,0.5,0.41,2026-09-20,1945,N20,VIIRS,n,2.0NRT,283.92,1.49,N
23.75722,86.40218,310.12,0.5,0.41,2026-09-20,1945,N20,VIIRS,n,2.0NRT,284.72,1.49,N
23.75155,86.41637,322.14,0.5,0.41,2026-09-20,1945,N20,VIIRS,n,2.0NRT,284.13,3.08,N
24.20635,82.52219,303.82,0.57,0.52,2026-09-20,1945,N20,VIIRS,n,2.0NRT,288.9,1.2,N
23.77233,86.19633,307.68,0.51,0.41,2026-09-20,1945,N20,VIIRS,n,2.0NRT,282.67,2.35,N
23.73778,86.43414,324.79,0.5,0.41,2026-09-20,1945,N20,VIIRS,n,2.0NRT,282.42,2.14,N
23.73842,86.42925,306,0.5,0.41,2026-09-20,1945,N20,VIIRS,n,2.0NRT,282.61,2.14,N
23.72593,86.43726,302.65,0.5,0.41,2026-09-20,1945,N20,VIIRS,n,2.0NRT,281.91,1.29,N
23.72219,86.43666,303.32,0.5,0.41,2026-09-20,1945,N20,VIIRS,n,2.0NRT,281.92,1.29,N
23.83944,85.4709,305.16,0.56,0.43,2026-09-20,1945,N20,VIIRS,n,2.0NRT,288.81,1.42,N
23.72035,86.42136,308.39,0.5,0.41,2026-09-20,1945,N20,VIIRS,n,2.0NRT,283.53,0.95,N
23.71782,86.44097,307.45,0.5,0.41,2026-09-20,1945,N20,VIIRS,n,2.0NRT,282.07,1.45,N
23.71661,86.42076,303.26,0.5,0.41,2026-09-20,1945,N20,VIIRS,n,2.0NRT,283.49,0.95,N
23.71283,86.45017,313.8,0.5,0.41,2026-09-20,1945,N20,VIIRS,n,2.0NRT,281.98,2.8,N
23.7091,86.44958,305.48,0.5,0.41,2026-09-20,1945,N20,VIIRS,n,2.0NRT,281.45,1.18,N
23.68485,86.39384,322.16,0.5,0.41,2026-09-20,1945,N20,VIIRS,n,2.0NRT,287.43,2.61,N
23.68551,86.38887,305.44,0.5,0.41,2026-09-20,1945,N20,VIIRS,n,2.0NRT,285.69,1.43,N
23.68046,86.39816,312.07,0.5,0.41,2026-09-20,1945,N20,VIIRS,n,2.0NRT,286.7,2.61,N
23.67672,86.39754,318.41,0.5,0.41,2026-09-20,1945,N20,VIIRS,n,2.0NRT,287.09,3.73,N
23.67607,86.40242,307.95,0.5,0.41,2026-09-20,1945,N20,VIIRS,n,2.0NRT,286.42,2,N
23.55915,87.24172,304.37,0.46,0.39,2026-09-20,1945,N20,VIIRS,n,2.0NRT,282.47,1.31,N
23.55557,87.24114,305.9,0.46,0.39,2026-09-20,1945,N20,VIIRS,n,2.0NRT,282.76,1.85,N
23.69955,86.07495,301.47,0.52,0.42,2026-09-20,1945,N20,VIIRS,n,2.0NRT,280.56,1.05,N
23.68299,86.08285,301.79,0.52,0.42,2026-09-20,1945,N20,VIIRS,n,2.0NRT,280.63,1.19,N
23.67918,86.08229,300,0.52,0.42,2026-09-20,1945,N20,VIIRS,n,2.0NRT,280.64,0.86,N
23.6326,86.2952,302.8,0.51,0.41,2026-09-20,1945,N20,VIIRS,n,2.0NRT,285.99,1.12,N
23.71234,85.28109,302.49,0.38,0.43,2026-09-20,1945,N20,VIIRS,n,2.0NRT,287.92,0.84,N
23.69546,85.28608,306.61,0.38,0.43,2026-09-20,1945,N20,VIIRS,n,2.0NRT,287.52,1.37,N
23.67452,85.3241,301.51,0.57,0.43,2026-09-20,1945,N20,VIIRS,n,2.0NRT,286.89,1.33,N
22.87329,88.21214,305.2,0.42,0.37,2026-09-20,1945,N20,VIIRS,n,2.0NRT,285.01,0.82,N
23.16778,82.3417,303.57,0.57,0.52,2026-09-20,1945,N20,VIIRS,n,2.0NRT,281.75,1.96,N
22.37811,87.27651,305.3,0.44,0.39,2026-09-20,1945,N20,VIIRS,n,2.0NRT,269.51,1.16,N
22.3775,87.28081,300.07,0.44,0.39,2026-09-20,1945,N20,VIIRS,n,2.0NRT,269.91,1.16,N
22.21532,84.84,303.95,0.39,0.44,2026-09-20,1945,N20,VIIRS,n,2.0NRT,274.52,0.75,N
22.20896,84.85838,296.83,0.39,0.44,2026-09-20,1945,N20,VIIRS,n,2.0NRT,270.84,0.49,N
22.20756,84.86973,298.08,0.39,0.44,2026-09-20,1945,N20,VIIRS,n,2.0NRT,267.78,0.46,N
22.20932,84.54865,305.55,0.41,0.45,2026-09-20,1945,N20,VIIRS,n,2.0NRT,283.63,0.87,N
22.21011,84.54993,304.41,0.41,0.45,2026-09-20,1945,N20,VIIRS,n,2.0NRT,282.91,0.94,N
22.20257,84.57671,305.3,0.4,0.45,2026-09-20,1945,N20,VIIRS,n,2.0NRT,282.47,1.03,N
22.36229,82.29918,300.1,0.56,0.52,2026-09-20,1945,N20,VIIRS,n,2.0NRT,273.33,0.64,N
22.33013,82.60429,303.26,0.54,0.51,2026-09-20,1945,N20,VIIRS,n,2.0NRT,275.78,1.36,N
22.32247,82.58744,305.05,0.54,0.51,2026-09-20,1945,N20,VIIRS,n,2.0NRT,279.32,1.53,N
22.3313,82.60766,303.11,0.54,0.51,2026-09-20,1945,N20,VIIRS,n,2.0NRT,275.35,0.86,N
22.36094,82.30264,305.11,0.56,0.52,2026-09-20,1945,N20,VIIRS,n,2.0NRT,273.75,1.53,N
22.22494,83.48114,303.03,0.47,0.48,2026-09-20,1945,N20,VIIRS,n,2.0NRT,287.08,0.91,N
22.32377,82.59079,309.68,0.54,0.51,2026-09-20,1945,N20,VIIRS,n,2.0NRT,279.57,1.72,N
22.32206,82.56409,302.94,0.54,0.51,2026-09-20,1945,N20,VIIRS,n,2.0NRT,280.71,1.4,N
22.0646,83.70432,302.81,0.45,0.47,2026-09-20,1945,N20,VIIRS,n,2.0NRT,281.93,1.02,N
22.0394,83.73211,308.34,0.45,0.47,2026-09-20,1945,N20,VIIRS,n,2.0NRT,283.92,2.23,N
22.01481,83.75535,304.24,0.45,0.47,2026-09-20,1945,N20,VIIRS,n,2.0NRT,277.21,1.5,N
22.03892,83.35176,311.66,0.48,0.48,2026-09-20,1945,N20,VIIRS,n,2.0NRT,285.93,3.06,N
22.03296,83.36491,306.55,0.48,0.48,2026-09-20,1945,N20,VIIRS,n,2.0NRT,287.8,2.49,N
22.03955,83.34908,307.96,0.48,0.48,2026-09-20,1945,N20,VIIRS,n,2.0NRT,286.01,1.36,N
22.039,83.35371,308.07,0.48,0.48,2026-09-20,1945,N20,VIIRS,n,2.0NRT,286.43,2.36,N
22.03295,83.36681,306.18,0.48,0.48,2026-09-20,1945,N20,VIIRS,n,2.0NRT,288.11,1.88,N
22.01859,83.3367,306.35,0.48,0.48,2026-09-20,1945,N20,VIIRS,n,2.0NRT,285.73,1.12,N
21.98576,83.23212,300.59,0.49,0.48,2026-09-20,1945,N20,VIIRS,n,2.0NRT,271.2,0.23,N
21.92277,83.35143,321.59,0.48,0.48,2026-09-20,1945,N20,VIIRS,n,2.0NRT,280.21,1.61,N
21.92329,83.34681,304.44,0.48,0.48,2026-09-20,1945,N20,VIIRS,n,2.0NRT,278.65,1.61,N
21.91836,83.35081,299.89,0.48,0.48,2026-09-20,1945,N20,VIIRS,n,2.0NRT,278.96,1.61,N
22.00775,82.67078,295.44,0.53,0.5,2026-09-20,1945,N20,VIIRS,n,2.0NRT,269.21,0.83,N
21.92335,83.34949,325,0.48,0.48,2026-09-20,1945,N20,VIIRS,n,2.0NRT,279.93,2.48,N
21.91895,83.34888,299.17,0.48,0.48,2026-09-20,1945,N20,VIIRS,n,2.0NRT,278.11,2.48,N
21.88086,83.55597,298.93,0.46,0.47,2026-09-20,1945,N20,VIIRS,n,2.0NRT,276.45,0.45,N
21.87912,83.49628,300.48,0.47,0.47,2026-09-20,1945,N20,VIIRS,n,2.0NRT,279.42,0.64,N
21.87476,83.49566,300.22,0.47,0.47,2026-09-20,1945,N20,VIIRS,n,2.0NRT,279.71,0.64,N
21.76357,83.84593,301.38,0.44,0.46,2026-09-20,1945,N20,VIIRS,n,2.0NRT,278.9,0.74,N
21.76308,83.85017,308.46,0.44,0.46,2026-09-20,1945,N20,VIIRS,n,2.0NRT,278.76,1.23,N
21.7598,83.84106,300.93,0.44,0.46,2026-09-20,1945,N20,VIIRS,n,2.0NRT,278.73,1.08,N
21.758,83.81921,301.53,0.44,0.46,2026-09-20,1945,N20,VIIRS,n,2.0NRT,279.95,0.58,N
21.75554,83.84048,300.51,0.44,0.46,2026-09-20,1945,N20,VIIRS,n,2.0NRT,278.5,1.08,N
21.76419,83.84727,308.07,0.44,0.46,2026-09-20,1945,N20,VIIRS,n,2.0NRT,278.97,1.18,N
21.76046,83.84241,302.27,0.44,0.46,2026-09-20,1945,N20,VIIRS,n,2.0NRT,278.49,1.18,N
21.7562,83.84184,306.27,0.44,0.46,2026-09-20,1945,N20,VIIRS,n,2.0NRT,278.88,1.64,N
21.74767,83.84072,310.24,0.44,0.46,2026-09-20,1945,N20,VIIRS,n,2.0NRT,279.18,2.13,N
21.487,81.76641,305.06,0.59,0.53,2026-09-20,1945,N20,VIIRS,n,2.0NRT,285.66,1.47,N
20.9659,86.05021,311.95,0.49,0.4,2026-09-20,1945,N20,VIIRS,n,2.0NRT,287.42,1.78,N
20.96412,86.00692,326.78,0.49,0.4,2026-09-20,1945,N20,VIIRS,n,2.0NRT,279.51,3.72,N
20.95174,86.04324,324.61,0.49,0.4,2026-09-20,1945,N20,VIIRS,n,2.0NRT,287.69,3.44,N
21.08228,85.03286,302.53,0.55,0.43,2026-09-20,1945,N20,VIIRS,n,2.0NRT,289.28,1.13,N
21.08161,85.03815,305.5,0.55,0.43,2026-09-20,1945,N20,VIIRS,n,2.0NRT,289.27,1.13,N
20.95113,86.0479,311.19,0.49,0.4,2026-09-20,1945,N20,VIIRS,n,2.0NRT,287.25,2.37,N
21.07769,85.03757,335.4,0.55,0.43,2026-09-20,1945,N20,VIIRS,n,2.0NRT,290.41,4.31,N
21.07835,85.03228,302.35,0.55,0.43,2026-09-20,1945,N20,VIIRS,n,2.0NRT,289.54,4.31,N
20.9419,86.06066,305.06,0.49,0.4,2026-09-20,1945,N20,VIIRS,n,2.0NRT,286.26,1.37,N
21.08189,85.03674,310.77,0.55,0.43,2026-09-20,1945,N20,VIIRS,n,2.0NRT,289.62,4.68,N
21.07798,85.03616,335.65,0.55,0.43,2026-09-20,1945,N20,VIIRS,n,2.0NRT,290.89,4.68,N
20.97691,85.17117,314.89,0.54,0.42,2026-09-20,1945,N20,VIIRS,n,2.0NRT,288.71,1.62,N
21.37949,81.68157,305.79,0.6,0.53,2026-09-20,1945,N20,VIIRS,n,2.0NRT,286.19,1.44,N
20.97236,85.17583,307.46,0.54,0.42,2026-09-20,1945,N20,VIIRS,n,2.0NRT,286.4,1.62,N
20.96848,85.17528,327.91,0.54,0.42,2026-09-20,1945,N20,VIIRS,n,2.0NRT,288.76,2.35,N
21.37888,81.64006,304.58,0.6,0.53,2026-09-20,1945,N20,VIIRS,n,2.0NRT,287.12,1.93,N
20.97114,85.15437,308.91,0.54,0.42,2026-09-20,1945,N20,VIIRS,n,2.0NRT,286.21,2.14,N
20.96914,85.17005,306.98,0.54,0.42,2026-09-20,1945,N20,VIIRS,n,2.0NRT,289.16,2.35,N
20.96261,85.19024,320.07,0.54,0.42,2026-09-20,1945,N20,VIIRS,n,2.0NRT,289.96,3.47,N
20.96592,85.16428,311.33,0.54,0.42,2026-09-20,1945,N20,VIIRS,n,2.0NRT,288.35,3.23,N
20.96526,85.16948,309.05,0.54,0.42,2026-09-20,1945,N20,VIIRS,n,2.0NRT,288.99,2.35,N
20.96459,85.17471,315.36,0.54,0.42,2026-09-20,1945,N20,VIIRS,n,2.0NRT,289.55,2.35,N
20.96393,85.17992,307.33,0.54,0.42,2026-09-20,1945,N20,VIIRS,n,2.0NRT,288.9,2.52,N
20.96327,85.1851,319.42,0.54,0.42,2026-09-20,1945,N20,VIIRS,n,2.0NRT,289.06,2.52,N
21.37683,81.67972,307.87,0.6,0.53,2026-09-20,1945,N20,VIIRS,n,2.0NRT,286.1,2.16,N
21.37653,81.63822,304.87,0.6,0.53,2026-09-20,1945,N20,VIIRS,n,2.0NRT,287.07,1.08,N
21.36642,81.68433,303.11,0.6,0.53,2026-09-20,1945,N20,VIIRS,n,2.0NRT,286.42,1.8,N
21.31235,81.58861,304.07,0.61,0.53,2026-09-20,1945,N20,VIIRS,n,2.0NRT,286.7,1.26,N
20.87114,84.99854,304.04,0.55,0.43,2026-09-20,1945,N20,VIIRS,n,2.0NRT,289.58,1.78,N
20.87126,84.99799,304.62,0.55,0.43,2026-09-20,1945,N20,VIIRS,n,2.0NRT,290.05,3.49,N
20.8096,85.25357,307.29,0.53,0.42,2026-09-20,1945,N20,VIIRS,n,2.0NRT,288.38,1.39,N
20.80892,85.25868,306.2,0.53,0.42,2026-09-20,1945,N20,VIIRS,n,2.0NRT,288.62,1.56,N
20.80506,85.25813,309.35,0.53,0.42,2026-09-20,1945,N20,VIIRS,n,2.0NRT,288.69,2,N
20.79417,85.25134,325.55,0.53,0.42,2026-09-20,1945,N20,VIIRS,n,2.0NRT,288.39,2.96,N
20.78831,85.26603,308.23,0.53,0.42,2026-09-20,1945,N20,VIIRS,n,2.0NRT,288.74,1.75,N
21.20059,81.40125,334.12,0.62,0.54,2026-09-20,1945,N20,VIIRS,n,2.0NRT,286.59,4.18,N
21.1861,81.38574,305.08,0.62,0.54,2026-09-20,1945,N20,VIIRS,n,2.0NRT,287.1,2.23,N
21.18114,81.38513,314.44,0.62,0.54,2026-09-20,1945,N20,VIIRS,n,2.0NRT,287.01,2.23,N
20.53217,85.9052,304.58,0.49,0.4,2026-09-20,1945,N20,VIIRS,n,2.0NRT,284.63,0.55,N
17.14758,78.22117,301.44,0.45,0.63,2026-09-20,1947,N20,VIIRS,n,2.0NRT,284.56,1,N
18.54161,83.34273,316.55,0.43,0.46,2026-09-20,1947,N20,VIIRS,n,2.0NRT,289.58,1.75,N
17.14744,78.22325,299.99,0.45,0.63,2026-09-20,1947,N20,VIIRS,n,2.0NRT,284.4,0.79,N
24.69055,73.00314,308.96,0.52,0.5,2026-09-20,2123,N20,VIIRS,n,2.0NRT,293.75,1.73,N
24.81949,73.09024,303.93,0.52,0.5,2026-09-20,2123,N20,VIIRS,n,2.0NRT,292.59,1.31,N
24.66118,74.63342,309.66,0.33,0.55,2026-09-20,2123,N20,VIIRS,n,2.0NRT,291.64,0.9,N
24.66187,74.63026,303.42,0.33,0.55,2026-09-20,2123,N20,VIIRS,n,2.0NRT,290.6,0.9,N
24.69253,74.67904,305.61,0.33,0.55,2026-09-20,2123,N20,VIIRS,n,2.0NRT,290.29,0.86,N
24.93293,74.63299,312.14,0.32,0.55,2026-09-20,2123,N20,VIIRS,n,2.0NRT,291.41,0.89,N
26.8769,73.51711,308.34,0.5,0.49,2026-09-20,2123,N20,VIIRS,n,2.0NRT,295.78,3.05,N
26.63367,72.6937,308.82,0.45,0.47,2026-09-20,2123,N20,VIIRS,n,2.0NRT,295.09,1.15,N
26.62944,72.69261,311.88,0.45,0.47,2026-09-20,2123,N20,VIIRS,n,2.0NRT,294.98,1.15,N
26.63058,72.69504,319.89,0.45,0.47,2026-09-20,2123,N20,VIIRS,n,2.0NRT,295.43,1.65,N
25.94247,72.19097,311.8,0.44,0.46,2026-09-20,2123,N20,VIIRS,n,2.0NRT,296.62,1.25,N
26.26045,74.09645,307.01,0.56,0.52,2026-09-20,2123,N20,VIIRS,n,2.0NRT,295.7,1.4,N
31.26117,76.92439,300.39,0.32,0.55,2026-09-20,2123,N20,VIIRS,n,2.0NRT,288.29,0.56,N
24.68979,73.00032,306.98,0.52,0.5,2026-09-20,2123,N20,VIIRS,n,2.0NRT,292.58,2.05,N
28.34867,77.22992,308.09,0.39,0.59,2026-09-20,2125,N20,VIIRS,n,2.0NRT,292,0.6,N
21.11379,72.63484,312.92,0.58,0.52,2026-09-20,2125,N20,VIIRS,n,2.0NRT,293.3,3.08,N
21.10682,72.64461,344.04,0.58,0.52,2026-09-20,2125,N20,VIIRS,n,2.0NRT,293.72,13.41,N
21.10437,72.63262,322.98,0.58,0.52,2026-09-20,2125,N20,VIIRS,n,2.0NRT,292.55,5.12,N
21.10324,72.63805,323.26,0.58,0.52,2026-09-20,2125,N20,VIIRS,n,2.0NRT,293.09,5.12,N
20.91101,71.45655,305.53,0.49,0.49,2026-09-20,2125,N20,VIIRS,n,2.0NRT,291.49,1.2,N
20.86759,70.5662,303.39,0.43,0.46,2026-09-20,2125,N20,VIIRS,n,2.0NRT,290.03,0.82,N
28.85372,77.14367,303.35,0.38,0.58,2026-09-20,2125,N20,VIIRS,n,2.0NRT,292.24,0.52,N
28.37494,77.22557,306.21,0.39,0.59,2026-09-20,2125,N20,VIIRS,n,2.0NRT,291.98,0.39,N
28.37262,77.22483,308.09,0.39,0.59,2026-09-20,2125,N20,VIIRS,n,2.0NRT,291.7,0.67,N
23.31494,70.48695,305.07,0.39,0.44,2026-09-20,2125,N20,VIIRS,n,2.0NRT,291.65,0.91,N
22.26448,75.13186,302.22,0.39,0.6,2026-09-20,2125,N20,VIIRS,n,2.0NRT,280.68,0.54,N
21.24951,79.20467,299.52,0.75,0.77,2026-09-20,2125,N20,VIIRS,n,2.0NRT,274.83,0.83,N
23.49967,68.57837,307.69,0.46,0.39,2026-09-20,2125,N20,VIIRS,n,2.0NRT,295.16,1.52,N
23.4961,68.57761,307.41,0.46,0.39,2026-09-20,2125,N20,VIIRS,n,2.0NRT,295.33,1.52,N
22.93444,69.70137,309.46,0.54,0.42,2026-09-20,2125,N20,VIIRS,n,2.0NRT,283.69,0.92,N
22.93171,69.7038,304.53,0.54,0.42,2026-09-20,2125,N20,VIIRS,n,2.0NRT,284.7,1.15,N
22.34098,69.85423,306.58,0.56,0.43,2026-09-20,2125,N20,VIIRS,n,2.0NRT,292.05,2.93,N
27.37653,95.3359,340.34,0.4,0.37,2026-09-21,0659,N20,VIIRS,n,2.0NRT,295.14,3.14,D
23.67505,86.3981,327.42,0.57,0.52,2026-09-21,0659,N20,VIIRS,n,2.0NRT,289.24,6.96,D
10.81165,78.77667,331.37,0.49,0.48,2026-09-21,0835,N20,VIIRS,n,2.0NRT,293,2.39,D
15.33654,76.27684,330.54,0.39,0.44,2026-09-21,0835,N20,VIIRS,n,2.0NRT,284.79,2.71,D
16.12881,79.88101,332.3,0.34,0.56,2026-09-21,0835,N20,VIIRS,n,2.0NRT,287.49,2.39,D
17.26535,74.54819,331.95,0.49,0.4,2026-09-21,0835,N20,VIIRS,n,2.0NRT,296.64,1.66,D
8.87008,78.15746,337.82,0.42,0.45,2026-09-21,0835,N20,VIIRS,n,2.0NRT,295.35,2.36,D
8.75376,78.03644,343.62,0.41,0.45,2026-09-21,0835,N20,VIIRS,n,2.0NRT,298.83,6.37,D
8.87311,78.08807,345.56,0.41,0.45,2026-09-21,0835,N20,VIIRS,n,2.0NRT,299.9,5.3,D
21.10663,72.64863,337.23,0.44,0.38,2026-09-21,0837,N20,VIIRS,n,2.0NRT,297.72,7.84,D
14.17258,79.77721,339.26,0.63,0.54,2026-09-21,0837,N20,VIIRS,n,2.0NRT,290.06,5.77,D
18.53189,74.21118,336.39,0.49,0.4,2026-09-21,0837,N20,VIIRS,n,2.0NRT,296.32,4.32,D
18.5752,74.20631,333.2,0.49,0.4,2026-09-21,0837,N20,VIIRS,n,2.0NRT,295.62,3.94,D
21.10254,72.64495,331.9,0.44,0.38,2026-09-21,0837,N20,VIIRS,n,2.0NRT,296.04,5.61,D
21.10139,72.63651,338.31,0.44,0.38,2026-09-21,0837,N20,VIIRS,n,2.0NRT,297.41,11.76,D
21.10606,72.64441,331.29,0.44,0.38,2026-09-21,0837,N20,VIIRS,n,2.0NRT,298.28,5.61,D
23.05485,75.49236,330.6,0.43,0.46,2026-09-21,0837,N20,VIIRS,n,2.0NRT,299.96,3.13,D
22.41591,69.03825,334.83,0.39,0.36,2026-09-21,0837,N20,VIIRS,n,2.0NRT,300.93,1.84,D
23.31939,68.85848,332.03,0.39,0.36,2026-09-21,0837,N20,VIIRS,l,2.0NRT,302.98,1.63,D
23.49692,68.57902,330.39,0.39,0.36,2026-09-21,0837,N20,VIIRS,l,2.0NRT,304.77,2.09,D
30.61767,76.83537,336.04,0.32,0.55,2026-09-21,0839,N20,VIIRS,n,2.0NRT,298.68,1.83,D
32.27012,75.37944,341.02,0.55,0.51,2026-09-21,0839,N20,VIIRS,n,2.0NRT,296.6,7.02,D
28.08778,76.76397,331.16,0.6,0.53,2026-09-21,0839,N20,VIIRS,n,2.0NRT,299.65,4.5,D
29.85735,73.49307,338.52,0.4,0.44,2026-09-21,0839,N20,VIIRS,l,2.0NRT,309.99,1.54,D
27.98956,78.0635,343.51,0.36,0.57,2026-09-21,0839,N20,VIIRS,n,2.0NRT,292.8,2.88,D
31.6198,74.80424,337.8,0.5,0.49,2026-09-21,0839,N20,VIIRS,n,2.0NRT,299.07,3.68,D
26.78736,72.00406,343.41,0.47,0.4,2026-09-21,0839,N20,VIIRS,n,2.0NRT,310.75,28.28,D
31.12406,74.65575,337.36,0.49,0.48,2026-09-21,0839,N20,VIIRS,n,2.0NRT,297.85,6.04,D
30.68269,74.2888,334.25,0.46,0.47,2026-09-21,0839,N20,VIIRS,n,2.0NRT,298.16,2.03,D
31.86408,74.67642,337.54,0.5,0.49,2026-09-21,0839,N20,VIIRS,n,2.0NRT,298.27,4.2,D
31.6217,74.80744,341.5,0.5,0.49,2026-09-21,0839,N20,VIIRS,n,2.0NRT,298.73,6.74,D
27.31803,95.26731,310.05,0.39,0.36,2026-09-21,1923,N20,VIIRS,n,2.0NRT,292.2,2.79,N
26.76107,83.19776,304.18,0.55,0.68,2026-09-21,1923,N20,VIIRS,n,2.0NRT,286.79,1.33,N
25.54404,91.23402,310.64,0.52,0.42,2026-09-21,1923,N20,VIIRS,n,2.0NRT,287.54,1.43,N
27.32679,95.27703,311.46,0.39,0.36,2026-09-21,1923,N20,VIIRS,n,2.0NRT,291.97,3.04,N
23.66593,84.99664,308.09,0.4,0.6,2026-09-21,1925,N20,VIIRS,n,2.0NRT,287.4,1.37,N
22.06528,83.70401,306.74,0.46,0.63,2026-09-21,1925,N20,VIIRS,n,2.0NRT,285.45,0.79,N
22.03953,83.72834,303.28,0.46,0.63,2026-09-21,1925,N20,VIIRS,n,2.0NRT,285.82,0.79,N
22.03915,83.73281,305.33,0.46,0.63,2026-09-21,1925,N20,VIIRS,n,2.0NRT,285.74,0.79,N
22.03253,83.7412,302.28,0.46,0.63,2026-09-21,1925,N20,VIIRS,n,2.0NRT,285.27,1.59,N
22.04011,83.72971,306.5,0.46,0.63,2026-09-21,1925,N20,VIIRS,n,2.0NRT,285.31,1.04,N
22.03969,83.73418,304.02,0.46,0.63,2026-09-21,1925,N20,VIIRS,n,2.0NRT,285.88,1.04,N
22.03302,83.74253,304.56,0.46,0.63,2026-09-21,1925,N20,VIIRS,n,2.0NRT,285.77,1.71,N
22.03843,83.34879,308.43,0.48,0.65,2026-09-21,1925,N20,VIIRS,n,2.0NRT,280.87,2.64,N
22.03123,83.3621,305.5,0.48,0.65,2026-09-21,1925,N20,VIIRS,n,2.0NRT,282.44,2.55,N
21.95664,83.80552,303.49,0.45,0.63,2026-09-21,1925,N20,VIIRS,n,2.0NRT,285.15,1.19,N
21.98777,83.23145,298.24,0.49,0.65,2026-09-21,1925,N20,VIIRS,n,2.0NRT,273.64,0.99,N
22.00417,82.66705,306.21,0.53,0.67,2026-09-21,1925,N20,VIIRS,n,2.0NRT,281.18,1.49,N
21.92808,83.33693,297.23,0.48,0.65,2026-09-21,1925,N20,VIIRS,n,2.0NRT,269.26,0.71,N
21.92126,83.34576,302.56,0.48,0.65,2026-09-21,1925,N20,VIIRS,n,2.0NRT,275.16,1.88,N
21.92085,83.35049,305.05,0.48,0.65,2026-09-21,1925,N20,VIIRS,n,2.0NRT,276.69,2.04,N
21.76513,83.84686,297.17,0.45,0.63,2026-09-21,1925,N20,VIIRS,n,2.0NRT,267.34,0.49,N
21.20082,81.41054,307.1,0.63,0.72,2026-09-21,1925,N20,VIIRS,n,2.0NRT,285.62,2.77,N
21.20035,81.41666,318.91,0.63,0.72,2026-09-21,1925,N20,VIIRS,n,2.0NRT,285.6,2.77,N
21.19633,81.41444,333.65,0.63,0.72,2026-09-21,1925,N20,VIIRS,n,2.0NRT,285.64,4.87,N
21.18554,81.38233,303.29,0.63,0.72,2026-09-21,1925,N20,VIIRS,n,2.0NRT,285.72,2.68,N
22.01427,83.75391,302.69,0.46,0.63,2026-09-21,1925,N20,VIIRS,n,2.0NRT,285.81,0.72,N
24.11657,86.85859,313.92,0.61,0.53,2026-09-21,1925,N20,VIIRS,n,2.0NRT,289.38,2.62,N
24.12167,86.34879,304.97,0.33,0.55,2026-09-21,1925,N20,VIIRS,n,2.0NRT,288.24,0.74,N
23.80524,86.32131,325.54,0.33,0.55,2026-09-21,1925,N20,VIIRS,n,2.0NRT,288.76,2.77,N
23.80458,86.32787,321.69,0.33,0.55,2026-09-21,1925,N20,VIIRS,n,2.0NRT,289.38,4.02,N
23.80425,86.33111,315.86,0.33,0.55,2026-09-21,1925,N20,VIIRS,n,2.0NRT,289.64,2.15,N
23.80231,86.35027,307.72,0.32,0.55,2026-09-21,1925,N20,VIIRS,n,2.0NRT,289.17,1.37,N
23.79725,86.34958,333.26,0.32,0.55,2026-09-21,1925,N20,VIIRS,n,2.0NRT,289.65,1.37,N
23.79693,86.35282,311.24,0.32,0.55,2026-09-21,1925,N20,VIIRS,n,2.0NRT,289.16,1.37,N
23.78325,86.3869,305.28,0.32,0.55,2026-09-21,1925,N20,VIIRS,n,2.0NRT,288.94,1.06,N
23.78293,86.39007,318.06,0.32,0.55,2026-09-21,1925,N20,VIIRS,n,2.0NRT,289.57,1.06,N
23.77821,86.38622,322.75,0.32,0.55,2026-09-21,1925,N20,VIIRS,n,2.0NRT,289.5,2.29,N
23.77789,86.3894,321.49,0.32,0.55,2026-09-21,1925,N20,VIIRS,n,2.0NRT,289.77,2.29,N
23.77541,86.36308,326.63,0.32,0.55,2026-09-21,1925,N20,VIIRS,n,2.0NRT,289.25,2.98,N
23.77509,86.3663,312.23,0.32,0.55,2026-09-21,1925,N20,VIIRS,n,2.0NRT,289.22,2.34,N
23.77158,86.40134,310.08,0.32,0.55,2026-09-21,1925,N20,VIIRS,n,2.0NRT,289.25,1.44,N
23.77126,86.40455,305.15,0.32,0.55,2026-09-21,1925,N20,VIIRS,n,2.0NRT,288.94,1.31,N
23.76622,86.40395,337.5,0.32,0.55,2026-09-21,1925,N20,VIIRS,n,2.0NRT,290.46,2.74,N
23.76749,86.39116,307.29,0.32,0.55,2026-09-21,1925,N20,VIIRS,n,2.0NRT,289.92,2.27,N
23.76654,86.40072,314.57,0.32,0.55,2026-09-21,1925,N20,VIIRS,n,2.0NRT,289.4,2.37,N
23.78091,86.20359,305.06,0.33,0.55,2026-09-21,1925,N20,VIIRS,n,2.0NRT,287.2,1.08,N
23.78058,86.20688,311.99,0.33,0.55,2026-09-21,1925,N20,VIIRS,n,2.0NRT,287.09,1.08,N
23.78026,86.21015,310.71,0.33,0.55,2026-09-21,1925,N20,VIIRS,n,2.0NRT,287.44,1.46,N
23.7615,86.40008,314.51,0.32,0.55,2026-09-21,1925,N20,VIIRS,n,2.0NRT,289.59,2.37,N
23.76118,86.40331,313.49,0.32,0.55,2026-09-21,1925,N20,VIIRS,n,2.0NRT,289.26,2.74,N
23.75487,86.41542,323.06,0.32,0.55,2026-09-21,1925,N20,VIIRS,n,2.0NRT,288.8,1.18,N
23.78125,86.14713,301.72,0.33,0.56,2026-09-21,1925,N20,VIIRS,n,2.0NRT,283.6,0.35,N
23.75678,86.39617,306.41,0.32,0.55,2026-09-21,1925,N20,VIIRS,n,2.0NRT,289.39,1.32,N
23.84043,85.4679,305.31,0.37,0.58,2026-09-21,1925,N20,VIIRS,n,2.0NRT,288.68,1.17,N
23.74983,86.41476,306.37,0.32,0.55,2026-09-21,1925,N20,VIIRS,n,2.0NRT,288.58,1.18,N
23.74952,86.41791,306.01,0.32,0.55,2026-09-21,1925,N20,VIIRS,n,2.0NRT,288.87,1.18,N
23.7379,86.43235,333.95,0.32,0.55,2026-09-21,1925,N20,VIIRS,n,2.0NRT,289.38,3.48,N
23.73821,86.4292,310.29,0.32,0.55,2026-09-21,1925,N20,VIIRS,n,2.0NRT,288.75,2.17,N
23.8247,85.4623,302.78,0.37,0.58,2026-09-21,1925,N20,VIIRS,n,2.0NRT,288.04,0.51,N
23.77507,85.99459,303.35,0.34,0.56,2026-09-21,1925,N20,VIIRS,n,2.0NRT,285.77,0.53,N
23.77475,85.99794,305.08,0.34,0.56,2026-09-21,1925,N20,VIIRS,n,2.0NRT,285.43,0.53,N
23.72723,86.43736,305.92,0.32,0.55,2026-09-21,1925,N20,VIIRS,n,2.0NRT,288.85,1.71,N
23.7222,86.43671,306.37,0.32,0.55,2026-09-21,1925,N20,VIIRS,n,2.0NRT,289.17,0.98,N
23.72189,86.4399,307.11,0.32,0.55,2026-09-21,1925,N20,VIIRS,n,2.0NRT,289.03,0.98,N
23.71871,86.42021,320.8,0.32,0.55,2026-09-21,1925,N20,VIIRS,n,2.0NRT,289.21,2.43,N
23.71655,86.44241,307.72,0.32,0.55,2026-09-21,1925,N20,VIIRS,n,2.0NRT,289,2.15,N
23.71594,86.44875,305.93,0.32,0.55,2026-09-21,1925,N20,VIIRS,n,2.0NRT,289,0.94,N
23.71563,86.45193,310.37,0.32,0.55,2026-09-21,1925,N20,VIIRS,n,2.0NRT,288.98,0.94,N
23.71337,86.42272,310.17,0.32,0.55,2026-09-21,1925,N20,VIIRS,n,2.0NRT,289.2,1.77,N
23.84303,84.94594,306.59,0.4,0.6,2026-09-21,1925,N20,VIIRS,n,2.0NRT,287.36,0.9,N
23.76122,85.86187,313.02,0.35,0.57,2026-09-21,1925,N20,VIIRS,n,2.0NRT,286.9,1.46,N
23.75694,85.85099,312.16,0.35,0.57,2026-09-21,1925,N20,VIIRS,n,2.0NRT,287.34,1.46,N
23.76108,85.85617,304.71,0.35,0.57,2026-09-21,1925,N20,VIIRS,n,2.0NRT,286.92,0.87,N
23.76075,85.85957,310.48,0.35,0.57,2026-09-21,1925,N20,VIIRS,n,2.0NRT,286.77,0.87,N
23.76041,85.86296,304.36,0.35,0.57,2026-09-21,1925,N20,VIIRS,n,2.0NRT,286.46,1.3,N
23.7562,85.8521,313.66,0.35,0.57,2026-09-21,1925,N20,VIIRS,n,2.0NRT,288.08,1.46,N
23.82723,84.93855,303.67,0.4,0.6,2026-09-21,1925,N20,VIIRS,n,2.0NRT,287.46,1.08,N
23.68652,86.39082,312.64,0.32,0.55,2026-09-21,1925,N20,VIIRS,n,2.0NRT,283.85,1.47,N
23.68618,86.3941,307.12,0.32,0.55,2026-09-21,1925,N20,VIIRS,n,2.0NRT,283.75,0.96,N
23.82629,84.57082,307.89,0.42,0.61,2026-09-21,1925,N20,VIIRS,n,2.0NRT,286.88,1.8,N
23.68113,86.08246,312.48,0.34,0.56,2026-09-21,1925,N20,VIIRS,n,2.0NRT,284.62,1.89,N
23.6808,86.08578,303.65,0.34,0.56,2026-09-21,1925,N20,VIIRS,n,2.0NRT,284.5,1.22,N
23.68048,86.08911,303.7,0.34,0.56,2026-09-21,1925,N20,VIIRS,n,2.0NRT,284.36,1.22,N
23.68016,86.09242,309.08,0.34,0.56,2026-09-21,1925,N20,VIIRS,n,2.0NRT,284.09,1.27,N
23.67984,86.09573,312.27,0.34,0.56,2026-09-21,1925,N20,VIIRS,n,2.0NRT,284.05,1.27,N
23.67919,86.10237,306.71,0.34,0.56,2026-09-21,1925,N20,VIIRS,n,2.0NRT,283.85,1.76,N
23.66987,86.09123,306.82,0.34,0.56,2026-09-21,1925,N20,VIIRS,n,2.0NRT,284.06,0.79,N
23.63469,86.29431,302.2,0.33,0.55,2026-09-21,1925,N20,VIIRS,n,2.0NRT,279,0.63,N
23.69622,85.28735,308.64,0.38,0.59,2026-09-21,1925,N20,VIIRS,n,2.0NRT,286.75,1.12,N
23.48857,87.36375,305.55,0.55,0.51,2026-09-21,1925,N20,VIIRS,n,2.0NRT,288.43,2.95,N
23.69954,85.28898,304.4,0.38,0.59,2026-09-21,1925,N20,VIIRS,n,2.0NRT,286.76,0.94,N
23.48737,87.36256,313.36,0.55,0.51,2026-09-21,1925,N20,VIIRS,n,2.0NRT,288.32,4.3,N
23.67439,85.32388,302.05,0.38,0.58,2026-09-21,1925,N20,VIIRS,n,2.0NRT,285.65,0.73,N
23.67179,84.99335,303.06,0.4,0.6,2026-09-21,1925,N20,VIIRS,n,2.0NRT,287.3,1.08,N
23.60892,85.67416,303.66,0.36,0.57,2026-09-21,1925,N20,VIIRS,n,2.0NRT,286.26,0.73,N
28.34797,77.23263,305.08,0.41,0.45,2026-09-21,2104,N20,VIIRS,n,2.0NRT,294.65,0.71,N
28.34697,77.2583,305.14,0.41,0.45,2026-09-21,2104,N20,VIIRS,n,2.0NRT,294.78,0.62,N
28.3468,77.2799,305.5,0.41,0.45,2026-09-21,2104,N20,VIIRS,n,2.0NRT,295.3,1.06,N
28.37472,77.22655,318.41,0.41,0.45,2026-09-21,2104,N20,VIIRS,n,2.0NRT,294.4,1.57,N
28.64898,77.56065,303.9,0.42,0.45,2026-09-21,2104,N20,VIIRS,n,2.0NRT,293.18,0.41,N
28.65606,77.58929,304.25,0.42,0.45,2026-09-21,2104,N20,VIIRS,n,2.0NRT,293.6,0.45,N
28.67351,77.56715,306.04,0.42,0.45,2026-09-21,2104,N20,VIIRS,n,2.0NRT,293.57,0.83,N
28.83649,77.13825,315.63,0.4,0.44,2026-09-21,2104,N20,VIIRS,n,2.0NRT,293.9,1.35,N
28.88255,77.03365,305.65,0.39,0.44,2026-09-21,2104,N20,VIIRS,n,2.0NRT,293.8,0.7,N
31.24974,76.92843,302.18,0.53,0.42,2026-09-21,2104,N20,VIIRS,n,2.0NRT,290.02,0.61,N
31.25829,76.92533,302.13,0.53,0.42,2026-09-21,2104,N20,VIIRS,n,2.0NRT,290.49,1.2,N
23.40797,72.41836,306.31,0.43,0.38,2026-09-21,2106,N20,VIIRS,n,2.0NRT,293.89,0.4,N
21.43612,81.45298,296.76,0.52,0.66,2026-09-21,2106,N20,VIIRS,n,2.0NRT,285.67,4.06,N
21.43414,81.45409,295.71,0.52,0.67,2026-09-21,2106,N20,VIIRS,n,2.0NRT,285.51,1.68,N
22.97935,72.56383,306.35,0.44,0.38,2026-09-21,2106,N20,VIIRS,n,2.0NRT,293.77,0.84,N
23.31524,70.48627,311.4,0.39,0.36,2026-09-21,2106,N20,VIIRS,n,2.0NRT,297.14,0.97,N
23.30656,70.47691,308.87,0.39,0.36,2026-09-21,2106,N20,VIIRS,n,2.0NRT,297.31,0.62,N
23.26708,70.25806,309.99,0.39,0.36,2026-09-21,2106,N20,VIIRS,n,2.0NRT,296.77,0.77,N
24.93276,74.63294,309.21,0.51,0.41,2026-09-21,2106,N20,VIIRS,n,2.0NRT,295.73,1.52,N
23.0578,69.99329,306.65,0.38,0.36,2026-09-21,2106,N20,VIIRS,n,2.0NRT,294.97,0.16,N
21.25109,79.20773,312.8,0.37,0.58,2026-09-21,2106,N20,VIIRS,n,2.0NRT,283.13,1.27,N
21.24798,79.22184,298.87,0.38,0.58,2026-09-21,2106,N20,VIIRS,n,2.0NRT,278.8,0.47,N
22.93458,69.69647,335.79,0.38,0.36,2026-09-21,2106,N20,VIIRS,n,2.0NRT,296.31,3.6,N
22.93399,69.70019,313.54,0.38,0.36,2026-09-21,2106,N20,VIIRS,n,2.0NRT,296.29,1.16,N
22.93341,69.7039,310.9,0.38,0.36,2026-09-21,2106,N20,VIIRS,n,2.0NRT,296.27,1.16,N
22.93129,69.69586,308.78,0.38,0.36,2026-09-21,2106,N20,VIIRS,n,2.0NRT,296.11,0.62,N
22.65495,70.98211,308.66,0.4,0.37,2026-09-21,2106,N20,VIIRS,n,2.0NRT,293.2,1.46,N
22.42991,69.83396,306.11,0.38,0.36,2026-09-21,2106,N20,VIIRS,n,2.0NRT,289.6,1.21,N
20.70655,78.62124,320.73,0.35,0.57,2026-09-21,2106,N20,VIIRS,n,2.0NRT,284.87,1.62,N
22.33082,69.74847,304.98,0.38,0.36,2026-09-21,2106,N20,VIIRS,n,2.0NRT,290.86,1.63,N
22.41818,69.04017,325.62,0.39,0.36,2026-09-21,2106,N20,VIIRS,n,2.0NRT,293.49,2.63,N
22.31189,69.71835,314.59,0.38,0.36,2026-09-21,2106,N20,VIIRS,n,2.0NRT,291.74,1.78,N
22.41488,69.03958,315.1,0.39,0.36,2026-09-21,2106,N20,VIIRS,n,2.0NRT,293.56,1.83,N
22.26583,75.13088,304.65,0.4,0.44,2026-09-21,2106,N20,VIIRS,n,2.0NRT,292.79,2.74,N
23.16705,82.33451,304.59,0.54,0.68,2026-09-21,2106,N20,VIIRS,n,2.0NRT,276.82,2.77,N
23.16578,82.33973,312.99,0.54,0.68,2026-09-21,2106,N20,VIIRS,n,2.0NRT,275.97,3.2,N
24.82328,73.09241,308.59,0.44,0.38,2026-09-21,2106,N20,VIIRS,n,2.0NRT,297.89,1.19,N
24.81981,73.09165,309.3,0.44,0.38,2026-09-21,2106,N20,VIIRS,n,2.0NRT,297,1.17,N
24.68986,73.00354,312.84,0.44,0.38,2026-09-21,2106,N20,VIIRS,n,2.0NRT,296.47,1.81,N
22.31516,82.52596,302,0.58,0.69,2026-09-21,2106,N20,VIIRS,n,2.0NRT,282.1,1.74,N
22.15615,82.09446,302.99,0.55,0.68,2026-09-21,2106,N20,VIIRS,n,2.0NRT,285.24,0.66,N
22.15702,82.09418,303.05,0.55,0.68,2026-09-21,2106,N20,VIIRS,n,2.0NRT,284.68,0.71,N
22.00515,82.67095,304.18,0.6,0.7,2026-09-21,2106,N20,VIIRS,n,2.0NRT,278.92,2.23,N
21.80349,82.03969,308.65,0.55,0.68,2026-09-21,2106,N20,VIIRS,n,2.0NRT,284.23,1.7,N
26.70294,77.84972,307.33,0.48,0.48,2026-09-21,2106,N20,VIIRS,n,2.0NRT,293.23,1.09,N
27.082,73.81743,309.84,0.44,0.38,2026-09-21,2106,N20,VIIRS,n,2.0NRT,299.18,1.59,N
26.92882,73.4678,308.43,0.43,0.38,2026-09-21,2106,N20,VIIRS,n,2.0NRT,296.88,1.95,N
26.87756,73.51419,311.53,0.43,0.38,2026-09-21,2106,N20,VIIRS,n,2.0NRT,296.74,2.54,N
26.87334,73.51772,309.03,0.43,0.38,2026-09-21,2106,N20,VIIRS,n,2.0NRT,296.88,1.53,N
26.25848,74.09664,310.76,0.46,0.39,2026-09-21,2106,N20,VIIRS,n,2.0NRT,297.91,1.37,N
24.20258,82.71246,295.76,0.54,0.68,2026-09-21,2106,N20,VIIRS,n,2.0NRT,276.84,1.16,N
24.1955,82.71491,296.58,0.54,0.68,2026-09-21,2106,N20,VIIRS,n,2.0NRT,277.51,1.52,N
24.19624,82.71214,296.82,0.54,0.68,2026-09-21,2106,N20,VIIRS,n,2.0NRT,276.8,0.68,N
24.16731,80.69353,301.4,0.4,0.6,2026-09-21,2106,N20,VIIRS,n,2.0NRT,286.78,0.43,N
24.05352,80.61334,302.98,0.4,0.6,2026-09-21,2106,N20,VIIRS,n,2.0NRT,287.06,0.68,N
21.10137,72.63644,331.93,0.46,0.39,2026-09-21,2108,N20,VIIRS,n,2.0NRT,292.65,2.42,N
21.10494,72.63717,306.68,0.46,0.39,2026-09-21,2108,N20,VIIRS,n,2.0NRT,292,2.42,N
21.10851,72.63789,309.48,0.46,0.39,2026-09-21,2108,N20,VIIRS,n,2.0NRT,292.63,1.27,N
21.1093,72.63351,319.2,0.46,0.39,2026-09-21,2108,N20,VIIRS,n,2.0NRT,292.04,2.11,N
21.10694,72.64667,343.91,0.46,0.39,2026-09-21,2108,N20,VIIRS,n,2.0NRT,293.7,9.7,N
21.11209,72.63861,311.76,0.46,0.39,2026-09-21,2108,N20,VIIRS,n,2.0NRT,292.31,1.27,N
19.9305,79.12119,295.19,0.39,0.6,2026-09-21,2108,N20,VIIRS,n,2.0NRT,271.14,0.63,N
20.91079,71.45905,308.19,0.42,0.38,2026-09-21,2108,N20,VIIRS,n,2.0NRT,291.06,1.41,N
19.78572,79.14767,302.44,0.4,0.6,2026-09-21,2108,N20,VIIRS,n,2.0NRT,282.16,0.61,N
21.10336,72.64594,319.02,0.46,0.39,2026-09-21,2108,N20,VIIRS,n,2.0NRT,291.77,2.8,N
20.35523,72.95116,313.28,0.49,0.4,2026-09-21,2108,N20,VIIRS,n,2.0NRT,289.89,1.39,N
19.93583,73.71186,310.14,0.54,0.42,2026-09-21,2108,N20,VIIRS,n,2.0NRT,287.98,2.14,N
18.68796,73.03196,302.9,0.52,0.42,2026-09-21,2108,N20,VIIRS,n,2.0NRT,283.35,1.7,N
18.68419,73.03121,302.18,0.52,0.42,2026-09-21,2108,N20,VIIRS,n,2.0NRT,282.63,1.43,N
18.68331,73.03606,309.33,0.52,0.42,2026-09-21,2108,N20,VIIRS,n,2.0NRT,283.5,1.43,N
18.68243,73.04094,300.89,0.52,0.42,2026-09-21,2108,N20,VIIRS,n,2.0NRT,282.47,1.68,N
15.66,73.98991,311.53,0.44,0.46,2026-09-21,2108,N20,VIIRS,n,2.0NRT,287.33,1.52,N
20.86711,70.5666,307.48,0.4,0.37,2026-09-21,2108,N20,VIIRS,n,2.0NRT,292.31,1.05,N
27.67933,96.23577,343.82,0.41,0.37,2026-09-22,0640,N20,VIIRS,n,2.0NRT,298.44,9.52,D
27.77324,96.29646,334.46,0.41,0.37,2026-09-22,0640,N20,VIIRS,n,2.0NRT,297.46,4.42,D
27.3772,95.33336,332.58,0.44,0.38,2026-09-22,0640,N20,VIIRS,n,2.0NRT,296.22,5.71,D
9.86792,77.45,336.33,0.38,0.36,2026-09-22,0816,N20,VIIRS,n,2.0NRT,298.06,3.74,D
8.40038,78.04769,338.12,0.39,0.36,2026-09-22,0816,N20,VIIRS,n,2.0NRT,300.27,3.46,D
8.66189,78.04949,348.41,0.39,0.36,2026-09-22,0816,N20,VIIRS,n,2.0NRT,300.71,4.96,D
8.8344,78.08942,341.74,0.39,0.36,2026-09-22,0816,N20,VIIRS,n,2.0NRT,305.79,7.17,D
8.91272,77.51103,335.5,0.38,0.36,2026-09-22,0816,N20,VIIRS,n,2.0NRT,300.37,1.83,D
8.9238,77.49513,340.64,0.38,0.36,2026-09-22,0816,N20,VIIRS,n,2.0NRT,301,2.81,D
9.0019,77.67091,336.8,0.38,0.36,2026-09-22,0816,N20,VIIRS,n,2.0NRT,304.05,2.41,D
9.64433,77.74282,340.2,0.39,0.36,2026-09-22,0816,N20,VIIRS,n,2.0NRT,302.66,1.71,D
9.64763,77.74231,336.31,0.39,0.36,2026-09-22,0816,N20,VIIRS,n,2.0NRT,299.81,1.71,D
10.12011,78.72713,331.96,0.4,0.37,2026-09-22,0816,N20,VIIRS,n,2.0NRT,293.63,2.46,D
10.84744,77.61841,334.59,0.39,0.36,2026-09-22,0816,N20,VIIRS,n,2.0NRT,297.67,3.13,D
11.0276,77.41729,345.32,0.39,0.36,2026-09-22,0816,N20,VIIRS,n,2.0NRT,295.19,5.29,D
11.30747,77.65325,334.43,0.39,0.36,2026-09-22,0816,N20,VIIRS,n,2.0NRT,285.58,2.54,D
13.81559,76.18983,331.81,0.38,0.36,2026-09-22,0816,N20,VIIRS,l,2.0NRT,303.28,1.64,D
14.1772,75.44983,332.04,0.39,0.36,2026-09-22,0816,N20,VIIRS,n,2.0NRT,300.47,3.72,D
15.37849,75.08906,334.27,0.39,0.36,2026-09-22,0818,N20,VIIRS,l,2.0NRT,304.54,3.84,D
15.34006,75.16909,331.12,0.39,0.36,2026-09-22,0818,N20,VIIRS,l,2.0NRT,302.67,1.92,D
17.47583,78.89429,327.93,0.47,0.4,2026-09-22,0818,N20,VIIRS,n,2.0NRT,279.97,3.44,D
19.91965,75.23198,334.05,0.38,0.36,2026-09-22,0818,N20,VIIRS,n,2.0NRT,296.74,2.04,D
17.33474,75.4758,330.57,0.38,0.36,2026-09-22,0818,N20,VIIRS,n,2.0NRT,296.92,1.49,D
15.31029,75.17403,333.15,0.39,0.36,2026-09-22,0818,N20,VIIRS,l,2.0NRT,304.49,1.69,D
23.16337,70.15914,331.5,0.49,0.4,2026-09-22,0820,N20,VIIRS,l,2.0NRT,305.51,2.07,D
25.84099,81.26147,336.27,0.54,0.51,2026-09-22,0820,N20,VIIRS,n,2.0NRT,293.04,4.71,D
26.53267,77.72529,333.73,0.52,0.41,2026-09-22,0820,N20,VIIRS,n,2.0NRT,298.89,2.51,D
26.22751,74.20727,333.55,0.39,0.36,2026-09-22,0820,N20,VIIRS,l,2.0NRT,305.16,2.25,D
22.94288,75.72162,339.25,0.4,0.37,2026-09-22,0820,N20,VIIRS,n,2.0NRT,306.6,3.47,D
26.99854,73.95732,339.15,0.39,0.36,2026-09-22,0820,N20,VIIRS,l,2.0NRT,313.1,3.82,D
27.81773,77.43873,330.94,0.52,0.41,2026-09-22,0820,N20,VIIRS,n,2.0NRT,298.1,2.07,D
27.89835,76.81835,333.98,0.48,0.4,2026-09-22,0820,N20,VIIRS,l,2.0NRT,307.76,2.89,D
27.89713,76.81608,333.64,0.48,0.4,2026-09-22,0820,N20,VIIRS,l,2.0NRT,307.57,2.86,D
28.25886,76.19051,335.21,0.46,0.39,2026-09-22,0820,N20,VIIRS,l,2.0NRT,308.25,1.15,D
22.95232,75.78792,335.98,0.4,0.37,2026-09-22,0820,N20,VIIRS,n,2.0NRT,305.34,3.2,D
22.91127,75.5249,331.18,0.4,0.37,2026-09-22,0820,N20,VIIRS,l,2.0NRT,305.03,3.86,D
22.92947,75.7,333.24,0.4,0.37,2026-09-22,0820,N20,VIIRS,l,2.0NRT,304.51,1.61,D
22.84245,75.37941,330.15,0.39,0.37,2026-09-22,0820,N20,VIIRS,n,2.0NRT,299.58,2.23,D
22.86549,76.1124,331.11,0.41,0.37,2026-09-22,0820,N20,VIIRS,l,2.0NRT,303.82,2.46,D
22.86431,76.12888,335.44,0.41,0.37,2026-09-22,0820,N20,VIIRS,n,2.0NRT,301.94,2.99,D
22.73458,75.26518,336.91,0.39,0.36,2026-09-22,0820,N20,VIIRS,n,2.0NRT,304.3,5.2,D
22.67151,75.58092,333.57,0.4,0.37,2026-09-22,0820,N20,VIIRS,l,2.0NRT,304.04,2.13,D
22.57981,75.41228,335.77,0.39,0.36,2026-09-22,0820,N20,VIIRS,n,2.0NRT,304.26,2.61,D
22.53531,75.45873,330.55,0.39,0.37,2026-09-22,0820,N20,VIIRS,l,2.0NRT,303.27,3.76,D
22.52869,75.43645,330.78,0.39,0.36,2026-09-22,0820,N20,VIIRS,l,2.0NRT,302,2.29,D
23.03276,75.68729,335.43,0.4,0.37,2026-09-22,0820,N20,VIIRS,l,2.0NRT,307.29,1.92,D
22.3562,82.30109,335.24,0.57,0.52,2026-09-22,0820,N20,VIIRS,n,2.0NRT,285.64,12.31,D
22.11861,75.29721,334.03,0.39,0.36,2026-09-22,0820,N20,VIIRS,n,2.0NRT,299.23,3.58,D
23.03613,75.68673,333.01,0.4,0.37,2026-09-22,0820,N20,VIIRS,l,2.0NRT,305.57,1.92,D
23.09834,75.7123,334.19,0.4,0.37,2026-09-22,0820,N20,VIIRS,n,2.0NRT,305.25,1.87,D
23.06311,75.46835,330.78,0.4,0.37,2026-09-22,0820,N20,VIIRS,l,2.0NRT,305.74,1.73,D
23.06366,75.44855,331.54,0.4,0.37,2026-09-22,0820,N20,VIIRS,l,2.0NRT,302.92,2.26,D
23.35689,75.066,345.01,0.39,0.36,2026-09-22,0820,N20,VIIRS,n,2.0NRT,302.87,3.49,D
31.52064,74.91309,330.99,0.44,0.38,2026-09-22,0822,N20,VIIRS,n,2.0NRT,298.17,2.24,D
31.54176,74.82206,330.5,0.44,0.38,2026-09-22,0822,N20,VIIRS,l,2.0NRT,301.23,2.75,D
31.64179,75.04122,346.35,0.45,0.39,2026-09-22,0822,N20,VIIRS,n,2.0NRT,300.99,4.67,D
31.1071,74.66666,330.19,0.43,0.38,2026-09-22,0822,N20,VIIRS,l,2.0NRT,302.03,3.24,D
31.16594,76.26553,341.24,0.5,0.41,2026-09-22,0822,N20,VIIRS,n,2.0NRT,304.75,5.78,D
27.37811,95.33421,328.99,0.4,0.44,2026-09-22,1904,N20,VIIRS,n,2.0NRT,283.28,3.45,N
28.74297,76.92613,306.72,0.39,0.36,2026-09-22,2046,N20,VIIRS,n,2.0NRT,295.94,0.98,N
28.70981,76.85802,310.94,0.39,0.36,2026-09-22,2046,N20,VIIRS,n,2.0NRT,296.44,1.24,N
28.34651,77.25862,308.99,0.39,0.37,2026-09-22,2046,N20,VIIRS,n,2.0NRT,296.89,0.76,N
28.34788,77.23004,308.54,0.39,0.37,2026-09-22,2046,N20,VIIRS,n,2.0NRT,296.05,0.89,N
27.66992,76.12906,315.22,0.38,0.36,2026-09-22,2046,N20,VIIRS,n,2.0NRT,299.31,2.41,N
27.28969,73.83908,313.89,0.4,0.37,2026-09-22,2046,N20,VIIRS,n,2.0NRT,298.58,1.37,N
26.9268,73.46874,308.97,0.41,0.37,2026-09-22,2046,N20,VIIRS,n,2.0NRT,296.74,1.64,N
26.87829,73.51489,314.04,0.41,0.37,2026-09-22,2046,N20,VIIRS,n,2.0NRT,297.31,2.14,N
26.25769,74.09503,315.48,0.39,0.37,2026-09-22,2046,N20,VIIRS,n,2.0NRT,298.35,1.94,N
23.66947,86.93382,305.5,0.51,0.66,2026-09-22,2046,N20,VIIRS,n,2.0NRT,273.98,1.58,N
23.66706,86.93494,306.1,0.51,0.66,2026-09-22,2046,N20,VIIRS,n,2.0NRT,274.04,1.43,N
24.19917,82.71528,305.45,0.54,0.51,2026-09-22,2046,N20,VIIRS,n,2.0NRT,276.81,1.24,N
25.9437,72.19227,309.83,0.45,0.39,2026-09-22,2046,N20,VIIRS,n,2.0NRT,299.75,1.54,N
22.80246,86.08895,308.09,0.47,0.64,2026-09-22,2046,N20,VIIRS,n,2.0NRT,276.12,1.96,N
22.80283,86.09015,304.68,0.47,0.64,2026-09-22,2046,N20,VIIRS,n,2.0NRT,275.74,2.95,N
24.9358,74.63286,307.96,0.39,0.36,2026-09-22,2046,N20,VIIRS,n,2.0NRT,296.52,0.89,N
24.93251,74.63224,306.99,0.39,0.36,2026-09-22,2046,N20,VIIRS,n,2.0NRT,296.08,0.89,N
24.76304,74.60619,315.77,0.38,0.36,2026-09-22,2046,N20,VIIRS,n,2.0NRT,295.31,1.22,N
31.25109,76.93018,302.94,0.38,0.36,2026-09-22,2046,N20,VIIRS,n,2.0NRT,290.28,0.56,N
28.85291,77.14941,307.86,0.39,0.36,2026-09-22,2046,N20,VIIRS,n,2.0NRT,296.35,0.61,N
28.77274,77.56689,320.87,0.4,0.37,2026-09-22,2046,N20,VIIRS,n,2.0NRT,296.36,1.88,N
28.8086,76.8382,307.61,0.39,0.36,2026-09-22,2046,N20,VIIRS,n,2.0NRT,296.15,1.01,N
28.65632,77.58835,306.26,0.4,0.37,2026-09-22,2046,N20,VIIRS,n,2.0NRT,296.09,0.64,N
28.65042,77.56196,308.4,0.4,0.37,2026-09-22,2046,N20,VIIRS,n,2.0NRT,296.52,0.72,N
28.7731,76.70076,315.99,0.39,0.36,2026-09-22,2046,N20,VIIRS,n,2.0NRT,296.64,1.19,N
22.33889,69.85475,309.11,0.53,0.42,2026-09-22,2049,N20,VIIRS,n,2.0NRT,297.57,2.17,N
22.41789,69.03757,319.53,0.39,0.44,2026-09-22,2049,N20,VIIRS,n,2.0NRT,296.08,1.85,N
21.43204,72.97727,305.11,0.39,0.36,2026-09-22,2049,N20,VIIRS,n,2.0NRT,291.29,0.84,N
21.26382,72.94082,309.93,0.39,0.36,2026-09-22,2049,N20,VIIRS,n,2.0NRT,293.55,0.86,N
21.27218,72.86941,307.44,0.39,0.37,2026-09-22,2049,N20,VIIRS,n,2.0NRT,292.41,0.5,N
21.11271,72.63627,313.53,0.4,0.37,2026-09-22,2049,N20,VIIRS,n,2.0NRT,293.12,1.28,N
21.10766,72.64713,323.22,0.4,0.37,2026-09-22,2049,N20,VIIRS,n,2.0NRT,292.2,3.56,N
21.10431,72.64656,329.03,0.4,0.37,2026-09-22,2049,N20,VIIRS,n,2.0NRT,292.39,3.56,N
21.10487,72.64275,315.58,0.4,0.37,2026-09-22,2049,N20,VIIRS,n,2.0NRT,291.2,4.39,N
21.10265,72.63455,339.05,0.4,0.37,2026-09-22,2049,N20,VIIRS,n,2.0NRT,294.29,4.16,N
20.91017,71.45959,306.11,0.43,0.38,2026-09-22,2049,N20,VIIRS,n,2.0NRT,287.78,0.69,N
18.80337,74.26009,323.71,0.39,0.36,2026-09-22,2049,N20,VIIRS,n,2.0NRT,285.15,1.6,N
22.93286,69.69775,314.02,0.54,0.42,2026-09-22,2049,N20,VIIRS,n,2.0NRT,296.08,1.61,N
23.28314,72.4164,310.22,0.42,0.37,2026-09-22,2049,N20,VIIRS,n,2.0NRT,294.77,0.81,N
24.69213,73.00185,306.82,0.41,0.37,2026-09-22,2049,N20,VIIRS,n,2.0NRT,294.02,1.45,N
24.71566,74.67107,304.34,0.38,0.36,2026-09-22,2049,N20,VIIRS,n,2.0NRT,293.48,0.67,N
24.82199,73.09334,309.38,0.41,0.37,2026-09-22,2049,N20,VIIRS,n,2.0NRT,290.54,1.28,N
15.65777,73.98866,314.08,0.4,0.37,2026-09-22,2051,N20,VIIRS,n,2.0NRT,282.08,1.22,N
12.74605,77.61694,295.77,0.42,0.45,2026-09-22,2051,N20,VIIRS,n,2.0NRT,278.5,0.59,N
8.91747,78.07575,332.13,0.52,0.42,2026-09-23,0756,N20,VIIRS,l,2.0NRT,291.21,6.24,D
21.10574,72.64767,344.02,0.47,0.48,2026-09-23,0758,N20,VIIRS,n,2.0NRT,298.18,6.6,D
21.10402,72.63878,341.32,0.47,0.48,2026-09-23,0758,N20,VIIRS,n,2.0NRT,296.57,11.77,D
21.10316,72.63433,339.89,0.47,0.48,2026-09-23,0758,N20,VIIRS,n,2.0NRT,297.53,8.46,D
22.5447,75.89993,333.42,0.45,0.39,2026-09-23,0758,N20,VIIRS,n,2.0NRT,302.96,2.94,D
22.6736,75.88835,332.58,0.45,0.39,2026-09-23,0758,N20,VIIRS,n,2.0NRT,303.36,2.16,D
22.63768,75.44591,330.41,0.47,0.4,2026-09-23,0758,N20,VIIRS,l,2.0NRT,304,2.92,D
22.73318,75.29805,332.79,0.47,0.4,2026-09-23,0758,N20,VIIRS,n,2.0NRT,302.95,1.78,D
22.8869,75.75343,330.97,0.45,0.39,2026-09-23,0758,N20,VIIRS,l,2.0NRT,305.44,1.89,D
22.9093,75.82033,331.01,0.45,0.39,2026-09-23,0758,N20,VIIRS,l,2.0NRT,304.86,1.79,D
22.96249,75.97882,332.73,0.44,0.38,2026-09-23,0758,N20,VIIRS,n,2.0NRT,303.76,1.64,D
22.87031,75.41198,336.57,0.47,0.39,2026-09-23,0758,N20,VIIRS,n,2.0NRT,305.75,2.34,D
22.86753,75.37542,334.73,0.47,0.4,2026-09-23,0758,N20,VIIRS,l,2.0NRT,306.62,2.75,D
22.9378,75.75357,333.67,0.45,0.39,2026-09-23,0758,N20,VIIRS,l,2.0NRT,306,1.78,D
22.90878,75.58794,332.69,0.46,0.39,2026-09-23,0758,N20,VIIRS,l,2.0NRT,303.47,3.5,D
22.96824,75.76083,334.39,0.45,0.39,2026-09-23,0758,N20,VIIRS,l,2.0NRT,305.68,2.22,D
21.76,84.02171,338.19,0.55,0.43,2026-09-23,0758,N20,VIIRS,n,2.0NRT,292.74,11.6,D
23.04512,75.70152,331.33,0.45,0.39,2026-09-23,0758,N20,VIIRS,l,2.0NRT,304.98,2.9,D
23.28215,76.15114,334.62,0.43,0.38,2026-09-23,0758,N20,VIIRS,n,2.0NRT,304.87,1.53,D
21.76391,84.02116,329.27,0.55,0.43,2026-09-23,0758,N20,VIIRS,n,2.0NRT,292.89,7.47,D
21.74591,83.84197,337.45,0.54,0.42,2026-09-23,0758,N20,VIIRS,n,2.0NRT,290.95,7.04,D
21.7543,83.84614,329.5,0.54,0.42,2026-09-23,0758,N20,VIIRS,n,2.0NRT,289.79,3.22,D
22.0394,83.72916,331.83,0.53,0.42,2026-09-23,0758,N20,VIIRS,n,2.0NRT,289.34,7.14,D
22.04193,83.73155,332.56,0.53,0.42,2026-09-23,0758,N20,VIIRS,n,2.0NRT,287.68,7.42,D
30.2532,74.24962,340.57,0.43,0.38,2026-09-23,0801,N20,VIIRS,n,2.0NRT,305.01,3.67,D
31.36038,75.98373,330.14,0.39,0.36,2026-09-23,0801,N20,VIIRS,l,2.0NRT,301.06,2.02,D
31.45688,74.87747,332.45,0.4,0.37,2026-09-23,0801,N20,VIIRS,n,2.0NRT,299.69,3.83,D
30.13441,74.46088,331.81,0.42,0.38,2026-09-23,0801,N20,VIIRS,l,2.0NRT,305.79,2.36,D
24.00794,71.30653,340.89,0.5,0.49,2026-09-23,0801,N20,VIIRS,n,2.0NRT,304.18,2.27,D
26.53399,77.68007,335.77,0.38,0.36,2026-09-23,0801,N20,VIIRS,n,2.0NRT,301.7,2.72,D
27.51308,78.42581,330.4,0.39,0.36,2026-09-23,0801,N20,VIIRS,n,2.0NRT,301.49,2.87,D
26.6337,72.26392,345.23,0.39,0.44,2026-09-23,0801,N20,VIIRS,n,2.0NRT,315,7.22,D
26.63295,72.26003,345.97,0.39,0.44,2026-09-23,0801,N20,VIIRS,l,2.0NRT,315.99,7.41,D
26.63767,72.26295,345.85,0.39,0.44,2026-09-23,0801,N20,VIIRS,n,2.0NRT,315.78,9.69,D
27.95617,77.70888,331.32,0.38,0.36,2026-09-23,0801,N20,VIIRS,l,2.0NRT,304.06,1.94,D
28.13097,77.62788,334.92,0.38,0.36,2026-09-23,0801,N20,VIIRS,n,2.0NRT,303.73,4.83,D
28.39633,78.19869,332.71,0.39,0.36,2026-09-23,0801,N20,VIIRS,n,2.0NRT,302.58,2.17,D
28.0389,75.06685,343.65,0.42,0.38,2026-09-23,0801,N20,VIIRS,n,2.0NRT,313.23,8.84,D
28.63872,78.51069,335.13,0.39,0.36,2026-09-23,0801,N20,VIIRS,n,2.0NRT,302.64,2.28,D
28.80413,76.91926,334.76,0.39,0.36,2026-09-23,0801,N20,VIIRS,l,2.0NRT,305.59,3.16,D
29.77915,74.83432,339.14,0.41,0.37,2026-09-23,0801,N20,VIIRS,n,2.0NRT,305.63,2.45,D
29.78398,74.842,334.03,0.41,0.37,2026-09-23,0801,N20,VIIRS,l,2.0NRT,304.18,1.87,D
29.78326,74.83778,332.84,0.41,0.37,2026-09-23,0801,N20,VIIRS,l,2.0NRT,305.36,1.87,D
29.78665,74.83701,339.06,0.41,0.37,2026-09-23,0801,N20,VIIRS,n,2.0NRT,305.27,1.87,D
30.04757,74.77618,336.95,0.41,0.37,2026-09-23,0801,N20,VIIRS,l,2.0NRT,307.17,4.55,D
30.12758,74.46244,350.12,0.42,0.38,2026-09-23,0801,N20,VIIRS,n,2.0NRT,305.79,11.09,D
30.13025,74.45735,335.52,0.42,0.38,2026-09-23,0801,N20,VIIRS,n,2.0NRT,305.29,5.16,D
30.131,74.46166,355.45,0.42,0.38,2026-09-23,0801,N20,VIIRS,l,2.0NRT,308.18,11.09,D
30.24977,74.25041,347.11,0.43,0.38,2026-09-23,0801,N20,VIIRS,n,2.0NRT,305.4,3.67,D
19.96283,79.33596,332.47,0.38,0.36,2026-09-23,0801,N20,VIIRS,n,2.0NRT,284.71,2.12,D
30.25396,74.25399,338.16,0.43,0.38,2026-09-23,0801,N20,VIIRS,n,2.0NRT,305.08,4.92,D
31.68953,75.25529,345.18,0.39,0.36,2026-09-23,0803,N20,VIIRS,n,2.0NRT,300.61,5.6,D
31.8049,75.02044,336.74,0.4,0.37,2026-09-23,0803,N20,VIIRS,n,2.0NRT,301.02,3.42,D
31.7521,74.68208,332.46,0.4,0.37,2026-09-23,0803,N20,VIIRS,n,2.0NRT,299.76,1.82,D
31.8723,74.68575,332.25,0.4,0.37,2026-09-23,0803,N20,VIIRS,n,2.0NRT,300.18,2.98,D
25.11549,93.83469,307.6,0.45,0.63,2026-09-23,1845,N20,VIIRS,n,2.0NRT,286.29,1.28,N
31.48888,75.05453,320.27,0.42,0.46,2026-09-23,2025,N20,VIIRS,n,2.0NRT,294.66,1.95,N
31.25913,76.92434,301.03,0.51,0.41,2026-09-23,2025,N20,VIIRS,n,2.0NRT,290.38,1.22,N
26.60619,73.68221,308.11,0.45,0.47,2026-09-23,2027,N20,VIIRS,n,2.0NRT,297.92,1.58,N
28.89342,78.85453,308.62,0.41,0.37,2026-09-23,2027,N20,VIIRS,n,2.0NRT,294.94,1.03,N
28.7444,76.92877,309.74,0.48,0.4,2026-09-23,2027,N20,VIIRS,n,2.0NRT,296.43,1.32,N
28.65901,77.58726,308.6,0.45,0.39,2026-09-23,2027,N20,VIIRS,n,2.0NRT,295.29,0.7,N
28.71257,76.83175,308.29,0.48,0.4,2026-09-23,2027,N20,VIIRS,n,2.0NRT,296.79,1.66,N
28.37028,77.26236,310.49,0.46,0.39,2026-09-23,2027,N20,VIIRS,n,2.0NRT,297.14,1.66,N
28.34724,77.25582,307.81,0.46,0.39,2026-09-23,2027,N20,VIIRS,n,2.0NRT,296.98,1.43,N
28.27911,77.27263,308.81,0.46,0.39,2026-09-23,2027,N20,VIIRS,n,2.0NRT,296.48,1.56,N
28.0289,76.49574,313.7,0.49,0.4,2026-09-23,2027,N20,VIIRS,n,2.0NRT,296.13,1.84,N
28.03079,76.49374,318.41,0.49,0.4,2026-09-23,2027,N20,VIIRS,n,2.0NRT,296.42,1.62,N
26.64157,79.47591,312.06,0.39,0.36,2026-09-23,2027,N20,VIIRS,n,2.0NRT,291.69,0.98,N
26.60048,72.62276,314.13,0.52,0.5,2026-09-23,2027,N20,VIIRS,n,2.0NRT,297.12,1.5,N
24.76546,74.60892,308.73,0.56,0.43,2026-09-23,2027,N20,VIIRS,n,2.0NRT,296.15,2.38,N
24.66307,74.63187,308.28,0.56,0.43,2026-09-23,2027,N20,VIIRS,n,2.0NRT,297.4,1.85,N
23.30098,70.47238,308.39,0.32,0.55,2026-09-23,2027,N20,VIIRS,n,2.0NRT,296.44,0.48,N
23.25722,70.26096,310.39,0.33,0.55,2026-09-23,2027,N20,VIIRS,n,2.0NRT,296.5,0.53,N
22.93655,69.69582,307.62,0.36,0.57,2026-09-23,2027,N20,VIIRS,n,2.0NRT,296.8,0.87,N
22.36667,73.11252,312.7,0.43,0.46,2026-09-23,2027,N20,VIIRS,n,2.0NRT,297.21,2.22,N
22.41901,69.03748,314.07,0.39,0.59,2026-09-23,2027,N20,VIIRS,n,2.0NRT,296.21,1.58,N
22.41792,69.03748,314.52,0.39,0.59,2026-09-23,2027,N20,VIIRS,n,2.0NRT,295.42,1.64,N
22.31483,69.8546,304.84,0.34,0.56,2026-09-23,2027,N20,VIIRS,n,2.0NRT,294.71,0.33,N
18.86057,72.92706,310.13,0.4,0.44,2026-09-23,2029,N20,VIIRS,n,2.0NRT,285.32,2.01,N
21.11367,72.63464,313.76,0.44,0.46,2026-09-23,2029,N20,VIIRS,n,2.0NRT,296.75,1.25,N
21.1084,72.64253,339.67,0.44,0.46,2026-09-23,2029,N20,VIIRS,n,2.0NRT,296.11,7.86,N
21.10789,72.64676,329.9,0.44,0.46,2026-09-23,2029,N20,VIIRS,n,2.0NRT,299,7.65,N
21.10941,72.63404,312.34,0.44,0.46,2026-09-23,2029,N20,VIIRS,n,2.0NRT,296.16,2.72,N
21.10516,72.63345,339.39,0.44,0.46,2026-09-23,2029,N20,VIIRS,n,2.0NRT,296.5,2.72,N
21.10415,72.64194,311.95,0.44,0.46,2026-09-23,2029,N20,VIIRS,n,2.0NRT,295.69,7.86,N
21.10364,72.64616,312.07,0.44,0.46,2026-09-23,2029,N20,VIIRS,n,2.0NRT,295.86,7.65,N
18.69296,73.03981,298.27,0.39,0.44,2026-09-23,2029,N20,VIIRS,n,2.0NRT,271.78,0.81,N
21.1009,72.63284,317.01,0.44,0.46,2026-09-23,2029,N20,VIIRS,n,2.0NRT,295.54,1.09,N
10.6167,77.42141,303.17,0.39,0.36,2026-09-23,2032,N20,VIIRS,n,2.0NRT,285.49,0.43,N
11.81518,77.91682,316.54,0.4,0.37,2026-09-23,2032,N20,VIIRS,n,2.0NRT,284.17,1.17,N
11.81853,77.91739,309.7,0.4,0.37,2026-09-23,2032,N20,VIIRS,n,2.0NRT,283.46,1.17,N
9.27542,77.92335,309.83,0.41,0.37,2026-09-23,2032,N20,VIIRS,n,2.0NRT,291.78,1.01,N
10.25534,77.17133,304.24,0.39,0.36,2026-09-23,2032,N20,VIIRS,n,2.0NRT,287.25,0.43,N
23.11121,75.7177,337.06,0.55,0.51,2026-09-24,0741,N20,VIIRS,n,2.0NRT,302.47,3.16,D
25.84487,76.41708,331.06,0.44,0.46,2026-09-24,0741,N20,VIIRS,l,2.0NRT,304.81,2.11,D
23.10466,69.92244,334.75,0.63,0.72,2026-09-24,0741,N20,VIIRS,n,2.0NRT,299.96,4.76,D
23.58516,72.11846,332.35,0.45,0.63,2026-09-24,0741,N20,VIIRS,n,2.0NRT,298.06,2.66,D
32.16898,75.31062,367,0.39,0.44,2026-09-24,0744,N20,VIIRS,h,2.0NRT,300.46,10.83,D
31.11028,77.44234,340.21,0.48,0.4,2026-09-24,0744,N20,VIIRS,n,2.0NRT,302.14,6.06,D
30.37814,75.27622,330.01,0.42,0.45,2026-09-24,0744,N20,VIIRS,n,2.0NRT,298.97,2.54,D
30.27989,76.27377,332.82,0.56,0.43,2026-09-24,0744,N20,VIIRS,n,2.0NRT,298.72,5.97,D
29.09044,75.95024,341.24,0.41,0.45,2026-09-24,0744,N20,VIIRS,n,2.0NRT,301.63,4.5,D
33.79351,74.92664,327.1,0.57,0.43,2026-09-24,0744,N20,VIIRS,l,2.0NRT,300,4.77,D
31.09416,74.65594,330.7,0.44,0.46,2026-09-24,0744,N20,VIIRS,n,2.0NRT,297.91,2.82,D
23.15752,70.11012,353.69,0.5,0.66,2026-09-24,0922,N20,VIIRS,n,2.0NRT,301.03,8.02,D
23.09989,69.92151,333.55,0.49,0.65,2026-09-24,0922,N20,VIIRS,n,2.0NRT,301.17,2.14,D
25.94217,72.20272,330.22,0.73,0.76,2026-09-24,0924,N20,VIIRS,l,2.0NRT,302.52,3.65,D
28.7086,76.85249,305.02,0.59,0.53,2026-09-24,2008,N20,VIIRS,n,2.0NRT,294.56,1.15,N
28.34856,77.23132,307.67,0.55,0.51,2026-09-24,2008,N20,VIIRS,n,2.0NRT,294.1,0.87,N
28.71004,76.85292,304.97,0.59,0.53,2026-09-24,2008,N20,VIIRS,n,2.0NRT,294.45,2.17,N
21.10476,72.6455,323.23,0.44,0.63,2026-09-24,2010,N20,VIIRS,n,2.0NRT,292.86,2.93,N
24.76594,74.60468,309.21,0.37,0.58,2026-09-24,2010,N20,VIIRS,n,2.0NRT,293.31,1.1,N
24.66301,74.63254,305.33,0.36,0.58,2026-09-24,2010,N20,VIIRS,n,2.0NRT,294.24,1.32,N
24.66439,74.63258,305.09,0.36,0.58,2026-09-24,2010,N20,VIIRS,n,2.0NRT,294.22,1.44,N
21.11178,72.63314,312.71,0.45,0.63,2026-09-24,2010,N20,VIIRS,n,2.0NRT,294.26,5.36,N
21.11055,72.64613,307.98,0.44,0.63,2026-09-24,2010,N20,VIIRS,n,2.0NRT,293.7,2.93,N
21.10598,72.63249,353.9,0.45,0.63,2026-09-24,2010,N20,VIIRS,n,2.0NRT,293.02,5.36,N
21.10558,72.63684,324.14,0.45,0.63,2026-09-24,2010,N20,VIIRS,n,2.0NRT,293.42,6.44,N
21.10517,72.64117,326.59,0.45,0.63,2026-09-24,2010,N20,VIIRS,n,2.0NRT,292.64,6.44,N
18.53849,74.2337,295.36,0.33,0.55,2026-09-24,2012,N20,VIIRS,n,2.0NRT,268.45,0.43,N
17.06264,76.97691,302.89,0.41,0.45,2026-09-24,2012,N20,VIIRS,n,2.0NRT,281.92,0.75,N
18.53758,74.23166,297.17,0.33,0.55,2026-09-24,2012,N20,VIIRS,n,2.0NRT,268.62,0.27,N
11.55362,77.24593,308.43,0.51,0.41,2026-09-24,2014,N20,VIIRS,n,2.0NRT,271.48,1.51,N
21.10514,72.64676,305.79,0.73,0.76,2026-09-24,2150,N20,VIIRS,n,2.0NRT,292.37,3.39,N
21.10685,72.63995,305.47,0.73,0.76,2026-09-24,2150,N20,VIIRS,n,2.0NRT,292.41,4.26,N
22.9342,69.69633,320.12,0.43,0.62,2026-09-24,2150,N20,VIIRS,n,2.0NRT,296.4,2.37,N
25.96023,93.66666,332.58,0.42,0.45,2026-09-25,0722,N20,VIIRS,n,2.0NRT,293.3,2.2,D
27.75473,96.10436,327.46,0.62,0.54,2026-09-25,0724,N20,VIIRS,n,2.0NRT,295.56,2.7,D
27.73532,96.28761,334.31,0.32,0.54,2026-09-25,0724,N20,VIIRS,n,2.0NRT,289.63,3.36,D
27.7489,96.26693,348.07,0.63,0.54,2026-09-25,0724,N20,VIIRS,n,2.0NRT,294.48,11.2,D
27.73546,96.28601,367,0.32,0.54,2026-09-25,0724,N20,VIIRS,h,2.0NRT,290.97,7.07,D
27.67086,96.2429,328.06,0.63,0.54,2026-09-25,0724,N20,VIIRS,n,2.0NRT,292.15,5.03,D
27.73505,96.28443,342.53,0.32,0.54,2026-09-25,0724,N20,VIIRS,n,2.0NRT,291.04,3.36,D
27.74861,96.26527,343.49,0.64,0.54,2026-09-25,0724,N20,VIIRS,n,2.0NRT,294.34,11.11,D
27.88988,96.08911,328.85,0.62,0.54,2026-09-25,0724,N20,VIIRS,n,2.0NRT,295.77,2.73,D
27.02924,94.89082,331.41,0.51,0.49,2026-09-25,0724,N20,VIIRS,n,2.0NRT,295.33,3.25,D
18.8579,72.92867,367,0.34,0.56,2026-09-25,0902,N20,VIIRS,h,2.0NRT,296.78,6.48,D
27.40991,71.41462,338.36,0.34,0.56,2026-09-25,0905,N20,VIIRS,l,2.0NRT,312.17,2.51,D
22.93247,69.69941,341.66,0.47,0.48,2026-09-25,0905,N20,VIIRS,n,2.0NRT,308.89,4.91,D
31.47302,75.06176,330.12,0.62,0.71,2026-09-25,0905,N20,VIIRS,n,2.0NRT,292.06,3.97,D
21.10027,72.63811,339.28,0.34,0.56,2026-09-25,0905,N20,VIIRS,n,2.0NRT,291.47,2.53,D
21.10648,72.64751,338.48,0.34,0.56,2026-09-25,0905,N20,VIIRS,n,2.0NRT,290.39,4.37,D
30.81184,76.01312,304.96,0.67,0.74,2026-09-25,1947,N20,VIIRS,n,2.0NRT,289.21,1.2,N
23.76654,86.40283,299.45,0.43,0.38,2026-09-25,1949,N20,VIIRS,n,2.0NRT,287.78,1.27,N
23.68484,86.39132,312.57,0.43,0.38,2026-09-25,1949,N20,VIIRS,n,2.0NRT,290.02,2.35,N
23.68424,86.39553,310.74,0.43,0.38,2026-09-25,1949,N20,VIIRS,n,2.0NRT,290.15,2.16,N
23.58118,86.72454,309.78,0.42,0.37,2026-09-25,1949,N20,VIIRS,n,2.0NRT,292.03,1.65,N
23.63302,86.29369,306.11,0.43,0.38,2026-09-25,1949,N20,VIIRS,n,2.0NRT,289.8,1.62,N
22.79265,86.1945,306.86,0.43,0.38,2026-09-25,1949,N20,VIIRS,n,2.0NRT,289.03,1.14,N
22.36356,87.01646,309.33,0.4,0.37,2026-09-25,1949,N20,VIIRS,n,2.0NRT,290.18,1.87,N
22.05646,88.12705,306.21,0.39,0.36,2026-09-25,1949,N20,VIIRS,n,2.0NRT,289.67,2.66,N
28.74586,77.12883,308.73,0.55,0.68,2026-09-25,1949,N20,VIIRS,n,2.0NRT,290.46,1.81,N
28.74622,77.12306,304.49,0.55,0.68,2026-09-25,1949,N20,VIIRS,n,2.0NRT,290.21,1.6,N
28.74872,77.1236,312.17,0.55,0.68,2026-09-25,1949,N20,VIIRS,n,2.0NRT,290.16,2.71,N
27.32738,95.27514,304.16,0.57,0.43,2026-09-25,1949,N20,VIIRS,n,2.0NRT,288.64,0.46,N
27.37604,95.3362,305.69,0.57,0.43,2026-09-25,1949,N20,VIIRS,n,2.0NRT,287.8,1.25,N
27.37995,95.33717,308.43,0.57,0.43,2026-09-25,1949,N20,VIIRS,n,2.0NRT,289.05,1.43,N
27.38107,95.33154,302.08,0.57,0.43,2026-09-25,1949,N20,VIIRS,n,2.0NRT,286.83,0.79,N
28.32468,77.2164,303.04,0.54,0.68,2026-09-25,1949,N20,VIIRS,n,2.0NRT,287.49,0.84,N
28.7114,76.85444,304.46,0.58,0.69,2026-09-25,1949,N20,VIIRS,n,2.0NRT,290.71,0.83,N
24.11442,86.85885,311.92,0.42,0.37,2026-09-25,1949,N20,VIIRS,n,2.0NRT,292.06,2.3,N
23.77932,86.38784,303.93,0.43,0.38,2026-09-25,1949,N20,VIIRS,n,2.0NRT,288.99,0.78,N
23.77531,86.3656,314.16,0.43,0.38,2026-09-25,1949,N20,VIIRS,n,2.0NRT,290.39,2.02,N
23.77379,86.19624,299.69,0.44,0.38,2026-09-25,1949,N20,VIIRS,n,2.0NRT,287.25,0.88,N
26.0373,91.26945,305.54,0.4,0.37,2026-09-25,1949,N20,VIIRS,n,2.0NRT,289.56,0.94,N
28.32125,77.21558,301.9,0.54,0.68,2026-09-25,1949,N20,VIIRS,n,2.0NRT,286.56,0.53,N
15.89415,75.41387,303.63,0.52,0.67,2026-09-25,1951,N20,VIIRS,n,2.0NRT,278.45,0.89,N
31.25991,76.92419,303.16,0.4,0.6,2026-09-25,2127,N20,VIIRS,n,2.0NRT,287.51,0.77,N
26.25904,74.09378,305.02,0.35,0.57,2026-09-25,2129,N20,VIIRS,n,2.0NRT,294.57,0.73,N
27.66821,76.13337,302.72,0.43,0.62,2026-09-25,2129,N20,VIIRS,n,2.0NRT,292.65,0.74,N
27.66926,76.12911,302.91,0.43,0.62,2026-09-25,2129,N20,VIIRS,n,2.0NRT,292.51,0.74,N
30.8128,76.01749,306.22,0.36,0.57,2026-09-25,2129,N20,VIIRS,n,2.0NRT,291.38,0.36,N
23.12218,70.08675,327.97,0.46,0.47,2026-09-25,2131,N20,VIIRS,n,2.0NRT,296.44,2.76,N
18.69138,73.05018,303.69,0.43,0.62,2026-09-25,2131,N20,VIIRS,n,2.0NRT,291.33,1.26,N
18.68553,73.03807,303.34,0.43,0.62,2026-09-25,2131,N20,VIIRS,n,2.0NRT,291.74,2.39,N
18.6873,73.03009,308.32,0.43,0.62,2026-09-25,2131,N20,VIIRS,n,2.0NRT,292.29,1.7,N
20.91288,71.4604,297.51,0.62,0.54,2026-09-25,2131,N20,VIIRS,n,2.0NRT,280.85,0.67,N
21.10282,72.63406,309.43,0.36,0.58,2026-09-25,2131,N20,VIIRS,n,2.0NRT,274.91,1.58,N
21.10501,72.64906,298.86,0.36,0.58,2026-09-25,2131,N20,VIIRS,n,2.0NRT,271.47,1.02,N
21.1132,72.63664,300.77,0.36,0.58,2026-09-25,2131,N20,VIIRS,n,2.0NRT,273.92,0.71,N
21.10576,72.64562,302.38,0.36,0.58,2026-09-25,2131,N20,VIIRS,n,2.0NRT,272.42,1.03,N
24.6637,74.63251,303.17,0.41,0.61,2026-09-25,2131,N20,VIIRS,n,2.0NRT,287.34,1.3,N
24.66351,74.63251,302.88,0.41,0.61,2026-09-25,2131,N20,VIIRS,n,2.0NRT,287.11,1.2,N
24.82252,73.09056,305.09,0.33,0.55,2026-09-25,2131,N20,VIIRS,n,2.0NRT,293.7,0.73,N
24.82184,73.0936,307.68,0.33,0.55,2026-09-25,2131,N20,VIIRS,n,2.0NRT,295.81,0.73,N
22.33986,69.85315,308.4,0.46,0.47,2026-09-25,2131,N20,VIIRS,n,2.0NRT,298.15,3.19,N
22.93245,69.69536,314.2,0.44,0.46,2026-09-25,2131,N20,VIIRS,n,2.0NRT,295.33,1.54,N
22.93579,69.70051,308.08,0.44,0.46,2026-09-25,2131,N20,VIIRS,n,2.0NRT,296.13,3.45,N
22.93663,69.69632,314.88,0.44,0.46,2026-09-25,2131,N20,VIIRS,n,2.0NRT,296.04,1.54,N
27.72819,96.27991,344.91,0.51,0.41,2026-09-26,0703,N20,VIIRS,n,2.0NRT,297.72,18.54,D
27.7288,96.28497,331.04,0.51,0.41,2026-09-26,0703,N20,VIIRS,n,2.0NRT,294.71,34.68,D
27.69246,96.01874,338.03,0.49,0.4,2026-09-26,0703,N20,VIIRS,n,2.0NRT,296.97,4.32,D
27.72258,96.26524,333.39,0.5,0.41,2026-09-26,0703,N20,VIIRS,n,2.0NRT,295.73,2.52,D
27.67389,96.24158,332.32,0.5,0.41,2026-09-26,0703,N20,VIIRS,n,2.0NRT,296.47,6.07,D
27.67282,96.2394,343.8,0.5,0.41,2026-09-26,0703,N20,VIIRS,n,2.0NRT,295.44,9.18,D
27.62027,96.27795,329.58,0.5,0.41,2026-09-26,0703,N20,VIIRS,n,2.0NRT,295.33,3.21,D
27.6227,96.29795,340.55,0.51,0.41,2026-09-26,0703,N20,VIIRS,n,2.0NRT,295.56,20.07,D
26.68863,90.3174,332.57,0.41,0.37,2026-09-26,0703,N20,VIIRS,n,2.0NRT,296.51,2.39,D
27.37606,95.33617,333.03,0.45,0.39,2026-09-26,0703,N20,VIIRS,n,2.0NRT,296.47,3.51,D
26.55315,90.57652,334.1,0.4,0.37,2026-09-26,0703,N20,VIIRS,n,2.0NRT,297.04,3.58,D
23.58638,91.41004,331.84,0.4,0.37,2026-09-26,0703,N20,VIIRS,n,2.0NRT,296.89,4.47,D
24.35112,93.90215,332.61,0.39,0.36,2026-09-26,0703,N20,VIIRS,n,2.0NRT,296.52,4.37,D
25.12214,93.72086,333.66,0.39,0.36,2026-09-26,0703,N20,VIIRS,n,2.0NRT,293.51,4.49,D
27.95024,96.66276,332.64,0.53,0.42,2026-09-26,0703,N20,VIIRS,n,2.0NRT,295.83,3.39,D
27.84248,95.31905,333.73,0.46,0.39,2026-09-26,0703,N20,VIIRS,n,2.0NRT,297.94,3.5,D
28.0949,95.4884,329.77,0.47,0.4,2026-09-26,0703,N20,VIIRS,n,2.0NRT,295.74,1.71,D
27.94367,96.68913,342.4,0.53,0.42,2026-09-26,0703,N20,VIIRS,n,2.0NRT,296.94,11.68,D
27.94901,96.70067,337.93,0.53,0.42,2026-09-26,0703,N20,VIIRS,n,2.0NRT,296.16,6.99,D
27.94767,96.68968,343.84,0.53,0.42,2026-09-26,0703,N20,VIIRS,n,2.0NRT,296.97,12.16,D
27.94175,96.69084,331.35,0.53,0.42,2026-09-26,0703,N20,VIIRS,n,2.0NRT,295.73,6.61,D
27.95098,96.70307,331.25,0.53,0.42,2026-09-26,0703,N20,VIIRS,n,2.0NRT,297.27,3.9,D
27.94908,96.68658,332.2,0.53,0.42,2026-09-26,0703,N20,VIIRS,n,2.0NRT,297.91,6.97,D
27.96431,96.95971,332.54,0.55,0.43,2026-09-26,0703,N20,VIIRS,n,2.0NRT,296.95,30.92,D
27.83328,95.9194,333.89,0.49,0.4,2026-09-26,0703,N20,VIIRS,n,2.0NRT,296.98,4.46,D
27.8339,95.92432,336.33,0.49,0.4,2026-09-26,0703,N20,VIIRS,n,2.0NRT,297,4.26,D
27.92761,96.75127,331.76,0.54,0.42,2026-09-26,0703,N20,VIIRS,n,2.0NRT,297.74,5.01,D
27.87459,96.90467,337.6,0.55,0.42,2026-09-26,0703,N20,VIIRS,n,2.0NRT,300.8,20.04,D
27.84951,96.82346,335.26,0.54,0.42,2026-09-26,0703,N20,VIIRS,n,2.0NRT,297,7.96,D
27.84837,96.82487,333.52,0.54,0.42,2026-09-26,0703,N20,VIIRS,n,2.0NRT,297.2,8.67,D
27.76327,96.31621,346.08,0.51,0.41,2026-09-26,0703,N20,VIIRS,n,2.0NRT,297.43,12.99,D
27.74758,96.31335,334.54,0.51,0.41,2026-09-26,0703,N20,VIIRS,n,2.0NRT,295.46,4.35,D
