latitude,longitude,brightness,scan,track,acq_date,acq_time,satellite,instrument,confidence,version,bright_t31,frp,daynight
25.398,84.50601,331.43,0.43,0.46,2026-07-01,0714,SNPP,SNPP,n,2.0NRT,294.12,1.49,D
23.6486,85.44053,339.62,0.41,0.45,2026-07-01,0714,SNPP,SNPP,n,2.0NRT,291.98,7.47,D
8.74769,78.16627,330.81,0.34,0.56,2026-07-01,0850,SNPP,SNPP,n,2.0NRT,294.08,3.78,D
8.74728,78.16316,333.22,0.34,0.56,2026-07-01,0850,SNPP,SNPP,n,2.0NRT,293.83,5.31,D
8.74252,78.16695,347.39,0.34,0.56,2026-07-01,0850,SNPP,SNPP,n,2.0NRT,289.56,3.78,D
8.89629,77.95658,340.74,0.33,0.55,2026-07-01,0850,SNPP,SNPP,n,2.0NRT,296.34,2.21,D
9.55491,78.18633,353.07,0.35,0.57,2026-07-01,0852,SNPP,SNPP,n,2.0NRT,293.54,2.95,D
10.46489,79.32489,336.6,0.43,0.62,2026-07-01,0852,SNPP,SNPP,n,2.0NRT,287.41,4.18,D
22.13597,69.07013,335.39,0.43,0.38,2026-07-01,0854,SNPP,SNPP,n,2.0NRT,301.71,2.47,D
23.73032,68.61646,345.18,0.43,0.38,2026-07-01,0856,SNPP,SNPP,n,2.0NRT,303.48,3.8,D
23.73382,68.61591,346.41,0.43,0.38,2026-07-01,0856,SNPP,SNPP,n,2.0NRT,303.05,8.61,D
24.97167,71.66138,340.61,0.42,0.45,2026-07-01,0856,SNPP,SNPP,n,2.0NRT,301.97,8.4,D
24.97201,71.66158,343.59,0.42,0.45,2026-07-01,0856,SNPP,SNPP,n,2.0NRT,301.83,7.69,D
25.876,70.34052,349.77,0.54,0.42,2026-07-01,0856,SNPP,SNPP,n,2.0NRT,306.44,21.07,D
27.36385,70.91635,344.49,0.41,0.45,2026-07-01,0856,SNPP,SNPP,n,2.0NRT,305.8,6.97,D
23.43797,69.52726,339.53,0.47,0.39,2026-07-01,0856,SNPP,SNPP,n,2.0NRT,298.87,6.28,D
22.49221,70.1522,335.94,0.49,0.4,2026-07-01,0856,SNPP,SNPP,n,2.0NRT,292.1,2.39,D
22.83697,70.82211,332.04,0.53,0.42,2026-07-01,0856,SNPP,SNPP,n,2.0NRT,296.72,2.64,D
22.92793,70.10899,339.08,0.49,0.4,2026-07-01,0856,SNPP,SNPP,n,2.0NRT,304.31,11.16,D
22.95091,69.15157,338.02,0.45,0.39,2026-07-01,0856,SNPP,SNPP,n,2.0NRT,301.54,3.5,D
23.19923,68.96429,343.14,0.44,0.38,2026-07-01,0856,SNPP,SNPP,n,2.0NRT,297.46,4.27,D
23.65079,68.55879,349.93,0.43,0.38,2026-07-01,0856,SNPP,SNPP,n,2.0NRT,304.16,12.8,D
23.65429,68.55824,344.03,0.43,0.38,2026-07-01,0856,SNPP,SNPP,n,2.0NRT,302.21,7.02,D
23.73061,68.61935,340.1,0.43,0.38,2026-07-01,0856,SNPP,SNPP,n,2.0NRT,303.33,2.94,D
27.37665,95.33488,319.36,0.41,0.37,2026-07-01,1940,SNPP,SNPP,n,2.0NRT,290.34,1.57,N
27.38007,95.33563,312.24,0.41,0.37,2026-07-01,1940,SNPP,SNPP,n,2.0NRT,290.3,1.57,N
27.46991,95.423,308.35,0.42,0.37,2026-07-01,1940,SNPP,SNPP,n,2.0NRT,290.28,2.47,N
27.31829,95.26697,307.42,0.41,0.37,2026-07-01,1940,SNPP,SNPP,n,2.0NRT,284,2.32,N
27.46035,95.47747,316.06,0.42,0.38,2026-07-01,1940,SNPP,SNPP,n,2.0NRT,288.58,2.19,N
22.36325,87.01787,307.9,0.54,0.42,2026-07-01,1942,SNPP,SNPP,n,2.0NRT,286.37,2.52,N
20.9568,85.01066,307.76,0.46,0.47,2026-07-01,1942,SNPP,SNPP,n,2.0NRT,282.4,4.21,N
20.8661,84.98784,310.49,0.46,0.47,2026-07-01,1942,SNPP,SNPP,n,2.0NRT,281.06,2.59,N
20.8656,84.99216,309.84,0.46,0.47,2026-07-01,1942,SNPP,SNPP,n,2.0NRT,280.37,2.22,N
22.36716,87.01848,313.01,0.54,0.42,2026-07-01,1942,SNPP,SNPP,n,2.0NRT,286.37,2.22,N
22.79902,86.20578,306.4,0.41,0.45,2026-07-01,1942,SNPP,SNPP,n,2.0NRT,268.98,1.02,N
9.72352,78.93927,312.66,0.41,0.6,2026-07-01,1947,SNPP,SNPP,n,2.0NRT,283.72,2.71,N
9.72401,78.93551,306.34,0.41,0.6,2026-07-01,1947,SNPP,SNPP,n,2.0NRT,284.6,3.08,N
9.80325,78.23318,310.13,0.45,0.63,2026-07-01,1947,SNPP,SNPP,n,2.0NRT,287.77,1.28,N
27.37172,77.69232,318.4,0.35,0.56,2026-07-01,2123,SNPP,SNPP,n,2.0NRT,276.15,1.94,N
26.2578,74.09605,307.44,0.45,0.47,2026-07-01,2123,SNPP,SNPP,n,2.0NRT,290.41,3.85,N
27.37266,77.69199,313.91,0.35,0.56,2026-07-01,2123,SNPP,SNPP,n,2.0NRT,276.87,1.18,N
22.92871,70.10549,304.84,0.47,0.4,2026-07-01,2125,SNPP,SNPP,n,2.0NRT,285.41,1.98,N
22.92694,69.82402,307.49,0.45,0.39,2026-07-01,2125,SNPP,SNPP,n,2.0NRT,289.22,0.91,N
22.93462,69.6984,310.07,0.45,0.39,2026-07-01,2125,SNPP,SNPP,n,2.0NRT,290.46,0.93,N
22.41634,69.03932,308.72,0.43,0.38,2026-07-01,2125,SNPP,SNPP,n,2.0NRT,292.17,3.41,N
25.7853,93.43855,330.59,0.41,0.37,2026-07-02,0657,SNPP,SNPP,l,2.0NRT,293.4,3.67,D
8.99445,78.18112,336.2,0.51,0.41,2026-07-02,0833,SNPP,SNPP,l,2.0NRT,306.94,2.9,D
8.48562,77.61732,335.5,0.47,0.4,2026-07-02,0833,SNPP,SNPP,n,2.0NRT,301.55,1.41,D
8.89112,78.05435,338.97,0.5,0.41,2026-07-02,0833,SNPP,SNPP,n,2.0NRT,304.66,4.29,D
8.94483,77.8877,344.77,0.49,0.4,2026-07-02,0833,SNPP,SNPP,n,2.0NRT,305.65,6.81,D
9.05894,77.95914,335.51,0.49,0.41,2026-07-02,0833,SNPP,SNPP,l,2.0NRT,305.77,1.47,D
9.143,77.8978,334.33,0.49,0.4,2026-07-02,0833,SNPP,SNPP,l,2.0NRT,306.5,4.16,D
9.20474,78.22504,339.4,0.51,0.41,2026-07-02,0833,SNPP,SNPP,n,2.0NRT,304.79,8.47,D
9.16039,77.59898,333.9,0.47,0.4,2026-07-02,0833,SNPP,SNPP,n,2.0NRT,303.61,1,D
9.39697,78.8005,333.34,0.56,0.43,2026-07-02,0833,SNPP,SNPP,n,2.0NRT,296.03,2.78,D
9.3995,78.78979,347.4,0.55,0.43,2026-07-02,0833,SNPP,SNPP,n,2.0NRT,298.73,8.93,D
9.43217,78.82144,340.73,0.56,0.43,2026-07-02,0833,SNPP,SNPP,n,2.0NRT,295.52,4.24,D
9.27452,77.49162,336.84,0.47,0.4,2026-07-02,0833,SNPP,SNPP,n,2.0NRT,306.44,4.14,D
9.27389,77.48734,338.01,0.47,0.4,2026-07-02,0833,SNPP,SNPP,n,2.0NRT,304.77,2.15,D
9.27383,77.48819,346.3,0.47,0.4,2026-07-02,0833,SNPP,SNPP,n,2.0NRT,306.04,3.15,D
9.41461,77.97253,336.64,0.5,0.41,2026-07-02,0833,SNPP,SNPP,l,2.0NRT,306.97,5.64,D
9.61069,78.82185,338.12,0.56,0.43,2026-07-02,0833,SNPP,SNPP,n,2.0NRT,298.56,6,D
9.69364,78.76051,340.76,0.56,0.43,2026-07-02,0833,SNPP,SNPP,n,2.0NRT,301.26,4.81,D
9.75566,78.91467,337.2,0.57,0.43,2026-07-02,0833,SNPP,SNPP,n,2.0NRT,303.25,4.13,D
9.82791,78.8388,337.68,0.57,0.43,2026-07-02,0833,SNPP,SNPP,n,2.0NRT,303.77,8.97,D
9.95157,79.13464,335.19,0.39,0.44,2026-07-02,0833,SNPP,SNPP,n,2.0NRT,297.18,3.44,D
9.85946,78.40601,336.44,0.53,0.42,2026-07-02,0833,SNPP,SNPP,n,2.0NRT,301.11,2.06,D
10.04638,77.95111,330.95,0.51,0.41,2026-07-02,0833,SNPP,SNPP,n,2.0NRT,299.44,2.82,D
10.74949,78.8392,336.67,0.39,0.44,2026-07-02,0833,SNPP,SNPP,n,2.0NRT,298.89,1.57,D
11.72243,79.21301,349.8,0.42,0.45,2026-07-02,0833,SNPP,SNPP,n,2.0NRT,295.03,7.03,D
23.10421,72.29321,336.42,0.4,0.37,2026-07-02,0835,SNPP,SNPP,n,2.0NRT,296.06,2.79,D
22.92761,70.10812,335.6,0.39,0.36,2026-07-02,0835,SNPP,SNPP,l,2.0NRT,300.66,5.15,D
24.36417,71.7751,338.64,0.39,0.36,2026-07-02,0835,SNPP,SNPP,n,2.0NRT,303.14,5.76,D
13.87362,79.25925,337.88,0.45,0.47,2026-07-02,0835,SNPP,SNPP,n,2.0NRT,286.57,6.28,D
13.87302,79.25466,344.45,0.45,0.47,2026-07-02,0835,SNPP,SNPP,n,2.0NRT,288.39,6.28,D
27.55794,71.94834,346.34,0.42,0.37,2026-07-02,0837,SNPP,SNPP,n,2.0NRT,310.17,16.92,D
27.10752,79.03403,330.27,0.32,0.55,2026-07-02,0837,SNPP,SNPP,n,2.0NRT,286.85,1.36,D
27.58303,72.23533,346.84,0.42,0.38,2026-07-02,0837,SNPP,SNPP,n,2.0NRT,309.8,18.41,D
24.36945,88.0982,304.65,0.32,0.54,2026-07-02,1921,SNPP,SNPP,n,2.0NRT,286.57,1.13,N
24.36762,88.09743,304.55,0.32,0.55,2026-07-02,1921,SNPP,SNPP,n,2.0NRT,286.36,1.44,N
22.3633,87.30022,303.75,0.34,0.56,2026-07-02,1923,SNPP,SNPP,n,2.0NRT,278.02,0.58,N
22.36433,87.01642,311.96,0.35,0.57,2026-07-02,1923,SNPP,SNPP,n,2.0NRT,276.73,1.77,N
22.36592,87.01601,312.57,0.35,0.57,2026-07-02,1923,SNPP,SNPP,n,2.0NRT,276.71,1.1,N
22.36062,87.01534,301.66,0.35,0.57,2026-07-02,1923,SNPP,SNPP,n,2.0NRT,276.61,1.1,N
22.36883,87.29749,299.78,0.34,0.56,2026-07-02,1923,SNPP,SNPP,n,2.0NRT,275.25,0.58,N
22.3685,87.30085,301.78,0.34,0.56,2026-07-02,1923,SNPP,SNPP,n,2.0NRT,277.29,0.58,N
23.31607,70.48669,309.33,0.39,0.36,2026-07-02,2104,SNPP,SNPP,n,2.0NRT,293.32,1.02,N
22.92706,69.82315,310.7,0.4,0.37,2026-07-02,2104,SNPP,SNPP,n,2.0NRT,293.48,1.09,N
22.93555,69.6967,313.23,0.4,0.37,2026-07-02,2104,SNPP,SNPP,n,2.0NRT,293.73,1.1,N
22.93216,69.69611,312.79,0.4,0.37,2026-07-02,2104,SNPP,SNPP,n,2.0NRT,293.47,1.1,N
22.90731,69.69982,315.92,0.4,0.37,2026-07-02,2104,SNPP,SNPP,n,2.0NRT,293.81,1.14,N
22.41779,69.04002,306.71,0.42,0.37,2026-07-02,2104,SNPP,SNPP,n,2.0NRT,284.08,2.14,N
23.12241,70.08499,327.35,0.4,0.37,2026-07-02,2104,SNPP,SNPP,n,2.0NRT,288.95,1.79,N
23.82364,85.49327,298.12,0.63,0.72,2026-07-02,2104,SNPP,SNPP,n,2.0NRT,282.1,2.9,N
22.87402,86.05941,298.88,0.71,0.75,2026-07-02,2104,SNPP,SNPP,n,2.0NRT,271.25,1.82,N
24.82149,73.0925,309.65,0.39,0.37,2026-07-02,2104,SNPP,SNPP,n,2.0NRT,289.52,1.35,N
24.69132,73.00446,306.07,0.39,0.36,2026-07-02,2104,SNPP,SNPP,n,2.0NRT,287.14,0.9,N
28.00307,95.96162,330.7,0.47,0.4,2026-07-03,0637,SNPP,SNPP,l,2.0NRT,297.53,4.32,D
8.75788,78.18386,330.72,0.39,0.36,2026-07-03,0813,SNPP,SNPP,n,2.0NRT,300.05,2.48,D
9.02149,78.28918,334.47,0.39,0.36,2026-07-03,0813,SNPP,SNPP,n,2.0NRT,294.87,6.26,D
9.25608,78.67139,337.62,0.38,0.36,2026-07-03,0813,SNPP,SNPP,n,2.0NRT,302.73,1.9,D
9.20583,77.67289,340.21,0.4,0.37,2026-07-03,0813,SNPP,SNPP,n,2.0NRT,298.34,8.54,D
9.36778,77.73111,337.2,0.39,0.37,2026-07-03,0813,SNPP,SNPP,n,2.0NRT,301.06,2.42,D
9.56186,78.37086,337.37,0.39,0.36,2026-07-03,0813,SNPP,SNPP,n,2.0NRT,295.93,3.92,D
10.83892,78.49416,333.3,0.38,0.36,2026-07-03,0813,SNPP,SNPP,n,2.0NRT,298.19,0.95,D
11.30177,78.77939,338.05,0.38,0.36,2026-07-03,0813,SNPP,SNPP,n,2.0NRT,279.34,4.21,D
11.2728,78.01382,344.85,0.39,0.36,2026-07-03,0813,SNPP,SNPP,n,2.0NRT,297.87,4.07,D
11.27612,78.0133,345.45,0.39,0.36,2026-07-03,0813,SNPP,SNPP,n,2.0NRT,295.16,3.02,D
8.97816,78.03185,334.72,0.39,0.36,2026-07-03,0813,SNPP,SNPP,n,2.0NRT,301.66,2.42,D
23.76124,86.40505,330.22,0.43,0.62,2026-07-03,0816,SNPP,SNPP,n,2.0NRT,288.97,7,D
23.64922,68.55495,337.62,0.47,0.48,2026-07-03,0818,SNPP,SNPP,n,2.0NRT,297.56,5.3,D
22.82709,69.49908,332.19,0.43,0.46,2026-07-03,0818,SNPP,SNPP,n,2.0NRT,294.76,1.87,D
22.94404,69.16373,337.22,0.45,0.47,2026-07-03,0818,SNPP,SNPP,n,2.0NRT,292.76,3.5,D
22.94318,69.15937,331.18,0.45,0.47,2026-07-03,0818,SNPP,SNPP,n,2.0NRT,293.59,3.5,D
23.64487,68.55601,345.04,0.47,0.48,2026-07-03,0818,SNPP,SNPP,n,2.0NRT,297.55,5.3,D
26.4458,84.59359,332.86,0.35,0.57,2026-07-03,0818,SNPP,SNPP,n,2.0NRT,291.45,3.1,D
28.1954,80.29359,330.91,0.41,0.45,2026-07-03,0818,SNPP,SNPP,n,2.0NRT,289.27,2.35,D
30.67798,75.15585,334,0.4,0.37,2026-07-03,0820,SNPP,SNPP,n,2.0NRT,298.01,1.7,D
30.89801,76.19987,333.06,0.42,0.38,2026-07-03,0820,SNPP,SNPP,n,2.0NRT,296.95,2.74,D
30.91885,75.43786,346.74,0.4,0.37,2026-07-03,0820,SNPP,SNPP,n,2.0NRT,300.06,10.45,D
31.07172,75.28515,338.52,0.4,0.37,2026-07-03,0820,SNPP,SNPP,n,2.0NRT,297.87,4,D
31.08939,75.31213,331.33,0.4,0.37,2026-07-03,0820,SNPP,SNPP,n,2.0NRT,296.81,2.2,D
31.16662,75.28979,332.74,0.4,0.37,2026-07-03,0820,SNPP,SNPP,n,2.0NRT,298.1,2.79,D
31.1187,74.68378,335.56,0.39,0.36,2026-07-03,0820,SNPP,SNPP,n,2.0NRT,298.84,2.34,D
31.2603,75.3388,332.1,0.4,0.37,2026-07-03,0820,SNPP,SNPP,n,2.0NRT,297.07,2.23,D
31.35954,75.9418,335.29,0.42,0.38,2026-07-03,0820,SNPP,SNPP,n,2.0NRT,299.29,3.7,D
31.39272,75.87252,333.89,0.42,0.38,2026-07-03,0820,SNPP,SNPP,n,2.0NRT,297.79,2.3,D
31.57808,75.83187,336.9,0.42,0.38,2026-07-03,0820,SNPP,SNPP,n,2.0NRT,297.84,4.43,D
31.53176,75.05977,333.26,0.4,0.37,2026-07-03,0820,SNPP,SNPP,n,2.0NRT,297.42,4,D
32.95311,74.59113,332.05,0.4,0.37,2026-07-03,0820,SNPP,SNPP,n,2.0NRT,300.24,2.03,D
32.9755,74.571,332.16,0.4,0.37,2026-07-03,0820,SNPP,SNPP,n,2.0NRT,301.1,3.55,D
25.54294,91.23304,313.07,0.42,0.61,2026-07-03,1904,SNPP,SNPP,n,2.0NRT,286.21,0.98,N
25.54259,91.23721,299.74,0.42,0.61,2026-07-03,1904,SNPP,SNPP,n,2.0NRT,286.25,0.98,N
25.03791,87.3859,302.53,0.71,0.75,2026-07-03,1904,SNPP,SNPP,n,2.0NRT,276.31,1.09,N
25.03376,87.38902,300.85,0.71,0.75,2026-07-03,1904,SNPP,SNPP,n,2.0NRT,276.57,1.9,N
28.37383,77.22612,304.69,0.38,0.36,2026-07-03,2044,SNPP,SNPP,n,2.0NRT,281.84,0.67,N
24.20466,82.7083,310.45,0.43,0.46,2026-07-03,2044,SNPP,SNPP,n,2.0NRT,291.06,1.59,N
24.18405,82.65882,305.82,0.43,0.46,2026-07-03,2044,SNPP,SNPP,n,2.0NRT,290.55,0.87,N
24.17744,82.64833,307.69,0.43,0.46,2026-07-03,2044,SNPP,SNPP,n,2.0NRT,290.94,1.93,N
24.18405,82.66082,305.57,0.43,0.46,2026-07-03,2044,SNPP,SNPP,n,2.0NRT,290.65,2.13,N
24.17738,82.65031,308.78,0.43,0.46,2026-07-03,2044,SNPP,SNPP,n,2.0NRT,290.63,1.93,N
24.17076,82.61755,307.77,0.43,0.46,2026-07-03,2044,SNPP,SNPP,n,2.0NRT,290.83,3.42,N
24.1641,82.62916,308.04,0.43,0.46,2026-07-03,2044,SNPP,SNPP,n,2.0NRT,291.06,2.05,N
24.14065,82.70319,307.4,0.43,0.46,2026-07-03,2044,SNPP,SNPP,n,2.0NRT,290.76,0.39,N
24.14565,82.6561,319.86,0.43,0.46,2026-07-03,2044,SNPP,SNPP,n,2.0NRT,290.81,2.64,N
24.15992,82.56247,305.92,0.43,0.46,2026-07-03,2044,SNPP,SNPP,n,2.0NRT,290.63,2.02,N
24.1591,82.56657,305.36,0.43,0.46,2026-07-03,2044,SNPP,SNPP,n,2.0NRT,290.63,2.02,N
24.15246,82.57807,309.92,0.43,0.46,2026-07-03,2044,SNPP,SNPP,n,2.0NRT,290.34,2.81,N
24.15166,82.58211,317.9,0.43,0.46,2026-07-03,2044,SNPP,SNPP,n,2.0NRT,290.59,2.81,N
24.14081,82.59284,309.16,0.43,0.46,2026-07-03,2044,SNPP,SNPP,n,2.0NRT,290.75,3.15,N
22.37185,87.2964,298.24,0.45,0.63,2026-07-03,2044,SNPP,SNPP,n,2.0NRT,278.56,1.17,N
22.36614,87.29485,297.74,0.45,0.63,2026-07-03,2044,SNPP,SNPP,n,2.0NRT,278.75,1.48,N
21.63232,82.11054,299.34,0.44,0.46,2026-07-03,2046,SNPP,SNPP,n,2.0NRT,278.2,0.68,N
26.04658,93.28896,328.12,0.45,0.63,2026-07-04,0618,SNPP,SNPP,n,2.0NRT,289.01,4.67,D
26.43062,93.72866,346.03,0.41,0.61,2026-07-04,0618,SNPP,SNPP,n,2.0NRT,290.02,5.84,D
26.43353,93.72788,350.64,0.41,0.61,2026-07-04,0618,SNPP,SNPP,n,2.0NRT,290.49,6.66,D
22.35903,82.30183,338.03,0.4,0.37,2026-07-04,0758,SNPP,SNPP,n,2.0NRT,294.97,2.45,D
23.16526,82.34155,340.73,0.41,0.37,2026-07-04,0758,SNPP,SNPP,n,2.0NRT,298.42,5.61,D
23.77735,86.21023,332.49,0.42,0.45,2026-07-04,0758,SNPP,SNPP,n,2.0NRT,292.75,2.68,D
23.78153,86.20962,343.24,0.42,0.45,2026-07-04,0758,SNPP,SNPP,n,2.0NRT,295.27,7.5,D
23.75601,85.85429,331.36,0.4,0.44,2026-07-04,0758,SNPP,SNPP,n,2.0NRT,297.3,4.72,D
24.14477,82.65762,338.35,0.43,0.38,2026-07-04,0758,SNPP,SNPP,n,2.0NRT,301.18,3.32,D
24.14892,82.58385,338.46,0.42,0.38,2026-07-04,0758,SNPP,SNPP,n,2.0NRT,300.32,4.98,D
24.16053,82.56495,330.7,0.42,0.38,2026-07-04,0758,SNPP,SNPP,n,2.0NRT,298.86,2.34,D
24.88208,83.66425,331.15,0.48,0.4,2026-07-04,0758,SNPP,SNPP,n,2.0NRT,297.91,3.51,D
25.80975,93.45818,329.23,0.62,0.72,2026-07-04,0758,SNPP,SNPP,n,2.0NRT,286.1,5.05,D
24.83795,81.48724,348.23,0.4,0.37,2026-07-04,0758,SNPP,SNPP,n,2.0NRT,299.94,8.14,D
26.03823,84.55218,336.28,0.54,0.42,2026-07-04,0758,SNPP,SNPP,n,2.0NRT,293.82,5.18,D
26.04405,83.50909,337.07,0.48,0.4,2026-07-04,0758,SNPP,SNPP,n,2.0NRT,300.91,4.27,D
25.80326,80.68755,332.92,0.39,0.36,2026-07-04,0758,SNPP,SNPP,l,2.0NRT,304.31,3.58,D
26.45226,84.59524,331.37,0.55,0.43,2026-07-04,0758,SNPP,SNPP,n,2.0NRT,289.86,4.16,D
23.63654,68.55256,333.57,0.46,0.64,2026-07-04,0758,SNPP,SNPP,n,2.0NRT,288.29,5.29,D
27.1217,79.95583,348.53,0.39,0.36,2026-07-04,0801,SNPP,SNPP,n,2.0NRT,301.35,13.55,D
29.18267,79.08075,330.72,0.38,0.36,2026-07-04,0801,SNPP,SNPP,n,2.0NRT,295.95,1.4,D
33.92004,74.98608,331.09,0.42,0.37,2026-07-04,0803,SNPP,SNPP,l,2.0NRT,306.03,2.29,D
31.26105,76.92358,301.6,0.41,0.45,2026-07-04,2023,SNPP,SNPP,n,2.0NRT,288.41,0.34,N
24.16182,82.56485,314.42,0.4,0.37,2026-07-04,2025,SNPP,SNPP,n,2.0NRT,289.85,2.82,N
24.14604,82.65839,313.82,0.4,0.37,2026-07-04,2025,SNPP,SNPP,n,2.0NRT,289.11,3.87,N
24.15185,82.58292,320.3,0.4,0.37,2026-07-04,2025,SNPP,SNPP,n,2.0NRT,289.85,3.07,N
24.1525,82.57907,311.97,0.4,0.37,2026-07-04,2025,SNPP,SNPP,n,2.0NRT,289.29,2.83,N
24.14849,82.58228,308.48,0.4,0.37,2026-07-04,2025,SNPP,SNPP,n,2.0NRT,289.61,2.63,N
24.05308,80.61297,311.3,0.39,0.36,2026-07-04,2025,SNPP,SNPP,n,2.0NRT,293.18,2.51,N
23.98903,79.39249,302.54,0.4,0.37,2026-07-04,2025,SNPP,SNPP,n,2.0NRT,278.01,0.76,N
22.21338,84.87067,300.12,0.5,0.41,2026-07-04,2025,SNPP,SNPP,n,2.0NRT,267.46,0.65,N
22.2096,84.55051,300.8,0.49,0.4,2026-07-04,2025,SNPP,SNPP,n,2.0NRT,278.47,0.82,N
26.64589,79.47888,341.22,0.42,0.38,2026-07-04,2025,SNPP,SNPP,n,2.0NRT,293.71,4.37,N
26.64244,79.47828,317.86,0.42,0.38,2026-07-04,2025,SNPP,SNPP,n,2.0NRT,293.78,2.19,N
24.92283,84.1555,309.06,0.43,0.38,2026-07-04,2025,SNPP,SNPP,n,2.0NRT,292.94,1.24,N
24.11675,86.85787,305.9,0.4,0.44,2026-07-04,2025,SNPP,SNPP,n,2.0NRT,286.43,2.35,N
23.69624,87.09377,305.23,0.42,0.45,2026-07-04,2025,SNPP,SNPP,n,2.0NRT,282.64,1.1,N
23.69298,87.11021,305.87,0.42,0.45,2026-07-04,2025,SNPP,SNPP,n,2.0NRT,282.42,1.86,N
23.69054,87.12258,311.62,0.42,0.45,2026-07-04,2025,SNPP,SNPP,n,2.0NRT,282.1,2.21,N
23.69129,87.09691,305.37,0.42,0.45,2026-07-04,2025,SNPP,SNPP,n,2.0NRT,283.46,1.12,N
23.68639,87.12164,307.47,0.42,0.45,2026-07-04,2025,SNPP,SNPP,n,2.0NRT,282.38,1.2,N
23.6666,87.15578,306.79,0.42,0.46,2026-07-04,2025,SNPP,SNPP,n,2.0NRT,281.45,1.89,N
23.66245,87.15482,308.62,0.42,0.46,2026-07-04,2025,SNPP,SNPP,n,2.0NRT,280.52,1.22,N
23.78003,86.38973,296.69,0.57,0.43,2026-07-04,2025,SNPP,SNPP,n,2.0NRT,267.31,1.23,N
23.76898,86.40384,298.1,0.38,0.43,2026-07-04,2025,SNPP,SNPP,n,2.0NRT,269.7,1.01,N
23.76501,86.40293,301.84,0.38,0.43,2026-07-04,2025,SNPP,SNPP,n,2.0NRT,268.5,1.01,N
23.76841,86.40076,298.58,0.38,0.43,2026-07-04,2025,SNPP,SNPP,n,2.0NRT,270.66,0.69,N
23.7677,86.40446,298.53,0.38,0.43,2026-07-04,2025,SNPP,SNPP,n,2.0NRT,268.32,0.69,N
23.76374,86.40355,296.92,0.38,0.43,2026-07-04,2025,SNPP,SNPP,n,2.0NRT,265.87,0.69,N
23.75977,86.40265,298.07,0.38,0.43,2026-07-04,2025,SNPP,SNPP,n,2.0NRT,266.22,1.18,N
23.56072,87.22869,329.48,0.43,0.46,2026-07-04,2025,SNPP,SNPP,n,2.0NRT,280.11,3.6,N
23.55907,87.23703,312.46,0.43,0.46,2026-07-04,2025,SNPP,SNPP,n,2.0NRT,279.61,2.12,N
23.55824,87.24121,319.8,0.43,0.46,2026-07-04,2025,SNPP,SNPP,n,2.0NRT,279.72,2.12,N
23.55323,87.24441,303.59,0.43,0.46,2026-07-04,2025,SNPP,SNPP,n,2.0NRT,279.66,1.15,N
23.56386,87.08179,306.55,0.42,0.45,2026-07-04,2025,SNPP,SNPP,n,2.0NRT,279.56,1.56,N
23.67897,86.39227,295.06,0.38,0.43,2026-07-04,2025,SNPP,SNPP,n,2.0NRT,267.6,1.05,N
23.67825,86.39597,297.71,0.38,0.43,2026-07-04,2025,SNPP,SNPP,n,2.0NRT,268.52,0.91,N
23.67751,86.39973,300.32,0.38,0.44,2026-07-04,2025,SNPP,SNPP,n,2.0NRT,269.2,0.91,N
23.67426,86.39512,295.36,0.38,0.43,2026-07-04,2025,SNPP,SNPP,n,2.0NRT,268.43,0.91,N
24.20328,82.71031,317.61,0.4,0.37,2026-07-04,2025,SNPP,SNPP,n,2.0NRT,290.17,3.29,N
24.19927,82.71349,306.02,0.4,0.37,2026-07-04,2025,SNPP,SNPP,n,2.0NRT,289.19,3.31,N
24.20643,82.52578,309.09,0.4,0.37,2026-07-04,2025,SNPP,SNPP,n,2.0NRT,290.91,2.14,N
24.18429,82.65796,305.61,0.4,0.37,2026-07-04,2025,SNPP,SNPP,n,2.0NRT,288.31,1.14,N
24.17766,82.67676,307.8,0.4,0.37,2026-07-04,2025,SNPP,SNPP,n,2.0NRT,288.02,1.97,N
24.16264,82.60114,311.56,0.4,0.37,2026-07-04,2025,SNPP,SNPP,n,2.0NRT,289.59,3.08,N
24.1442,82.7104,306.27,0.4,0.37,2026-07-04,2025,SNPP,SNPP,n,2.0NRT,289.73,2.36,N
24.1415,82.70583,311.74,0.4,0.37,2026-07-04,2025,SNPP,SNPP,n,2.0NRT,289.16,2.18,N
8.85079,78.1366,307.48,0.39,0.36,2026-07-04,2029,SNPP,SNPP,n,2.0NRT,294.19,0.37,N
8.69232,77.45238,306.38,0.38,0.36,2026-07-04,2029,SNPP,SNPP,n,2.0NRT,292.99,1.33,N
9.23668,77.45427,328.47,0.38,0.36,2026-07-04,2029,SNPP,SNPP,n,2.0NRT,292.74,2.57,N
9.24,77.4548,328.79,0.38,0.36,2026-07-04,2029,SNPP,SNPP,n,2.0NRT,293.32,2.57,N
11.81782,77.91612,303.83,0.38,0.36,2026-07-04,2029,SNPP,SNPP,n,2.0NRT,280.58,0.98,N
11.61652,77.75391,302.92,0.39,0.36,2026-07-04,2029,SNPP,SNPP,n,2.0NRT,289.23,0.58,N
11.13216,77.90608,307.98,0.38,0.36,2026-07-04,2029,SNPP,SNPP,n,2.0NRT,288.79,0.56,N
11.12885,77.90555,305.91,0.38,0.36,2026-07-04,2029,SNPP,SNPP,n,2.0NRT,287.33,0.56,N
10.74805,79.59525,367,0.33,0.55,2026-07-05,0735,SNPP,SNPP,h,2.0NRT,298.2,4.98,D
8.51312,78.11502,333.2,0.45,0.63,2026-07-05,0735,SNPP,SNPP,n,2.0NRT,299.83,3.16,D
8.51573,78.06343,330.98,0.45,0.63,2026-07-05,0735,SNPP,SNPP,n,2.0NRT,297.64,2.79,D
8.51451,78.06382,330.56,0.45,0.63,2026-07-05,0735,SNPP,SNPP,n,2.0NRT,297.46,3.51,D
9.60101,78.59337,330.99,0.4,0.6,2026-07-05,0735,SNPP,SNPP,n,2.0NRT,300.7,1.85,D
9.64416,78.8252,339.96,0.38,0.59,2026-07-05,0735,SNPP,SNPP,n,2.0NRT,299.1,1.56,D
9.60042,78.59267,332.02,0.4,0.6,2026-07-05,0735,SNPP,SNPP,n,2.0NRT,300.93,1.97,D
9.64959,78.82422,331.81,0.38,0.59,2026-07-05,0735,SNPP,SNPP,n,2.0NRT,298.2,1.56,D
9.76927,78.28485,332.72,0.42,0.61,2026-07-05,0735,SNPP,SNPP,n,2.0NRT,296.84,2.92,D
9.86924,78.38729,332.84,0.41,0.6,2026-07-05,0735,SNPP,SNPP,n,2.0NRT,295.34,3.18,D
10.75063,79.59707,331.46,0.33,0.55,2026-07-05,0735,SNPP,SNPP,n,2.0NRT,296.45,2.87,D
10.75009,79.59407,340.11,0.33,0.55,2026-07-05,0735,SNPP,SNPP,n,2.0NRT,296.9,2.66,D
11.1464,79.41483,343.04,0.33,0.55,2026-07-05,0735,SNPP,SNPP,n,2.0NRT,291.61,3.29,D
12.36299,79.64941,339.98,0.61,0.53,2026-07-05,0735,SNPP,SNPP,n,2.0NRT,302.12,5.36,D
12.36481,79.64824,336.24,0.61,0.53,2026-07-05,0735,SNPP,SNPP,n,2.0NRT,302.08,4.62,D
12.48772,79.75386,331.66,0.59,0.53,2026-07-05,0735,SNPP,SNPP,l,2.0NRT,301.89,2.58,D
24.18182,82.66137,331.95,0.42,0.37,2026-07-05,0739,SNPP,SNPP,n,2.0NRT,296.21,4.86,D
23.98024,82.62785,333.01,0.42,0.38,2026-07-05,0739,SNPP,SNPP,l,2.0NRT,298.94,3.51,D
24.20427,82.71127,336.65,0.41,0.37,2026-07-05,0739,SNPP,SNPP,l,2.0NRT,299.65,7.09,D
25.42578,86.57454,332.54,0.41,0.37,2026-07-05,0739,SNPP,SNPP,n,2.0NRT,294.36,2.43,D
26.48527,93.68386,332.08,0.33,0.55,2026-07-05,0739,SNPP,SNPP,n,2.0NRT,290.08,1.76,D
26.08314,84.75328,346.85,0.38,0.36,2026-07-05,0739,SNPP,SNPP,n,2.0NRT,296.72,3.77,D
25.22739,73.1808,332.92,0.44,0.62,2026-07-05,0739,SNPP,SNPP,n,2.0NRT,290.47,2.64,D
25.22808,73.18058,332.68,0.44,0.62,2026-07-05,0739,SNPP,SNPP,n,2.0NRT,290.58,3.05,D
26.37253,74.33287,330.15,0.35,0.57,2026-07-05,0739,SNPP,SNPP,n,2.0NRT,292.42,3.5,D
30.89562,76.26136,331.42,0.44,0.46,2026-07-05,0741,SNPP,SNPP,n,2.0NRT,293.31,2.54,D
27.37953,95.33602,307.78,0.57,0.52,2026-07-05,2006,SNPP,SNPP,n,2.0NRT,285.86,2.44,N
27.36738,94.89479,308.29,0.54,0.51,2026-07-05,2006,SNPP,SNPP,n,2.0NRT,288.28,4.35,N
23.80823,84.8452,295.74,0.39,0.36,2026-07-05,2008,SNPP,SNPP,n,2.0NRT,271.37,0.61,N
23.73762,85.0162,299.31,0.39,0.36,2026-07-05,2008,SNPP,SNPP,n,2.0NRT,281.56,0.58,N
23.73704,85.01999,296,0.39,0.36,2026-07-05,2008,SNPP,SNPP,n,2.0NRT,277.29,0.58,N
13.39212,80.10081,308.66,0.46,0.39,2026-07-05,2010,SNPP,SNPP,n,2.0NRT,281.48,1.25,N
13.32349,77.27927,295.09,0.44,0.46,2026-07-05,2010,SNPP,SNPP,n,2.0NRT,276.4,1,N
12.8547,79.90621,310.92,0.46,0.39,2026-07-05,2010,SNPP,SNPP,n,2.0NRT,264.03,1.36,N
12.74434,77.61848,295.02,0.41,0.45,2026-07-05,2010,SNPP,SNPP,n,2.0NRT,273.66,0.61,N
10.97522,78.06057,307.72,0.56,0.43,2026-07-05,2010,SNPP,SNPP,n,2.0NRT,289.21,1.12,N
10.97679,78.05924,309.03,0.55,0.43,2026-07-05,2010,SNPP,SNPP,n,2.0NRT,289.16,0.97,N
10.02099,77.45665,323.48,0.39,0.44,2026-07-05,2012,SNPP,SNPP,n,2.0NRT,289.21,1.91,N
9.87093,78.0898,329.79,0.54,0.42,2026-07-05,2012,SNPP,SNPP,n,2.0NRT,296.3,4.33,N
8.46277,77.92004,312.69,0.53,0.42,2026-07-05,2012,SNPP,SNPP,n,2.0NRT,296.13,1.82,N
8.23523,93.12387,348.94,0.38,0.36,2026-07-06,0716,SNPP,SNPP,n,2.0NRT,299.74,20.29,D
10.9666,79.77705,331.84,0.65,0.73,2026-07-06,0718,SNPP,SNPP,n,2.0NRT,287.64,3.44,D
25.60465,92.81185,332.43,0.47,0.39,2026-07-06,0720,SNPP,SNPP,n,2.0NRT,291.69,2.85,D
27.29141,92.60725,336.6,0.47,0.4,2026-07-06,0722,SNPP,SNPP,n,2.0NRT,294.13,8.39,D
28.75745,94.26521,335.92,0.4,0.44,2026-07-06,0722,SNPP,SNPP,n,2.0NRT,291.26,3.03,D
27.00587,79.89153,331.11,0.61,0.53,2026-07-06,0722,SNPP,SNPP,n,2.0NRT,292.53,4.63,D
27.27538,79.43887,331.59,0.32,0.55,2026-07-06,0722,SNPP,SNPP,n,2.0NRT,293.28,1.81,D
27.37368,77.69276,343.31,0.4,0.6,2026-07-06,0722,SNPP,SNPP,n,2.0NRT,289.94,4.95,D
30.95805,75.27978,350.52,0.46,0.64,2026-07-06,0722,SNPP,SNPP,n,2.0NRT,290.78,6.99,D
8.42381,77.68171,330.47,0.4,0.6,2026-07-06,0858,SNPP,SNPP,l,2.0NRT,302.51,0.95,D
8.42836,77.68019,337.24,0.4,0.6,2026-07-06,0858,SNPP,SNPP,n,2.0NRT,305.68,1.74,D
8.74766,78.15528,331.7,0.43,0.62,2026-07-06,0858,SNPP,SNPP,n,2.0NRT,302.06,2.96,D
8.75756,78.18655,336.16,0.43,0.62,2026-07-06,0858,SNPP,SNPP,n,2.0NRT,302.09,7.42,D
8.75704,78.18254,356.17,0.43,0.62,2026-07-06,0858,SNPP,SNPP,n,2.0NRT,303.46,7.42,D
8.73176,77.6841,331.47,0.4,0.6,2026-07-06,0858,SNPP,SNPP,n,2.0NRT,299.51,3.02,D
8.73015,77.685,330.24,0.4,0.6,2026-07-06,0858,SNPP,SNPP,n,2.0NRT,299.65,1.32,D
8.89153,77.95768,338.36,0.42,0.61,2026-07-06,0858,SNPP,SNPP,n,2.0NRT,303.23,3.96,D
8.89378,77.95686,343.02,0.42,0.61,2026-07-06,0858,SNPP,SNPP,n,2.0NRT,303.03,4.34,D
9.20151,77.60658,337.42,0.4,0.6,2026-07-06,0858,SNPP,SNPP,n,2.0NRT,300.31,2.18,D
9.23857,77.80582,332.85,0.41,0.61,2026-07-06,0858,SNPP,SNPP,n,2.0NRT,299.48,1.71,D
9.36402,78.69342,347.59,0.48,0.64,2026-07-06,0858,SNPP,SNPP,n,2.0NRT,305.5,4.41,D
9.2668,77.67094,354.68,0.41,0.6,2026-07-06,0858,SNPP,SNPP,n,2.0NRT,300.7,4.61,D
9.2663,77.66717,343.48,0.41,0.6,2026-07-06,0858,SNPP,SNPP,n,2.0NRT,299.94,4.61,D
9.26417,77.66696,336.26,0.41,0.6,2026-07-06,0858,SNPP,SNPP,n,2.0NRT,300.34,3.3,D
9.27026,77.67004,351.63,0.41,0.6,2026-07-06,0858,SNPP,SNPP,n,2.0NRT,299.9,4.71,D
9.35943,77.96558,339.88,0.43,0.62,2026-07-06,0858,SNPP,SNPP,n,2.0NRT,301,2.3,D
9.35892,77.96161,332.88,0.43,0.62,2026-07-06,0858,SNPP,SNPP,n,2.0NRT,300.28,2.3,D
9.49097,78.81142,334,0.49,0.65,2026-07-06,0858,SNPP,SNPP,n,2.0NRT,302.02,2.26,D
9.47346,78.55919,331.63,0.47,0.64,2026-07-06,0858,SNPP,SNPP,n,2.0NRT,301.36,2.19,D
9.54725,78.56785,333.44,0.47,0.64,2026-07-06,0858,SNPP,SNPP,n,2.0NRT,300.44,2.35,D
9.56965,78.6009,333.86,0.47,0.64,2026-07-06,0858,SNPP,SNPP,n,2.0NRT,300.47,5.45,D
9.56909,78.59649,357.32,0.47,0.64,2026-07-06,0858,SNPP,SNPP,n,2.0NRT,301.08,5.45,D
9.8698,78.08966,333.64,0.44,0.62,2026-07-06,0858,SNPP,SNPP,n,2.0NRT,297.85,3.03,D
10.10034,78.6627,330.51,0.49,0.65,2026-07-06,0858,SNPP,SNPP,n,2.0NRT,295.1,3.1,D
10.813,78.84579,340.95,0.51,0.66,2026-07-06,0858,SNPP,SNPP,n,2.0NRT,285.36,4.79,D
10.81157,78.84418,333.86,0.51,0.66,2026-07-06,0858,SNPP,SNPP,n,2.0NRT,284.95,6.04,D
10.96692,79.78067,341.19,0.59,0.7,2026-07-06,0858,SNPP,SNPP,n,2.0NRT,293.36,6.54,D
23.37765,69.96687,337.72,0.4,0.44,2026-07-06,0902,SNPP,SNPP,n,2.0NRT,296.05,2.83,D
22.92964,70.10638,332.47,0.4,0.44,2026-07-06,0902,SNPP,SNPP,n,2.0NRT,296.27,4.76,D
23.41134,69.27402,344.35,0.54,0.42,2026-07-06,0902,SNPP,SNPP,n,2.0NRT,299.65,8.3,D
23.41525,69.27348,346.49,0.54,0.42,2026-07-06,0902,SNPP,SNPP,n,2.0NRT,299.64,8.69,D
23.64977,68.56375,342.44,0.5,0.41,2026-07-06,0902,SNPP,SNPP,n,2.0NRT,299.08,5.86,D
23.64916,68.55882,337.35,0.5,0.41,2026-07-06,0902,SNPP,SNPP,n,2.0NRT,299.98,5.86,D
31.19424,75.54074,340.44,0.52,0.67,2026-07-06,0905,SNPP,SNPP,n,2.0NRT,290.44,6.67,D
22.37868,87.27811,326.88,0.44,0.39,2026-07-06,1947,SNPP,SNPP,n,2.0NRT,288.05,4.56,N
15.76587,79.13899,298.98,0.37,0.58,2026-07-06,1949,SNPP,SNPP,n,2.0NRT,274.06,0.4,N
10.92097,78.51459,304.21,0.35,0.57,2026-07-06,1951,SNPP,SNPP,n,2.0NRT,288.72,0.73,N
10.03695,78.27264,308.23,0.36,0.57,2026-07-06,1951,SNPP,SNPP,n,2.0NRT,290.83,1.23,N
8.75966,78.18039,315.73,0.35,0.56,2026-07-06,1951,SNPP,SNPP,n,2.0NRT,291.57,2.19,N
8.75925,78.18357,310.68,0.35,0.56,2026-07-06,1951,SNPP,SNPP,n,2.0NRT,291.67,1.41,N
8.75955,78.18007,310.65,0.35,0.56,2026-07-06,1951,SNPP,SNPP,n,2.0NRT,290.96,2.09,N
8.75911,78.18324,316.34,0.35,0.56,2026-07-06,1951,SNPP,SNPP,n,2.0NRT,291.11,1.65,N
8.62847,77.88665,306.65,0.36,0.57,2026-07-06,1951,SNPP,SNPP,n,2.0NRT,290.52,0.51,N
29.77602,76.54478,306.41,0.33,0.55,2026-07-06,2127,SNPP,SNPP,n,2.0NRT,288.7,1.95,N
27.66833,76.13223,296.3,0.34,0.56,2026-07-06,2127,SNPP,SNPP,n,2.0NRT,279.24,1.23,N
20.79483,85.25611,342.82,0.38,0.58,2026-07-07,0701,SNPP,SNPP,n,2.0NRT,288.34,6.26,D
20.89047,84.98204,326.66,0.39,0.59,2026-07-07,0701,SNPP,SNPP,n,2.0NRT,287.4,3.33,D
20.96803,85.17975,330.58,0.38,0.59,2026-07-07,0701,SNPP,SNPP,n,2.0NRT,284.37,4.9,D
8.75862,78.18256,346.92,0.42,0.45,2026-07-07,0837,SNPP,SNPP,n,2.0NRT,298.54,15.99,D
8.96682,78.03822,333.14,0.41,0.45,2026-07-07,0837,SNPP,SNPP,n,2.0NRT,298.43,2.78,D
9.14977,77.92905,330.81,0.41,0.45,2026-07-07,0837,SNPP,SNPP,n,2.0NRT,298.17,0.91,D
9.16655,77.98769,332.77,0.41,0.45,2026-07-07,0837,SNPP,SNPP,n,2.0NRT,296.23,1.66,D
9.28626,78.76861,347.38,0.46,0.47,2026-07-07,0837,SNPP,SNPP,n,2.0NRT,297.77,6.18,D
9.28566,78.7644,335.51,0.46,0.47,2026-07-07,0837,SNPP,SNPP,n,2.0NRT,297.46,3.34,D
9.16872,77.98731,331.45,0.41,0.45,2026-07-07,0837,SNPP,SNPP,n,2.0NRT,296.62,1.29,D
9.28707,78.7693,331.82,0.46,0.47,2026-07-07,0837,SNPP,SNPP,n,2.0NRT,296.78,3.02,D
9.2865,78.76508,343.95,0.46,0.47,2026-07-07,0837,SNPP,SNPP,n,2.0NRT,297.96,5.65,D
9.36469,78.65609,335.81,0.45,0.47,2026-07-07,0837,SNPP,SNPP,n,2.0NRT,300.19,1.68,D
9.37712,78.65015,342.56,0.45,0.47,2026-07-07,0837,SNPP,SNPP,n,2.0NRT,297.77,1.37,D
9.37821,78.65112,341.68,0.45,0.47,2026-07-07,0837,SNPP,SNPP,n,2.0NRT,297.53,4.09,D
9.28139,77.57417,344.33,0.39,0.44,2026-07-07,0837,SNPP,SNPP,n,2.0NRT,299.38,2.75,D
9.4802,78.68404,330.7,0.46,0.47,2026-07-07,0837,SNPP,SNPP,n,2.0NRT,300.48,1.59,D
9.39963,77.80405,337.18,0.4,0.44,2026-07-07,0837,SNPP,SNPP,n,2.0NRT,297.97,1.74,D
9.60035,78.81169,335.25,0.47,0.48,2026-07-07,0837,SNPP,SNPP,n,2.0NRT,301.63,3.55,D
9.59952,78.80882,338.56,0.47,0.48,2026-07-07,0837,SNPP,SNPP,n,2.0NRT,301.85,4.48,D
9.88767,78.86205,331.79,0.48,0.48,2026-07-07,0837,SNPP,SNPP,n,2.0NRT,296.14,2.95,D
10.45953,77.43645,344.27,0.39,0.44,2026-07-07,0837,SNPP,SNPP,n,2.0NRT,295.33,7.35,D
11.15713,77.52616,340.13,0.41,0.45,2026-07-07,0839,SNPP,SNPP,n,2.0NRT,284.93,2.23,D
12.19576,79.73078,337.04,0.59,0.52,2026-07-07,0839,SNPP,SNPP,n,2.0NRT,283.67,8.28,D
12.19788,79.72728,341.73,0.59,0.53,2026-07-07,0839,SNPP,SNPP,n,2.0NRT,282.28,7.72,D
16.98034,78.22531,339.92,0.54,0.51,2026-07-07,0839,SNPP,SNPP,n,2.0NRT,291.7,5.31,D
17.04536,78.23476,333.48,0.54,0.51,2026-07-07,0839,SNPP,SNPP,n,2.0NRT,288.81,4.41,D
27.52609,71.82481,348.05,0.47,0.4,2026-07-07,0843,SNPP,SNPP,n,2.0NRT,306.9,22.06,D
30.81023,74.26478,344.02,0.46,0.47,2026-07-07,0843,SNPP,SNPP,n,2.0NRT,295.69,8.61,D
21.48695,81.76606,306.65,0.59,0.7,2026-07-07,1930,SNPP,SNPP,n,2.0NRT,283.45,1.3,N
21.38116,81.67757,302.16,0.6,0.71,2026-07-07,1930,SNPP,SNPP,n,2.0NRT,283.6,1.62,N
21.37455,81.67699,305.57,0.6,0.71,2026-07-07,1930,SNPP,SNPP,n,2.0NRT,283.66,1.62,N
21.37634,81.67677,310.2,0.6,0.71,2026-07-07,1930,SNPP,SNPP,n,2.0NRT,283.48,2.82,N
21.18476,81.38311,302.08,0.62,0.72,2026-07-07,1930,SNPP,SNPP,n,2.0NRT,281.74,2,N
12.82738,79.72861,306.25,0.64,0.72,2026-07-07,1932,SNPP,SNPP,n,2.0NRT,280.22,0.66,N
12.82517,79.728,301.48,0.64,0.72,2026-07-07,1932,SNPP,SNPP,n,2.0NRT,280.8,1.01,N
8.75953,78.17812,307.35,0.72,0.76,2026-07-07,1934,SNPP,SNPP,n,2.0NRT,290.32,1.61,N
8.76204,78.17858,306.46,0.72,0.76,2026-07-07,1934,SNPP,SNPP,n,2.0NRT,290.14,1.69,N
27.431,70.56859,308.49,0.38,0.36,2026-07-07,2110,SNPP,SNPP,n,2.0NRT,275.52,1.17,N
20.12748,79.01743,304.84,0.38,0.59,2026-07-07,2110,SNPP,SNPP,n,2.0NRT,278.07,0.54,N
21.3785,81.64066,304.37,0.52,0.67,2026-07-07,2110,SNPP,SNPP,n,2.0NRT,283.96,2,N
21.37637,81.67722,306.7,0.52,0.67,2026-07-07,2110,SNPP,SNPP,n,2.0NRT,283.55,2.54,N
21.38179,81.67952,300.46,0.52,0.67,2026-07-07,2110,SNPP,SNPP,n,2.0NRT,283.71,2.25,N
21.39021,81.64462,302.07,0.52,0.67,2026-07-07,2110,SNPP,SNPP,n,2.0NRT,283.76,2.62,N
27.42889,70.56018,306.08,0.38,0.36,2026-07-07,2110,SNPP,SNPP,n,2.0NRT,275.07,1.38,N
15.18097,76.6776,297.11,0.33,0.56,2026-07-07,2112,SNPP,SNPP,n,2.0NRT,286.09,0.57,N
19.92351,79.11318,304.86,0.39,0.59,2026-07-07,2112,SNPP,SNPP,n,2.0NRT,284.35,0.8,N
18.71809,79.53593,306.05,0.44,0.62,2026-07-07,2112,SNPP,SNPP,n,2.0NRT,284.15,1.43,N
9.74979,77.6769,313.62,0.49,0.65,2026-07-07,2114,SNPP,SNPP,n,2.0NRT,287.2,1.89,N
9.28329,77.97644,304.84,0.52,0.67,2026-07-07,2114,SNPP,SNPP,n,2.0NRT,288.53,0.52,N
9.74687,77.67258,305.88,0.49,0.65,2026-07-07,2114,SNPP,SNPP,n,2.0NRT,286.18,0.66,N
9.75189,77.67866,303.71,0.49,0.65,2026-07-07,2114,SNPP,SNPP,n,2.0NRT,287.51,1.24,N
8.76261,78.18283,306.24,0.55,0.68,2026-07-07,2114,SNPP,SNPP,n,2.0NRT,290.49,1.27,N
8.75935,78.18108,314.43,0.55,0.68,2026-07-07,2114,SNPP,SNPP,n,2.0NRT,290.35,1.86,N
8.68137,78.0736,336.58,0.39,0.36,2026-07-08,0820,SNPP,SNPP,n,2.0NRT,300.62,3.69,D
9.37269,78.85062,331.28,0.4,0.37,2026-07-08,0820,SNPP,SNPP,n,2.0NRT,299.87,2.77,D
9.75645,78.75816,342.6,0.4,0.37,2026-07-08,0820,SNPP,SNPP,n,2.0NRT,306.54,5.83,D
9.75985,78.75765,340.14,0.4,0.37,2026-07-08,0820,SNPP,SNPP,n,2.0NRT,305.69,5.83,D
9.82122,79.00884,337.74,0.41,0.37,2026-07-08,0820,SNPP,SNPP,n,2.0NRT,302.8,3.31,D
9.76849,78.26132,331.29,0.39,0.36,2026-07-08,0820,SNPP,SNPP,n,2.0NRT,286.47,6.22,D
9.77292,78.26794,352.22,0.39,0.36,2026-07-08,0820,SNPP,SNPP,n,2.0NRT,291.44,39.77,D
9.77238,78.26438,343.63,0.39,0.36,2026-07-08,0820,SNPP,SNPP,n,2.0NRT,296.66,46.49,D
9.99793,79.14295,335.68,0.41,0.37,2026-07-08,0820,SNPP,SNPP,n,2.0NRT,301.19,1.24,D
9.96426,78.74841,331.63,0.4,0.37,2026-07-08,0820,SNPP,SNPP,n,2.0NRT,292.84,1.52,D
10.16628,78.75124,345.08,0.4,0.37,2026-07-08,0820,SNPP,SNPP,n,2.0NRT,298.18,6.01,D
10.35605,78.99651,335.16,0.41,0.37,2026-07-08,0820,SNPP,SNPP,n,2.0NRT,299.88,1.44,D
10.50102,79.44449,332.42,0.43,0.38,2026-07-08,0820,SNPP,SNPP,n,2.0NRT,284.2,3.9,D
11.17715,79.84241,332.47,0.45,0.39,2026-07-08,0820,SNPP,SNPP,n,2.0NRT,290.4,3.81,D
11.10565,78.61907,330.93,0.41,0.37,2026-07-08,0820,SNPP,SNPP,n,2.0NRT,287.79,2.67,D
11.1442,78.6935,335.23,0.41,0.37,2026-07-08,0820,SNPP,SNPP,n,2.0NRT,288.51,1.63,D
12.51936,80.02107,332.44,0.47,0.4,2026-07-08,0820,SNPP,SNPP,n,2.0NRT,292.94,1.37,D
12.52247,80.02155,335.69,0.47,0.4,2026-07-08,0820,SNPP,SNPP,n,2.0NRT,293.63,2.73,D
12.52186,80.01719,333.91,0.47,0.4,2026-07-08,0820,SNPP,SNPP,n,2.0NRT,295.43,3.52,D
12.55544,80.15147,333.66,0.48,0.4,2026-07-08,0820,SNPP,SNPP,n,2.0NRT,299.46,2.48,D
12.62809,79.92722,330.73,0.47,0.4,2026-07-08,0820,SNPP,SNPP,n,2.0NRT,293.86,2.13,D
12.62299,79.65347,336.32,0.46,0.39,2026-07-08,0820,SNPP,SNPP,n,2.0NRT,295.72,5.32,D
12.84643,79.76154,337.29,0.46,0.39,2026-07-08,0820,SNPP,SNPP,n,2.0NRT,293.93,4.43,D
12.84583,79.75726,348.17,0.46,0.39,2026-07-08,0820,SNPP,SNPP,n,2.0NRT,294.64,4.43,D
12.96876,79.97063,341.6,0.48,0.4,2026-07-08,0820,SNPP,SNPP,n,2.0NRT,297.6,6.51,D
12.94513,79.80074,330.01,0.47,0.39,2026-07-08,0820,SNPP,SNPP,n,2.0NRT,289.41,4.34,D
13.04357,79.65591,336.98,0.46,0.39,2026-07-08,0820,SNPP,SNPP,n,2.0NRT,294.9,4.23,D
13.06588,79.65698,332.46,0.46,0.39,2026-07-08,0820,SNPP,SNPP,n,2.0NRT,292.97,1.95,D
13.29988,80.25507,337.6,0.5,0.41,2026-07-08,0820,SNPP,SNPP,n,2.0NRT,295.55,4.54,D
13.29996,80.25228,330.58,0.5,0.41,2026-07-08,0820,SNPP,SNPP,n,2.0NRT,294.02,1.15,D
13.3031,80.21912,331.02,0.49,0.41,2026-07-08,0820,SNPP,SNPP,n,2.0NRT,294.38,3.64,D
13.3881,80.25374,340.27,0.5,0.41,2026-07-08,0820,SNPP,SNPP,n,2.0NRT,296.63,3.47,D
13.79061,80.16039,346.72,0.5,0.41,2026-07-08,0820,SNPP,SNPP,n,2.0NRT,296.62,7.41,D
14.80654,79.02847,341.54,0.45,0.39,2026-07-08,0822,SNPP,SNPP,n,2.0NRT,299.97,8.5,D
14.56376,77.84547,334.63,0.41,0.37,2026-07-08,0822,SNPP,SNPP,n,2.0NRT,295.07,1.83,D
14.91118,78.67706,330.46,0.44,0.38,2026-07-08,0822,SNPP,SNPP,n,2.0NRT,294.99,2.91,D
15.08376,79.77434,337.46,0.49,0.4,2026-07-08,0822,SNPP,SNPP,n,2.0NRT,299.89,1.59,D
15.08749,79.7738,331.39,0.49,0.4,2026-07-08,0822,SNPP,SNPP,n,2.0NRT,299.08,1.59,D
15.08503,79.34584,334.74,0.47,0.4,2026-07-08,0822,SNPP,SNPP,n,2.0NRT,298.99,4.63,D
15.02867,78.79228,337.32,0.44,0.38,2026-07-08,0822,SNPP,SNPP,n,2.0NRT,299.9,3.34,D
15.29463,80.05584,348.37,0.51,0.41,2026-07-08,0822,SNPP,SNPP,n,2.0NRT,300.59,12.87,D
15.49749,79.79961,331.32,0.5,0.41,2026-07-08,0822,SNPP,SNPP,n,2.0NRT,294.52,4.93,D
15.4978,79.7967,342.08,0.5,0.41,2026-07-08,0822,SNPP,SNPP,n,2.0NRT,299.06,5.51,D
15.16751,77.41862,336.86,0.4,0.37,2026-07-08,0822,SNPP,SNPP,n,2.0NRT,298.32,1.23,D
15.18691,76.31667,334.83,0.38,0.36,2026-07-08,0822,SNPP,SNPP,n,2.0NRT,293.67,2.2,D
15.85871,80.48639,341.24,0.55,0.42,2026-07-08,0822,SNPP,SNPP,n,2.0NRT,292.68,6.74,D
15.77668,79.3028,338.61,0.47,0.4,2026-07-08,0822,SNPP,SNPP,n,2.0NRT,297.96,5.65,D
15.84544,79.75671,337.65,0.5,0.41,2026-07-08,0822,SNPP,SNPP,n,2.0NRT,297.25,4.1,D
15.94018,79.463,335.45,0.48,0.4,2026-07-08,0822,SNPP,SNPP,n,2.0NRT,297.51,4.42,D
15.83798,76.64834,336.9,0.39,0.36,2026-07-08,0822,SNPP,SNPP,n,2.0NRT,290.81,4.01,D
16.26687,77.7962,334.28,0.42,0.37,2026-07-08,0822,SNPP,SNPP,n,2.0NRT,295.94,6.17,D
23.61257,69.06514,348.62,0.54,0.42,2026-07-08,0824,SNPP,SNPP,n,2.0NRT,303.24,15.48,D
30.1844,74.51098,340.22,0.42,0.37,2026-07-08,0826,SNPP,SNPP,n,2.0NRT,301.49,5.05,D
31.19911,75.49665,342.36,0.46,0.39,2026-07-08,0826,SNPP,SNPP,n,2.0NRT,294.15,5.16,D
31.22663,75.10816,336.91,0.44,0.39,2026-07-08,0826,SNPP,SNPP,n,2.0NRT,290.54,3.32,D
24.13871,71.44772,306.48,0.46,0.39,2026-07-08,2053,SNPP,SNPP,n,2.0NRT,284.31,1.06,N
23.12128,70.08623,310.2,0.52,0.42,2026-07-08,2053,SNPP,SNPP,n,2.0NRT,293.36,3.26,N
23.12332,70.08395,306.75,0.52,0.42,2026-07-08,2053,SNPP,SNPP,n,2.0NRT,293.75,2.96,N
22.92764,70.10416,305.82,0.52,0.41,2026-07-08,2053,SNPP,SNPP,n,2.0NRT,292.51,2.06,N
22.93521,69.6971,314.12,0.54,0.42,2026-07-08,2053,SNPP,SNPP,n,2.0NRT,294.22,4.14,N
22.77576,70.8986,311.56,0.47,0.4,2026-07-08,2053,SNPP,SNPP,n,2.0NRT,293.3,4.64,N
22.9313,69.6965,306.65,0.54,0.42,2026-07-08,2053,SNPP,SNPP,n,2.0NRT,294.19,3.46,N
21.23342,79.63,296.51,0.4,0.44,2026-07-08,2053,SNPP,SNPP,n,2.0NRT,277.65,0.46,N
21.33813,78.96714,304.27,0.55,0.43,2026-07-08,2053,SNPP,SNPP,n,2.0NRT,288.76,0.85,N
21.10802,72.64612,306.48,0.4,0.37,2026-07-08,2053,SNPP,SNPP,n,2.0NRT,287.29,1.17,N
21.10465,72.64555,330.98,0.4,0.37,2026-07-08,2053,SNPP,SNPP,n,2.0NRT,287.9,3.48,N
21.10637,72.63408,309.35,0.4,0.37,2026-07-08,2053,SNPP,SNPP,n,2.0NRT,287.01,0.91,N
21.103,72.63351,309.51,0.4,0.37,2026-07-08,2053,SNPP,SNPP,n,2.0NRT,286.55,0.91,N
19.10432,82.16722,309.57,0.63,0.54,2026-07-08,2053,SNPP,SNPP,n,2.0NRT,269.57,2.41,N
19.0994,82.16604,295.59,0.63,0.54,2026-07-08,2053,SNPP,SNPP,n,2.0NRT,267.95,2.06,N
8.30666,77.93517,331.27,0.54,0.42,2026-07-09,0758,SNPP,SNPP,n,2.0NRT,298.66,2.86,D
8.82759,77.85965,332.85,0.53,0.42,2026-07-09,0758,SNPP,SNPP,n,2.0NRT,302.8,2.11,D
8.83796,77.80302,335.52,0.54,0.42,2026-07-09,0758,SNPP,SNPP,n,2.0NRT,299.49,2.67,D
9.27754,78.33135,338.43,0.5,0.41,2026-07-09,0801,SNPP,SNPP,n,2.0NRT,302.64,7.2,D
9.36156,78.66135,346.08,0.48,0.4,2026-07-09,0801,SNPP,SNPP,n,2.0NRT,300.88,7.93,D
9.2399,77.80486,340.21,0.53,0.42,2026-07-09,0801,SNPP,SNPP,n,2.0NRT,304.79,9.31,D
9.4109,78.80363,333.74,0.47,0.39,2026-07-09,0801,SNPP,SNPP,n,2.0NRT,299.13,1.31,D
9.49829,78.58751,341,0.48,0.4,2026-07-09,0801,SNPP,SNPP,n,2.0NRT,303.32,5.9,D
9.50196,78.5869,340.78,0.48,0.4,2026-07-09,0801,SNPP,SNPP,n,2.0NRT,302.72,4.38,D
9.52232,78.6191,345.64,0.48,0.4,2026-07-09,0801,SNPP,SNPP,n,2.0NRT,303.81,6.48,D
9.53569,78.58579,341.3,0.48,0.4,2026-07-09,0801,SNPP,SNPP,n,2.0NRT,303.52,5.92,D
9.36069,77.42778,333.71,0.55,0.43,2026-07-09,0801,SNPP,SNPP,n,2.0NRT,300.06,1.68,D
9.58614,78.75809,337.71,0.47,0.4,2026-07-09,0801,SNPP,SNPP,n,2.0NRT,303.09,5.41,D
9.59238,78.17186,336.5,0.5,0.41,2026-07-09,0801,SNPP,SNPP,n,2.0NRT,304.68,6.93,D
9.83738,79.03957,332.49,0.45,0.39,2026-07-09,0801,SNPP,SNPP,n,2.0NRT,296.89,1.56,D
9.63808,77.65016,335.89,0.53,0.42,2026-07-09,0801,SNPP,SNPP,n,2.0NRT,300.7,3.18,D
9.63872,77.64775,335.1,0.53,0.42,2026-07-09,0801,SNPP,SNPP,n,2.0NRT,299.02,2.03,D
9.80842,77.77908,333.75,0.52,0.42,2026-07-09,0801,SNPP,SNPP,n,2.0NRT,301.03,0.66,D
10.45438,79.4698,332.35,0.43,0.38,2026-07-09,0801,SNPP,SNPP,n,2.0NRT,293.36,2.88,D
10.74534,79.65548,330.09,0.42,0.38,2026-07-09,0801,SNPP,SNPP,n,2.0NRT,294.8,1.76,D
10.42785,77.31463,333.76,0.54,0.42,2026-07-09,0801,SNPP,SNPP,n,2.0NRT,298.66,4.3,D
14.02893,79.95877,334.9,0.39,0.36,2026-07-09,0801,SNPP,SNPP,n,2.0NRT,295.88,4.52,D
15.10308,76.81673,330.34,0.5,0.41,2026-07-09,0801,SNPP,SNPP,n,2.0NRT,298.21,4.12,D
15.17645,76.65532,339.47,0.51,0.41,2026-07-09,0801,SNPP,SNPP,n,2.0NRT,298.27,8.44,D
15.23431,76.65596,330.36,0.51,0.41,2026-07-09,0801,SNPP,SNPP,n,2.0NRT,293.53,4.08,D
16.36248,81.4715,330.16,0.39,0.36,2026-07-09,0801,SNPP,SNPP,n,2.0NRT,299.16,3.44,D
30.89677,75.44381,330.74,0.39,0.36,2026-07-09,0807,SNPP,SNPP,l,2.0NRT,298.41,1.14,D
30.7491,74.23522,340.2,0.42,0.38,2026-07-09,0807,SNPP,SNPP,l,2.0NRT,303.08,4.4,D
30.95078,75.41495,336.09,0.39,0.36,2026-07-09,0807,SNPP,SNPP,l,2.0NRT,297.99,3.6,D
25.15227,76.17882,295.09,0.47,0.4,2026-07-09,2032,SNPP,SNPP,n,2.0NRT,262.75,0.37,N
23.68473,86.39188,296.21,0.47,0.48,2026-07-09,2032,SNPP,SNPP,n,2.0NRT,280.91,1.11,N
15.1703,76.66824,306.48,0.39,0.36,2026-07-09,2034,SNPP,SNPP,n,2.0NRT,291.65,0.96,N
22.99647,72.24243,304.94,0.49,0.49,2026-07-09,2034,SNPP,SNPP,n,2.0NRT,291.2,0.62,N
22.93443,69.69368,297.64,0.35,0.57,2026-07-09,2034,SNPP,SNPP,n,2.0NRT,274.92,0.3,N
21.1856,81.3843,299.91,0.43,0.38,2026-07-09,2034,SNPP,SNPP,n,2.0NRT,275.33,0.96,N
21.18213,81.38361,296.37,0.43,0.38,2026-07-09,2034,SNPP,SNPP,n,2.0NRT,273.03,0.96,N
21.18143,81.38772,312.25,0.43,0.38,2026-07-09,2034,SNPP,SNPP,n,2.0NRT,274.85,0.96,N
19.96313,79.33547,306.59,0.39,0.36,2026-07-09,2034,SNPP,SNPP,n,2.0NRT,290.31,0.95,N
19.8093,79.30437,312.69,0.39,0.36,2026-07-09,2034,SNPP,SNPP,n,2.0NRT,291.97,1.97,N
19.78671,79.14857,311.74,0.39,0.36,2026-07-09,2034,SNPP,SNPP,n,2.0NRT,293.42,1.81,N
19.93535,73.71201,300.92,0.55,0.43,2026-07-09,2034,SNPP,SNPP,n,2.0NRT,287.23,0.62,N
17.14096,77.18254,302.22,0.39,0.36,2026-07-09,2034,SNPP,SNPP,n,2.0NRT,280.93,0.34,N
15.91473,77.36284,300.63,0.38,0.36,2026-07-09,2034,SNPP,SNPP,n,2.0NRT,282.47,0.45,N
15.3382,76.2793,305.7,0.39,0.36,2026-07-09,2034,SNPP,SNPP,n,2.0NRT,291.59,0.67,N
15.33373,76.28606,315.29,0.39,0.36,2026-07-09,2034,SNPP,SNPP,n,2.0NRT,291.62,1.14,N
15.18014,77.10234,306.29,0.38,0.36,2026-07-09,2034,SNPP,SNPP,n,2.0NRT,292.09,0.64,N
15.17683,77.10179,306.93,0.38,0.36,2026-07-09,2034,SNPP,SNPP,n,2.0NRT,291.92,0.64,N
15.02224,78.01313,313.26,0.39,0.36,2026-07-09,2034,SNPP,SNPP,n,2.0NRT,291.31,1.38,N
15.35754,75.69088,316.21,0.41,0.37,2026-07-09,2034,SNPP,SNPP,n,2.0NRT,287.63,1.67,N
15.35414,75.69035,324.28,0.41,0.37,2026-07-09,2034,SNPP,SNPP,n,2.0NRT,288.37,1.67,N
15.18637,76.67455,316.19,0.39,0.36,2026-07-09,2034,SNPP,SNPP,n,2.0NRT,291.64,1.55,N
15.18416,76.66682,332.02,0.39,0.36,2026-07-09,2034,SNPP,SNPP,n,2.0NRT,292.44,4.46,N
15.18304,76.674,314.35,0.39,0.36,2026-07-09,2034,SNPP,SNPP,n,2.0NRT,293.19,1.55,N
15.18083,76.66628,320.06,0.39,0.36,2026-07-09,2034,SNPP,SNPP,n,2.0NRT,292.82,2.57,N
15.18306,76.6519,307.86,0.39,0.36,2026-07-09,2034,SNPP,SNPP,n,2.0NRT,292.14,1.09,N
15.17972,76.67346,309.29,0.39,0.36,2026-07-09,2034,SNPP,SNPP,n,2.0NRT,292.72,2.12,N
15.17917,76.65495,330.64,0.39,0.36,2026-07-09,2034,SNPP,SNPP,n,2.0NRT,293.23,1.88,N
15.17583,76.67651,327.8,0.39,0.36,2026-07-09,2034,SNPP,SNPP,n,2.0NRT,292.16,3.21,N
15.1736,76.69089,325.04,0.39,0.36,2026-07-09,2034,SNPP,SNPP,n,2.0NRT,291.62,2.53,N
15.17862,76.65855,309.19,0.39,0.36,2026-07-09,2034,SNPP,SNPP,n,2.0NRT,292.13,1.88,N
15.17585,76.65441,326.17,0.39,0.36,2026-07-09,2034,SNPP,SNPP,n,2.0NRT,293.21,1.92,N
15.17529,76.658,312.69,0.39,0.36,2026-07-09,2034,SNPP,SNPP,n,2.0NRT,292.09,1.92,N
15.17474,76.66159,311.29,0.39,0.36,2026-07-09,2034,SNPP,SNPP,n,2.0NRT,292.38,1.07,N
15.17085,76.66464,307.22,0.39,0.36,2026-07-09,2034,SNPP,SNPP,n,2.0NRT,292.34,1.07,N
15.16974,76.67184,312.83,0.39,0.36,2026-07-09,2034,SNPP,SNPP,n,2.0NRT,291.86,0.96,N
15.13703,76.70695,304.48,0.39,0.36,2026-07-09,2034,SNPP,SNPP,n,2.0NRT,291.14,1,N
15.0721,76.86481,307,0.39,0.36,2026-07-09,2034,SNPP,SNPP,n,2.0NRT,292.48,1.19,N
12.74697,77.62044,306.95,0.39,0.36,2026-07-09,2036,SNPP,SNPP,n,2.0NRT,281.44,1.03,N
14.57034,76.91113,311.69,0.38,0.36,2026-07-09,2036,SNPP,SNPP,n,2.0NRT,291.08,0.95,N
13.88379,79.19568,304.13,0.42,0.37,2026-07-09,2036,SNPP,SNPP,n,2.0NRT,286.64,0.48,N
14.50554,77.42854,309.64,0.38,0.36,2026-07-09,2036,SNPP,SNPP,n,2.0NRT,291.7,0.62,N
14.21336,76.94363,303.5,0.38,0.36,2026-07-09,2036,SNPP,SNPP,n,2.0NRT,290.93,0.54,N
13.04872,77.64144,302.98,0.39,0.36,2026-07-09,2036,SNPP,SNPP,n,2.0NRT,288.19,0.63,N
14.59787,77.21084,303.99,0.38,0.36,2026-07-09,2036,SNPP,SNPP,n,2.0NRT,291.47,0.33,N
8.82233,78.04826,337.61,0.35,0.57,2026-07-10,0741,SNPP,SNPP,n,2.0NRT,282.87,5.54,D
9.38354,78.66555,337.38,0.62,0.54,2026-07-10,0741,SNPP,SNPP,n,2.0NRT,293.82,4.37,D
9.38399,78.66464,336.32,0.62,0.54,2026-07-10,0741,SNPP,SNPP,n,2.0NRT,293.72,5.53,D
9.46056,78.69195,334.56,0.62,0.54,2026-07-10,0741,SNPP,SNPP,n,2.0NRT,293.41,7.48,D
9.71217,78.94862,342.58,0.59,0.53,2026-07-10,0741,SNPP,SNPP,n,2.0NRT,294.35,4.46,D
9.71121,78.94325,330.73,0.59,0.53,2026-07-10,0741,SNPP,SNPP,n,2.0NRT,293.51,4.46,D
9.85904,78.06031,336,0.34,0.56,2026-07-10,0741,SNPP,SNPP,n,2.0NRT,290,2.83,D
10.80501,79.60105,336.82,0.51,0.49,2026-07-10,0741,SNPP,SNPP,n,2.0NRT,295.8,3.86,D
18.00008,79.46113,342.1,0.4,0.44,2026-07-10,0744,SNPP,SNPP,n,2.0NRT,289.76,3.43,D
31.42397,75.42454,332.42,0.39,0.44,2026-07-10,0748,SNPP,SNPP,n,2.0NRT,296.64,2.8,D
31.45079,75.53637,330.07,0.38,0.44,2026-07-10,0748,SNPP,SNPP,n,2.0NRT,297.09,1.82,D
31.07122,75.43248,341.26,0.4,0.44,2026-07-10,0748,SNPP,SNPP,n,2.0NRT,297.53,5.74,D
30.68677,75.71783,331.59,0.39,0.44,2026-07-10,0748,SNPP,SNPP,n,2.0NRT,296.91,2.56,D
30.91456,75.65717,342.97,0.39,0.44,2026-07-10,0748,SNPP,SNPP,n,2.0NRT,299.15,13.87,D
30.92801,75.64083,343,0.39,0.44,2026-07-10,0748,SNPP,SNPP,n,2.0NRT,298.37,4.45,D
30.92058,75.43673,341.45,0.4,0.44,2026-07-10,0748,SNPP,SNPP,n,2.0NRT,297.73,2.62,D
31.06468,75.42121,332.11,0.4,0.44,2026-07-10,0748,SNPP,SNPP,n,2.0NRT,297.18,2.98,D
31.07037,75.42837,341.11,0.4,0.44,2026-07-10,0748,SNPP,SNPP,n,2.0NRT,297.17,5.74,D
31.0518,75.27596,331.64,0.4,0.44,2026-07-10,0748,SNPP,SNPP,n,2.0NRT,297.36,2.51,D
31.13889,75.49593,334.66,0.39,0.44,2026-07-10,0748,SNPP,SNPP,n,2.0NRT,298.37,2,D
31.11827,75.39364,330.55,0.4,0.44,2026-07-10,0748,SNPP,SNPP,n,2.0NRT,297.02,2.17,D
31.08598,75.21336,341.66,0.41,0.45,2026-07-10,0748,SNPP,SNPP,n,2.0NRT,297.09,3.96,D
31.13785,75.4489,335.56,0.39,0.44,2026-07-10,0748,SNPP,SNPP,n,2.0NRT,297.72,5.56,D
31.13703,75.44481,341.81,0.39,0.44,2026-07-10,0748,SNPP,SNPP,n,2.0NRT,298.32,5.56,D
31.1532,75.48343,333.26,0.39,0.44,2026-07-10,0748,SNPP,SNPP,n,2.0NRT,297.56,1.85,D
31.1752,75.46503,331.36,0.39,0.44,2026-07-10,0748,SNPP,SNPP,n,2.0NRT,296.76,1.91,D
31.30137,75.4652,337.12,0.39,0.44,2026-07-10,0748,SNPP,SNPP,n,2.0NRT,298.1,2.81,D
22.87362,88.21392,302.49,0.39,0.36,2026-07-16,2002,SNPP,SNPP,n,2.0NRT,288.67,1.61,N
22.60993,85.91341,295.96,0.39,0.36,2026-07-16,2002,SNPP,SNPP,n,2.0NRT,283.46,0.83,N
18.687,73.03345,299.6,0.63,0.72,2026-07-16,2002,SNPP,SNPP,n,2.0NRT,279.01,2.13,N
23.77705,85.99458,305.7,0.4,0.37,2026-07-16,2002,SNPP,SNPP,n,2.0NRT,288.27,1.67,N
23.77311,85.99786,306.05,0.4,0.37,2026-07-16,2002,SNPP,SNPP,n,2.0NRT,290.48,1.92,N
23.8255,85.49783,310.17,0.41,0.37,2026-07-16,2002,SNPP,SNPP,n,2.0NRT,292.46,2.75,N
23.82266,85.49324,307.64,0.41,0.37,2026-07-16,2002,SNPP,SNPP,n,2.0NRT,292.21,2.49,N
23.78344,85.57362,310.01,0.41,0.37,2026-07-16,2002,SNPP,SNPP,n,2.0NRT,291.58,1.81,N
23.78004,85.57303,306.3,0.41,0.37,2026-07-16,2002,SNPP,SNPP,n,2.0NRT,291.16,1.81,N
23.69818,86.07716,306.66,0.4,0.37,2026-07-16,2002,SNPP,SNPP,n,2.0NRT,288.24,1.16,N
23.69482,86.07656,304.67,0.4,0.37,2026-07-16,2002,SNPP,SNPP,n,2.0NRT,287.05,1.06,N
23.6836,86.08253,305.52,0.4,0.37,2026-07-16,2002,SNPP,SNPP,n,2.0NRT,289.31,1.86,N
23.67966,86.08582,314.26,0.4,0.37,2026-07-16,2002,SNPP,SNPP,n,2.0NRT,288.45,1.56,N
23.67631,86.08523,309.55,0.4,0.37,2026-07-16,2002,SNPP,SNPP,n,2.0NRT,288.01,1.56,N
23.66844,86.09177,304.7,0.4,0.37,2026-07-16,2002,SNPP,SNPP,n,2.0NRT,285.11,1.59,N
23.74455,85.50565,311.94,0.41,0.37,2026-07-16,2002,SNPP,SNPP,n,2.0NRT,290.63,2.01,N
12.65199,77.9026,303.64,0.5,0.49,2026-07-16,2004,SNPP,SNPP,n,2.0NRT,288.89,0.62,N
10.61666,77.4189,304.75,0.51,0.49,2026-07-16,2004,SNPP,SNPP,n,2.0NRT,292.63,0.78,N
10.61697,77.42113,303.75,0.51,0.49,2026-07-16,2004,SNPP,SNPP,n,2.0NRT,292.33,0.69,N
12.74498,77.61798,316.79,0.53,0.5,2026-07-16,2004,SNPP,SNPP,n,2.0NRT,287.43,2.67,N
12.64747,77.9019,303.14,0.5,0.49,2026-07-16,2004,SNPP,SNPP,n,2.0NRT,288.41,0.62,N
9.22041,77.30135,336.54,0.49,0.49,2026-07-16,2006,SNPP,SNPP,n,2.0NRT,294.89,3.48,N
9.23141,77.29986,341.62,0.49,0.49,2026-07-16,2006,SNPP,SNPP,n,2.0NRT,296.21,5.88,N
9.22738,77.29577,343.01,0.5,0.49,2026-07-16,2006,SNPP,SNPP,n,2.0NRT,294.08,8.03,N
9.22687,77.2995,334.82,0.49,0.49,2026-07-16,2006,SNPP,SNPP,n,2.0NRT,295.09,5.88,N
9.22636,77.30325,326.44,0.49,0.49,2026-07-16,2006,SNPP,SNPP,n,2.0NRT,296.25,5.88,N
9.22585,77.30701,340.16,0.49,0.49,2026-07-16,2006,SNPP,SNPP,n,2.0NRT,297.25,9.13,N
9.23003,77.29824,336.37,0.49,0.49,2026-07-16,2006,SNPP,SNPP,n,2.0NRT,295.21,10.08,N
9.22949,77.30202,343.84,0.49,0.49,2026-07-16,2006,SNPP,SNPP,n,2.0NRT,297.62,11.29,N
9.2284,77.30962,317.95,0.49,0.49,2026-07-16,2006,SNPP,SNPP,n,2.0NRT,295.49,3.69,N
9.22548,77.29791,320.69,0.49,0.49,2026-07-16,2006,SNPP,SNPP,n,2.0NRT,293.58,4.91,N
9.22388,77.30915,334.41,0.49,0.49,2026-07-16,2006,SNPP,SNPP,n,2.0NRT,296.34,5.86,N
9.22601,77.29424,317.14,0.49,0.49,2026-07-16,2006,SNPP,SNPP,n,2.0NRT,292.5,4.91,N
9.22495,77.30166,314.59,0.49,0.49,2026-07-16,2006,SNPP,SNPP,n,2.0NRT,294.59,3.48,N
9.22442,77.3054,305.17,0.49,0.49,2026-07-16,2006,SNPP,SNPP,n,2.0NRT,294.84,3.48,N
9.22094,77.29756,340.33,0.49,0.49,2026-07-16,2006,SNPP,SNPP,n,2.0NRT,295.36,4.91,N
9.2169,77.29372,355.87,0.49,0.49,2026-07-16,2006,SNPP,SNPP,n,2.0NRT,297,10.01,N
9.21739,77.29026,314.83,0.5,0.49,2026-07-16,2006,SNPP,SNPP,n,2.0NRT,291.83,5.83,N
9.21237,77.29327,337.01,0.49,0.49,2026-07-16,2006,SNPP,SNPP,n,2.0NRT,292.34,10.01,N
9.21132,77.30069,327.78,0.49,0.49,2026-07-16,2006,SNPP,SNPP,n,2.0NRT,294.55,3.07,N
9.21078,77.30449,308.51,0.49,0.49,2026-07-16,2006,SNPP,SNPP,n,2.0NRT,294.37,3.07,N
9.20743,77.29573,338.59,0.49,0.49,2026-07-16,2006,SNPP,SNPP,n,2.0NRT,294.49,19.3,N
9.20688,77.29968,342.92,0.49,0.49,2026-07-16,2006,SNPP,SNPP,n,2.0NRT,299.36,24.73,N
8.85129,78.13445,306.35,0.43,0.46,2026-07-16,2006,SNPP,SNPP,n,2.0NRT,295.13,1.15,N
29.91254,74.94865,307.27,0.4,0.6,2026-07-16,2140,SNPP,SNPP,n,2.0NRT,275.9,1.13,N
29.91152,74.95273,308.99,0.4,0.6,2026-07-16,2140,SNPP,SNPP,n,2.0NRT,275.47,1.13,N
24.81998,73.09123,302,0.4,0.6,2026-07-16,2142,SNPP,SNPP,n,2.0NRT,284.42,0.59,N
23.49761,68.57831,311.02,0.45,0.47,2026-07-16,2142,SNPP,SNPP,n,2.0NRT,291.92,2.17,N
21.10709,72.6437,322.37,0.45,0.63,2026-07-16,2142,SNPP,SNPP,n,2.0NRT,287.06,3.84,N
21.10608,72.64803,301.89,0.45,0.63,2026-07-16,2142,SNPP,SNPP,n,2.0NRT,286.5,2,N
21.10338,72.63354,301.36,0.45,0.63,2026-07-16,2142,SNPP,SNPP,n,2.0NRT,286.04,1.02,N
21.108,72.64435,321.54,0.45,0.63,2026-07-16,2142,SNPP,SNPP,n,2.0NRT,286.59,2.96,N
24.82027,73.09111,301.9,0.4,0.6,2026-07-16,2142,SNPP,SNPP,n,2.0NRT,284.57,0.78,N
21.10423,72.63415,302.71,0.45,0.63,2026-07-16,2142,SNPP,SNPP,n,2.0NRT,285.9,0.68,N
24.69148,73.0022,301.59,0.4,0.6,2026-07-16,2142,SNPP,SNPP,n,2.0NRT,285.79,0.71,N
14.07788,79.13882,334.86,0.79,0.78,2026-07-17,0712,SNPP,SNPP,n,2.0NRT,277.88,9.84,D
14.07253,79.13901,351.6,0.79,0.78,2026-07-17,0712,SNPP,SNPP,n,2.0NRT,277.97,14.56,D
14.07075,79.14064,331.93,0.79,0.78,2026-07-17,0712,SNPP,SNPP,n,2.0NRT,277.88,5.58,D
13.86944,77.54027,339.09,0.36,0.57,2026-07-17,0852,SNPP,SNPP,n,2.0NRT,290.74,3.46,D
14.26584,77.57398,335.87,0.36,0.58,2026-07-17,0852,SNPP,SNPP,n,2.0NRT,290.22,2.6,D
14.30805,77.44221,347.63,0.36,0.57,2026-07-17,0852,SNPP,SNPP,n,2.0NRT,291.53,4.07,D
9.49787,78.58649,354.65,0.37,0.58,2026-07-17,0852,SNPP,SNPP,n,2.0NRT,292.19,5.65,D
9.44871,78.6729,330.29,0.37,0.58,2026-07-17,0852,SNPP,SNPP,n,2.0NRT,288.27,2.87,D
14.30766,77.43884,336.21,0.36,0.57,2026-07-17,0852,SNPP,SNPP,n,2.0NRT,291.58,4.07,D
14.34069,77.21999,337.68,0.35,0.56,2026-07-17,0852,SNPP,SNPP,n,2.0NRT,291.03,5.26,D
14.34031,77.21676,333.11,0.35,0.56,2026-07-17,0852,SNPP,SNPP,n,2.0NRT,291.18,3.96,D
13.87338,77.54034,343.44,0.36,0.57,2026-07-17,0852,SNPP,SNPP,n,2.0NRT,290.2,3.79,D
15.71394,76.64983,337.18,0.33,0.55,2026-07-17,0854,SNPP,SNPP,n,2.0NRT,284.71,2.48,D
27.44399,70.63004,352.02,0.39,0.44,2026-07-17,0856,SNPP,SNPP,n,2.0NRT,306.33,41.69,D
27.43947,70.62661,339.11,0.39,0.44,2026-07-17,0856,SNPP,SNPP,n,2.0NRT,302.78,3.36,D
27.44353,70.62605,351.46,0.39,0.44,2026-07-17,0856,SNPP,SNPP,n,2.0NRT,304.66,27.15,D
23.26372,68.74909,337.5,0.43,0.38,2026-07-17,0856,SNPP,SNPP,n,2.0NRT,300.36,3.81,D
23.51279,69.26447,335.29,0.45,0.39,2026-07-17,0856,SNPP,SNPP,n,2.0NRT,300.24,3.39,D
23.45962,68.87083,336.65,0.44,0.38,2026-07-17,0856,SNPP,SNPP,n,2.0NRT,296.17,3.22,D
23.45904,68.86655,337.04,0.44,0.38,2026-07-17,0856,SNPP,SNPP,n,2.0NRT,298.63,3.22,D
27.05102,70.78933,347.37,0.39,0.44,2026-07-17,0856,SNPP,SNPP,n,2.0NRT,305,6.5,D
27.05003,70.78942,346.03,0.4,0.44,2026-07-17,0856,SNPP,SNPP,n,2.0NRT,304.77,6.05,D
31.44362,75.31084,332.71,0.41,0.61,2026-07-17,0858,SNPP,SNPP,n,2.0NRT,291.66,3.57,D
31.033,75.35883,335.21,0.41,0.6,2026-07-17,0858,SNPP,SNPP,n,2.0NRT,294.22,3.6,D
22.05614,88.12135,318.54,0.47,0.4,2026-07-17,1942,SNPP,SNPP,n,2.0NRT,290.53,3.48,N
22.05131,88.10178,306.16,0.48,0.4,2026-07-17,1942,SNPP,SNPP,n,2.0NRT,289.89,2.91,N
22.05552,88.12594,309.49,0.47,0.4,2026-07-17,1942,SNPP,SNPP,n,2.0NRT,291.08,4.07,N
22.93179,69.69843,310.38,0.45,0.39,2026-07-17,2125,SNPP,SNPP,n,2.0NRT,287.85,1.95,N
9.07585,77.97345,337.24,0.49,0.41,2026-07-18,0833,SNPP,SNPP,n,2.0NRT,302.25,3.65,D
8.41504,77.55648,336.91,0.46,0.39,2026-07-18,0833,SNPP,SNPP,n,2.0NRT,298.21,3.74,D
8.60271,78.00349,332.04,0.49,0.4,2026-07-18,0833,SNPP,SNPP,n,2.0NRT,299.97,3.68,D
8.75135,78.10223,336.47,0.5,0.41,2026-07-18,0833,SNPP,SNPP,n,2.0NRT,302,3.56,D
8.7272,77.83305,335.64,0.48,0.4,2026-07-18,0833,SNPP,SNPP,n,2.0NRT,301.61,3.27,D
8.76945,77.71753,346.75,0.47,0.4,2026-07-18,0833,SNPP,SNPP,n,2.0NRT,303.33,12.57,D
8.85127,78.02077,349.22,0.49,0.4,2026-07-18,0833,SNPP,SNPP,n,2.0NRT,304.6,7.3,D
8.81735,77.38127,330.68,0.46,0.39,2026-07-18,0833,SNPP,SNPP,l,2.0NRT,302.42,2.26,D
9.18129,78.39294,332.93,0.52,0.42,2026-07-18,0833,SNPP,SNPP,n,2.0NRT,300.78,3.52,D
9.10011,77.43537,345.34,0.46,0.39,2026-07-18,0833,SNPP,SNPP,n,2.0NRT,304.88,4.78,D
9.09949,77.43114,344.2,0.46,0.39,2026-07-18,0833,SNPP,SNPP,n,2.0NRT,303.91,4.22,D
9.10375,77.43484,343.4,0.46,0.39,2026-07-18,0833,SNPP,SNPP,n,2.0NRT,304.02,4.78,D
9.10434,77.43622,338.56,0.46,0.39,2026-07-18,0833,SNPP,SNPP,n,2.0NRT,303.3,2.62,D
9.22678,77.82117,336.25,0.49,0.4,2026-07-18,0833,SNPP,SNPP,l,2.0NRT,306.65,4.04,D
9.24749,77.63526,335,0.48,0.4,2026-07-18,0833,SNPP,SNPP,n,2.0NRT,304.12,3.18,D
9.33055,77.82093,339.33,0.49,0.4,2026-07-18,0833,SNPP,SNPP,n,2.0NRT,304.29,4.66,D
9.34908,77.92345,339.14,0.49,0.41,2026-07-18,0833,SNPP,SNPP,n,2.0NRT,303.91,2.76,D
9.39126,77.83606,342.73,0.49,0.4,2026-07-18,0833,SNPP,SNPP,n,2.0NRT,304.69,7.39,D
9.52307,78.33055,335.81,0.52,0.42,2026-07-18,0833,SNPP,SNPP,n,2.0NRT,299.01,6.77,D
9.49893,77.64961,337.32,0.48,0.4,2026-07-18,0833,SNPP,SNPP,n,2.0NRT,300.76,6.46,D
9.50262,77.64908,335.52,0.48,0.4,2026-07-18,0833,SNPP,SNPP,n,2.0NRT,300.42,3.39,D
9.50631,77.64854,334.67,0.48,0.4,2026-07-18,0833,SNPP,SNPP,n,2.0NRT,298.65,3.39,D
9.77024,78.26685,336.76,0.52,0.42,2026-07-18,0833,SNPP,SNPP,n,2.0NRT,303.04,3.17,D
9.79812,78.32645,342.8,0.53,0.42,2026-07-18,0833,SNPP,SNPP,n,2.0NRT,301.23,10.67,D
9.80198,78.3259,341.16,0.53,0.42,2026-07-18,0833,SNPP,SNPP,n,2.0NRT,300.07,10.67,D
9.83753,77.86456,348.06,0.5,0.41,2026-07-18,0833,SNPP,SNPP,n,2.0NRT,302.22,6.64,D
10.04642,78.67165,331.53,0.55,0.43,2026-07-18,0833,SNPP,SNPP,n,2.0NRT,297.79,3.35,D
9.93874,77.87442,342.45,0.5,0.41,2026-07-18,0833,SNPP,SNPP,n,2.0NRT,301.85,5.85,D
9.9381,77.86986,336.36,0.5,0.41,2026-07-18,0833,SNPP,SNPP,n,2.0NRT,300.62,5.85,D
22.933,69.6968,337.45,0.39,0.36,2026-07-18,0835,SNPP,SNPP,l,2.0NRT,302.25,4.79,D
22.92764,70.10865,344.68,0.39,0.36,2026-07-18,0835,SNPP,SNPP,n,2.0NRT,301.56,6.5,D
30.70196,74.20311,334.74,0.55,0.43,2026-07-18,0837,SNPP,SNPP,n,2.0NRT,298.39,3.94,D
30.92797,75.4001,331.91,0.43,0.46,2026-07-18,0837,SNPP,SNPP,n,2.0NRT,291.55,1.89,D
31.11067,75.27171,342.6,0.43,0.46,2026-07-18,0837,SNPP,SNPP,n,2.0NRT,295.79,6.23,D
24.44377,71.60102,341.56,0.39,0.36,2026-07-18,0837,SNPP,SNPP,n,2.0NRT,298.67,4.85,D
25.39975,75.65563,344.12,0.38,0.43,2026-07-18,0837,SNPP,SNPP,n,2.0NRT,290.64,3.61,D
25.41038,73.01453,341.99,0.43,0.38,2026-07-18,0837,SNPP,SNPP,n,2.0NRT,301.91,10.01,D
27.36755,70.99345,342.01,0.39,0.36,2026-07-18,0837,SNPP,SNPP,n,2.0NRT,307.52,11.41,D
27.58292,72.23726,343.59,0.42,0.38,2026-07-18,0837,SNPP,SNPP,n,2.0NRT,305.27,8.48,D
30.61271,74.0872,337.05,0.55,0.42,2026-07-18,0837,SNPP,SNPP,n,2.0NRT,298.4,3.99,D
20.95229,86.04742,308.97,0.4,0.6,2026-07-18,1923,SNPP,SNPP,n,2.0NRT,283.97,1.2,N
20.94676,86.04662,305.98,0.4,0.6,2026-07-18,1923,SNPP,SNPP,n,2.0NRT,283.75,0.88,N
20.95964,85.17311,297.17,0.45,0.63,2026-07-18,1923,SNPP,SNPP,n,2.0NRT,279.1,1.34,N
19.10003,82.16237,302.63,0.67,0.74,2026-07-18,1923,SNPP,SNPP,n,2.0NRT,279.82,2.47,N
22.78067,86.20196,301.01,0.41,0.6,2026-07-18,1923,SNPP,SNPP,n,2.0NRT,274.92,1.31,N
22.78296,86.20487,297.92,0.41,0.6,2026-07-18,1923,SNPP,SNPP,n,2.0NRT,274,0.91,N
21.00098,86.00986,304.38,0.4,0.6,2026-07-18,1923,SNPP,SNPP,n,2.0NRT,284.17,0.72,N
20.97354,86.00267,304.94,0.4,0.6,2026-07-18,1923,SNPP,SNPP,n,2.0NRT,283.36,1.29,N
20.97202,86.01816,303.14,0.4,0.6,2026-07-18,1923,SNPP,SNPP,n,2.0NRT,283.41,1.01,N
20.96797,86.00209,304.68,0.4,0.6,2026-07-18,1923,SNPP,SNPP,n,2.0NRT,283.44,1.29,N
20.96721,86.00985,305.49,0.4,0.6,2026-07-18,1923,SNPP,SNPP,n,2.0NRT,283.77,1.82,N
20.96645,86.01759,305.22,0.4,0.6,2026-07-18,1923,SNPP,SNPP,n,2.0NRT,283.66,1.01,N
20.9634,86.04869,312.84,0.4,0.6,2026-07-18,1923,SNPP,SNPP,n,2.0NRT,283.88,0.94,N
20.96238,86.00161,303.89,0.4,0.6,2026-07-18,1923,SNPP,SNPP,n,2.0NRT,283.04,1.2,N
20.96202,86.00536,317.78,0.4,0.6,2026-07-18,1923,SNPP,SNPP,n,2.0NRT,283.63,1.2,N
20.95267,86.04355,315.77,0.4,0.6,2026-07-18,1923,SNPP,SNPP,n,2.0NRT,284.18,1.9,N
22.36441,87.01776,308.06,0.36,0.57,2026-07-18,1923,SNPP,SNPP,n,2.0NRT,282.58,0.74,N
22.35911,87.0171,305.61,0.36,0.57,2026-07-18,1923,SNPP,SNPP,n,2.0NRT,282.23,0.74,N
22.05271,88.12284,304.75,0.6,0.53,2026-07-18,1923,SNPP,SNPP,n,2.0NRT,266.58,1.98,N
17.69101,83.23833,305.44,0.55,0.68,2026-07-18,1925,SNPP,SNPP,n,2.0NRT,278.58,0.82,N
26.87918,73.51339,308.98,0.39,0.36,2026-07-18,2104,SNPP,SNPP,n,2.0NRT,292.28,1.61,N
26.8752,73.51662,309.59,0.39,0.36,2026-07-18,2104,SNPP,SNPP,n,2.0NRT,292.33,1.61,N
22.79062,86.20197,298.78,0.73,0.76,2026-07-18,2104,SNPP,SNPP,n,2.0NRT,273.91,2.35,N
24.66183,74.63266,295.22,0.44,0.38,2026-07-18,2104,SNPP,SNPP,n,2.0NRT,272.29,0.52,N
24.8203,73.09184,295.64,0.39,0.37,2026-07-18,2104,SNPP,SNPP,n,2.0NRT,267.11,0.49,N
24.68869,73.00282,299.45,0.39,0.36,2026-07-18,2104,SNPP,SNPP,n,2.0NRT,277.85,0.63,N
23.3051,70.47562,307.71,0.39,0.36,2026-07-18,2104,SNPP,SNPP,n,2.0NRT,292.46,1.32,N
23.12092,70.08292,323.73,0.4,0.37,2026-07-18,2104,SNPP,SNPP,n,2.0NRT,293.47,4.04,N
22.92864,70.10606,311,0.39,0.37,2026-07-18,2104,SNPP,SNPP,n,2.0NRT,287.02,1.64,N
22.92603,69.82461,307.33,0.4,0.37,2026-07-18,2104,SNPP,SNPP,n,2.0NRT,293.26,2.83,N
22.33743,69.86547,304.24,0.4,0.37,2026-07-18,2104,SNPP,SNPP,n,2.0NRT,291.39,1.06,N
22.33686,69.8693,303.88,0.4,0.37,2026-07-18,2104,SNPP,SNPP,n,2.0NRT,291.69,1.06,N
22.3335,69.86872,304.01,0.4,0.37,2026-07-18,2104,SNPP,SNPP,n,2.0NRT,291.79,1.06,N
22.33407,69.86489,303.35,0.4,0.37,2026-07-18,2104,SNPP,SNPP,n,2.0NRT,291.57,1.06,N
17.60249,83.19764,297.94,0.62,0.71,2026-07-18,2106,SNPP,SNPP,n,2.0NRT,278.57,2.42,N
20.91065,71.45998,309.25,0.39,0.36,2026-07-18,2106,SNPP,SNPP,n,2.0NRT,291.19,1.45,N
17.61379,83.20097,303.12,0.62,0.71,2026-07-18,2106,SNPP,SNPP,n,2.0NRT,278.03,2.2,N
17.60729,83.19928,306.69,0.62,0.71,2026-07-18,2106,SNPP,SNPP,n,2.0NRT,279.1,2.2,N
17.60077,83.19767,297.76,0.62,0.71,2026-07-18,2106,SNPP,SNPP,n,2.0NRT,278.1,2.09,N
17.60899,83.1993,308.94,0.62,0.71,2026-07-18,2106,SNPP,SNPP,n,2.0NRT,278.75,3.2,N
17.60769,83.20507,304.45,0.62,0.71,2026-07-18,2106,SNPP,SNPP,n,2.0NRT,278.47,3.29,N
9.52781,78.55108,299.09,0.44,0.62,2026-07-18,2108,SNPP,SNPP,n,2.0NRT,282.88,0.3,N
8.75953,78.18171,331.98,0.39,0.36,2026-07-19,0813,SNPP,SNPP,n,2.0NRT,301.91,3.02,D
8.74212,77.95865,347.71,0.39,0.36,2026-07-19,0813,SNPP,SNPP,n,2.0NRT,308.33,11.48,D
8.74156,77.95508,348.69,0.39,0.36,2026-07-19,0813,SNPP,SNPP,n,2.0NRT,309.89,11.48,D
8.74492,77.95454,344.8,0.39,0.36,2026-07-19,0813,SNPP,SNPP,n,2.0NRT,308.57,11.48,D
8.71944,77.69647,335.31,0.4,0.37,2026-07-19,0813,SNPP,SNPP,n,2.0NRT,301.43,2.31,D
9.174,77.76717,339.13,0.4,0.37,2026-07-19,0813,SNPP,SNPP,n,2.0NRT,301.31,3.49,D
9.42364,78.87246,338.66,0.38,0.36,2026-07-19,0813,SNPP,SNPP,n,2.0NRT,294.64,2.74,D
9.51247,78.81163,337.97,0.38,0.36,2026-07-19,0813,SNPP,SNPP,n,2.0NRT,288.98,4.06,D
9.50402,78.73427,341.7,0.38,0.36,2026-07-19,0813,SNPP,SNPP,n,2.0NRT,293.27,6.91,D
9.31651,77.47769,338.01,0.4,0.37,2026-07-19,0813,SNPP,SNPP,n,2.0NRT,302.56,5.47,D
9.31594,77.47405,337.12,0.4,0.37,2026-07-19,0813,SNPP,SNPP,n,2.0NRT,300.63,3.34,D
9.31763,77.35015,330.45,0.4,0.37,2026-07-19,0813,SNPP,SNPP,n,2.0NRT,296.67,3.07,D
9.31305,77.32127,337.44,0.4,0.37,2026-07-19,0813,SNPP,SNPP,n,2.0NRT,293.15,7.68,D
9.31137,77.31067,343.28,0.4,0.37,2026-07-19,0813,SNPP,SNPP,n,2.0NRT,292.9,8.32,D
9.31647,77.32088,338.73,0.4,0.37,2026-07-19,0813,SNPP,SNPP,n,2.0NRT,292.57,6.69,D
9.32051,77.32431,337.52,0.4,0.37,2026-07-19,0813,SNPP,SNPP,n,2.0NRT,292.74,6.69,D
9.32393,77.32397,346.9,0.4,0.37,2026-07-19,0813,SNPP,SNPP,n,2.0NRT,290.51,5.03,D
9.46468,78.11044,340.66,0.39,0.36,2026-07-19,0813,SNPP,SNPP,n,2.0NRT,298.06,3.47,D
16.17509,79.22315,332.93,0.41,0.37,2026-07-19,0816,SNPP,SNPP,n,2.0NRT,297.21,4.25,D
16.13789,78.96819,341.8,0.4,0.37,2026-07-19,0816,SNPP,SNPP,n,2.0NRT,292.72,8.52,D
16.37691,78.83487,330.26,0.4,0.37,2026-07-19,0816,SNPP,SNPP,n,2.0NRT,293.23,2.27,D
16.83773,80.91231,338.45,0.49,0.4,2026-07-19,0816,SNPP,SNPP,n,2.0NRT,295.25,10.26,D
16.83798,80.23949,333.02,0.45,0.39,2026-07-19,0816,SNPP,SNPP,n,2.0NRT,291.72,3.93,D
16.67236,78.52065,334.24,0.4,0.37,2026-07-19,0816,SNPP,SNPP,n,2.0NRT,296.37,2.51,D
17.60953,83.20609,333.52,0.45,0.47,2026-07-19,0816,SNPP,SNPP,n,2.0NRT,290.99,2.68,D
17.76416,78.67516,339.11,0.41,0.37,2026-07-19,0816,SNPP,SNPP,n,2.0NRT,297.66,6.03,D
23.25703,70.30906,335.62,0.57,0.43,2026-07-19,0818,SNPP,SNPP,n,2.0NRT,294.05,5.46,D
31.03354,74.85312,330.91,0.39,0.36,2026-07-19,0820,SNPP,SNPP,n,2.0NRT,290.53,2.49,D
14.49587,75.92569,296.15,0.41,0.37,2026-07-19,2046,SNPP,SNPP,n,2.0NRT,273.02,0.48,N
20.25758,86.60252,312.1,0.45,0.63,2026-07-19,2046,SNPP,SNPP,n,2.0NRT,280.98,1.25,N
8.84588,78.06475,330.6,0.43,0.46,2026-07-20,0754,SNPP,SNPP,n,2.0NRT,271.62,2.64,D
9.16154,77.31667,333.7,0.48,0.48,2026-07-20,0756,SNPP,SNPP,n,2.0NRT,266.02,9.67,D
17.37366,82.72456,340.53,0.39,0.36,2026-07-20,0756,SNPP,SNPP,n,2.0NRT,292.62,3.67,D
17.61235,83.20256,335.13,0.4,0.37,2026-07-20,0756,SNPP,SNPP,n,2.0NRT,292.47,4.58,D
17.62295,83.22784,331.67,0.4,0.37,2026-07-20,0756,SNPP,SNPP,n,2.0NRT,292.48,3.23,D
25.94319,72.18764,314.55,0.34,0.56,2026-07-20,2025,SNPP,SNPP,n,2.0NRT,288.73,1.54,N
25.78157,73.6991,304.64,0.54,0.51,2026-07-20,2025,SNPP,SNPP,n,2.0NRT,287.73,1.88,N
25.94229,72.18838,318.62,0.34,0.56,2026-07-20,2025,SNPP,SNPP,n,2.0NRT,288.87,1.87,N
25.78023,73.69814,307.65,0.54,0.51,2026-07-20,2025,SNPP,SNPP,n,2.0NRT,287.72,1.96,N
11.99332,79.00209,321.85,0.39,0.36,2026-07-20,2029,SNPP,SNPP,n,2.0NRT,288.32,1.52,N
11.62482,79.27104,314.91,0.39,0.36,2026-07-20,2029,SNPP,SNPP,n,2.0NRT,289.59,3.49,N
9.17936,77.31927,308.54,0.38,0.36,2026-07-20,2029,SNPP,SNPP,n,2.0NRT,272.23,1,N
9.1777,77.30841,303.71,0.38,0.36,2026-07-20,2029,SNPP,SNPP,n,2.0NRT,270.95,0.85,N
9.17715,77.31189,315.78,0.38,0.36,2026-07-20,2029,SNPP,SNPP,n,2.0NRT,273.81,0.85,N
9.1766,77.31534,299.62,0.38,0.36,2026-07-20,2029,SNPP,SNPP,n,2.0NRT,273.81,0.79,N
9.17439,77.30786,295.61,0.38,0.36,2026-07-20,2029,SNPP,SNPP,n,2.0NRT,270.59,0.85,N
9.17384,77.31139,310.29,0.38,0.36,2026-07-20,2029,SNPP,SNPP,n,2.0NRT,272.15,0.85,N
9.17089,77.31107,301.16,0.38,0.36,2026-07-20,2029,SNPP,SNPP,n,2.0NRT,270.1,0.63,N
9.16759,77.31052,308.06,0.38,0.36,2026-07-20,2029,SNPP,SNPP,n,2.0NRT,270.43,0.63,N
9.54794,78.77464,358.05,0.39,0.59,2026-07-21,0735,SNPP,SNPP,l,2.0NRT,270.3,17.56,D
9.4586,78.62737,338.9,0.4,0.6,2026-07-21,0735,SNPP,SNPP,n,2.0NRT,276.05,3.84,D
9.45786,78.62679,340.37,0.4,0.6,2026-07-21,0735,SNPP,SNPP,n,2.0NRT,276.45,3.77,D
9.54248,78.77563,356.42,0.39,0.59,2026-07-21,0735,SNPP,SNPP,n,2.0NRT,273.77,17.56,D
9.54116,78.7685,335.35,0.39,0.59,2026-07-21,0735,SNPP,SNPP,n,2.0NRT,268.8,11.88,D
9.54182,78.77206,357.19,0.39,0.59,2026-07-21,0735,SNPP,SNPP,l,2.0NRT,275.21,11.88,D
9.54728,78.77107,358.04,0.39,0.59,2026-07-21,0735,SNPP,SNPP,l,2.0NRT,269.9,11.88,D
15.46267,80.16653,344.62,0.5,0.49,2026-07-21,0737,SNPP,SNPP,n,2.0NRT,278.91,5.97,D
12.13372,77.06586,351.57,0.46,0.63,2026-07-21,0737,SNPP,SNPP,n,2.0NRT,282.15,6.15,D
15.46109,80.16556,340.66,0.5,0.49,2026-07-21,0737,SNPP,SNPP,n,2.0NRT,279.06,4.77,D
23.73733,86.4358,344.6,0.4,0.37,2026-07-21,0739,SNPP,SNPP,n,2.0NRT,294.23,5.57,D
28.66147,77.57709,305.99,0.33,0.55,2026-07-21,2006,SNPP,SNPP,n,2.0NRT,286.07,1.06,N
28.66513,77.57671,306.55,0.33,0.55,2026-07-21,2006,SNPP,SNPP,n,2.0NRT,286.02,1.8,N
23.484,87.36176,300.1,0.4,0.37,2026-07-21,2008,SNPP,SNPP,n,2.0NRT,280.14,1.69,N
13.29847,78.88514,305.11,0.53,0.42,2026-07-21,2010,SNPP,SNPP,n,2.0NRT,288.92,0.6,N
12.74624,77.61856,306.17,0.42,0.45,2026-07-21,2010,SNPP,SNPP,n,2.0NRT,284.47,0.85,N
17.61091,83.20271,303.85,0.39,0.36,2026-07-21,2010,SNPP,SNPP,n,2.0NRT,266.23,0.5,N
10.61256,77.49836,303.25,0.4,0.44,2026-07-21,2012,SNPP,SNPP,n,2.0NRT,273.66,0.4,N
10.61532,77.42051,299.7,0.4,0.44,2026-07-21,2012,SNPP,SNPP,n,2.0NRT,276.19,0.5,N
8.62434,77.78712,340.33,0.4,0.6,2026-07-22,0858,SNPP,SNPP,n,2.0NRT,296.9,2.92,D
8.62484,77.79086,334.04,0.4,0.6,2026-07-22,0858,SNPP,SNPP,n,2.0NRT,296.5,7.21,D
8.62995,77.78645,344.03,0.4,0.6,2026-07-22,0858,SNPP,SNPP,n,2.0NRT,296.45,2.92,D
8.62802,77.78912,367,0.4,0.6,2026-07-22,0858,SNPP,SNPP,h,2.0NRT,297.66,9.48,D
8.62754,77.78538,333.88,0.4,0.6,2026-07-22,0858,SNPP,SNPP,n,2.0NRT,296.66,3.76,D
8.76218,77.69276,352.45,0.4,0.6,2026-07-22,0858,SNPP,SNPP,n,2.0NRT,297.36,4.78,D
23.76471,86.40529,310.62,0.5,0.41,2026-07-22,1947,SNPP,SNPP,n,2.0NRT,271.61,1.09,N
26.64495,79.47585,307.95,0.47,0.64,2026-07-22,1947,SNPP,SNPP,n,2.0NRT,285.9,1.19,N
26.63897,79.47527,303.97,0.47,0.64,2026-07-22,1947,SNPP,SNPP,n,2.0NRT,286.27,1.19,N
23.77852,86.3873,301.55,0.5,0.41,2026-07-22,1947,SNPP,SNPP,n,2.0NRT,266.08,1.39,N
23.77415,86.36121,300.63,0.51,0.41,2026-07-22,1947,SNPP,SNPP,n,2.0NRT,267.36,0.91,N
23.77352,86.36621,299,0.51,0.41,2026-07-22,1947,SNPP,SNPP,n,2.0NRT,268.25,0.9,N
23.7691,86.4009,299.51,0.5,0.41,2026-07-22,1947,SNPP,SNPP,n,2.0NRT,269.55,0.92,N
23.76847,86.40588,297.86,0.5,0.41,2026-07-22,1947,SNPP,SNPP,n,2.0NRT,270.18,1.09,N
23.76534,86.40031,299.2,0.5,0.41,2026-07-22,1947,SNPP,SNPP,n,2.0NRT,270.51,0.92,N
23.77834,86.39065,300.35,0.5,0.41,2026-07-22,1947,SNPP,SNPP,n,2.0NRT,265.2,0.67,N
23.77411,86.36466,308.56,0.5,0.41,2026-07-22,1947,SNPP,SNPP,n,2.0NRT,267.87,1.53,N
23.76884,86.40425,303.63,0.5,0.41,2026-07-22,1947,SNPP,SNPP,n,2.0NRT,271.31,1.81,N
23.76508,86.40367,314.29,0.5,0.41,2026-07-22,1947,SNPP,SNPP,n,2.0NRT,272.18,1.81,N
23.76131,86.40308,297.16,0.5,0.41,2026-07-22,1947,SNPP,SNPP,n,2.0NRT,269.45,1.2,N
23.75755,86.40247,301,0.5,0.41,2026-07-22,1947,SNPP,SNPP,n,2.0NRT,267.61,1.2,N
23.82284,84.56946,308.36,0.42,0.45,2026-07-22,1947,SNPP,SNPP,n,2.0NRT,267.2,1.34,N
23.82235,84.57365,300.7,0.42,0.45,2026-07-22,1947,SNPP,SNPP,n,2.0NRT,267.26,1.34,N
19.09634,82.16804,295.25,0.52,0.5,2026-07-22,1949,SNPP,SNPP,n,2.0NRT,276.97,1.17,N
28.71034,76.85629,304.36,0.71,0.75,2026-07-22,1949,SNPP,SNPP,n,2.0NRT,284.31,1,N
15.11372,80.01838,299.73,0.32,0.55,2026-07-22,1951,SNPP,SNPP,n,2.0NRT,277.98,1,N
15.02532,78.01366,298.81,0.43,0.62,2026-07-22,1951,SNPP,SNPP,n,2.0NRT,280.91,0.98,N
27.66849,76.13383,303.92,0.34,0.56,2026-07-22,2127,SNPP,SNPP,n,2.0NRT,287.24,0.7,N
27.66928,76.13039,305.95,0.34,0.56,2026-07-22,2127,SNPP,SNPP,n,2.0NRT,287.36,0.9,N
15.17627,77.09908,300.95,0.72,0.75,2026-07-22,2131,SNPP,SNPP,n,2.0NRT,281.25,1.71,N
15.17708,77.10023,304.71,0.72,0.75,2026-07-22,2131,SNPP,SNPP,n,2.0NRT,282.14,2.11,N
9.37534,77.57722,332.64,0.39,0.44,2026-07-23,0837,SNPP,SNPP,n,2.0NRT,301.23,1.99,D
8.75839,78.18192,334.92,0.41,0.45,2026-07-23,0837,SNPP,SNPP,n,2.0NRT,302.86,6.29,D
8.75995,78.18253,335.62,0.41,0.45,2026-07-23,0837,SNPP,SNPP,n,2.0NRT,303.04,3.79,D
8.83569,77.65315,335.29,0.38,0.44,2026-07-23,0837,SNPP,SNPP,n,2.0NRT,301.26,2.27,D
9.04247,78.23987,332.42,0.42,0.45,2026-07-23,0837,SNPP,SNPP,n,2.0NRT,300.34,1.39,D
9.02358,78.04476,333.35,0.41,0.45,2026-07-23,0837,SNPP,SNPP,n,2.0NRT,299.8,3,D
9.07191,77.80376,344.78,0.4,0.44,2026-07-23,0837,SNPP,SNPP,n,2.0NRT,307.02,6.25,D
9.12108,77.88631,339.71,0.4,0.44,2026-07-23,0837,SNPP,SNPP,n,2.0NRT,305.6,4.6,D
9.2478,78.51723,333.1,0.44,0.46,2026-07-23,0837,SNPP,SNPP,n,2.0NRT,300.93,1,D
9.22084,77.77129,344.85,0.4,0.44,2026-07-23,0837,SNPP,SNPP,n,2.0NRT,307.47,9.03,D
9.22492,77.77073,347.18,0.4,0.44,2026-07-23,0837,SNPP,SNPP,n,2.0NRT,308.54,10.59,D
9.30218,78.09783,351.68,0.42,0.45,2026-07-23,0837,SNPP,SNPP,n,2.0NRT,308.66,10.42,D
9.30635,78.09724,342.67,0.42,0.45,2026-07-23,0837,SNPP,SNPP,n,2.0NRT,310.26,10.42,D
9.2689,77.47028,342.03,0.57,0.43,2026-07-23,0837,SNPP,SNPP,n,2.0NRT,301.5,6.16,D
11.43772,77.28219,330.99,0.4,0.44,2026-07-23,0839,SNPP,SNPP,n,2.0NRT,293.75,1.61,D
12.16714,77.35521,335.16,0.41,0.45,2026-07-23,0839,SNPP,SNPP,n,2.0NRT,300.02,5.2,D
12.67344,79.98261,333.41,0.62,0.54,2026-07-23,0839,SNPP,SNPP,n,2.0NRT,298.78,5.3,D
12.34391,76.98788,330.82,0.39,0.44,2026-07-23,0839,SNPP,SNPP,n,2.0NRT,294.62,1.68,D
12.98165,79.26957,337.19,0.56,0.51,2026-07-23,0839,SNPP,SNPP,n,2.0NRT,300.29,6.37,D
12.98173,79.2668,331.16,0.56,0.51,2026-07-23,0839,SNPP,SNPP,n,2.0NRT,299.01,7.93,D
13.19946,80.29171,338.71,0.33,0.55,2026-07-23,0839,SNPP,SNPP,n,2.0NRT,293.48,1.69,D
13.20152,80.29202,342.76,0.33,0.55,2026-07-23,0839,SNPP,SNPP,n,2.0NRT,293.61,3.96,D
13.41916,80.11427,332.24,0.32,0.55,2026-07-23,0839,SNPP,SNPP,n,2.0NRT,297.52,1.87,D
14.50444,79.57254,331.36,0.61,0.53,2026-07-23,0839,SNPP,SNPP,n,2.0NRT,296.68,3.69,D
14.79391,79.6976,349.22,0.63,0.54,2026-07-23,0839,SNPP,SNPP,n,2.0NRT,296.2,18.26,D
15.34883,79.76283,348.25,0.32,0.55,2026-07-23,0839,SNPP,SNPP,n,2.0NRT,295.4,2.77,D
15.82534,80.06384,367,0.34,0.56,2026-07-23,0839,SNPP,SNPP,h,2.0NRT,293.19,6.01,D
15.82599,80.06583,340.03,0.34,0.56,2026-07-23,0839,SNPP,SNPP,n,2.0NRT,292.31,7.25,D
15.82563,80.06254,339.37,0.34,0.56,2026-07-23,0839,SNPP,SNPP,n,2.0NRT,293.04,6.48,D
16.03826,80.022,343.27,0.34,0.56,2026-07-23,0839,SNPP,SNPP,n,2.0NRT,288.34,2.16,D
16.0385,80.02033,334.61,0.34,0.56,2026-07-23,0839,SNPP,SNPP,n,2.0NRT,287.37,1.92,D
27.33779,70.41145,341.66,0.41,0.37,2026-07-23,0843,SNPP,SNPP,n,2.0NRT,300.21,10.32,D
27.37874,95.33226,305.71,0.39,0.36,2026-07-23,1928,SNPP,SNPP,n,2.0NRT,289.79,1.06,N
27.46193,95.47674,310.1,0.39,0.36,2026-07-23,1928,SNPP,SNPP,n,2.0NRT,291.63,1.1,N
27.31842,95.26553,309.84,0.39,0.36,2026-07-23,1928,SNPP,SNPP,n,2.0NRT,291.17,2.35,N
27.37815,95.33618,315.36,0.39,0.36,2026-07-23,1928,SNPP,SNPP,n,2.0NRT,290.03,1.06,N
23.83777,84.94666,298.07,0.4,0.6,2026-07-23,1930,SNPP,SNPP,n,2.0NRT,279.05,0.61,N
17.61269,83.20255,300.2,0.44,0.62,2026-07-23,1932,SNPP,SNPP,n,2.0NRT,275.25,0.48,N
8.59833,78.12394,304.12,0.73,0.76,2026-07-23,1934,SNPP,SNPP,n,2.0NRT,291.5,1.61,N
8.75791,78.17783,305.81,0.73,0.76,2026-07-23,1934,SNPP,SNPP,n,2.0NRT,287.03,0.78,N
28.92535,78.86118,355.41,0.49,0.49,2026-07-23,2110,SNPP,SNPP,n,2.0NRT,289.9,24.44,N
28.74357,76.92528,301.6,0.39,0.44,2026-07-23,2110,SNPP,SNPP,n,2.0NRT,288.53,1.25,N
15.96356,80.93718,298.59,0.61,0.71,2026-07-23,2112,SNPP,SNPP,n,2.0NRT,280.78,1.57,N
17.70737,83.20943,311.31,0.77,0.78,2026-07-23,2112,SNPP,SNPP,n,2.0NRT,283.14,2.6,N
15.96499,80.93744,298.32,0.61,0.71,2026-07-23,2112,SNPP,SNPP,n,2.0NRT,280.62,3.89,N
17.71089,83.21264,315.38,0.77,0.78,2026-07-23,2112,SNPP,SNPP,n,2.0NRT,283.39,3.02,N
25.43198,92.97305,335.12,0.41,0.45,2026-07-24,0644,SNPP,SNPP,n,2.0NRT,292.42,2.94,D
8.72783,77.36877,343.08,0.38,0.36,2026-07-24,0820,SNPP,SNPP,n,2.0NRT,306.38,5.21,D
8.61075,78.0201,344.25,0.39,0.36,2026-07-24,0820,SNPP,SNPP,n,2.0NRT,308.99,3.17,D
8.61782,77.95454,344.93,0.39,0.36,2026-07-24,0820,SNPP,SNPP,n,2.0NRT,308.95,8.05,D
8.67269,78.09673,343.61,0.39,0.36,2026-07-24,0820,SNPP,SNPP,n,2.0NRT,308.49,2.48,D
8.81372,77.97733,350.89,0.39,0.36,2026-07-24,0820,SNPP,SNPP,n,2.0NRT,318.06,16.7,D
8.86807,78.15605,339.89,0.39,0.36,2026-07-24,0820,SNPP,SNPP,n,2.0NRT,308,6.87,D
8.87846,78.08958,340.23,0.39,0.36,2026-07-24,0820,SNPP,SNPP,n,2.0NRT,307.98,7.14,D
8.94914,77.84123,339.46,0.39,0.36,2026-07-24,0820,SNPP,SNPP,l,2.0NRT,312.84,4.83,D
9.26605,79.06191,339.53,0.41,0.37,2026-07-24,0820,SNPP,SNPP,n,2.0NRT,306.99,7.21,D
9.13713,77.96883,344.46,0.39,0.36,2026-07-24,0820,SNPP,SNPP,n,2.0NRT,313.96,12.82,D
9.36788,78.71719,339.67,0.4,0.37,2026-07-24,0820,SNPP,SNPP,n,2.0NRT,307.57,5.8,D
9.247,77.60338,341.22,0.38,0.36,2026-07-24,0820,SNPP,SNPP,l,2.0NRT,313.14,6.22,D
9.43342,78.82613,339.34,0.4,0.37,2026-07-24,0820,SNPP,SNPP,n,2.0NRT,306.4,4.3,D
9.42739,78.55258,338.83,0.4,0.37,2026-07-24,0820,SNPP,SNPP,n,2.0NRT,308.51,6.28,D
9.458,78.68839,337.56,0.4,0.37,2026-07-24,0820,SNPP,SNPP,n,2.0NRT,307.22,5.77,D
9.4967,78.71597,340.61,0.4,0.37,2026-07-24,0820,SNPP,SNPP,n,2.0NRT,308.76,7.01,D
9.49454,78.58665,341.9,0.4,0.37,2026-07-24,0820,SNPP,SNPP,n,2.0NRT,311.22,8.39,D
9.49535,78.58585,349.21,0.4,0.37,2026-07-24,0820,SNPP,SNPP,n,2.0NRT,311.34,10.41,D
9.53733,78.52048,344.64,0.4,0.37,2026-07-24,0820,SNPP,SNPP,n,2.0NRT,307.93,7.58,D
9.42289,77.71505,350.22,0.39,0.36,2026-07-24,0820,SNPP,SNPP,n,2.0NRT,313.75,12.71,D
9.39855,77.5326,353.41,0.38,0.36,2026-07-24,0820,SNPP,SNPP,n,2.0NRT,313.12,16.75,D
9.48597,78.08695,343.27,0.39,0.36,2026-07-24,0820,SNPP,SNPP,l,2.0NRT,314.12,8.43,D
9.47744,78.03043,344.73,0.39,0.36,2026-07-24,0820,SNPP,SNPP,l,2.0NRT,315.23,12.92,D
9.52567,78.32798,342.89,0.39,0.36,2026-07-24,0820,SNPP,SNPP,l,2.0NRT,312.94,8.54,D
9.73117,78.23415,342.13,0.39,0.36,2026-07-24,0820,SNPP,SNPP,l,2.0NRT,312.75,11.26,D
9.80689,78.36104,338.55,0.39,0.36,2026-07-24,0820,SNPP,SNPP,n,2.0NRT,306.99,2.97,D
9.85525,78.22561,340.14,0.39,0.36,2026-07-24,0820,SNPP,SNPP,n,2.0NRT,308.35,4.74,D
9.72999,77.35467,343.29,0.38,0.36,2026-07-24,0820,SNPP,SNPP,n,2.0NRT,303.8,4.13,D
9.84783,78.06303,336.5,0.39,0.36,2026-07-24,0820,SNPP,SNPP,n,2.0NRT,304.67,2.58,D
9.94998,78.64573,340.05,0.4,0.37,2026-07-24,0820,SNPP,SNPP,n,2.0NRT,306.71,5.05,D
9.89849,78.06915,339.38,0.39,0.36,2026-07-24,0820,SNPP,SNPP,l,2.0NRT,309.55,6.09,D
9.87134,77.70849,339.45,0.39,0.36,2026-07-24,0820,SNPP,SNPP,l,2.0NRT,310.59,3.91,D
10.01349,78.09101,343.1,0.39,0.36,2026-07-24,0820,SNPP,SNPP,n,2.0NRT,305.63,3.11,D
10.00549,78.03773,340.01,0.39,0.36,2026-07-24,0820,SNPP,SNPP,l,2.0NRT,310.07,5.54,D
10.00883,78.03722,341.97,0.39,0.36,2026-07-24,0820,SNPP,SNPP,n,2.0NRT,309.71,5.58,D
10.03784,78.02551,344.83,0.39,0.36,2026-07-24,0820,SNPP,SNPP,n,2.0NRT,309.11,5.79,D
10.02995,77.95058,334.38,0.39,0.36,2026-07-24,0820,SNPP,SNPP,l,2.0NRT,307.13,2.05,D
10.28285,78.82413,336.81,0.41,0.37,2026-07-24,0820,SNPP,SNPP,n,2.0NRT,303.36,4.26,D
10.38708,79.22437,336.59,0.42,0.38,2026-07-24,0820,SNPP,SNPP,n,2.0NRT,300.15,4.1,D
10.39054,79.22385,337.14,0.42,0.38,2026-07-24,0820,SNPP,SNPP,n,2.0NRT,298.25,4.1,D
10.19416,77.27584,347.72,0.38,0.36,2026-07-24,0820,SNPP,SNPP,n,2.0NRT,307.77,15.68,D
10.67069,79.61633,337.22,0.43,0.38,2026-07-24,0820,SNPP,SNPP,n,2.0NRT,302.95,3.44,D
10.67364,79.61184,339.44,0.43,0.38,2026-07-24,0820,SNPP,SNPP,n,2.0NRT,304.36,5.43,D
10.34789,77.17265,332.6,0.38,0.36,2026-07-24,0820,SNPP,SNPP,l,2.0NRT,305.96,3.36,D
10.35121,77.17213,331.82,0.38,0.36,2026-07-24,0820,SNPP,SNPP,l,2.0NRT,304.34,2.96,D
10.41716,77.5604,335.7,0.39,0.36,2026-07-24,0820,SNPP,SNPP,l,2.0NRT,308.54,4.18,D
10.42837,77.37106,337.28,0.38,0.36,2026-07-24,0820,SNPP,SNPP,n,2.0NRT,305.76,4.13,D
10.80428,79.6702,332.83,0.44,0.38,2026-07-24,0820,SNPP,SNPP,n,2.0NRT,302.08,3.45,D
10.90938,79.82526,338.68,0.45,0.39,2026-07-24,0820,SNPP,SNPP,n,2.0NRT,300.23,3.46,D
10.80448,78.6274,342.82,0.4,0.37,2026-07-24,0820,SNPP,SNPP,n,2.0NRT,307.72,5.96,D
10.84708,78.79957,337.74,0.41,0.37,2026-07-24,0820,SNPP,SNPP,n,2.0NRT,304.45,2.75,D
10.84654,78.79582,331,0.41,0.37,2026-07-24,0820,SNPP,SNPP,l,2.0NRT,302.79,2.75,D
10.65981,77.15834,330.59,0.38,0.36,2026-07-24,0820,SNPP,SNPP,l,2.0NRT,303.61,2.06,D
11.01471,77.62794,340.1,0.39,0.36,2026-07-24,0820,SNPP,SNPP,n,2.0NRT,305.83,6.21,D
11.39208,79.72757,336.65,0.45,0.39,2026-07-24,0820,SNPP,SNPP,n,2.0NRT,301.04,5.59,D
11.39055,79.72801,337.34,0.45,0.39,2026-07-24,0820,SNPP,SNPP,n,2.0NRT,301.33,6.47,D
11.23178,78.38319,336.22,0.4,0.37,2026-07-24,0820,SNPP,SNPP,n,2.0NRT,301.67,2.8,D
11.47362,79.22565,338.12,0.43,0.38,2026-07-24,0820,SNPP,SNPP,n,2.0NRT,302.87,3.1,D
11.58556,78.77619,349.28,0.41,0.37,2026-07-24,0820,SNPP,SNPP,n,2.0NRT,306.47,5.58,D
11.70297,78.74607,341.63,0.41,0.37,2026-07-24,0820,SNPP,SNPP,n,2.0NRT,296.04,7.09,D
11.72358,78.74298,338.48,0.41,0.37,2026-07-24,0820,SNPP,SNPP,n,2.0NRT,297.36,3.09,D
11.74709,78.71194,335.32,0.41,0.37,2026-07-24,0820,SNPP,SNPP,n,2.0NRT,295.65,3.63,D
17.05752,81.80788,330.14,0.45,0.47,2026-07-24,0822,SNPP,SNPP,n,2.0NRT,290.96,2.67,D
18.30467,78.66856,348.15,0.47,0.4,2026-07-24,0822,SNPP,SNPP,n,2.0NRT,293.16,7.06,D
18.30893,78.67248,340.54,0.47,0.4,2026-07-24,0822,SNPP,SNPP,n,2.0NRT,291.84,3.08,D
13.25182,78.5679,348.15,0.42,0.37,2026-07-24,0822,SNPP,SNPP,n,2.0NRT,296.56,10.37,D
18.71929,76.37981,336.43,0.39,0.37,2026-07-24,0822,SNPP,SNPP,n,2.0NRT,296.11,4.07,D
18.96643,76.21732,330.23,0.39,0.36,2026-07-24,0822,SNPP,SNPP,n,2.0NRT,297.25,2.38,D
12.93804,79.10506,333.83,0.43,0.38,2026-07-24,0822,SNPP,SNPP,n,2.0NRT,277.75,3.64,D
14.26823,77.20443,337.4,0.39,0.36,2026-07-24,0822,SNPP,SNPP,n,2.0NRT,293.86,3.33,D
26.64354,79.48151,330.2,0.43,0.46,2026-07-24,0824,SNPP,SNPP,n,2.0NRT,291.34,4.01,D
22.35982,82.30302,338.69,0.57,0.52,2026-07-24,0824,SNPP,SNPP,n,2.0NRT,290.78,7.52,D
23.73656,86.43629,326.8,0.54,0.68,2026-07-24,0824,SNPP,SNPP,n,2.0NRT,285.99,8.6,D
30.85431,75.53709,334.33,0.46,0.39,2026-07-24,0826,SNPP,SNPP,n,2.0NRT,294.86,3.83,D
30.85359,75.53551,331.38,0.46,0.39,2026-07-24,0826,SNPP,SNPP,n,2.0NRT,294.3,2.44,D
31.31094,75.34057,335.03,0.45,0.39,2026-07-24,0826,SNPP,SNPP,n,2.0NRT,295.04,3.18,D
31.31453,75.33996,337.4,0.45,0.39,2026-07-24,0826,SNPP,SNPP,n,2.0NRT,293.69,3.18,D
27.37656,95.08633,297.6,0.41,0.45,2026-07-24,1910,SNPP,SNPP,n,2.0NRT,272.32,0.92,N
25.54527,91.2362,299.73,0.33,0.56,2026-07-24,1910,SNPP,SNPP,n,2.0NRT,285.27,0.79,N
25.54011,91.23563,307.35,0.33,0.56,2026-07-24,1910,SNPP,SNPP,n,2.0NRT,285.35,0.79,N
25.5434,91.23455,315.33,0.33,0.56,2026-07-24,1910,SNPP,SNPP,n,2.0NRT,285.31,1.39,N
29.12566,75.77786,306.08,0.38,0.36,2026-07-24,2051,SNPP,SNPP,n,2.0NRT,290.64,2.4,N
28.77386,77.56726,313.65,0.4,0.37,2026-07-24,2051,SNPP,SNPP,n,2.0NRT,291.04,2.59,N
27.37768,77.68481,303.1,0.41,0.37,2026-07-24,2051,SNPP,SNPP,n,2.0NRT,291.63,2.5,N
13.71024,79.61844,305.31,0.54,0.51,2026-07-24,2053,SNPP,SNPP,n,2.0NRT,289.03,3.03,N
26.87887,73.5134,306.5,0.41,0.37,2026-07-24,2053,SNPP,SNPP,n,2.0NRT,291.13,3.92,N
24.16793,80.69418,308.36,0.41,0.45,2026-07-24,2053,SNPP,SNPP,n,2.0NRT,288.99,1.64,N
24.05307,80.61401,301.69,0.41,0.45,2026-07-24,2053,SNPP,SNPP,n,2.0NRT,277.44,0.63,N
23.98989,79.39357,304.43,0.52,0.42,2026-07-24,2053,SNPP,SNPP,n,2.0NRT,286.02,0.8,N
22.36008,82.29993,329.92,0.55,0.51,2026-07-24,2053,SNPP,SNPP,n,2.0NRT,284.99,3.33,N
22.35896,82.30521,310.81,0.55,0.51,2026-07-24,2053,SNPP,SNPP,n,2.0NRT,284,3.28,N
22.35543,82.29885,304.18,0.55,0.51,2026-07-24,2053,SNPP,SNPP,n,2.0NRT,284.65,3.33,N
22.36367,82.29972,303.16,0.55,0.51,2026-07-24,2053,SNPP,SNPP,n,2.0NRT,283.98,0.96,N
22.35792,82.30394,338.9,0.55,0.51,2026-07-24,2053,SNPP,SNPP,n,2.0NRT,284.86,4.4,N
22.35901,82.29864,307.16,0.55,0.51,2026-07-24,2053,SNPP,SNPP,n,2.0NRT,284.63,4.4,N
21.2331,79.62864,305.94,0.4,0.44,2026-07-24,2053,SNPP,SNPP,n,2.0NRT,289.41,0.8,N
18.72199,79.53487,305.45,0.43,0.46,2026-07-24,2053,SNPP,SNPP,n,2.0NRT,286.15,0.88,N
18.72121,79.53894,304.52,0.43,0.46,2026-07-24,2053,SNPP,SNPP,n,2.0NRT,286.97,0.88,N
18.71701,79.53811,308.55,0.43,0.46,2026-07-24,2053,SNPP,SNPP,n,2.0NRT,286.55,0.88,N
15.02554,78.01601,304.46,0.4,0.45,2026-07-24,2053,SNPP,SNPP,n,2.0NRT,289.05,0.75,N
15.02146,78.01525,306.47,0.4,0.45,2026-07-24,2053,SNPP,SNPP,n,2.0NRT,288.72,0.75,N
12.74686,77.61757,301.81,0.42,0.45,2026-07-24,2053,SNPP,SNPP,n,2.0NRT,285.55,0.49,N
8.57124,78.07296,316.73,0.52,0.5,2026-07-24,2055,SNPP,SNPP,n,2.0NRT,293.57,1.59,N
17.14729,78.22311,302.7,0.38,0.44,2026-07-24,2055,SNPP,SNPP,n,2.0NRT,290.4,0.44,N
11.69529,78.85291,314.31,0.52,0.5,2026-07-24,2055,SNPP,SNPP,n,2.0NRT,286.19,3.2,N
11.81571,77.91763,305.63,0.45,0.47,2026-07-24,2055,SNPP,SNPP,n,2.0NRT,283.7,1.16,N
10.98564,78.15651,304.45,0.48,0.48,2026-07-24,2055,SNPP,SNPP,n,2.0NRT,283.22,1.26,N
10.98638,78.15899,306.52,0.48,0.48,2026-07-24,2055,SNPP,SNPP,n,2.0NRT,282.49,1.27,N
10.98197,78.15816,313.22,0.48,0.48,2026-07-24,2055,SNPP,SNPP,n,2.0NRT,282.45,3.1,N
10.27937,77.44356,299.7,0.44,0.46,2026-07-24,2055,SNPP,SNPP,n,2.0NRT,288.32,0.7,N
9.20877,77.49895,307.72,0.46,0.47,2026-07-24,2055,SNPP,SNPP,n,2.0NRT,292.91,1.67,N
8.67019,77.99132,307.45,0.51,0.49,2026-07-24,2055,SNPP,SNPP,n,2.0NRT,293.35,0.78,N
26.05802,93.71242,337.01,0.34,0.56,2026-07-25,0627,SNPP,SNPP,n,2.0NRT,294.18,2.54,D
28.06422,95.3549,329.6,0.5,0.49,2026-07-25,0627,SNPP,SNPP,l,2.0NRT,299.72,6.99,D
8.64045,77.52097,334.25,0.56,0.43,2026-07-25,0801,SNPP,SNPP,n,2.0NRT,303.82,4.7,D
8.70248,77.7755,335.54,0.54,0.42,2026-07-25,0801,SNPP,SNPP,n,2.0NRT,304.31,5.31,D
8.76868,78.05202,331.39,0.52,0.42,2026-07-25,0801,SNPP,SNPP,n,2.0NRT,300.75,2.13,D
8.84527,77.95808,346.88,0.53,0.42,2026-07-25,0801,SNPP,SNPP,n,2.0NRT,305.91,25.65,D
8.95624,77.78273,342.83,0.54,0.42,2026-07-25,0801,SNPP,SNPP,n,2.0NRT,305.38,13.6,D
9.16651,78.04524,354.62,0.52,0.41,2026-07-25,0801,SNPP,SNPP,n,2.0NRT,308.91,45.04,D
9.16966,78.04662,344.33,0.52,0.41,2026-07-25,0801,SNPP,SNPP,n,2.0NRT,303.76,54.42,D
9.11794,77.59937,343.19,0.55,0.42,2026-07-25,0801,SNPP,SNPP,n,2.0NRT,301.79,5.93,D
9.12185,77.59873,337.44,0.55,0.42,2026-07-25,0801,SNPP,SNPP,n,2.0NRT,302.94,4.15,D
9.30537,77.71668,341,0.54,0.42,2026-07-25,0801,SNPP,SNPP,n,2.0NRT,306.93,13.48,D
9.28329,77.55848,340.84,0.55,0.43,2026-07-25,0801,SNPP,SNPP,n,2.0NRT,306.86,12.89,D
9.52778,78.80358,335.32,0.47,0.39,2026-07-25,0801,SNPP,SNPP,n,2.0NRT,298.89,2.14,D
9.49523,78.58398,347.48,0.48,0.4,2026-07-25,0801,SNPP,SNPP,n,2.0NRT,301.68,12.5,D
9.53532,78.75868,337.37,0.47,0.4,2026-07-25,0801,SNPP,SNPP,n,2.0NRT,299.32,5.58,D
9.39433,77.50125,332.79,0.55,0.43,2026-07-25,0801,SNPP,SNPP,n,2.0NRT,302.69,3.82,D
9.42737,77.53471,334.75,0.55,0.42,2026-07-25,0801,SNPP,SNPP,n,2.0NRT,304.66,2.31,D
9.59479,78.18553,339.56,0.5,0.41,2026-07-25,0801,SNPP,SNPP,n,2.0NRT,303,8.05,D
9.57965,77.87807,350.71,0.52,0.42,2026-07-25,0801,SNPP,SNPP,n,2.0NRT,308.46,20.25,D
9.57775,77.87535,342.88,0.52,0.42,2026-07-25,0801,SNPP,SNPP,n,2.0NRT,307.66,20.73,D
9.80423,77.72384,337.42,0.53,0.42,2026-07-25,0801,SNPP,SNPP,n,2.0NRT,305.39,10.58,D
9.90724,78.1565,335.29,0.5,0.41,2026-07-25,0801,SNPP,SNPP,n,2.0NRT,299.66,2.25,D
9.91396,78.17397,341.92,0.5,0.41,2026-07-25,0801,SNPP,SNPP,n,2.0NRT,304.36,9.66,D
9.96975,77.78606,346.89,0.52,0.42,2026-07-25,0801,SNPP,SNPP,n,2.0NRT,303.11,18.36,D
10.53204,79.40388,337.7,0.43,0.38,2026-07-25,0801,SNPP,SNPP,n,2.0NRT,298.19,3.07,D
10.43495,78.55267,335.68,0.47,0.4,2026-07-25,0801,SNPP,SNPP,n,2.0NRT,302.44,7.04,D
10.90932,77.99366,343.26,0.49,0.4,2026-07-25,0801,SNPP,SNPP,n,2.0NRT,298.59,16.6,D
10.94315,77.17971,338.42,0.55,0.42,2026-07-25,0801,SNPP,SNPP,n,2.0NRT,302.67,4.5,D
11.1397,78.27433,338.4,0.47,0.4,2026-07-25,0801,SNPP,SNPP,n,2.0NRT,304.21,4.8,D
11.28244,78.37044,332.85,0.47,0.4,2026-07-25,0801,SNPP,SNPP,n,2.0NRT,291.8,5.29,D
11.20836,77.91418,334.62,0.49,0.41,2026-07-25,0801,SNPP,SNPP,n,2.0NRT,302.39,3.24,D
11.28183,78.36697,332.18,0.47,0.4,2026-07-25,0801,SNPP,SNPP,n,2.0NRT,290.25,3.98,D
11.19282,77.49533,334.85,0.52,0.41,2026-07-25,0801,SNPP,SNPP,n,2.0NRT,303.03,4.01,D
11.45378,78.45736,337.28,0.46,0.39,2026-07-25,0801,SNPP,SNPP,n,2.0NRT,302.05,1.91,D
11.68872,78.70228,333.34,0.45,0.39,2026-07-25,0801,SNPP,SNPP,l,2.0NRT,296.12,5.05,D
11.73022,78.68802,334.37,0.45,0.39,2026-07-25,0801,SNPP,SNPP,l,2.0NRT,299.17,12.06,D
12.00164,78.77988,333.77,0.44,0.38,2026-07-25,0801,SNPP,SNPP,n,2.0NRT,298.38,3.48,D
12.00109,78.78092,334.49,0.44,0.38,2026-07-25,0801,SNPP,SNPP,n,2.0NRT,299.07,3,D
15.51981,80.17134,336.36,0.39,0.36,2026-07-25,0801,SNPP,SNPP,n,2.0NRT,303.44,4.58,D
15.81652,80.12132,336.2,0.39,0.36,2026-07-25,0803,SNPP,SNPP,n,2.0NRT,301.69,3.88,D
16.07796,80.21329,354.62,0.38,0.36,2026-07-25,0803,SNPP,SNPP,n,2.0NRT,305.27,12.95,D
16.64013,80.08545,335.61,0.38,0.36,2026-07-25,0803,SNPP,SNPP,n,2.0NRT,302.57,2.6,D
17.35911,82.69317,337.92,0.43,0.38,2026-07-25,0803,SNPP,SNPP,n,2.0NRT,300.06,4.79,D
17.12753,75.33945,331.48,0.56,0.43,2026-07-25,0803,SNPP,SNPP,n,2.0NRT,293.95,3,D
23.76233,86.40159,331.18,0.54,0.51,2026-07-25,0803,SNPP,SNPP,n,2.0NRT,291.61,6.08,D
23.80399,86.32874,333.64,0.53,0.5,2026-07-25,0803,SNPP,SNPP,n,2.0NRT,293.02,6.95,D
25.94117,72.19148,341.61,0.41,0.45,2026-07-25,0805,SNPP,SNPP,n,2.0NRT,287.15,3.98,D
30.98171,76.17087,332.17,0.39,0.36,2026-07-25,0807,SNPP,SNPP,n,2.0NRT,294.87,3.75,D
24.20372,80.80157,301.2,0.39,0.36,2026-07-25,2032,SNPP,SNPP,n,2.0NRT,280.95,0.56,N
28.72426,76.68844,306.29,0.49,0.4,2026-07-25,2032,SNPP,SNPP,n,2.0NRT,290.67,2.29,N
26.64172,79.47929,315.69,0.39,0.36,2026-07-25,2032,SNPP,SNPP,n,2.0NRT,288.74,1.59,N
26.60645,73.6841,304.8,0.45,0.47,2026-07-25,2032,SNPP,SNPP,n,2.0NRT,290.12,1.79,N
24.11728,86.35124,302.78,0.46,0.47,2026-07-25,2032,SNPP,SNPP,n,2.0NRT,282.17,1.29,N
23.66309,87.15118,297.63,0.53,0.5,2026-07-25,2032,SNPP,SNPP,n,2.0NRT,269.68,0.98,N
23.66204,87.15629,297.11,0.53,0.5,2026-07-25,2032,SNPP,SNPP,n,2.0NRT,269.25,0.98,N
23.78123,86.37207,301.87,0.47,0.48,2026-07-25,2032,SNPP,SNPP,n,2.0NRT,272.89,1.79,N
23.77442,86.3609,302.54,0.47,0.48,2026-07-25,2032,SNPP,SNPP,n,2.0NRT,275.84,2.7,N
23.76636,86.37809,309.75,0.47,0.48,2026-07-25,2032,SNPP,SNPP,n,2.0NRT,282,2.38,N
23.56026,87.22882,300.21,0.53,0.5,2026-07-25,2032,SNPP,SNPP,n,2.0NRT,266.61,2.29,N
23.82573,85.49998,304.63,0.42,0.45,2026-07-25,2032,SNPP,SNPP,n,2.0NRT,289.28,1.66,N
23.82242,85.49498,306.05,0.42,0.45,2026-07-25,2032,SNPP,SNPP,n,2.0NRT,289.35,1.25,N
23.78343,85.57757,300.7,0.42,0.45,2026-07-25,2032,SNPP,SNPP,n,2.0NRT,289.65,2.93,N
24.52842,81.17102,309.06,0.4,0.37,2026-07-25,2032,SNPP,SNPP,n,2.0NRT,291.34,2.14,N
24.20321,82.70959,312.68,0.45,0.39,2026-07-25,2032,SNPP,SNPP,n,2.0NRT,291.41,3.29,N
23.69617,85.28855,307.14,0.41,0.45,2026-07-25,2032,SNPP,SNPP,n,2.0NRT,290.2,2.21,N
23.82645,84.57086,297.3,0.56,0.43,2026-07-25,2032,SNPP,SNPP,n,2.0NRT,266.03,0.89,N
24.17727,82.64958,305.74,0.44,0.39,2026-07-25,2032,SNPP,SNPP,n,2.0NRT,288.17,1.08,N
23.82256,84.56999,296.88,0.56,0.43,2026-07-25,2032,SNPP,SNPP,n,2.0NRT,265.57,0.89,N
23.73794,85.00908,298.93,0.39,0.44,2026-07-25,2032,SNPP,SNPP,n,2.0NRT,279.36,0.85,N
23.73395,85.00816,299.26,0.39,0.44,2026-07-25,2032,SNPP,SNPP,n,2.0NRT,279.55,0.4,N
23.7212,85.00928,304.18,0.39,0.44,2026-07-25,2032,SNPP,SNPP,n,2.0NRT,282.97,0.64,N
24.1417,82.70517,306.68,0.45,0.39,2026-07-25,2032,SNPP,SNPP,n,2.0NRT,290.92,2.52,N
24.14674,82.65671,311.55,0.45,0.39,2026-07-25,2032,SNPP,SNPP,n,2.0NRT,291.25,2.15,N
23.99007,79.39203,318.4,0.38,0.36,2026-07-25,2032,SNPP,SNPP,n,2.0NRT,292.54,3.32,N
22.37681,87.27899,320.11,0.57,0.52,2026-07-25,2032,SNPP,SNPP,n,2.0NRT,280.34,4.39,N
22.36745,87.29977,303.19,0.57,0.52,2026-07-25,2032,SNPP,SNPP,n,2.0NRT,279.63,1.53,N
22.36629,87.30527,299.74,0.57,0.52,2026-07-25,2032,SNPP,SNPP,n,2.0NRT,279.28,1.53,N
23.16856,82.34196,299.71,0.44,0.39,2026-07-25,2032,SNPP,SNPP,n,2.0NRT,268.55,0.96,N
23.1658,82.33695,299.7,0.44,0.39,2026-07-25,2032,SNPP,SNPP,n,2.0NRT,267.35,0.96,N
23.16504,82.34126,309.42,0.44,0.39,2026-07-25,2032,SNPP,SNPP,n,2.0NRT,267.47,0.96,N
18.6845,73.03544,313.44,0.39,0.44,2026-07-25,2034,SNPP,SNPP,n,2.0NRT,289.14,3.14,N
20.69742,78.63671,307.24,0.38,0.36,2026-07-25,2034,SNPP,SNPP,n,2.0NRT,287.8,1.1,N
21.24964,79.20934,309.91,0.38,0.36,2026-07-25,2034,SNPP,SNPP,n,2.0NRT,284.35,1.15,N
21.33584,78.96739,300.26,0.38,0.36,2026-07-25,2034,SNPP,SNPP,n,2.0NRT,271.81,0.6,N
17.06101,76.97936,304.83,0.39,0.36,2026-07-25,2034,SNPP,SNPP,n,2.0NRT,289.01,0.78,N
17.13953,77.1748,307.54,0.39,0.36,2026-07-25,2034,SNPP,SNPP,n,2.0NRT,288.99,0.68,N
22.00302,82.67052,303.2,0.47,0.4,2026-07-25,2034,SNPP,SNPP,n,2.0NRT,279.55,1.84,N
21.23295,79.62888,309.26,0.39,0.36,2026-07-25,2034,SNPP,SNPP,n,2.0NRT,285.39,0.7,N
22.26651,75.1311,302.54,0.49,0.41,2026-07-25,2034,SNPP,SNPP,n,2.0NRT,287.51,0.94,N
17.29367,78.40926,302.5,0.39,0.36,2026-07-25,2034,SNPP,SNPP,n,2.0NRT,286.97,0.14,N
15.33618,76.24924,308.34,0.39,0.37,2026-07-25,2036,SNPP,SNPP,n,2.0NRT,290.57,0.61,N
15.65747,73.98943,304.67,0.48,0.4,2026-07-25,2036,SNPP,SNPP,n,2.0NRT,287.08,0.57,N
15.31497,76.25329,303.95,0.39,0.37,2026-07-25,2036,SNPP,SNPP,n,2.0NRT,290.67,0.59,N
15.1737,77.10104,300.66,0.38,0.36,2026-07-25,2036,SNPP,SNPP,n,2.0NRT,276.99,0.44,N
15.02137,78.01477,312.57,0.39,0.36,2026-07-25,2036,SNPP,SNPP,n,2.0NRT,287.59,1.7,N
11.81078,77.92224,306.49,0.4,0.37,2026-07-25,2036,SNPP,SNPP,n,2.0NRT,291.69,1.16,N
10.18617,77.27609,301.65,0.39,0.36,2026-07-25,2036,SNPP,SNPP,n,2.0NRT,283.3,0.33,N
9.78116,78.40366,332.87,0.42,0.38,2026-07-25,2036,SNPP,SNPP,n,2.0NRT,292.68,2.36,N
15.33953,76.24977,304.11,0.39,0.37,2026-07-25,2036,SNPP,SNPP,n,2.0NRT,291.27,0.61,N
15.33394,76.28632,312.46,0.39,0.36,2026-07-25,2036,SNPP,SNPP,n,2.0NRT,290.99,1.19,N
11.42285,77.44472,308.95,0.39,0.36,2026-07-25,2036,SNPP,SNPP,n,2.0NRT,290.49,1.02,N
10.92849,77.0655,302.39,0.39,0.36,2026-07-25,2036,SNPP,SNPP,n,2.0NRT,290.88,0.93,N
10.61676,77.42206,307.21,0.39,0.36,2026-07-25,2036,SNPP,SNPP,n,2.0NRT,292.6,0.69,N
8.84475,77.52363,330.39,0.4,0.37,2026-07-25,2038,SNPP,SNPP,n,2.0NRT,295.85,1.67,N
9.61007,78.25507,313.98,0.42,0.38,2026-07-25,2038,SNPP,SNPP,n,2.0NRT,293.7,0.98,N
9.20834,77.50013,312.16,0.4,0.37,2026-07-25,2038,SNPP,SNPP,n,2.0NRT,295.61,1.06,N
9.6107,78.25127,311.69,0.42,0.38,2026-07-25,2038,SNPP,SNPP,n,2.0NRT,293.51,0.98,N
9.50334,78.04597,341.55,0.34,0.56,2026-07-26,0741,SNPP,SNPP,n,2.0NRT,287.03,3.53,D
8.17175,77.59212,332.25,0.39,0.59,2026-07-26,0741,SNPP,SNPP,n,2.0NRT,295.69,2.93,D
8.5549,78.07254,330.36,0.35,0.57,2026-07-26,0741,SNPP,SNPP,n,2.0NRT,297.23,2.2,D
8.60272,78.06735,342.45,0.35,0.57,2026-07-26,0741,SNPP,SNPP,n,2.0NRT,296.19,3.66,D
8.66401,77.87219,342.13,0.36,0.58,2026-07-26,0741,SNPP,SNPP,n,2.0NRT,291.52,4.27,D
9.3792,77.92735,332.05,0.35,0.57,2026-07-26,0741,SNPP,SNPP,n,2.0NRT,288.14,4.58,D
9.37899,77.92585,341.89,0.35,0.57,2026-07-26,0741,SNPP,SNPP,n,2.0NRT,289.9,3.84,D
9.50276,78.04283,338.15,0.34,0.56,2026-07-26,0741,SNPP,SNPP,n,2.0NRT,287.97,3.53,D
9.71292,77.92689,334.83,0.35,0.56,2026-07-26,0741,SNPP,SNPP,n,2.0NRT,293.68,3.9,D
9.8234,78.24072,331.01,0.33,0.55,2026-07-26,0741,SNPP,SNPP,n,2.0NRT,291.11,1.48,D
9.91835,78.31232,330.65,0.32,0.55,2026-07-26,0741,SNPP,SNPP,n,2.0NRT,297.9,1.6,D
9.95631,78.26261,337.4,0.32,0.55,2026-07-26,0741,SNPP,SNPP,n,2.0NRT,296.51,1.53,D
10.05153,78.7318,331.66,0.6,0.53,2026-07-26,0741,SNPP,SNPP,n,2.0NRT,293.25,4.34,D
10.44197,79.70836,331.85,0.51,0.49,2026-07-26,0741,SNPP,SNPP,n,2.0NRT,296.17,1.76,D
10.89877,78.70602,344.86,0.58,0.52,2026-07-26,0744,SNPP,SNPP,n,2.0NRT,293.9,8.75,D
11.34114,79.71289,333.47,0.49,0.49,2026-07-26,0744,SNPP,SNPP,n,2.0NRT,290.15,5.08,D
11.6474,79.32397,332.03,0.52,0.5,2026-07-26,0744,SNPP,SNPP,n,2.0NRT,294.64,2.78,D
11.78077,79.44133,331.21,0.5,0.49,2026-07-26,0744,SNPP,SNPP,n,2.0NRT,293.12,4.18,D
11.78611,79.44511,367,0.5,0.49,2026-07-26,0744,SNPP,SNPP,h,2.0NRT,295.27,7.16,D
11.78529,79.4405,330.25,0.5,0.49,2026-07-26,0744,SNPP,SNPP,n,2.0NRT,292.05,7.16,D
12.053,79.83413,342.9,0.47,0.48,2026-07-26,0744,SNPP,SNPP,n,2.0NRT,286.71,5.56,D
14.99122,79.40823,331.87,0.45,0.47,2026-07-26,0744,SNPP,SNPP,n,2.0NRT,290.12,4.82,D
15.1398,79.87268,335.99,0.42,0.45,2026-07-26,0744,SNPP,SNPP,n,2.0NRT,289.35,4.7,D
15.14143,79.87263,339.29,0.42,0.45,2026-07-26,0744,SNPP,SNPP,n,2.0NRT,290.88,5.66,D
17.97805,78.93943,338.25,0.43,0.46,2026-07-26,0744,SNPP,SNPP,n,2.0NRT,285.82,3.92,D
24.20399,82.70963,332.32,0.39,0.36,2026-07-26,0746,SNPP,SNPP,l,2.0NRT,298.99,5.51,D
22.2125,84.87181,337.55,0.39,0.36,2026-07-26,0746,SNPP,SNPP,n,2.0NRT,296.14,4.08,D
23.66334,87.15623,335.96,0.48,0.4,2026-07-26,0746,SNPP,SNPP,n,2.0NRT,296.4,4.59,D
23.67586,86.40135,331.14,0.44,0.39,2026-07-26,0746,SNPP,SNPP,n,2.0NRT,297.39,9.1,D
23.68119,86.09357,333.77,0.43,0.38,2026-07-26,0746,SNPP,SNPP,n,2.0NRT,297.08,3.15,D
23.73857,86.43585,339.61,0.44,0.39,2026-07-26,0746,SNPP,SNPP,n,2.0NRT,297.23,6.97,D
23.76611,86.40596,334.34,0.44,0.39,2026-07-26,0746,SNPP,SNPP,n,2.0NRT,296.83,6.53,D
23.6496,85.44155,332.98,0.41,0.37,2026-07-26,0746,SNPP,SNPP,n,2.0NRT,296.42,4.13,D
23.64903,85.43752,334.89,0.41,0.37,2026-07-26,0746,SNPP,SNPP,n,2.0NRT,297.51,4.13,D
23.79527,86.35248,335.08,0.44,0.38,2026-07-26,0746,SNPP,SNPP,n,2.0NRT,295.52,5.19,D
23.80358,86.3334,330.05,0.44,0.38,2026-07-26,0746,SNPP,SNPP,n,2.0NRT,296.87,4.01,D
23.80299,86.32906,337.67,0.44,0.38,2026-07-26,0746,SNPP,SNPP,n,2.0NRT,298.07,5.94,D
23.8246,84.57481,341.51,0.39,0.36,2026-07-26,0746,SNPP,SNPP,n,2.0NRT,302.03,4.75,D
23.82404,84.57097,339.91,0.39,0.36,2026-07-26,0746,SNPP,SNPP,n,2.0NRT,300.37,4.75,D
23.82599,84.57507,332.73,0.39,0.36,2026-07-26,0746,SNPP,SNPP,n,2.0NRT,300.82,3.21,D
23.82544,84.57123,338.93,0.39,0.36,2026-07-26,0746,SNPP,SNPP,n,2.0NRT,300.71,3.21,D
23.82934,84.57449,335.13,0.39,0.36,2026-07-26,0746,SNPP,SNPP,n,2.0NRT,300.55,3.21,D
24.60199,84.28352,338.17,0.39,0.36,2026-07-26,0746,SNPP,SNPP,n,2.0NRT,297.2,3.4,D
25.32984,86.4262,335.45,0.46,0.39,2026-07-26,0746,SNPP,SNPP,n,2.0NRT,296.88,3.32,D
25.58565,81.02237,367,0.41,0.37,2026-07-26,0746,SNPP,SNPP,h,2.0NRT,293.37,13.73,D
26.13237,83.70985,333.86,0.39,0.36,2026-07-26,0746,SNPP,SNPP,n,2.0NRT,298.79,0.77,D
27.27032,88.30042,341.88,0.4,0.44,2026-07-26,0746,SNPP,SNPP,n,2.0NRT,294.71,13.15,D
27.27429,88.29869,340.7,0.4,0.44,2026-07-26,0746,SNPP,SNPP,n,2.0NRT,291.14,5.94,D
29.57411,74.33419,339.62,0.49,0.48,2026-07-26,0748,SNPP,SNPP,n,2.0NRT,295.38,5.46,D
29.73132,78.01617,328.71,0.47,0.4,2026-07-26,0748,SNPP,SNPP,l,2.0NRT,296.48,4.25,D
27.37933,95.33691,304.4,0.36,0.57,2026-07-26,2012,SNPP,SNPP,n,2.0NRT,284.3,1.47,N
21.37716,81.6405,299.08,0.41,0.37,2026-07-26,2014,SNPP,SNPP,n,2.0NRT,271.94,0.74,N
20.96904,85.15308,301.09,0.4,0.37,2026-07-26,2014,SNPP,SNPP,n,2.0NRT,272.77,0.74,N
20.97563,85.13457,307.67,0.4,0.37,2026-07-26,2014,SNPP,SNPP,n,2.0NRT,280.01,1.71,N
20.97899,85.13522,318.66,0.4,0.37,2026-07-26,2014,SNPP,SNPP,n,2.0NRT,279.64,2.38,N
21.07865,85.04354,307.63,0.4,0.37,2026-07-26,2014,SNPP,SNPP,n,2.0NRT,285.51,2.26,N
26.64404,79.47814,306.54,0.39,0.44,2026-07-26,2014,SNPP,SNPP,n,2.0NRT,286.84,1.44,N
23.82948,84.57504,314.12,0.38,0.36,2026-07-26,2014,SNPP,SNPP,n,2.0NRT,291.72,1.68,N
23.82677,84.57066,321.5,0.38,0.36,2026-07-26,2014,SNPP,SNPP,n,2.0NRT,292.47,2.97,N
23.82617,84.57442,316.78,0.38,0.36,2026-07-26,2014,SNPP,SNPP,n,2.0NRT,292.13,1.68,N
23.82347,84.57005,331.73,0.38,0.36,2026-07-26,2014,SNPP,SNPP,n,2.0NRT,292.04,4.36,N
23.82287,84.57379,329.36,0.38,0.36,2026-07-26,2014,SNPP,SNPP,n,2.0NRT,292.41,4.7,N
23.71868,85.00743,312.97,0.39,0.36,2026-07-26,2014,SNPP,SNPP,n,2.0NRT,291.56,2.16,N
24.16825,80.69648,306.04,0.47,0.4,2026-07-26,2014,SNPP,SNPP,n,2.0NRT,289.47,1.6,N
21.92549,85.22182,299.89,0.4,0.37,2026-07-26,2014,SNPP,SNPP,n,2.0NRT,280.44,1.06,N
22.03753,83.35102,318.45,0.39,0.36,2026-07-26,2014,SNPP,SNPP,n,2.0NRT,286.47,2.52,N
21.98527,83.23158,310.13,0.39,0.36,2026-07-26,2014,SNPP,SNPP,n,2.0NRT,287.15,1.58,N
21.93487,83.33716,307.79,0.39,0.36,2026-07-26,2014,SNPP,SNPP,n,2.0NRT,290.9,1.92,N
21.92263,83.35023,316.54,0.39,0.36,2026-07-26,2014,SNPP,SNPP,n,2.0NRT,292.5,1.94,N
21.91932,83.34964,308.17,0.39,0.36,2026-07-26,2014,SNPP,SNPP,n,2.0NRT,291.36,1.94,N
21.91875,83.35335,307.73,0.39,0.36,2026-07-26,2014,SNPP,SNPP,n,2.0NRT,291.75,2.59,N
21.87819,83.54787,310.42,0.38,0.36,2026-07-26,2014,SNPP,SNPP,n,2.0NRT,291.7,2.45,N
21.73491,83.98222,302.13,0.38,0.36,2026-07-26,2014,SNPP,SNPP,n,2.0NRT,291.05,1.43,N
21.67803,84.04023,302.47,0.38,0.36,2026-07-26,2014,SNPP,SNPP,n,2.0NRT,289.39,1.31,N
21.80291,82.04144,309.06,0.4,0.37,2026-07-26,2014,SNPP,SNPP,n,2.0NRT,290.07,2.18,N
21.73212,82.21611,308.13,0.4,0.37,2026-07-26,2014,SNPP,SNPP,n,2.0NRT,289.25,2.43,N
21.73179,82.21323,306.46,0.4,0.37,2026-07-26,2014,SNPP,SNPP,n,2.0NRT,289.17,2.57,N
20.96292,86.05191,311.35,0.43,0.38,2026-07-26,2014,SNPP,SNPP,n,2.0NRT,283.82,1.55,N
20.95325,86.04576,322.94,0.43,0.38,2026-07-26,2014,SNPP,SNPP,n,2.0NRT,283.6,1.58,N
20.95253,86.04987,304.61,0.43,0.38,2026-07-26,2014,SNPP,SNPP,n,2.0NRT,284.63,1.58,N
20.94907,86.0492,329.58,0.43,0.38,2026-07-26,2014,SNPP,SNPP,n,2.0NRT,284.33,2.38,N
20.94978,86.04511,316.61,0.43,0.38,2026-07-26,2014,SNPP,SNPP,n,2.0NRT,283.4,2.38,N
21.33723,78.96957,304.14,0.54,0.42,2026-07-26,2014,SNPP,SNPP,n,2.0NRT,270.48,1.64,N
21.106,72.64323,311.74,0.44,0.63,2026-07-26,2017,SNPP,SNPP,n,2.0NRT,285.42,3.38,N
10.00952,78.04739,312.94,0.45,0.39,2026-07-26,2017,SNPP,SNPP,n,2.0NRT,288.85,1.54,N
9.76393,77.57449,307.94,0.47,0.4,2026-07-26,2017,SNPP,SNPP,n,2.0NRT,292.48,1.63,N
9.75601,77.50282,306.64,0.47,0.4,2026-07-26,2017,SNPP,SNPP,n,2.0NRT,292.81,1.96,N
8.92476,78.16695,324.18,0.43,0.38,2026-07-26,2017,SNPP,SNPP,n,2.0NRT,294.9,2.09,N
8.8669,78.12173,308.55,0.44,0.38,2026-07-26,2017,SNPP,SNPP,n,2.0NRT,295.38,0.42,N
8.67029,77.99158,309.42,0.44,0.38,2026-07-26,2017,SNPP,SNPP,n,2.0NRT,294.25,1.55,N
8.304,77.86613,332.02,0.44,0.38,2026-07-26,2017,SNPP,SNPP,n,2.0NRT,296.31,5.05,N
21.11263,72.63515,306.07,0.44,0.63,2026-07-26,2017,SNPP,SNPP,n,2.0NRT,285.8,1.83,N
21.1056,72.64758,367,0.44,0.63,2026-07-26,2017,SNPP,SNPP,h,2.0NRT,284.76,8.36,N
21.10641,72.63888,312.03,0.44,0.63,2026-07-26,2017,SNPP,SNPP,n,2.0NRT,285.57,3.38,N
21.10058,72.63823,305.62,0.44,0.63,2026-07-26,2017,SNPP,SNPP,n,2.0NRT,285.35,3.38,N
13.3918,80.10241,312.54,0.4,0.37,2026-07-26,2017,SNPP,SNPP,n,2.0NRT,282.64,1.06,N
11.11263,79.25764,306.65,0.41,0.37,2026-07-26,2019,SNPP,SNPP,n,2.0NRT,278.38,0.66,N
11.1092,79.2571,306.66,0.41,0.37,2026-07-26,2019,SNPP,SNPP,n,2.0NRT,278.54,0.74,N
12.53053,78.22664,313.26,0.47,0.4,2026-07-26,2019,SNPP,SNPP,n,2.0NRT,272.56,1.67,N
14.72243,78.34692,330.95,0.54,0.68,2026-07-27,0726,SNPP,SNPP,n,2.0NRT,289.13,5.63,D
20.97801,85.13534,329.56,0.48,0.4,2026-07-27,0726,SNPP,SNPP,l,2.0NRT,292.29,8.26,D
25.81942,92.75337,335.39,0.56,0.43,2026-07-27,0729,SNPP,SNPP,n,2.0NRT,295.21,13.33,D
25.8115,78.05062,331.05,0.34,0.56,2026-07-27,0729,SNPP,SNPP,n,2.0NRT,284.81,2.28,D
26.32159,87.24554,335.4,0.38,0.36,2026-07-27,0729,SNPP,SNPP,n,2.0NRT,295.74,1.85,D
25.79463,93.41811,334.85,0.4,0.44,2026-07-27,0729,SNPP,SNPP,n,2.0NRT,291.56,2.61,D
9.11902,77.53432,336.06,0.5,0.66,2026-07-27,0905,SNPP,SNPP,n,2.0NRT,290.98,2.29,D
9.96835,78.28912,338.31,0.58,0.7,2026-07-27,0905,SNPP,SNPP,n,2.0NRT,290.5,6.09,D
25.03638,87.38838,307.37,0.41,0.37,2026-07-27,1953,SNPP,SNPP,n,2.0NRT,289.71,1.76,N
26.64103,79.47578,310.79,0.38,0.59,2026-07-27,1953,SNPP,SNPP,n,2.0NRT,276.19,1.18,N
26.64647,79.47639,308.87,0.38,0.59,2026-07-27,1953,SNPP,SNPP,n,2.0NRT,276.5,1.19,N
25.03533,87.37167,310.11,0.41,0.37,2026-07-27,1953,SNPP,SNPP,n,2.0NRT,289.81,2.02,N
23.76732,86.40079,302.22,0.43,0.38,2026-07-27,1955,SNPP,SNPP,n,2.0NRT,277.14,1.86,N
23.76503,86.39178,302.87,0.43,0.38,2026-07-27,1955,SNPP,SNPP,n,2.0NRT,276.09,1.4,N
23.76034,86.39961,299.06,0.43,0.38,2026-07-27,1955,SNPP,SNPP,n,2.0NRT,275.61,1.89,N
23.75625,86.40324,303.33,0.43,0.38,2026-07-27,1955,SNPP,SNPP,n,2.0NRT,274.87,1.52,N
23.7803,86.20756,307.28,0.44,0.38,2026-07-27,1955,SNPP,SNPP,n,2.0NRT,283.78,1.37,N
23.77969,86.21185,317.65,0.44,0.38,2026-07-27,1955,SNPP,SNPP,n,2.0NRT,283.85,1.37,N
23.73754,86.4345,310.28,0.43,0.38,2026-07-27,1955,SNPP,SNPP,n,2.0NRT,277.02,1.28,N
19.9355,73.71036,298.02,0.74,0.76,2026-07-27,1955,SNPP,SNPP,n,2.0NRT,281.18,1.91,N
19.93936,73.71189,295.04,0.74,0.76,2026-07-27,1955,SNPP,SNPP,n,2.0NRT,281.66,2.17,N
23.77678,86.20694,305.49,0.44,0.38,2026-07-27,1955,SNPP,SNPP,n,2.0NRT,284.88,1.37,N
23.80647,86.32835,303.83,0.43,0.38,2026-07-27,1955,SNPP,SNPP,n,2.0NRT,279.83,0.98,N
23.80297,86.32778,307.51,0.43,0.38,2026-07-27,1955,SNPP,SNPP,n,2.0NRT,279.54,0.98,N
23.80239,86.33202,309.99,0.43,0.38,2026-07-27,1955,SNPP,SNPP,n,2.0NRT,280.1,1.3,N
23.80004,86.34895,314.77,0.43,0.38,2026-07-27,1955,SNPP,SNPP,n,2.0NRT,277.54,1.46,N
23.79655,86.34833,308.93,0.43,0.38,2026-07-27,1955,SNPP,SNPP,n,2.0NRT,278.34,1.48,N
23.79596,86.35258,314,0.43,0.38,2026-07-27,1955,SNPP,SNPP,n,2.0NRT,278.19,1.48,N
23.79611,86.34946,306.15,0.43,0.38,2026-07-27,1955,SNPP,SNPP,n,2.0NRT,278.12,1.45,N
23.7955,86.3537,314.2,0.43,0.38,2026-07-27,1955,SNPP,SNPP,n,2.0NRT,277.33,1.45,N
23.77959,86.38995,330.44,0.43,0.38,2026-07-27,1955,SNPP,SNPP,n,2.0NRT,280.38,4.32,N
23.782,86.37305,305.37,0.43,0.38,2026-07-27,1955,SNPP,SNPP,n,2.0NRT,280.21,0.92,N
23.7761,86.38936,306.18,0.43,0.38,2026-07-27,1955,SNPP,SNPP,n,2.0NRT,278.85,1.57,N
23.77621,86.36343,310.29,0.43,0.38,2026-07-27,1955,SNPP,SNPP,n,2.0NRT,279.09,1.85,N
23.77081,86.40138,303.17,0.43,0.38,2026-07-27,1955,SNPP,SNPP,n,2.0NRT,278.07,1.06,N
23.77272,86.36285,312.26,0.43,0.38,2026-07-27,1955,SNPP,SNPP,n,2.0NRT,276.6,1.77,N
15.17542,77.09993,298.84,0.39,0.6,2026-07-27,1957,SNPP,SNPP,n,2.0NRT,273.23,0.66,N
13.21473,80.26047,307.78,0.46,0.47,2026-07-27,1957,SNPP,SNPP,n,2.0NRT,287.24,2.69,N
13.21387,80.26139,308.42,0.46,0.47,2026-07-27,1957,SNPP,SNPP,n,2.0NRT,287.12,3.4,N
11.83739,79.73386,304.55,0.47,0.48,2026-07-27,1957,SNPP,SNPP,n,2.0NRT,281.83,1.53,N
21.10681,72.64397,347.34,0.36,0.57,2026-07-27,2136,SNPP,SNPP,n,2.0NRT,287.49,9.26,N
21.10607,72.64742,346.07,0.36,0.57,2026-07-27,2136,SNPP,SNPP,n,2.0NRT,287.68,3.77,N
21.10532,72.65086,304.46,0.36,0.57,2026-07-27,2136,SNPP,SNPP,n,2.0NRT,287.07,3.77,N
21.10308,72.63578,342.76,0.36,0.57,2026-07-27,2136,SNPP,SNPP,n,2.0NRT,287.73,4.44,N
26.01075,93.50648,330.18,0.39,0.36,2026-07-28,0707,SNPP,SNPP,n,2.0NRT,293.7,3.09,D
9.73558,78.41689,351.74,0.56,0.52,2026-07-28,0845,SNPP,SNPP,n,2.0NRT,297.82,15.96,D
9.43212,77.73875,338.75,0.5,0.49,2026-07-28,0845,SNPP,SNPP,n,2.0NRT,301.21,3.9,D
9.43271,77.73971,339.09,0.5,0.49,2026-07-28,0845,SNPP,SNPP,n,2.0NRT,300.77,3.94,D
9.51827,77.78963,335.87,0.51,0.49,2026-07-28,0845,SNPP,SNPP,n,2.0NRT,301.53,24.4,D
9.52283,77.789,347.79,0.51,0.49,2026-07-28,0845,SNPP,SNPP,n,2.0NRT,303.57,24.4,D
9.73544,78.4189,341.99,0.56,0.52,2026-07-28,0845,SNPP,SNPP,n,2.0NRT,297.05,9.66,D
9.73477,78.41372,341.75,0.56,0.52,2026-07-28,0845,SNPP,SNPP,n,2.0NRT,297.19,9.66,D
9.76147,78.24873,330.94,0.55,0.51,2026-07-28,0845,SNPP,SNPP,n,2.0NRT,299.03,2.84,D
9.82735,78.48631,332.45,0.57,0.52,2026-07-28,0845,SNPP,SNPP,n,2.0NRT,298.02,1.45,D
9.80197,78.22791,339.14,0.55,0.51,2026-07-28,0845,SNPP,SNPP,n,2.0NRT,300.06,7.44,D
9.80313,78.22618,332.76,0.55,0.51,2026-07-28,0845,SNPP,SNPP,n,2.0NRT,299.46,2.27,D
9.79294,77.4472,337.49,0.48,0.48,2026-07-28,0845,SNPP,SNPP,n,2.0NRT,297.13,10.8,D
9.79743,77.44672,354.56,0.48,0.48,2026-07-28,0845,SNPP,SNPP,n,2.0NRT,296.92,10.8,D
9.97086,78.28806,344.29,0.55,0.51,2026-07-28,0845,SNPP,SNPP,n,2.0NRT,299.29,13,D
9.97569,78.00208,342.24,0.53,0.5,2026-07-28,0845,SNPP,SNPP,n,2.0NRT,296.65,8.77,D
9.97502,77.99715,342.3,0.53,0.5,2026-07-28,0845,SNPP,SNPP,n,2.0NRT,297,8.77,D
21.10238,72.63696,346.78,0.52,0.42,2026-07-28,0848,SNPP,SNPP,n,2.0NRT,294.45,10.72,D
21.10748,72.64648,349.8,0.52,0.42,2026-07-28,0848,SNPP,SNPP,n,2.0NRT,296.52,42.02,D
15.91251,79.31521,336.3,0.39,0.59,2026-07-28,0848,SNPP,SNPP,n,2.0NRT,292.01,1.65,D
15.91214,79.31462,335.18,0.39,0.59,2026-07-28,0848,SNPP,SNPP,n,2.0NRT,291.81,1.88,D
23.12283,70.08731,334.03,0.42,0.38,2026-07-28,0850,SNPP,SNPP,n,2.0NRT,297.74,5.11,D
27.42628,70.96877,336.01,0.5,0.41,2026-07-28,0850,SNPP,SNPP,n,2.0NRT,302.34,5.05,D
26.4116,70.62502,338.66,0.47,0.4,2026-07-28,0850,SNPP,SNPP,n,2.0NRT,305.59,2.11,D
23.12101,70.08831,335.64,0.42,0.38,2026-07-28,0850,SNPP,SNPP,n,2.0NRT,298.54,4.07,D
27.4608,95.47796,310.05,0.39,0.36,2026-07-28,1934,SNPP,SNPP,n,2.0NRT,288.33,1.43,N
22.36695,87.30052,308.03,0.43,0.46,2026-07-28,1936,SNPP,SNPP,n,2.0NRT,287.09,2.78,N
23.78166,85.5735,301.39,0.58,0.52,2026-07-28,1936,SNPP,SNPP,n,2.0NRT,287.72,2.8,N
23.70085,86.07504,309.27,0.54,0.5,2026-07-28,1936,SNPP,SNPP,n,2.0NRT,288.16,1.88,N
23.69852,86.07339,309.82,0.53,0.5,2026-07-28,1936,SNPP,SNPP,n,2.0NRT,288.16,2.48,N
23.68333,86.08221,308.44,0.53,0.5,2026-07-28,1936,SNPP,SNPP,n,2.0NRT,288.42,1.88,N
23.68217,86.09277,317.56,0.53,0.5,2026-07-28,1936,SNPP,SNPP,n,2.0NRT,288.58,2.69,N
23.66817,86.09103,306.33,0.53,0.5,2026-07-28,1936,SNPP,SNPP,n,2.0NRT,288.42,1.45,N
23.6315,86.29636,304.69,0.52,0.5,2026-07-28,1936,SNPP,SNPP,n,2.0NRT,288.45,0.85,N
23.48405,87.36268,308.94,0.44,0.46,2026-07-28,1936,SNPP,SNPP,n,2.0NRT,288.9,2.43,N
23.16798,82.3386,297.29,0.46,0.63,2026-07-28,1936,SNPP,SNPP,n,2.0NRT,275.9,1.44,N
22.37802,87.28059,323.55,0.43,0.46,2026-07-28,1936,SNPP,SNPP,n,2.0NRT,289.16,2.97,N
22.37854,87.27636,315.9,0.43,0.46,2026-07-28,1936,SNPP,SNPP,n,2.0NRT,287.63,2.97,N
22.05366,88.12421,306.88,0.38,0.43,2026-07-28,1936,SNPP,SNPP,n,2.0NRT,284.05,1.87,N
24.11603,86.85804,312.42,0.48,0.48,2026-07-28,1936,SNPP,SNPP,n,2.0NRT,288.94,1.89,N
24.11549,86.86283,302.77,0.48,0.48,2026-07-28,1936,SNPP,SNPP,n,2.0NRT,288.94,1.89,N
24.1613,82.60507,301.38,0.45,0.63,2026-07-28,1936,SNPP,SNPP,n,2.0NRT,277.17,1.21,N
23.80376,86.32871,324.02,0.52,0.5,2026-07-28,1936,SNPP,SNPP,n,2.0NRT,288.76,4.33,N
23.77885,86.38751,322.71,0.51,0.5,2026-07-28,1936,SNPP,SNPP,n,2.0NRT,289.02,5.48,N
23.78048,86.37215,305.73,0.51,0.5,2026-07-28,1936,SNPP,SNPP,n,2.0NRT,288.48,2.17,N
23.77831,86.39256,312.49,0.51,0.5,2026-07-28,1936,SNPP,SNPP,n,2.0NRT,288.24,3.55,N
23.77699,86.36128,302.47,0.51,0.5,2026-07-28,1936,SNPP,SNPP,n,2.0NRT,288.11,1.28,N
23.77644,86.36641,309.78,0.51,0.5,2026-07-28,1936,SNPP,SNPP,n,2.0NRT,288.77,1.28,N
23.77427,86.38684,303.67,0.51,0.5,2026-07-28,1936,SNPP,SNPP,n,2.0NRT,287.96,2.61,N
23.77185,86.3658,305.38,0.51,0.5,2026-07-28,1936,SNPP,SNPP,n,2.0NRT,288.07,1.28,N
23.68564,87.12007,305.42,0.46,0.47,2026-07-28,1936,SNPP,SNPP,n,2.0NRT,288.8,1.87,N
23.77906,86.39014,330.88,0.51,0.49,2026-07-28,1936,SNPP,SNPP,n,2.0NRT,289.23,3.92,N
23.78138,86.36972,301.51,0.51,0.5,2026-07-28,1936,SNPP,SNPP,n,2.0NRT,288.26,1.63,N
23.77738,86.364,307.18,0.51,0.5,2026-07-28,1936,SNPP,SNPP,n,2.0NRT,288.57,1.63,N
23.77506,86.38443,305.44,0.51,0.5,2026-07-28,1936,SNPP,SNPP,n,2.0NRT,288.46,3.92,N
23.68958,87.12224,303.71,0.46,0.47,2026-07-28,1936,SNPP,SNPP,n,2.0NRT,288.37,1.42,N
23.77279,86.3634,310.23,0.51,0.5,2026-07-28,1936,SNPP,SNPP,n,2.0NRT,287.43,2.89,N
23.68522,87.12163,304.9,0.46,0.47,2026-07-28,1936,SNPP,SNPP,n,2.0NRT,288.63,1.89,N
23.78883,85.55135,297.28,0.58,0.52,2026-07-28,1936,SNPP,SNPP,n,2.0NRT,282.47,1.28,N
9.52289,77.7887,329.19,0.62,0.71,2026-07-28,1940,SNPP,SNPP,n,2.0NRT,286.83,6.1,N
12.09085,77.04575,296.82,0.75,0.77,2026-07-28,1940,SNPP,SNPP,n,2.0NRT,277.43,1.2,N
12.09363,77.04418,296.1,0.75,0.77,2026-07-28,1940,SNPP,SNPP,n,2.0NRT,275.79,1.11,N
12.84878,79.90265,320.6,0.5,0.65,2026-07-28,1940,SNPP,SNPP,n,2.0NRT,284.81,1.97,N
12.85486,79.90347,311.46,0.5,0.65,2026-07-28,1940,SNPP,SNPP,n,2.0NRT,285.09,1.97,N
34.16758,74.61053,310.09,0.44,0.39,2026-07-28,2114,SNPP,SNPP,n,2.0NRT,283.19,1.34,N
34.17107,74.61147,313.36,0.44,0.39,2026-07-28,2114,SNPP,SNPP,n,2.0NRT,283.24,1.44,N
31.2597,76.92422,307.19,0.42,0.45,2026-07-28,2114,SNPP,SNPP,n,2.0NRT,287.75,0.77,N
31.24981,76.92992,302.52,0.42,0.45,2026-07-28,2114,SNPP,SNPP,n,2.0NRT,287.09,0.71,N
25.94313,72.19209,309.9,0.45,0.39,2026-07-28,2116,SNPP,SNPP,n,2.0NRT,289.65,1.78,N
22.41543,69.03886,316.69,0.39,0.36,2026-07-28,2118,SNPP,SNPP,n,2.0NRT,289.76,1.37,N
22.41875,69.0395,306.37,0.39,0.36,2026-07-28,2118,SNPP,SNPP,n,2.0NRT,289.78,1.37,N
8.58268,77.97133,336.84,0.42,0.37,2026-07-29,0826,SNPP,SNPP,n,2.0NRT,302.47,1.81,D
8.29751,77.85287,339.11,0.41,0.37,2026-07-29,0826,SNPP,SNPP,n,2.0NRT,301.63,4.1,D
8.75761,78.18333,332.21,0.42,0.38,2026-07-29,0826,SNPP,SNPP,l,2.0NRT,304.4,4.22,D
8.76182,78.11587,334.4,0.42,0.38,2026-07-29,0826,SNPP,SNPP,l,2.0NRT,306.33,3.45,D
8.7653,78.11536,342.28,0.42,0.38,2026-07-29,0826,SNPP,SNPP,n,2.0NRT,307.42,3.45,D
8.82257,77.99003,338.02,0.42,0.38,2026-07-29,0826,SNPP,SNPP,n,2.0NRT,304.25,2.84,D
8.8852,78.14909,338.73,0.42,0.38,2026-07-29,0826,SNPP,SNPP,n,2.0NRT,302.93,3.18,D
8.88115,78.08689,337.1,0.42,0.38,2026-07-29,0826,SNPP,SNPP,n,2.0NRT,303.85,1.99,D
8.90893,77.81869,341.62,0.41,0.37,2026-07-29,0826,SNPP,SNPP,n,2.0NRT,302.7,10.84,D
8.97896,77.77712,337.65,0.41,0.37,2026-07-29,0826,SNPP,SNPP,n,2.0NRT,301.85,2.59,D
9.1993,77.54581,337.29,0.41,0.37,2026-07-29,0826,SNPP,SNPP,n,2.0NRT,305.47,2.05,D
9.25136,77.66355,338.1,0.41,0.37,2026-07-29,0826,SNPP,SNPP,n,2.0NRT,306.83,4.31,D
9.3046,77.64411,334.57,0.41,0.37,2026-07-29,0826,SNPP,SNPP,l,2.0NRT,304.77,2.91,D
9.47729,78.72331,347.9,0.45,0.39,2026-07-29,0826,SNPP,SNPP,n,2.0NRT,294.87,7.04,D
9.47316,77.58399,331.22,0.41,0.37,2026-07-29,0826,SNPP,SNPP,n,2.0NRT,297.16,1.3,D
9.58143,78.25474,336.96,0.43,0.38,2026-07-29,0826,SNPP,SNPP,n,2.0NRT,298.28,4.08,D
9.58553,78.25816,341.53,0.43,0.38,2026-07-29,0826,SNPP,SNPP,n,2.0NRT,298.37,4.08,D
9.52072,77.78873,338.12,0.42,0.37,2026-07-29,0826,SNPP,SNPP,n,2.0NRT,292.18,4.67,D
9.66807,77.62719,340.58,0.41,0.37,2026-07-29,0826,SNPP,SNPP,n,2.0NRT,286.89,5.53,D
9.80126,78.333,342.03,0.44,0.38,2026-07-29,0826,SNPP,SNPP,n,2.0NRT,294.11,56.82,D
9.80157,78.23517,332.59,0.43,0.38,2026-07-29,0826,SNPP,SNPP,n,2.0NRT,296.11,5.94,D
9.81908,78.28135,332.5,0.44,0.38,2026-07-29,0826,SNPP,SNPP,n,2.0NRT,296.22,1.38,D
10.86712,79.06342,330.87,0.49,0.4,2026-07-29,0826,SNPP,SNPP,n,2.0NRT,282.62,1.98,D
10.81956,78.61797,330.54,0.46,0.39,2026-07-29,0826,SNPP,SNPP,n,2.0NRT,295.85,1.7,D
11.02335,79.08336,348.61,0.49,0.4,2026-07-29,0826,SNPP,SNPP,n,2.0NRT,292.04,10.91,D
20.97214,85.17433,327.01,0.53,0.67,2026-07-29,0830,SNPP,SNPP,n,2.0NRT,282.55,8.43,D
26.96399,73.29074,335.06,0.4,0.37,2026-07-29,0833,SNPP,SNPP,n,2.0NRT,300.03,3,D
21.87883,83.55634,295.28,0.74,0.76,2026-07-29,1917,SNPP,SNPP,n,2.0NRT,280.92,2.21,N
21.67902,84.03615,303.62,0.69,0.74,2026-07-29,1917,SNPP,SNPP,n,2.0NRT,281.77,2.65,N
22.9611,85.99718,300.28,0.53,0.67,2026-07-29,1919,SNPP,SNPP,n,2.0NRT,285.44,1.07,N
22.7847,86.20504,297.17,0.51,0.66,2026-07-29,1919,SNPP,SNPP,n,2.0NRT,284.75,2.04,N
23.73965,86.43343,299.4,0.51,0.66,2026-07-29,1919,SNPP,SNPP,n,2.0NRT,282.6,1,N
28.77504,76.69907,317.99,0.41,0.37,2026-07-29,2055,SNPP,SNPP,n,2.0NRT,291.91,0.96,N
28.77164,76.6983,308.98,0.41,0.37,2026-07-29,2055,SNPP,SNPP,n,2.0NRT,291.68,0.96,N
28.37241,77.22707,311.97,0.43,0.38,2026-07-29,2055,SNPP,SNPP,n,2.0NRT,289.99,1.7,N
28.66223,77.57938,305.56,0.44,0.39,2026-07-29,2055,SNPP,SNPP,n,2.0NRT,289.29,1.72,N
28.66101,77.58128,305.66,0.44,0.39,2026-07-29,2055,SNPP,SNPP,n,2.0NRT,288.85,1.71,N
29.47426,76.8594,307.67,0.41,0.37,2026-07-29,2055,SNPP,SNPP,n,2.0NRT,292.52,1.97,N
31.25142,76.92837,299.3,0.4,0.37,2026-07-29,2055,SNPP,SNPP,n,2.0NRT,289.26,1.01,N
28.7445,76.93399,307.14,0.42,0.38,2026-07-29,2055,SNPP,SNPP,n,2.0NRT,291.78,0.59,N
22.22109,84.7578,299.62,0.49,0.65,2026-07-29,2057,SNPP,SNPP,n,2.0NRT,282.63,0.97,N
21.92522,85.22271,312.29,0.54,0.68,2026-07-29,2057,SNPP,SNPP,n,2.0NRT,284.59,2.78,N
22.31859,82.56633,314.28,0.36,0.57,2026-07-29,2057,SNPP,SNPP,n,2.0NRT,285.42,1.32,N
22.3159,82.52918,303.14,0.36,0.57,2026-07-29,2057,SNPP,SNPP,n,2.0NRT,285.79,0.69,N
22.31513,82.53264,304.45,0.36,0.57,2026-07-29,2057,SNPP,SNPP,n,2.0NRT,285.56,0.69,N
22.36141,82.30103,328.49,0.35,0.56,2026-07-29,2057,SNPP,SNPP,n,2.0NRT,285.19,2.66,N
22.36067,82.30434,305.82,0.35,0.56,2026-07-29,2057,SNPP,SNPP,n,2.0NRT,284.45,1.64,N
22.3107,82.52791,303.07,0.36,0.57,2026-07-29,2057,SNPP,SNPP,n,2.0NRT,285.76,0.62,N
22.35628,82.29979,313.27,0.35,0.56,2026-07-29,2057,SNPP,SNPP,n,2.0NRT,284.52,2.66,N
22.35554,82.30311,318.63,0.35,0.56,2026-07-29,2057,SNPP,SNPP,n,2.0NRT,284.83,1.64,N
22.36012,82.30084,333.78,0.35,0.56,2026-07-29,2057,SNPP,SNPP,n,2.0NRT,285.06,2.66,N
22.3594,82.30417,314.34,0.35,0.56,2026-07-29,2057,SNPP,SNPP,n,2.0NRT,284.69,1.71,N
22.31095,82.52835,304.45,0.36,0.57,2026-07-29,2057,SNPP,SNPP,n,2.0NRT,285.59,0.62,N
22.35499,82.29959,303.12,0.35,0.56,2026-07-29,2057,SNPP,SNPP,n,2.0NRT,284.24,2.66,N
22.35427,82.30293,311.6,0.35,0.56,2026-07-29,2057,SNPP,SNPP,n,2.0NRT,284.48,1.71,N
21.76263,84.01916,301.33,0.45,0.63,2026-07-29,2057,SNPP,SNPP,n,2.0NRT,285.08,0.72,N
21.76162,84.0235,297.97,0.46,0.63,2026-07-29,2057,SNPP,SNPP,n,2.0NRT,285.1,0.72,N
21.75587,84.02201,299.83,0.46,0.63,2026-07-29,2057,SNPP,SNPP,n,2.0NRT,284.87,0.72,N
22.15452,82.09439,303.36,0.34,0.56,2026-07-29,2057,SNPP,SNPP,n,2.0NRT,279.84,0.57,N
21.71507,84.042,298.42,0.46,0.63,2026-07-29,2057,SNPP,SNPP,n,2.0NRT,284.46,0.68,N
27.2882,73.83845,306.49,0.38,0.36,2026-07-29,2057,SNPP,SNPP,n,2.0NRT,292.09,2.22,N
27.66858,76.12903,310.74,0.41,0.37,2026-07-29,2057,SNPP,SNPP,n,2.0NRT,291.86,1.38,N
27.66788,76.13313,305.63,0.41,0.37,2026-07-29,2057,SNPP,SNPP,n,2.0NRT,291.58,1.03,N
26.64041,79.47852,314.25,0.39,0.44,2026-07-29,2057,SNPP,SNPP,n,2.0NRT,284.55,2.5,N
23.66551,87.15833,299.07,0.64,0.72,2026-07-29,2057,SNPP,SNPP,n,2.0NRT,282.57,4.65,N
25.94474,72.19209,310.36,0.4,0.37,2026-07-29,2057,SNPP,SNPP,n,2.0NRT,285.3,4.05,N
25.94137,72.19148,341.35,0.4,0.37,2026-07-29,2057,SNPP,SNPP,n,2.0NRT,285.69,4.05,N
24.93318,74.6346,311.36,0.39,0.36,2026-07-29,2057,SNPP,SNPP,n,2.0NRT,287.66,2.26,N
23.16623,82.33518,303.51,0.33,0.56,2026-07-29,2057,SNPP,SNPP,n,2.0NRT,278.14,0.77,N
23.1655,82.33852,307.2,0.33,0.56,2026-07-29,2057,SNPP,SNPP,n,2.0NRT,277.79,0.77,N
22.22928,84.75903,298.56,0.49,0.65,2026-07-29,2057,SNPP,SNPP,n,2.0NRT,282.11,0.73,N
22.2245,84.75267,301,0.49,0.65,2026-07-29,2057,SNPP,SNPP,n,2.0NRT,281.78,0.73,N
22.22337,84.75739,298.71,0.49,0.65,2026-07-29,2057,SNPP,SNPP,n,2.0NRT,282.52,0.73,N
22.22701,84.75948,300.01,0.49,0.65,2026-07-29,2057,SNPP,SNPP,n,2.0NRT,281.93,1.32,N
22.2222,84.75307,300.41,0.49,0.65,2026-07-29,2057,SNPP,SNPP,n,2.0NRT,281.86,0.97,N
10.07843,77.46563,297.81,0.57,0.52,2026-07-29,2101,SNPP,SNPP,n,2.0NRT,268.17,0.97,N
10.07832,77.46371,302.69,0.57,0.52,2026-07-29,2101,SNPP,SNPP,n,2.0NRT,268.42,1.38,N
9.67876,78.34206,308,0.33,0.55,2026-07-29,2101,SNPP,SNPP,n,2.0NRT,268.94,0.73,N
8.76074,78.18166,304.88,0.33,0.56,2026-07-29,2101,SNPP,SNPP,n,2.0NRT,281.08,0.79,N
8.75877,78.18235,309.25,0.33,0.56,2026-07-29,2101,SNPP,SNPP,n,2.0NRT,281.3,0.68,N
8.76042,78.18317,348.9,0.43,0.38,2026-07-30,0807,SNPP,SNPP,n,2.0NRT,303.97,17.24,D
8.79642,77.38033,338.12,0.47,0.4,2026-07-30,0807,SNPP,SNPP,n,2.0NRT,301.18,6.88,D
9.38353,78.76695,340.52,0.41,0.37,2026-07-30,0807,SNPP,SNPP,l,2.0NRT,301.84,5.79,D
9.38694,78.7664,342.31,0.41,0.37,2026-07-30,0807,SNPP,SNPP,l,2.0NRT,300.94,5.79,D
9.43894,78.78815,336.46,0.41,0.37,2026-07-30,0807,SNPP,SNPP,l,2.0NRT,301.03,2.5,D
9.42457,78.00139,340.54,0.43,0.38,2026-07-30,0807,SNPP,SNPP,n,2.0NRT,303.21,11.45,D
9.44644,78.11435,339.45,0.43,0.38,2026-07-30,0807,SNPP,SNPP,l,2.0NRT,304.63,10.3,D
9.4207,77.59469,335.14,0.45,0.39,2026-07-30,0807,SNPP,SNPP,l,2.0NRT,300.14,4.93,D
11.80949,77.92529,332.04,0.42,0.37,2026-07-30,0807,SNPP,SNPP,l,2.0NRT,290.43,2.64,D
28.46732,76.80379,335.67,0.39,0.36,2026-07-30,0813,SNPP,SNPP,n,2.0NRT,299.44,4.16,D
29.47497,76.85839,312.47,0.42,0.38,2026-07-30,2038,SNPP,SNPP,n,2.0NRT,288.84,1.95,N
26.27181,74.1904,308.1,0.51,0.41,2026-07-30,2038,SNPP,SNPP,n,2.0NRT,293.24,3.23,N
24.92216,84.15519,304.93,0.41,0.45,2026-07-30,2038,SNPP,SNPP,n,2.0NRT,286.16,2.15,N
26.64277,79.47996,322.01,0.39,0.36,2026-07-30,2038,SNPP,SNPP,n,2.0NRT,287.01,1.9,N
27.66919,76.12913,306.49,0.43,0.38,2026-07-30,2038,SNPP,SNPP,n,2.0NRT,290.75,2.12,N
28.27302,77.18317,298.91,0.41,0.37,2026-07-30,2038,SNPP,SNPP,n,2.0NRT,281.18,0.61,N
28.27642,77.18379,303.49,0.41,0.37,2026-07-30,2038,SNPP,SNPP,n,2.0NRT,284.41,0.99,N
28.27749,77.27287,305.6,0.4,0.37,2026-07-30,2038,SNPP,SNPP,n,2.0NRT,285.64,0.77,N
28.2934,77.18693,306.11,0.41,0.37,2026-07-30,2038,SNPP,SNPP,n,2.0NRT,288.3,1.14,N
28.37166,77.22602,310.1,0.41,0.37,2026-07-30,2038,SNPP,SNPP,n,2.0NRT,288.97,0.97,N
28.74383,76.93636,306.51,0.42,0.37,2026-07-30,2038,SNPP,SNPP,n,2.0NRT,290.63,1.62,N
28.74503,76.92786,314.83,0.42,0.37,2026-07-30,2038,SNPP,SNPP,n,2.0NRT,290.68,1.73,N
29.12459,75.77606,308.37,0.46,0.39,2026-07-30,2038,SNPP,SNPP,n,2.0NRT,291.32,4.7,N
28.89301,78.85428,322.32,0.39,0.36,2026-07-30,2038,SNPP,SNPP,n,2.0NRT,285.44,3.89,N
21.55965,81.75446,303.07,0.52,0.41,2026-07-30,2040,SNPP,SNPP,n,2.0NRT,288.89,1.06,N
25.94293,72.18973,311.7,0.43,0.46,2026-07-30,2040,SNPP,SNPP,n,2.0NRT,282.28,2.7,N
23.69751,85.35513,299.94,0.51,0.49,2026-07-30,2040,SNPP,SNPP,n,2.0NRT,286.67,1.59,N
24.20342,82.70918,310.75,0.53,0.42,2026-07-30,2040,SNPP,SNPP,n,2.0NRT,288.49,1.67,N
24.19866,82.71335,304.9,0.53,0.42,2026-07-30,2040,SNPP,SNPP,n,2.0NRT,288.33,1.5,N
24.18087,82.66086,305.27,0.53,0.42,2026-07-30,2040,SNPP,SNPP,n,2.0NRT,288.27,1.21,N
24.17904,82.64971,313.02,0.53,0.42,2026-07-30,2040,SNPP,SNPP,n,2.0NRT,288.42,2.53,N
24.16782,82.62561,305.92,0.52,0.42,2026-07-30,2040,SNPP,SNPP,n,2.0NRT,288.31,1.7,N
24.16305,82.62984,307.37,0.52,0.42,2026-07-30,2040,SNPP,SNPP,n,2.0NRT,288.6,1.02,N
24.14061,82.70523,308.54,0.53,0.42,2026-07-30,2040,SNPP,SNPP,n,2.0NRT,288.78,0.8,N
24.14568,82.65837,314.37,0.53,0.42,2026-07-30,2040,SNPP,SNPP,n,2.0NRT,288.64,1.82,N
24.13778,82.69932,305.49,0.53,0.42,2026-07-30,2040,SNPP,SNPP,n,2.0NRT,288.45,0.8,N
24.16471,82.62849,305.08,0.52,0.42,2026-07-30,2040,SNPP,SNPP,n,2.0NRT,288.86,1.58,N
24.16191,82.601,304.71,0.52,0.42,2026-07-30,2040,SNPP,SNPP,n,2.0NRT,288.26,1.18,N
24.14754,82.65705,313.89,0.53,0.42,2026-07-30,2040,SNPP,SNPP,n,2.0NRT,288.45,1.91,N
24.13606,82.6973,306.28,0.53,0.42,2026-07-30,2040,SNPP,SNPP,n,2.0NRT,288.35,1.22,N
23.99013,79.39404,309.27,0.4,0.37,2026-07-30,2040,SNPP,SNPP,n,2.0NRT,287.02,0.94,N
22.37732,87.2773,304.23,0.36,0.57,2026-07-30,2040,SNPP,SNPP,n,2.0NRT,264.38,0.7,N
22.37656,87.28073,302.71,0.36,0.57,2026-07-30,2040,SNPP,SNPP,n,2.0NRT,265.07,0.7,N
22.36679,87.30005,298.88,0.36,0.57,2026-07-30,2040,SNPP,SNPP,n,2.0NRT,268.42,0.9,N
22.00483,82.67254,301.16,0.57,0.43,2026-07-30,2040,SNPP,SNPP,n,2.0NRT,283.18,1.73,N
21.75377,83.84241,295.97,0.45,0.47,2026-07-30,2040,SNPP,SNPP,n,2.0NRT,268.01,2.49,N
21.74953,83.84142,330.17,0.45,0.47,2026-07-30,2040,SNPP,SNPP,n,2.0NRT,272.56,3.27,N
21.74865,83.84573,310.09,0.45,0.47,2026-07-30,2040,SNPP,SNPP,n,2.0NRT,272.85,3.27,N
21.74529,83.84039,337.52,0.45,0.47,2026-07-30,2040,SNPP,SNPP,n,2.0NRT,274.46,3.27,N
21.74441,83.84473,314.31,0.45,0.47,2026-07-30,2040,SNPP,SNPP,n,2.0NRT,274.29,3.27,N
21.74656,83.84266,349.39,0.45,0.47,2026-07-30,2040,SNPP,SNPP,n,2.0NRT,275.16,5.11,N
21.7474,83.83829,299.12,0.45,0.47,2026-07-30,2040,SNPP,SNPP,n,2.0NRT,274.28,2.58,N
21.74232,83.84164,321.5,0.45,0.47,2026-07-30,2040,SNPP,SNPP,n,2.0NRT,274.74,5.11,N
21.08166,85.03976,304.62,0.55,0.51,2026-07-30,2040,SNPP,SNPP,n,2.0NRT,287.16,4.05,N
21.07811,85.03343,301.9,0.55,0.51,2026-07-30,2040,SNPP,SNPP,n,2.0NRT,287.66,1.62,N
21.07702,85.03866,302.93,0.55,0.51,2026-07-30,2040,SNPP,SNPP,n,2.0NRT,287.35,1.62,N
20.96921,85.17234,328.22,0.56,0.52,2026-07-30,2040,SNPP,SNPP,n,2.0NRT,285.33,3.18,N
20.9703,85.16705,309.17,0.56,0.52,2026-07-30,2040,SNPP,SNPP,n,2.0NRT,285.72,3.18,N
20.9681,85.17766,305.43,0.56,0.52,2026-07-30,2040,SNPP,SNPP,n,2.0NRT,283.64,1.6,N
20.96699,85.18301,299.99,0.56,0.52,2026-07-30,2040,SNPP,SNPP,n,2.0NRT,283.98,1.6,N
20.96587,85.18842,302.24,0.56,0.52,2026-07-30,2040,SNPP,SNPP,n,2.0NRT,282.22,1.77,N
20.96563,85.16588,314.82,0.56,0.52,2026-07-30,2040,SNPP,SNPP,n,2.0NRT,286.45,3.18,N
20.96453,85.17119,311.07,0.56,0.52,2026-07-30,2040,SNPP,SNPP,n,2.0NRT,285.99,3.18,N
20.96342,85.17653,300.49,0.56,0.52,2026-07-30,2040,SNPP,SNPP,n,2.0NRT,284.55,1.6,N
20.96231,85.18188,302.4,0.56,0.52,2026-07-30,2040,SNPP,SNPP,n,2.0NRT,283.67,1.6,N
20.96119,85.18728,312.01,0.56,0.52,2026-07-30,2040,SNPP,SNPP,n,2.0NRT,281.73,1.77,N
20.88481,84.98441,311.56,0.55,0.51,2026-07-30,2040,SNPP,SNPP,n,2.0NRT,287.43,1.91,N
20.86873,84.99149,304.6,0.55,0.51,2026-07-30,2040,SNPP,SNPP,n,2.0NRT,286.21,2.32,N
20.86407,84.99048,320.56,0.55,0.51,2026-07-30,2040,SNPP,SNPP,n,2.0NRT,283.33,2.32,N
20.86519,84.98512,306.65,0.55,0.51,2026-07-30,2040,SNPP,SNPP,n,2.0NRT,286.67,2.58,N
20.79382,85.25483,328.35,0.57,0.52,2026-07-30,2040,SNPP,SNPP,n,2.0NRT,288.56,3.55,N
21.48612,81.76978,309.46,0.52,0.41,2026-07-30,2040,SNPP,SNPP,n,2.0NRT,290.61,1.43,N
20.78792,85.25926,312.11,0.57,0.52,2026-07-30,2040,SNPP,SNPP,n,2.0NRT,288.06,3.55,N
20.78676,85.26475,313.64,0.57,0.52,2026-07-30,2040,SNPP,SNPP,n,2.0NRT,288.1,3.68,N
21.48721,81.76817,309.24,0.52,0.41,2026-07-30,2040,SNPP,SNPP,n,2.0NRT,290.58,1.47,N
20.86684,84.98969,314.98,0.55,0.51,2026-07-30,2040,SNPP,SNPP,n,2.0NRT,283.7,2.96,N
20.86576,84.99511,302.86,0.55,0.51,2026-07-30,2040,SNPP,SNPP,n,2.0NRT,283.94,1.35,N
20.86218,84.98868,327.28,0.55,0.51,2026-07-30,2040,SNPP,SNPP,n,2.0NRT,285.91,2.96,N
20.79744,85.26028,305.03,0.57,0.52,2026-07-30,2040,SNPP,SNPP,n,2.0NRT,287.67,1.69,N
20.79383,85.25366,325.61,0.57,0.52,2026-07-30,2040,SNPP,SNPP,n,2.0NRT,288.14,6.05,N
20.78796,85.25812,307.16,0.57,0.52,2026-07-30,2040,SNPP,SNPP,n,2.0NRT,287.92,2.6,N
20.78683,85.26362,313.33,0.57,0.52,2026-07-30,2040,SNPP,SNPP,n,2.0NRT,287.97,2.6,N
21.37858,81.68184,305.57,0.52,0.41,2026-07-30,2040,SNPP,SNPP,n,2.0NRT,288.57,1.02,N
21.37481,81.68102,310.08,0.52,0.41,2026-07-30,2040,SNPP,SNPP,n,2.0NRT,290.41,2.09,N
21.21428,82.1377,305.03,0.55,0.43,2026-07-30,2040,SNPP,SNPP,n,2.0NRT,290.25,0.7,N
21.19739,81.41666,318.05,0.5,0.41,2026-07-30,2040,SNPP,SNPP,n,2.0NRT,288.7,2.41,N
21.1943,81.39109,307.46,0.5,0.41,2026-07-30,2040,SNPP,SNPP,n,2.0NRT,288.9,1.91,N
21.18686,81.38953,308.86,0.5,0.41,2026-07-30,2040,SNPP,SNPP,n,2.0NRT,288.98,2.8,N
21.18401,81.38397,312.05,0.5,0.41,2026-07-30,2040,SNPP,SNPP,n,2.0NRT,288.78,2.09,N
19.09618,82.16873,295.44,0.4,0.44,2026-07-30,2040,SNPP,SNPP,n,2.0NRT,280.23,0.81,N
18.54234,83.34352,305.75,0.48,0.48,2026-07-30,2040,SNPP,SNPP,n,2.0NRT,288.6,1.11,N
11.38616,79.683,311.95,0.56,0.43,2026-07-30,2042,SNPP,SNPP,n,2.0NRT,290.97,1.23,N
12.05815,79.04545,309.65,0.5,0.41,2026-07-30,2042,SNPP,SNPP,n,2.0NRT,286.37,1.01,N
11.81484,77.91745,306.28,0.45,0.39,2026-07-30,2042,SNPP,SNPP,n,2.0NRT,274.94,1.22,N
11.18101,79.10186,309.47,0.52,0.42,2026-07-30,2042,SNPP,SNPP,n,2.0NRT,291.65,1.02,N
10.48855,77.36834,312.42,0.44,0.38,2026-07-30,2044,SNPP,SNPP,n,2.0NRT,285.55,1.32,N
10.62847,77.43987,308.52,0.44,0.38,2026-07-30,2044,SNPP,SNPP,n,2.0NRT,286.02,0.88,N
11.18424,77.27874,298.74,0.43,0.38,2026-07-30,2044,SNPP,SNPP,n,2.0NRT,274.7,0.45,N
8.75744,78.18471,318.65,0.5,0.41,2026-07-30,2044,SNPP,SNPP,n,2.0NRT,291.46,2.68,N
8.75825,78.18236,322.93,0.5,0.41,2026-07-30,2044,SNPP,SNPP,n,2.0NRT,291.61,2.79,N
10.06937,77.45595,315.82,0.45,0.39,2026-07-30,2044,SNPP,SNPP,n,2.0NRT,289.7,1.57,N
10.07229,77.46024,315.86,0.45,0.39,2026-07-30,2044,SNPP,SNPP,n,2.0NRT,290.16,1.69,N
10.073,77.45592,304.93,0.45,0.39,2026-07-30,2044,SNPP,SNPP,n,2.0NRT,289.51,1.57,N
10.06893,77.45542,304.87,0.45,0.39,2026-07-30,2044,SNPP,SNPP,n,2.0NRT,289.51,1.52,N
10.07186,77.45966,316.99,0.45,0.39,2026-07-30,2044,SNPP,SNPP,n,2.0NRT,289.88,2.08,N
10.07259,77.45537,314.65,0.45,0.39,2026-07-30,2044,SNPP,SNPP,n,2.0NRT,289.73,1.52,N
10.1495,77.43031,302.15,0.44,0.39,2026-07-30,2044,SNPP,SNPP,n,2.0NRT,287.93,0.47,N
8.83767,77.92315,341.05,0.56,0.52,2026-07-31,0748,SNPP,SNPP,n,2.0NRT,296.06,3.91,D
8.7604,78.18185,344.37,0.54,0.51,2026-07-31,0748,SNPP,SNPP,n,2.0NRT,296.78,6.34,D
8.99046,78.12581,333.42,0.54,0.51,2026-07-31,0748,SNPP,SNPP,n,2.0NRT,295.13,4.64,D
8.66885,77.66387,331.98,0.59,0.53,2026-07-31,0748,SNPP,SNPP,n,2.0NRT,293.37,7.91,D
9.93738,78.25173,332.09,0.51,0.49,2026-07-31,0750,SNPP,SNPP,n,2.0NRT,298.69,3.26,D
9.14486,77.69183,343.81,0.57,0.52,2026-07-31,0750,SNPP,SNPP,n,2.0NRT,295.34,14.7,D
9.47484,78.82008,334.41,0.48,0.48,2026-07-31,0750,SNPP,SNPP,n,2.0NRT,297.02,1.78,D
9.33359,77.53848,340.66,0.58,0.52,2026-07-31,0750,SNPP,SNPP,n,2.0NRT,294.35,3.51,D
9.58817,78.81823,340.71,0.48,0.48,2026-07-31,0750,SNPP,SNPP,n,2.0NRT,297.83,3.72,D
9.58715,78.81624,335.8,0.48,0.48,2026-07-31,0750,SNPP,SNPP,n,2.0NRT,297.87,5.07,D
9.62345,78.86769,342.63,0.47,0.48,2026-07-31,0750,SNPP,SNPP,n,2.0NRT,296.42,3.38,D
9.64574,77.77657,339.75,0.56,0.51,2026-07-31,0750,SNPP,SNPP,n,2.0NRT,292.53,6.1,D
9.79466,78.26758,330.11,0.51,0.5,2026-07-31,0750,SNPP,SNPP,n,2.0NRT,296.68,3.56,D
9.91725,78.21863,331.44,0.51,0.5,2026-07-31,0750,SNPP,SNPP,n,2.0NRT,298.07,2.08,D
10.07881,79.13869,332.04,0.45,0.47,2026-07-31,0750,SNPP,SNPP,n,2.0NRT,297.38,2.58,D
10.08159,79.13962,331.3,0.44,0.46,2026-07-31,0750,SNPP,SNPP,n,2.0NRT,297.37,2,D
9.93693,78.2229,332.89,0.51,0.5,2026-07-31,0750,SNPP,SNPP,n,2.0NRT,298.67,2.75,D
9.97583,78.28342,346.58,0.51,0.49,2026-07-31,0750,SNPP,SNPP,n,2.0NRT,299.24,7.39,D
9.9851,78.17575,333.11,0.52,0.5,2026-07-31,0750,SNPP,SNPP,n,2.0NRT,296.97,2.44,D
10.00652,78.03616,335.89,0.53,0.5,2026-07-31,0750,SNPP,SNPP,n,2.0NRT,294.56,3.45,D
10.21354,78.87036,337.28,0.46,0.47,2026-07-31,0750,SNPP,SNPP,n,2.0NRT,300.13,6.51,D
10.81289,79.84407,333.21,0.39,0.44,2026-07-31,0750,SNPP,SNPP,n,2.0NRT,296.08,3.63,D
10.49704,77.81037,332.78,0.53,0.5,2026-07-31,0750,SNPP,SNPP,n,2.0NRT,296.93,4.68,D
10.9477,78.91599,332.32,0.45,0.47,2026-07-31,0750,SNPP,SNPP,n,2.0NRT,294.87,5.58,D
11.49961,79.54979,337.72,0.4,0.44,2026-07-31,0750,SNPP,SNPP,n,2.0NRT,294.8,2.93,D
11.64794,79.75954,330.83,0.39,0.44,2026-07-31,0750,SNPP,SNPP,n,2.0NRT,296.71,3.57,D
11.6909,79.25605,334.65,0.41,0.45,2026-07-31,0750,SNPP,SNPP,n,2.0NRT,297.52,3.15,D
11.73174,79.21313,331.83,0.41,0.45,2026-07-31,0750,SNPP,SNPP,n,2.0NRT,294.04,3.21,D
20.86339,84.98931,337.48,0.42,0.38,2026-07-31,0752,SNPP,SNPP,n,2.0NRT,291.35,5.16,D
20.78864,85.25751,331.16,0.43,0.38,2026-07-31,0752,SNPP,SNPP,n,2.0NRT,298.43,8.4,D
20.78888,85.25809,331.35,0.43,0.38,2026-07-31,0752,SNPP,SNPP,n,2.0NRT,298.18,9.07,D
20.86249,84.98907,333.46,0.42,0.38,2026-07-31,0752,SNPP,SNPP,n,2.0NRT,290,4.21,D
20.79534,85.25279,337.74,0.43,0.38,2026-07-31,0752,SNPP,SNPP,n,2.0NRT,296.03,9.54,D
20.7863,85.26642,330.63,0.43,0.38,2026-07-31,0752,SNPP,SNPP,n,2.0NRT,297.23,4.18,D
20.97118,85.1749,344.54,0.43,0.38,2026-07-31,0752,SNPP,SNPP,n,2.0NRT,289.14,7.8,D
22.57314,85.89947,338.54,0.48,0.4,2026-07-31,0752,SNPP,SNPP,n,2.0NRT,298.88,4.4,D
22.79742,86.20715,336.68,0.5,0.41,2026-07-31,0752,SNPP,SNPP,n,2.0NRT,296.02,6.95,D
23.67758,86.10032,330.96,0.5,0.41,2026-07-31,0752,SNPP,SNPP,n,2.0NRT,293.63,4.37,D
23.64682,85.43793,330.54,0.47,0.4,2026-07-31,0752,SNPP,SNPP,n,2.0NRT,294.5,4.03,D
23.80275,86.33156,331.55,0.52,0.42,2026-07-31,0752,SNPP,SNPP,n,2.0NRT,289.91,3.29,D
23.82359,84.57544,335.68,0.43,0.38,2026-07-31,0752,SNPP,SNPP,n,2.0NRT,297.51,4.4,D
23.82301,84.5712,339.68,0.43,0.38,2026-07-31,0752,SNPP,SNPP,n,2.0NRT,297.24,3.7,D
23.82283,84.57184,345.63,0.43,0.38,2026-07-31,0752,SNPP,SNPP,n,2.0NRT,298.38,4.79,D
20.96709,85.17128,332.72,0.43,0.38,2026-07-31,0752,SNPP,SNPP,n,2.0NRT,290.44,3.66,D
20.96766,85.17543,335.43,0.43,0.38,2026-07-31,0752,SNPP,SNPP,n,2.0NRT,289.63,5.88,D
20.96357,85.17181,330.61,0.43,0.38,2026-07-31,0752,SNPP,SNPP,n,2.0NRT,288.8,3.66,D
20.96237,85.18903,342.93,0.43,0.38,2026-07-31,0752,SNPP,SNPP,n,2.0NRT,291.4,8.4,D
20.78571,85.26225,335.42,0.43,0.38,2026-07-31,0752,SNPP,SNPP,n,2.0NRT,297.75,4.18,D
27.51503,72.44856,336.83,0.56,0.51,2026-07-31,0754,SNPP,SNPP,n,2.0NRT,290.31,4.63,D
27.5138,72.44293,345.81,0.56,0.51,2026-07-31,0754,SNPP,SNPP,n,2.0NRT,288.66,5.17,D
27.51257,72.4373,346.62,0.56,0.51,2026-07-31,0754,SNPP,SNPP,n,2.0NRT,289.3,5.17,D
27.51134,72.43169,349.12,0.56,0.52,2026-07-31,0754,SNPP,SNPP,n,2.0NRT,289.99,9.2,D
23.71745,68.88361,331.35,0.55,0.68,2026-07-31,0754,SNPP,SNPP,n,2.0NRT,294.01,1.92,D
27.51035,72.44982,337.38,0.56,0.51,2026-07-31,0754,SNPP,SNPP,n,2.0NRT,290.15,4.4,D
27.50912,72.4442,356.66,0.56,0.51,2026-07-31,0754,SNPP,SNPP,n,2.0NRT,289.74,9.05,D
27.50789,72.43858,354.39,0.56,0.51,2026-07-31,0754,SNPP,SNPP,n,2.0NRT,289.49,9.05,D
27.50666,72.43296,339.22,0.56,0.52,2026-07-31,0754,SNPP,SNPP,n,2.0NRT,290,5.4,D
24.19728,82.71456,307.07,0.38,0.36,2026-07-31,2019,SNPP,SNPP,n,2.0NRT,281.21,1.31,N
29.90904,74.94445,324.08,0.64,0.54,2026-07-31,2019,SNPP,SNPP,n,2.0NRT,288.36,4.58,N
29.91071,74.94379,315.7,0.63,0.54,2026-07-31,2019,SNPP,SNPP,n,2.0NRT,288.45,5.6,N
28.83574,78.76926,330.97,0.56,0.43,2026-07-31,2019,SNPP,SNPP,n,2.0NRT,290.51,7.4,N
28.83179,78.76865,314.79,0.56,0.43,2026-07-31,2019,SNPP,SNPP,n,2.0NRT,289.48,7.4,N
26.64285,79.4761,308.56,0.48,0.4,2026-07-31,2019,SNPP,SNPP,n,2.0NRT,288.04,0.87,N
26.64223,79.48099,310.23,0.48,0.4,2026-07-31,2019,SNPP,SNPP,n,2.0NRT,288.31,0.87,N
26.64447,79.4797,311.34,0.48,0.4,2026-07-31,2019,SNPP,SNPP,n,2.0NRT,288.4,1.15,N
26.64078,79.4791,313.2,0.48,0.4,2026-07-31,2019,SNPP,SNPP,n,2.0NRT,287.89,1.15,N
24.11732,86.35205,303.97,0.47,0.4,2026-07-31,2019,SNPP,SNPP,n,2.0NRT,289.32,1.73,N
25.9419,72.18731,318.96,0.42,0.61,2026-07-31,2019,SNPP,SNPP,n,2.0NRT,285.12,2.71,N
23.69629,87.09454,307.45,0.51,0.41,2026-07-31,2019,SNPP,SNPP,n,2.0NRT,285.95,2.45,N
23.69439,87.10456,306.34,0.52,0.41,2026-07-31,2019,SNPP,SNPP,n,2.0NRT,285.59,2,N
23.69759,87.09306,306.18,0.52,0.41,2026-07-31,2019,SNPP,SNPP,n,2.0NRT,286.01,1.2,N
23.69482,87.10813,303.49,0.52,0.41,2026-07-31,2019,SNPP,SNPP,n,2.0NRT,285.57,1.62,N
23.76203,86.40659,300.04,0.48,0.4,2026-07-31,2019,SNPP,SNPP,n,2.0NRT,289.3,1.23,N
23.78269,86.21114,303.44,0.47,0.39,2026-07-31,2019,SNPP,SNPP,n,2.0NRT,289.41,1.2,N
23.77909,86.21039,311.74,0.47,0.39,2026-07-31,2019,SNPP,SNPP,n,2.0NRT,289.44,1.2,N
23.55083,87.24498,303.96,0.53,0.42,2026-07-31,2019,SNPP,SNPP,n,2.0NRT,279.89,1.07,N
23.55274,87.24358,305.26,0.53,0.42,2026-07-31,2019,SNPP,SNPP,n,2.0NRT,280.1,1.45,N
23.56294,87.08233,310.38,0.52,0.41,2026-07-31,2019,SNPP,SNPP,n,2.0NRT,287.29,2.43,N
23.61296,86.79047,302.29,0.5,0.41,2026-07-31,2019,SNPP,SNPP,n,2.0NRT,283.83,1.08,N
23.6985,86.07369,325.79,0.46,0.39,2026-07-31,2019,SNPP,SNPP,n,2.0NRT,289.71,2.61,N
23.6889,86.08559,304.84,0.46,0.39,2026-07-31,2019,SNPP,SNPP,n,2.0NRT,289.32,1.16,N
23.6845,86.08928,304.25,0.46,0.39,2026-07-31,2019,SNPP,SNPP,n,2.0NRT,289.35,1.16,N
23.68368,86.09378,314.45,0.46,0.39,2026-07-31,2019,SNPP,SNPP,n,2.0NRT,288.94,2.08,N
23.6801,86.09299,326.41,0.46,0.39,2026-07-31,2019,SNPP,SNPP,n,2.0NRT,289.3,2.31,N
23.68174,86.08404,307.6,0.46,0.39,2026-07-31,2019,SNPP,SNPP,n,2.0NRT,289.4,0.81,N
23.67928,86.09749,307.11,0.46,0.39,2026-07-31,2019,SNPP,SNPP,n,2.0NRT,288.9,2.31,N
23.67816,86.08326,304.3,0.46,0.39,2026-07-31,2019,SNPP,SNPP,n,2.0NRT,289.42,0.81,N
23.67734,86.08775,303.62,0.46,0.39,2026-07-31,2019,SNPP,SNPP,n,2.0NRT,288.96,0.81,N
23.67242,86.11469,319.54,0.46,0.39,2026-07-31,2019,SNPP,SNPP,n,2.0NRT,288.91,2.34,N
23.66936,86.09069,304.56,0.46,0.39,2026-07-31,2019,SNPP,SNPP,n,2.0NRT,288.91,1.06,N
24.20506,82.70828,308.73,0.38,0.36,2026-07-31,2019,SNPP,SNPP,n,2.0NRT,281.33,1.24,N
24.18187,82.66138,311.01,0.38,0.36,2026-07-31,2019,SNPP,SNPP,n,2.0NRT,283,0.92,N
24.18093,82.6458,308.54,0.38,0.36,2026-07-31,2019,SNPP,SNPP,n,2.0NRT,282.52,0.95,N
24.17975,82.65331,303.79,0.38,0.36,2026-07-31,2019,SNPP,SNPP,n,2.0NRT,283.18,0.98,N
24.17645,82.6527,309.77,0.38,0.36,2026-07-31,2019,SNPP,SNPP,n,2.0NRT,284.29,0.75,N
24.1629,82.63084,309.35,0.38,0.36,2026-07-31,2019,SNPP,SNPP,n,2.0NRT,285.04,1.82,N
24.14388,82.70842,305.05,0.38,0.36,2026-07-31,2019,SNPP,SNPP,n,2.0NRT,282.1,1.07,N
23.69805,85.36868,303,0.43,0.38,2026-07-31,2019,SNPP,SNPP,n,2.0NRT,287.08,1.23,N
24.14058,82.70781,309.13,0.38,0.36,2026-07-31,2019,SNPP,SNPP,n,2.0NRT,282.15,0.83,N
23.69382,85.37219,302.79,0.43,0.38,2026-07-31,2019,SNPP,SNPP,n,2.0NRT,286.96,1.39,N
24.14497,82.65836,315.81,0.38,0.36,2026-07-31,2019,SNPP,SNPP,n,2.0NRT,284.06,2.01,N
23.82985,84.57327,304.78,0.41,0.37,2026-07-31,2019,SNPP,SNPP,n,2.0NRT,284.16,0.76,N
23.82646,84.5726,318.47,0.41,0.37,2026-07-31,2019,SNPP,SNPP,n,2.0NRT,284.94,3.46,N
23.82308,84.57192,340.42,0.41,0.37,2026-07-31,2019,SNPP,SNPP,n,2.0NRT,285.92,3.46,N
24.15018,82.58207,305.46,0.38,0.36,2026-07-31,2019,SNPP,SNPP,n,2.0NRT,285.54,0.7,N
23.65499,85.50878,306.94,0.44,0.38,2026-07-31,2019,SNPP,SNPP,n,2.0NRT,287.96,0.82,N
23.65516,85.50614,306.27,0.44,0.38,2026-07-31,2019,SNPP,SNPP,n,2.0NRT,287.84,1,N
23.64956,85.43462,307.8,0.44,0.38,2026-07-31,2019,SNPP,SNPP,n,2.0NRT,287.87,1.34,N
23.64882,85.43886,312.89,0.44,0.38,2026-07-31,2019,SNPP,SNPP,n,2.0NRT,288.01,1.53,N
22.87393,86.06158,313.64,0.47,0.4,2026-07-31,2019,SNPP,SNPP,n,2.0NRT,289.17,2.83,N
22.85584,86.05772,307.1,0.47,0.4,2026-07-31,2019,SNPP,SNPP,n,2.0NRT,288.53,1.47,N
22.79106,86.20612,298.78,0.48,0.4,2026-07-31,2019,SNPP,SNPP,n,2.0NRT,278.41,0.37,N
22.79021,86.21075,298.21,0.48,0.4,2026-07-31,2019,SNPP,SNPP,n,2.0NRT,276.55,0.37,N
22.78912,86.19611,307.06,0.48,0.4,2026-07-31,2019,SNPP,SNPP,n,2.0NRT,283.26,2.29,N
22.80127,86.08886,306.92,0.47,0.4,2026-07-31,2019,SNPP,SNPP,n,2.0NRT,288.5,1.87,N
22.38054,87.27535,302.86,0.55,0.43,2026-07-31,2019,SNPP,SNPP,n,2.0NRT,283.38,1.35,N
22.37952,87.28065,310.21,0.55,0.43,2026-07-31,2019,SNPP,SNPP,n,2.0NRT,285.02,1.35,N
22.37564,87.2798,321.03,0.55,0.43,2026-07-31,2019,SNPP,SNPP,n,2.0NRT,287.68,5.09,N
22.36768,87.30022,307.84,0.55,0.43,2026-07-31,2019,SNPP,SNPP,n,2.0NRT,288.1,2.57,N
22.36379,87.29936,313.56,0.55,0.43,2026-07-31,2019,SNPP,SNPP,n,2.0NRT,288.1,3.39,N
22.36033,87.01907,301.51,0.53,0.42,2026-07-31,2019,SNPP,SNPP,n,2.0NRT,277.93,1.57,N
22.24585,87.38941,312.55,0.56,0.43,2026-07-31,2019,SNPP,SNPP,n,2.0NRT,288.85,3.07,N
22.20303,84.84869,301.26,0.43,0.38,2026-07-31,2019,SNPP,SNPP,n,2.0NRT,285.81,1.24,N
21.96864,85.31592,301.38,0.45,0.39,2026-07-31,2019,SNPP,SNPP,n,2.0NRT,280.81,1.42,N
21.92344,85.22398,310.61,0.45,0.39,2026-07-31,2019,SNPP,SNPP,n,2.0NRT,286.46,1.59,N
22.32982,82.60329,311.75,0.38,0.36,2026-07-31,2019,SNPP,SNPP,n,2.0NRT,288.57,2.64,N
22.33126,82.57302,308.06,0.38,0.36,2026-07-31,2019,SNPP,SNPP,n,2.0NRT,288.74,1.27,N
22.32551,82.54523,306.9,0.38,0.36,2026-07-31,2019,SNPP,SNPP,n,2.0NRT,289.02,1.72,N
22.32492,82.54894,311.48,0.38,0.36,2026-07-31,2019,SNPP,SNPP,n,2.0NRT,289.07,1.63,N
22.32255,82.56377,307.29,0.38,0.36,2026-07-31,2019,SNPP,SNPP,n,2.0NRT,289.64,1.65,N
22.36106,82.30007,309.6,0.38,0.36,2026-07-31,2019,SNPP,SNPP,n,2.0NRT,288.52,2.57,N
22.36047,82.30377,308.79,0.38,0.36,2026-07-31,2019,SNPP,SNPP,n,2.0NRT,288.54,2.28,N
22.32221,82.54462,306.89,0.38,0.36,2026-07-31,2019,SNPP,SNPP,n,2.0NRT,289.11,1.64,N
22.31925,82.56316,317.62,0.38,0.36,2026-07-31,2019,SNPP,SNPP,n,2.0NRT,289.57,1.88,N
22.31865,82.56686,312.24,0.38,0.36,2026-07-31,2019,SNPP,SNPP,n,2.0NRT,289.26,1.88,N
22.31806,82.57056,316.42,0.38,0.36,2026-07-31,2019,SNPP,SNPP,n,2.0NRT,288.88,1.72,N
22.35717,82.30317,336.01,0.38,0.36,2026-07-31,2019,SNPP,SNPP,n,2.0NRT,289.37,2.28,N
22.31679,82.536,307.57,0.38,0.36,2026-07-31,2019,SNPP,SNPP,n,2.0NRT,289.12,1.2,N
22.31409,82.53169,305.86,0.38,0.36,2026-07-31,2019,SNPP,SNPP,n,2.0NRT,289,1.2,N
22.0654,83.70288,304.07,0.4,0.37,2026-07-31,2019,SNPP,SNPP,n,2.0NRT,288.82,0.85,N
22.06476,83.70672,305.34,0.4,0.37,2026-07-31,2019,SNPP,SNPP,n,2.0NRT,288.86,0.7,N
22.04015,83.72968,304.93,0.4,0.37,2026-07-31,2019,SNPP,SNPP,n,2.0NRT,287.02,1.24,N
21.92369,83.35207,318.37,0.39,0.36,2026-07-31,2019,SNPP,SNPP,n,2.0NRT,286.6,1.82,N
21.92035,83.35144,325.31,0.39,0.36,2026-07-31,2019,SNPP,SNPP,n,2.0NRT,288.31,3.45,N
21.92098,83.34766,311.41,0.39,0.36,2026-07-31,2019,SNPP,SNPP,n,2.0NRT,288.2,2.26,N
21.87978,83.55486,300.33,0.4,0.37,2026-07-31,2019,SNPP,SNPP,n,2.0NRT,281.72,0.53,N
21.75038,83.84364,298.73,0.4,0.37,2026-07-31,2019,SNPP,SNPP,n,2.0NRT,283.37,0.74,N
21.74766,83.83911,299.79,0.4,0.37,2026-07-31,2019,SNPP,SNPP,n,2.0NRT,284.24,0.74,N
21.74701,83.84298,309.38,0.4,0.37,2026-07-31,2019,SNPP,SNPP,n,2.0NRT,284.2,0.74,N
21.74364,83.84233,309.71,0.4,0.37,2026-07-31,2019,SNPP,SNPP,n,2.0NRT,285.07,1.08,N
21.74027,83.84166,300.54,0.4,0.37,2026-07-31,2019,SNPP,SNPP,n,2.0NRT,285.11,1.08,N
21.3769,81.64054,312.5,0.39,0.36,2026-07-31,2021,SNPP,SNPP,n,2.0NRT,290.83,2.42,N
20.96453,85.17252,299.74,0.45,0.39,2026-07-31,2021,SNPP,SNPP,n,2.0NRT,281.83,1.39,N
20.96871,86.00328,297.66,0.5,0.41,2026-07-31,2021,SNPP,SNPP,n,2.0NRT,283.53,0.85,N
20.97241,86.00407,305.12,0.5,0.41,2026-07-31,2021,SNPP,SNPP,n,2.0NRT,285.39,0.85,N
20.97612,86.00484,298.75,0.5,0.41,2026-07-31,2021,SNPP,SNPP,n,2.0NRT,284.89,1.41,N
21.18848,81.39189,313.87,0.39,0.36,2026-07-31,2021,SNPP,SNPP,n,2.0NRT,288.2,1.7,N
21.24272,79.22524,305.26,0.44,0.38,2026-07-31,2021,SNPP,SNPP,n,2.0NRT,286.64,1.1,N
19.96348,79.3352,297.47,0.42,0.38,2026-07-31,2021,SNPP,SNPP,n,2.0NRT,267.95,0.68,N
19.93018,79.12096,297.96,0.43,0.38,2026-07-31,2021,SNPP,SNPP,n,2.0NRT,272.75,0.44,N
19.80119,78.86477,302.05,0.44,0.38,2026-07-31,2021,SNPP,SNPP,n,2.0NRT,282.21,0.61,N
21.18368,81.38416,302.59,0.39,0.36,2026-07-31,2021,SNPP,SNPP,n,2.0NRT,282.85,2.67,N
21.18311,81.38786,308.59,0.39,0.36,2026-07-31,2021,SNPP,SNPP,n,2.0NRT,287.41,2.67,N
21.17979,81.38728,334.66,0.39,0.36,2026-07-31,2021,SNPP,SNPP,n,2.0NRT,287.86,2.67,N
21.24864,79.2089,314.31,0.44,0.38,2026-07-31,2021,SNPP,SNPP,n,2.0NRT,286.86,1.48,N
21.24685,79.22158,305.39,0.44,0.38,2026-07-31,2021,SNPP,SNPP,n,2.0NRT,286.56,1.18,N
21.1918,81.39248,306.19,0.39,0.36,2026-07-31,2021,SNPP,SNPP,n,2.0NRT,287.11,1.38,N
21.29755,81.60822,304.27,0.39,0.36,2026-07-31,2021,SNPP,SNPP,n,2.0NRT,286.95,0.48,N
10.98539,79.1058,313.79,0.39,0.36,2026-07-31,2023,SNPP,SNPP,n,2.0NRT,291.14,2.37,N
13.44714,80.09624,313.23,0.38,0.36,2026-07-31,2023,SNPP,SNPP,n,2.0NRT,290.12,3.42,N
13.392,80.10162,321.33,0.38,0.36,2026-07-31,2023,SNPP,SNPP,n,2.0NRT,294.39,4.03,N
13.39259,80.07638,309.72,0.38,0.36,2026-07-31,2023,SNPP,SNPP,n,2.0NRT,292.23,3.43,N
13.37985,80.11409,310.24,0.38,0.36,2026-07-31,2023,SNPP,SNPP,n,2.0NRT,292.55,2.1,N
12.4093,79.18157,330.32,0.39,0.36,2026-07-31,2023,SNPP,SNPP,n,2.0NRT,286.47,3.65,N
11.24144,77.88069,313.56,0.41,0.37,2026-07-31,2023,SNPP,SNPP,n,2.0NRT,289.72,1.41,N
11.17744,79.08931,307.22,0.39,0.36,2026-07-31,2023,SNPP,SNPP,n,2.0NRT,292.11,0.45,N
11.66297,77.83739,308.17,0.41,0.37,2026-07-31,2023,SNPP,SNPP,n,2.0NRT,289.85,0.95,N
11.18243,79.10094,312.37,0.39,0.36,2026-07-31,2023,SNPP,SNPP,n,2.0NRT,292.12,0.85,N
25.94279,72.19464,304.88,0.64,0.72,2026-07-31,2159,SNPP,SNPP,n,2.0NRT,266.62,0.8,N
9.25059,78.28757,331.5,0.54,0.68,2026-08-01,0729,SNPP,SNPP,n,2.0NRT,286.25,3.55,D
12.16273,79.51328,335.62,0.4,0.6,2026-08-01,0729,SNPP,SNPP,n,2.0NRT,290.2,2.43,D
11.05063,79.35343,339.95,0.43,0.62,2026-08-01,0729,SNPP,SNPP,n,2.0NRT,289.63,6.21,D
10.53246,79.23427,335.62,0.45,0.63,2026-08-01,0729,SNPP,SNPP,n,2.0NRT,287.48,3.88,D
11.30795,78.57752,333.94,0.48,0.65,2026-08-01,0729,SNPP,SNPP,n,2.0NRT,286.09,2.75,D
11.29512,79.7821,337.98,0.4,0.6,2026-08-01,0729,SNPP,SNPP,n,2.0NRT,289.25,4.08,D
11.05169,79.3529,342.3,0.43,0.62,2026-08-01,0729,SNPP,SNPP,n,2.0NRT,289.33,7.35,D
12.28848,79.43398,336.2,0.4,0.6,2026-08-01,0731,SNPP,SNPP,n,2.0NRT,289.96,2.66,D
12.16129,79.51262,332.86,0.4,0.6,2026-08-01,0731,SNPP,SNPP,n,2.0NRT,289.72,4.49,D
21.74527,83.84196,341.54,0.46,0.39,2026-08-01,0733,SNPP,SNPP,l,2.0NRT,295.68,10.63,D
21.74885,83.84124,337.51,0.46,0.39,2026-08-01,0733,SNPP,SNPP,n,2.0NRT,294.57,6.71,D
22.37792,87.2805,333.8,0.38,0.36,2026-08-01,0733,SNPP,SNPP,n,2.0NRT,280.48,5.85,D
22.7971,86.2003,331.13,0.39,0.36,2026-08-01,0733,SNPP,SNPP,l,2.0NRT,298.24,8.03,D
23.64927,85.44041,340,0.39,0.36,2026-08-01,0733,SNPP,SNPP,n,2.0NRT,293.36,5.48,D
23.75833,85.85569,332.89,0.39,0.36,2026-08-01,0733,SNPP,SNPP,l,2.0NRT,292.82,7.5,D
23.78781,85.55238,330.66,0.39,0.36,2026-08-01,0733,SNPP,SNPP,l,2.0NRT,297.5,5.5,D
24.11647,86.8599,332.08,0.38,0.36,2026-08-01,0733,SNPP,SNPP,n,2.0NRT,292,2.89,D
25.982,93.68969,342.01,0.52,0.5,2026-08-01,0733,SNPP,SNPP,n,2.0NRT,284.01,7.61,D
21.7496,83.8456,335.9,0.46,0.39,2026-08-01,0733,SNPP,SNPP,n,2.0NRT,294.92,6.71,D
21.67993,84.03944,333.65,0.45,0.39,2026-08-01,0733,SNPP,SNPP,l,2.0NRT,296.73,7.89,D
31.01247,76.57536,295.38,0.5,0.66,2026-08-01,2000,SNPP,SNPP,n,2.0NRT,285.26,4.85,N
20.97377,86.00666,309.01,0.39,0.36,2026-08-01,2002,SNPP,SNPP,n,2.0NRT,279.29,1.63,N
20.96381,86.00493,307.5,0.39,0.36,2026-08-01,2002,SNPP,SNPP,n,2.0NRT,274.9,1.13,N
20.95089,86.04455,297.51,0.39,0.36,2026-08-01,2002,SNPP,SNPP,n,2.0NRT,270.96,0.94,N
21.38916,81.64533,307.65,0.38,0.43,2026-08-01,2002,SNPP,SNPP,n,2.0NRT,288.11,3.06,N
21.37675,81.67848,305.17,0.57,0.43,2026-08-01,2002,SNPP,SNPP,n,2.0NRT,285.35,3.46,N
21.37762,81.63985,304.99,0.38,0.43,2026-08-01,2002,SNPP,SNPP,n,2.0NRT,287.48,2.14,N
20.76011,85.29779,296.28,0.4,0.37,2026-08-01,2002,SNPP,SNPP,n,2.0NRT,271.2,0.35,N
21.19393,81.39698,309.9,0.39,0.44,2026-08-01,2002,SNPP,SNPP,n,2.0NRT,284.98,0.8,N
21.18678,81.38819,307.31,0.39,0.44,2026-08-01,2002,SNPP,SNPP,n,2.0NRT,285.07,0.74,N
21.18629,81.39201,303.54,0.39,0.44,2026-08-01,2002,SNPP,SNPP,n,2.0NRT,285.07,0.74,N
21.18271,81.38761,302.58,0.39,0.44,2026-08-01,2002,SNPP,SNPP,n,2.0NRT,283.82,0.74,N
21.33393,78.9678,307.82,0.56,0.51,2026-08-01,2002,SNPP,SNPP,n,2.0NRT,286.07,2.03,N
20.69733,78.63657,303.71,0.58,0.52,2026-08-01,2002,SNPP,SNPP,n,2.0NRT,285.81,0.78,N
20.70397,78.62037,303.12,0.58,0.52,2026-08-01,2002,SNPP,SNPP,n,2.0NRT,285.44,0.76,N
24.11583,86.86163,314.57,0.39,0.36,2026-08-01,2002,SNPP,SNPP,n,2.0NRT,287.23,2.01,N
23.80345,86.33042,297.73,0.39,0.36,2026-08-01,2002,SNPP,SNPP,n,2.0NRT,262.63,0.94,N
23.79724,86.34898,299.93,0.39,0.36,2026-08-01,2002,SNPP,SNPP,n,2.0NRT,264.29,1.62,N
23.79666,86.35281,297.36,0.39,0.36,2026-08-01,2002,SNPP,SNPP,n,2.0NRT,263.42,1.24,N
23.75601,86.40481,297.49,0.39,0.36,2026-08-01,2002,SNPP,SNPP,n,2.0NRT,260.35,1.9,N
23.78228,86.20873,301.5,0.39,0.36,2026-08-01,2002,SNPP,SNPP,n,2.0NRT,268.7,0.81,N
23.77894,86.20814,299.39,0.39,0.36,2026-08-01,2002,SNPP,SNPP,n,2.0NRT,270.04,0.81,N
23.77836,86.21198,301.64,0.39,0.36,2026-08-01,2002,SNPP,SNPP,n,2.0NRT,269.66,0.81,N
23.66364,86.91719,306.08,0.39,0.36,2026-08-01,2002,SNPP,SNPP,n,2.0NRT,288.27,2.27,N
23.83612,85.4694,308.06,0.41,0.37,2026-08-01,2002,SNPP,SNPP,n,2.0NRT,290,1.46,N
23.63226,86.83409,302.57,0.39,0.36,2026-08-01,2002,SNPP,SNPP,n,2.0NRT,281.84,0.92,N
23.82184,85.4957,311.16,0.41,0.37,2026-08-01,2002,SNPP,SNPP,n,2.0NRT,290.24,2.48,N
23.68604,86.39225,309.34,0.39,0.36,2026-08-01,2002,SNPP,SNPP,n,2.0NRT,267.75,1.49,N
23.68213,86.39546,303.37,0.39,0.36,2026-08-01,2002,SNPP,SNPP,n,2.0NRT,263.74,0.63,N
23.75925,85.8541,298.83,0.4,0.37,2026-08-01,2002,SNPP,SNPP,n,2.0NRT,275.34,0.94,N
23.6788,86.39487,297.19,0.39,0.36,2026-08-01,2002,SNPP,SNPP,n,2.0NRT,263.86,0.7,N
23.67822,86.39868,298.17,0.39,0.36,2026-08-01,2002,SNPP,SNPP,n,2.0NRT,260.19,0.7,N
23.75588,85.85352,306.39,0.4,0.37,2026-08-01,2002,SNPP,SNPP,n,2.0NRT,276.94,0.94,N
23.5629,87.08395,309.67,0.38,0.36,2026-08-01,2002,SNPP,SNPP,n,2.0NRT,284.8,1.36,N
23.68041,86.09647,306.91,0.4,0.37,2026-08-01,2002,SNPP,SNPP,n,2.0NRT,278.47,0.88,N
23.67879,86.0843,307.51,0.4,0.37,2026-08-01,2002,SNPP,SNPP,n,2.0NRT,278.16,1.51,N
23.67486,86.08758,303.38,0.4,0.37,2026-08-01,2002,SNPP,SNPP,n,2.0NRT,281.38,1.36,N
23.7438,85.50382,304.15,0.41,0.37,2026-08-01,2002,SNPP,SNPP,n,2.0NRT,280.21,0.74,N
23.73648,85.48212,305.54,0.41,0.37,2026-08-01,2002,SNPP,SNPP,n,2.0NRT,282.84,1.24,N
23.69555,85.28658,307.46,0.41,0.37,2026-08-01,2002,SNPP,SNPP,n,2.0NRT,286.86,1.02,N
23.65649,85.50642,309.43,0.41,0.37,2026-08-01,2002,SNPP,SNPP,n,2.0NRT,287.8,1.28,N
23.67597,85.32473,303.55,0.41,0.37,2026-08-01,2002,SNPP,SNPP,n,2.0NRT,281.79,0.56,N
23.64879,85.43953,324.61,0.41,0.37,2026-08-01,2002,SNPP,SNPP,n,2.0NRT,288.73,2.69,N
23.64938,85.43553,314.88,0.41,0.37,2026-08-01,2002,SNPP,SNPP,n,2.0NRT,288.62,2.11,N
23.64538,85.43893,323.94,0.41,0.37,2026-08-01,2002,SNPP,SNPP,n,2.0NRT,288.4,2.6,N
23.1645,82.33836,304.63,0.55,0.43,2026-08-01,2002,SNPP,SNPP,n,2.0NRT,267.28,1.72,N
22.3799,87.27829,303.78,0.38,0.36,2026-08-01,2002,SNPP,SNPP,n,2.0NRT,277.45,0.73,N
22.3766,87.27768,325.56,0.38,0.36,2026-08-01,2002,SNPP,SNPP,n,2.0NRT,278.65,3.12,N
22.37601,87.28139,314.12,0.38,0.36,2026-08-01,2002,SNPP,SNPP,n,2.0NRT,278.2,1.19,N
22.36645,87.29871,303.72,0.38,0.36,2026-08-01,2002,SNPP,SNPP,n,2.0NRT,278.34,1.57,N
22.36585,87.30242,312.71,0.38,0.36,2026-08-01,2002,SNPP,SNPP,n,2.0NRT,278.35,0.96,N
22.36255,87.30181,310.9,0.38,0.36,2026-08-01,2002,SNPP,SNPP,n,2.0NRT,277.91,0.96,N
22.35773,87.28947,308.72,0.38,0.36,2026-08-01,2002,SNPP,SNPP,n,2.0NRT,276.15,1.01,N
22.36079,87.01614,308.55,0.38,0.36,2026-08-01,2002,SNPP,SNPP,n,2.0NRT,276.7,1.21,N
22.24395,87.38752,304.81,0.38,0.36,2026-08-01,2002,SNPP,SNPP,n,2.0NRT,274.84,1.09,N
22.33086,82.60378,300.67,0.52,0.42,2026-08-01,2002,SNPP,SNPP,n,2.0NRT,268.19,0.93,N
22.35836,82.30158,308.46,0.54,0.42,2026-08-01,2002,SNPP,SNPP,n,2.0NRT,274.28,2.25,N
22.32667,82.54604,296.31,0.53,0.42,2026-08-01,2002,SNPP,SNPP,n,2.0NRT,263.55,0.4,N
22.32017,82.56593,302.71,0.53,0.42,2026-08-01,2002,SNPP,SNPP,n,2.0NRT,269.35,1.55,N
22.3195,82.57103,297.42,0.52,0.42,2026-08-01,2002,SNPP,SNPP,n,2.0NRT,268.19,0.63,N
22.31699,82.56023,305.32,0.53,0.42,2026-08-01,2002,SNPP,SNPP,n,2.0NRT,270.14,1.67,N
11.80772,77.92508,305.82,0.49,0.49,2026-08-01,2004,SNPP,SNPP,n,2.0NRT,281.73,1.05,N
17.13722,77.17518,302.76,0.32,0.55,2026-08-01,2004,SNPP,SNPP,n,2.0NRT,286.98,0.65,N
11.81063,77.9237,307.7,0.49,0.49,2026-08-01,2004,SNPP,SNPP,n,2.0NRT,281.93,1.56,N
11.65214,78.03033,304.86,0.48,0.48,2026-08-01,2004,SNPP,SNPP,n,2.0NRT,281.41,0.83,N
11.28438,79.75117,315.05,0.56,0.43,2026-08-01,2004,SNPP,SNPP,n,2.0NRT,290.22,2.23,N
11.18186,79.0993,306.32,0.4,0.45,2026-08-01,2006,SNPP,SNPP,n,2.0NRT,290.03,2.34,N
11.17522,79.08694,307.05,0.4,0.45,2026-08-01,2006,SNPP,SNPP,n,2.0NRT,289.7,2.63,N
8.75772,78.17909,306.04,0.43,0.46,2026-08-01,2006,SNPP,SNPP,n,2.0NRT,282.65,2.06,N
8.82639,78.08728,349.32,0.44,0.46,2026-08-01,2006,SNPP,SNPP,n,2.0NRT,290.19,22.26,N
8.75715,78.183,326.49,0.43,0.46,2026-08-01,2006,SNPP,SNPP,n,2.0NRT,284.82,2.06,N
20.90794,71.4593,300.98,0.38,0.59,2026-08-01,2144,SNPP,SNPP,n,2.0NRT,285.36,0.99,N
20.96841,85.17646,336.43,0.48,0.48,2026-08-02,0714,SNPP,SNPP,n,2.0NRT,288.94,9.11,D
17.6107,83.20548,332.53,0.37,0.58,2026-08-02,0714,SNPP,SNPP,n,2.0NRT,289.49,3.23,D
25.87871,93.3072,334.7,0.42,0.38,2026-08-02,0716,SNPP,SNPP,n,2.0NRT,293.6,4.96,D
26.01458,93.35497,333.87,0.43,0.38,2026-08-02,0716,SNPP,SNPP,n,2.0NRT,292.2,2.52,D
25.85723,93.33242,340.14,0.42,0.38,2026-08-02,0716,SNPP,SNPP,n,2.0NRT,292.01,6.84,D
26.0261,93.54562,334.11,0.43,0.38,2026-08-02,0716,SNPP,SNPP,n,2.0NRT,293.37,3.09,D
9.02032,77.84805,333.75,0.32,0.55,2026-08-02,0852,SNPP,SNPP,n,2.0NRT,277.47,2.17,D
13.93082,77.46706,332.72,0.35,0.57,2026-08-02,0852,SNPP,SNPP,n,2.0NRT,290.94,2.72,D
12.33321,79.90759,338.17,0.49,0.65,2026-08-02,0852,SNPP,SNPP,n,2.0NRT,287,2.98,D
23.77571,86.38428,304.85,0.41,0.45,2026-08-02,1942,SNPP,SNPP,n,2.0NRT,283.22,1.78,N
23.77522,86.38833,305.6,0.41,0.45,2026-08-02,1942,SNPP,SNPP,n,2.0NRT,283.55,1.78,N
23.77406,86.36327,319.81,0.41,0.45,2026-08-02,1942,SNPP,SNPP,n,2.0NRT,282.46,2.37,N
23.77356,86.36737,304.42,0.41,0.45,2026-08-02,1942,SNPP,SNPP,n,2.0NRT,282,0.98,N
23.76912,86.40388,315.91,0.41,0.45,2026-08-02,1942,SNPP,SNPP,n,2.0NRT,283.1,2.45,N
23.76498,86.40328,321.81,0.41,0.45,2026-08-02,1942,SNPP,SNPP,n,2.0NRT,282.55,2.45,N
23.76448,86.40738,308.19,0.41,0.45,2026-08-02,1942,SNPP,SNPP,n,2.0NRT,282.94,1.38,N
23.76085,86.40268,303.96,0.41,0.45,2026-08-02,1942,SNPP,SNPP,n,2.0NRT,279.56,1.97,N
23.7799,86.20953,314.74,0.42,0.45,2026-08-02,1942,SNPP,SNPP,n,2.0NRT,282.95,1.94,N
23.75622,86.40613,307.32,0.41,0.45,2026-08-02,1942,SNPP,SNPP,n,2.0NRT,282.29,0.87,N
23.75063,86.41763,312.47,0.41,0.45,2026-08-02,1942,SNPP,SNPP,n,2.0NRT,282.37,1.84,N
23.77303,86.19574,304.68,0.42,0.45,2026-08-02,1942,SNPP,SNPP,n,2.0NRT,282.45,1.34,N
23.73631,86.43188,318.3,0.41,0.45,2026-08-02,1942,SNPP,SNPP,n,2.0NRT,281.16,2.93,N
23.73582,86.43589,307.08,0.41,0.45,2026-08-02,1942,SNPP,SNPP,n,2.0NRT,280.21,1.57,N
23.72297,86.4381,302.79,0.41,0.45,2026-08-02,1942,SNPP,SNPP,n,2.0NRT,275.82,0.81,N
23.72077,86.42135,298.98,0.41,0.45,2026-08-02,1942,SNPP,SNPP,n,2.0NRT,274.19,0.66,N
23.71837,86.44152,305.79,0.41,0.45,2026-08-02,1942,SNPP,SNPP,n,2.0NRT,278.57,1.62,N
23.66153,86.91164,296.16,0.38,0.43,2026-08-02,1942,SNPP,SNPP,n,2.0NRT,271.11,0.33,N
23.71329,86.44895,305.82,0.41,0.45,2026-08-02,1942,SNPP,SNPP,n,2.0NRT,279.08,1.48,N
23.71281,86.45299,312.23,0.41,0.45,2026-08-02,1942,SNPP,SNPP,n,2.0NRT,279.55,1.48,N
23.70696,86.43157,300.02,0.41,0.45,2026-08-02,1942,SNPP,SNPP,n,2.0NRT,267.13,0.76,N
23.61413,86.78986,302.09,0.39,0.44,2026-08-02,1942,SNPP,SNPP,n,2.0NRT,274.76,1.13,N
23.82626,84.92207,296.97,0.51,0.49,2026-08-02,1942,SNPP,SNPP,n,2.0NRT,278.43,1.64,N
23.68204,86.09521,305.92,0.43,0.46,2026-08-02,1942,SNPP,SNPP,n,2.0NRT,280.08,1.86,N
23.67882,86.08623,312.7,0.43,0.46,2026-08-02,1942,SNPP,SNPP,n,2.0NRT,281.13,3.33,N
23.6746,86.08565,303.86,0.43,0.46,2026-08-02,1942,SNPP,SNPP,n,2.0NRT,280.99,1.51,N
22.87305,88.21144,304.86,0.48,0.4,2026-08-02,1942,SNPP,SNPP,n,2.0NRT,286.78,2.5,N
23.77886,86.39299,307.33,0.41,0.45,2026-08-02,1942,SNPP,SNPP,n,2.0NRT,283.68,1.97,N
23.80479,86.32948,324.81,0.42,0.45,2026-08-02,1942,SNPP,SNPP,n,2.0NRT,283.53,3.03,N
23.79827,86.34924,325.36,0.41,0.45,2026-08-02,1942,SNPP,SNPP,n,2.0NRT,283.07,3.51,N
23.80063,86.3289,307.74,0.42,0.45,2026-08-02,1942,SNPP,SNPP,n,2.0NRT,282.85,1.57,N
23.79779,86.35337,305.54,0.41,0.45,2026-08-02,1942,SNPP,SNPP,n,2.0NRT,282.26,1.21,N
23.79365,86.35276,308.29,0.41,0.45,2026-08-02,1942,SNPP,SNPP,n,2.0NRT,282.64,1.21,N
23.69447,87.12154,300.48,0.56,0.43,2026-08-02,1942,SNPP,SNPP,n,2.0NRT,272.74,0.72,N
23.80343,86.33026,327.85,0.41,0.45,2026-08-02,1942,SNPP,SNPP,n,2.0NRT,283.83,3.48,N
23.79679,86.34998,321.22,0.41,0.45,2026-08-02,1942,SNPP,SNPP,n,2.0NRT,282.84,3.47,N
23.79628,86.3541,312.33,0.41,0.45,2026-08-02,1942,SNPP,SNPP,n,2.0NRT,282.45,1.43,N
23.69368,87.10851,301.55,0.56,0.43,2026-08-02,1942,SNPP,SNPP,n,2.0NRT,274.2,1.93,N
23.69229,87.11947,299.81,0.56,0.43,2026-08-02,1942,SNPP,SNPP,n,2.0NRT,272.75,2.46,N
23.77936,86.38896,329.28,0.41,0.45,2026-08-02,1942,SNPP,SNPP,n,2.0NRT,284.5,1.78,N
23.78135,86.37264,306.03,0.41,0.45,2026-08-02,1942,SNPP,SNPP,n,2.0NRT,282.68,1.29,N
23.68833,87.11887,299.4,0.56,0.43,2026-08-02,1942,SNPP,SNPP,n,2.0NRT,272.12,1.46,N
21.00018,86.02511,306.52,0.4,0.44,2026-08-02,1945,SNPP,SNPP,n,2.0NRT,285.57,0.98,N
20.97161,86.02093,304.6,0.4,0.44,2026-08-02,1945,SNPP,SNPP,n,2.0NRT,284.17,0.77,N
20.96753,86.02036,304.92,0.4,0.44,2026-08-02,1945,SNPP,SNPP,n,2.0NRT,284.36,0.77,N
20.95197,86.04553,314.46,0.4,0.44,2026-08-02,1945,SNPP,SNPP,n,2.0NRT,286.03,1.85,N
20.95151,86.04935,317,0.4,0.44,2026-08-02,1945,SNPP,SNPP,n,2.0NRT,286.19,1.85,N
20.97597,85.16943,303.66,0.45,0.47,2026-08-02,1945,SNPP,SNPP,n,2.0NRT,280.02,1.07,N
20.97545,85.1738,302.12,0.45,0.47,2026-08-02,1945,SNPP,SNPP,n,2.0NRT,280.2,1.07,N
20.97579,85.13397,300.2,0.45,0.47,2026-08-02,1945,SNPP,SNPP,n,2.0NRT,277.67,1.38,N
20.97114,85.17324,304.52,0.45,0.47,2026-08-02,1945,SNPP,SNPP,n,2.0NRT,279.7,1.07,N
20.97062,85.17761,318.44,0.45,0.47,2026-08-02,1945,SNPP,SNPP,n,2.0NRT,278.72,2.46,N
20.96889,85.15518,300.54,0.45,0.47,2026-08-02,1945,SNPP,SNPP,n,2.0NRT,278.18,1.09,N
20.96734,85.16828,310.75,0.45,0.47,2026-08-02,1945,SNPP,SNPP,n,2.0NRT,279.52,1.23,N
20.96683,85.17267,307.88,0.45,0.47,2026-08-02,1945,SNPP,SNPP,n,2.0NRT,279.74,1.23,N
20.96631,85.17702,300.99,0.45,0.47,2026-08-02,1945,SNPP,SNPP,n,2.0NRT,279.17,1.31,N
20.96579,85.18137,302.44,0.45,0.47,2026-08-02,1945,SNPP,SNPP,n,2.0NRT,278.35,1.31,N
20.96528,85.1857,301.31,0.45,0.47,2026-08-02,1945,SNPP,SNPP,n,2.0NRT,277.53,0.78,N
20.96477,85.18999,307.17,0.45,0.47,2026-08-02,1945,SNPP,SNPP,n,2.0NRT,278.64,0.78,N
20.96354,85.16335,307.99,0.45,0.47,2026-08-02,1945,SNPP,SNPP,n,2.0NRT,278.48,2.28,N
20.96303,85.16774,308.17,0.45,0.47,2026-08-02,1945,SNPP,SNPP,n,2.0NRT,279.29,1.23,N
20.96251,85.17209,310.06,0.45,0.47,2026-08-02,1945,SNPP,SNPP,n,2.0NRT,279.56,1.23,N
20.96097,85.18511,303.9,0.45,0.47,2026-08-02,1945,SNPP,SNPP,n,2.0NRT,277.93,0.78,N
20.96047,85.18936,303.66,0.45,0.47,2026-08-02,1945,SNPP,SNPP,n,2.0NRT,278.04,0.78,N
20.80839,85.255,307.23,0.44,0.46,2026-08-02,1945,SNPP,SNPP,n,2.0NRT,275.01,1.4,N
20.79554,85.25333,323.82,0.44,0.46,2026-08-02,1945,SNPP,SNPP,n,2.0NRT,276.53,4.16,N
20.78596,85.26057,314.14,0.44,0.46,2026-08-02,1945,SNPP,SNPP,n,2.0NRT,277.75,1.76,N
20.76046,85.29165,306.03,0.44,0.46,2026-08-02,1945,SNPP,SNPP,n,2.0NRT,282.12,1.03,N
20.75994,85.29595,305.51,0.44,0.46,2026-08-02,1945,SNPP,SNPP,n,2.0NRT,281.73,1.03,N
19.09899,82.16546,306.23,0.33,0.55,2026-08-02,1945,SNPP,SNPP,n,2.0NRT,286.73,1.22,N
19.09864,82.16866,302.78,0.33,0.55,2026-08-02,1945,SNPP,SNPP,n,2.0NRT,286.82,1.35,N
17.61015,83.20491,306.46,0.54,0.51,2026-08-02,1945,SNPP,SNPP,n,2.0NRT,290.74,2.32,N
17.60139,83.19848,306.19,0.54,0.51,2026-08-02,1945,SNPP,SNPP,n,2.0NRT,290.21,3.28,N
17.46558,80.65414,306.05,0.4,0.6,2026-08-02,1945,SNPP,SNPP,n,2.0NRT,287.1,0.71,N
15.17672,77.09852,300.82,0.64,0.72,2026-08-02,1947,SNPP,SNPP,n,2.0NRT,279.11,2.62,N
29.47635,76.85744,313.34,0.56,0.51,2026-08-02,2123,SNPP,SNPP,n,2.0NRT,288.79,4.23,N
29.45936,76.88863,301.32,0.56,0.51,2026-08-02,2123,SNPP,SNPP,n,2.0NRT,281.04,1.68,N
24.93391,74.63229,300.31,0.51,0.49,2026-08-02,2125,SNPP,SNPP,n,2.0NRT,283.38,0.9,N
29.12459,75.77742,305.13,0.41,0.37,2026-08-04,2044,SNPP,SNPP,n,2.0NRT,287.28,1.38,N
24.9348,74.63297,303.67,0.41,0.37,2026-08-04,2046,SNPP,SNPP,n,2.0NRT,284.9,0.78,N
24.76383,74.6097,310.94,0.41,0.37,2026-08-04,2046,SNPP,SNPP,n,2.0NRT,283.82,1.25,N
20.91014,71.45751,296.94,0.51,0.41,2026-08-04,2046,SNPP,SNPP,n,2.0NRT,271.58,0.51,N
17.95609,80.79395,298.78,0.43,0.46,2026-08-04,2049,SNPP,SNPP,n,2.0NRT,266.29,0.69,N
9.11885,77.59209,351.96,0.46,0.47,2026-08-05,0756,SNPP,SNPP,n,2.0NRT,296.13,11.22,D
9.47616,78.53864,335,0.39,0.44,2026-08-05,0756,SNPP,SNPP,n,2.0NRT,299.74,4.1,D
9.49282,78.58743,338.87,0.39,0.44,2026-08-05,0756,SNPP,SNPP,n,2.0NRT,298.53,2.54,D
9.62481,78.86961,338.14,0.56,0.43,2026-08-05,0756,SNPP,SNPP,n,2.0NRT,299.51,3.43,D
9.62131,78.80132,347.9,0.57,0.43,2026-08-05,0756,SNPP,SNPP,n,2.0NRT,302.4,12.57,D
9.7414,78.95979,331.18,0.55,0.43,2026-08-05,0756,SNPP,SNPP,n,2.0NRT,297.62,1.9,D
9.56233,77.6048,340.82,0.45,0.47,2026-08-05,0756,SNPP,SNPP,n,2.0NRT,295.38,3.81,D
9.76804,78.0972,337.65,0.42,0.45,2026-08-05,0756,SNPP,SNPP,n,2.0NRT,298.47,2.63,D
9.87739,78.25546,330.53,0.41,0.45,2026-08-05,0756,SNPP,SNPP,n,2.0NRT,292.01,4.92,D
9.88149,78.25475,333.28,0.41,0.45,2026-08-05,0756,SNPP,SNPP,n,2.0NRT,290.72,5.39,D
10.0521,77.96274,331,0.42,0.45,2026-08-05,0756,SNPP,SNPP,n,2.0NRT,292.12,3.78,D
10.21352,77.844,333.73,0.42,0.46,2026-08-05,0756,SNPP,SNPP,n,2.0NRT,296.16,4.9,D
9.96715,78.24461,347.06,0.4,0.45,2026-08-05,0756,SNPP,SNPP,n,2.0NRT,285.67,4.27,D
10.10864,78.09402,341.61,0.41,0.45,2026-08-05,0756,SNPP,SNPP,n,2.0NRT,289.35,3.84,D
21.1036,72.63686,343.75,0.59,0.53,2026-08-05,0758,SNPP,SNPP,n,2.0NRT,291.87,10.09,D
15.49071,76.92935,334.81,0.4,0.44,2026-08-05,0758,SNPP,SNPP,n,2.0NRT,284.95,3.58,D
21.10591,72.6481,343.53,0.59,0.53,2026-08-05,0758,SNPP,SNPP,n,2.0NRT,290.97,15.08,D
21.10476,72.64249,332.91,0.59,0.53,2026-08-05,0758,SNPP,SNPP,n,2.0NRT,291.55,10.09,D
26.78024,72.00262,334.45,0.5,0.49,2026-08-05,0801,SNPP,SNPP,n,2.0NRT,295.29,12.75,D
27.46189,95.4748,312.22,0.47,0.64,2026-08-05,1843,SNPP,SNPP,n,2.0NRT,286.82,3.71,N
27.22297,95.34383,307.44,0.48,0.65,2026-08-05,1843,SNPP,SNPP,n,2.0NRT,286.59,1.02,N
27.45947,95.47298,303.51,0.47,0.64,2026-08-05,1843,SNPP,SNPP,n,2.0NRT,286.88,2.65,N
25.94124,72.18885,367,0.34,0.56,2026-08-05,2025,SNPP,SNPP,h,2.0NRT,292.51,12.04,N
27.37853,95.08959,304.54,0.53,0.67,2026-08-05,2025,SNPP,SNPP,n,2.0NRT,287.07,1,N
27.32435,95.27443,303.53,0.54,0.68,2026-08-05,2025,SNPP,SNPP,n,2.0NRT,286.76,1.35,N
25.54031,91.23436,296.04,0.34,0.56,2026-08-05,2025,SNPP,SNPP,n,2.0NRT,279.79,0.49,N
25.94674,72.18602,304.69,0.34,0.56,2026-08-05,2025,SNPP,SNPP,n,2.0NRT,290.55,1.02,N
25.94643,72.18946,316.77,0.34,0.56,2026-08-05,2025,SNPP,SNPP,n,2.0NRT,290.78,1.02,N
25.94612,72.1929,305.82,0.34,0.56,2026-08-05,2025,SNPP,SNPP,n,2.0NRT,291.15,1.39,N
25.94093,72.19228,320.34,0.34,0.56,2026-08-05,2025,SNPP,SNPP,n,2.0NRT,291.52,7.49,N
25.94155,72.18542,314.83,0.34,0.56,2026-08-05,2025,SNPP,SNPP,n,2.0NRT,290.39,12.04,N
25.77749,73.70023,304.82,0.54,0.51,2026-08-05,2025,SNPP,SNPP,n,2.0NRT,290.31,1.22,N
24.7634,74.60711,303.9,0.46,0.47,2026-08-05,2025,SNPP,SNPP,n,2.0NRT,282.19,1.12,N
23.16576,82.3386,295.04,0.4,0.37,2026-08-05,2025,SNPP,SNPP,n,2.0NRT,258.66,1.42,N
22.3214,82.56449,300.88,0.41,0.37,2026-08-05,2027,SNPP,SNPP,n,2.0NRT,278.84,1.35,N
22.31869,82.55992,309.2,0.41,0.37,2026-08-05,2027,SNPP,SNPP,n,2.0NRT,279.44,1.6,N
22.31735,82.56773,297.2,0.41,0.37,2026-08-05,2027,SNPP,SNPP,n,2.0NRT,279.09,1.29,N
21.18328,81.38815,341.74,0.39,0.36,2026-08-05,2027,SNPP,SNPP,n,2.0NRT,288.5,3.08,N
21.17995,81.38754,314.91,0.39,0.36,2026-08-05,2027,SNPP,SNPP,n,2.0NRT,287.59,3.08,N
17.0624,76.98035,303.77,0.43,0.38,2026-08-05,2027,SNPP,SNPP,n,2.0NRT,278.88,0.68,N
17.14041,77.1832,297.32,0.42,0.38,2026-08-05,2027,SNPP,SNPP,n,2.0NRT,271.25,0.5,N
11.77638,78.05933,315.9,0.38,0.36,2026-08-05,2029,SNPP,SNPP,n,2.0NRT,288.74,2.18,N
12.60402,77.88007,300.19,0.39,0.36,2026-08-05,2029,SNPP,SNPP,n,2.0NRT,281.33,0.7,N
14.29199,77.75083,302.26,0.39,0.36,2026-08-05,2029,SNPP,SNPP,n,2.0NRT,286.95,0.67,N
14.29144,77.75444,308,0.39,0.36,2026-08-05,2029,SNPP,SNPP,n,2.0NRT,287.51,0.59,N
14.24024,76.98493,300.74,0.41,0.37,2026-08-05,2029,SNPP,SNPP,n,2.0NRT,281.29,0.42,N
15.17612,76.67731,304.33,0.42,0.38,2026-08-05,2029,SNPP,SNPP,n,2.0NRT,284.05,1.75,N
15.17377,76.69308,311.01,0.42,0.38,2026-08-05,2029,SNPP,SNPP,n,2.0NRT,284.43,1.07,N
15.17558,76.6571,330.04,0.43,0.38,2026-08-05,2029,SNPP,SNPP,n,2.0NRT,287.14,2.48,N
15.17617,76.65316,304.09,0.43,0.38,2026-08-05,2029,SNPP,SNPP,n,2.0NRT,285.96,2.48,N
15.16628,76.67182,301.27,0.42,0.38,2026-08-05,2029,SNPP,SNPP,n,2.0NRT,282.77,0.73,N
15.33476,76.28623,306.4,0.44,0.38,2026-08-05,2029,SNPP,SNPP,n,2.0NRT,282.29,1.11,N
15.02261,78.01593,298.12,0.39,0.36,2026-08-05,2029,SNPP,SNPP,n,2.0NRT,276.54,0.46,N
15.18135,76.66604,335.98,0.42,0.38,2026-08-05,2029,SNPP,SNPP,n,2.0NRT,285.66,5.17,N
11.18289,79.10062,301.17,0.39,0.36,2026-08-05,2029,SNPP,SNPP,n,2.0NRT,279.29,0.72,N
9.89198,78.10873,310.02,0.38,0.36,2026-08-05,2029,SNPP,SNPP,n,2.0NRT,286.71,0.85,N
15.18018,76.67391,303.23,0.42,0.38,2026-08-05,2029,SNPP,SNPP,n,2.0NRT,284.81,2.31,N
9.46912,78.57309,305.76,0.39,0.36,2026-08-05,2032,SNPP,SNPP,n,2.0NRT,288.35,0.87,N
8.86704,78.12225,306.96,0.39,0.36,2026-08-05,2032,SNPP,SNPP,n,2.0NRT,290.65,2.03,N
9.47245,78.57364,305.05,0.39,0.36,2026-08-05,2032,SNPP,SNPP,n,2.0NRT,288.48,0.8,N
27.69931,96.24134,335.86,0.53,0.67,2026-08-06,0559,SNPP,SNPP,n,2.0NRT,289.71,3.33,D
22.92897,70.10838,342.39,0.39,0.59,2026-08-06,0922,SNPP,SNPP,n,2.0NRT,293.05,6.02,D
23.79362,86.2345,308.3,0.38,0.36,2026-08-06,2008,SNPP,SNPP,n,2.0NRT,290.71,1.82,N
25.4376,86.06772,310.53,0.38,0.36,2026-08-06,2008,SNPP,SNPP,n,2.0NRT,291.85,1.96,N
25.03714,87.38972,307.8,0.39,0.36,2026-08-06,2008,SNPP,SNPP,n,2.0NRT,291.87,2.13,N
25.03371,87.36905,316.86,0.39,0.36,2026-08-06,2008,SNPP,SNPP,n,2.0NRT,291.93,3.41,N
23.78112,86.37527,305.55,0.39,0.36,2026-08-06,2008,SNPP,SNPP,n,2.0NRT,289.31,2.52,N
23.77868,86.3903,303.41,0.39,0.36,2026-08-06,2008,SNPP,SNPP,n,2.0NRT,284.54,2.92,N
23.78118,86.20918,306.17,0.38,0.36,2026-08-06,2008,SNPP,SNPP,n,2.0NRT,290.2,1.64,N
23.77788,86.20856,303.27,0.38,0.36,2026-08-06,2008,SNPP,SNPP,n,2.0NRT,289.43,1.73,N
23.77308,86.19608,314.75,0.38,0.36,2026-08-06,2008,SNPP,SNPP,n,2.0NRT,289.63,2.31,N
23.61129,87.14533,306.73,0.4,0.37,2026-08-06,2008,SNPP,SNPP,n,2.0NRT,291.21,2.72,N
23.61562,86.78735,304.7,0.39,0.36,2026-08-06,2008,SNPP,SNPP,n,2.0NRT,290.37,2.08,N
23.61498,86.79118,310.4,0.39,0.36,2026-08-06,2008,SNPP,SNPP,n,2.0NRT,290.72,2.43,N
22.36742,87.01875,308.89,0.4,0.37,2026-08-06,2008,SNPP,SNPP,n,2.0NRT,290.2,1.19,N
22.36406,87.0181,305.66,0.4,0.37,2026-08-06,2008,SNPP,SNPP,n,2.0NRT,289.09,1.19,N
22.21637,84.86812,295.01,0.39,0.36,2026-08-06,2008,SNPP,SNPP,n,2.0NRT,275.85,0.92,N
22.0551,85.4648,302.09,0.38,0.36,2026-08-06,2008,SNPP,SNPP,n,2.0NRT,282.08,1,N
21.24483,79.22414,299.94,0.43,0.46,2026-08-06,2008,SNPP,SNPP,n,2.0NRT,274.39,0.56,N
25.94364,72.19364,327.35,0.42,0.61,2026-08-06,2148,SNPP,SNPP,n,2.0NRT,290.2,2.7,N
8.75627,78.18294,351.99,0.43,0.62,2026-08-07,0858,SNPP,SNPP,n,2.0NRT,275.14,5.28,D
8.76202,78.18221,335.65,0.43,0.62,2026-08-07,0858,SNPP,SNPP,n,2.0NRT,274.04,5.28,D
22.92664,70.10907,333.56,0.39,0.44,2026-08-07,0902,SNPP,SNPP,n,2.0NRT,292.97,3.96,D
25.03565,87.36957,306.65,0.47,0.4,2026-08-07,1947,SNPP,SNPP,n,2.0NRT,290.57,1.86,N
25.43726,86.06737,310.9,0.55,0.43,2026-08-07,1947,SNPP,SNPP,n,2.0NRT,290.9,1.08,N
24.11618,86.85732,305.24,0.48,0.4,2026-08-07,1947,SNPP,SNPP,n,2.0NRT,289.98,1.11,N
24.11555,86.86207,303.43,0.48,0.4,2026-08-07,1947,SNPP,SNPP,n,2.0NRT,289.19,1.11,N
26.64386,79.47507,295.42,0.47,0.64,2026-08-07,1947,SNPP,SNPP,n,2.0NRT,265.29,2.77,N
23.74098,86.43374,302.97,0.5,0.41,2026-08-07,1949,SNPP,SNPP,n,2.0NRT,289.88,1.96,N
23.73722,86.43314,329.09,0.5,0.41,2026-08-07,1949,SNPP,SNPP,n,2.0NRT,290.81,6.64,N
23.66795,86.93554,298.17,0.47,0.4,2026-08-07,1949,SNPP,SNPP,n,2.0NRT,281.34,2.06,N
23.72468,86.44123,304.22,0.5,0.41,2026-08-07,1949,SNPP,SNPP,n,2.0NRT,289.04,1.72,N
23.68906,86.38818,303.34,0.5,0.41,2026-08-07,1949,SNPP,SNPP,n,2.0NRT,290.07,1.83,N
23.6884,86.39319,301.71,0.5,0.41,2026-08-07,1949,SNPP,SNPP,n,2.0NRT,289.27,1.83,N
23.68464,86.39258,321.46,0.5,0.41,2026-08-07,1949,SNPP,SNPP,n,2.0NRT,290.15,1.83,N
23.68398,86.39757,306.33,0.5,0.41,2026-08-07,1949,SNPP,SNPP,n,2.0NRT,289.37,2.63,N
23.68087,86.39198,302.45,0.5,0.41,2026-08-07,1949,SNPP,SNPP,n,2.0NRT,289.54,3.06,N
23.68022,86.39696,309.59,0.5,0.41,2026-08-07,1949,SNPP,SNPP,n,2.0NRT,289.83,2.02,N
23.67646,86.39635,306.18,0.5,0.41,2026-08-07,1949,SNPP,SNPP,n,2.0NRT,288.75,2.02,N
23.69792,85.28923,300.5,0.39,0.44,2026-08-07,1949,SNPP,SNPP,n,2.0NRT,288.09,1.32,N
23.67205,84.99582,300.43,0.4,0.44,2026-08-07,1949,SNPP,SNPP,n,2.0NRT,288.25,1.86,N
23.66748,84.99914,300.96,0.4,0.44,2026-08-07,1949,SNPP,SNPP,n,2.0NRT,288.84,1.32,N
23.6634,84.99857,303.84,0.4,0.44,2026-08-07,1949,SNPP,SNPP,n,2.0NRT,287.12,1.32,N
23.73785,86.4282,306.48,0.5,0.41,2026-08-07,1949,SNPP,SNPP,n,2.0NRT,289.72,2.55,N
27.46227,95.47478,297.33,0.48,0.4,2026-08-07,1949,SNPP,SNPP,n,2.0NRT,277.66,1.22,N
23.76804,86.40265,326.74,0.5,0.41,2026-08-07,1949,SNPP,SNPP,n,2.0NRT,290.33,5.76,N
23.76739,86.40766,303.61,0.5,0.41,2026-08-07,1949,SNPP,SNPP,n,2.0NRT,289.4,2.25,N
23.76556,86.39212,306.89,0.51,0.41,2026-08-07,1949,SNPP,SNPP,n,2.0NRT,290.18,2.54,N
23.76427,86.40208,313.91,0.5,0.41,2026-08-07,1949,SNPP,SNPP,n,2.0NRT,289.85,3.28,N
23.76362,86.40708,304.9,0.5,0.41,2026-08-07,1949,SNPP,SNPP,n,2.0NRT,289.45,2.78,N
23.76051,86.40147,320.14,0.5,0.41,2026-08-07,1949,SNPP,SNPP,n,2.0NRT,290.02,3.28,N
23.75105,86.41519,307.74,0.5,0.41,2026-08-07,1949,SNPP,SNPP,n,2.0NRT,289.43,3.62,N
23.76534,86.40513,331.15,0.56,0.52,2026-08-08,0701,SNPP,SNPP,n,2.0NRT,288.98,6.4,D
9.75537,77.6293,367,0.39,0.44,2026-08-08,0839,SNPP,SNPP,h,2.0NRT,295.44,10.98,D
9.77946,77.68204,333.54,0.4,0.44,2026-08-08,0839,SNPP,SNPP,n,2.0NRT,296.72,2.63,D
22.60662,70.24954,331.84,0.39,0.36,2026-08-08,0843,SNPP,SNPP,n,2.0NRT,300.49,2.24,D
24.32291,72.46162,332.77,0.46,0.39,2026-08-08,0843,SNPP,SNPP,n,2.0NRT,295.39,4.09,D
23.76022,86.39659,304.41,0.32,0.55,2026-08-08,1930,SNPP,SNPP,n,2.0NRT,287.29,1.08,N
23.80587,86.32827,309,0.33,0.55,2026-08-08,1930,SNPP,SNPP,n,2.0NRT,287.91,1.03,N
23.79856,86.35028,327.19,0.33,0.55,2026-08-08,1930,SNPP,SNPP,n,2.0NRT,288.32,1.95,N
23.79887,86.34701,303.72,0.33,0.55,2026-08-08,1930,SNPP,SNPP,n,2.0NRT,287.78,1.95,N
23.79824,86.35355,306.5,0.33,0.55,2026-08-08,1930,SNPP,SNPP,n,2.0NRT,287.78,0.87,N
23.79314,86.35291,303.24,0.33,0.55,2026-08-08,1930,SNPP,SNPP,n,2.0NRT,287.75,0.87,N
23.77949,86.38737,321.08,0.32,0.55,2026-08-08,1930,SNPP,SNPP,n,2.0NRT,288.49,3.29,N
23.78107,86.37106,303.3,0.32,0.55,2026-08-08,1930,SNPP,SNPP,n,2.0NRT,287.81,0.81,N
23.77917,86.39056,311.63,0.32,0.55,2026-08-08,1930,SNPP,SNPP,n,2.0NRT,287.61,1.43,N
23.77692,86.36066,303.77,0.32,0.55,2026-08-08,1930,SNPP,SNPP,n,2.0NRT,287.31,2.79,N
23.77661,86.36392,319.54,0.32,0.55,2026-08-08,1930,SNPP,SNPP,n,2.0NRT,287.86,1.41,N
23.77151,86.3633,304.89,0.32,0.55,2026-08-08,1930,SNPP,SNPP,n,2.0NRT,287.15,1.41,N
23.7681,86.39877,303.31,0.32,0.55,2026-08-08,1930,SNPP,SNPP,n,2.0NRT,287.23,0.92,N
23.76778,86.40202,301.64,0.32,0.55,2026-08-08,1930,SNPP,SNPP,n,2.0NRT,286.08,0.29,N
23.76302,86.39813,306.55,0.32,0.55,2026-08-08,1930,SNPP,SNPP,n,2.0NRT,287.32,0.97,N
23.75794,86.39742,301.47,0.32,0.55,2026-08-08,1930,SNPP,SNPP,n,2.0NRT,287.28,0.97,N
23.75988,86.39985,304.81,0.32,0.55,2026-08-08,1930,SNPP,SNPP,n,2.0NRT,287.1,0.91,N
23.56486,87.08422,305.78,0.58,0.52,2026-08-08,1930,SNPP,SNPP,n,2.0NRT,287.56,2.6,N
23.5617,87.08315,310.49,0.58,0.52,2026-08-08,1930,SNPP,SNPP,n,2.0NRT,287.51,4.17,N
22.05452,88.1247,312.18,0.48,0.48,2026-08-08,1930,SNPP,SNPP,n,2.0NRT,287.3,3.89,N
20.95013,86.04408,306.58,0.63,0.54,2026-08-08,1932,SNPP,SNPP,n,2.0NRT,280.28,2.05,N
20.78667,85.26571,302.89,0.35,0.57,2026-08-08,1932,SNPP,SNPP,n,2.0NRT,278.85,0.61,N
20.9495,86.05014,302.74,0.63,0.54,2026-08-08,1932,SNPP,SNPP,n,2.0NRT,279.68,2.05,N
20.98516,85.13718,301.48,0.36,0.57,2026-08-08,1932,SNPP,SNPP,n,2.0NRT,282.13,1.21,N
20.97623,85.17174,302.12,0.36,0.57,2026-08-08,1932,SNPP,SNPP,n,2.0NRT,280.84,0.86,N
20.97055,85.1747,306.8,0.36,0.57,2026-08-08,1932,SNPP,SNPP,n,2.0NRT,279.86,0.74,N
20.97019,85.17823,302.29,0.36,0.57,2026-08-08,1932,SNPP,SNPP,n,2.0NRT,279.6,0.74,N
20.96631,85.1635,301.58,0.36,0.57,2026-08-08,1932,SNPP,SNPP,n,2.0NRT,279.71,1.02,N
20.96523,85.17413,306.67,0.36,0.57,2026-08-08,1932,SNPP,SNPP,n,2.0NRT,279.54,0.74,N
20.96451,85.18114,301.1,0.36,0.57,2026-08-08,1932,SNPP,SNPP,n,2.0NRT,279.6,0.65,N
20.96416,85.18463,302.01,0.36,0.57,2026-08-08,1932,SNPP,SNPP,n,2.0NRT,279.2,0.65,N
20.9638,85.18809,307.75,0.36,0.57,2026-08-08,1932,SNPP,SNPP,n,2.0NRT,278.97,1.05,N
21.07961,85.03843,302.21,0.37,0.58,2026-08-08,1932,SNPP,SNPP,n,2.0NRT,282.03,1.56,N
20.80865,85.25416,305.48,0.35,0.57,2026-08-08,1932,SNPP,SNPP,n,2.0NRT,278.63,1.39,N
20.78687,85.25846,308.31,0.35,0.57,2026-08-08,1932,SNPP,SNPP,n,2.0NRT,278.08,1.2,N
20.78619,85.2653,300.75,0.35,0.57,2026-08-08,1932,SNPP,SNPP,n,2.0NRT,279.05,0.68,N
20.78739,85.2589,310.55,0.35,0.57,2026-08-08,1932,SNPP,SNPP,n,2.0NRT,277.51,1.2,N
27.2877,73.83897,306.61,0.44,0.38,2026-08-08,2110,SNPP,SNPP,n,2.0NRT,291.65,1.52,N
26.64085,79.47772,304.21,0.59,0.53,2026-08-08,2110,SNPP,SNPP,n,2.0NRT,279.24,0.85,N
26.6441,79.47943,302.9,0.59,0.53,2026-08-08,2110,SNPP,SNPP,n,2.0NRT,278.84,1.11,N
27.66929,76.13332,305.1,0.55,0.42,2026-08-08,2110,SNPP,SNPP,n,2.0NRT,290.4,1.49,N
27.08046,73.81846,306.16,0.44,0.38,2026-08-08,2110,SNPP,SNPP,n,2.0NRT,291.83,3.01,N
23.26628,70.25836,317.52,0.38,0.36,2026-08-08,2112,SNPP,SNPP,n,2.0NRT,294.58,1.92,N
20.90929,71.46087,308.1,0.42,0.37,2026-08-08,2112,SNPP,SNPP,n,2.0NRT,293.55,2.48,N
17.61204,83.20204,299.99,0.77,0.78,2026-08-08,2112,SNPP,SNPP,n,2.0NRT,271.15,5.14,N
17.60958,83.20309,306.71,0.78,0.78,2026-08-08,2112,SNPP,SNPP,n,2.0NRT,271.54,4.39,N
18.9562,73.94472,306.32,0.57,0.43,2026-08-08,2112,SNPP,SNPP,n,2.0NRT,283.13,1.22,N
23.49982,68.57675,307.53,0.4,0.37,2026-08-08,2112,SNPP,SNPP,n,2.0NRT,294.54,1.69,N
22.93524,69.69643,319.89,0.38,0.36,2026-08-08,2112,SNPP,SNPP,n,2.0NRT,294.08,1.91,N
22.93406,69.70388,308.32,0.38,0.36,2026-08-08,2112,SNPP,SNPP,n,2.0NRT,294.25,1.88,N
22.93194,69.69582,309.33,0.38,0.36,2026-08-08,2112,SNPP,SNPP,n,2.0NRT,293.87,1.91,N
15.1377,76.70893,295.3,0.33,0.56,2026-08-08,2114,SNPP,SNPP,n,2.0NRT,274.45,0.29,N
15.17838,76.67624,301.88,0.33,0.55,2026-08-08,2114,SNPP,SNPP,n,2.0NRT,276.35,1,N
15.18023,76.66703,301.02,0.33,0.55,2026-08-08,2114,SNPP,SNPP,n,2.0NRT,275.41,0.53,N
15.18526,76.66817,296.14,0.33,0.55,2026-08-08,2114,SNPP,SNPP,n,2.0NRT,274.8,0.53,N
14.93187,78.341,300.72,0.43,0.62,2026-08-08,2114,SNPP,SNPP,n,2.0NRT,284.01,0.4,N
15.33485,76.28472,298.31,0.62,0.54,2026-08-08,2114,SNPP,SNPP,n,2.0NRT,282.69,0.68,N
16.6483,74.31618,296.42,0.44,0.46,2026-08-08,2114,SNPP,SNPP,n,2.0NRT,277.96,0.58,N
9.75953,77.62386,309.37,0.48,0.65,2026-08-08,2114,SNPP,SNPP,n,2.0NRT,261.47,0.89,N
15.17765,76.65363,315.04,0.33,0.55,2026-08-08,2114,SNPP,SNPP,n,2.0NRT,276.89,1.77,N
15.17704,76.6567,307.58,0.33,0.55,2026-08-08,2114,SNPP,SNPP,n,2.0NRT,275.83,0.77,N
15.17642,76.65977,295.23,0.33,0.55,2026-08-08,2114,SNPP,SNPP,n,2.0NRT,275.25,0.77,N
27.95665,95.6004,329.31,0.43,0.38,2026-08-09,0644,SNPP,SNPP,l,2.0NRT,302.74,9.26,D
9.65162,78.06435,337.75,0.39,0.36,2026-08-09,0820,SNPP,SNPP,n,2.0NRT,304.25,3.22,D
8.89835,78.04342,335.75,0.39,0.36,2026-08-09,0820,SNPP,SNPP,n,2.0NRT,298.13,1.95,D
8.90778,77.70798,331.91,0.38,0.36,2026-08-09,0820,SNPP,SNPP,n,2.0NRT,300.39,1.5,D
9.27793,79.12687,335.7,0.41,0.37,2026-08-09,0820,SNPP,SNPP,n,2.0NRT,300.72,6.85,D
9.23388,78.68824,333,0.4,0.37,2026-08-09,0820,SNPP,SNPP,n,2.0NRT,298.5,2.14,D
9.23726,78.68773,340.37,0.4,0.37,2026-08-09,0820,SNPP,SNPP,n,2.0NRT,299.91,2.14,D
9.25581,78.76631,338.32,0.4,0.37,2026-08-09,0820,SNPP,SNPP,n,2.0NRT,297.49,2.38,D
9.25919,78.76579,331.52,0.4,0.37,2026-08-09,0820,SNPP,SNPP,n,2.0NRT,296.74,1.43,D
9.30707,78.76228,334.15,0.4,0.37,2026-08-09,0820,SNPP,SNPP,n,2.0NRT,300.15,1.64,D
9.40249,77.86951,344.04,0.39,0.36,2026-08-09,0820,SNPP,SNPP,n,2.0NRT,307.92,8.77,D
9.50695,78.22846,338.61,0.39,0.36,2026-08-09,0820,SNPP,SNPP,n,2.0NRT,304.76,7.49,D
9.55556,77.81236,341.93,0.39,0.36,2026-08-09,0820,SNPP,SNPP,n,2.0NRT,308.12,12.87,D
9.83043,78.55554,330.15,0.4,0.37,2026-08-09,0820,SNPP,SNPP,n,2.0NRT,294.59,1.93,D
9.80894,78.38943,336.39,0.39,0.36,2026-08-09,0820,SNPP,SNPP,n,2.0NRT,302.68,2.49,D
9.88578,78.29712,347.52,0.39,0.36,2026-08-09,0820,SNPP,SNPP,n,2.0NRT,298.6,19.84,D
9.88524,78.29355,335.89,0.39,0.36,2026-08-09,0820,SNPP,SNPP,n,2.0NRT,295.04,19.84,D
10.70734,79.56654,347.98,0.43,0.38,2026-08-09,0820,SNPP,SNPP,n,2.0NRT,273.54,16.49,D
10.8716,79.0443,352.09,0.41,0.37,2026-08-09,0820,SNPP,SNPP,n,2.0NRT,303.67,10.47,D
10.96547,78.87568,336.29,0.41,0.37,2026-08-09,0820,SNPP,SNPP,n,2.0NRT,280.52,4.12,D
10.9494,78.43846,338.87,0.4,0.37,2026-08-09,0820,SNPP,SNPP,n,2.0NRT,302.18,2.47,D
11.19703,78.23231,336.41,0.4,0.37,2026-08-09,0822,SNPP,SNPP,n,2.0NRT,302.37,5.29,D
12.07076,79.81661,338.9,0.46,0.39,2026-08-09,0822,SNPP,SNPP,n,2.0NRT,297.28,4.54,D
12.71801,77.46906,339.87,0.39,0.36,2026-08-09,0822,SNPP,SNPP,n,2.0NRT,298.49,8.87,D
13.35524,76.1264,334.62,0.38,0.36,2026-08-09,0822,SNPP,SNPP,n,2.0NRT,298.38,2.36,D
13.35856,76.12586,335.1,0.38,0.36,2026-08-09,0822,SNPP,SNPP,n,2.0NRT,294.9,2.36,D
14.49981,79.59328,337.67,0.47,0.4,2026-08-09,0822,SNPP,SNPP,n,2.0NRT,297.07,3.06,D
15.26647,79.7698,336.78,0.49,0.4,2026-08-09,0822,SNPP,SNPP,n,2.0NRT,296.89,2.71,D
15.05902,77.04708,337.61,0.39,0.36,2026-08-09,0822,SNPP,SNPP,n,2.0NRT,300.3,5.81,D
15.57389,79.7675,335.75,0.49,0.41,2026-08-09,0822,SNPP,SNPP,n,2.0NRT,298.55,3.73,D
15.11534,76.20264,343.73,0.38,0.36,2026-08-09,0822,SNPP,SNPP,n,2.0NRT,298.5,4.95,D
15.58949,79.25832,343.05,0.47,0.39,2026-08-09,0822,SNPP,SNPP,n,2.0NRT,299.58,6.62,D
15.6994,76.64658,338,0.39,0.36,2026-08-09,0822,SNPP,SNPP,n,2.0NRT,300.19,4.95,D
15.94282,77.87696,333.12,0.41,0.37,2026-08-09,0822,SNPP,SNPP,n,2.0NRT,301.75,4.61,D
15.86068,76.55389,333.95,0.39,0.36,2026-08-09,0822,SNPP,SNPP,n,2.0NRT,298.79,2.28,D
15.86455,76.55697,336.54,0.39,0.36,2026-08-09,0822,SNPP,SNPP,n,2.0NRT,300.89,2.28,D
15.86401,76.55335,341.33,0.39,0.36,2026-08-09,0822,SNPP,SNPP,n,2.0NRT,299.62,2.28,D
16.28229,77.94062,332.97,0.42,0.38,2026-08-09,0822,SNPP,SNPP,n,2.0NRT,295.16,1.82,D
16.93182,80.82512,334.89,0.39,0.44,2026-08-09,0822,SNPP,SNPP,n,2.0NRT,289.57,1.84,D
16.87387,76.99135,331.58,0.4,0.37,2026-08-09,0822,SNPP,SNPP,n,2.0NRT,295.38,1.83,D
16.87724,76.99081,333.41,0.4,0.37,2026-08-09,0822,SNPP,SNPP,n,2.0NRT,295.37,3,D
21.74558,83.84499,348.88,0.35,0.57,2026-08-09,0824,SNPP,SNPP,n,2.0NRT,287.87,13.51,D
21.74523,83.8415,357.33,0.35,0.57,2026-08-09,0824,SNPP,SNPP,l,2.0NRT,287.79,10.2,D
22.78946,86.20515,299.41,0.65,0.73,2026-08-09,1913,SNPP,SNPP,n,2.0NRT,281.43,3,N
22.36279,87.01665,310.07,0.57,0.69,2026-08-09,1913,SNPP,SNPP,n,2.0NRT,280.9,2.89,N
22.36856,87.01659,301.8,0.57,0.69,2026-08-09,1913,SNPP,SNPP,n,2.0NRT,281.31,1.6,N
23.77668,86.38493,303.03,0.65,0.73,2026-08-09,1913,SNPP,SNPP,n,2.0NRT,283.49,4.09,N
23.69268,87.12355,302.44,0.58,0.7,2026-08-09,1913,SNPP,SNPP,n,2.0NRT,281.23,3.42,N
23.72545,86.43877,303.96,0.64,0.72,2026-08-09,1913,SNPP,SNPP,n,2.0NRT,283.53,2.72,N
23.7766,86.36593,303.26,0.65,0.73,2026-08-09,1913,SNPP,SNPP,n,2.0NRT,283.33,3.79,N
23.77515,86.38584,302.55,0.65,0.73,2026-08-09,1913,SNPP,SNPP,n,2.0NRT,283.02,5.89,N
23.73755,86.43457,301.63,0.64,0.72,2026-08-09,1913,SNPP,SNPP,n,2.0NRT,283.46,2.18,N
23.72358,86.43977,304.84,0.64,0.72,2026-08-09,1913,SNPP,SNPP,n,2.0NRT,283.74,3.39,N
23.67917,86.08173,308.47,0.67,0.74,2026-08-09,1913,SNPP,SNPP,n,2.0NRT,283.66,5.35,N
23.67829,86.09538,303.21,0.67,0.74,2026-08-09,1913,SNPP,SNPP,n,2.0NRT,283.72,1.68,N
22.36211,87.01589,305.84,0.57,0.69,2026-08-09,1913,SNPP,SNPP,n,2.0NRT,281.24,2.38,N
23.65178,85.43373,303.24,0.74,0.76,2026-08-09,1913,SNPP,SNPP,n,2.0NRT,282.76,2.09,N
23.60814,85.67458,301.04,0.71,0.75,2026-08-09,1913,SNPP,SNPP,n,2.0NRT,282.98,2.14,N
23.6142,86.78581,300.2,0.61,0.71,2026-08-09,1913,SNPP,SNPP,n,2.0NRT,283.27,1,N
23.61382,86.79093,301.45,0.61,0.71,2026-08-09,1913,SNPP,SNPP,n,2.0NRT,283.76,1,N
23.56024,87.23846,307.75,0.57,0.69,2026-08-09,1913,SNPP,SNPP,n,2.0NRT,281.33,4.18,N
23.64419,85.44029,303.65,0.74,0.76,2026-08-09,1913,SNPP,SNPP,n,2.0NRT,283.05,2.76,N
23.679,86.08202,310.64,0.67,0.74,2026-08-09,1913,SNPP,SNPP,n,2.0NRT,283.37,4.5,N
28.37205,77.22668,305.23,0.39,0.36,2026-08-09,2051,SNPP,SNPP,n,2.0NRT,287.46,0.97,N
28.74297,76.93353,308.59,0.39,0.36,2026-08-09,2051,SNPP,SNPP,n,2.0NRT,287.86,0.94,N
29.47577,76.85696,307.79,0.39,0.36,2026-08-09,2051,SNPP,SNPP,n,2.0NRT,287.48,0.61,N
34.15973,77.6091,303.4,0.38,0.36,2026-08-09,2051,SNPP,SNPP,n,2.0NRT,284.25,0.61,N
21.76148,84.01937,309.95,0.36,0.57,2026-08-09,2053,SNPP,SNPP,n,2.0NRT,286.62,1.97,N
23.5636,87.24025,311.73,0.52,0.67,2026-08-09,2053,SNPP,SNPP,n,2.0NRT,283.68,3.77,N
23.55756,87.23849,331.11,0.52,0.67,2026-08-09,2053,SNPP,SNPP,n,2.0NRT,283.93,6.46,N
23.5581,87.23757,320.15,0.52,0.67,2026-08-09,2053,SNPP,SNPP,n,2.0NRT,283.53,3.94,N
23.55688,87.24264,319.62,0.52,0.67,2026-08-09,2053,SNPP,SNPP,n,2.0NRT,283.57,3.94,N
23.70715,86.07474,309.27,0.44,0.62,2026-08-09,2053,SNPP,SNPP,n,2.0NRT,285.3,1.54,N
23.78739,85.55407,304.64,0.41,0.6,2026-08-09,2053,SNPP,SNPP,n,2.0NRT,284.95,1.76,N
23.78459,85.56609,303.32,0.41,0.61,2026-08-09,2053,SNPP,SNPP,n,2.0NRT,285.25,1.71,N
23.69682,85.37211,312.73,0.4,0.6,2026-08-09,2053,SNPP,SNPP,n,2.0NRT,285.43,2.51,N
23.69139,85.37067,301.7,0.4,0.6,2026-08-09,2053,SNPP,SNPP,n,2.0NRT,284.11,1.02,N
23.6982,85.36979,304.83,0.4,0.6,2026-08-09,2053,SNPP,SNPP,n,2.0NRT,285.52,0.75,N
23.69277,85.36834,301.77,0.4,0.6,2026-08-09,2053,SNPP,SNPP,n,2.0NRT,284.98,0.75,N
23.69188,85.37228,300.95,0.4,0.6,2026-08-09,2053,SNPP,SNPP,n,2.0NRT,283.39,0.75,N
23.68279,85.36151,303.63,0.4,0.6,2026-08-09,2053,SNPP,SNPP,n,2.0NRT,285.34,1,N
23.82163,84.57192,296.02,0.35,0.57,2026-08-09,2053,SNPP,SNPP,n,2.0NRT,282.73,1.68,N
24.18504,82.65644,305.11,0.53,0.5,2026-08-09,2053,SNPP,SNPP,n,2.0NRT,288.06,1.5,N
24.17704,82.64884,304.12,0.53,0.5,2026-08-09,2053,SNPP,SNPP,n,2.0NRT,288.36,1.95,N
24.17747,82.65152,309.63,0.53,0.5,2026-08-09,2053,SNPP,SNPP,n,2.0NRT,288.57,1.92,N
25.94221,72.19034,297.05,0.45,0.39,2026-08-09,2053,SNPP,SNPP,n,2.0NRT,251.72,0.98,N
22.57261,85.8962,315.67,0.45,0.63,2026-08-09,2053,SNPP,SNPP,n,2.0NRT,284.87,2.37,N
22.57268,85.89642,315.22,0.46,0.63,2026-08-09,2053,SNPP,SNPP,n,2.0NRT,285.1,2.38,N
22.06459,83.70384,299.4,0.34,0.56,2026-08-09,2053,SNPP,SNPP,n,2.0NRT,285.57,0.62,N
22.01604,83.75397,302.39,0.34,0.56,2026-08-09,2053,SNPP,SNPP,n,2.0NRT,286.91,0.71,N
21.96346,83.77216,306.88,0.35,0.56,2026-08-09,2053,SNPP,SNPP,n,2.0NRT,287.27,0.98,N
21.96713,83.77322,306.19,0.35,0.56,2026-08-09,2053,SNPP,SNPP,n,2.0NRT,287.2,0.96,N
22.04151,83.35121,306,0.32,0.55,2026-08-09,2053,SNPP,SNPP,n,2.0NRT,287.01,0.62,N
22.04084,83.35434,305.59,0.32,0.55,2026-08-09,2053,SNPP,SNPP,n,2.0NRT,287.39,0.62,N
22.03652,83.35001,309.81,0.32,0.55,2026-08-09,2053,SNPP,SNPP,n,2.0NRT,286.96,0.9,N
22.03585,83.35313,302.69,0.32,0.55,2026-08-09,2053,SNPP,SNPP,n,2.0NRT,287.24,0.9,N
22.03518,83.35629,303.07,0.32,0.55,2026-08-09,2053,SNPP,SNPP,n,2.0NRT,287.39,1.37,N
22.03383,83.36263,302.33,0.32,0.55,2026-08-09,2053,SNPP,SNPP,n,2.0NRT,287.23,0.93,N
22.03315,83.36578,309.35,0.32,0.55,2026-08-09,2053,SNPP,SNPP,n,2.0NRT,287.56,0.93,N
21.85959,83.96744,305.11,0.36,0.57,2026-08-09,2053,SNPP,SNPP,n,2.0NRT,286.95,0.85,N
21.98326,83.23328,308.46,0.32,0.55,2026-08-09,2053,SNPP,SNPP,n,2.0NRT,286.98,1.54,N
21.98404,83.23331,313.26,0.32,0.55,2026-08-09,2053,SNPP,SNPP,n,2.0NRT,286.97,0.63,N
21.9223,83.35155,327.47,0.33,0.55,2026-08-09,2053,SNPP,SNPP,n,2.0NRT,287.99,1.99,N
21.92497,83.3391,319.32,0.33,0.55,2026-08-09,2053,SNPP,SNPP,n,2.0NRT,287.43,2.53,N
21.92297,83.34842,305.39,0.33,0.55,2026-08-09,2053,SNPP,SNPP,n,2.0NRT,287.4,1.99,N
21.76745,84.01727,308.2,0.36,0.57,2026-08-09,2053,SNPP,SNPP,n,2.0NRT,286.56,1.45,N
21.7667,84.02068,311.13,0.36,0.57,2026-08-09,2053,SNPP,SNPP,n,2.0NRT,286.49,1.45,N
21.76073,84.02281,305.64,0.36,0.57,2026-08-09,2053,SNPP,SNPP,n,2.0NRT,286.79,1.14,N
21.7555,84.02152,304.3,0.36,0.57,2026-08-09,2053,SNPP,SNPP,n,2.0NRT,286.65,1.14,N
21.75475,84.02496,311.48,0.36,0.58,2026-08-09,2053,SNPP,SNPP,n,2.0NRT,286.61,1.14,N
21.77686,83.8248,317.02,0.35,0.57,2026-08-09,2053,SNPP,SNPP,n,2.0NRT,286.71,2.22,N
21.76645,83.84737,304.54,0.35,0.57,2026-08-09,2053,SNPP,SNPP,n,2.0NRT,284.25,0.74,N
21.76204,83.84266,302.22,0.35,0.57,2026-08-09,2053,SNPP,SNPP,n,2.0NRT,281.94,0.74,N
21.75613,83.84473,331.1,0.35,0.57,2026-08-09,2053,SNPP,SNPP,n,2.0NRT,282.29,1.57,N
21.75689,83.84132,306.24,0.35,0.57,2026-08-09,2053,SNPP,SNPP,n,2.0NRT,282.08,1.57,N
21.75098,83.84337,321.57,0.35,0.57,2026-08-09,2053,SNPP,SNPP,n,2.0NRT,281.66,1.57,N
21.75174,83.83995,301.66,0.35,0.57,2026-08-09,2053,SNPP,SNPP,n,2.0NRT,279.99,1.57,N
21.74584,83.84196,367,0.35,0.57,2026-08-09,2053,SNPP,SNPP,h,2.0NRT,282.41,4.53,N
21.7466,83.83854,303.08,0.35,0.57,2026-08-09,2053,SNPP,SNPP,n,2.0NRT,279.54,4.53,N
21.74508,83.84539,304.62,0.35,0.57,2026-08-09,2053,SNPP,SNPP,n,2.0NRT,282.25,2.07,N
21.7407,83.84058,308.79,0.35,0.57,2026-08-09,2053,SNPP,SNPP,n,2.0NRT,281.73,4.53,N
21.73995,83.84397,303.18,0.35,0.57,2026-08-09,2053,SNPP,SNPP,n,2.0NRT,281.42,2.07,N
21.69786,84.03272,300.38,0.36,0.58,2026-08-09,2053,SNPP,SNPP,n,2.0NRT,286.1,0.95,N
21.7454,83.84225,367,0.35,0.57,2026-08-09,2053,SNPP,SNPP,h,2.0NRT,282.45,4.43,N
21.74613,83.83881,302.67,0.35,0.57,2026-08-09,2053,SNPP,SNPP,n,2.0NRT,279.07,4.43,N
21.74466,83.84566,304.79,0.35,0.57,2026-08-09,2053,SNPP,SNPP,n,2.0NRT,281.94,2.16,N
21.74026,83.84083,303.89,0.35,0.57,2026-08-09,2053,SNPP,SNPP,n,2.0NRT,280.66,4.43,N
21.73952,83.84424,301.74,0.35,0.57,2026-08-09,2053,SNPP,SNPP,n,2.0NRT,279.15,2.16,N
21.80161,82.04208,298.97,0.54,0.51,2026-08-09,2053,SNPP,SNPP,n,2.0NRT,286.53,1.46,N
20.98613,85.13412,307.17,0.44,0.62,2026-08-09,2053,SNPP,SNPP,n,2.0NRT,284.57,1.25,N
20.97851,85.16796,303.53,0.44,0.63,2026-08-09,2053,SNPP,SNPP,n,2.0NRT,284.78,2.42,N
20.97757,85.17213,306.64,0.44,0.63,2026-08-09,2053,SNPP,SNPP,n,2.0NRT,284.05,1.67,N
20.98047,85.13264,309.35,0.44,0.62,2026-08-09,2053,SNPP,SNPP,n,2.0NRT,284.93,2.63,N
20.97952,85.13689,304.81,0.44,0.62,2026-08-09,2053,SNPP,SNPP,n,2.0NRT,284.8,2.03,N
20.97097,85.17477,306.12,0.44,0.63,2026-08-09,2053,SNPP,SNPP,n,2.0NRT,282.96,1.68,N
20.9672,85.16487,305.74,0.44,0.63,2026-08-09,2053,SNPP,SNPP,n,2.0NRT,284.02,3.57,N
20.96626,85.16904,306.44,0.44,0.63,2026-08-09,2053,SNPP,SNPP,n,2.0NRT,285.1,1.68,N
20.96531,85.17321,303.02,0.44,0.63,2026-08-09,2053,SNPP,SNPP,n,2.0NRT,282.73,1.68,N
21.57739,82.02422,303.84,0.55,0.51,2026-08-09,2053,SNPP,SNPP,n,2.0NRT,287.59,0.74,N
21.57567,82.02277,305.27,0.55,0.51,2026-08-09,2053,SNPP,SNPP,n,2.0NRT,287.38,1.36,N
20.79585,85.25479,322.38,0.45,0.63,2026-08-09,2053,SNPP,SNPP,n,2.0NRT,283.66,4.58,N
23.31598,70.48666,304.72,0.5,0.41,2026-08-09,2053,SNPP,SNPP,n,2.0NRT,287.01,1.34,N
21.36524,81.67861,305.57,0.52,0.5,2026-08-09,2053,SNPP,SNPP,n,2.0NRT,287.26,1.74,N
23.26503,70.2586,300.98,0.52,0.41,2026-08-09,2053,SNPP,SNPP,n,2.0NRT,283.85,0.45,N
21.29874,81.60884,301.03,0.52,0.5,2026-08-09,2053,SNPP,SNPP,n,2.0NRT,280.22,1.09,N
21.18384,81.38453,308.14,0.51,0.49,2026-08-09,2053,SNPP,SNPP,n,2.0NRT,287.48,2.28,N
22.93463,69.69802,308.32,0.55,0.42,2026-08-09,2053,SNPP,SNPP,n,2.0NRT,292.47,1.61,N
22.33633,69.86706,296.59,0.53,0.42,2026-08-09,2053,SNPP,SNPP,n,2.0NRT,276.09,0.94,N
22.41452,69.03976,305.86,0.39,0.44,2026-08-09,2053,SNPP,SNPP,n,2.0NRT,291.91,2.56,N
21.10748,72.64737,337.04,0.4,0.37,2026-08-09,2053,SNPP,SNPP,n,2.0NRT,284.79,2.5,N
21.10862,72.63972,304.99,0.4,0.37,2026-08-09,2053,SNPP,SNPP,n,2.0NRT,281.09,0.95,N
21.10805,72.64354,305.64,0.4,0.37,2026-08-09,2053,SNPP,SNPP,n,2.0NRT,281.4,2.5,N
21.10411,72.6468,327.81,0.4,0.37,2026-08-09,2053,SNPP,SNPP,n,2.0NRT,281.03,2.5,N
21.10583,72.63531,301.51,0.4,0.37,2026-08-09,2053,SNPP,SNPP,n,2.0NRT,276.58,0.95,N
21.10468,72.64297,304.37,0.4,0.37,2026-08-09,2053,SNPP,SNPP,n,2.0NRT,279.26,2.5,N
21.10246,72.63474,334.79,0.4,0.37,2026-08-09,2053,SNPP,SNPP,n,2.0NRT,276.12,2.43,N
21.10189,72.63857,299.87,0.4,0.37,2026-08-09,2053,SNPP,SNPP,n,2.0NRT,277.11,2.43,N
21.05607,72.85309,308.76,0.39,0.37,2026-08-09,2053,SNPP,SNPP,n,2.0NRT,281.79,0.73,N
21.05272,72.85251,305.92,0.39,0.37,2026-08-09,2053,SNPP,SNPP,n,2.0NRT,281.49,0.73,N
15.3384,76.28057,319.07,0.48,0.4,2026-08-09,2053,SNPP,SNPP,n,2.0NRT,282.8,1.24,N
15.33398,76.28428,301.8,0.48,0.4,2026-08-09,2053,SNPP,SNPP,n,2.0NRT,280.59,0.61,N
15.02215,78.01655,309.3,0.4,0.44,2026-08-09,2053,SNPP,SNPP,n,2.0NRT,290.87,1.21,N
15.33284,76.24754,304.58,0.48,0.4,2026-08-09,2053,SNPP,SNPP,n,2.0NRT,286.14,0.67,N
15.17859,77.10164,303.55,0.53,0.42,2026-08-09,2053,SNPP,SNPP,n,2.0NRT,286.08,0.93,N
15.17477,77.1009,304.35,0.53,0.42,2026-08-09,2053,SNPP,SNPP,n,2.0NRT,286.31,0.93,N
15.22696,76.76333,317.11,0.51,0.41,2026-08-09,2053,SNPP,SNPP,n,2.0NRT,291.42,1.96,N
15.18752,76.65742,305.57,0.5,0.41,2026-08-09,2053,SNPP,SNPP,n,2.0NRT,289.22,1.82,N
15.18005,76.65598,305.06,0.5,0.41,2026-08-09,2053,SNPP,SNPP,n,2.0NRT,288.25,1.25,N
15.176,76.67924,303.56,0.5,0.41,2026-08-09,2053,SNPP,SNPP,n,2.0NRT,288.93,2.26,N
15.17357,76.69316,307.58,0.5,0.41,2026-08-09,2053,SNPP,SNPP,n,2.0NRT,288.66,0.94,N
15.17632,76.65526,316.1,0.5,0.41,2026-08-09,2053,SNPP,SNPP,n,2.0NRT,289.35,1.92,N
15.17551,76.65991,309.43,0.5,0.41,2026-08-09,2053,SNPP,SNPP,n,2.0NRT,288.44,1.92,N
15.17016,76.66847,305.37,0.5,0.41,2026-08-09,2053,SNPP,SNPP,n,2.0NRT,288.79,1.7,N
18.68744,73.03105,310.64,0.39,0.36,2026-08-09,2055,SNPP,SNPP,n,2.0NRT,291.63,1.37,N
10.41551,77.10945,320.29,0.42,0.45,2026-08-09,2055,SNPP,SNPP,n,2.0NRT,287.16,2.55,N
18.95695,73.94106,304.84,0.38,0.36,2026-08-09,2055,SNPP,SNPP,n,2.0NRT,289.53,0.43,N
9.72057,77.60439,325.17,0.46,0.47,2026-08-09,2055,SNPP,SNPP,n,2.0NRT,289.69,1.92,N
9.71971,77.60912,316.36,0.46,0.47,2026-08-09,2055,SNPP,SNPP,n,2.0NRT,289.45,1.92,N
9.71691,77.59991,322.27,0.46,0.47,2026-08-09,2055,SNPP,SNPP,n,2.0NRT,289.49,5.68,N
9.71238,77.60028,342.1,0.46,0.47,2026-08-09,2055,SNPP,SNPP,n,2.0NRT,290.56,5.68,N
9.72325,77.60651,334.47,0.46,0.47,2026-08-09,2055,SNPP,SNPP,n,2.0NRT,289.84,3.78,N
9.72244,77.61123,314.72,0.46,0.47,2026-08-09,2055,SNPP,SNPP,n,2.0NRT,289.24,3.78,N
9.71963,77.60168,307.9,0.46,0.47,2026-08-09,2055,SNPP,SNPP,n,2.0NRT,288.83,0.83,N
18.68412,73.03049,310.97,0.39,0.36,2026-08-09,2055,SNPP,SNPP,n,2.0NRT,289.69,1.37,N
9.71592,77.59735,333.99,0.46,0.47,2026-08-09,2055,SNPP,SNPP,n,2.0NRT,290.27,3.01,N
9.7151,77.60211,318.67,0.46,0.47,2026-08-09,2055,SNPP,SNPP,n,2.0NRT,289.84,3.01,N
9.71142,77.59763,326.39,0.46,0.47,2026-08-09,2055,SNPP,SNPP,n,2.0NRT,289.48,3.01,N
9.71063,77.60217,307.3,0.46,0.47,2026-08-09,2055,SNPP,SNPP,n,2.0NRT,290.09,3.01,N
9.725,77.60458,302.41,0.46,0.47,2026-08-09,2055,SNPP,SNPP,n,2.0NRT,288.54,1.92,N
20.86897,70.56341,304.13,0.47,0.4,2026-08-09,2055,SNPP,SNPP,n,2.0NRT,288.58,1.22,N
9.72415,77.60929,319.58,0.46,0.47,2026-08-09,2055,SNPP,SNPP,n,2.0NRT,289.29,1.92,N
10.40051,79.41708,346.89,0.43,0.38,2026-08-10,0801,SNPP,SNPP,n,2.0NRT,298.99,8.13,D
8.66499,77.87334,340.85,0.54,0.42,2026-08-10,0801,SNPP,SNPP,n,2.0NRT,301.71,6.53,D
8.74038,77.72398,332.77,0.55,0.43,2026-08-10,0801,SNPP,SNPP,n,2.0NRT,301.52,2.94,D
9.11507,77.54341,346.35,0.55,0.43,2026-08-10,0801,SNPP,SNPP,n,2.0NRT,301.99,5.08,D
9.42565,78.80767,336.8,0.47,0.4,2026-08-10,0801,SNPP,SNPP,l,2.0NRT,299.57,8.7,D
9.53488,78.5205,330.49,0.48,0.4,2026-08-10,0801,SNPP,SNPP,l,2.0NRT,300.86,2.49,D
9.65848,78.09887,336.36,0.51,0.41,2026-08-10,0801,SNPP,SNPP,n,2.0NRT,304.93,5.64,D
9.65751,78.09645,338.99,0.51,0.41,2026-08-10,0801,SNPP,SNPP,n,2.0NRT,304.84,4.57,D
9.70958,77.59943,339.29,0.54,0.42,2026-08-10,0801,SNPP,SNPP,n,2.0NRT,295.83,6.59,D
9.67706,77.40768,353.93,0.55,0.43,2026-08-10,0801,SNPP,SNPP,n,2.0NRT,300.22,27.78,D
9.90223,78.1714,335.02,0.5,0.41,2026-08-10,0801,SNPP,SNPP,n,2.0NRT,302.49,2.8,D
10.007,78.03323,355.73,0.51,0.41,2026-08-10,0801,SNPP,SNPP,n,2.0NRT,303.39,19.23,D
11.73288,79.25768,339.42,0.43,0.38,2026-08-10,0801,SNPP,SNPP,n,2.0NRT,303.89,6.56,D
12.09698,79.78356,346.95,0.41,0.37,2026-08-10,0801,SNPP,SNPP,n,2.0NRT,296.78,8.28,D
12.56739,76.95238,341.37,0.54,0.42,2026-08-10,0801,SNPP,SNPP,n,2.0NRT,296.74,6.39,D
13.99028,79.82359,345.75,0.4,0.37,2026-08-10,0801,SNPP,SNPP,n,2.0NRT,302.37,9.45,D
14.25999,80.11745,337.94,0.39,0.36,2026-08-10,0801,SNPP,SNPP,l,2.0NRT,303.7,7.87,D
14.41773,77.48374,336.38,0.47,0.4,2026-08-10,0803,SNPP,SNPP,l,2.0NRT,299.27,4.22,D
14.78313,77.36995,333.51,0.48,0.4,2026-08-10,0803,SNPP,SNPP,l,2.0NRT,295.22,5.15,D
15.17701,79.4042,335.91,0.4,0.37,2026-08-10,0803,SNPP,SNPP,l,2.0NRT,303.39,3.8,D
15.29744,79.91622,336.62,0.39,0.36,2026-08-10,0803,SNPP,SNPP,l,2.0NRT,304.21,6.41,D
15.31481,79.78688,339.73,0.39,0.36,2026-08-10,0803,SNPP,SNPP,l,2.0NRT,306.18,7.27,D
15.66939,80.24091,340.92,0.39,0.36,2026-08-10,0803,SNPP,SNPP,n,2.0NRT,307.19,26.37,D
15.73965,76.86564,333.53,0.49,0.4,2026-08-10,0803,SNPP,SNPP,n,2.0NRT,298.41,6.36,D
16.6777,79.28349,334.32,0.39,0.36,2026-08-10,0803,SNPP,SNPP,l,2.0NRT,301.38,3.93,D
14.61157,79.57929,331.31,0.4,0.37,2026-08-10,0803,SNPP,SNPP,l,2.0NRT,301.41,3.22,D
17.95901,80.79624,331.58,0.39,0.36,2026-08-10,0803,SNPP,SNPP,n,2.0NRT,300.21,2.82,D
19.81181,79.30586,333.62,0.38,0.36,2026-08-10,0803,SNPP,SNPP,n,2.0NRT,298.76,1.52,D
26.77199,94.50657,307.07,0.43,0.62,2026-08-10,1851,SNPP,SNPP,n,2.0NRT,287.31,3.63,N
27.46151,95.47781,305.79,0.38,0.59,2026-08-10,1851,SNPP,SNPP,n,2.0NRT,285.79,2.14,N
27.31815,95.26571,306.66,0.39,0.59,2026-08-10,1851,SNPP,SNPP,n,2.0NRT,288.23,1.48,N
27.22307,95.34376,308.54,0.38,0.59,2026-08-10,1851,SNPP,SNPP,n,2.0NRT,288.42,0.8,N
27.22299,95.34394,307.29,0.38,0.59,2026-08-10,1851,SNPP,SNPP,n,2.0NRT,288.14,1.19,N
23.76469,86.40427,304,0.47,0.48,2026-08-10,2032,SNPP,SNPP,n,2.0NRT,282.6,1.8,N
23.74069,86.43222,303.33,0.47,0.48,2026-08-10,2032,SNPP,SNPP,n,2.0NRT,285.19,1.6,N
23.73635,86.43119,309.38,0.47,0.48,2026-08-10,2032,SNPP,SNPP,n,2.0NRT,283.53,1.6,N
23.74017,86.43353,305.53,0.47,0.48,2026-08-10,2032,SNPP,SNPP,n,2.0NRT,284.99,1.47,N
23.73582,86.4325,307.8,0.47,0.48,2026-08-10,2032,SNPP,SNPP,n,2.0NRT,284.03,1.47,N
23.71038,86.44572,303.13,0.47,0.48,2026-08-10,2032,SNPP,SNPP,n,2.0NRT,283.23,0.96,N
23.6797,86.39513,304.13,0.47,0.48,2026-08-10,2032,SNPP,SNPP,n,2.0NRT,282.86,1.54,N
23.67876,86.3997,302.17,0.47,0.48,2026-08-10,2032,SNPP,SNPP,n,2.0NRT,283.07,1.54,N
23.75876,85.85487,306.85,0.44,0.46,2026-08-10,2032,SNPP,SNPP,n,2.0NRT,289,2.36,N
23.75457,85.85389,308.66,0.44,0.46,2026-08-10,2032,SNPP,SNPP,n,2.0NRT,290,2.36,N
23.82257,85.49671,308.19,0.42,0.45,2026-08-10,2032,SNPP,SNPP,n,2.0NRT,290.96,1.94,N
23.82469,85.49886,307.93,0.42,0.45,2026-08-10,2032,SNPP,SNPP,n,2.0NRT,290.74,2.63,N
23.75578,85.85191,315.07,0.44,0.46,2026-08-10,2032,SNPP,SNPP,n,2.0NRT,290.47,5.25,N
23.78816,85.55405,308.19,0.42,0.45,2026-08-10,2032,SNPP,SNPP,n,2.0NRT,289.81,1.27,N
23.78163,85.56542,310.99,0.42,0.45,2026-08-10,2032,SNPP,SNPP,n,2.0NRT,289.95,1.44,N
23.78002,85.57363,308.17,0.42,0.45,2026-08-10,2032,SNPP,SNPP,n,2.0NRT,290.36,2.75,N
23.74609,85.50594,304.91,0.42,0.45,2026-08-10,2032,SNPP,SNPP,n,2.0NRT,289.89,0.92,N
23.69766,85.37018,304.92,0.41,0.45,2026-08-10,2034,SNPP,SNPP,n,2.0NRT,289.46,1.3,N
23.69358,85.36925,320.89,0.41,0.45,2026-08-10,2034,SNPP,SNPP,n,2.0NRT,289.53,1.3,N
23.69617,85.29114,313.71,0.41,0.45,2026-08-10,2034,SNPP,SNPP,n,2.0NRT,289.32,1.31,N
23.73882,85.00931,304.21,0.39,0.44,2026-08-10,2034,SNPP,SNPP,n,2.0NRT,289.03,1.47,N
23.73657,85.02082,306.38,0.39,0.44,2026-08-10,2034,SNPP,SNPP,n,2.0NRT,289.07,1.07,N
23.73483,85.00838,303.67,0.39,0.44,2026-08-10,2034,SNPP,SNPP,n,2.0NRT,289.21,0.8,N
23.72211,85.0095,304.33,0.39,0.44,2026-08-10,2034,SNPP,SNPP,n,2.0NRT,288.82,0.65,N
23.71813,85.00859,304.69,0.39,0.44,2026-08-10,2034,SNPP,SNPP,n,2.0NRT,288.6,0.65,N
22.87322,86.06417,311.97,0.47,0.47,2026-08-10,2034,SNPP,SNPP,n,2.0NRT,286.43,1.81,N
22.79259,86.1953,306,0.48,0.48,2026-08-10,2034,SNPP,SNPP,n,2.0NRT,282.34,2.71,N
22.79967,86.0918,312.26,0.47,0.48,2026-08-10,2034,SNPP,SNPP,n,2.0NRT,284.01,2.5,N
20.86561,84.9946,308.58,0.44,0.46,2026-08-10,2034,SNPP,SNPP,n,2.0NRT,286.6,2.57,N
20.86225,84.98945,303.1,0.44,0.46,2026-08-10,2034,SNPP,SNPP,n,2.0NRT,286.36,3.24,N
20.86698,84.99238,305.69,0.44,0.46,2026-08-10,2034,SNPP,SNPP,n,2.0NRT,286.46,2.35,N
20.86358,84.98724,310.48,0.44,0.46,2026-08-10,2034,SNPP,SNPP,n,2.0NRT,285.82,2.21,N
19.96435,79.33541,308.94,0.39,0.36,2026-08-10,2034,SNPP,SNPP,n,2.0NRT,289.41,1.08,N
18.71994,79.53657,309.87,0.4,0.37,2026-08-10,2034,SNPP,SNPP,n,2.0NRT,289.56,1.69,N
18.71598,79.53969,307.68,0.4,0.37,2026-08-10,2034,SNPP,SNPP,n,2.0NRT,289.3,1.6,N
9.90036,77.68868,330.49,0.4,0.37,2026-08-10,2038,SNPP,SNPP,n,2.0NRT,290.67,2.83,N
9.89699,77.68813,321.31,0.4,0.37,2026-08-10,2038,SNPP,SNPP,n,2.0NRT,290.67,2.01,N
9.72326,77.61427,303.75,0.4,0.37,2026-08-10,2038,SNPP,SNPP,n,2.0NRT,290.64,0.32,N
9.71671,77.59083,305.73,0.4,0.37,2026-08-10,2038,SNPP,SNPP,n,2.0NRT,290.88,1.08,N
9.70653,77.58966,309.63,0.4,0.37,2026-08-10,2038,SNPP,SNPP,n,2.0NRT,292.62,1.61,N
9.70315,77.58917,344.88,0.4,0.37,2026-08-10,2038,SNPP,SNPP,n,2.0NRT,294,6.37,N
9.53022,77.44653,342.64,0.4,0.37,2026-08-10,2038,SNPP,SNPP,n,2.0NRT,294.87,3.14,N
9.52966,77.44995,337.96,0.4,0.37,2026-08-10,2038,SNPP,SNPP,n,2.0NRT,293.68,3.14,N
9.52627,77.44958,320.1,0.4,0.37,2026-08-10,2038,SNPP,SNPP,n,2.0NRT,292.59,3.14,N
9.52684,77.44609,315.95,0.4,0.37,2026-08-10,2038,SNPP,SNPP,n,2.0NRT,293.58,3.14,N
9.28078,77.39169,329.87,0.4,0.37,2026-08-10,2038,SNPP,SNPP,n,2.0NRT,291.78,2.94,N
9.20653,77.49845,310.68,0.4,0.37,2026-08-10,2038,SNPP,SNPP,n,2.0NRT,293.23,1.56,N
8.69899,78.05886,316.48,0.42,0.38,2026-08-10,2038,SNPP,SNPP,n,2.0NRT,293.48,1.16,N
28.06321,95.35553,327.28,0.47,0.64,2026-08-11,0608,SNPP,SNPP,n,2.0NRT,293.7,4.22,D
9.16179,77.91492,341.92,0.36,0.57,2026-08-11,0741,SNPP,SNPP,n,2.0NRT,272.28,3.53,D
15.28784,78.3216,333.38,0.52,0.5,2026-08-11,0744,SNPP,SNPP,n,2.0NRT,299.14,5.03,D
10.83465,78.6193,340.31,0.6,0.53,2026-08-11,0744,SNPP,SNPP,n,2.0NRT,288.36,11.21,D
10.93614,78.50137,334.18,0.61,0.53,2026-08-11,0744,SNPP,SNPP,n,2.0NRT,295.06,7.51,D
10.93295,78.50113,335,0.6,0.53,2026-08-11,0744,SNPP,SNPP,n,2.0NRT,295.8,2.47,D
11.65238,79.1266,341.69,0.53,0.5,2026-08-11,0744,SNPP,SNPP,n,2.0NRT,291.4,9.66,D
12.29835,78.21772,331.88,0.6,0.53,2026-08-11,0744,SNPP,SNPP,n,2.0NRT,295.98,3.83,D
13.35804,80.23712,330.27,0.42,0.46,2026-08-11,0744,SNPP,SNPP,n,2.0NRT,298.49,4.38,D
13.36924,80.1537,333.26,0.43,0.46,2026-08-11,0744,SNPP,SNPP,n,2.0NRT,296.81,1.87,D
13.46839,79.86543,330.21,0.45,0.47,2026-08-11,0744,SNPP,SNPP,n,2.0NRT,297.42,5.22,D
14.28755,77.5889,332.14,0.61,0.53,2026-08-11,0744,SNPP,SNPP,n,2.0NRT,295.76,8.36,D
14.65185,79.52352,335.67,0.45,0.47,2026-08-11,0744,SNPP,SNPP,n,2.0NRT,299.11,4.74,D
14.20572,76.8857,333.73,0.34,0.56,2026-08-11,0744,SNPP,SNPP,n,2.0NRT,295.27,2.48,D
14.72405,79.54469,336.35,0.45,0.47,2026-08-11,0744,SNPP,SNPP,n,2.0NRT,297.26,2.55,D
14.79489,79.71674,341.48,0.43,0.46,2026-08-11,0744,SNPP,SNPP,n,2.0NRT,301.17,2.24,D
14.8896,79.33846,330.6,0.46,0.47,2026-08-11,0744,SNPP,SNPP,n,2.0NRT,300.12,3.12,D
14.8567,76.95497,347.51,0.33,0.55,2026-08-11,0744,SNPP,SNPP,n,2.0NRT,296.43,3.81,D
14.85612,76.95194,333.96,0.33,0.55,2026-08-11,0744,SNPP,SNPP,n,2.0NRT,295.53,3.81,D
14.92106,76.83829,333.55,0.33,0.55,2026-08-11,0744,SNPP,SNPP,n,2.0NRT,295.04,3.24,D
15.56061,79.96441,331.98,0.41,0.45,2026-08-11,0744,SNPP,SNPP,n,2.0NRT,299.56,3.18,D
15.50542,79.54381,333.42,0.43,0.46,2026-08-11,0744,SNPP,SNPP,n,2.0NRT,302.44,1.58,D
15.61035,79.47829,333.92,0.43,0.46,2026-08-11,0744,SNPP,SNPP,n,2.0NRT,300.29,2.44,D
15.74237,79.7478,367,0.42,0.45,2026-08-11,0744,SNPP,SNPP,h,2.0NRT,301.79,13.35,D
15.82722,80.0759,337.76,0.4,0.44,2026-08-11,0744,SNPP,SNPP,n,2.0NRT,299.81,3.41,D
15.76487,79.08978,335.82,0.46,0.47,2026-08-11,0744,SNPP,SNPP,n,2.0NRT,300.82,4.03,D
16.18703,79.21886,341.68,0.44,0.46,2026-08-11,0744,SNPP,SNPP,n,2.0NRT,298.18,5.58,D
16.19199,79.22189,337.02,0.44,0.46,2026-08-11,0744,SNPP,SNPP,n,2.0NRT,298.02,3.79,D
16.1912,79.21764,333.73,0.44,0.46,2026-08-11,0744,SNPP,SNPP,n,2.0NRT,298.91,3.79,D
16.58509,80.65373,351.25,0.54,0.42,2026-08-11,0744,SNPP,SNPP,n,2.0NRT,296,9.49,D
17.03344,80.86896,330.45,0.52,0.41,2026-08-11,0744,SNPP,SNPP,n,2.0NRT,297.1,3.2,D
17.14975,80.77999,336.15,0.52,0.41,2026-08-11,0744,SNPP,SNPP,n,2.0NRT,296.25,6.13,D
17.07935,79.29828,343.28,0.42,0.45,2026-08-11,0744,SNPP,SNPP,n,2.0NRT,293.19,4.78,D
23.67661,86.40046,339.43,0.44,0.38,2026-08-11,0746,SNPP,SNPP,n,2.0NRT,299.61,5.3,D
23.67603,86.39613,332.7,0.44,0.38,2026-08-11,0746,SNPP,SNPP,n,2.0NRT,297.42,5.3,D
23.68312,86.39497,337.76,0.44,0.38,2026-08-11,0746,SNPP,SNPP,n,2.0NRT,297.42,8.3,D
23.68666,86.39442,331.94,0.44,0.38,2026-08-11,0746,SNPP,SNPP,n,2.0NRT,296.98,5.02,D
23.70852,86.44854,331.98,0.44,0.39,2026-08-11,0746,SNPP,SNPP,n,2.0NRT,296.71,5.08,D
23.71266,86.45232,345.01,0.44,0.39,2026-08-11,0746,SNPP,SNPP,n,2.0NRT,298.38,8.07,D
23.73859,86.43661,336.81,0.44,0.39,2026-08-11,0746,SNPP,SNPP,n,2.0NRT,295.44,4.86,D
23.73802,86.43224,335.93,0.44,0.39,2026-08-11,0746,SNPP,SNPP,n,2.0NRT,297.09,4.86,D
23.75939,86.4022,334.36,0.44,0.39,2026-08-11,0746,SNPP,SNPP,n,2.0NRT,290.89,3.56,D
23.76351,86.40594,335.54,0.44,0.39,2026-08-11,0746,SNPP,SNPP,n,2.0NRT,290.67,3.56,D
23.7795,86.39009,336.13,0.44,0.38,2026-08-11,0746,SNPP,SNPP,n,2.0NRT,290.25,4.26,D
23.79607,86.3521,334.26,0.44,0.38,2026-08-11,0746,SNPP,SNPP,n,2.0NRT,289.52,5.15,D
23.82317,85.4987,331.16,0.41,0.37,2026-08-11,0746,SNPP,SNPP,l,2.0NRT,302.17,6.34,D
23.8239,84.57516,338.45,0.39,0.36,2026-08-11,0746,SNPP,SNPP,n,2.0NRT,301.98,8.57,D
23.82334,84.57131,337.01,0.39,0.36,2026-08-11,0746,SNPP,SNPP,n,2.0NRT,301.02,2.24,D
26.85012,90.44472,330.6,0.53,0.5,2026-08-11,0748,SNPP,SNPP,n,2.0NRT,293.27,4.4,D
27.24553,88.29237,340.22,0.4,0.44,2026-08-11,0748,SNPP,SNPP,n,2.0NRT,294.71,3.14,D
23.64553,85.43775,308.94,0.39,0.36,2026-08-11,2014,SNPP,SNPP,n,2.0NRT,281.96,1.34,N
22.79393,86.20012,299.38,0.42,0.37,2026-08-11,2014,SNPP,SNPP,n,2.0NRT,277.75,1.06,N
22.79186,86.21217,300.15,0.42,0.37,2026-08-11,2014,SNPP,SNPP,n,2.0NRT,277.91,0.62,N
22.79121,86.19544,334.83,0.41,0.37,2026-08-11,2014,SNPP,SNPP,n,2.0NRT,278.41,3.88,N
22.81786,86.03994,299.89,0.41,0.37,2026-08-11,2014,SNPP,SNPP,n,2.0NRT,281.86,0.5,N
22.8097,86.08765,306.51,0.41,0.37,2026-08-11,2014,SNPP,SNPP,n,2.0NRT,284.74,0.98,N
22.78914,86.20744,300.76,0.42,0.37,2026-08-11,2014,SNPP,SNPP,n,2.0NRT,276.53,0.62,N
22.80221,86.09029,314.38,0.41,0.37,2026-08-11,2014,SNPP,SNPP,n,2.0NRT,286.15,1.55,N
22.79881,86.0896,305.07,0.41,0.37,2026-08-11,2014,SNPP,SNPP,n,2.0NRT,286.49,1.04,N
22.36769,87.30388,313.1,0.46,0.39,2026-08-11,2014,SNPP,SNPP,n,2.0NRT,288.6,2.22,N
22.36491,87.29871,313.98,0.46,0.39,2026-08-11,2014,SNPP,SNPP,n,2.0NRT,290.28,2.22,N
22.36411,87.30314,311.38,0.46,0.39,2026-08-11,2014,SNPP,SNPP,n,2.0NRT,290.1,2.22,N
22.24713,87.38735,319.68,0.47,0.39,2026-08-11,2014,SNPP,SNPP,n,2.0NRT,290.25,1.82,N
22.38987,85.77188,300.14,0.41,0.37,2026-08-11,2014,SNPP,SNPP,n,2.0NRT,280.51,0.82,N
22.21289,84.86283,304.32,0.39,0.36,2026-08-11,2014,SNPP,SNPP,n,2.0NRT,283.6,1.5,N
22.20957,84.86221,304.71,0.39,0.36,2026-08-11,2014,SNPP,SNPP,n,2.0NRT,284.19,1.66,N
21.96887,85.31376,299,0.4,0.37,2026-08-11,2014,SNPP,SNPP,n,2.0NRT,278.57,0.61,N
21.92939,85.21943,299.69,0.4,0.37,2026-08-11,2014,SNPP,SNPP,n,2.0NRT,283.28,1.54,N
21.9254,85.22261,321.36,0.4,0.37,2026-08-11,2014,SNPP,SNPP,n,2.0NRT,284.15,2.73,N
21.80074,85.56535,300.14,0.41,0.37,2026-08-11,2014,SNPP,SNPP,n,2.0NRT,281.48,0.48,N
21.80238,82.03889,309.42,0.41,0.37,2026-08-11,2014,SNPP,SNPP,n,2.0NRT,286.82,1.02,N
28.65111,77.58927,306.15,0.53,0.5,2026-08-11,2014,SNPP,SNPP,n,2.0NRT,290.38,6.51,N
28.6487,77.58789,307.21,0.53,0.5,2026-08-11,2014,SNPP,SNPP,n,2.0NRT,290.5,5.8,N
28.34927,77.25589,306.44,0.55,0.51,2026-08-11,2014,SNPP,SNPP,n,2.0NRT,289.2,3.29,N
25.54239,91.23597,308.27,0.44,0.46,2026-08-11,2014,SNPP,SNPP,n,2.0NRT,287.89,1.11,N
26.75969,83.19914,312.73,0.41,0.37,2026-08-11,2014,SNPP,SNPP,n,2.0NRT,291.03,2.97,N
24.3549,93.26946,304.35,0.62,0.54,2026-08-11,2014,SNPP,SNPP,n,2.0NRT,289.06,0.72,N
25.03586,87.38855,313.95,0.43,0.38,2026-08-11,2014,SNPP,SNPP,n,2.0NRT,292.6,1.34,N
25.03476,87.37252,307.52,0.43,0.38,2026-08-11,2014,SNPP,SNPP,n,2.0NRT,292.23,0.98,N
24.1188,86.86226,307.85,0.42,0.38,2026-08-11,2014,SNPP,SNPP,n,2.0NRT,290.72,3.12,N
24.11607,86.85741,307.05,0.42,0.38,2026-08-11,2014,SNPP,SNPP,n,2.0NRT,290.83,2.08,N
24.11535,86.86154,313.02,0.42,0.38,2026-08-11,2014,SNPP,SNPP,n,2.0NRT,291.3,2.08,N
23.8033,86.32986,309.99,0.41,0.37,2026-08-11,2014,SNPP,SNPP,n,2.0NRT,283.47,1.34,N
23.79478,86.2345,306.62,0.41,0.37,2026-08-11,2014,SNPP,SNPP,n,2.0NRT,289.15,1.58,N
23.78123,86.21118,326.79,0.41,0.37,2026-08-11,2014,SNPP,SNPP,n,2.0NRT,290.48,3.42,N
23.77852,86.20654,308.56,0.41,0.37,2026-08-11,2014,SNPP,SNPP,n,2.0NRT,292.09,1.13,N
23.77784,86.21052,307.26,0.41,0.37,2026-08-11,2014,SNPP,SNPP,n,2.0NRT,288.9,1.13,N
23.77445,86.20985,308.54,0.41,0.37,2026-08-11,2014,SNPP,SNPP,n,2.0NRT,291,1.13,N
23.7731,86.19726,315.9,0.41,0.37,2026-08-11,2014,SNPP,SNPP,n,2.0NRT,290.85,2.38,N
23.68299,86.394,304.58,0.41,0.37,2026-08-11,2014,SNPP,SNPP,n,2.0NRT,282.9,0.83,N
23.67889,86.39733,301.55,0.41,0.37,2026-08-11,2014,SNPP,SNPP,n,2.0NRT,280.82,0.83,N
23.67658,86.39417,300.57,0.41,0.37,2026-08-11,2014,SNPP,SNPP,n,2.0NRT,280.55,1.2,N
23.6759,86.3982,309.38,0.41,0.37,2026-08-11,2014,SNPP,SNPP,n,2.0NRT,282.45,1.2,N
23.67521,86.40223,303.92,0.41,0.37,2026-08-11,2014,SNPP,SNPP,n,2.0NRT,280.73,1.61,N
23.75737,85.85403,315.63,0.4,0.37,2026-08-11,2014,SNPP,SNPP,n,2.0NRT,291.2,1.87,N
23.75401,85.85337,315.37,0.4,0.37,2026-08-11,2014,SNPP,SNPP,n,2.0NRT,290.59,1.87,N
23.48925,87.36892,304.39,0.45,0.39,2026-08-11,2014,SNPP,SNPP,n,2.0NRT,287.82,2.63,N
23.70697,86.07074,330.69,0.41,0.37,2026-08-11,2014,SNPP,SNPP,n,2.0NRT,288.41,6.82,N
23.7063,86.07467,310.76,0.41,0.37,2026-08-11,2014,SNPP,SNPP,n,2.0NRT,288.25,6.82,N
23.7036,86.07006,312.66,0.41,0.37,2026-08-11,2014,SNPP,SNPP,n,2.0NRT,286.71,6.82,N
23.70293,86.07401,307.24,0.41,0.37,2026-08-11,2014,SNPP,SNPP,n,2.0NRT,286.71,6.82,N
23.78698,85.55224,318.72,0.39,0.37,2026-08-11,2014,SNPP,SNPP,n,2.0NRT,288.19,1.93,N
23.78109,85.56696,310.23,0.39,0.37,2026-08-11,2014,SNPP,SNPP,n,2.0NRT,289.15,1.35,N
23.77981,85.57465,309.27,0.39,0.37,2026-08-11,2014,SNPP,SNPP,n,2.0NRT,289.81,2.52,N
23.68405,86.08242,327.32,0.41,0.37,2026-08-11,2014,SNPP,SNPP,n,2.0NRT,286.5,3.23,N
23.68203,86.09425,324.49,0.41,0.37,2026-08-11,2014,SNPP,SNPP,n,2.0NRT,284.05,3.39,N
23.68136,86.0982,302.28,0.41,0.37,2026-08-11,2014,SNPP,SNPP,n,2.0NRT,282.37,1.22,N
23.67662,86.08499,323.01,0.41,0.37,2026-08-11,2014,SNPP,SNPP,n,2.0NRT,286.71,2.78,N
23.67595,86.08894,305.32,0.41,0.37,2026-08-11,2014,SNPP,SNPP,n,2.0NRT,284.67,1.19,N
23.66853,86.09152,305.9,0.41,0.37,2026-08-11,2014,SNPP,SNPP,n,2.0NRT,284,0.88,N
23.74338,85.50407,303.06,0.39,0.36,2026-08-11,2014,SNPP,SNPP,n,2.0NRT,283.43,0.53,N
23.82754,84.57332,306.58,0.38,0.36,2026-08-11,2014,SNPP,SNPP,n,2.0NRT,280.53,0.88,N
23.82424,84.57269,322.48,0.38,0.36,2026-08-11,2014,SNPP,SNPP,n,2.0NRT,281.69,1.47,N
23.82094,84.57207,306.88,0.38,0.36,2026-08-11,2014,SNPP,SNPP,n,2.0NRT,280.72,1.47,N
23.64886,85.43839,329.68,0.39,0.36,2026-08-11,2014,SNPP,SNPP,n,2.0NRT,281.34,1.34,N
23.6495,85.43458,305,0.39,0.36,2026-08-11,2014,SNPP,SNPP,n,2.0NRT,283.27,1.34,N
23.64823,85.44222,304.68,0.39,0.36,2026-08-11,2014,SNPP,SNPP,n,2.0NRT,282.53,1.1,N
22.87343,86.06207,310.08,0.41,0.37,2026-08-11,2014,SNPP,SNPP,n,2.0NRT,280.28,1.32,N
22.81718,86.085,303.35,0.41,0.37,2026-08-11,2014,SNPP,SNPP,n,2.0NRT,283.4,0.52,N
22.79735,86.20081,302.57,0.42,0.37,2026-08-11,2014,SNPP,SNPP,n,2.0NRT,276.85,1.21,N
22.79597,86.20885,300.74,0.42,0.37,2026-08-11,2014,SNPP,SNPP,n,2.0NRT,274.47,0.59,N
10.61676,77.42188,305.01,0.49,0.4,2026-08-11,2017,SNPP,SNPP,n,2.0NRT,291.08,0.72,N
9.53687,77.45146,318.31,0.48,0.4,2026-08-11,2017,SNPP,SNPP,n,2.0NRT,290.55,3.07,N
9.52184,77.45166,305.29,0.48,0.4,2026-08-11,2017,SNPP,SNPP,n,2.0NRT,290.26,0.75,N
21.24532,81.77042,304.8,0.41,0.37,2026-08-11,2017,SNPP,SNPP,n,2.0NRT,287.12,0.82,N
17.95764,80.79329,312.94,0.41,0.37,2026-08-11,2017,SNPP,SNPP,n,2.0NRT,288.7,2.07,N
17.95707,80.7972,311.76,0.41,0.37,2026-08-11,2017,SNPP,SNPP,n,2.0NRT,290.83,2.07,N
17.46195,80.6544,308.67,0.42,0.37,2026-08-11,2017,SNPP,SNPP,n,2.0NRT,288.28,1.61,N
17.02991,81.78046,305.16,0.39,0.36,2026-08-11,2017,SNPP,SNPP,n,2.0NRT,283.9,0.7,N
15.17621,77.1011,309.63,0.39,0.44,2026-08-11,2017,SNPP,SNPP,n,2.0NRT,290.82,1.22,N
15.02405,78.01597,311.37,0.51,0.41,2026-08-11,2017,SNPP,SNPP,n,2.0NRT,292.13,1.89,N
10.93105,77.06483,305.29,0.52,0.41,2026-08-11,2017,SNPP,SNPP,n,2.0NRT,281.43,1.31,N
21.30995,81.5898,296.74,0.41,0.37,2026-08-11,2017,SNPP,SNPP,n,2.0NRT,276.97,1.06,N
13.39368,80.10179,304.89,0.41,0.37,2026-08-11,2019,SNPP,SNPP,n,2.0NRT,284.2,1,N
13.8981,76.56383,304.39,0.4,0.44,2026-08-11,2019,SNPP,SNPP,n,2.0NRT,289.5,0.73,N
12.74482,77.6194,297.44,0.51,0.41,2026-08-11,2019,SNPP,SNPP,n,2.0NRT,278.88,0.42,N
26.32264,87.24606,332.6,0.38,0.36,2026-08-12,0729,SNPP,SNPP,n,2.0NRT,296.22,2.36,D
21.74932,83.8451,334.46,0.55,0.43,2026-08-12,0729,SNPP,SNPP,n,2.0NRT,292.71,2.72,D
21.74449,83.84071,331,0.55,0.43,2026-08-12,0729,SNPP,SNPP,n,2.0NRT,293.85,5,D
23.66504,87.15353,337.81,0.39,0.36,2026-08-12,0729,SNPP,SNPP,l,2.0NRT,295.99,6.77,D
23.16594,82.33984,329.58,0.42,0.45,2026-08-12,0729,SNPP,SNPP,n,2.0NRT,287.56,3.73,D
9.03714,77.75275,343,0.52,0.67,2026-08-12,0905,SNPP,SNPP,n,2.0NRT,290.36,3.41,D
8.72601,77.55209,336.48,0.5,0.65,2026-08-12,0905,SNPP,SNPP,n,2.0NRT,282.7,5.69,D
8.72599,77.55264,335.39,0.5,0.65,2026-08-12,0905,SNPP,SNPP,n,2.0NRT,282.5,4.2,D
8.89707,77.86404,335.18,0.52,0.67,2026-08-12,0905,SNPP,SNPP,n,2.0NRT,292.34,7,D
8.90267,77.85844,353.95,0.52,0.67,2026-08-12,0905,SNPP,SNPP,n,2.0NRT,292.49,8.51,D
8.9007,77.85759,353.63,0.52,0.67,2026-08-12,0905,SNPP,SNPP,n,2.0NRT,292.7,7.56,D
9.07997,77.74262,336.58,0.52,0.66,2026-08-12,0905,SNPP,SNPP,n,2.0NRT,291.71,1.53,D
9.08511,77.74313,336.57,0.52,0.67,2026-08-12,0905,SNPP,SNPP,n,2.0NRT,291.66,3.19,D
9.39776,78.73965,354.56,0.61,0.71,2026-08-12,0905,SNPP,SNPP,n,2.0NRT,289.32,12.13,D
9.39539,78.73707,344.08,0.61,0.71,2026-08-12,0905,SNPP,SNPP,n,2.0NRT,289.38,4.63,D
9.40201,78.73626,338.73,0.61,0.71,2026-08-12,0905,SNPP,SNPP,n,2.0NRT,289.02,4.63,D
26.64153,79.47498,306.13,0.38,0.59,2026-08-12,1953,SNPP,SNPP,n,2.0NRT,284.86,1.03,N
27.60436,95.40337,306.69,0.56,0.43,2026-08-12,1953,SNPP,SNPP,n,2.0NRT,291.03,3.89,N
25.03583,87.3895,312.2,0.41,0.37,2026-08-12,1955,SNPP,SNPP,n,2.0NRT,289.33,3.04,N
24.20536,82.71243,303.22,0.45,0.47,2026-08-12,1955,SNPP,SNPP,n,2.0NRT,279.26,2.57,N
24.16736,82.62198,297.19,0.45,0.47,2026-08-12,1955,SNPP,SNPP,n,2.0NRT,274.84,0.77,N
22.35942,82.30392,302.34,0.45,0.47,2026-08-12,1955,SNPP,SNPP,n,2.0NRT,277.31,0.97,N
22.0304,83.36609,295.62,0.39,0.44,2026-08-12,1955,SNPP,SNPP,n,2.0NRT,269.92,0.61,N
22.00658,82.66907,298.55,0.42,0.45,2026-08-12,1955,SNPP,SNPP,n,2.0NRT,273.22,1.29,N
21.92072,83.35049,306.51,0.38,0.44,2026-08-12,1955,SNPP,SNPP,n,2.0NRT,265.65,1.14,N
21.37776,81.68217,305.45,0.48,0.48,2026-08-12,1955,SNPP,SNPP,n,2.0NRT,284.92,1.87,N
21.33618,78.96775,312.5,0.36,0.57,2026-08-12,1955,SNPP,SNPP,n,2.0NRT,274.2,1.17,N
21.24792,79.20891,303.12,0.34,0.56,2026-08-12,1955,SNPP,SNPP,n,2.0NRT,275.52,0.56,N
21.24658,79.22227,299.72,0.34,0.56,2026-08-12,1955,SNPP,SNPP,n,2.0NRT,275.96,0.52,N
21.24105,79.22495,300.81,0.34,0.56,2026-08-12,1955,SNPP,SNPP,n,2.0NRT,276.01,0.63,N
21.2409,79.22372,299.56,0.34,0.56,2026-08-12,1955,SNPP,SNPP,n,2.0NRT,275.54,0.42,N
10.92167,78.51196,310.24,0.56,0.51,2026-08-12,2000,SNPP,SNPP,n,2.0NRT,278.06,1.22,N
10.94384,76.3857,301.34,0.39,0.59,2026-08-12,2000,SNPP,SNPP,n,2.0NRT,271.92,0.58,N
10.94375,76.38715,297.97,0.39,0.59,2026-08-12,2000,SNPP,SNPP,n,2.0NRT,271.91,0.45,N
31.25882,76.92647,304.8,0.39,0.59,2026-08-12,2133,SNPP,SNPP,n,2.0NRT,288.82,0.61,N
26.64242,79.48309,313.16,0.7,0.75,2026-08-12,2133,SNPP,SNPP,n,2.0NRT,286.19,2.67,N
26.64256,79.48462,310.31,0.7,0.75,2026-08-12,2133,SNPP,SNPP,n,2.0NRT,286.31,2.46,N
23.73618,86.43395,332.8,0.45,0.47,2026-08-13,0707,SNPP,SNPP,n,2.0NRT,289.47,4.16,D
23.73811,86.43422,333.43,0.45,0.47,2026-08-13,0707,SNPP,SNPP,n,2.0NRT,289.49,5.16,D
23.77803,86.38847,329.59,0.45,0.47,2026-08-13,0707,SNPP,SNPP,n,2.0NRT,283.41,3.67,D
23.80264,86.33192,330.43,0.45,0.47,2026-08-13,0707,SNPP,SNPP,n,2.0NRT,281.98,4.15,D
27.75595,96.12046,342.54,0.49,0.41,2026-08-13,0709,SNPP,SNPP,n,2.0NRT,296.07,8.28,D
27.95328,94.17912,333.1,0.42,0.37,2026-08-13,0709,SNPP,SNPP,n,2.0NRT,296.61,4.81,D
28.2101,95.63686,331.73,0.48,0.4,2026-08-13,0709,SNPP,SNPP,n,2.0NRT,296.51,2.9,D
8.76691,77.69192,337.11,0.48,0.48,2026-08-13,0845,SNPP,SNPP,n,2.0NRT,296.64,2.92,D
9.47122,78.82121,336.94,0.59,0.53,2026-08-13,0845,SNPP,SNPP,n,2.0NRT,289.42,4.56,D
9.67933,78.15241,343.29,0.54,0.5,2026-08-13,0845,SNPP,SNPP,n,2.0NRT,298.39,7.88,D
10.16619,78.93098,335.29,0.61,0.54,2026-08-13,0845,SNPP,SNPP,n,2.0NRT,293.51,5.27,D
10.77735,79.65633,351.27,0.35,0.57,2026-08-13,0845,SNPP,SNPP,n,2.0NRT,292.13,5.45,D
11.04338,78.72183,330.37,0.61,0.53,2026-08-13,0845,SNPP,SNPP,n,2.0NRT,294.1,2.94,D
11.54044,79.12389,339.14,0.33,0.55,2026-08-13,0845,SNPP,SNPP,n,2.0NRT,278.6,2.58,D
23.75298,86.41855,298.67,0.51,0.5,2026-08-13,1936,SNPP,SNPP,n,2.0NRT,283.46,2.36,N
23.75365,86.41747,297.17,0.51,0.5,2026-08-13,1936,SNPP,SNPP,n,2.0NRT,282.94,1.44,N
23.74908,86.41685,296.97,0.51,0.5,2026-08-13,1936,SNPP,SNPP,n,2.0NRT,283.17,2.09,N
23.73823,86.43073,298.21,0.51,0.49,2026-08-13,1936,SNPP,SNPP,n,2.0NRT,282.81,2.09,N
22.06728,88.11946,323.97,0.39,0.44,2026-08-13,1938,SNPP,SNPP,n,2.0NRT,288.71,3.26,N
22.06327,88.11887,332.34,0.39,0.44,2026-08-13,1938,SNPP,SNPP,n,2.0NRT,289.18,4.92,N
22.06281,88.12262,305.38,0.39,0.44,2026-08-13,1938,SNPP,SNPP,n,2.0NRT,288.82,3.35,N
22.06258,88.11909,325.03,0.39,0.44,2026-08-13,1938,SNPP,SNPP,n,2.0NRT,288.7,4.17,N
25.94058,72.19393,304.94,0.45,0.39,2026-08-13,2116,SNPP,SNPP,n,2.0NRT,290.17,2.2,N
24.66126,74.63389,296.63,0.41,0.45,2026-08-13,2118,SNPP,SNPP,n,2.0NRT,272.55,0.71,N
12.98518,74.85353,303.49,0.35,0.57,2026-08-13,2121,SNPP,SNPP,n,2.0NRT,271.73,0.59,N
8.69729,77.84816,337.29,0.41,0.37,2026-08-14,0826,SNPP,SNPP,n,2.0NRT,299.86,1.51,D
8.76233,77.79604,339.05,0.41,0.37,2026-08-14,0826,SNPP,SNPP,n,2.0NRT,301.72,2.81,D
9.49049,78.61933,342.11,0.45,0.39,2026-08-14,0826,SNPP,SNPP,n,2.0NRT,301.52,6.35,D
9.41698,77.81709,344.56,0.42,0.37,2026-08-14,0826,SNPP,SNPP,n,2.0NRT,300.93,14.1,D
9.57666,78.31569,336.05,0.43,0.38,2026-08-14,0826,SNPP,SNPP,n,2.0NRT,300.88,5.44,D
9.57608,78.31172,335.35,0.43,0.38,2026-08-14,0826,SNPP,SNPP,n,2.0NRT,300.96,4.92,D
9.94017,78.72459,338.41,0.46,0.39,2026-08-14,0828,SNPP,SNPP,n,2.0NRT,298.15,3.47,D
9.94318,78.71989,337.56,0.46,0.39,2026-08-14,0828,SNPP,SNPP,n,2.0NRT,298.43,3.47,D
9.94619,78.71519,344.65,0.46,0.39,2026-08-14,0828,SNPP,SNPP,n,2.0NRT,298.15,4.78,D
10.16352,78.93459,335.38,0.47,0.4,2026-08-14,0828,SNPP,SNPP,n,2.0NRT,300.67,3.95,D
10.15349,78.50438,335.53,0.45,0.39,2026-08-14,0828,SNPP,SNPP,n,2.0NRT,298.72,3.96,D
10.6441,79.07843,342.53,0.48,0.4,2026-08-14,0828,SNPP,SNPP,n,2.0NRT,291.63,5.06,D
10.79085,77.71056,334.83,0.42,0.38,2026-08-14,0828,SNPP,SNPP,n,2.0NRT,293.83,0.61,D
11.10117,78.03844,330.35,0.44,0.38,2026-08-14,0828,SNPP,SNPP,n,2.0NRT,288.39,1.67,D
12.34427,76.94675,332.13,0.41,0.37,2026-08-14,0828,SNPP,SNPP,n,2.0NRT,290.9,2.02,D
12.92848,80.18225,340.81,0.39,0.44,2026-08-14,0828,SNPP,SNPP,n,2.0NRT,293.11,3.63,D
13.13813,79.96019,341.06,0.39,0.44,2026-08-14,0828,SNPP,SNPP,n,2.0NRT,290.79,4.8,D
13.85388,78.33376,336.45,0.48,0.4,2026-08-14,0828,SNPP,SNPP,n,2.0NRT,297.39,2.34,D
14.31833,77.41064,335.06,0.44,0.38,2026-08-14,0828,SNPP,SNPP,n,2.0NRT,290.17,2.89,D
14.32246,77.41421,338.61,0.44,0.38,2026-08-14,0828,SNPP,SNPP,n,2.0NRT,289.42,2.89,D
14.32188,77.41011,340.84,0.44,0.38,2026-08-14,0828,SNPP,SNPP,n,2.0NRT,290.02,2.89,D
14.3213,77.40604,340.06,0.44,0.38,2026-08-14,0828,SNPP,SNPP,n,2.0NRT,289.05,3.25,D
14.326,77.41369,338.16,0.44,0.38,2026-08-14,0828,SNPP,SNPP,n,2.0NRT,289.44,3.04,D
14.32542,77.40958,341,0.44,0.38,2026-08-14,0828,SNPP,SNPP,n,2.0NRT,289.59,3.04,D
14.32896,77.40906,346.67,0.44,0.38,2026-08-14,0828,SNPP,SNPP,n,2.0NRT,290.23,3.04,D
14.33251,77.40853,353.07,0.44,0.38,2026-08-14,0828,SNPP,SNPP,n,2.0NRT,291.88,7.7,D
14.33192,77.40444,336.96,0.44,0.38,2026-08-14,0828,SNPP,SNPP,n,2.0NRT,288.56,2.83,D
14.88612,77.45694,334.57,0.45,0.39,2026-08-14,0828,SNPP,SNPP,n,2.0NRT,292.58,4.17,D
15.17322,76.69418,335.93,0.42,0.38,2026-08-14,0828,SNPP,SNPP,n,2.0NRT,298.56,3.3,D
15.17222,76.66235,343.64,0.42,0.38,2026-08-14,0828,SNPP,SNPP,n,2.0NRT,298.9,4.86,D
15.16369,76.38303,334.16,0.41,0.37,2026-08-14,0828,SNPP,SNPP,n,2.0NRT,294.54,3.96,D
15.68431,80.11327,340.56,0.42,0.46,2026-08-14,0828,SNPP,SNPP,n,2.0NRT,298.04,3.22,D
15.74877,80.01529,346.84,0.42,0.45,2026-08-14,0828,SNPP,SNPP,n,2.0NRT,296.82,3.47,D
15.61406,78.3792,336.76,0.5,0.41,2026-08-14,0828,SNPP,SNPP,n,2.0NRT,296.62,12.98,D
15.84728,80.08014,334.29,0.42,0.46,2026-08-14,0828,SNPP,SNPP,n,2.0NRT,296.58,2.4,D
15.67526,78.37572,332.72,0.51,0.41,2026-08-14,0828,SNPP,SNPP,n,2.0NRT,294.49,5.6,D
18.68664,73.04058,336.58,0.39,0.36,2026-08-14,0830,SNPP,SNPP,n,2.0NRT,292.42,8.31,D
27.32576,95.27875,311.81,0.5,0.41,2026-08-14,1917,SNPP,SNPP,n,2.0NRT,291.58,4.34,N
27.03289,94.89212,314.82,0.52,0.41,2026-08-14,1917,SNPP,SNPP,n,2.0NRT,290.69,5.03,N
26.87868,73.51321,305.24,0.39,0.36,2026-08-14,2057,SNPP,SNPP,n,2.0NRT,287.87,0.84,N
26.87478,73.51643,304.98,0.39,0.36,2026-08-14,2057,SNPP,SNPP,n,2.0NRT,287.95,0.84,N
26.60479,73.68352,306.63,0.38,0.36,2026-08-14,2057,SNPP,SNPP,n,2.0NRT,290.8,1.07,N
25.94279,72.19247,324.59,0.4,0.37,2026-08-14,2057,SNPP,SNPP,n,2.0NRT,291.21,1.72,N
25.94164,72.19266,321.57,0.4,0.37,2026-08-14,2057,SNPP,SNPP,n,2.0NRT,291.08,1.49,N
23.31558,70.4867,303.46,0.43,0.38,2026-08-14,2057,SNPP,SNPP,n,2.0NRT,285.88,1.06,N
22.9329,69.70402,302.22,0.46,0.39,2026-08-14,2057,SNPP,SNPP,n,2.0NRT,284.65,0.96,N
22.3395,69.85548,304.65,0.45,0.39,2026-08-14,2059,SNPP,SNPP,n,2.0NRT,288.65,1.98,N
21.11126,72.64643,298.17,0.38,0.36,2026-08-14,2059,SNPP,SNPP,n,2.0NRT,286.11,1.51,N
21.10971,72.63481,316.45,0.38,0.36,2026-08-14,2059,SNPP,SNPP,n,2.0NRT,285.7,3.07,N
15.22752,76.76139,300.97,0.42,0.45,2026-08-14,2101,SNPP,SNPP,n,2.0NRT,278.55,0.8,N
15.22681,76.76525,301.71,0.42,0.45,2026-08-14,2101,SNPP,SNPP,n,2.0NRT,279.55,0.8,N
15.18296,76.66602,307.58,0.41,0.45,2026-08-14,2101,SNPP,SNPP,n,2.0NRT,269.21,2.09,N
15.18089,76.67749,298.56,0.41,0.45,2026-08-14,2101,SNPP,SNPP,n,2.0NRT,271.88,2.41,N
15.17404,76.69186,298.99,0.41,0.45,2026-08-14,2101,SNPP,SNPP,n,2.0NRT,270.74,0.7,N
13.74471,76.84552,299.46,0.45,0.47,2026-08-14,2101,SNPP,SNPP,n,2.0NRT,280.6,0.8,N
10.70914,79.85674,295.3,0.4,0.6,2026-08-14,2101,SNPP,SNPP,n,2.0NRT,283.98,4.8,N
27.60563,95.40367,328.54,0.41,0.45,2026-08-15,0631,SNPP,SNPP,n,2.0NRT,291.65,1.91,D
11.4172,79.66978,336.37,0.39,0.36,2026-08-15,0807,SNPP,SNPP,n,2.0NRT,289.86,2.76,D
12.37895,76.98724,330.87,0.45,0.39,2026-08-15,0807,SNPP,SNPP,n,2.0NRT,296.66,3.01,D
14.05112,79.77888,347.47,0.38,0.36,2026-08-15,0809,SNPP,SNPP,n,2.0NRT,300.54,7.99,D
14.47548,79.97254,338.98,0.39,0.36,2026-08-15,0809,SNPP,SNPP,n,2.0NRT,296.41,4.62,D
14.47881,79.97202,335.54,0.39,0.36,2026-08-15,0809,SNPP,SNPP,n,2.0NRT,294.9,3.59,D
14.66645,79.53525,334.11,0.38,0.36,2026-08-15,0809,SNPP,SNPP,n,2.0NRT,295.43,2.34,D
15.30614,78.18951,335.73,0.39,0.36,2026-08-15,0809,SNPP,SNPP,n,2.0NRT,288.89,4.07,D
15.10484,76.8101,338.38,0.43,0.38,2026-08-15,0809,SNPP,SNPP,n,2.0NRT,291.65,6.87,D
17.53543,79.50681,333.28,0.39,0.36,2026-08-15,0809,SNPP,SNPP,n,2.0NRT,294.2,4.85,D
18.66053,79.14503,331.03,0.39,0.36,2026-08-15,0809,SNPP,SNPP,n,2.0NRT,293.71,10.47,D
18.85886,72.92574,341.49,0.4,0.44,2026-08-15,0809,SNPP,SNPP,n,2.0NRT,288.26,6.55,D
22.36821,87.30191,330.19,0.37,0.58,2026-08-15,0811,SNPP,SNPP,n,2.0NRT,283.37,3.8,D
25.942,72.1899,307.92,0.43,0.46,2026-08-15,2040,SNPP,SNPP,n,2.0NRT,288.2,1.12,N
23.16633,82.3391,297.19,0.52,0.42,2026-08-15,2040,SNPP,SNPP,n,2.0NRT,265.95,1.77,N
21.10682,72.64341,316.57,0.54,0.42,2026-08-15,2040,SNPP,SNPP,n,2.0NRT,269.23,4.1,N
21.10614,72.64859,300.38,0.54,0.42,2026-08-15,2040,SNPP,SNPP,n,2.0NRT,265.29,1.51,N
18.68394,73.03215,310.27,0.48,0.4,2026-08-15,2042,SNPP,SNPP,n,2.0NRT,290.08,4.49,N
18.69004,73.0424,308.29,0.48,0.4,2026-08-15,2042,SNPP,SNPP,n,2.0NRT,288.23,4.35,N
18.68268,73.04128,305.74,0.48,0.4,2026-08-15,2042,SNPP,SNPP,n,2.0NRT,286.79,3.45,N
15.33481,76.28645,305.36,0.39,0.36,2026-08-15,2042,SNPP,SNPP,n,2.0NRT,286.38,0.97,N
15.17897,77.10359,302.38,0.4,0.37,2026-08-15,2042,SNPP,SNPP,n,2.0NRT,284.12,0.75,N
15.17622,77.09935,300.72,0.4,0.37,2026-08-15,2042,SNPP,SNPP,n,2.0NRT,283.57,1.14,N
15.02488,78.01537,305.29,0.42,0.38,2026-08-15,2042,SNPP,SNPP,n,2.0NRT,289.14,0.92,N
15.02144,78.01479,310.19,0.42,0.38,2026-08-15,2042,SNPP,SNPP,n,2.0NRT,289.18,0.92,N
14.37725,79.89831,304.74,0.52,0.41,2026-08-15,2042,SNPP,SNPP,n,2.0NRT,267.56,1.09,N
13.16287,80.28493,313.34,0.57,0.43,2026-08-15,2042,SNPP,SNPP,n,2.0NRT,290.47,5.01,N
13.15892,80.28419,338.12,0.57,0.43,2026-08-15,2042,SNPP,SNPP,n,2.0NRT,291.24,11.5,N
13.60553,76.79213,301.13,0.4,0.37,2026-08-15,2042,SNPP,SNPP,n,2.0NRT,286.81,0.41,N
12.28915,78.93369,299.95,0.49,0.4,2026-08-15,2042,SNPP,SNPP,n,2.0NRT,275.68,0.9,N
12.29187,78.93195,300.29,0.49,0.4,2026-08-15,2042,SNPP,SNPP,n,2.0NRT,275.58,0.84,N
12.23028,79.20409,303.61,0.51,0.41,2026-08-15,2042,SNPP,SNPP,n,2.0NRT,280.63,0.65,N
12.09803,78.35358,295.31,0.46,0.39,2026-08-15,2044,SNPP,SNPP,n,2.0NRT,267.92,0.7,N
11.8396,78.97262,306.04,0.5,0.41,2026-08-15,2044,SNPP,SNPP,n,2.0NRT,280.59,0.92,N
11.80888,77.9234,309.59,0.45,0.39,2026-08-15,2044,SNPP,SNPP,n,2.0NRT,270.04,1.75,N
11.81028,77.92094,296.33,0.45,0.39,2026-08-15,2044,SNPP,SNPP,n,2.0NRT,269.71,0.81,N
11.8096,77.92503,308.4,0.45,0.39,2026-08-15,2044,SNPP,SNPP,n,2.0NRT,269.92,0.81,N
11.21336,77.89606,304.47,0.45,0.39,2026-08-15,2044,SNPP,SNPP,n,2.0NRT,274.78,0.91,N
10.62393,79.12068,300.22,0.53,0.42,2026-08-15,2044,SNPP,SNPP,n,2.0NRT,272.74,1.55,N
10.62608,79.11906,310.41,0.53,0.42,2026-08-15,2044,SNPP,SNPP,n,2.0NRT,272.97,1.41,N
10.92917,77.06458,302.5,0.42,0.38,2026-08-15,2044,SNPP,SNPP,n,2.0NRT,277.82,0.54,N
10.61674,77.42191,296.05,0.44,0.38,2026-08-15,2044,SNPP,SNPP,n,2.0NRT,272.09,0.44,N
9.33741,78.60825,304.15,0.52,0.41,2026-08-15,2044,SNPP,SNPP,n,2.0NRT,277.2,1.12,N
8.76996,78.10783,335.8,0.55,0.51,2026-08-16,0750,SNPP,SNPP,n,2.0NRT,286.4,2.39,D
9.319,79.30539,337.47,0.45,0.47,2026-08-16,0750,SNPP,SNPP,n,2.0NRT,272.45,4.67,D
9.45867,77.61446,342.14,0.58,0.52,2026-08-16,0750,SNPP,SNPP,n,2.0NRT,296.88,5.97,D
9.45774,77.60921,339.95,0.58,0.52,2026-08-16,0750,SNPP,SNPP,n,2.0NRT,297.11,5.97,D
9.85307,77.88065,335.86,0.55,0.51,2026-08-16,0750,SNPP,SNPP,n,2.0NRT,297.51,1.64,D
9.85071,77.88331,332.78,0.55,0.51,2026-08-16,0750,SNPP,SNPP,n,2.0NRT,297.59,1.3,D
10.20671,78.83601,333.99,0.47,0.47,2026-08-16,0750,SNPP,SNPP,n,2.0NRT,298.64,3.96,D
10.53129,79.73779,332.24,0.4,0.44,2026-08-16,0750,SNPP,SNPP,n,2.0NRT,299.65,2.77,D
10.8337,79.31152,342.14,0.42,0.46,2026-08-16,0750,SNPP,SNPP,n,2.0NRT,300.7,4.59,D
10.85651,79.07156,335.25,0.44,0.46,2026-08-16,0750,SNPP,SNPP,n,2.0NRT,301.56,6.22,D
10.95975,78.94122,336.56,0.45,0.47,2026-08-16,0750,SNPP,SNPP,n,2.0NRT,298.68,2.66,D
11.08317,79.47999,338.97,0.41,0.45,2026-08-16,0750,SNPP,SNPP,n,2.0NRT,293.66,4.53,D
10.92125,78.4465,333.11,0.48,0.48,2026-08-16,0750,SNPP,SNPP,n,2.0NRT,300.93,3.75,D
11.40386,79.70392,332.63,0.39,0.44,2026-08-16,0750,SNPP,SNPP,n,2.0NRT,299.83,2.19,D
11.46932,79.35802,332.09,0.41,0.45,2026-08-16,0750,SNPP,SNPP,n,2.0NRT,299.45,2.64,D
11.92912,79.67993,340.8,0.39,0.44,2026-08-16,0750,SNPP,SNPP,n,2.0NRT,298.78,4.37,D
11.94788,79.04879,336.96,0.42,0.45,2026-08-16,0750,SNPP,SNPP,n,2.0NRT,299.72,4.56,D
12.03929,79.50043,339.7,0.4,0.44,2026-08-16,0750,SNPP,SNPP,n,2.0NRT,300.91,3.09,D
12.21654,79.85169,337.97,0.56,0.43,2026-08-16,0750,SNPP,SNPP,n,2.0NRT,299.27,3.2,D
12.43197,79.43339,339.44,0.39,0.44,2026-08-16,0750,SNPP,SNPP,n,2.0NRT,299.32,3.07,D
12.3682,78.99841,335.85,0.42,0.45,2026-08-16,0750,SNPP,SNPP,n,2.0NRT,301.54,6.01,D
12.32878,78.75077,349.65,0.44,0.46,2026-08-16,0750,SNPP,SNPP,n,2.0NRT,303.03,15.33,D
12.61864,80.07019,331.42,0.54,0.42,2026-08-16,0750,SNPP,SNPP,l,2.0NRT,301.49,3.24,D
14.06632,77.34638,337.35,0.5,0.49,2026-08-16,0750,SNPP,SNPP,n,2.0NRT,297.1,2.69,D
14.64689,79.2653,333.62,0.56,0.43,2026-08-16,0750,SNPP,SNPP,n,2.0NRT,287.95,3.94,D
14.56621,77.56371,345.18,0.48,0.48,2026-08-16,0750,SNPP,SNPP,n,2.0NRT,294.68,6.17,D
14.56593,77.56482,341.41,0.48,0.48,2026-08-16,0750,SNPP,SNPP,n,2.0NRT,294.23,4.13,D
16.85509,79.1368,330.97,0.53,0.42,2026-08-16,0752,SNPP,SNPP,n,2.0NRT,292.29,4.27,D
22.36782,87.30247,330.84,0.56,0.43,2026-08-16,0752,SNPP,SNPP,n,2.0NRT,285.54,2.37,D
22.37709,87.27881,332.37,0.56,0.43,2026-08-16,0752,SNPP,SNPP,n,2.0NRT,287.18,5.71,D
23.71242,86.45026,332.31,0.52,0.42,2026-08-16,0752,SNPP,SNPP,n,2.0NRT,289.61,2.04,D
23.80482,86.32938,336.19,0.52,0.41,2026-08-16,0752,SNPP,SNPP,n,2.0NRT,290.31,6.81,D
27.32376,71.15984,339.18,0.34,0.56,2026-08-16,0754,SNPP,SNPP,n,2.0NRT,297.48,2.66,D
27.4415,70.79316,337.65,0.35,0.57,2026-08-16,0754,SNPP,SNPP,n,2.0NRT,298.49,2.1,D
30.65555,74.16005,336.41,0.39,0.44,2026-08-16,0756,SNPP,SNPP,n,2.0NRT,296.81,3.35,D
27.30517,95.31655,299.58,0.6,0.71,2026-08-16,1838,SNPP,SNPP,n,2.0NRT,277.63,4.12,N
23.48163,87.36025,311.77,0.53,0.42,2026-08-16,2019,SNPP,SNPP,n,2.0NRT,278.91,3.31,N
27.32653,95.27569,303.59,0.44,0.62,2026-08-16,2019,SNPP,SNPP,n,2.0NRT,285.06,1.01,N
25.03796,87.39037,295.34,0.51,0.41,2026-08-16,2019,SNPP,SNPP,n,2.0NRT,268.71,0.3,N
23.68976,87.09792,297.24,0.51,0.41,2026-08-16,2019,SNPP,SNPP,n,2.0NRT,268.87,1.13,N
23.79461,86.35178,296.15,0.47,0.4,2026-08-16,2019,SNPP,SNPP,n,2.0NRT,261.93,1.21,N
23.79429,86.3544,296.66,0.47,0.4,2026-08-16,2019,SNPP,SNPP,n,2.0NRT,261.64,0.52,N
23.78065,86.34676,295.08,0.47,0.4,2026-08-16,2019,SNPP,SNPP,n,2.0NRT,264.35,1.23,N
23.78283,86.21016,296.19,0.46,0.39,2026-08-16,2019,SNPP,SNPP,n,2.0NRT,262.46,0.51,N
23.77923,86.20941,309.51,0.46,0.39,2026-08-16,2019,SNPP,SNPP,n,2.0NRT,262.94,1.72,N
23.82256,85.49575,302.8,0.43,0.38,2026-08-16,2019,SNPP,SNPP,n,2.0NRT,278.35,1.43,N
23.75901,85.8569,305.05,0.45,0.39,2026-08-16,2019,SNPP,SNPP,n,2.0NRT,279.7,1.26,N
23.75624,85.8518,310.63,0.45,0.39,2026-08-16,2019,SNPP,SNPP,n,2.0NRT,280.13,2.37,N
23.78699,85.55426,304.07,0.44,0.38,2026-08-16,2019,SNPP,SNPP,n,2.0NRT,278.48,0.73,N
23.68358,86.09312,304.62,0.46,0.39,2026-08-16,2019,SNPP,SNPP,n,2.0NRT,274.35,0.87,N
23.68162,86.0834,299.64,0.46,0.39,2026-08-16,2019,SNPP,SNPP,n,2.0NRT,273.67,0.92,N
23.68001,86.09234,303.11,0.46,0.39,2026-08-16,2019,SNPP,SNPP,n,2.0NRT,274.08,0.87,N
23.67724,86.0871,300.84,0.46,0.39,2026-08-16,2019,SNPP,SNPP,n,2.0NRT,273.71,1.11,N
23.63231,86.29353,300.99,0.47,0.4,2026-08-16,2019,SNPP,SNPP,n,2.0NRT,267.55,0.74,N
23.74492,85.50591,299.47,0.44,0.38,2026-08-16,2019,SNPP,SNPP,n,2.0NRT,273.56,0.43,N
23.71088,85.28767,300.01,0.43,0.38,2026-08-16,2019,SNPP,SNPP,n,2.0NRT,274.78,0.41,N
23.69622,85.37119,303.45,0.43,0.38,2026-08-16,2019,SNPP,SNPP,n,2.0NRT,276.34,1.19,N
23.82388,84.57319,307.11,0.41,0.37,2026-08-16,2019,SNPP,SNPP,n,2.0NRT,273.38,1.28,N
23.69631,85.28904,300.29,0.43,0.38,2026-08-16,2019,SNPP,SNPP,n,2.0NRT,274.73,0.64,N
23.73841,85.00768,303.12,0.42,0.38,2026-08-16,2019,SNPP,SNPP,n,2.0NRT,278.09,0.87,N
23.64884,85.43541,304.07,0.43,0.38,2026-08-16,2019,SNPP,SNPP,n,2.0NRT,274.32,1.39,N
23.64809,85.43964,318.07,0.43,0.38,2026-08-16,2019,SNPP,SNPP,n,2.0NRT,273.03,2.02,N
23.72058,85.00829,302.03,0.42,0.38,2026-08-16,2019,SNPP,SNPP,n,2.0NRT,274.47,0.44,N
17.06268,76.97933,304.44,0.51,0.41,2026-08-16,2021,SNPP,SNPP,n,2.0NRT,290.34,1.23,N
16.13906,78.94816,306.38,0.41,0.37,2026-08-16,2021,SNPP,SNPP,n,2.0NRT,289.05,1.16,N
16.48338,79.32732,301.16,0.4,0.37,2026-08-16,2021,SNPP,SNPP,n,2.0NRT,283.73,2.43,N
16.80935,79.91482,306.66,0.39,0.36,2026-08-16,2021,SNPP,SNPP,n,2.0NRT,291.22,2.22,N
11.00697,78.65388,301.05,0.39,0.36,2026-08-16,2023,SNPP,SNPP,n,2.0NRT,275.21,0.34,N
10.36054,77.14954,307.66,0.43,0.38,2026-08-16,2023,SNPP,SNPP,n,2.0NRT,278.32,0.97,N
10.36002,77.15292,305.9,0.43,0.38,2026-08-16,2023,SNPP,SNPP,n,2.0NRT,278.2,0.97,N
10.35705,77.14909,300.2,0.43,0.38,2026-08-16,2023,SNPP,SNPP,n,2.0NRT,277.8,0.97,N
10.35654,77.1524,312.75,0.43,0.38,2026-08-16,2023,SNPP,SNPP,n,2.0NRT,278.28,0.97,N
10.35551,77.15921,298.6,0.43,0.38,2026-08-16,2023,SNPP,SNPP,n,2.0NRT,279.64,0.65,N
15.17785,76.67564,304.74,0.5,0.41,2026-08-16,2023,SNPP,SNPP,n,2.0NRT,273.98,1.32,N
11.81462,77.91779,306.86,0.41,0.37,2026-08-16,2023,SNPP,SNPP,n,2.0NRT,284.95,1.68,N
15.17421,77.10181,298.95,0.48,0.4,2026-08-16,2023,SNPP,SNPP,n,2.0NRT,274.65,0.59,N
15.16656,76.67412,295.92,0.5,0.41,2026-08-16,2023,SNPP,SNPP,n,2.0NRT,271.83,0.52,N
15.17668,76.65643,313.84,0.5,0.41,2026-08-16,2023,SNPP,SNPP,n,2.0NRT,279.49,2.73,N
11.17648,79.08794,299.38,0.39,0.36,2026-08-16,2023,SNPP,SNPP,n,2.0NRT,272.57,0.41,N
15.22664,76.76346,300.09,0.5,0.41,2026-08-16,2023,SNPP,SNPP,n,2.0NRT,278.08,0.82,N
15.17787,77.10235,298.51,0.48,0.4,2026-08-16,2023,SNPP,SNPP,n,2.0NRT,273.99,0.59,N
15.1829,76.66685,316.76,0.5,0.41,2026-08-16,2023,SNPP,SNPP,n,2.0NRT,274.66,1.96,N
15.65948,73.98701,305.13,0.49,0.49,2026-08-16,2023,SNPP,SNPP,n,2.0NRT,288.56,1.31,N
9.42494,77.81399,332.66,0.58,0.7,2026-08-17,0729,SNPP,SNPP,n,2.0NRT,287.59,5.99,D
9.75952,78.60124,343.8,0.51,0.66,2026-08-17,0729,SNPP,SNPP,n,2.0NRT,290.07,8.81,D
9.75891,78.5976,337.94,0.51,0.66,2026-08-17,0729,SNPP,SNPP,n,2.0NRT,290.03,6.91,D
29.80713,73.34641,332.94,0.42,0.61,2026-08-17,0735,SNPP,SNPP,n,2.0NRT,293.62,2.66,D
9.88751,77.86655,338.98,0.69,0.74,2026-08-17,0909,SNPP,SNPP,n,2.0NRT,289.24,7.76,D
9.88916,77.87049,337.09,0.69,0.74,2026-08-17,0909,SNPP,SNPP,n,2.0NRT,288.9,3.89,D
23.50567,69.26427,330.78,0.55,0.51,2026-08-17,0915,SNPP,SNPP,n,2.0NRT,292.07,3.46,D
23.50516,69.26018,330.24,0.55,0.51,2026-08-17,0915,SNPP,SNPP,n,2.0NRT,290.98,3.6,D
21.1071,72.64555,308.27,0.71,0.75,2026-08-17,2002,SNPP,SNPP,n,2.0NRT,282.02,3.43,N
21.10202,72.64528,306.41,0.71,0.75,2026-08-17,2002,SNPP,SNPP,n,2.0NRT,282.12,2.69,N
17.60875,83.20546,305.86,0.44,0.38,2026-08-17,2004,SNPP,SNPP,n,2.0NRT,270.46,0.78,N
17.60581,83.20076,298.13,0.44,0.38,2026-08-17,2004,SNPP,SNPP,n,2.0NRT,269.84,1.01,N
10.92123,78.14713,310.07,0.46,0.47,2026-08-17,2006,SNPP,SNPP,n,2.0NRT,290.63,1.49,N
10.36333,77.14931,310.09,0.53,0.5,2026-08-17,2006,SNPP,SNPP,n,2.0NRT,288.41,0.99,N
10.35866,77.14888,302.98,0.53,0.5,2026-08-17,2006,SNPP,SNPP,n,2.0NRT,287.41,0.99,N
8.67061,77.99346,308.12,0.44,0.46,2026-08-17,2006,SNPP,SNPP,n,2.0NRT,292.31,1.29,N
10.91686,78.14649,306.58,0.46,0.47,2026-08-17,2006,SNPP,SNPP,n,2.0NRT,289.32,1.49,N
10.36181,77.14661,304.57,0.53,0.5,2026-08-17,2006,SNPP,SNPP,n,2.0NRT,287.55,1.65,N
10.36136,77.14999,309.71,0.53,0.5,2026-08-17,2006,SNPP,SNPP,n,2.0NRT,288.08,1.65,N
11.66789,78.67705,356.8,0.4,0.6,2026-08-18,0852,SNPP,SNPP,l,2.0NRT,286.88,25.85,D
8.99168,77.85832,335.44,0.32,0.55,2026-08-18,0852,SNPP,SNPP,n,2.0NRT,301.12,0.67,D
8.61775,77.96022,334.7,0.32,0.55,2026-08-18,0852,SNPP,SNPP,n,2.0NRT,300.56,1.25,D
8.96803,78.03201,342.35,0.33,0.55,2026-08-18,0852,SNPP,SNPP,n,2.0NRT,302.05,6.52,D
9.02396,78.0217,339.33,0.33,0.55,2026-08-18,0852,SNPP,SNPP,n,2.0NRT,301.52,5.37,D
9.08152,78.16898,337.52,0.34,0.56,2026-08-18,0852,SNPP,SNPP,n,2.0NRT,299.57,0.54,D
9.31616,78.82542,347.61,0.38,0.58,2026-08-18,0852,SNPP,SNPP,n,2.0NRT,296.54,2.23,D
9.32526,77.54498,331.97,0.61,0.54,2026-08-18,0852,SNPP,SNPP,n,2.0NRT,300.07,2.5,D
9.31592,77.47726,344.24,0.61,0.53,2026-08-18,0852,SNPP,SNPP,n,2.0NRT,301.44,13.56,D
9.32631,77.54832,337.57,0.62,0.54,2026-08-18,0852,SNPP,SNPP,n,2.0NRT,300.39,3.32,D
9.31747,77.48039,343.13,0.61,0.53,2026-08-18,0852,SNPP,SNPP,n,2.0NRT,300.83,13.78,D
8.88123,77.79373,331.3,0.63,0.54,2026-08-18,0852,SNPP,SNPP,n,2.0NRT,299.67,2.78,D
9.3803,77.76629,347.32,0.32,0.54,2026-08-18,0852,SNPP,SNPP,n,2.0NRT,303.89,7.4,D
9.57292,78.26406,340.68,0.35,0.56,2026-08-18,0852,SNPP,SNPP,n,2.0NRT,301.01,1.93,D
10.02321,79.23365,330.52,0.41,0.61,2026-08-18,0852,SNPP,SNPP,n,2.0NRT,289.62,2.57,D
9.98813,77.85934,333.85,0.33,0.55,2026-08-18,0852,SNPP,SNPP,n,2.0NRT,299.78,1.89,D
9.97747,77.62643,333.17,0.64,0.54,2026-08-18,0852,SNPP,SNPP,n,2.0NRT,296.86,1.96,D
9.97656,77.62728,344.36,0.32,0.54,2026-08-18,0852,SNPP,SNPP,n,2.0NRT,296.89,2.57,D
10.01453,77.60332,335.04,0.63,0.54,2026-08-18,0852,SNPP,SNPP,n,2.0NRT,296.38,3.89,D
10.08427,77.70177,367,0.32,0.55,2026-08-18,0852,SNPP,SNPP,h,2.0NRT,295.49,5.9,D
8.9135,77.99487,340.4,0.33,0.55,2026-08-18,0852,SNPP,SNPP,n,2.0NRT,301.01,2.98,D
8.91391,77.99789,341.03,0.33,0.55,2026-08-18,0852,SNPP,SNPP,n,2.0NRT,301.42,4.37,D
10.08387,77.69878,342.31,0.32,0.55,2026-08-18,0852,SNPP,SNPP,n,2.0NRT,295.81,2.46,D
10.08721,77.70203,347.07,0.32,0.55,2026-08-18,0852,SNPP,SNPP,n,2.0NRT,294.59,4.08,D
10.08683,77.69904,354.14,0.32,0.55,2026-08-18,0852,SNPP,SNPP,n,2.0NRT,294.99,4.08,D
10.58747,78.2113,332.8,0.36,0.57,2026-08-18,0852,SNPP,SNPP,n,2.0NRT,298.46,2.74,D
10.90674,78.5377,342.06,0.38,0.59,2026-08-18,0852,SNPP,SNPP,n,2.0NRT,292.74,2.85,D
11.14147,78.58251,367,0.38,0.59,2026-08-18,0852,SNPP,SNPP,h,2.0NRT,290.57,5.09,D
11.14694,78.58183,334.73,0.38,0.59,2026-08-18,0852,SNPP,SNPP,n,2.0NRT,289.91,5.09,D
11.14221,78.58167,367,0.38,0.59,2026-08-18,0852,SNPP,SNPP,h,2.0NRT,291.46,9.24,D
11.66242,78.67835,367,0.4,0.6,2026-08-18,0852,SNPP,SNPP,h,2.0NRT,295.2,25.85,D
11.66187,78.67394,353.32,0.4,0.6,2026-08-18,0852,SNPP,SNPP,n,2.0NRT,288.24,25.85,D
8.92865,77.50169,342.66,0.6,0.53,2026-08-18,0852,SNPP,SNPP,n,2.0NRT,296.3,9.79,D
11.70775,78.76962,340.29,0.4,0.6,2026-08-18,0852,SNPP,SNPP,n,2.0NRT,288.77,5.77,D
11.70585,78.76863,334.85,0.4,0.6,2026-08-18,0852,SNPP,SNPP,n,2.0NRT,287.81,3.09,D
11.72489,78.6914,350.81,0.4,0.6,2026-08-18,0852,SNPP,SNPP,n,2.0NRT,283.05,9.96,D
8.92939,77.50723,341.8,0.6,0.53,2026-08-18,0852,SNPP,SNPP,n,2.0NRT,296.25,13.39,D
14.07884,77.73779,334.27,0.37,0.58,2026-08-18,0854,SNPP,SNPP,n,2.0NRT,290.17,4.91,D
14.46883,78.26192,338.86,0.4,0.6,2026-08-18,0854,SNPP,SNPP,n,2.0NRT,274.94,5.25,D
14.46839,78.25809,336.52,0.4,0.6,2026-08-18,0854,SNPP,SNPP,n,2.0NRT,275.26,4.39,D
14.474,78.25748,335.97,0.4,0.6,2026-08-18,0854,SNPP,SNPP,n,2.0NRT,275.75,4.46,D
13.98488,77.39144,332.67,0.35,0.57,2026-08-18,0854,SNPP,SNPP,n,2.0NRT,287.86,0.93,D
22.03904,69.47427,337.49,0.45,0.39,2026-08-18,0856,SNPP,SNPP,n,2.0NRT,296.43,3.92,D
27.22178,95.34567,308.29,0.41,0.37,2026-08-18,1942,SNPP,SNPP,n,2.0NRT,290.9,1.41,N
27.5312,77.66014,312.08,0.78,0.78,2026-08-18,1942,SNPP,SNPP,n,2.0NRT,282.5,2.9,N
27.53036,77.65813,311.81,0.78,0.78,2026-08-18,1942,SNPP,SNPP,n,2.0NRT,282.43,2.76,N
27.00237,82.48734,295.81,0.39,0.59,2026-08-18,1942,SNPP,SNPP,n,2.0NRT,285.39,2.13,N
27.46271,95.47729,305.07,0.42,0.37,2026-08-18,1942,SNPP,SNPP,n,2.0NRT,290.42,1.18,N
27.46869,95.42249,306.92,0.41,0.37,2026-08-18,1942,SNPP,SNPP,n,2.0NRT,290.83,1.03,N
27.37571,95.08824,308.04,0.41,0.37,2026-08-18,1942,SNPP,SNPP,n,2.0NRT,290.82,1.65,N
27.32538,95.27692,311.7,0.41,0.37,2026-08-18,1942,SNPP,SNPP,n,2.0NRT,291.21,1.59,N
27.31664,95.26646,308.57,0.41,0.37,2026-08-18,1942,SNPP,SNPP,n,2.0NRT,290.63,1.42,N
10.48713,79.31767,311.88,0.4,0.6,2026-08-18,1947,SNPP,SNPP,n,2.0NRT,287.65,2.41,N
10.48666,79.32134,317.51,0.4,0.6,2026-08-18,1947,SNPP,SNPP,n,2.0NRT,287.78,1.88,N
9.31313,77.44205,313.02,0.51,0.66,2026-08-18,1949,SNPP,SNPP,n,2.0NRT,288.76,1.7,N
26.25886,74.09746,302.57,0.44,0.46,2026-08-18,2125,SNPP,SNPP,n,2.0NRT,284.31,0.44,N
20.95116,86.04971,330.14,0.42,0.61,2026-08-19,0657,SNPP,SNPP,n,2.0NRT,287.21,4.92,D
8.71631,77.94712,343.37,0.48,0.4,2026-08-19,0835,SNPP,SNPP,n,2.0NRT,306.07,10.01,D
8.71568,77.94273,351.14,0.48,0.4,2026-08-19,0835,SNPP,SNPP,n,2.0NRT,305.18,5.73,D
8.71938,77.94218,345.04,0.48,0.4,2026-08-19,0835,SNPP,SNPP,n,2.0NRT,305.13,5.73,D
8.74087,77.59978,336.15,0.46,0.39,2026-08-19,0835,SNPP,SNPP,n,2.0NRT,302.15,5.47,D
8.83535,77.7394,337.15,0.47,0.4,2026-08-19,0835,SNPP,SNPP,n,2.0NRT,302.31,3.06,D
8.91504,78.00077,342.35,0.49,0.4,2026-08-19,0835,SNPP,SNPP,n,2.0NRT,304.47,11,D
8.89924,77.86769,340.38,0.48,0.4,2026-08-19,0835,SNPP,SNPP,n,2.0NRT,301.81,7.97,D
8.89859,77.86332,350.18,0.48,0.4,2026-08-19,0835,SNPP,SNPP,n,2.0NRT,302.22,9.44,D
8.90104,77.86399,348.91,0.48,0.4,2026-08-19,0835,SNPP,SNPP,n,2.0NRT,303.75,6.75,D
8.90042,77.8596,351.01,0.48,0.4,2026-08-19,0835,SNPP,SNPP,n,2.0NRT,304.5,6.75,D
8.8998,77.85522,341.75,0.48,0.4,2026-08-19,0835,SNPP,SNPP,n,2.0NRT,304.64,7.59,D
8.90474,77.86346,341.44,0.48,0.4,2026-08-19,0835,SNPP,SNPP,n,2.0NRT,305.68,9.84,D
8.9035,77.85469,348.35,0.48,0.4,2026-08-19,0835,SNPP,SNPP,n,2.0NRT,304.9,15.94,D
8.90412,77.85908,356.97,0.48,0.4,2026-08-19,0835,SNPP,SNPP,l,2.0NRT,305.53,9.84,D
8.90038,77.80621,349.37,0.48,0.4,2026-08-19,0835,SNPP,SNPP,n,2.0NRT,303.92,8.58,D
8.90469,77.81,354.05,0.48,0.4,2026-08-19,0835,SNPP,SNPP,n,2.0NRT,304.26,7.93,D
8.90407,77.80566,349.6,0.48,0.4,2026-08-19,0835,SNPP,SNPP,n,2.0NRT,303.82,7.93,D
8.90883,77.7077,336.15,0.47,0.4,2026-08-19,0835,SNPP,SNPP,n,2.0NRT,303.21,2.39,D
8.97893,77.73409,343.11,0.47,0.4,2026-08-19,0835,SNPP,SNPP,n,2.0NRT,303.8,6.63,D
9.03169,77.76192,344,0.48,0.4,2026-08-19,0835,SNPP,SNPP,n,2.0NRT,305.97,11.65,D
9.03106,77.75757,345.88,0.48,0.4,2026-08-19,0835,SNPP,SNPP,n,2.0NRT,306.08,9.32,D
9.03537,77.76139,345.75,0.48,0.4,2026-08-19,0835,SNPP,SNPP,n,2.0NRT,305.95,9.87,D
9.03474,77.75704,350.59,0.48,0.4,2026-08-19,0835,SNPP,SNPP,n,2.0NRT,305.75,11.46,D
9.13059,77.62038,339.34,0.47,0.4,2026-08-19,0835,SNPP,SNPP,n,2.0NRT,298.57,2.56,D
9.36352,78.6637,341.86,0.54,0.42,2026-08-19,0835,SNPP,SNPP,n,2.0NRT,300.46,4.18,D
9.38257,78.68613,338.68,0.54,0.42,2026-08-19,0835,SNPP,SNPP,n,2.0NRT,300.46,6.44,D
9.45543,78.69313,337.51,0.54,0.42,2026-08-19,0835,SNPP,SNPP,n,2.0NRT,299.76,5.02,D
9.51772,78.22963,337.42,0.51,0.41,2026-08-19,0835,SNPP,SNPP,n,2.0NRT,298.46,2.82,D
9.52219,78.23375,336.27,0.51,0.41,2026-08-19,0835,SNPP,SNPP,n,2.0NRT,297.65,2.82,D
9.52153,78.22908,341.77,0.51,0.41,2026-08-19,0835,SNPP,SNPP,n,2.0NRT,297.44,2.82,D
9.52467,78.22387,342.78,0.51,0.41,2026-08-19,0835,SNPP,SNPP,n,2.0NRT,298.01,5.7,D
9.57684,78.31702,340.72,0.52,0.41,2026-08-19,0835,SNPP,SNPP,n,2.0NRT,301.62,10.51,D
10.75007,78.63698,339.53,0.56,0.43,2026-08-19,0835,SNPP,SNPP,n,2.0NRT,301.41,9.85,D
10.93714,78.49078,341.28,0.55,0.43,2026-08-19,0835,SNPP,SNPP,n,2.0NRT,300.71,8.01,D
10.95679,78.40086,335.84,0.54,0.42,2026-08-19,0835,SNPP,SNPP,n,2.0NRT,300.64,6.15,D
11.14616,76.89647,336.2,0.46,0.39,2026-08-19,0835,SNPP,SNPP,n,2.0NRT,294.92,4.96,D
11.14976,76.89596,331.53,0.46,0.39,2026-08-19,0835,SNPP,SNPP,n,2.0NRT,297.02,4.96,D
15.17723,76.65598,337.58,0.49,0.4,2026-08-19,0835,SNPP,SNPP,n,2.0NRT,294.67,6.24,D
18.67997,73.0383,335.52,0.39,0.36,2026-08-19,0835,SNPP,SNPP,n,2.0NRT,295.19,3.89,D
10.03752,78.66753,330.97,0.55,0.43,2026-08-19,0835,SNPP,SNPP,n,2.0NRT,295.48,2.84,D
8.60867,77.97512,338.07,0.48,0.4,2026-08-19,0835,SNPP,SNPP,n,2.0NRT,301.3,4.86,D
8.63544,78.02991,333.63,0.49,0.4,2026-08-19,0835,SNPP,SNPP,n,2.0NRT,299.02,3.21,D
8.64359,77.90287,342.47,0.48,0.4,2026-08-19,0835,SNPP,SNPP,n,2.0NRT,303.55,12.23,D
8.64296,77.89849,349.3,0.48,0.4,2026-08-19,0835,SNPP,SNPP,n,2.0NRT,303.38,8.57,D
21.1031,72.63488,331.79,0.39,0.36,2026-08-19,0835,SNPP,SNPP,n,2.0NRT,289.06,1.57,D
26.3985,71.93286,338.78,0.41,0.37,2026-08-19,0837,SNPP,SNPP,n,2.0NRT,307.98,4.5,D
29.90848,74.94983,333.01,0.39,0.44,2026-08-19,0839,SNPP,SNPP,n,2.0NRT,295.88,3.03,D
27.32527,95.27496,309.52,0.43,0.38,2026-08-19,1921,SNPP,SNPP,n,2.0NRT,290.12,2.05,N
27.22185,95.34703,307.97,0.43,0.38,2026-08-19,1921,SNPP,SNPP,n,2.0NRT,290.42,3.23,N
20.99886,86.01447,307,0.4,0.6,2026-08-19,1923,SNPP,SNPP,n,2.0NRT,287.07,0.94,N
23.69443,87.0937,307.52,0.37,0.58,2026-08-19,1923,SNPP,SNPP,n,2.0NRT,285.64,1.73,N
23.69341,87.10468,302.52,0.37,0.58,2026-08-19,1923,SNPP,SNPP,n,2.0NRT,285.04,1.21,N
23.69172,87.12292,310.51,0.37,0.58,2026-08-19,1923,SNPP,SNPP,n,2.0NRT,284.78,2.18,N
23.68871,87.09673,302.28,0.37,0.58,2026-08-19,1923,SNPP,SNPP,n,2.0NRT,285.59,1.73,N
23.68837,87.1004,302.69,0.37,0.58,2026-08-19,1923,SNPP,SNPP,n,2.0NRT,283.48,1.21,N
23.56234,87.08282,301.66,0.37,0.58,2026-08-19,1923,SNPP,SNPP,n,2.0NRT,277.02,1.05,N
23.56008,87.08398,298.21,0.37,0.58,2026-08-19,1923,SNPP,SNPP,n,2.0NRT,276.82,0.72,N
22.79074,86.20767,307.3,0.41,0.61,2026-08-19,1923,SNPP,SNPP,n,2.0NRT,285.79,1.58,N
22.58936,85.90438,305.62,0.43,0.62,2026-08-19,1923,SNPP,SNPP,n,2.0NRT,287.33,1.15,N
22.61078,85.91381,303.74,0.43,0.62,2026-08-19,1923,SNPP,SNPP,n,2.0NRT,286.77,0.49,N
22.57185,85.89693,310.32,0.43,0.62,2026-08-19,1923,SNPP,SNPP,n,2.0NRT,287.17,1.56,N
22.36426,87.01864,317.31,0.36,0.57,2026-08-19,1923,SNPP,SNPP,n,2.0NRT,288,1.23,N
20.99923,86.01053,307.18,0.4,0.6,2026-08-19,1923,SNPP,SNPP,n,2.0NRT,286.89,1.12,N
21.00053,86.01202,309.94,0.4,0.6,2026-08-19,1923,SNPP,SNPP,n,2.0NRT,287.39,1.62,N
21.07718,85.03671,307.33,0.47,0.64,2026-08-19,1923,SNPP,SNPP,n,2.0NRT,285.01,2.6,N
21.07631,85.046,304.51,0.47,0.64,2026-08-19,1923,SNPP,SNPP,n,2.0NRT,284.84,1.01,N
20.95201,86.04612,322.73,0.4,0.6,2026-08-19,1923,SNPP,SNPP,n,2.0NRT,287.32,3.94,N
20.95163,86.04997,306.94,0.4,0.6,2026-08-19,1923,SNPP,SNPP,n,2.0NRT,286.95,1.2,N
20.94607,86.04922,305.35,0.4,0.6,2026-08-19,1923,SNPP,SNPP,n,2.0NRT,287.13,1.2,N
20.97523,85.17226,303.35,0.46,0.63,2026-08-19,1923,SNPP,SNPP,n,2.0NRT,285.27,1.5,N
20.96893,85.17625,315.76,0.46,0.63,2026-08-19,1923,SNPP,SNPP,n,2.0NRT,285.58,1.5,N
25.54247,91.23459,305.72,0.43,0.46,2026-08-19,1923,SNPP,SNPP,n,2.0NRT,280.72,1.51,N
20.97085,85.18008,306.86,0.46,0.63,2026-08-19,1925,SNPP,SNPP,n,2.0NRT,285.19,1.2,N
20.96581,85.17046,312.59,0.46,0.63,2026-08-19,1925,SNPP,SNPP,n,2.0NRT,285.52,3.26,N
20.96412,85.1883,308.22,0.45,0.63,2026-08-19,1925,SNPP,SNPP,n,2.0NRT,285.69,2.18,N
20.80461,85.25742,307.64,0.45,0.63,2026-08-19,1925,SNPP,SNPP,n,2.0NRT,285.28,1.98,N
20.96539,85.175,308.01,0.46,0.63,2026-08-19,1925,SNPP,SNPP,n,2.0NRT,285.56,2.73,N
20.97128,85.17556,307.44,0.46,0.63,2026-08-19,1925,SNPP,SNPP,n,2.0NRT,285.47,1.2,N
31.24975,76.93059,298.28,0.45,0.39,2026-08-19,2101,SNPP,SNPP,n,2.0NRT,276.07,0.32,N
31.25838,76.92349,296.85,0.45,0.39,2026-08-19,2101,SNPP,SNPP,n,2.0NRT,278.55,0.41,N
22.87589,86.06185,306.21,0.71,0.75,2026-08-19,2104,SNPP,SNPP,n,2.0NRT,284.44,1.9,N
29.12563,75.77744,307.57,0.43,0.38,2026-08-19,2104,SNPP,SNPP,n,2.0NRT,292.72,2.07,N
26.87778,73.51348,301.9,0.39,0.36,2026-08-19,2104,SNPP,SNPP,n,2.0NRT,287.87,1.56,N
26.87381,73.5167,308.59,0.39,0.36,2026-08-19,2104,SNPP,SNPP,n,2.0NRT,293.46,2.95,N
23.69837,87.09444,296.23,0.78,0.78,2026-08-19,2104,SNPP,SNPP,n,2.0NRT,273.35,2.73,N
23.69582,87.09637,297.9,0.78,0.78,2026-08-19,2104,SNPP,SNPP,n,2.0NRT,273.75,2.39,N
23.76052,86.40015,302.24,0.71,0.75,2026-08-19,2104,SNPP,SNPP,n,2.0NRT,274.57,4.7,N
23.68212,86.39163,300.13,0.71,0.75,2026-08-19,2104,SNPP,SNPP,n,2.0NRT,272.32,2.84,N
23.68032,86.39847,297.79,0.71,0.75,2026-08-19,2104,SNPP,SNPP,n,2.0NRT,271.76,3.34,N
24.14009,82.70357,300.69,0.42,0.61,2026-08-19,2104,SNPP,SNPP,n,2.0NRT,285.61,0.72,N
26.25635,74.09737,308.4,0.4,0.37,2026-08-19,2104,SNPP,SNPP,n,2.0NRT,293.69,0.62,N
25.94172,72.19282,315.34,0.38,0.36,2026-08-19,2104,SNPP,SNPP,n,2.0NRT,295,1.78,N
22.87391,86.06372,304.33,0.71,0.75,2026-08-19,2104,SNPP,SNPP,n,2.0NRT,284.84,1.74,N
20.96749,86.01265,320.45,0.78,0.78,2026-08-19,2104,SNPP,SNPP,n,2.0NRT,284.02,6.1,N
21.00072,86.03053,302.51,0.78,0.78,2026-08-19,2104,SNPP,SNPP,n,2.0NRT,283.95,0.67,N
20.99709,86.02748,304.22,0.78,0.78,2026-08-19,2104,SNPP,SNPP,n,2.0NRT,284.09,1.34,N
22.80233,86.09171,302.09,0.72,0.75,2026-08-19,2104,SNPP,SNPP,n,2.0NRT,284.97,2.03,N
22.78883,86.20107,300.7,0.73,0.76,2026-08-19,2104,SNPP,SNPP,n,2.0NRT,284.83,3.62,N
20.97829,85.13718,300.87,0.69,0.74,2026-08-19,2106,SNPP,SNPP,n,2.0NRT,283.46,1.89,N
17.98492,80.8302,303.98,0.43,0.62,2026-08-19,2106,SNPP,SNPP,n,2.0NRT,284.61,1.37,N
18.68423,73.03175,301.89,0.43,0.38,2026-08-19,2106,SNPP,SNPP,n,2.0NRT,283.24,0.77,N
20.95084,86.04825,304.82,0.78,0.78,2026-08-19,2106,SNPP,SNPP,n,2.0NRT,283.78,2.2,N
21.081,85.04028,296.85,0.68,0.74,2026-08-19,2106,SNPP,SNPP,n,2.0NRT,283.39,1.92,N
21.07434,85.03826,296.86,0.68,0.74,2026-08-19,2106,SNPP,SNPP,n,2.0NRT,283.23,1.92,N
20.9768,85.17226,305.85,0.69,0.74,2026-08-19,2106,SNPP,SNPP,n,2.0NRT,283.58,3.04,N
20.97995,85.13054,305.17,0.69,0.74,2026-08-19,2106,SNPP,SNPP,n,2.0NRT,283.4,1.89,N
20.9701,85.17019,319.84,0.69,0.74,2026-08-19,2106,SNPP,SNPP,n,2.0NRT,283.67,3.04,N
20.96847,85.17673,310.25,0.69,0.74,2026-08-19,2106,SNPP,SNPP,n,2.0NRT,283.36,3.04,N
20.96682,85.18336,311.96,0.69,0.74,2026-08-19,2106,SNPP,SNPP,n,2.0NRT,283.3,2.37,N
20.96512,85.19021,306.9,0.69,0.75,2026-08-19,2106,SNPP,SNPP,n,2.0NRT,283.52,2.37,N
20.96339,85.16812,305.31,0.69,0.74,2026-08-19,2106,SNPP,SNPP,n,2.0NRT,283.71,2.94,N
20.86326,84.99146,298.26,0.68,0.74,2026-08-19,2106,SNPP,SNPP,n,2.0NRT,282.38,2.29,N
20.79788,85.25243,305.54,0.71,0.75,2026-08-19,2106,SNPP,SNPP,n,2.0NRT,283.36,2.83,N
20.78761,85.26431,302.5,0.71,0.75,2026-08-19,2106,SNPP,SNPP,n,2.0NRT,283.34,2.28,N
20.75867,85.29228,302.97,0.71,0.75,2026-08-19,2106,SNPP,SNPP,n,2.0NRT,283.55,2.06,N
20.75702,85.29877,301.57,0.71,0.75,2026-08-19,2106,SNPP,SNPP,n,2.0NRT,283.57,2.06,N
20.79777,85.25298,306.61,0.71,0.75,2026-08-19,2106,SNPP,SNPP,n,2.0NRT,283.39,4.38,N
20.75887,85.29279,305.28,0.71,0.75,2026-08-19,2106,SNPP,SNPP,n,2.0NRT,283.96,2.83,N
20.75727,85.29929,303.61,0.71,0.75,2026-08-19,2106,SNPP,SNPP,n,2.0NRT,283.86,1.49,N
8.73686,77.60081,337.37,0.39,0.59,2026-08-19,2108,SNPP,SNPP,n,2.0NRT,290.24,7.27,N
8.73753,77.59727,329.03,0.39,0.59,2026-08-19,2108,SNPP,SNPP,n,2.0NRT,289.86,7.6,N
8.74296,77.59831,367,0.39,0.59,2026-08-19,2108,SNPP,SNPP,h,2.0NRT,291.41,21.46,N
8.7423,77.60185,355.88,0.39,0.59,2026-08-19,2108,SNPP,SNPP,n,2.0NRT,292.11,9.46,N
8.74163,77.60539,307.47,0.39,0.59,2026-08-19,2108,SNPP,SNPP,n,2.0NRT,289.76,9.46,N
15.65996,73.98722,298.88,0.52,0.42,2026-08-19,2108,SNPP,SNPP,n,2.0NRT,280.81,1.46,N
15.65748,73.98986,303.04,0.52,0.42,2026-08-19,2108,SNPP,SNPP,n,2.0NRT,281.03,1.1,N
8.92556,77.96257,348.38,0.39,0.36,2026-08-20,0813,SNPP,SNPP,n,2.0NRT,298.95,8.49,D
10.20464,78.83772,339.24,0.38,0.36,2026-08-20,0813,SNPP,SNPP,n,2.0NRT,302.04,11.72,D
10.57315,79.49966,330.82,0.39,0.36,2026-08-20,0813,SNPP,SNPP,n,2.0NRT,291.05,2.25,D
15.26779,78.92377,336.08,0.4,0.37,2026-08-20,0816,SNPP,SNPP,n,2.0NRT,296.02,3.8,D
15.1724,76.69444,335.7,0.39,0.36,2026-08-20,0816,SNPP,SNPP,n,2.0NRT,298.46,2.38,D
15.16424,76.3814,338.7,0.4,0.37,2026-08-20,0816,SNPP,SNPP,n,2.0NRT,298.01,5.53,D
15.1676,76.38084,330.62,0.4,0.37,2026-08-20,0816,SNPP,SNPP,l,2.0NRT,299.2,5.97,D
16.07655,79.14837,330.86,0.41,0.37,2026-08-20,0816,SNPP,SNPP,n,2.0NRT,298.08,1.46,D
16.07496,79.11341,341.12,0.4,0.37,2026-08-20,0816,SNPP,SNPP,n,2.0NRT,298.92,3.87,D
15.58879,75.15228,332.36,0.43,0.38,2026-08-20,0816,SNPP,SNPP,l,2.0NRT,301.44,5.86,D
17.29004,82.58302,331.27,0.4,0.44,2026-08-20,0816,SNPP,SNPP,n,2.0NRT,293.78,1.58,D
17.50736,82.95307,335.65,0.43,0.46,2026-08-20,0816,SNPP,SNPP,n,2.0NRT,294.23,3.79,D
17.50684,82.94902,342.7,0.43,0.46,2026-08-20,0816,SNPP,SNPP,n,2.0NRT,294.09,3.79,D
17.51158,82.95251,348.49,0.43,0.46,2026-08-20,0816,SNPP,SNPP,n,2.0NRT,293.97,6.78,D
17.54337,83.00231,335.63,0.43,0.46,2026-08-20,0816,SNPP,SNPP,n,2.0NRT,291.61,3.18,D
17.79435,83.16505,341.11,0.44,0.46,2026-08-20,0816,SNPP,SNPP,n,2.0NRT,291.69,6.14,D
17.95594,80.79374,337.11,0.49,0.4,2026-08-20,0816,SNPP,SNPP,n,2.0NRT,297,6.47,D
17.77165,79.02434,336.41,0.41,0.37,2026-08-20,0816,SNPP,SNPP,n,2.0NRT,295.03,2.96,D
13.04383,79.59259,335.61,0.4,0.37,2026-08-20,0816,SNPP,SNPP,n,2.0NRT,300.02,2.46,D
12.54274,79.87836,347.01,0.4,0.37,2026-08-20,0816,SNPP,SNPP,n,2.0NRT,293.15,4.92,D
12.66698,79.70408,331.27,0.4,0.37,2026-08-20,0816,SNPP,SNPP,n,2.0NRT,298.22,1.45,D
12.89302,78.87909,331.01,0.39,0.36,2026-08-20,0816,SNPP,SNPP,n,2.0NRT,285.21,1.83,D
13.07203,79.95014,330.69,0.41,0.37,2026-08-20,0816,SNPP,SNPP,n,2.0NRT,296.86,3.38,D
13.40582,80.21592,334.97,0.42,0.38,2026-08-20,0816,SNPP,SNPP,n,2.0NRT,295.65,6.25,D
13.34752,79.09665,337.78,0.39,0.36,2026-08-20,0816,SNPP,SNPP,n,2.0NRT,303.6,1.8,D
13.66444,79.61813,341.5,0.4,0.37,2026-08-20,0816,SNPP,SNPP,n,2.0NRT,300.91,6.06,D
14.28543,79.97816,338.42,0.42,0.37,2026-08-20,0816,SNPP,SNPP,n,2.0NRT,299.04,2.41,D
14.34493,79.72159,345.53,0.41,0.37,2026-08-20,0816,SNPP,SNPP,n,2.0NRT,292.28,5.86,D
20.96745,86.01298,349.96,0.37,0.58,2026-08-20,0818,SNPP,SNPP,n,2.0NRT,288.46,7.71,D
20.95271,86.0482,329.15,0.37,0.58,2026-08-20,0818,SNPP,SNPP,n,2.0NRT,287.39,4.49,D
21.10331,72.64813,335.83,0.47,0.4,2026-08-20,0818,SNPP,SNPP,l,2.0NRT,297.18,7.57,D
21.10092,72.63459,334.49,0.47,0.4,2026-08-20,0818,SNPP,SNPP,n,2.0NRT,296.82,10.43,D
21.10694,72.64742,340.92,0.47,0.4,2026-08-20,0818,SNPP,SNPP,n,2.0NRT,299.37,13.54,D
30.43244,73.96255,334.16,0.38,0.36,2026-08-20,0820,SNPP,SNPP,n,2.0NRT,301.78,4.15,D
24.80284,71.78471,338.32,0.46,0.39,2026-08-20,0820,SNPP,SNPP,n,2.0NRT,297.97,4.64,D
22.36236,87.01414,296.48,0.72,0.76,2026-08-20,1906,SNPP,SNPP,n,2.0NRT,274.4,2.1,N
23.69583,87.12293,298.65,0.73,0.76,2026-08-20,1906,SNPP,SNPP,n,2.0NRT,274.04,1.59,N
23.69451,87.0962,296.66,0.73,0.76,2026-08-20,1906,SNPP,SNPP,n,2.0NRT,273.52,2.15,N
23.69403,87.10361,297.31,0.73,0.76,2026-08-20,1906,SNPP,SNPP,n,2.0NRT,273.74,0.98,N
23.69355,87.111,298.67,0.73,0.76,2026-08-20,1906,SNPP,SNPP,n,2.0NRT,273.4,0.98,N
23.69308,87.11836,299.47,0.73,0.76,2026-08-20,1906,SNPP,SNPP,n,2.0NRT,272.76,0.75,N
23.69259,87.12586,295.1,0.73,0.76,2026-08-20,1906,SNPP,SNPP,n,2.0NRT,272.1,0.75,N
22.36499,87.0154,298.17,0.72,0.76,2026-08-20,1906,SNPP,SNPP,n,2.0NRT,274.56,2.08,N
23.69758,87.09327,298.4,0.73,0.76,2026-08-20,1906,SNPP,SNPP,n,2.0NRT,275.21,1.38,N
23.69671,87.10807,296.93,0.73,0.76,2026-08-20,1906,SNPP,SNPP,n,2.0NRT,273.98,0.63,N
23.69627,87.11548,295.82,0.73,0.76,2026-08-20,1906,SNPP,SNPP,n,2.0NRT,272.87,0.63,N
28.77214,76.70122,310.21,0.39,0.36,2026-08-20,2044,SNPP,SNPP,n,2.0NRT,289.31,2.28,N
29.45876,76.86543,316.16,0.39,0.36,2026-08-20,2044,SNPP,SNPP,n,2.0NRT,292.37,3.34,N
29.91072,74.94928,307.57,0.44,0.38,2026-08-20,2044,SNPP,SNPP,n,2.0NRT,292.31,2.62,N
31.2492,76.92705,304.76,0.4,0.37,2026-08-20,2044,SNPP,SNPP,n,2.0NRT,288.69,0.66,N
28.27534,77.18294,302.62,0.38,0.36,2026-08-20,2044,SNPP,SNPP,n,2.0NRT,283.37,0.74,N
31.25985,76.92484,302.16,0.4,0.37,2026-08-20,2044,SNPP,SNPP,n,2.0NRT,289.51,0.5,N
23.64966,85.43914,314.37,0.32,0.55,2026-08-20,2046,SNPP,SNPP,n,2.0NRT,284.87,0.69,N
27.79252,75.33192,306.87,0.41,0.37,2026-08-20,2046,SNPP,SNPP,n,2.0NRT,292.48,0.81,N
25.03646,87.38701,304.58,0.4,0.6,2026-08-20,2046,SNPP,SNPP,n,2.0NRT,281.72,0.72,N
25.03673,87.38658,303.78,0.4,0.6,2026-08-20,2046,SNPP,SNPP,n,2.0NRT,281.24,0.67,N
23.69376,87.12176,305.75,0.41,0.6,2026-08-20,2046,SNPP,SNPP,n,2.0NRT,277.41,1.51,N
23.69202,87.10435,298.55,0.41,0.6,2026-08-20,2046,SNPP,SNPP,n,2.0NRT,275.24,1.24,N
23.68785,87.10063,301.76,0.41,0.6,2026-08-20,2046,SNPP,SNPP,n,2.0NRT,276.75,1.13,N
23.66421,87.1534,298.63,0.41,0.61,2026-08-20,2046,SNPP,SNPP,n,2.0NRT,264.14,0.31,N
23.66331,87.15736,296.41,0.41,0.61,2026-08-20,2046,SNPP,SNPP,n,2.0NRT,264.16,0.27,N
23.66743,86.9369,307.82,0.4,0.6,2026-08-20,2046,SNPP,SNPP,n,2.0NRT,282.4,0.73,N
23.78109,86.38872,306.48,0.37,0.58,2026-08-20,2046,SNPP,SNPP,n,2.0NRT,286.55,2.9,N
23.76735,86.40035,306.55,0.37,0.58,2026-08-20,2046,SNPP,SNPP,n,2.0NRT,285.85,1.24,N
23.76655,86.40386,307.05,0.37,0.58,2026-08-20,2046,SNPP,SNPP,n,2.0NRT,285.05,1.24,N
23.76131,86.40248,322.91,0.37,0.58,2026-08-20,2046,SNPP,SNPP,n,2.0NRT,285.65,1.24,N
23.75525,86.40467,306.53,0.37,0.58,2026-08-20,2046,SNPP,SNPP,n,2.0NRT,286.53,0.91,N
23.56212,87.24074,303.44,0.42,0.61,2026-08-20,2046,SNPP,SNPP,n,2.0NRT,273.47,0.94,N
23.5566,87.23922,303.93,0.42,0.61,2026-08-20,2046,SNPP,SNPP,n,2.0NRT,274.86,0.94,N
23.7374,86.4341,324.26,0.37,0.58,2026-08-20,2046,SNPP,SNPP,n,2.0NRT,286.38,3.28,N
23.72326,86.4229,305.68,0.37,0.58,2026-08-20,2046,SNPP,SNPP,n,2.0NRT,286.03,1.26,N
23.71226,86.44649,316.2,0.37,0.58,2026-08-20,2046,SNPP,SNPP,n,2.0NRT,282.43,1.84,N
23.71143,86.45005,318.51,0.37,0.58,2026-08-20,2046,SNPP,SNPP,n,2.0NRT,282.44,1.84,N
23.56388,87.08366,310.88,0.41,0.6,2026-08-20,2046,SNPP,SNPP,n,2.0NRT,284.26,1.58,N
23.71398,86.45003,316.78,0.37,0.58,2026-08-20,2046,SNPP,SNPP,n,2.0NRT,282.64,1.32,N
23.71431,86.42361,304.75,0.37,0.58,2026-08-20,2046,SNPP,SNPP,n,2.0NRT,285,1.54,N
23.70951,86.44509,307.26,0.37,0.58,2026-08-20,2046,SNPP,SNPP,n,2.0NRT,282.19,1.32,N
23.70871,86.44867,309.25,0.37,0.58,2026-08-20,2046,SNPP,SNPP,n,2.0NRT,282.46,1.32,N
23.5599,87.08255,308.76,0.41,0.6,2026-08-20,2046,SNPP,SNPP,n,2.0NRT,284.24,1.07,N
23.51662,87.27167,303.04,0.42,0.61,2026-08-20,2046,SNPP,SNPP,n,2.0NRT,280.4,0.73,N
23.61549,86.78763,303.7,0.39,0.59,2026-08-20,2046,SNPP,SNPP,n,2.0NRT,283.3,0.68,N
23.61454,86.79183,304.84,0.39,0.59,2026-08-20,2046,SNPP,SNPP,n,2.0NRT,283.34,0.68,N
23.68841,86.39032,305.25,0.37,0.58,2026-08-20,2046,SNPP,SNPP,n,2.0NRT,285.93,1.63,N
23.68763,86.39378,308.4,0.37,0.58,2026-08-20,2046,SNPP,SNPP,n,2.0NRT,285.7,1.11,N
23.68236,86.39249,312.1,0.37,0.58,2026-08-20,2046,SNPP,SNPP,n,2.0NRT,285.51,1.46,N
23.68157,86.39599,308.75,0.37,0.58,2026-08-20,2046,SNPP,SNPP,n,2.0NRT,284.97,1.46,N
23.68076,86.39959,303.5,0.37,0.58,2026-08-20,2046,SNPP,SNPP,n,2.0NRT,284.68,0.95,N
23.6763,86.39473,308.25,0.37,0.58,2026-08-20,2046,SNPP,SNPP,n,2.0NRT,284.09,1.46,N
23.67549,86.39829,307.45,0.37,0.58,2026-08-20,2046,SNPP,SNPP,n,2.0NRT,284.27,0.95,N
23.67467,86.40192,306.13,0.37,0.58,2026-08-20,2046,SNPP,SNPP,n,2.0NRT,284.73,0.95,N
23.82381,85.49748,301.5,0.32,0.55,2026-08-20,2046,SNPP,SNPP,n,2.0NRT,283.37,1.25,N
23.68078,86.08385,307.33,0.35,0.57,2026-08-20,2046,SNPP,SNPP,n,2.0NRT,286.05,1.77,N
23.82423,85.49743,302.7,0.32,0.55,2026-08-20,2046,SNPP,SNPP,n,2.0NRT,283.19,1.08,N
23.68017,86.08412,305.76,0.35,0.57,2026-08-20,2046,SNPP,SNPP,n,2.0NRT,286.04,1.56,N
23.67731,86.07244,302.65,0.35,0.57,2026-08-20,2046,SNPP,SNPP,n,2.0NRT,285.32,1.04,N
16.20556,75.20766,303.43,0.39,0.36,2026-08-20,2046,SNPP,SNPP,n,2.0NRT,291.13,0.67,N
15.3343,76.28691,312.86,0.41,0.37,2026-08-20,2046,SNPP,SNPP,n,2.0NRT,290.5,1.13,N
15.02354,78.01447,308.12,0.49,0.4,2026-08-20,2046,SNPP,SNPP,n,2.0NRT,291.12,1.4,N
15.22626,76.76389,304.55,0.43,0.38,2026-08-20,2046,SNPP,SNPP,n,2.0NRT,292,0.82,N
15.18207,76.66643,323.44,0.43,0.38,2026-08-20,2046,SNPP,SNPP,n,2.0NRT,291.62,3.01,N
15.17391,76.69331,323.79,0.43,0.38,2026-08-20,2046,SNPP,SNPP,n,2.0NRT,291.38,2.81,N
15.17659,76.6776,305.91,0.43,0.38,2026-08-20,2046,SNPP,SNPP,n,2.0NRT,291.87,1.7,N
15.17717,76.65337,323.16,0.43,0.38,2026-08-20,2046,SNPP,SNPP,n,2.0NRT,292.18,2.8,N
15.17649,76.6573,333.4,0.43,0.38,2026-08-20,2046,SNPP,SNPP,n,2.0NRT,292.62,4.52,N
15.17371,76.65274,304.58,0.43,0.38,2026-08-20,2046,SNPP,SNPP,n,2.0NRT,289.83,1.05,N
15.17304,76.65667,307.97,0.43,0.38,2026-08-20,2046,SNPP,SNPP,n,2.0NRT,291.12,1.74,N
15.16689,76.67173,305.06,0.43,0.38,2026-08-20,2046,SNPP,SNPP,n,2.0NRT,290.88,1.09,N
15.16889,76.67329,306.37,0.43,0.38,2026-08-20,2046,SNPP,SNPP,n,2.0NRT,290.86,0.89,N
15.14843,76.71026,304.65,0.43,0.38,2026-08-20,2046,SNPP,SNPP,n,2.0NRT,290.87,0.81,N
15.13803,76.70839,304.91,0.43,0.38,2026-08-20,2046,SNPP,SNPP,n,2.0NRT,290.35,0.85,N
14.60754,79.6615,308.19,0.41,0.45,2026-08-20,2046,SNPP,SNPP,n,2.0NRT,290.14,2.56,N
15.16817,76.38058,304.25,0.42,0.37,2026-08-20,2046,SNPP,SNPP,n,2.0NRT,290.12,1.14,N
23.67428,86.08614,306.76,0.35,0.57,2026-08-20,2046,SNPP,SNPP,n,2.0NRT,286.31,1.08,N
23.7864,85.55096,308.04,0.32,0.55,2026-08-20,2046,SNPP,SNPP,n,2.0NRT,285.87,1.48,N
23.78225,85.57,302.54,0.33,0.55,2026-08-20,2046,SNPP,SNPP,n,2.0NRT,285.61,1.34,N
23.66762,86.09156,306.33,0.35,0.57,2026-08-20,2046,SNPP,SNPP,n,2.0NRT,286.03,0.94,N
23.66165,85.55202,303.54,0.33,0.55,2026-08-20,2046,SNPP,SNPP,n,2.0NRT,284.34,0.37,N
23.69603,85.37061,309.89,0.64,0.54,2026-08-20,2046,SNPP,SNPP,n,2.0NRT,280.7,1.96,N
23.65573,85.50697,308.42,0.32,0.55,2026-08-20,2046,SNPP,SNPP,n,2.0NRT,284.46,1.16,N
23.65035,85.43598,305.16,0.32,0.55,2026-08-20,2046,SNPP,SNPP,n,2.0NRT,284.58,0.69,N
23.61622,85.42603,302.01,0.32,0.55,2026-08-20,2046,SNPP,SNPP,n,2.0NRT,285.62,0.49,N
22.7945,86.20801,299.78,0.37,0.58,2026-08-20,2046,SNPP,SNPP,n,2.0NRT,277.36,0.89,N
22.81689,86.08504,301.13,0.37,0.58,2026-08-20,2046,SNPP,SNPP,n,2.0NRT,281.23,0.24,N
22.79169,86.19576,299.44,0.37,0.58,2026-08-20,2046,SNPP,SNPP,n,2.0NRT,271.1,0.37,N
22.79088,86.19932,298.49,0.37,0.58,2026-08-20,2046,SNPP,SNPP,n,2.0NRT,275.6,0.37,N
22.78925,86.20647,305.09,0.37,0.58,2026-08-20,2046,SNPP,SNPP,n,2.0NRT,279.7,0.89,N
22.78398,86.20503,301.39,0.37,0.58,2026-08-20,2046,SNPP,SNPP,n,2.0NRT,279.38,0.97,N
24.71524,75.95329,304.87,0.39,0.36,2026-08-20,2046,SNPP,SNPP,n,2.0NRT,288.14,0.89,N
22.7973,86.20584,304.34,0.37,0.58,2026-08-20,2046,SNPP,SNPP,n,2.0NRT,275.14,1.63,N
22.81808,86.08607,302.52,0.37,0.58,2026-08-20,2046,SNPP,SNPP,n,2.0NRT,281.19,0.22,N
22.79364,86.19712,297.16,0.37,0.58,2026-08-20,2046,SNPP,SNPP,n,2.0NRT,272.18,0.58,N
22.78835,86.19575,298.96,0.37,0.58,2026-08-20,2046,SNPP,SNPP,n,2.0NRT,273.72,0.55,N
22.78678,86.20286,301.24,0.37,0.58,2026-08-20,2046,SNPP,SNPP,n,2.0NRT,278.89,0.78,N
22.78599,86.20644,305.61,0.37,0.58,2026-08-20,2046,SNPP,SNPP,n,2.0NRT,279.74,0.78,N
22.80075,86.08921,313.38,0.37,0.58,2026-08-20,2046,SNPP,SNPP,n,2.0NRT,284.61,1.75,N
22.05638,88.12125,302.14,0.51,0.66,2026-08-20,2046,SNPP,SNPP,n,2.0NRT,280.14,0.82,N
22.0552,88.12618,308.08,0.51,0.66,2026-08-20,2046,SNPP,SNPP,n,2.0NRT,279.31,0.82,N
22.08609,83.11594,316.03,0.5,0.49,2026-08-20,2046,SNPP,SNPP,n,2.0NRT,286.41,2.44,N
20.96791,86.00322,300.73,0.4,0.6,2026-08-20,2046,SNPP,SNPP,n,2.0NRT,280.79,2.6,N
20.96618,86.01083,309.48,0.4,0.6,2026-08-20,2046,SNPP,SNPP,n,2.0NRT,281.45,1.93,N
20.96533,86.01462,308,0.4,0.6,2026-08-20,2046,SNPP,SNPP,n,2.0NRT,282.04,1.93,N
20.96671,86.01003,302.63,0.4,0.6,2026-08-20,2046,SNPP,SNPP,n,2.0NRT,280.92,1.91,N
20.96588,86.01382,318.18,0.4,0.6,2026-08-20,2046,SNPP,SNPP,n,2.0NRT,282.08,1.91,N
12.98436,74.85372,300.05,0.39,0.36,2026-08-20,2049,SNPP,SNPP,n,2.0NRT,286.35,0.45,N
18.71585,79.53936,301.57,0.52,0.42,2026-08-20,2049,SNPP,SNPP,n,2.0NRT,288.1,2.11,N
12.66991,76.85605,302.15,0.46,0.39,2026-08-20,2049,SNPP,SNPP,n,2.0NRT,285.08,0.73,N
12.68449,76.45203,306.01,0.44,0.38,2026-08-20,2049,SNPP,SNPP,n,2.0NRT,287.99,0.81,N
8.73957,77.60084,314.99,0.57,0.43,2026-08-20,2049,SNPP,SNPP,n,2.0NRT,270,2.37,N
9.31269,78.05367,338.9,0.43,0.46,2026-08-21,0756,SNPP,SNPP,n,2.0NRT,305.16,7.06,D
9.46089,77.93649,343.41,0.43,0.46,2026-08-21,0756,SNPP,SNPP,n,2.0NRT,304.98,2.92,D
9.74707,77.88758,336.81,0.43,0.46,2026-08-21,0756,SNPP,SNPP,n,2.0NRT,305.26,1.44,D
9.74367,77.84486,336.43,0.43,0.46,2026-08-21,0756,SNPP,SNPP,n,2.0NRT,303.98,1.11,D
10.04823,77.95352,349.94,0.42,0.45,2026-08-21,0756,SNPP,SNPP,n,2.0NRT,300.86,5.9,D
10.05242,77.9528,337.08,0.42,0.45,2026-08-21,0756,SNPP,SNPP,n,2.0NRT,296.24,5.9,D
10.05175,77.94893,344.09,0.42,0.45,2026-08-21,0756,SNPP,SNPP,n,2.0NRT,300.57,7.89,D
10.06246,77.61354,338.53,0.44,0.46,2026-08-21,0756,SNPP,SNPP,n,2.0NRT,301.37,3.37,D
10.40818,77.98702,344.36,0.42,0.45,2026-08-21,0756,SNPP,SNPP,n,2.0NRT,300.35,8.58,D
10.46239,77.96943,332.02,0.42,0.45,2026-08-21,0756,SNPP,SNPP,l,2.0NRT,302.17,2.2,D
10.86179,78.60693,332.53,0.56,0.43,2026-08-21,0756,SNPP,SNPP,l,2.0NRT,303.6,3.75,D
10.86351,78.60498,334.68,0.56,0.43,2026-08-21,0756,SNPP,SNPP,n,2.0NRT,304.43,3.6,D
10.90762,78.79076,339.02,0.55,0.43,2026-08-21,0756,SNPP,SNPP,n,2.0NRT,306.52,4.54,D
10.89906,78.69358,335.4,0.56,0.43,2026-08-21,0756,SNPP,SNPP,n,2.0NRT,303.41,8.39,D
10.8355,78.05512,348.83,0.41,0.45,2026-08-21,0756,SNPP,SNPP,n,2.0NRT,306.32,5.12,D
10.94861,77.29926,332.62,0.45,0.47,2026-08-21,0756,SNPP,SNPP,n,2.0NRT,302.59,1.82,D
11.25114,77.55007,335,0.43,0.46,2026-08-21,0756,SNPP,SNPP,n,2.0NRT,302.87,1.81,D
11.17986,76.86322,352.61,0.48,0.48,2026-08-21,0756,SNPP,SNPP,n,2.0NRT,299.65,7.75,D
11.3864,77.68139,337.39,0.42,0.45,2026-08-21,0756,SNPP,SNPP,n,2.0NRT,302.13,3.66,D
11.71266,79.13078,335.7,0.51,0.41,2026-08-21,0756,SNPP,SNPP,l,2.0NRT,299.97,13.01,D
11.71186,79.12611,335.37,0.51,0.41,2026-08-21,0756,SNPP,SNPP,l,2.0NRT,306.57,49.23,D
11.52693,77.66856,331.72,0.42,0.45,2026-08-21,0756,SNPP,SNPP,n,2.0NRT,300.84,1.03,D
12.05267,79.61187,334.23,0.48,0.4,2026-08-21,0756,SNPP,SNPP,l,2.0NRT,300.37,4.25,D
12.0637,76.96976,336.06,0.45,0.47,2026-08-21,0756,SNPP,SNPP,n,2.0NRT,299.1,6.65,D
12.30416,76.82388,339.02,0.46,0.47,2026-08-21,0756,SNPP,SNPP,n,2.0NRT,296.98,6.57,D
12.35125,77.01255,340.97,0.45,0.47,2026-08-21,0756,SNPP,SNPP,n,2.0NRT,293.35,5.9,D
8.58488,77.95021,335.12,0.45,0.47,2026-08-21,0756,SNPP,SNPP,n,2.0NRT,298.77,2.49,D
9.34518,78.81236,335.72,0.38,0.44,2026-08-21,0756,SNPP,SNPP,n,2.0NRT,301.64,1.58,D
9.3194,78.58262,336.47,0.4,0.44,2026-08-21,0756,SNPP,SNPP,n,2.0NRT,303.54,1.47,D
9.36559,78.66248,367,0.39,0.44,2026-08-21,0756,SNPP,SNPP,h,2.0NRT,306.38,10.37,D
16.29151,80.82072,334.45,0.4,0.37,2026-08-21,0758,SNPP,SNPP,n,2.0NRT,298.58,4.54,D
14.60819,79.65999,344.84,0.45,0.39,2026-08-21,0758,SNPP,SNPP,l,2.0NRT,298.95,20.66,D
14.60742,79.66074,347.79,0.45,0.39,2026-08-21,0758,SNPP,SNPP,n,2.0NRT,301.13,24.47,D
14.52306,77.43476,336.84,0.39,0.44,2026-08-21,0758,SNPP,SNPP,n,2.0NRT,295.01,4.98,D
15.1363,79.88412,332.13,0.43,0.38,2026-08-21,0758,SNPP,SNPP,n,2.0NRT,297.87,3.42,D
15.34653,77.09008,330.63,0.4,0.44,2026-08-21,0758,SNPP,SNPP,n,2.0NRT,300.14,1.89,D
17.60843,83.20383,335.84,0.4,0.37,2026-08-21,0758,SNPP,SNPP,n,2.0NRT,299.16,4.98,D
19.48988,85.20114,328.82,0.49,0.4,2026-08-21,0758,SNPP,SNPP,n,2.0NRT,281.45,3.89,D
23.66432,87.15331,330.29,0.47,0.48,2026-08-21,0801,SNPP,SNPP,n,2.0NRT,293.42,2.74,D
23.67844,86.39668,331.72,0.43,0.46,2026-08-21,0801,SNPP,SNPP,n,2.0NRT,295.56,8.2,D
23.68265,86.39607,334.93,0.43,0.46,2026-08-21,0801,SNPP,SNPP,n,2.0NRT,295.22,5.68,D
23.68639,86.39134,330.74,0.42,0.46,2026-08-21,0801,SNPP,SNPP,n,2.0NRT,294.17,5.68,D
23.70997,86.44798,334.64,0.43,0.46,2026-08-21,0801,SNPP,SNPP,n,2.0NRT,292.54,7.64,D
23.71468,86.45161,338.05,0.43,0.46,2026-08-21,0801,SNPP,SNPP,n,2.0NRT,291.86,8.89,D
23.67682,86.08707,330.7,0.41,0.45,2026-08-21,0801,SNPP,SNPP,n,2.0NRT,294.62,4.24,D
23.68191,86.0946,349.84,0.41,0.45,2026-08-21,0801,SNPP,SNPP,n,2.0NRT,293.37,7.7,D
23.78134,86.2098,345.58,0.42,0.45,2026-08-21,0801,SNPP,SNPP,n,2.0NRT,293.89,9.1,D
23.75674,85.85435,334.01,0.4,0.44,2026-08-21,0801,SNPP,SNPP,n,2.0NRT,295.91,5.93,D
27.43876,70.85847,344.68,0.57,0.52,2026-08-21,0803,SNPP,SNPP,n,2.0NRT,302.88,8.02,D
28.77367,77.56798,309.15,0.53,0.42,2026-08-21,2025,SNPP,SNPP,n,2.0NRT,283.53,2.57,N
24.92936,84.14852,310.02,0.43,0.38,2026-08-21,2025,SNPP,SNPP,n,2.0NRT,289.28,2.91,N
24.92917,84.14589,308.3,0.43,0.38,2026-08-21,2025,SNPP,SNPP,n,2.0NRT,288.84,2.88,N
23.66372,87.15993,302.49,0.42,0.45,2026-08-21,2025,SNPP,SNPP,n,2.0NRT,278.95,0.59,N
23.56004,87.24049,307.65,0.43,0.46,2026-08-21,2025,SNPP,SNPP,n,2.0NRT,286.15,2.79,N
23.6783,86.10711,305.64,0.55,0.43,2026-08-21,2025,SNPP,SNPP,n,2.0NRT,285.15,0.56,N
23.67846,86.08486,307.47,0.55,0.43,2026-08-21,2025,SNPP,SNPP,n,2.0NRT,284.66,2.61,N
24.18137,82.64606,307.55,0.4,0.37,2026-08-21,2025,SNPP,SNPP,n,2.0NRT,281.64,0.93,N
23.71933,85.00983,300.63,0.48,0.4,2026-08-21,2025,SNPP,SNPP,n,2.0NRT,272.32,1.6,N
24.76452,74.60926,304.28,0.47,0.48,2026-08-21,2027,SNPP,SNPP,n,2.0NRT,282.05,0.71,N
22.78901,86.19763,300.01,0.38,0.43,2026-08-21,2027,SNPP,SNPP,n,2.0NRT,273.29,0.95,N
22.37751,87.2774,313.32,0.45,0.47,2026-08-21,2027,SNPP,SNPP,n,2.0NRT,276,1.69,N
22.37663,87.28174,311.32,0.45,0.47,2026-08-21,2027,SNPP,SNPP,n,2.0NRT,275.48,1.69,N
22.37945,87.28,312.84,0.45,0.47,2026-08-21,2027,SNPP,SNPP,n,2.0NRT,275.6,1.79,N
22.37519,87.27901,306.49,0.45,0.47,2026-08-21,2027,SNPP,SNPP,n,2.0NRT,274.56,1.07,N
22.36667,87.29975,307.2,0.45,0.47,2026-08-21,2027,SNPP,SNPP,n,2.0NRT,275.03,1.47,N
22.36491,87.01798,303.61,0.43,0.46,2026-08-21,2027,SNPP,SNPP,n,2.0NRT,275.64,0.73,N
22.36072,87.01704,303.37,0.43,0.46,2026-08-21,2027,SNPP,SNPP,n,2.0NRT,275.6,0.73,N
22.05519,88.12621,303.92,0.51,0.5,2026-08-21,2027,SNPP,SNPP,n,2.0NRT,269.79,1.92,N
22.05068,88.12516,298.93,0.51,0.5,2026-08-21,2027,SNPP,SNPP,n,2.0NRT,269.97,1.92,N
18.8016,74.25277,301.85,0.41,0.45,2026-08-21,2027,SNPP,SNPP,n,2.0NRT,279.71,0.73,N
17.29336,78.40997,316.83,0.39,0.36,2026-08-21,2027,SNPP,SNPP,n,2.0NRT,290.6,1.01,N
17.29117,78.40939,314.49,0.39,0.36,2026-08-21,2027,SNPP,SNPP,n,2.0NRT,290.12,0.73,N
17.37035,77.44494,304.8,0.42,0.37,2026-08-21,2027,SNPP,SNPP,n,2.0NRT,292.06,0.79,N
17.08458,79.32294,309.57,0.38,0.36,2026-08-21,2027,SNPP,SNPP,n,2.0NRT,292.48,2.91,N
16.87195,80.02106,308.57,0.39,0.36,2026-08-21,2027,SNPP,SNPP,n,2.0NRT,290.85,1.5,N
15.17346,76.65458,313.46,0.43,0.38,2026-08-21,2029,SNPP,SNPP,n,2.0NRT,290.96,2.09,N
15.33696,76.27781,307.42,0.44,0.39,2026-08-21,2029,SNPP,SNPP,n,2.0NRT,290.03,1.07,N
15.33752,76.27949,307.45,0.44,0.39,2026-08-21,2029,SNPP,SNPP,n,2.0NRT,289.54,1.38,N
15.33276,76.28716,306.84,0.44,0.39,2026-08-21,2029,SNPP,SNPP,n,2.0NRT,288.33,0.96,N
15.17908,77.10468,303.34,0.41,0.37,2026-08-21,2029,SNPP,SNPP,n,2.0NRT,287.2,0.81,N
15.17623,77.10031,305.69,0.41,0.37,2026-08-21,2029,SNPP,SNPP,n,2.0NRT,287.88,1.16,N
14.82645,79.31465,303.62,0.38,0.36,2026-08-21,2029,SNPP,SNPP,n,2.0NRT,269.66,0.8,N
15.02356,78.01485,311.86,0.39,0.36,2026-08-21,2029,SNPP,SNPP,n,2.0NRT,287.15,1.27,N
15.18658,76.6724,305.96,0.43,0.38,2026-08-21,2029,SNPP,SNPP,n,2.0NRT,291.38,0.71,N
15.18368,76.66792,326.21,0.43,0.38,2026-08-21,2029,SNPP,SNPP,n,2.0NRT,293,2.11,N
15.18423,76.63964,308.44,0.43,0.38,2026-08-21,2029,SNPP,SNPP,n,2.0NRT,292.75,1.51,N
15.1802,76.66738,311.52,0.43,0.38,2026-08-21,2029,SNPP,SNPP,n,2.0NRT,292.67,2.11,N
15.17962,76.67133,304.09,0.43,0.38,2026-08-21,2029,SNPP,SNPP,n,2.0NRT,291.72,1.16,N
15.17905,76.67529,309.64,0.43,0.38,2026-08-21,2029,SNPP,SNPP,n,2.0NRT,292.86,1.16,N
15.17844,76.65497,327.64,0.43,0.38,2026-08-21,2029,SNPP,SNPP,n,2.0NRT,293.6,1.69,N
15.17327,76.69061,321.24,0.43,0.38,2026-08-21,2029,SNPP,SNPP,n,2.0NRT,292.62,1.63,N
15.17787,76.65893,306.97,0.43,0.38,2026-08-21,2029,SNPP,SNPP,n,2.0NRT,292.38,1.69,N
15.17497,76.65443,328.13,0.43,0.38,2026-08-21,2029,SNPP,SNPP,n,2.0NRT,292.84,1.69,N
15.17439,76.65839,305.16,0.43,0.38,2026-08-21,2029,SNPP,SNPP,n,2.0NRT,291.75,1.69,N
15.17382,76.66235,306.23,0.43,0.38,2026-08-21,2029,SNPP,SNPP,n,2.0NRT,292.1,1.39,N
15.17694,76.65511,335.65,0.43,0.38,2026-08-21,2029,SNPP,SNPP,n,2.0NRT,294.53,2.09,N
15.17635,76.65906,308.83,0.43,0.38,2026-08-21,2029,SNPP,SNPP,n,2.0NRT,292.1,2.09,N
15.1716,76.69071,305.37,0.43,0.38,2026-08-21,2029,SNPP,SNPP,n,2.0NRT,291.44,0.76,N
15.16701,76.67386,317.3,0.43,0.38,2026-08-21,2029,SNPP,SNPP,n,2.0NRT,291.08,1.71,N
15.13683,76.70946,303.89,0.42,0.38,2026-08-21,2029,SNPP,SNPP,n,2.0NRT,291.68,0.69,N
15.16771,76.37908,300.81,0.44,0.38,2026-08-21,2029,SNPP,SNPP,n,2.0NRT,289.77,0.87,N
15.07157,76.86326,302.8,0.42,0.38,2026-08-21,2029,SNPP,SNPP,n,2.0NRT,290.44,1.66,N
14.60582,78.52377,302.1,0.39,0.36,2026-08-21,2029,SNPP,SNPP,n,2.0NRT,278.49,0.67,N
13.8039,78.06523,305.05,0.39,0.36,2026-08-21,2029,SNPP,SNPP,n,2.0NRT,282.42,0.25,N
13.39369,80.10202,305.09,0.4,0.37,2026-08-21,2029,SNPP,SNPP,n,2.0NRT,284.92,0.81,N
13.89879,76.56554,296.53,0.42,0.38,2026-08-21,2029,SNPP,SNPP,n,2.0NRT,274.71,0.49,N
11.42601,77.51267,301.37,0.39,0.36,2026-08-21,2029,SNPP,SNPP,n,2.0NRT,272.63,0.62,N
11.11709,77.75499,302.08,0.38,0.36,2026-08-21,2029,SNPP,SNPP,n,2.0NRT,277.9,0.46,N
10.93034,77.06337,300.84,0.39,0.36,2026-08-21,2029,SNPP,SNPP,n,2.0NRT,281.61,0.63,N
10.61491,77.41926,300.63,0.39,0.36,2026-08-21,2032,SNPP,SNPP,n,2.0NRT,276.99,0.5,N
10.2504,77.21418,318.29,0.39,0.36,2026-08-21,2032,SNPP,SNPP,n,2.0NRT,281.29,2.02,N
10.24929,77.22139,301.71,0.39,0.36,2026-08-21,2032,SNPP,SNPP,n,2.0NRT,278.37,0.7,N
10.24707,77.21375,340.55,0.39,0.36,2026-08-21,2032,SNPP,SNPP,n,2.0NRT,281.06,3.49,N
10.24651,77.21736,330.64,0.39,0.36,2026-08-21,2032,SNPP,SNPP,n,2.0NRT,281.18,3.49,N
10.24596,77.22096,296.36,0.39,0.36,2026-08-21,2032,SNPP,SNPP,n,2.0NRT,273.85,0.45,N
10.24541,77.22453,299.32,0.39,0.36,2026-08-21,2032,SNPP,SNPP,n,2.0NRT,272.63,0.45,N
10.24319,77.2169,308.07,0.39,0.36,2026-08-21,2032,SNPP,SNPP,n,2.0NRT,272.56,3.49,N
10.04985,77.95205,302.63,0.38,0.36,2026-08-21,2032,SNPP,SNPP,n,2.0NRT,270.2,0.42,N
10.09488,77.23631,300.78,0.39,0.36,2026-08-21,2032,SNPP,SNPP,n,2.0NRT,282.58,1.76,N
10.09154,77.23588,332.12,0.39,0.36,2026-08-21,2032,SNPP,SNPP,n,2.0NRT,283.06,1.76,N
10.08821,77.23543,341.68,0.39,0.36,2026-08-21,2032,SNPP,SNPP,n,2.0NRT,282.74,6.59,N
10.08768,77.23882,306.06,0.39,0.36,2026-08-21,2032,SNPP,SNPP,n,2.0NRT,282.22,0.84,N
9.24785,77.32679,304.23,0.38,0.36,2026-08-21,2032,SNPP,SNPP,n,2.0NRT,264.54,0.4,N
8.74099,77.59838,309.44,0.38,0.36,2026-08-21,2032,SNPP,SNPP,n,2.0NRT,280.22,0.82,N
8.74044,77.60186,310.06,0.38,0.36,2026-08-21,2032,SNPP,SNPP,n,2.0NRT,281.68,0.68,N
8.59524,77.89958,300.64,0.39,0.36,2026-08-21,2032,SNPP,SNPP,n,2.0NRT,278.2,0.29,N
8.38548,77.54631,332.37,0.5,0.66,2026-08-22,0735,SNPP,SNPP,n,2.0NRT,294.62,5.8,D
9.29744,77.75079,330.78,0.47,0.64,2026-08-22,0735,SNPP,SNPP,n,2.0NRT,287.77,1.45,D
15.16347,77.15242,330.11,0.4,0.6,2026-08-22,0737,SNPP,SNPP,n,2.0NRT,293.56,5.49,D
9.29573,77.75149,333.98,0.47,0.64,2026-08-22,0737,SNPP,SNPP,n,2.0NRT,287.66,1.47,D
9.29351,77.3167,334.7,0.5,0.66,2026-08-22,0737,SNPP,SNPP,n,2.0NRT,287.41,7.09,D
10.75991,79.65319,336.62,0.33,0.55,2026-08-22,0737,SNPP,SNPP,n,2.0NRT,291.23,2.68,D
11.41039,78.7151,339.14,0.37,0.58,2026-08-22,0737,SNPP,SNPP,n,2.0NRT,297.26,1.96,D
11.40803,78.71432,336.41,0.37,0.58,2026-08-22,0737,SNPP,SNPP,n,2.0NRT,297.37,2.35,D
11.72925,78.6898,331.96,0.37,0.58,2026-08-22,0737,SNPP,SNPP,n,2.0NRT,290.07,1.86,D
11.72656,78.68904,333.4,0.37,0.58,2026-08-22,0737,SNPP,SNPP,n,2.0NRT,289.76,0.95,D
12.23923,79.42413,332.77,0.32,0.55,2026-08-22,0737,SNPP,SNPP,n,2.0NRT,295.75,2.81,D
15.16272,77.14871,331.26,0.4,0.6,2026-08-22,0737,SNPP,SNPP,n,2.0NRT,293.65,5.69,D
15.20629,77.16636,337.41,0.4,0.6,2026-08-22,0737,SNPP,SNPP,n,2.0NRT,292.33,6.06,D
15.20609,77.16582,330.78,0.4,0.6,2026-08-22,0737,SNPP,SNPP,n,2.0NRT,292.09,6.3,D
16.19788,78.35836,333.26,0.32,0.54,2026-08-22,0737,SNPP,SNPP,n,2.0NRT,282.6,3.75,D
16.66123,77.32803,335.42,0.36,0.58,2026-08-22,0737,SNPP,SNPP,n,2.0NRT,294.4,4.72,D
23.66324,87.15393,339.39,0.41,0.37,2026-08-22,0739,SNPP,SNPP,n,2.0NRT,298.38,2.97,D
23.76498,86.40456,340.68,0.4,0.37,2026-08-22,0739,SNPP,SNPP,n,2.0NRT,295.23,7.66,D
25.38784,86.15111,332.18,0.4,0.37,2026-08-22,0739,SNPP,SNPP,n,2.0NRT,294.15,1.86,D
25.98661,90.07365,330.23,0.39,0.44,2026-08-22,0739,SNPP,SNPP,n,2.0NRT,278.18,2.88,D
23.56066,87.24033,338.44,0.41,0.37,2026-08-22,0739,SNPP,SNPP,n,2.0NRT,285.8,5.86,D
23.55952,87.23223,339.73,0.41,0.37,2026-08-22,0739,SNPP,SNPP,n,2.0NRT,286.05,4.78,D
23.66381,87.15797,334.21,0.41,0.37,2026-08-22,0739,SNPP,SNPP,n,2.0NRT,298.17,2.97,D
23.68436,86.39455,340.32,0.4,0.37,2026-08-22,0739,SNPP,SNPP,n,2.0NRT,296.73,6.05,D
21.92436,85.22442,328,0.38,0.36,2026-08-22,0739,SNPP,SNPP,n,2.0NRT,287.89,2.33,D
22.36426,87.3003,333.91,0.41,0.37,2026-08-22,0739,SNPP,SNPP,n,2.0NRT,294.57,3.04,D
22.36824,87.3037,339.4,0.41,0.37,2026-08-22,0739,SNPP,SNPP,n,2.0NRT,295.97,7.65,D
22.3785,87.27773,331.88,0.41,0.37,2026-08-22,0739,SNPP,SNPP,n,2.0NRT,294.66,4.94,D
23.55723,87.24088,336.79,0.41,0.37,2026-08-22,0739,SNPP,SNPP,n,2.0NRT,284.1,5.86,D
29.46026,76.85947,330.53,0.44,0.46,2026-08-22,0741,SNPP,SNPP,n,2.0NRT,292.28,13.33,D
29.46118,76.86392,339.97,0.44,0.46,2026-08-22,0741,SNPP,SNPP,n,2.0NRT,293.77,13.33,D
29.45699,76.86504,346.56,0.44,0.46,2026-08-22,0741,SNPP,SNPP,n,2.0NRT,298.27,13.33,D
29.45792,76.8695,330.42,0.44,0.46,2026-08-22,0741,SNPP,SNPP,n,2.0NRT,294.61,14.92,D
23.72453,86.4237,303.85,0.39,0.36,2026-08-22,2008,SNPP,SNPP,n,2.0NRT,274.68,1.02,N
28.66381,77.57708,314.6,0.33,0.56,2026-08-22,2008,SNPP,SNPP,n,2.0NRT,288.43,1.14,N
28.34062,77.22081,299.75,0.35,0.57,2026-08-22,2008,SNPP,SNPP,n,2.0NRT,275.94,0.35,N
25.5415,91.23676,301.27,0.54,0.42,2026-08-22,2008,SNPP,SNPP,n,2.0NRT,277.81,1.22,N
24.11502,86.85769,307.86,0.39,0.36,2026-08-22,2008,SNPP,SNPP,n,2.0NRT,282.2,1.07,N
24.1144,86.86147,308.81,0.39,0.36,2026-08-22,2008,SNPP,SNPP,n,2.0NRT,283.21,1.07,N
23.6964,87.09367,297.41,0.39,0.36,2026-08-22,2008,SNPP,SNPP,n,2.0NRT,264.68,0.29,N
23.69195,87.12051,297.67,0.39,0.36,2026-08-22,2008,SNPP,SNPP,n,2.0NRT,263.87,0.48,N
23.69131,87.12435,295.39,0.39,0.36,2026-08-22,2008,SNPP,SNPP,n,2.0NRT,264.22,0.16,N
23.68862,87.11987,296.46,0.39,0.36,2026-08-22,2008,SNPP,SNPP,n,2.0NRT,263.58,0.15,N
23.80406,86.32982,334.6,0.39,0.36,2026-08-22,2008,SNPP,SNPP,n,2.0NRT,287.18,2.14,N
23.80466,86.32607,305.78,0.39,0.36,2026-08-22,2008,SNPP,SNPP,n,2.0NRT,285.54,2.14,N
23.80196,86.32169,327.12,0.39,0.36,2026-08-22,2008,SNPP,SNPP,n,2.0NRT,285.89,3.01,N
23.80076,86.32919,313.28,0.39,0.36,2026-08-22,2008,SNPP,SNPP,n,2.0NRT,285.2,2.14,N
23.79713,86.35172,318.21,0.39,0.36,2026-08-22,2008,SNPP,SNPP,n,2.0NRT,285.52,2.06,N
23.66556,87.15495,297.9,0.39,0.37,2026-08-22,2008,SNPP,SNPP,n,2.0NRT,268.08,0.53,N
23.66493,87.15879,298.22,0.39,0.37,2026-08-22,2008,SNPP,SNPP,n,2.0NRT,265.75,0.19,N
23.79383,86.35108,309.25,0.39,0.36,2026-08-22,2008,SNPP,SNPP,n,2.0NRT,285.21,1.52,N
23.66223,87.1543,310.48,0.39,0.37,2026-08-22,2008,SNPP,SNPP,n,2.0NRT,267.81,1.5,N
23.78057,86.39111,317.42,0.39,0.36,2026-08-22,2008,SNPP,SNPP,n,2.0NRT,285.83,1.76,N
23.78514,86.3417,309.47,0.39,0.36,2026-08-22,2008,SNPP,SNPP,n,2.0NRT,284.94,1.08,N
23.7803,86.37172,308.3,0.39,0.36,2026-08-22,2008,SNPP,SNPP,n,2.0NRT,284.73,1.29,N
23.77787,86.38673,312.67,0.39,0.36,2026-08-22,2008,SNPP,SNPP,n,2.0NRT,284.99,2.2,N
23.77727,86.39049,314.36,0.39,0.36,2026-08-22,2008,SNPP,SNPP,n,2.0NRT,284.97,1.76,N
23.78062,86.34858,315.53,0.39,0.36,2026-08-22,2008,SNPP,SNPP,n,2.0NRT,284.61,2.08,N
23.77457,86.38611,308.73,0.39,0.36,2026-08-22,2008,SNPP,SNPP,n,2.0NRT,285.05,1.52,N
23.7749,86.36295,322.61,0.39,0.36,2026-08-22,2008,SNPP,SNPP,n,2.0NRT,284.94,2.66,N
23.76823,86.40426,313.83,0.39,0.36,2026-08-22,2008,SNPP,SNPP,n,2.0NRT,284.92,1.61,N
23.76493,86.40363,327.37,0.39,0.36,2026-08-22,2008,SNPP,SNPP,n,2.0NRT,285.66,2.89,N
23.76554,86.39987,309.21,0.39,0.36,2026-08-22,2008,SNPP,SNPP,n,2.0NRT,284.91,1.64,N
23.76163,86.403,325.95,0.39,0.36,2026-08-22,2008,SNPP,SNPP,n,2.0NRT,285.26,2.89,N
23.76345,86.39174,307.6,0.39,0.36,2026-08-22,2008,SNPP,SNPP,n,2.0NRT,284.56,2.08,N
23.76224,86.39925,308.2,0.39,0.36,2026-08-22,2008,SNPP,SNPP,n,2.0NRT,284.46,1.64,N
23.75833,86.40237,321.39,0.39,0.36,2026-08-22,2008,SNPP,SNPP,n,2.0NRT,285.21,1.76,N
23.75772,86.40613,307.26,0.39,0.36,2026-08-22,2008,SNPP,SNPP,n,2.0NRT,284.32,1.76,N
23.75259,86.41676,310.5,0.39,0.36,2026-08-22,2008,SNPP,SNPP,n,2.0NRT,284.06,1.47,N
23.78252,86.20982,306.98,0.38,0.36,2026-08-22,2008,SNPP,SNPP,n,2.0NRT,282.05,1.47,N
23.75233,86.39735,305.3,0.39,0.36,2026-08-22,2008,SNPP,SNPP,n,2.0NRT,281.57,0.95,N
23.77922,86.20919,321.79,0.38,0.36,2026-08-22,2008,SNPP,SNPP,n,2.0NRT,282.09,1.47,N
23.77592,86.20858,303.47,0.38,0.36,2026-08-22,2008,SNPP,SNPP,n,2.0NRT,281.17,1.6,N
23.73633,86.43303,330.14,0.39,0.36,2026-08-22,2008,SNPP,SNPP,n,2.0NRT,283.11,2.38,N
23.73694,86.42928,308.1,0.39,0.36,2026-08-22,2008,SNPP,SNPP,n,2.0NRT,282.51,2.38,N
23.77112,86.19609,308.73,0.38,0.36,2026-08-22,2008,SNPP,SNPP,n,2.0NRT,280.99,0.57,N
23.77052,86.19984,302.18,0.38,0.36,2026-08-22,2008,SNPP,SNPP,n,2.0NRT,281.08,0.57,N
23.7182,86.44186,306.47,0.39,0.36,2026-08-22,2008,SNPP,SNPP,n,2.0NRT,277.84,1.76,N
23.71368,86.44874,305.31,0.39,0.36,2026-08-22,2008,SNPP,SNPP,n,2.0NRT,275.58,1.28,N
23.71307,86.4525,314.36,0.39,0.36,2026-08-22,2008,SNPP,SNPP,n,2.0NRT,274.01,1.28,N
23.71462,86.42181,307.49,0.39,0.36,2026-08-22,2008,SNPP,SNPP,n,2.0NRT,278.36,1.19,N
23.71037,86.44811,316.07,0.39,0.36,2026-08-22,2008,SNPP,SNPP,n,2.0NRT,277.41,1.4,N
23.70707,86.44749,302.79,0.39,0.36,2026-08-22,2008,SNPP,SNPP,n,2.0NRT,275.82,1.4,N
23.68522,86.39298,318.66,0.39,0.36,2026-08-22,2008,SNPP,SNPP,n,2.0NRT,280.76,2.79,N
23.68131,86.39611,312.42,0.39,0.36,2026-08-22,2008,SNPP,SNPP,n,2.0NRT,281.27,1.78,N
23.67801,86.39548,313.67,0.39,0.36,2026-08-22,2008,SNPP,SNPP,n,2.0NRT,280.63,1.47,N
23.6774,86.39924,318.96,0.39,0.36,2026-08-22,2008,SNPP,SNPP,n,2.0NRT,280.77,1.47,N
23.6741,86.39861,304.95,0.39,0.36,2026-08-22,2008,SNPP,SNPP,n,2.0NRT,279.27,1.47,N
23.67349,86.40237,303.05,0.39,0.36,2026-08-22,2008,SNPP,SNPP,n,2.0NRT,278.73,1.25,N
23.75756,85.85487,312.65,0.38,0.36,2026-08-22,2008,SNPP,SNPP,n,2.0NRT,284.12,1.37,N
23.75485,85.8505,304.65,0.38,0.36,2026-08-22,2008,SNPP,SNPP,n,2.0NRT,283.43,1.25,N
23.75426,85.85425,314.65,0.38,0.36,2026-08-22,2008,SNPP,SNPP,n,2.0NRT,284.25,1.37,N
23.78804,85.55214,314.76,0.38,0.36,2026-08-22,2008,SNPP,SNPP,n,2.0NRT,282.58,1.26,N
23.78473,85.55153,303.07,0.38,0.36,2026-08-22,2008,SNPP,SNPP,n,2.0NRT,281.53,0.47,N
23.78123,85.57403,305.43,0.38,0.36,2026-08-22,2008,SNPP,SNPP,n,2.0NRT,284.26,1.57,N
23.68207,86.09506,304.46,0.38,0.36,2026-08-22,2008,SNPP,SNPP,n,2.0NRT,271.19,0.33,N
23.68147,86.0988,300.33,0.38,0.36,2026-08-22,2008,SNPP,SNPP,n,2.0NRT,272.9,0.33,N
23.67667,86.08633,308.2,0.38,0.36,2026-08-22,2008,SNPP,SNPP,n,2.0NRT,279.07,0.83,N
23.74471,85.50642,307.52,0.39,0.36,2026-08-22,2008,SNPP,SNPP,n,2.0NRT,284.25,0.62,N
23.82765,84.92325,302.42,0.39,0.36,2026-08-22,2008,SNPP,SNPP,n,2.0NRT,282.28,0.43,N
23.82564,84.57165,302.04,0.4,0.37,2026-08-22,2008,SNPP,SNPP,n,2.0NRT,273.03,0.72,N
23.82228,84.57104,302.53,0.4,0.37,2026-08-22,2008,SNPP,SNPP,n,2.0NRT,272.31,0.72,N
23.71059,85.28751,308.75,0.39,0.36,2026-08-22,2008,SNPP,SNPP,n,2.0NRT,280.99,0.8,N
23.69452,85.36971,308.97,0.39,0.36,2026-08-22,2008,SNPP,SNPP,n,2.0NRT,283.86,1.49,N
23.73948,85.00904,310.65,0.39,0.36,2026-08-22,2008,SNPP,SNPP,n,2.0NRT,285.88,1.92,N
23.65651,85.50643,302.38,0.38,0.36,2026-08-22,2008,SNPP,SNPP,n,2.0NRT,280.17,0.82,N
23.67462,85.32437,304.67,0.39,0.36,2026-08-22,2008,SNPP,SNPP,n,2.0NRT,283.89,1.02,N
23.71957,85.01024,308.24,0.39,0.36,2026-08-22,2008,SNPP,SNPP,n,2.0NRT,282.87,0.74,N
23.65051,85.43587,306.44,0.39,0.36,2026-08-22,2008,SNPP,SNPP,n,2.0NRT,281.3,0.53,N
23.64993,85.43962,303.86,0.39,0.36,2026-08-22,2008,SNPP,SNPP,n,2.0NRT,281.64,0.53,N
23.6472,85.43526,304.38,0.39,0.36,2026-08-22,2008,SNPP,SNPP,n,2.0NRT,280.87,0.88,N
23.64662,85.43901,314.18,0.39,0.36,2026-08-22,2008,SNPP,SNPP,n,2.0NRT,281.11,0.88,N
23.60973,85.67503,308.45,0.38,0.36,2026-08-22,2008,SNPP,SNPP,n,2.0NRT,282.97,0.76,N
23.66699,84.99687,305.87,0.39,0.36,2026-08-22,2008,SNPP,SNPP,n,2.0NRT,284.1,0.78,N
23.6631,85.00007,307.72,0.39,0.36,2026-08-22,2008,SNPP,SNPP,n,2.0NRT,284.51,0.78,N
24.71618,75.953,302.53,0.38,0.59,2026-08-22,2008,SNPP,SNPP,n,2.0NRT,287.47,0.56,N
24.66097,74.6322,303.48,0.46,0.64,2026-08-22,2008,SNPP,SNPP,n,2.0NRT,289.72,1.35,N
22.87344,86.06319,316.43,0.38,0.36,2026-08-22,2008,SNPP,SNPP,n,2.0NRT,285.9,1.49,N
22.79591,86.2062,303.11,0.39,0.36,2026-08-22,2008,SNPP,SNPP,n,2.0NRT,279.63,0.85,N
22.792,86.20931,306.36,0.39,0.36,2026-08-22,2008,SNPP,SNPP,n,2.0NRT,280.75,1.59,N
22.808,86.08934,301.5,0.39,0.36,2026-08-22,2008,SNPP,SNPP,n,2.0NRT,280.42,0.51,N
22.79791,86.09208,316.12,0.39,0.36,2026-08-22,2008,SNPP,SNPP,n,2.0NRT,280.64,1.36,N
22.78465,86.0052,304.08,0.38,0.36,2026-08-22,2008,SNPP,SNPP,n,2.0NRT,284.43,0.64,N
23.16562,82.3415,305.08,0.46,0.39,2026-08-22,2008,SNPP,SNPP,n,2.0NRT,263.61,0.63,N
22.6097,85.91267,309.26,0.38,0.36,2026-08-22,2008,SNPP,SNPP,n,2.0NRT,282.62,1.21,N
22.59049,85.90527,309.42,0.38,0.36,2026-08-22,2008,SNPP,SNPP,n,2.0NRT,289.55,2.02,N
22.57577,85.89106,308.49,0.38,0.36,2026-08-22,2008,SNPP,SNPP,n,2.0NRT,290.06,1.53,N
22.57247,85.89046,309.05,0.38,0.36,2026-08-22,2008,SNPP,SNPP,n,2.0NRT,289.7,1.49,N
22.57128,85.89787,311.38,0.38,0.36,2026-08-22,2008,SNPP,SNPP,n,2.0NRT,289.7,1.74,N
22.22124,84.75909,302.73,0.39,0.36,2026-08-22,2008,SNPP,SNPP,n,2.0NRT,283,0.71,N
22.21849,84.75478,306.41,0.39,0.36,2026-08-22,2008,SNPP,SNPP,n,2.0NRT,283.8,0.71,N
22.05333,85.46575,299.31,0.38,0.36,2026-08-22,2008,SNPP,SNPP,n,2.0NRT,275.48,0.32,N
22.06613,83.70398,312.11,0.41,0.37,2026-08-22,2008,SNPP,SNPP,n,2.0NRT,286.88,1.05,N
22.01341,83.75511,304.08,0.4,0.37,2026-08-22,2008,SNPP,SNPP,n,2.0NRT,286.39,1.06,N
22.03156,83.36552,308.14,0.41,0.37,2026-08-22,2008,SNPP,SNPP,n,2.0NRT,285.71,1.15,N
22.03203,83.36678,303.47,0.41,0.37,2026-08-22,2008,SNPP,SNPP,n,2.0NRT,285.55,1.44,N
22.00386,82.66874,310.8,0.44,0.38,2026-08-22,2008,SNPP,SNPP,n,2.0NRT,278.79,1.93,N
21.00038,86.02657,299.94,0.39,0.36,2026-08-22,2008,SNPP,SNPP,n,2.0NRT,273.93,0.51,N
20.9735,86.00627,304.37,0.39,0.36,2026-08-22,2008,SNPP,SNPP,n,2.0NRT,278.98,1.39,N
20.96958,86.00936,330.3,0.39,0.36,2026-08-22,2008,SNPP,SNPP,n,2.0NRT,280.45,2.65,N
20.96898,86.01307,319.71,0.39,0.36,2026-08-22,2008,SNPP,SNPP,n,2.0NRT,280.53,2.65,N
20.95027,86.04403,300.51,0.39,0.36,2026-08-22,2008,SNPP,SNPP,n,2.0NRT,276.88,1.39,N
20.94061,86.0614,305,0.39,0.36,2026-08-22,2008,SNPP,SNPP,n,2.0NRT,276.55,0.62,N
20.88578,84.98428,304.65,0.38,0.36,2026-08-22,2008,SNPP,SNPP,n,2.0NRT,286.19,1.23,N
20.87026,84.99661,305.12,0.38,0.36,2026-08-22,2008,SNPP,SNPP,n,2.0NRT,285.6,1.75,N
20.86481,84.9881,309.45,0.38,0.36,2026-08-22,2008,SNPP,SNPP,n,2.0NRT,284.82,1.27,N
20.86423,84.99176,305.53,0.38,0.36,2026-08-22,2008,SNPP,SNPP,n,2.0NRT,284.32,1.15,N
15.17784,76.67703,302.6,0.52,0.5,2026-08-22,2010,SNPP,SNPP,n,2.0NRT,271.96,2.83,N
15.18365,76.66782,299.67,0.52,0.5,2026-08-22,2010,SNPP,SNPP,n,2.0NRT,269.5,3.25,N
17.14179,77.18325,300.35,0.51,0.5,2026-08-22,2010,SNPP,SNPP,n,2.0NRT,286.5,0.97,N
21.10145,72.63374,312.46,0.57,0.69,2026-08-22,2010,SNPP,SNPP,n,2.0NRT,278.17,2.52,N
21.10692,72.64557,306.14,0.56,0.69,2026-08-22,2010,SNPP,SNPP,n,2.0NRT,276.15,2.11,N
21.10789,72.63438,297.41,0.57,0.69,2026-08-22,2010,SNPP,SNPP,n,2.0NRT,276.62,1.56,N
21.10257,72.63496,314.08,0.57,0.69,2026-08-22,2010,SNPP,SNPP,n,2.0NRT,277.35,3.3,N
21.10811,72.64683,299.65,0.56,0.69,2026-08-22,2010,SNPP,SNPP,n,2.0NRT,276.31,1.89,N
21.109,72.63563,296.9,0.57,0.69,2026-08-22,2010,SNPP,SNPP,n,2.0NRT,276.1,2.38,N
15.17907,76.67417,298.84,0.52,0.5,2026-08-22,2010,SNPP,SNPP,n,2.0NRT,271.44,1.99,N
15.18033,76.66441,296.01,0.52,0.5,2026-08-22,2010,SNPP,SNPP,n,2.0NRT,270.58,1.2,N
15.18495,76.66499,295.13,0.52,0.5,2026-08-22,2010,SNPP,SNPP,n,2.0NRT,269.54,1.01,N
10.2395,77.21495,306.04,0.41,0.45,2026-08-22,2012,SNPP,SNPP,n,2.0NRT,285.61,1.38,N
10.08541,77.24478,316.57,0.41,0.45,2026-08-22,2012,SNPP,SNPP,n,2.0NRT,289.35,1.5,N
10.0821,77.23841,305.95,0.41,0.45,2026-08-22,2012,SNPP,SNPP,n,2.0NRT,289.39,1.95,N
9.63003,77.42585,299.48,0.39,0.44,2026-08-22,2012,SNPP,SNPP,n,2.0NRT,270.94,0.75,N
11.81559,77.91829,302.45,0.39,0.44,2026-08-22,2012,SNPP,SNPP,n,2.0NRT,280.35,1.22,N
10.93126,77.0644,306.28,0.43,0.46,2026-08-22,2012,SNPP,SNPP,n,2.0NRT,289.45,0.62,N
10.92703,77.06378,300.75,0.43,0.46,2026-08-22,2012,SNPP,SNPP,n,2.0NRT,289.03,0.53,N
10.68565,77.50634,316.98,0.4,0.44,2026-08-22,2012,SNPP,SNPP,n,2.0NRT,292.29,1.55,N
10.61528,77.4217,309.99,0.41,0.45,2026-08-22,2012,SNPP,SNPP,n,2.0NRT,292.12,0.7,N
24.66165,74.63514,301.51,0.62,0.71,2026-08-22,2148,SNPP,SNPP,n,2.0NRT,288.82,1.61,N
26.25974,74.09682,301.85,0.53,0.67,2026-08-22,2148,SNPP,SNPP,n,2.0NRT,288.7,0.87,N
21.1083,72.64712,305.07,0.56,0.69,2026-08-22,2150,SNPP,SNPP,n,2.0NRT,288.17,1.43,N
21.10465,72.63463,303.18,0.56,0.69,2026-08-22,2150,SNPP,SNPP,n,2.0NRT,287.89,1.71,N
23.76439,86.40546,337.61,0.46,0.39,2026-08-23,0722,SNPP,SNPP,l,2.0NRT,295.16,9.11,D
25.70774,93.52971,330.99,0.5,0.41,2026-08-23,0722,SNPP,SNPP,n,2.0NRT,289.44,3.21,D
23.68413,86.3939,334.02,0.46,0.39,2026-08-23,0722,SNPP,SNPP,l,2.0NRT,294.75,6.14,D
23.71326,86.45322,334.56,0.46,0.39,2026-08-23,0722,SNPP,SNPP,l,2.0NRT,295.7,7.52,D
23.67774,86.39987,333.05,0.46,0.39,2026-08-23,0722,SNPP,SNPP,l,2.0NRT,295.05,6.81,D
29.45837,76.8635,335.25,0.41,0.61,2026-08-23,0724,SNPP,SNPP,n,2.0NRT,289.51,4.4,D
9.11287,77.61896,331.28,0.39,0.6,2026-08-23,0858,SNPP,SNPP,n,2.0NRT,297.74,1.9,D
9.33903,77.85733,333.04,0.41,0.61,2026-08-23,0858,SNPP,SNPP,n,2.0NRT,296.88,3.16,D
9.30156,77.52041,337.02,0.39,0.59,2026-08-23,0858,SNPP,SNPP,n,2.0NRT,298.79,2.15,D
9.75798,77.86183,333.4,0.42,0.61,2026-08-23,0858,SNPP,SNPP,n,2.0NRT,290.13,4.86,D
8.60119,77.89647,336.19,0.41,0.6,2026-08-23,0858,SNPP,SNPP,n,2.0NRT,297.6,3.94,D
9.40167,78.73985,338.39,0.47,0.64,2026-08-23,0858,SNPP,SNPP,n,2.0NRT,292.39,4.17,D
29.45605,76.86481,326.44,0.73,0.76,2026-08-23,1947,SNPP,SNPP,n,2.0NRT,279.86,4.86,N
29.45934,76.86684,311.09,0.72,0.76,2026-08-23,1947,SNPP,SNPP,n,2.0NRT,280.2,3.52,N
29.45968,76.85906,307.01,0.73,0.76,2026-08-23,1947,SNPP,SNPP,n,2.0NRT,279.1,2.79,N
22.37884,87.29135,304.28,0.45,0.39,2026-08-23,1949,SNPP,SNPP,n,2.0NRT,286.06,1.24,N
22.37705,87.27776,331.69,0.45,0.39,2026-08-23,1949,SNPP,SNPP,n,2.0NRT,287.58,3.46,N
22.37646,87.2821,311.21,0.45,0.39,2026-08-23,1949,SNPP,SNPP,n,2.0NRT,286.62,3.46,N
22.38041,87.28827,307.22,0.45,0.39,2026-08-23,1949,SNPP,SNPP,n,2.0NRT,285.8,2.54,N
22.37808,87.27902,335.54,0.45,0.39,2026-08-23,1949,SNPP,SNPP,n,2.0NRT,287.71,6.18,N
22.36435,87.29896,320.25,0.45,0.39,2026-08-23,1949,SNPP,SNPP,n,2.0NRT,289.13,3.59,N
22.35846,87.28915,315.8,0.45,0.39,2026-08-23,1949,SNPP,SNPP,n,2.0NRT,289.23,3.44,N
22.36707,87.01698,305.19,0.46,0.39,2026-08-23,1949,SNPP,SNPP,n,2.0NRT,280.79,1.1,N
22.36347,87.01639,307.08,0.46,0.39,2026-08-23,1949,SNPP,SNPP,n,2.0NRT,281.28,1.1,N
22.24415,87.38719,316.48,0.44,0.38,2026-08-23,1949,SNPP,SNPP,n,2.0NRT,289.59,2.84,N
22.05338,88.12582,312.77,0.41,0.37,2026-08-23,1949,SNPP,SNPP,n,2.0NRT,274.86,0.97,N
22.04995,88.12524,300.72,0.41,0.37,2026-08-23,1949,SNPP,SNPP,n,2.0NRT,274.65,0.97,N
23.67651,86.3963,313.29,0.51,0.41,2026-08-23,1949,SNPP,SNPP,n,2.0NRT,287.7,1.83,N
25.03607,87.38985,300.94,0.47,0.4,2026-08-23,1949,SNPP,SNPP,n,2.0NRT,276.37,0.78,N
24.11867,86.86238,304.73,0.49,0.4,2026-08-23,1949,SNPP,SNPP,n,2.0NRT,283.7,1.2,N
24.11497,86.86179,315.04,0.49,0.4,2026-08-23,1949,SNPP,SNPP,n,2.0NRT,284.19,1.2,N
23.79316,86.35529,302.79,0.51,0.41,2026-08-23,1949,SNPP,SNPP,n,2.0NRT,285.79,3.48,N
23.6977,87.09478,303.2,0.47,0.4,2026-08-23,1949,SNPP,SNPP,n,2.0NRT,287.02,2.05,N
23.69225,87.10797,302.31,0.47,0.4,2026-08-23,1949,SNPP,SNPP,n,2.0NRT,286.2,3.18,N
23.79394,86.35359,310.56,0.51,0.41,2026-08-23,1949,SNPP,SNPP,n,2.0NRT,285.98,3.37,N
23.69247,87.10574,304.11,0.47,0.4,2026-08-23,1949,SNPP,SNPP,n,2.0NRT,286.05,1.4,N
23.69184,87.11031,304.34,0.47,0.4,2026-08-23,1949,SNPP,SNPP,n,2.0NRT,286.12,2.47,N
23.68946,87.10056,303.81,0.47,0.4,2026-08-23,1949,SNPP,SNPP,n,2.0NRT,285.44,1.4,N
23.77992,86.37187,307.54,0.51,0.41,2026-08-23,1949,SNPP,SNPP,n,2.0NRT,286.83,2.64,N
23.77368,86.36065,305.88,0.51,0.41,2026-08-23,1949,SNPP,SNPP,n,2.0NRT,285.7,2.7,N
23.77302,86.36568,319.44,0.51,0.41,2026-08-23,1949,SNPP,SNPP,n,2.0NRT,286.74,2.7,N
23.76398,86.40508,320.1,0.51,0.41,2026-08-23,1949,SNPP,SNPP,n,2.0NRT,286.71,3.24,N
23.76086,86.39946,312.32,0.51,0.41,2026-08-23,1949,SNPP,SNPP,n,2.0NRT,286.91,3.24,N
23.7507,86.41822,311.61,0.51,0.41,2026-08-23,1949,SNPP,SNPP,n,2.0NRT,286.58,3.23,N
23.73744,86.43132,315.58,0.51,0.41,2026-08-23,1949,SNPP,SNPP,n,2.0NRT,283.11,3.36,N
23.73679,86.43628,301.72,0.51,0.41,2026-08-23,1949,SNPP,SNPP,n,2.0NRT,280.07,0.7,N
23.72484,86.43946,305.83,0.5,0.41,2026-08-23,1949,SNPP,SNPP,n,2.0NRT,284.04,1.33,N
23.72365,86.41901,304.57,0.51,0.41,2026-08-23,1949,SNPP,SNPP,n,2.0NRT,284.1,1.4,N
23.72301,86.42394,302.85,0.51,0.41,2026-08-23,1949,SNPP,SNPP,n,2.0NRT,283.39,0.68,N
23.71924,86.42335,302.48,0.51,0.41,2026-08-23,1949,SNPP,SNPP,n,2.0NRT,282.02,0.68,N
23.71666,86.44323,307.55,0.5,0.41,2026-08-23,1949,SNPP,SNPP,n,2.0NRT,284.24,2.41,N
23.71547,86.42276,309.67,0.51,0.41,2026-08-23,1949,SNPP,SNPP,n,2.0NRT,284.04,1.37,N
23.71483,86.4277,303.14,0.51,0.41,2026-08-23,1949,SNPP,SNPP,n,2.0NRT,282.95,1.37,N
23.71226,86.44759,304.5,0.5,0.41,2026-08-23,1949,SNPP,SNPP,n,2.0NRT,284.46,1.32,N
23.71161,86.45256,316.85,0.5,0.41,2026-08-23,1949,SNPP,SNPP,n,2.0NRT,284.65,2.32,N
23.70849,86.44699,306.06,0.5,0.41,2026-08-23,1949,SNPP,SNPP,n,2.0NRT,284.37,1.32,N
23.68469,86.39252,319.99,0.51,0.41,2026-08-23,1949,SNPP,SNPP,n,2.0NRT,287.19,4.18,N
23.68028,86.39692,310.89,0.51,0.41,2026-08-23,1949,SNPP,SNPP,n,2.0NRT,286.89,1.83,N
23.67588,86.40126,314.16,0.51,0.41,2026-08-23,1949,SNPP,SNPP,n,2.0NRT,287.11,1.83,N
23.68546,86.39105,315.22,0.51,0.41,2026-08-23,1949,SNPP,SNPP,n,2.0NRT,287.03,1.98,N
23.68479,86.39607,308.93,0.51,0.41,2026-08-23,1949,SNPP,SNPP,n,2.0NRT,286.78,1.98,N
23.68102,86.39546,308.42,0.51,0.41,2026-08-23,1949,SNPP,SNPP,n,2.0NRT,287.08,1.95,N
23.67725,86.39486,309.09,0.51,0.41,2026-08-23,1949,SNPP,SNPP,n,2.0NRT,287.15,1.95,N
23.67659,86.3998,319.75,0.51,0.41,2026-08-23,1949,SNPP,SNPP,n,2.0NRT,287.62,3.66,N
23.675,86.08497,311.06,0.53,0.42,2026-08-23,1949,SNPP,SNPP,n,2.0NRT,262.8,0.74,N
23.67103,86.11588,308.29,0.52,0.42,2026-08-23,1949,SNPP,SNPP,n,2.0NRT,276.87,1.63,N
22.37943,87.28702,304.16,0.45,0.39,2026-08-23,1949,SNPP,SNPP,n,2.0NRT,286.03,1.24,N
17.6089,83.2031,312.06,0.43,0.46,2026-08-23,1951,SNPP,SNPP,n,2.0NRT,285.59,2.51,N
17.60466,83.20252,308.79,0.43,0.46,2026-08-23,1951,SNPP,SNPP,n,2.0NRT,284.47,1.86,N
11.1382,77.34947,295.69,0.43,0.62,2026-08-23,1951,SNPP,SNPP,n,2.0NRT,265.86,0.63,N
10.07274,77.25336,313.23,0.43,0.62,2026-08-23,1953,SNPP,SNPP,n,2.0NRT,276.82,1.63,N
10.07236,77.25639,313.63,0.43,0.62,2026-08-23,1953,SNPP,SNPP,n,2.0NRT,276.72,1.63,N
10.07149,77.25207,301.66,0.43,0.62,2026-08-23,1953,SNPP,SNPP,n,2.0NRT,276.97,2.47,N
10.0711,77.255,318.01,0.43,0.62,2026-08-23,1953,SNPP,SNPP,n,2.0NRT,277.2,1.65,N
10.07071,77.25803,298.24,0.42,0.61,2026-08-23,1953,SNPP,SNPP,n,2.0NRT,276.35,1.65,N
31.26044,76.92447,303.03,0.63,0.54,2026-08-23,2127,SNPP,SNPP,n,2.0NRT,289.55,1.21,N
31.25972,76.92417,303.56,0.63,0.54,2026-08-23,2127,SNPP,SNPP,n,2.0NRT,289.44,1.06,N
29.45798,76.88937,307.07,0.34,0.56,2026-08-23,2127,SNPP,SNPP,n,2.0NRT,286.24,1.17,N
29.45706,76.87043,345.96,0.34,0.56,2026-08-23,2127,SNPP,SNPP,n,2.0NRT,287.56,3.77,N
29.45788,76.86697,309.22,0.34,0.56,2026-08-23,2127,SNPP,SNPP,n,2.0NRT,287.34,2.77,N
29.35946,76.95735,305.21,0.35,0.57,2026-08-23,2127,SNPP,SNPP,n,2.0NRT,288.28,0.77,N
27.66743,76.13509,303.8,0.34,0.56,2026-08-23,2127,SNPP,SNPP,n,2.0NRT,288.75,0.76,N
24.68984,73.00451,307.66,0.51,0.49,2026-08-23,2129,SNPP,SNPP,n,2.0NRT,291.76,1.64,N
16.7534,74.28566,301.79,0.44,0.62,2026-08-23,2131,SNPP,SNPP,n,2.0NRT,282.91,0.63,N
31.99853,78.5369,333.62,0.54,0.68,2026-08-24,0705,SNPP,SNPP,n,2.0NRT,298.58,4.85,D
8.86875,78.15804,341.5,0.41,0.45,2026-08-24,0839,SNPP,SNPP,n,2.0NRT,289.45,5.2,D
8.86698,78.08605,332.97,0.41,0.45,2026-08-24,0839,SNPP,SNPP,n,2.0NRT,286.72,3.33,D
30.4505,74.18115,332.79,0.44,0.46,2026-08-24,0845,SNPP,SNPP,n,2.0NRT,297.29,4.16,D
22.3605,87.29447,314.52,0.55,0.51,2026-08-24,1930,SNPP,SNPP,n,2.0NRT,288.5,3.51,N
23.55243,87.23839,302.43,0.57,0.52,2026-08-24,1930,SNPP,SNPP,n,2.0NRT,275.19,2.3,N
22.86855,86.05769,301.01,0.33,0.56,2026-08-24,1930,SNPP,SNPP,n,2.0NRT,286.9,0.98,N
22.58832,85.90031,303.06,0.34,0.56,2026-08-24,1930,SNPP,SNPP,n,2.0NRT,286.7,1.24,N
22.58314,85.89967,302.78,0.34,0.56,2026-08-24,1930,SNPP,SNPP,n,2.0NRT,286.6,1.24,N
22.58779,85.89744,301.86,0.34,0.56,2026-08-24,1930,SNPP,SNPP,n,2.0NRT,286.83,1.66,N
22.56736,85.89178,306.82,0.34,0.56,2026-08-24,1930,SNPP,SNPP,n,2.0NRT,286.55,1.65,N
22.37227,87.27415,325.21,0.55,0.51,2026-08-24,1930,SNPP,SNPP,n,2.0NRT,288.95,5.77,N
22.36139,87.01068,308.79,0.57,0.52,2026-08-24,1930,SNPP,SNPP,n,2.0NRT,289.02,3.56,N
22.36172,87.01392,310.09,0.57,0.52,2026-08-24,1930,SNPP,SNPP,n,2.0NRT,288.97,2.67,N
27.37654,95.08727,307.83,0.39,0.37,2026-08-24,1930,SNPP,SNPP,n,2.0NRT,286.2,1.51,N
25.94131,72.19123,311.79,0.4,0.37,2026-08-24,2110,SNPP,SNPP,n,2.0NRT,295.8,1.76,N
26.25756,74.09525,308.52,0.46,0.39,2026-08-24,2110,SNPP,SNPP,n,2.0NRT,293.4,1.39,N
31.25866,76.92591,304.88,0.52,0.42,2026-08-24,2110,SNPP,SNPP,n,2.0NRT,290.63,1.06,N
29.45879,76.8923,303.48,0.55,0.43,2026-08-24,2110,SNPP,SNPP,n,2.0NRT,287.77,2.12,N
26.87662,73.51538,307.36,0.43,0.38,2026-08-24,2110,SNPP,SNPP,n,2.0NRT,294.83,1.23,N
23.05546,69.99567,308.71,0.38,0.36,2026-08-24,2112,SNPP,SNPP,n,2.0NRT,294.75,0.63,N
22.92933,70.10716,313.68,0.38,0.36,2026-08-24,2112,SNPP,SNPP,n,2.0NRT,294.86,1.04,N
23.10639,70.1897,306.28,0.38,0.36,2026-08-24,2112,SNPP,SNPP,n,2.0NRT,295.39,0.54,N
22.3408,69.85459,305.94,0.38,0.36,2026-08-24,2112,SNPP,SNPP,n,2.0NRT,294.23,1.87,N
21.11144,72.63482,311.12,0.46,0.39,2026-08-24,2112,SNPP,SNPP,n,2.0NRT,293.41,2.9,N
21.1091,72.64789,309.92,0.46,0.39,2026-08-24,2112,SNPP,SNPP,n,2.0NRT,293.66,3.01,N
21.10552,72.64716,337.64,0.46,0.39,2026-08-24,2112,SNPP,SNPP,n,2.0NRT,295.31,10.73,N
21.10352,72.63773,330.98,0.46,0.39,2026-08-24,2112,SNPP,SNPP,n,2.0NRT,293.45,9.49,N
20.91151,71.45895,310.03,0.41,0.37,2026-08-24,2112,SNPP,SNPP,n,2.0NRT,293.19,1.54,N
20.35698,72.95097,301.25,0.48,0.4,2026-08-24,2112,SNPP,SNPP,n,2.0NRT,288.29,2,N
23.2488,69.87011,307.12,0.38,0.36,2026-08-24,2112,SNPP,SNPP,n,2.0NRT,295.5,0.82,N
22.34504,69.87063,323.05,0.38,0.36,2026-08-24,2112,SNPP,SNPP,n,2.0NRT,292.53,1.78,N
22.93312,69.69794,324.97,0.38,0.36,2026-08-24,2112,SNPP,SNPP,n,2.0NRT,295.2,2.55,N
22.93583,69.70226,321.57,0.38,0.36,2026-08-24,2112,SNPP,SNPP,n,2.0NRT,295.22,3.69,N
22.93641,69.69853,325.35,0.38,0.36,2026-08-24,2112,SNPP,SNPP,n,2.0NRT,295.02,2.55,N
23.25788,70.26331,307.92,0.38,0.36,2026-08-24,2112,SNPP,SNPP,n,2.0NRT,295.12,0.65,N
22.34174,69.87002,322.14,0.38,0.36,2026-08-24,2112,SNPP,SNPP,n,2.0NRT,292.79,1.78,N
24.8168,73.0893,306.65,0.43,0.38,2026-08-24,2112,SNPP,SNPP,n,2.0NRT,290.19,0.76,N
24.68826,72.99875,309.39,0.43,0.38,2026-08-24,2112,SNPP,SNPP,n,2.0NRT,290.77,1.05,N
23.3162,70.48951,309.1,0.39,0.36,2026-08-24,2112,SNPP,SNPP,n,2.0NRT,295.62,1.26,N
18.68346,73.03221,304.3,0.51,0.41,2026-08-24,2114,SNPP,SNPP,n,2.0NRT,288.14,1.88,N
18.68722,73.03297,305.75,0.51,0.41,2026-08-24,2114,SNPP,SNPP,n,2.0NRT,288.63,1.88,N
16.00588,79.10636,330.37,0.46,0.39,2026-08-25,0822,SNPP,SNPP,n,2.0NRT,297.38,1.63,D
10.2144,79.2453,332.07,0.42,0.37,2026-08-25,0822,SNPP,SNPP,n,2.0NRT,277.4,4.51,D
10.21385,79.24151,330.12,0.42,0.37,2026-08-25,0822,SNPP,SNPP,n,2.0NRT,278.65,3.48,D
14.20531,77.38112,337.11,0.39,0.36,2026-08-25,0822,SNPP,SNPP,n,2.0NRT,297.5,3.89,D
14.86806,79.7366,350.15,0.48,0.4,2026-08-25,0822,SNPP,SNPP,n,2.0NRT,299.64,9.7,D
15.65774,78.98273,344.31,0.45,0.39,2026-08-25,0822,SNPP,SNPP,n,2.0NRT,299.23,6.07,D
17.08652,79.68517,330.79,0.51,0.41,2026-08-25,0822,SNPP,SNPP,n,2.0NRT,293.24,3.75,D
30.38699,73.90166,331.03,0.4,0.37,2026-08-25,0826,SNPP,SNPP,l,2.0NRT,303.76,3.83,D
27.32489,95.27836,310.53,0.4,0.44,2026-08-25,1910,SNPP,SNPP,n,2.0NRT,288.02,2.34,N
27.31814,95.26488,317.39,0.4,0.45,2026-08-25,1910,SNPP,SNPP,n,2.0NRT,287.49,2.44,N
22.37854,87.27468,305.68,0.55,0.68,2026-08-25,1910,SNPP,SNPP,n,2.0NRT,275.84,2.05,N
22.37812,87.2802,307.89,0.55,0.68,2026-08-25,1910,SNPP,SNPP,n,2.0NRT,276.62,2.05,N
22.37654,87.27341,299.76,0.55,0.68,2026-08-25,1910,SNPP,SNPP,n,2.0NRT,276.37,2.54,N
22.37608,87.27892,311.74,0.55,0.68,2026-08-25,1910,SNPP,SNPP,n,2.0NRT,279.11,3.21,N
22.36787,87.30032,305.12,0.55,0.68,2026-08-25,1910,SNPP,SNPP,n,2.0NRT,281.45,1.59,N
22.35603,87.28809,299.91,0.55,0.68,2026-08-25,1910,SNPP,SNPP,n,2.0NRT,278.54,1.02,N
22.36498,87.01769,302.1,0.57,0.69,2026-08-25,1910,SNPP,SNPP,n,2.0NRT,277.98,0.5,N
22.24567,87.3872,301.79,0.54,0.68,2026-08-25,1910,SNPP,SNPP,n,2.0NRT,281.07,0.71,N
25.9415,72.19053,306.2,0.45,0.39,2026-08-25,2053,SNPP,SNPP,n,2.0NRT,280.44,0.87,N
22.03749,83.35403,297.68,0.32,0.55,2026-08-25,2053,SNPP,SNPP,n,2.0NRT,272.66,1.02,N
21.82554,83.90067,298.76,0.35,0.57,2026-08-25,2053,SNPP,SNPP,n,2.0NRT,272.21,0.53,N
21.80047,83.89091,298.89,0.35,0.57,2026-08-25,2053,SNPP,SNPP,n,2.0NRT,274.09,0.38,N
21.75037,83.84305,301.57,0.35,0.57,2026-08-25,2053,SNPP,SNPP,n,2.0NRT,274.45,0.9,N
21.74524,83.84165,344.62,0.35,0.57,2026-08-25,2053,SNPP,SNPP,n,2.0NRT,278.44,2.32,N
21.7445,83.84505,298.77,0.35,0.57,2026-08-25,2053,SNPP,SNPP,n,2.0NRT,276.34,2.32,N
21.74012,83.84026,308.08,0.35,0.57,2026-08-25,2053,SNPP,SNPP,n,2.0NRT,277.41,2.32,N
21.80072,82.0384,300.33,0.54,0.51,2026-08-25,2053,SNPP,SNPP,n,2.0NRT,277.59,0.72,N
21.37644,81.67916,295.33,0.52,0.5,2026-08-25,2053,SNPP,SNPP,n,2.0NRT,271.65,1.1,N
21.46661,80.1269,300.63,0.42,0.45,2026-08-25,2053,SNPP,SNPP,n,2.0NRT,271.13,0.53,N
22.93243,69.69887,311.42,0.55,0.43,2026-08-25,2053,SNPP,SNPP,n,2.0NRT,293.13,2.23,N
22.93312,69.69748,314.65,0.55,0.43,2026-08-25,2053,SNPP,SNPP,n,2.0NRT,292.93,2.18,N
17.95664,80.79015,304.6,0.53,0.5,2026-08-25,2053,SNPP,SNPP,n,2.0NRT,287.69,2.22,N
15.17508,76.67832,297.22,0.5,0.41,2026-08-25,2053,SNPP,SNPP,n,2.0NRT,285.37,2.28,N
15.1759,76.67371,305.07,0.5,0.41,2026-08-25,2053,SNPP,SNPP,n,2.0NRT,286.46,0.71,N
15.17962,76.67442,300.33,0.5,0.41,2026-08-25,2053,SNPP,SNPP,n,2.0NRT,283.81,0.71,N
18.80515,74.26173,306.85,0.39,0.36,2026-08-25,2053,SNPP,SNPP,n,2.0NRT,290.55,0.58,N
17.95771,80.79256,318.24,0.53,0.5,2026-08-25,2053,SNPP,SNPP,n,2.0NRT,287.88,4.11,N
17.95564,80.7951,310.43,0.53,0.5,2026-08-25,2053,SNPP,SNPP,n,2.0NRT,287.79,1.62,N
14.87239,78.05413,309.87,0.4,0.44,2026-08-25,2055,SNPP,SNPP,n,2.0NRT,281.77,2.06,N
22.4152,69.03896,305.3,0.39,0.44,2026-08-25,2055,SNPP,SNPP,n,2.0NRT,285.84,1.39,N
21.1113,72.63686,301.26,0.4,0.37,2026-08-25,2055,SNPP,SNPP,n,2.0NRT,279.28,1.51,N
21.10678,72.64395,316.16,0.4,0.37,2026-08-25,2055,SNPP,SNPP,n,2.0NRT,277.94,2.31,N
21.1062,72.64778,310.96,0.4,0.37,2026-08-25,2055,SNPP,SNPP,n,2.0NRT,275.72,1.33,N
21.10456,72.63571,316.63,0.4,0.37,2026-08-25,2055,SNPP,SNPP,n,2.0NRT,287.4,3.21,N
21.10119,72.63515,333.85,0.4,0.37,2026-08-25,2055,SNPP,SNPP,n,2.0NRT,290.63,7.38,N
19.82175,79.2376,301.47,0.39,0.44,2026-08-25,2055,SNPP,SNPP,n,2.0NRT,286.07,0.86,N
9.70498,77.43482,295.89,0.45,0.47,2026-08-25,2055,SNPP,SNPP,n,2.0NRT,271.73,1.89,N
9.38904,78.88414,334.56,0.47,0.4,2026-08-26,0801,SNPP,SNPP,l,2.0NRT,299.26,5.44,D
9.38948,78.88505,336.31,0.47,0.4,2026-08-26,0801,SNPP,SNPP,l,2.0NRT,299.69,6.1,D
9.80408,78.17467,337.02,0.5,0.41,2026-08-26,0801,SNPP,SNPP,n,2.0NRT,296.81,4,D
9.90871,78.08326,333.9,0.51,0.41,2026-08-26,0801,SNPP,SNPP,n,2.0NRT,295.44,5.83,D
9.90823,78.08034,333.85,0.51,0.41,2026-08-26,0801,SNPP,SNPP,n,2.0NRT,295.48,5.5,D
10.05334,77.95324,348.01,0.51,0.41,2026-08-26,0801,SNPP,SNPP,n,2.0NRT,296.96,10.17,D
12.13064,79.65323,333.44,0.41,0.37,2026-08-26,0801,SNPP,SNPP,l,2.0NRT,306.63,24.35,D
13.84194,79.25305,330.21,0.41,0.37,2026-08-26,0803,SNPP,SNPP,l,2.0NRT,296.56,5.29,D
14.25997,80.11976,330.87,0.39,0.36,2026-08-26,0803,SNPP,SNPP,l,2.0NRT,302.06,9.65,D
14.2594,80.11615,332.94,0.39,0.36,2026-08-26,0803,SNPP,SNPP,l,2.0NRT,301.84,5.44,D
15.17995,76.68201,334.96,0.51,0.41,2026-08-26,0803,SNPP,SNPP,n,2.0NRT,296.78,3.33,D
15.90841,79.10486,332.68,0.4,0.37,2026-08-26,0803,SNPP,SNPP,l,2.0NRT,300.64,3.57,D
16.40065,79.36692,335.87,0.39,0.36,2026-08-26,0803,SNPP,SNPP,n,2.0NRT,297.3,4.44,D
17.95717,80.79728,333.75,0.39,0.36,2026-08-26,0803,SNPP,SNPP,n,2.0NRT,296.44,3.39,D
18.54734,74.17914,332.83,0.42,0.45,2026-08-26,0803,SNPP,SNPP,n,2.0NRT,294.44,5.43,D
21.74366,83.84032,332.06,0.53,0.42,2026-08-26,0805,SNPP,SNPP,n,2.0NRT,291.1,5.71,D
21.74819,83.84499,338.5,0.53,0.42,2026-08-26,0805,SNPP,SNPP,n,2.0NRT,294.05,5.71,D
21.75594,83.84392,339.67,0.53,0.42,2026-08-26,0805,SNPP,SNPP,n,2.0NRT,293.25,10.06,D
22.35679,82.30565,330.32,0.45,0.39,2026-08-26,0805,SNPP,SNPP,n,2.0NRT,295.09,5.19,D
21.10306,72.64542,336.67,0.47,0.48,2026-08-26,0805,SNPP,SNPP,n,2.0NRT,293.41,4.7,D
21.10126,72.63638,355.87,0.47,0.48,2026-08-26,0805,SNPP,SNPP,n,2.0NRT,294.3,11.1,D
30.37266,73.89281,332.4,0.44,0.38,2026-08-26,0807,SNPP,SNPP,l,2.0NRT,302.55,4.26,D
30.37163,73.89048,336.49,0.44,0.38,2026-08-26,0807,SNPP,SNPP,n,2.0NRT,302.65,4.25,D
33.57693,74.22216,330.71,0.4,0.37,2026-08-26,0807,SNPP,SNPP,n,2.0NRT,299.53,2.99,D
24.92307,92.52792,297.19,0.55,0.68,2026-08-26,1851,SNPP,SNPP,n,2.0NRT,284.62,4.53,N
29.92137,74.95252,298.99,0.42,0.45,2026-08-26,2032,SNPP,SNPP,n,2.0NRT,282.32,0.96,N
20.79388,85.25462,303.84,0.45,0.47,2026-08-26,2034,SNPP,SNPP,n,2.0NRT,286.57,1.13,N
20.86296,84.99215,308.93,0.43,0.46,2026-08-26,2034,SNPP,SNPP,n,2.0NRT,281.55,2.41,N
20.86377,84.98796,331.05,0.43,0.46,2026-08-26,2034,SNPP,SNPP,n,2.0NRT,283.25,2.41,N
20.86633,84.99726,302.62,0.43,0.46,2026-08-26,2034,SNPP,SNPP,n,2.0NRT,282.26,1.86,N
20.86715,84.99306,303.85,0.43,0.46,2026-08-26,2034,SNPP,SNPP,n,2.0NRT,281.88,2.21,N
23.12196,70.08334,311,0.34,0.56,2026-08-26,2034,SNPP,SNPP,n,2.0NRT,290.15,1.48,N
23.61321,86.7896,311.97,0.5,0.49,2026-08-26,2034,SNPP,SNPP,n,2.0NRT,287.72,3.11,N
23.61457,86.79169,311.36,0.5,0.49,2026-08-26,2034,SNPP,SNPP,n,2.0NRT,287.95,3.56,N
23.55976,87.23328,304.51,0.53,0.5,2026-08-26,2034,SNPP,SNPP,n,2.0NRT,285.34,2.46,N
23.56083,87.22818,300.7,0.53,0.5,2026-08-26,2034,SNPP,SNPP,n,2.0NRT,280.42,2.21,N
23.79305,86.23392,297.85,0.46,0.47,2026-08-26,2034,SNPP,SNPP,n,2.0NRT,284.98,3.42,N
23.79604,86.28603,299.33,0.46,0.47,2026-08-26,2034,SNPP,SNPP,n,2.0NRT,285.08,1.39,N
23.69875,87.09306,301.23,0.52,0.5,2026-08-26,2034,SNPP,SNPP,n,2.0NRT,285.24,2.02,N
20.78876,85.25801,301.02,0.45,0.47,2026-08-26,2034,SNPP,SNPP,n,2.0NRT,286.65,1.13,N
22.9245,69.82229,301.64,0.35,0.57,2026-08-26,2034,SNPP,SNPP,n,2.0NRT,290.12,1.76,N
22.92565,69.82343,303.65,0.35,0.57,2026-08-26,2034,SNPP,SNPP,n,2.0NRT,290.14,0.67,N
20.79303,85.25893,302.21,0.45,0.47,2026-08-26,2034,SNPP,SNPP,n,2.0NRT,287.06,1.13,N
15.17624,76.66125,304.34,0.39,0.36,2026-08-26,2036,SNPP,SNPP,n,2.0NRT,288.3,1.72,N
15.68362,78.45876,306.97,0.39,0.36,2026-08-26,2036,SNPP,SNPP,n,2.0NRT,292.66,0.94,N
15.01486,79.80273,316.21,0.43,0.38,2026-08-26,2036,SNPP,SNPP,n,2.0NRT,292.67,4.81,N
15.33239,76.28411,306.46,0.4,0.37,2026-08-26,2036,SNPP,SNPP,n,2.0NRT,287.96,0.93,N
15.17826,77.10178,302.31,0.39,0.36,2026-08-26,2036,SNPP,SNPP,n,2.0NRT,285.43,0.81,N
15.17495,77.10123,306.08,0.39,0.36,2026-08-26,2036,SNPP,SNPP,n,2.0NRT,287.24,0.81,N
15.02314,78.01447,308.69,0.39,0.36,2026-08-26,2036,SNPP,SNPP,n,2.0NRT,280.87,1.12,N
15.30111,76.21888,304.95,0.4,0.37,2026-08-26,2036,SNPP,SNPP,n,2.0NRT,289.96,0.69,N
15.1731,76.78556,304.39,0.39,0.36,2026-08-26,2036,SNPP,SNPP,n,2.0NRT,291.16,0.82,N
15.18476,76.66579,311.2,0.39,0.36,2026-08-26,2036,SNPP,SNPP,n,2.0NRT,290.28,1.57,N
15.18143,76.66524,326.3,0.39,0.36,2026-08-26,2036,SNPP,SNPP,n,2.0NRT,290.26,1.57,N
15.18476,76.64362,304.82,0.39,0.36,2026-08-26,2036,SNPP,SNPP,n,2.0NRT,289.85,0.6,N
15.18088,76.66885,306.97,0.39,0.36,2026-08-26,2036,SNPP,SNPP,n,2.0NRT,290.26,2.45,N
15.17922,76.67965,309.1,0.39,0.36,2026-08-26,2036,SNPP,SNPP,n,2.0NRT,291.74,1.91,N
15.17733,76.67619,328.74,0.39,0.36,2026-08-26,2036,SNPP,SNPP,n,2.0NRT,292.52,3.51,N
15.17453,76.69421,316.22,0.39,0.36,2026-08-26,2036,SNPP,SNPP,n,2.0NRT,290.04,1.32,N
15.17736,76.65406,327.76,0.39,0.36,2026-08-26,2036,SNPP,SNPP,n,2.0NRT,291.09,2.93,N
15.1768,76.65766,332.51,0.39,0.36,2026-08-26,2036,SNPP,SNPP,n,2.0NRT,290.69,2.93,N
15.1712,76.69366,302.91,0.39,0.36,2026-08-26,2036,SNPP,SNPP,n,2.0NRT,287.77,1.32,N
15.17403,76.65352,310.22,0.39,0.36,2026-08-26,2036,SNPP,SNPP,n,2.0NRT,286.79,1,N
15.17348,76.65711,311.66,0.39,0.36,2026-08-26,2036,SNPP,SNPP,n,2.0NRT,287.35,1,N
15.16791,76.67098,309.55,0.39,0.36,2026-08-26,2036,SNPP,SNPP,n,2.0NRT,285.83,1.47,N
15.16735,76.6746,304.85,0.39,0.36,2026-08-26,2036,SNPP,SNPP,n,2.0NRT,285.55,0.5,N
15.17149,76.38216,301.43,0.39,0.36,2026-08-26,2036,SNPP,SNPP,n,2.0NRT,288.15,0.46,N
15.16815,76.38161,308.5,0.39,0.36,2026-08-26,2036,SNPP,SNPP,n,2.0NRT,288.52,1.39,N
15.0046,77.00061,310.42,0.39,0.36,2026-08-26,2036,SNPP,SNPP,n,2.0NRT,292.26,0.69,N
13.8324,79.25771,300.63,0.42,0.37,2026-08-26,2036,SNPP,SNPP,n,2.0NRT,283.62,0.19,N
13.70935,79.61942,304.18,0.43,0.38,2026-08-26,2036,SNPP,SNPP,n,2.0NRT,281.75,0.92,N
13.62073,78.48496,299.89,0.4,0.37,2026-08-26,2036,SNPP,SNPP,n,2.0NRT,281.72,0.4,N
18.95733,73.94366,324.36,0.53,0.42,2026-08-26,2036,SNPP,SNPP,n,2.0NRT,290,2.23,N
18.68391,73.0312,312.29,0.39,0.44,2026-08-26,2036,SNPP,SNPP,n,2.0NRT,291.47,2.8,N
18.68293,73.03869,308.16,0.39,0.44,2026-08-26,2036,SNPP,SNPP,n,2.0NRT,291.72,2.52,N
16.63467,74.34213,301.82,0.47,0.4,2026-08-26,2036,SNPP,SNPP,n,2.0NRT,290.9,0.52,N
11.81618,77.91673,315.08,0.4,0.37,2026-08-26,2038,SNPP,SNPP,n,2.0NRT,286.24,2.03,N
11.80979,77.00835,302.99,0.38,0.36,2026-08-26,2038,SNPP,SNPP,n,2.0NRT,272.49,0.44,N
11.18108,79.10128,303.57,0.43,0.38,2026-08-26,2038,SNPP,SNPP,n,2.0NRT,285.73,0.43,N
8.53767,77.95551,330.37,0.37,0.58,2026-08-27,0744,SNPP,SNPP,n,2.0NRT,291.3,2.88,D
8.53706,77.95217,335.66,0.37,0.58,2026-08-27,0744,SNPP,SNPP,n,2.0NRT,291.67,2.88,D
8.93558,77.80733,336.01,0.37,0.58,2026-08-27,0744,SNPP,SNPP,n,2.0NRT,294.19,2.63,D
9.30486,78.81577,336.81,0.62,0.54,2026-08-27,0744,SNPP,SNPP,n,2.0NRT,296.38,6.54,D
9.13252,77.84334,338.51,0.36,0.58,2026-08-27,0744,SNPP,SNPP,n,2.0NRT,296.56,3.68,D
9.30457,78.81348,334.81,0.62,0.54,2026-08-27,0744,SNPP,SNPP,n,2.0NRT,296.26,0.98,D
9.1307,77.84574,335.59,0.36,0.58,2026-08-27,0744,SNPP,SNPP,n,2.0NRT,296.02,4.28,D
9.13009,77.84245,341.07,0.36,0.58,2026-08-27,0744,SNPP,SNPP,n,2.0NRT,296.5,4.92,D
9.20093,77.46384,331.96,0.38,0.59,2026-08-27,0744,SNPP,SNPP,n,2.0NRT,295.68,1.61,D
9.9931,79.18903,333.06,0.57,0.52,2026-08-27,0744,SNPP,SNPP,n,2.0NRT,295.75,1.7,D
9.91843,77.93557,335.55,0.35,0.56,2026-08-27,0744,SNPP,SNPP,n,2.0NRT,294.03,2.57,D
10.02469,78.36389,334.84,0.32,0.55,2026-08-27,0744,SNPP,SNPP,n,2.0NRT,295.39,2.55,D
10.28012,78.98431,339.64,0.58,0.52,2026-08-27,0744,SNPP,SNPP,n,2.0NRT,296.95,7.07,D
10.99141,78.89906,338.6,0.57,0.52,2026-08-27,0744,SNPP,SNPP,n,2.0NRT,298.76,10.52,D
10.87787,77.24078,330.18,0.37,0.58,2026-08-27,0744,SNPP,SNPP,n,2.0NRT,295.55,3.26,D
11.69187,79.39234,332.69,0.52,0.5,2026-08-27,0744,SNPP,SNPP,n,2.0NRT,295.48,1.98,D
12.19828,79.71751,331.74,0.48,0.48,2026-08-27,0744,SNPP,SNPP,n,2.0NRT,293.89,2.89,D
17.64342,74.69589,335.54,0.41,0.61,2026-08-27,0746,SNPP,SNPP,n,2.0NRT,291.34,4.07,D
20.78782,85.26209,335.01,0.39,0.36,2026-08-27,0746,SNPP,SNPP,n,2.0NRT,289.15,1.55,D
20.86458,84.98833,338.21,0.39,0.36,2026-08-27,0746,SNPP,SNPP,n,2.0NRT,293.29,4.15,D
20.884,84.98126,330.65,0.39,0.36,2026-08-27,0746,SNPP,SNPP,n,2.0NRT,295.69,2.97,D
27.26775,88.31142,332.2,0.4,0.44,2026-08-27,0748,SNPP,SNPP,n,2.0NRT,278.62,4.19,D
26.63397,70.38496,340.33,0.49,0.65,2026-08-27,0748,SNPP,SNPP,n,2.0NRT,300.41,3.37,D
26.63018,70.38756,336.05,0.49,0.65,2026-08-27,0748,SNPP,SNPP,n,2.0NRT,299.79,4.07,D
29.91498,74.95193,306.17,0.4,0.6,2026-08-27,2014,SNPP,SNPP,n,2.0NRT,293,1.59,N
29.91529,74.9477,308.09,0.4,0.6,2026-08-27,2014,SNPP,SNPP,n,2.0NRT,292.96,1.59,N
29.91002,74.94289,346.19,0.4,0.6,2026-08-27,2014,SNPP,SNPP,n,2.0NRT,292.71,12.52,N
29.90971,74.94712,350.51,0.4,0.6,2026-08-27,2014,SNPP,SNPP,n,2.0NRT,294.75,13.61,N
29.9094,74.95135,321.57,0.4,0.6,2026-08-27,2014,SNPP,SNPP,n,2.0NRT,293.15,13.61,N
29.91033,74.93867,305.44,0.4,0.6,2026-08-27,2014,SNPP,SNPP,n,2.0NRT,292.26,12.52,N
29.90909,74.95557,306.55,0.4,0.6,2026-08-27,2014,SNPP,SNPP,n,2.0NRT,292.96,2.25,N
29.457,76.86609,334.4,0.61,0.53,2026-08-27,2014,SNPP,SNPP,n,2.0NRT,289.84,7.66,N
23.68629,87.12115,295.74,0.44,0.38,2026-08-27,2014,SNPP,SNPP,n,2.0NRT,261.37,0.41,N
23.66489,87.16066,304.31,0.44,0.38,2026-08-27,2014,SNPP,SNPP,n,2.0NRT,275.89,0.75,N
23.66214,87.15569,314.34,0.44,0.38,2026-08-27,2014,SNPP,SNPP,n,2.0NRT,274.6,2.08,N
23.56085,87.2383,327.01,0.44,0.38,2026-08-27,2014,SNPP,SNPP,n,2.0NRT,278.76,1.94,N
23.56009,87.24259,308.29,0.44,0.38,2026-08-27,2014,SNPP,SNPP,n,2.0NRT,278.93,1.94,N
23.55659,87.24186,305.1,0.44,0.38,2026-08-27,2014,SNPP,SNPP,n,2.0NRT,278.17,1.94,N
23.55232,87.24541,308.68,0.44,0.39,2026-08-27,2014,SNPP,SNPP,n,2.0NRT,275.15,0.54,N
23.54881,87.24468,296.44,0.44,0.39,2026-08-27,2014,SNPP,SNPP,n,2.0NRT,266.9,0.54,N
23.84105,85.30284,296.4,0.39,0.36,2026-08-27,2014,SNPP,SNPP,n,2.0NRT,270.04,0.35,N
23.69652,85.29062,304.11,0.39,0.36,2026-08-27,2014,SNPP,SNPP,n,2.0NRT,279.36,0.74,N
22.79055,86.20983,306.4,0.41,0.37,2026-08-27,2014,SNPP,SNPP,n,2.0NRT,278.4,1.08,N
22.78921,86.19717,327.01,0.41,0.37,2026-08-27,2014,SNPP,SNPP,n,2.0NRT,278.39,3.24,N
22.3763,87.27986,324.45,0.46,0.39,2026-08-27,2014,SNPP,SNPP,n,2.0NRT,287.22,3.31,N
22.3771,87.27546,307.83,0.46,0.39,2026-08-27,2014,SNPP,SNPP,n,2.0NRT,286.36,1.49,N
22.36518,87.3004,323.59,0.46,0.39,2026-08-27,2014,SNPP,SNPP,n,2.0NRT,287.19,3.88,N
22.3576,87.29176,305.77,0.46,0.39,2026-08-27,2014,SNPP,SNPP,n,2.0NRT,285.89,1.78,N
22.24742,87.38844,309.29,0.46,0.39,2026-08-27,2014,SNPP,SNPP,n,2.0NRT,285.15,1.81,N
11.17704,79.08945,307.88,0.42,0.38,2026-08-27,2017,SNPP,SNPP,n,2.0NRT,291.52,1.27,N
10.14528,78.35623,306.72,0.44,0.38,2026-08-27,2017,SNPP,SNPP,n,2.0NRT,293.87,0.73,N
22.38937,73.11508,295.06,0.43,0.62,2026-08-27,2017,SNPP,SNPP,n,2.0NRT,272.37,0.59,N
21.10433,72.64272,305.89,0.45,0.63,2026-08-27,2017,SNPP,SNPP,n,2.0NRT,264.87,2.66,N
17.95681,80.78843,308.3,0.42,0.37,2026-08-27,2017,SNPP,SNPP,n,2.0NRT,291.87,3.03,N
17.95565,80.79626,317.3,0.42,0.37,2026-08-27,2017,SNPP,SNPP,n,2.0NRT,291.82,2.91,N
17.46458,80.65409,319.97,0.42,0.37,2026-08-27,2017,SNPP,SNPP,n,2.0NRT,292.22,2.91,N
16.54488,79.75774,307.31,0.44,0.39,2026-08-27,2017,SNPP,SNPP,n,2.0NRT,293.17,3.09,N
15.84457,79.77414,312.68,0.44,0.38,2026-08-27,2017,SNPP,SNPP,n,2.0NRT,293.76,3.7,N
15.99257,78.3996,304.82,0.51,0.41,2026-08-27,2017,SNPP,SNPP,n,2.0NRT,283.96,1.89,N
11.81781,77.91653,311.73,0.48,0.4,2026-08-27,2017,SNPP,SNPP,n,2.0NRT,289.98,2.88,N
11.18222,79.10208,304.71,0.42,0.38,2026-08-27,2017,SNPP,SNPP,n,2.0NRT,290.78,2.06,N
11.10949,77.76649,309.44,0.48,0.4,2026-08-27,2017,SNPP,SNPP,n,2.0NRT,292.92,1.12,N
11.81603,77.91864,320.62,0.48,0.4,2026-08-27,2017,SNPP,SNPP,n,2.0NRT,290.36,2.43,N
9.49335,77.62408,304.15,0.47,0.4,2026-08-27,2017,SNPP,SNPP,n,2.0NRT,283.83,0.45,N
9.49338,77.62221,302,0.47,0.4,2026-08-27,2017,SNPP,SNPP,n,2.0NRT,281.79,0.44,N
13.39244,80.10186,316.57,0.41,0.37,2026-08-27,2019,SNPP,SNPP,n,2.0NRT,295.63,2.51,N
13.70962,79.61949,310.51,0.42,0.38,2026-08-27,2019,SNPP,SNPP,n,2.0NRT,292.96,1.84,N
15.17564,77.10123,299.95,0.39,0.44,2026-08-27,2019,SNPP,SNPP,n,2.0NRT,280.76,1.48,N
13.82483,79.2569,309.05,0.44,0.38,2026-08-27,2019,SNPP,SNPP,n,2.0NRT,292,1.07,N
8.30407,77.63763,313.44,0.46,0.39,2026-08-27,2019,SNPP,SNPP,n,2.0NRT,293.13,1.33,N
8.30766,77.63818,310.18,0.46,0.39,2026-08-27,2019,SNPP,SNPP,n,2.0NRT,293.28,1.33,N
15.02335,78.01398,308.39,0.52,0.41,2026-08-27,2019,SNPP,SNPP,n,2.0NRT,285.12,2.22,N
15.17269,76.6937,297.01,0.41,0.45,2026-08-27,2019,SNPP,SNPP,n,2.0NRT,273.2,1.21,N
15.17371,76.65434,309.23,0.42,0.45,2026-08-27,2019,SNPP,SNPP,n,2.0NRT,285.98,2.19,N
15.07126,76.86606,302.03,0.4,0.44,2026-08-27,2019,SNPP,SNPP,n,2.0NRT,286.05,1.52,N
15.33388,76.28443,306.14,0.44,0.46,2026-08-27,2019,SNPP,SNPP,n,2.0NRT,289.24,1.24,N
15.33447,76.2467,304.65,0.44,0.46,2026-08-27,2019,SNPP,SNPP,n,2.0NRT,290.98,0.65,N
29.90978,74.9471,319.17,0.6,0.7,2026-08-27,2155,SNPP,SNPP,n,2.0NRT,292.2,14.38,N
29.47338,76.864,304,0.78,0.78,2026-08-27,2155,SNPP,SNPP,n,2.0NRT,286.48,2.54,N
29.91607,74.94938,305.84,0.6,0.7,2026-08-27,2155,SNPP,SNPP,n,2.0NRT,292.75,14.38,N
29.91436,74.95547,310.32,0.6,0.7,2026-08-27,2155,SNPP,SNPP,n,2.0NRT,292.87,14.38,N
29.90808,74.95317,367,0.6,0.7,2026-08-27,2155,SNPP,SNPP,h,2.0NRT,294.32,14.38,N
29.90638,74.95924,319.9,0.6,0.7,2026-08-27,2155,SNPP,SNPP,n,2.0NRT,292.24,19.52,N
29.91466,74.95614,306.96,0.6,0.7,2026-08-27,2155,SNPP,SNPP,n,2.0NRT,293.04,15.44,N
29.90838,74.95381,367,0.6,0.7,2026-08-27,2155,SNPP,SNPP,h,2.0NRT,294.14,15.44,N
29.91005,74.94773,319.45,0.6,0.7,2026-08-27,2155,SNPP,SNPP,n,2.0NRT,292.36,28.69,N
29.90671,74.9599,317.64,0.6,0.7,2026-08-27,2155,SNPP,SNPP,n,2.0NRT,292.12,15.44,N
8.71467,77.97586,332.45,0.75,0.77,2026-08-28,0724,SNPP,SNPP,n,2.0NRT,291.91,6.6,D
8.73258,78.10741,334.15,0.73,0.76,2026-08-28,0724,SNPP,SNPP,n,2.0NRT,291.19,7.04,D
9.27714,78.39496,335.92,0.69,0.74,2026-08-28,0724,SNPP,SNPP,n,2.0NRT,290.19,4.62,D
9.277,78.39668,334.35,0.69,0.74,2026-08-28,0724,SNPP,SNPP,n,2.0NRT,290.53,6.4,D
8.72874,78.1054,335.79,0.73,0.76,2026-08-28,0724,SNPP,SNPP,n,2.0NRT,291.61,9.62,D
14.75162,79.71841,330.88,0.45,0.63,2026-08-28,0726,SNPP,SNPP,n,2.0NRT,293.97,2.94,D
14.49166,79.70969,339.76,0.45,0.63,2026-08-28,0726,SNPP,SNPP,n,2.0NRT,297.46,6.57,D
14.49187,79.7094,335.09,0.45,0.63,2026-08-28,0726,SNPP,SNPP,n,2.0NRT,297.62,5.47,D
15.76769,79.49413,331.28,0.44,0.62,2026-08-28,0726,SNPP,SNPP,n,2.0NRT,292.63,3.29,D
15.63637,79.58625,330.26,0.44,0.62,2026-08-28,0726,SNPP,SNPP,n,2.0NRT,295.72,4.78,D
15.02867,79.75406,334.11,0.44,0.62,2026-08-28,0726,SNPP,SNPP,n,2.0NRT,296.17,2.51,D
22.36216,87.01751,332.41,0.4,0.37,2026-08-28,0729,SNPP,SNPP,n,2.0NRT,295.92,4.8,D
21.74797,83.84405,332.09,0.55,0.43,2026-08-28,0729,SNPP,SNPP,n,2.0NRT,289.1,4.65,D
22.377,87.2805,341.05,0.4,0.37,2026-08-28,0729,SNPP,SNPP,n,2.0NRT,291.28,7.49,D
26.60799,90.33498,336.49,0.43,0.38,2026-08-28,0729,SNPP,SNPP,n,2.0NRT,289.46,5.57,D
28.31779,95.1801,329.86,0.54,0.51,2026-08-28,0729,SNPP,SNPP,n,2.0NRT,290.37,4.86,D
9.33079,77.52433,334.37,0.5,0.66,2026-08-28,0905,SNPP,SNPP,n,2.0NRT,297.58,4.97,D
9.41621,77.50993,334.29,0.5,0.66,2026-08-28,0905,SNPP,SNPP,n,2.0NRT,297.25,2.78,D
9.27846,78.39858,336.74,0.57,0.69,2026-08-28,0905,SNPP,SNPP,n,2.0NRT,293.77,6.18,D
9.33131,77.52667,334.29,0.5,0.66,2026-08-28,0905,SNPP,SNPP,n,2.0NRT,297.26,1.72,D
9.4159,77.509,332.41,0.5,0.66,2026-08-28,0905,SNPP,SNPP,n,2.0NRT,296.85,1.46,D
22.92944,70.106,336.34,0.49,0.48,2026-08-28,0907,SNPP,SNPP,n,2.0NRT,295.78,4.39,D
25.9428,72.19143,351.1,0.36,0.57,2026-08-28,0909,SNPP,SNPP,n,2.0NRT,296.52,18.43,D
25.94312,72.19508,367,0.36,0.57,2026-08-28,0909,SNPP,SNPP,h,2.0NRT,302.25,21.83,D
25.94344,72.1987,330.75,0.36,0.57,2026-08-28,0909,SNPP,SNPP,n,2.0NRT,298.95,21.83,D
27.32473,95.27738,308.91,0.56,0.43,2026-08-28,1953,SNPP,SNPP,n,2.0NRT,289.97,0.89,N
27.326,95.27651,309.19,0.56,0.43,2026-08-28,1953,SNPP,SNPP,n,2.0NRT,290.24,0.92,N
27.37928,95.33176,306.89,0.56,0.43,2026-08-28,1953,SNPP,SNPP,n,2.0NRT,289.99,3.02,N
27.37818,95.33735,310.91,0.56,0.43,2026-08-28,1953,SNPP,SNPP,n,2.0NRT,290.26,2.81,N
24.11668,86.85818,299.08,0.42,0.38,2026-08-28,1955,SNPP,SNPP,n,2.0NRT,270.26,1.25,N
24.11609,86.8623,299.6,0.42,0.38,2026-08-28,1955,SNPP,SNPP,n,2.0NRT,273.16,1.75,N
15.17508,76.67622,297.14,0.43,0.62,2026-08-28,1957,SNPP,SNPP,n,2.0NRT,282.33,0.95,N
13.71205,79.61907,307.18,0.52,0.5,2026-08-28,1957,SNPP,SNPP,n,2.0NRT,290.35,2.67,N
15.17891,76.65431,302.81,0.43,0.62,2026-08-28,1957,SNPP,SNPP,n,2.0NRT,286.99,1.76,N
17.95635,80.79659,310.34,0.49,0.49,2026-08-28,1957,SNPP,SNPP,n,2.0NRT,286.49,1.61,N
17.46345,80.65358,305.28,0.5,0.49,2026-08-28,1957,SNPP,SNPP,n,2.0NRT,287.2,1.06,N
17.46277,80.65205,305.23,0.5,0.49,2026-08-28,1957,SNPP,SNPP,n,2.0NRT,287.76,2.54,N
15.66104,73.9874,299.07,0.65,0.73,2026-08-28,1957,SNPP,SNPP,n,2.0NRT,285.44,0.86,N
15.65942,73.98846,301.95,0.65,0.73,2026-08-28,1957,SNPP,SNPP,n,2.0NRT,285.04,0.75,N
15.17497,77.10068,306.28,0.4,0.6,2026-08-28,1957,SNPP,SNPP,n,2.0NRT,288.41,0.83,N
15.18332,76.66703,307.26,0.43,0.62,2026-08-28,1957,SNPP,SNPP,n,2.0NRT,287.05,1.48,N
15.18288,76.67104,302.34,0.43,0.62,2026-08-28,1957,SNPP,SNPP,n,2.0NRT,287.09,1.48,N
15.18244,76.67507,315.47,0.43,0.62,2026-08-28,1957,SNPP,SNPP,n,2.0NRT,286.94,2.9,N
15.18653,76.67741,301.38,0.43,0.62,2026-08-28,1957,SNPP,SNPP,n,2.0NRT,286.17,1.49,N
15.18174,76.66875,301.69,0.43,0.62,2026-08-28,1957,SNPP,SNPP,n,2.0NRT,286.44,2,N
15.18128,76.67277,310.62,0.43,0.62,2026-08-28,1957,SNPP,SNPP,n,2.0NRT,286.51,2,N
15.18081,76.67679,307.26,0.43,0.62,2026-08-28,1957,SNPP,SNPP,n,2.0NRT,285.14,1.49,N
15.17742,76.65607,302.89,0.43,0.62,2026-08-28,1957,SNPP,SNPP,n,2.0NRT,286.94,2.55,N
10.61728,77.41994,301.09,0.33,0.55,2026-08-28,2000,SNPP,SNPP,n,2.0NRT,284.85,0.23,N
30.47519,76.58662,304.01,0.38,0.59,2026-08-28,2133,SNPP,SNPP,n,2.0NRT,288.36,0.86,N
24.66053,74.63365,302.81,0.4,0.6,2026-08-28,2136,SNPP,SNPP,n,2.0NRT,289.45,1.34,N
25.94091,72.19165,311.26,0.53,0.5,2026-08-28,2136,SNPP,SNPP,n,2.0NRT,294.86,2.14,N
21.1034,72.64882,301.14,0.35,0.57,2026-08-28,2138,SNPP,SNPP,n,2.0NRT,288.98,0.74,N
21.10043,72.63733,305.36,0.35,0.57,2026-08-28,2138,SNPP,SNPP,n,2.0NRT,289.84,1.2,N
20.9107,71.46196,305.7,0.6,0.53,2026-08-28,2138,SNPP,SNPP,n,2.0NRT,292.17,2.89,N
22.37586,87.27822,331.92,0.43,0.46,2026-08-29,0707,SNPP,SNPP,n,2.0NRT,292.02,4.74,D
22.37665,87.28234,332.05,0.43,0.46,2026-08-29,0707,SNPP,SNPP,n,2.0NRT,292.39,4.74,D
28.10045,95.53236,330.43,0.47,0.39,2026-08-29,0709,SNPP,SNPP,n,2.0NRT,294.85,2.14,D
23.55899,87.24026,330.62,0.41,0.45,2026-08-29,0709,SNPP,SNPP,n,2.0NRT,290.41,2.57,D
31.65704,78.40268,329.09,0.46,0.63,2026-08-29,0712,SNPP,SNPP,l,2.0NRT,303.31,4.03,D
8.60874,77.96722,336.02,0.5,0.49,2026-08-29,0845,SNPP,SNPP,n,2.0NRT,287.79,2.7,D
8.60485,77.9724,339.73,0.5,0.49,2026-08-29,0845,SNPP,SNPP,n,2.0NRT,288.68,3.44,D
12.17967,79.73842,344.66,0.37,0.58,2026-08-29,0845,SNPP,SNPP,n,2.0NRT,295.14,7.67,D
11.83292,79.64937,332.56,0.36,0.57,2026-08-29,0845,SNPP,SNPP,n,2.0NRT,295.44,2.65,D
11.74922,79.71774,333.73,0.36,0.58,2026-08-29,0845,SNPP,SNPP,n,2.0NRT,294.78,2.57,D
10.93459,78.47301,337.47,0.58,0.52,2026-08-29,0845,SNPP,SNPP,n,2.0NRT,299.46,5.59,D
9.50563,77.60714,335.3,0.49,0.48,2026-08-29,0845,SNPP,SNPP,n,2.0NRT,295.79,4.45,D
8.65245,77.83784,330.16,0.49,0.49,2026-08-29,0845,SNPP,SNPP,n,2.0NRT,291.93,1.92,D
8.74677,78.08665,332.55,0.51,0.49,2026-08-29,0845,SNPP,SNPP,n,2.0NRT,287.41,2.69,D
8.64795,77.83846,336.15,0.49,0.49,2026-08-29,0845,SNPP,SNPP,n,2.0NRT,293.65,2.82,D
8.57969,77.66151,339.99,0.48,0.48,2026-08-29,0845,SNPP,SNPP,n,2.0NRT,295.44,3.72,D
16.34823,78.444,337.73,0.34,0.56,2026-08-29,0848,SNPP,SNPP,n,2.0NRT,290.62,3.06,D
15.47011,80.16361,333.26,0.43,0.62,2026-08-29,0848,SNPP,SNPP,n,2.0NRT,289.99,5.8,D
15.46434,80.16425,349.37,0.43,0.62,2026-08-29,0848,SNPP,SNPP,n,2.0NRT,293.78,5.8,D
14.78831,79.94443,332.64,0.41,0.61,2026-08-29,0848,SNPP,SNPP,n,2.0NRT,290.36,6.21,D
14.14709,77.40031,330.17,0.55,0.51,2026-08-29,0848,SNPP,SNPP,n,2.0NRT,296,1.36,D
14.20221,79.16484,336.34,0.36,0.57,2026-08-29,0848,SNPP,SNPP,n,2.0NRT,292.66,2.54,D
13.51015,78.18242,335.03,0.6,0.53,2026-08-29,0848,SNPP,SNPP,n,2.0NRT,295.74,6.93,D
16.22416,80.35689,334.08,0.46,0.63,2026-08-29,0848,SNPP,SNPP,n,2.0NRT,290.07,3.15,D
27.31574,72.3643,338.67,0.39,0.44,2026-08-29,0852,SNPP,SNPP,n,2.0NRT,308.58,3.5,D
29.90926,74.9532,331.09,0.6,0.53,2026-08-29,0852,SNPP,SNPP,n,2.0NRT,299.09,6.53,D
27.37836,95.08643,306.1,0.38,0.36,2026-08-29,1936,SNPP,SNPP,n,2.0NRT,288.98,2.62,N
27.37603,95.33333,305.91,0.39,0.36,2026-08-29,1936,SNPP,SNPP,n,2.0NRT,282.11,1.99,N
27.37933,95.33401,331.37,0.39,0.36,2026-08-29,1936,SNPP,SNPP,n,2.0NRT,282.55,1.99,N
27.47018,95.42361,307.94,0.39,0.36,2026-08-29,1936,SNPP,SNPP,n,2.0NRT,289.54,1.89,N
27.22117,95.34689,312.89,0.39,0.36,2026-08-29,1936,SNPP,SNPP,n,2.0NRT,291.18,1.76,N
22.36584,87.30197,304.37,0.44,0.46,2026-08-29,1938,SNPP,SNPP,n,2.0NRT,263.27,0.61,N
22.37698,87.28178,298.14,0.44,0.46,2026-08-29,1938,SNPP,SNPP,n,2.0NRT,260.23,0.46,N
22.37749,87.27749,301.79,0.44,0.46,2026-08-29,1938,SNPP,SNPP,n,2.0NRT,261.04,0.46,N
22.36034,87.01775,301.87,0.46,0.47,2026-08-29,1938,SNPP,SNPP,n,2.0NRT,276.38,0.63,N
22.36468,87.01837,303.34,0.46,0.47,2026-08-29,1938,SNPP,SNPP,n,2.0NRT,275.56,0.63,N
9.75605,77.51919,313.12,0.66,0.73,2026-08-29,1940,SNPP,SNPP,n,2.0NRT,282.92,1.18,N
10.93793,78.46664,321.14,0.59,0.7,2026-08-29,1940,SNPP,SNPP,n,2.0NRT,278.39,1.99,N
10.94446,78.46751,302.27,0.59,0.7,2026-08-29,1940,SNPP,SNPP,n,2.0NRT,277.97,1.99,N
9.75551,77.517,308.74,0.66,0.73,2026-08-29,1940,SNPP,SNPP,n,2.0NRT,282.3,1.86,N
29.45932,76.89091,330.32,0.45,0.47,2026-08-29,2116,SNPP,SNPP,n,2.0NRT,274.43,4.63,N
26.8731,73.51817,306.91,0.5,0.41,2026-08-29,2116,SNPP,SNPP,n,2.0NRT,290.25,1.12,N
26.87508,73.5155,307.67,0.5,0.41,2026-08-29,2116,SNPP,SNPP,n,2.0NRT,290.4,1.58,N
28.37428,77.22549,303.85,0.49,0.49,2026-08-29,2116,SNPP,SNPP,n,2.0NRT,273.19,1.03,N
29.12339,75.77961,313.16,0.4,0.44,2026-08-29,2116,SNPP,SNPP,n,2.0NRT,288.46,1.65,N
20.86841,71.39706,303.07,0.48,0.4,2026-08-29,2118,SNPP,SNPP,n,2.0NRT,292.83,2.52,N
24.66208,74.63699,297.67,0.41,0.45,2026-08-29,2118,SNPP,SNPP,n,2.0NRT,277.18,0.36,N
25.94332,72.19199,305.54,0.45,0.39,2026-08-29,2118,SNPP,SNPP,n,2.0NRT,291.65,0.98,N
24.66288,74.63297,297.52,0.41,0.45,2026-08-29,2118,SNPP,SNPP,n,2.0NRT,277.29,0.45,N
24.82164,73.09422,296.48,0.51,0.41,2026-08-29,2118,SNPP,SNPP,n,2.0NRT,276.77,0.53,N
24.69089,73.00126,300.42,0.5,0.41,2026-08-29,2118,SNPP,SNPP,n,2.0NRT,281.62,0.74,N
18.68072,73.03546,301.74,0.42,0.45,2026-08-29,2121,SNPP,SNPP,n,2.0NRT,286.59,1.16,N
13.03323,77.87466,295.27,0.55,0.68,2026-08-29,2121,SNPP,SNPP,n,2.0NRT,280.63,0.36,N
12.49513,76.73359,298.77,0.47,0.64,2026-08-29,2121,SNPP,SNPP,n,2.0NRT,284.16,0.38,N
18.68334,73.03059,312.61,0.42,0.45,2026-08-29,2121,SNPP,SNPP,n,2.0NRT,289.26,1.66,N
18.68747,73.03146,301.4,0.42,0.45,2026-08-29,2121,SNPP,SNPP,n,2.0NRT,287.56,1.66,N
18.77881,73.74908,300.74,0.46,0.47,2026-08-29,2121,SNPP,SNPP,n,2.0NRT,286.8,0.99,N
12.07226,78.52171,302.25,0.63,0.72,2026-08-29,2121,SNPP,SNPP,n,2.0NRT,284.22,1.07,N
18.68258,73.03453,301.67,0.42,0.45,2026-08-29,2121,SNPP,SNPP,n,2.0NRT,288.88,1.27,N
9.75523,77.51794,313.52,0.6,0.7,2026-08-29,2123,SNPP,SNPP,n,2.0NRT,288.15,2.38,N
10.94256,78.46865,309.17,0.65,0.73,2026-08-29,2123,SNPP,SNPP,n,2.0NRT,288.02,2.26,N
27.98973,94.2222,336.75,0.42,0.38,2026-08-30,0652,SNPP,SNPP,n,2.0NRT,297.24,18.02,D
8.60875,77.83811,330.12,0.41,0.37,2026-08-30,0826,SNPP,SNPP,n,2.0NRT,284.72,2.3,D
8.91,77.59529,335.65,0.4,0.37,2026-08-30,0828,SNPP,SNPP,n,2.0NRT,296.51,1.37,D
8.93239,77.96133,333.2,0.42,0.37,2026-08-30,0828,SNPP,SNPP,n,2.0NRT,296.5,2.9,D
8.93294,77.9651,349.29,0.42,0.37,2026-08-30,0828,SNPP,SNPP,n,2.0NRT,296.81,2.9,D
8.88687,77.78855,336.67,0.41,0.37,2026-08-30,0828,SNPP,SNPP,n,2.0NRT,297.2,3,D
8.80542,78.10815,335.36,0.42,0.38,2026-08-30,0828,SNPP,SNPP,n,2.0NRT,296.09,2.62,D
9.15121,78.32916,331.35,0.43,0.38,2026-08-30,0828,SNPP,SNPP,n,2.0NRT,293.35,1.56,D
9.11369,77.77237,334.29,0.41,0.37,2026-08-30,0828,SNPP,SNPP,n,2.0NRT,298.66,1.37,D
9.32007,77.4914,333.17,0.4,0.37,2026-08-30,0828,SNPP,SNPP,n,2.0NRT,290.35,2.53,D
9.44472,77.67329,339.12,0.41,0.37,2026-08-30,0828,SNPP,SNPP,n,2.0NRT,287.31,5.42,D
9.44417,77.66956,357.05,0.41,0.37,2026-08-30,0828,SNPP,SNPP,n,2.0NRT,290.55,5.42,D
9.51278,78.066,343.56,0.42,0.38,2026-08-30,0828,SNPP,SNPP,n,2.0NRT,303.22,10.29,D
9.49209,77.66238,342.98,0.41,0.37,2026-08-30,0828,SNPP,SNPP,n,2.0NRT,299.79,7.59,D
9.86126,78.18573,338.34,0.43,0.38,2026-08-30,0828,SNPP,SNPP,n,2.0NRT,303.91,4.18,D
9.87797,78.03197,336.6,0.42,0.38,2026-08-30,0828,SNPP,SNPP,n,2.0NRT,294.37,1.97,D
9.82619,77.39869,331.44,0.4,0.37,2026-08-30,0828,SNPP,SNPP,l,2.0NRT,303.27,1.05,D
10.00316,76.4542,333.81,0.39,0.36,2026-08-30,0828,SNPP,SNPP,n,2.0NRT,298.59,0.94,D
11.80984,77.21425,335.6,0.41,0.37,2026-08-30,0828,SNPP,SNPP,n,2.0NRT,301.41,61.33,D
12.07999,76.99017,338.02,0.41,0.37,2026-08-30,0828,SNPP,SNPP,n,2.0NRT,303.8,3.7,D
12.81456,78.60983,333.07,0.48,0.4,2026-08-30,0828,SNPP,SNPP,n,2.0NRT,291.11,2.64,D
12.48661,76.3177,336.89,0.39,0.37,2026-08-30,0828,SNPP,SNPP,n,2.0NRT,298.79,3.61,D
13.99587,79.86121,330.58,0.39,0.44,2026-08-30,0828,SNPP,SNPP,n,2.0NRT,297.69,3.16,D
13.9402,78.66064,331.18,0.5,0.41,2026-08-30,0828,SNPP,SNPP,n,2.0NRT,299.53,2.81,D
14.4991,79.69765,330.15,0.38,0.44,2026-08-30,0828,SNPP,SNPP,n,2.0NRT,297.16,1.87,D
14.50312,79.69711,336.85,0.38,0.44,2026-08-30,0828,SNPP,SNPP,n,2.0NRT,296.91,1.54,D
14.18999,77.3446,342.86,0.43,0.38,2026-08-30,0828,SNPP,SNPP,n,2.0NRT,298.23,3.06,D
14.29174,77.98407,337.34,0.46,0.39,2026-08-30,0828,SNPP,SNPP,n,2.0NRT,294.69,3.76,D
14.3499,77.63499,335.71,0.45,0.39,2026-08-30,0828,SNPP,SNPP,n,2.0NRT,300.01,3.47,D
14.71446,79.98879,342.4,0.4,0.44,2026-08-30,0828,SNPP,SNPP,n,2.0NRT,295.02,7.26,D
14.69206,79.62556,331.61,0.38,0.43,2026-08-30,0828,SNPP,SNPP,n,2.0NRT,295.71,2.12,D
14.84624,78.37249,332.45,0.49,0.4,2026-08-30,0828,SNPP,SNPP,n,2.0NRT,299.84,2.01,D
14.67836,76.89172,333.67,0.42,0.38,2026-08-30,0828,SNPP,SNPP,n,2.0NRT,291.89,2.11,D
15.43925,77.664,333.31,0.46,0.39,2026-08-30,0828,SNPP,SNPP,n,2.0NRT,291.37,2.43,D
15.93384,79.5267,343.13,0.39,0.44,2026-08-30,0828,SNPP,SNPP,n,2.0NRT,289.76,4.06,D
8.78732,78.01003,339.42,0.42,0.37,2026-08-30,0828,SNPP,SNPP,n,2.0NRT,301.37,4.32,D
19.7772,73.79005,333.97,0.39,0.36,2026-08-30,0830,SNPP,SNPP,n,2.0NRT,293.26,2.03,D
21.17639,74.58324,334.94,0.4,0.37,2026-08-30,0830,SNPP,SNPP,n,2.0NRT,291.83,1.91,D
30.16407,74.51582,331.57,0.47,0.4,2026-08-30,0835,SNPP,SNPP,l,2.0NRT,302.09,3.35,D
26.87605,73.51661,309.34,0.39,0.36,2026-08-30,2057,SNPP,SNPP,n,2.0NRT,293.23,1.26,N
29.4759,76.85623,311.77,0.41,0.37,2026-08-30,2057,SNPP,SNPP,n,2.0NRT,289.97,2.28,N
29.45914,76.89161,316.03,0.41,0.37,2026-08-30,2057,SNPP,SNPP,n,2.0NRT,292.1,3.18,N
28.74306,76.92912,316.04,0.42,0.38,2026-08-30,2057,SNPP,SNPP,n,2.0NRT,291.02,1.91,N
27.66938,76.12862,299.11,0.41,0.37,2026-08-30,2057,SNPP,SNPP,n,2.0NRT,279.78,0.32,N
27.66868,76.13271,296.11,0.41,0.37,2026-08-30,2057,SNPP,SNPP,n,2.0NRT,276.77,0.32,N
26.87664,73.51275,304.99,0.39,0.36,2026-08-30,2057,SNPP,SNPP,n,2.0NRT,292.77,1.39,N
24.68952,73.00175,308.21,0.39,0.36,2026-08-30,2057,SNPP,SNPP,n,2.0NRT,292.27,1.08,N
25.9433,72.19072,329.62,0.4,0.37,2026-08-30,2057,SNPP,SNPP,n,2.0NRT,294.95,2.98,N
25.94431,72.19051,325.37,0.4,0.37,2026-08-30,2057,SNPP,SNPP,n,2.0NRT,295.03,2.14,N
26.60605,73.68385,305.13,0.38,0.36,2026-08-30,2057,SNPP,SNPP,n,2.0NRT,292.92,0.71,N
26.87274,73.51597,306.77,0.39,0.36,2026-08-30,2057,SNPP,SNPP,n,2.0NRT,293.13,1.35,N
21.10102,72.63954,295.93,0.38,0.36,2026-08-30,2059,SNPP,SNPP,n,2.0NRT,281.97,0.49,N
21.1016,72.63586,315.23,0.38,0.36,2026-08-30,2059,SNPP,SNPP,n,2.0NRT,282.26,1.65,N
20.35619,72.94963,305.96,0.39,0.36,2026-08-30,2059,SNPP,SNPP,n,2.0NRT,291.96,1.84,N
19.93695,73.71136,323.05,0.4,0.37,2026-08-30,2059,SNPP,SNPP,n,2.0NRT,287.35,2.32,N
18.54634,74.25378,311.92,0.42,0.38,2026-08-30,2059,SNPP,SNPP,n,2.0NRT,289.64,1.13,N
18.69302,73.0416,319.89,0.39,0.36,2026-08-30,2059,SNPP,SNPP,n,2.0NRT,293.8,3.62,N
18.68969,73.04101,304.97,0.39,0.36,2026-08-30,2059,SNPP,SNPP,n,2.0NRT,291.93,1.57,N
21.79665,72.08905,308.36,0.39,0.36,2026-08-30,2059,SNPP,SNPP,n,2.0NRT,292.6,1.45,N
21.26307,72.94081,312.03,0.38,0.36,2026-08-30,2059,SNPP,SNPP,n,2.0NRT,293.36,2.1,N
11.62482,79.08276,304.91,0.34,0.56,2026-08-30,2101,SNPP,SNPP,n,2.0NRT,283.7,0.94,N
9.67002,77.45597,297.92,0.57,0.52,2026-08-30,2101,SNPP,SNPP,n,2.0NRT,278.12,0.77,N
13.82871,79.33633,304.76,0.32,0.55,2026-08-30,2101,SNPP,SNPP,n,2.0NRT,278.4,0.64,N
13.82755,79.33979,302.83,0.32,0.55,2026-08-30,2101,SNPP,SNPP,n,2.0NRT,278.47,0.49,N
13.82812,79.33691,305.97,0.32,0.55,2026-08-30,2101,SNPP,SNPP,n,2.0NRT,279.11,0.49,N
13.82868,79.33408,302.13,0.32,0.55,2026-08-30,2101,SNPP,SNPP,n,2.0NRT,278.63,0.73,N
15.16888,76.67051,297.02,0.41,0.45,2026-08-30,2101,SNPP,SNPP,n,2.0NRT,279.46,0.4,N
15.1757,76.65623,320.74,0.41,0.45,2026-08-30,2101,SNPP,SNPP,n,2.0NRT,283.06,3.12,N
15.17362,76.69113,301.13,0.41,0.45,2026-08-30,2101,SNPP,SNPP,n,2.0NRT,281.35,0.52,N
15.17636,76.67603,312.47,0.41,0.45,2026-08-30,2101,SNPP,SNPP,n,2.0NRT,284.26,2.05,N
15.17842,76.66464,301.31,0.41,0.45,2026-08-30,2101,SNPP,SNPP,n,2.0NRT,282.67,1.47,N
15.18182,76.66927,302.97,0.41,0.45,2026-08-30,2101,SNPP,SNPP,n,2.0NRT,282.18,1.46,N
15.1825,76.66548,315.65,0.41,0.45,2026-08-30,2101,SNPP,SNPP,n,2.0NRT,280.75,1.46,N
15.17345,76.78623,302.27,0.42,0.45,2026-08-30,2101,SNPP,SNPP,n,2.0NRT,284.14,0.79,N
13.71089,79.62021,304.97,0.34,0.56,2026-08-30,2101,SNPP,SNPP,n,2.0NRT,281.19,1.05,N
13.82816,79.33921,305.91,0.32,0.55,2026-08-30,2101,SNPP,SNPP,n,2.0NRT,278.87,0.64,N
9.02789,77.86799,345.65,0.45,0.39,2026-08-31,0807,SNPP,SNPP,n,2.0NRT,311.04,11.75,D
9.17741,78.13036,346.2,0.43,0.38,2026-08-31,0807,SNPP,SNPP,n,2.0NRT,304.75,6.86,D
9.22821,77.66577,339.43,0.45,0.39,2026-08-31,0807,SNPP,SNPP,l,2.0NRT,303.45,16.19,D
9.47052,78.63935,342.36,0.41,0.37,2026-08-31,0807,SNPP,SNPP,l,2.0NRT,300.43,5.55,D
9.77185,78.36581,340.43,0.42,0.38,2026-08-31,0807,SNPP,SNPP,n,2.0NRT,303.44,3.64,D
9.90981,78.52617,339.05,0.41,0.37,2026-08-31,0807,SNPP,SNPP,l,2.0NRT,304.96,4.17,D
9.80675,77.88925,344.35,0.44,0.38,2026-08-31,0807,SNPP,SNPP,l,2.0NRT,314.76,7.57,D
9.8061,77.88528,340.12,0.44,0.38,2026-08-31,0807,SNPP,SNPP,l,2.0NRT,312.07,7.57,D
9.98556,77.43252,336.54,0.46,0.39,2026-08-31,0807,SNPP,SNPP,l,2.0NRT,304.75,5.73,D
11.62862,78.61463,331.27,0.4,0.37,2026-08-31,0807,SNPP,SNPP,l,2.0NRT,298.12,4.3,D
11.52704,77.24921,330.49,0.45,0.39,2026-08-31,0809,SNPP,SNPP,l,2.0NRT,299.28,3.56,D
11.52934,77.24984,332.74,0.45,0.39,2026-08-31,0809,SNPP,SNPP,n,2.0NRT,298.98,4.63,D
11.73493,77.98431,331.16,0.42,0.37,2026-08-31,0809,SNPP,SNPP,n,2.0NRT,299.52,3.07,D
11.99381,79.54753,350.08,0.39,0.36,2026-08-31,0809,SNPP,SNPP,n,2.0NRT,310.35,8.02,D
11.99713,79.547,346.13,0.39,0.36,2026-08-31,0809,SNPP,SNPP,n,2.0NRT,308.36,8.02,D
11.80935,77.92519,331.34,0.42,0.38,2026-08-31,0809,SNPP,SNPP,l,2.0NRT,292.97,2.83,D
12.05555,79.07794,330.89,0.39,0.36,2026-08-31,0809,SNPP,SNPP,l,2.0NRT,302.51,2.96,D
12.58657,79.6415,349.15,0.38,0.36,2026-08-31,0809,SNPP,SNPP,n,2.0NRT,307.62,4.02,D
13.40939,80.26858,339.14,0.39,0.36,2026-08-31,0809,SNPP,SNPP,n,2.0NRT,301.29,2.09,D
13.81923,79.34404,351.56,0.38,0.36,2026-08-31,0809,SNPP,SNPP,n,2.0NRT,293.93,13.51,D
14.47656,78.25895,335.97,0.39,0.36,2026-08-31,0809,SNPP,SNPP,n,2.0NRT,296.94,5.87,D
28.12977,76.78864,335.41,0.39,0.36,2026-08-31,0813,SNPP,SNPP,n,2.0NRT,296.53,2.37,D
31.1293,74.65489,341.05,0.39,0.36,2026-08-31,0813,SNPP,SNPP,n,2.0NRT,298.33,4.79,D
29.47525,76.859,314.13,0.43,0.38,2026-08-31,2038,SNPP,SNPP,n,2.0NRT,292.51,2.78,N
28.34651,77.2308,309.35,0.41,0.37,2026-08-31,2038,SNPP,SNPP,n,2.0NRT,291.76,1.97,N
29.4606,76.88784,308.38,0.43,0.38,2026-08-31,2038,SNPP,SNPP,n,2.0NRT,292.7,2.34,N
28.37152,77.22688,323.5,0.41,0.37,2026-08-31,2038,SNPP,SNPP,n,2.0NRT,289.42,1.55,N
22.38964,73.11803,318.73,0.53,0.42,2026-08-31,2040,SNPP,SNPP,n,2.0NRT,282.32,1.41,N
24.76271,74.60774,306.91,0.47,0.4,2026-08-31,2040,SNPP,SNPP,n,2.0NRT,281.39,1.26,N
24.76335,74.60571,303.34,0.47,0.4,2026-08-31,2040,SNPP,SNPP,n,2.0NRT,280.61,0.71,N
22.3858,73.11745,305.2,0.53,0.42,2026-08-31,2040,SNPP,SNPP,n,2.0NRT,282.63,1.11,N
22.3882,73.11613,321.54,0.53,0.42,2026-08-31,2040,SNPP,SNPP,n,2.0NRT,282.49,2.6,N
21.10902,72.64436,299.5,0.54,0.42,2026-08-31,2040,SNPP,SNPP,n,2.0NRT,284.52,1.6,N
21.10513,72.64378,330.75,0.54,0.42,2026-08-31,2040,SNPP,SNPP,n,2.0NRT,287.66,5.89,N
15.65919,73.98986,315.41,0.41,0.37,2026-08-31,2042,SNPP,SNPP,n,2.0NRT,289.55,1.8,N
17.06269,76.97835,306.39,0.39,0.36,2026-08-31,2042,SNPP,SNPP,n,2.0NRT,286.56,0.84,N
18.68149,73.03835,311.06,0.48,0.4,2026-08-31,2042,SNPP,SNPP,n,2.0NRT,292.45,3.11,N
18.42431,74.38948,307.81,0.42,0.38,2026-08-31,2042,SNPP,SNPP,n,2.0NRT,290.41,0.44,N
17.43479,74.96613,307.73,0.4,0.37,2026-08-31,2042,SNPP,SNPP,n,2.0NRT,289.13,0.74,N
18.59601,74.25494,317.81,0.43,0.38,2026-08-31,2042,SNPP,SNPP,n,2.0NRT,290.26,1.7,N
18.68646,73.02973,306.48,0.48,0.4,2026-08-31,2042,SNPP,SNPP,n,2.0NRT,288.82,1.93,N
18.68213,73.03376,305.47,0.48,0.4,2026-08-31,2042,SNPP,SNPP,n,2.0NRT,292.44,1.93,N
15.1696,76.37997,296.09,0.39,0.36,2026-08-31,2042,SNPP,SNPP,n,2.0NRT,271.6,0.65,N
12.59783,77.8851,299.48,0.43,0.38,2026-08-31,2044,SNPP,SNPP,n,2.0NRT,281.77,0.27,N
11.81802,77.91586,308.19,0.44,0.39,2026-08-31,2044,SNPP,SNPP,n,2.0NRT,291.36,1.71,N
10.41461,77.11382,305.75,0.43,0.38,2026-08-31,2044,SNPP,SNPP,n,2.0NRT,289.06,0.43,N
8.74017,78.09332,306.91,0.49,0.4,2026-08-31,2044,SNPP,SNPP,n,2.0NRT,294.39,0.38,N
12.60132,77.88569,308.19,0.43,0.38,2026-08-31,2044,SNPP,SNPP,n,2.0NRT,283.62,0.27,N
11.08366,78.75399,311.37,0.5,0.41,2026-08-31,2044,SNPP,SNPP,n,2.0NRT,294.08,2.89,N
11.18313,79.09899,304.24,0.51,0.41,2026-08-31,2044,SNPP,SNPP,n,2.0NRT,283.87,0.5,N
11.80957,77.92274,309.05,0.44,0.39,2026-08-31,2044,SNPP,SNPP,n,2.0NRT,293.67,1.65,N
11.81027,77.91869,306.89,0.44,0.39,2026-08-31,2044,SNPP,SNPP,n,2.0NRT,292.03,2.44,N
10.94284,78.06322,316.81,0.46,0.39,2026-08-31,2044,SNPP,SNPP,n,2.0NRT,294.36,1.41,N
10.86091,79.81236,332.03,0.4,0.44,2026-09-01,0750,SNPP,SNPP,n,2.0NRT,298.78,0.93,D
10.74769,78.83463,344.12,0.46,0.47,2026-09-01,0750,SNPP,SNPP,n,2.0NRT,306.06,6.13,D
10.77378,78.65028,335.4,0.47,0.48,2026-09-01,0750,SNPP,SNPP,l,2.0NRT,307.67,5.62,D
11.01958,79.83994,336.41,0.39,0.44,2026-09-01,0750,SNPP,SNPP,n,2.0NRT,303.87,2.22,D
11.01218,79.41254,334.72,0.42,0.45,2026-09-01,0750,SNPP,SNPP,n,2.0NRT,302.36,1.56,D
11.00781,77.43622,332.41,0.56,0.52,2026-09-01,0750,SNPP,SNPP,n,2.0NRT,299.6,7.15,D
11.14795,78.03258,336.34,0.51,0.49,2026-09-01,0750,SNPP,SNPP,n,2.0NRT,300.6,4.53,D
11.69378,79.12559,336.91,0.43,0.46,2026-09-01,0750,SNPP,SNPP,n,2.0NRT,304.65,3.94,D
11.69394,79.12669,334.62,0.43,0.46,2026-09-01,0750,SNPP,SNPP,l,2.0NRT,305.59,5.89,D
11.69813,79.12595,355.18,0.43,0.46,2026-09-01,0750,SNPP,SNPP,n,2.0NRT,304.79,5.89,D
11.83094,79.66526,331.46,0.39,0.44,2026-09-01,0750,SNPP,SNPP,l,2.0NRT,303.93,1.86,D
12.09285,79.56569,341.02,0.39,0.44,2026-09-01,0750,SNPP,SNPP,n,2.0NRT,303.15,4.53,D
12.09304,79.56533,342.44,0.39,0.44,2026-09-01,0750,SNPP,SNPP,n,2.0NRT,303.39,2.38,D
12.13102,78.14007,332.63,0.49,0.48,2026-09-01,0750,SNPP,SNPP,n,2.0NRT,299.71,8.28,D
12.38799,79.56133,332.27,0.39,0.44,2026-09-01,0750,SNPP,SNPP,n,2.0NRT,303.14,2.06,D
12.55496,79.97733,343.27,0.55,0.43,2026-09-01,0750,SNPP,SNPP,n,2.0NRT,303.72,6.59,D
12.63548,79.86098,334.7,0.56,0.43,2026-09-01,0750,SNPP,SNPP,n,2.0NRT,302.52,5.87,D
12.6515,79.40098,337.49,0.4,0.44,2026-09-01,0750,SNPP,SNPP,n,2.0NRT,301.46,2.19,D
12.65554,79.40025,336.68,0.4,0.44,2026-09-01,0750,SNPP,SNPP,n,2.0NRT,302.28,2.19,D
12.8083,79.95654,331.11,0.55,0.43,2026-09-01,0750,SNPP,SNPP,l,2.0NRT,302.28,3.64,D
12.82044,79.10441,338.59,0.41,0.45,2026-09-01,0750,SNPP,SNPP,n,2.0NRT,303.67,5.45,D
12.82455,79.10368,332.39,0.41,0.45,2026-09-01,0750,SNPP,SNPP,l,2.0NRT,304.02,5.9,D
12.88371,78.21547,333.65,0.47,0.47,2026-09-01,0750,SNPP,SNPP,n,2.0NRT,302.7,3.46,D
13.20734,79.73056,330.12,0.56,0.43,2026-09-01,0750,SNPP,SNPP,l,2.0NRT,301.37,3.71,D
13.85709,79.33201,344.02,0.38,0.43,2026-09-01,0750,SNPP,SNPP,n,2.0NRT,298.61,4.74,D
13.85649,79.3286,340.87,0.38,0.43,2026-09-01,0750,SNPP,SNPP,n,2.0NRT,296.39,4.74,D
13.86103,79.33105,334.63,0.38,0.43,2026-09-01,0750,SNPP,SNPP,n,2.0NRT,296.24,4.74,D
14.54064,79.68484,344.26,0.54,0.42,2026-09-01,0750,SNPP,SNPP,n,2.0NRT,297.25,9.29,D
14.43581,77.70943,343.02,0.47,0.48,2026-09-01,0750,SNPP,SNPP,n,2.0NRT,298.18,11.47,D
14.43501,77.70506,330.81,0.47,0.48,2026-09-01,0750,SNPP,SNPP,n,2.0NRT,296.7,5.22,D
14.49206,77.77126,343.95,0.47,0.48,2026-09-01,0750,SNPP,SNPP,n,2.0NRT,298.34,8.52,D
12.05853,79.84698,331.63,0.57,0.43,2026-09-01,0750,SNPP,SNPP,n,2.0NRT,299.32,3.58,D
8.29291,77.57172,340.35,0.61,0.54,2026-09-01,0750,SNPP,SNPP,n,2.0NRT,300.05,3.49,D
8.69359,78.05819,331.91,0.56,0.52,2026-09-01,0750,SNPP,SNPP,n,2.0NRT,300.81,4.74,D
8.69272,78.05309,339.6,0.56,0.52,2026-09-01,0750,SNPP,SNPP,n,2.0NRT,301.29,4.6,D
8.69322,78.05519,347.78,0.56,0.52,2026-09-01,0750,SNPP,SNPP,n,2.0NRT,301.94,6.31,D
9.57735,78.58523,342.46,0.5,0.49,2026-09-01,0750,SNPP,SNPP,n,2.0NRT,305.45,8.92,D
9.77143,78.21916,333.13,0.52,0.5,2026-09-01,0750,SNPP,SNPP,n,2.0NRT,302.84,3.49,D
9.8107,78.22701,330.36,0.52,0.5,2026-09-01,0750,SNPP,SNPP,l,2.0NRT,302.93,3.51,D
9.95757,77.88288,336.99,0.55,0.51,2026-09-01,0750,SNPP,SNPP,n,2.0NRT,305.57,8.44,D
9.96955,77.89621,343.87,0.55,0.51,2026-09-01,0750,SNPP,SNPP,n,2.0NRT,306.5,13.59,D
9.95914,77.88472,337.66,0.55,0.51,2026-09-01,0750,SNPP,SNPP,n,2.0NRT,305.78,11.36,D
9.96654,77.89884,339.99,0.55,0.51,2026-09-01,0750,SNPP,SNPP,n,2.0NRT,305.78,6.17,D
10.015,78.08784,345.21,0.53,0.5,2026-09-01,0750,SNPP,SNPP,n,2.0NRT,304.53,8.15,D
9.99659,77.51824,343.88,0.58,0.52,2026-09-01,0750,SNPP,SNPP,n,2.0NRT,303.84,3,D
9.99667,77.52258,334.74,0.58,0.52,2026-09-01,0750,SNPP,SNPP,n,2.0NRT,303.41,8.15,D
10.38719,79.27933,343.55,0.44,0.46,2026-09-01,0750,SNPP,SNPP,n,2.0NRT,305.99,11.34,D
10.44507,78.80642,332.13,0.47,0.48,2026-09-01,0750,SNPP,SNPP,l,2.0NRT,302.64,3.98,D
10.44559,78.8073,332.18,0.47,0.48,2026-09-01,0750,SNPP,SNPP,n,2.0NRT,301.71,5.72,D
10.67588,78.80834,334.64,0.46,0.47,2026-09-01,0750,SNPP,SNPP,l,2.0NRT,305.76,4.1,D
14.86462,77.31979,335.31,0.49,0.49,2026-09-01,0752,SNPP,SNPP,n,2.0NRT,292.46,2.62,D
15.18663,76.75148,337.67,0.53,0.5,2026-09-01,0752,SNPP,SNPP,n,2.0NRT,289.96,3.78,D
15.88618,79.82315,338.82,0.5,0.41,2026-09-01,0752,SNPP,SNPP,l,2.0NRT,301.09,7,D
15.88993,79.82246,339.55,0.5,0.41,2026-09-01,0752,SNPP,SNPP,n,2.0NRT,299.72,7,D
17.95781,80.79736,336.54,0.43,0.38,2026-09-01,0752,SNPP,SNPP,n,2.0NRT,292.25,5.73,D
14.95313,79.62963,338.9,0.53,0.42,2026-09-01,0752,SNPP,SNPP,n,2.0NRT,300.36,5.79,D
14.95399,79.63455,333.95,0.53,0.42,2026-09-01,0752,SNPP,SNPP,n,2.0NRT,299.32,5.79,D
34.42354,73.96882,306.24,0.41,0.61,2026-09-01,2017,SNPP,SNPP,n,2.0NRT,283.6,1.5,N
21.10572,72.64465,331.23,0.36,0.57,2026-09-01,2021,SNPP,SNPP,n,2.0NRT,285.01,4.16,N
21.10537,72.64811,310.93,0.35,0.57,2026-09-01,2021,SNPP,SNPP,n,2.0NRT,284.27,2.9,N
21.10147,72.63356,308.84,0.36,0.57,2026-09-01,2021,SNPP,SNPP,n,2.0NRT,282.25,1.18,N
21.10112,72.63706,308.66,0.36,0.57,2026-09-01,2021,SNPP,SNPP,n,2.0NRT,282.05,1.18,N
18.73882,74.40549,299.3,0.51,0.49,2026-09-01,2021,SNPP,SNPP,n,2.0NRT,284.89,0.54,N
13.00275,74.8494,305.21,0.4,0.44,2026-09-01,2023,SNPP,SNPP,n,2.0NRT,289.72,0.85,N
12.07241,79.15073,306.96,0.39,0.36,2026-09-01,2023,SNPP,SNPP,n,2.0NRT,290.91,1.83,N
11.80976,77.92097,306.97,0.41,0.37,2026-09-01,2023,SNPP,SNPP,n,2.0NRT,292.26,2.29,N
11.81017,77.92106,307.2,0.41,0.37,2026-09-01,2023,SNPP,SNPP,n,2.0NRT,292.19,2.41,N
11.592,77.27362,325.47,0.43,0.38,2026-09-01,2023,SNPP,SNPP,n,2.0NRT,290.18,2.54,N
11.59257,77.26982,304.87,0.43,0.38,2026-09-01,2023,SNPP,SNPP,n,2.0NRT,287.86,1.3,N
11.58795,77.27676,328.51,0.43,0.38,2026-09-01,2023,SNPP,SNPP,n,2.0NRT,290.39,2.54,N
11.58907,77.26917,316.85,0.43,0.38,2026-09-01,2023,SNPP,SNPP,n,2.0NRT,288.53,1.3,N
11.58561,77.26827,302.6,0.43,0.38,2026-09-01,2023,SNPP,SNPP,n,2.0NRT,289.36,0.71,N
11.58526,77.26942,302.45,0.43,0.38,2026-09-01,2023,SNPP,SNPP,n,2.0NRT,289.46,0.63,N
11.10827,79.43034,306.12,0.38,0.36,2026-09-01,2023,SNPP,SNPP,n,2.0NRT,291.65,1.26,N
11.43151,77.16531,308.64,0.44,0.38,2026-09-01,2023,SNPP,SNPP,n,2.0NRT,293.07,1.7,N
10.99333,79.23576,307.67,0.39,0.36,2026-09-01,2023,SNPP,SNPP,n,2.0NRT,291.5,2.35,N
15.33235,76.28368,306.58,0.53,0.42,2026-09-01,2023,SNPP,SNPP,n,2.0NRT,286.1,1.69,N
10.92252,78.51923,325.57,0.39,0.37,2026-09-01,2023,SNPP,SNPP,n,2.0NRT,293.57,1.96,N
10.94335,76.3877,303.97,0.47,0.4,2026-09-01,2023,SNPP,SNPP,n,2.0NRT,291.59,0.57,N
14.51576,75.63882,301.84,0.57,0.43,2026-09-01,2023,SNPP,SNPP,n,2.0NRT,286.6,0.94,N
10.99278,79.23927,318.53,0.39,0.36,2026-09-01,2023,SNPP,SNPP,n,2.0NRT,291.83,2.33,N
15.18782,76.65921,310.47,0.51,0.41,2026-09-01,2023,SNPP,SNPP,n,2.0NRT,285.67,2.82,N
15.18272,76.66805,312.13,0.5,0.41,2026-09-01,2023,SNPP,SNPP,n,2.0NRT,282.34,3.48,N
15.18291,76.63927,319.2,0.51,0.41,2026-09-01,2023,SNPP,SNPP,n,2.0NRT,285.55,2.14,N
15.17715,76.65287,304.64,0.51,0.41,2026-09-01,2023,SNPP,SNPP,n,2.0NRT,285,2.24,N
15.17649,76.65758,318.85,0.51,0.41,2026-09-01,2023,SNPP,SNPP,n,2.0NRT,285.28,2.24,N
15.00385,77.61399,301.52,0.45,0.39,2026-09-01,2023,SNPP,SNPP,n,2.0NRT,281.69,0.86,N
15.17009,76.38125,302.75,0.52,0.42,2026-09-01,2023,SNPP,SNPP,n,2.0NRT,285.05,1.63,N
14.5171,75.64188,300.76,0.57,0.43,2026-09-01,2023,SNPP,SNPP,n,2.0NRT,286.89,0.94,N
13.89658,76.56571,300.57,0.49,0.41,2026-09-01,2023,SNPP,SNPP,n,2.0NRT,285.29,0.51,N
12.74743,77.61809,300.42,0.43,0.38,2026-09-01,2023,SNPP,SNPP,n,2.0NRT,288.9,0.43,N
12.29417,79.93931,325.11,0.38,0.36,2026-09-01,2023,SNPP,SNPP,n,2.0NRT,291.53,1.98,N
12.29086,79.93877,311.05,0.38,0.36,2026-09-01,2023,SNPP,SNPP,n,2.0NRT,291.14,1.98,N
8.6686,77.99117,299.21,0.39,0.37,2026-09-01,2025,SNPP,SNPP,n,2.0NRT,278.27,0.36,N
10.19173,77.64243,304.01,0.41,0.37,2026-09-01,2025,SNPP,SNPP,n,2.0NRT,291.74,0.42,N
9.58141,77.54852,311.48,0.41,0.37,2026-09-01,2025,SNPP,SNPP,n,2.0NRT,272.37,1.01,N
9.57284,77.53609,305.91,0.41,0.37,2026-09-01,2025,SNPP,SNPP,n,2.0NRT,268.13,1.24,N
9.5723,77.5396,299.71,0.41,0.37,2026-09-01,2025,SNPP,SNPP,n,2.0NRT,269.85,0.85,N
9.56999,77.5319,304.75,0.41,0.37,2026-09-01,2025,SNPP,SNPP,n,2.0NRT,267.28,1.35,N
9.56943,77.53551,308.38,0.41,0.37,2026-09-01,2025,SNPP,SNPP,n,2.0NRT,268.79,1.35,N
9.2637,77.50169,313.85,0.41,0.37,2026-09-01,2025,SNPP,SNPP,n,2.0NRT,293.16,1.36,N
23.43164,68.71332,303.25,0.45,0.63,2026-09-01,2201,SNPP,SNPP,n,2.0NRT,289.63,0.77,N
9.99482,79.18996,341.62,0.47,0.64,2026-09-02,0731,SNPP,SNPP,n,2.0NRT,287.05,4.89,D
9.94405,78.17075,330.98,0.55,0.68,2026-09-02,0731,SNPP,SNPP,n,2.0NRT,292.36,8.81,D
14.88849,79.31078,332.39,0.37,0.58,2026-09-02,0731,SNPP,SNPP,n,2.0NRT,273.26,2.5,D
12.1557,79.81212,330.94,0.39,0.59,2026-09-02,0731,SNPP,SNPP,n,2.0NRT,288.02,2.65,D
15.95654,79.91642,341.23,0.32,0.55,2026-09-02,0731,SNPP,SNPP,n,2.0NRT,293.08,4.66,D
17.67918,75.30824,332.06,0.6,0.7,2026-09-02,0733,SNPP,SNPP,n,2.0NRT,286.29,6.74,D
20.96492,85.17074,326.69,0.42,0.38,2026-09-02,0733,SNPP,SNPP,l,2.0NRT,284.61,7.94,D
31.09262,74.68887,340.43,0.33,0.55,2026-09-02,0737,SNPP,SNPP,n,2.0NRT,293.1,3.98,D
11.34867,77.58162,343.48,0.68,0.74,2026-09-02,0911,SNPP,SNPP,n,2.0NRT,291.66,6.73,D
9.92334,78.1786,333.46,0.72,0.75,2026-09-02,0911,SNPP,SNPP,n,2.0NRT,287.09,8.28,D
27.85456,72.35793,335.36,0.48,0.65,2026-09-02,0915,SNPP,SNPP,n,2.0NRT,295.85,6.23,D
27.37742,95.33333,296.12,0.46,0.47,2026-09-02,2000,SNPP,SNPP,n,2.0NRT,277.24,1.17,N
20.95044,86.04603,320.77,0.39,0.36,2026-09-02,2002,SNPP,SNPP,n,2.0NRT,277.16,2.41,N
20.96373,86.04834,300.88,0.39,0.36,2026-09-02,2002,SNPP,SNPP,n,2.0NRT,279.16,0.85,N
23.80529,86.32597,299.68,0.39,0.36,2026-09-02,2002,SNPP,SNPP,n,2.0NRT,288.61,0.85,N
23.80471,86.32983,311.61,0.39,0.36,2026-09-02,2002,SNPP,SNPP,n,2.0NRT,289.63,0.85,N
23.80136,86.32924,302.76,0.39,0.36,2026-09-02,2002,SNPP,SNPP,n,2.0NRT,288.9,0.85,N
23.78102,86.37297,301.83,0.39,0.36,2026-09-02,2002,SNPP,SNPP,n,2.0NRT,289.08,1.41,N
23.7787,86.38834,311.58,0.39,0.36,2026-09-02,2002,SNPP,SNPP,n,2.0NRT,289.49,1.75,N
23.77812,86.39218,303.48,0.39,0.36,2026-09-02,2002,SNPP,SNPP,n,2.0NRT,289.43,1.06,N
23.77536,86.38774,305.74,0.39,0.36,2026-09-02,2002,SNPP,SNPP,n,2.0NRT,289.53,2.1,N
23.76637,86.40189,301.52,0.39,0.36,2026-09-02,2002,SNPP,SNPP,n,2.0NRT,288.02,0.98,N
23.7665,86.37826,303.1,0.39,0.36,2026-09-02,2002,SNPP,SNPP,n,2.0NRT,288.33,1.13,N
23.76419,86.39362,305.69,0.39,0.36,2026-09-02,2002,SNPP,SNPP,n,2.0NRT,289.46,1.77,N
23.76303,86.40129,306.39,0.39,0.36,2026-09-02,2002,SNPP,SNPP,n,2.0NRT,288.44,0.98,N
23.76244,86.40514,302.54,0.39,0.36,2026-09-02,2002,SNPP,SNPP,n,2.0NRT,288.11,1.07,N
23.75969,86.40069,312.71,0.39,0.36,2026-09-02,2002,SNPP,SNPP,n,2.0NRT,289.41,1.45,N
23.75911,86.40453,307.12,0.39,0.36,2026-09-02,2002,SNPP,SNPP,n,2.0NRT,288.73,1.05,N
23.75693,86.39625,306.5,0.39,0.36,2026-09-02,2002,SNPP,SNPP,n,2.0NRT,290.21,1.45,N
23.75577,86.40394,306.39,0.39,0.36,2026-09-02,2002,SNPP,SNPP,n,2.0NRT,289.59,1.05,N
23.75301,86.3995,306.1,0.39,0.36,2026-09-02,2002,SNPP,SNPP,n,2.0NRT,290.05,1.79,N
23.77554,85.99434,303.22,0.4,0.37,2026-09-02,2002,SNPP,SNPP,n,2.0NRT,289.35,0.93,N
23.77496,85.99825,304.92,0.4,0.37,2026-09-02,2002,SNPP,SNPP,n,2.0NRT,289.68,0.93,N
23.76929,86.01326,303.69,0.4,0.37,2026-09-02,2002,SNPP,SNPP,n,2.0NRT,289.14,1.06,N
23.66686,86.09244,303.59,0.4,0.37,2026-09-02,2002,SNPP,SNPP,n,2.0NRT,287.9,2,N
23.69712,85.35915,298.21,0.42,0.37,2026-09-02,2002,SNPP,SNPP,n,2.0NRT,282.2,0.72,N
22.24434,87.38933,307.58,0.38,0.36,2026-09-02,2002,SNPP,SNPP,n,2.0NRT,284.82,1.69,N
20.97057,86.0037,307.75,0.39,0.36,2026-09-02,2002,SNPP,SNPP,n,2.0NRT,279.33,1.07,N
20.97389,86.00428,303.42,0.39,0.36,2026-09-02,2002,SNPP,SNPP,n,2.0NRT,279.75,0.75,N
20.94712,86.04544,299.71,0.39,0.36,2026-09-02,2002,SNPP,SNPP,n,2.0NRT,275.89,2.41,N
20.94769,86.04173,329.92,0.39,0.36,2026-09-02,2002,SNPP,SNPP,n,2.0NRT,276.62,2.41,N
20.94987,86.04974,317.46,0.39,0.36,2026-09-02,2002,SNPP,SNPP,n,2.0NRT,278.53,1.99,N
15.18241,76.66785,303.1,0.33,0.56,2026-09-02,2004,SNPP,SNPP,n,2.0NRT,283.02,2.21,N
21.16249,72.6673,304.69,0.71,0.75,2026-09-02,2004,SNPP,SNPP,n,2.0NRT,284.74,1.98,N
21.1658,72.66228,301.64,0.71,0.75,2026-09-02,2004,SNPP,SNPP,n,2.0NRT,284.7,1.54,N
17.61139,83.20518,299.79,0.44,0.38,2026-09-02,2004,SNPP,SNPP,n,2.0NRT,271.87,1.06,N
17.60785,83.20464,298.93,0.44,0.38,2026-09-02,2004,SNPP,SNPP,n,2.0NRT,270.69,0.82,N
17.60491,83.19991,295.25,0.44,0.38,2026-09-02,2004,SNPP,SNPP,n,2.0NRT,268.04,1.14,N
18.6843,73.02866,303.48,0.64,0.72,2026-09-02,2004,SNPP,SNPP,n,2.0NRT,282.8,2.69,N
18.68376,73.03494,307.43,0.64,0.72,2026-09-02,2004,SNPP,SNPP,n,2.0NRT,282.78,2.69,N
18.68321,73.04121,301.76,0.64,0.72,2026-09-02,2004,SNPP,SNPP,n,2.0NRT,283.02,3.91,N
15.78634,80.24809,304.51,0.4,0.44,2026-09-02,2004,SNPP,SNPP,n,2.0NRT,283.42,1.63,N
15.17876,76.65467,303.64,0.34,0.56,2026-09-02,2004,SNPP,SNPP,n,2.0NRT,283.83,1.51,N
15.17838,76.65782,304.14,0.34,0.56,2026-09-02,2004,SNPP,SNPP,n,2.0NRT,284.25,1.94,N
15.17359,76.65408,300.96,0.34,0.56,2026-09-02,2004,SNPP,SNPP,n,2.0NRT,281.77,1.23,N
15.17321,76.65722,298.31,0.34,0.56,2026-09-02,2004,SNPP,SNPP,n,2.0NRT,283.72,1.52,N
15.16884,76.38137,303.55,0.35,0.57,2026-09-02,2004,SNPP,SNPP,n,2.0NRT,285.17,1.08,N
9.55933,77.5109,299.08,0.49,0.49,2026-09-02,2006,SNPP,SNPP,n,2.0NRT,278.15,0.75,N
9.55874,77.51527,299.36,0.49,0.49,2026-09-02,2006,SNPP,SNPP,n,2.0NRT,278.95,2.55,N
9.56267,77.52,312.46,0.49,0.49,2026-09-02,2006,SNPP,SNPP,n,2.0NRT,278.52,2.11,N
9.56071,77.53418,314.02,0.49,0.49,2026-09-02,2006,SNPP,SNPP,n,2.0NRT,281.53,2.32,N
9.55315,77.52262,321,0.49,0.49,2026-09-02,2006,SNPP,SNPP,n,2.0NRT,280.86,2.59,N
9.55481,77.51051,305.7,0.49,0.49,2026-09-02,2006,SNPP,SNPP,n,2.0NRT,277.36,0.75,N
9.55174,77.51925,300.72,0.49,0.49,2026-09-02,2006,SNPP,SNPP,n,2.0NRT,280.12,0.75,N
13.09088,79.98233,304.44,0.38,0.43,2026-09-02,2006,SNPP,SNPP,n,2.0NRT,285.15,0.52,N
12.85253,79.90434,343.13,0.38,0.44,2026-09-02,2006,SNPP,SNPP,n,2.0NRT,289.45,5.36,N
12.84852,79.90374,334.6,0.38,0.44,2026-09-02,2006,SNPP,SNPP,n,2.0NRT,288.54,4,N
11.80807,77.92142,313.58,0.5,0.49,2026-09-02,2006,SNPP,SNPP,n,2.0NRT,284.21,2.3,N
11.59569,77.25757,301.79,0.55,0.51,2026-09-02,2006,SNPP,SNPP,n,2.0NRT,268.93,1.73,N
11.59482,77.264,308.29,0.55,0.51,2026-09-02,2006,SNPP,SNPP,n,2.0NRT,271.1,1.73,N
11.17563,79.08776,304.65,0.41,0.45,2026-09-02,2006,SNPP,SNPP,n,2.0NRT,286.18,0.63,N
31.3686,76.35826,302.36,0.44,0.62,2026-09-02,2140,SNPP,SNPP,n,2.0NRT,289.07,0.62,N
24.82198,73.09294,304.11,0.4,0.6,2026-09-02,2142,SNPP,SNPP,n,2.0NRT,290.78,0.64,N
27.28717,73.83898,303.91,0.39,0.59,2026-09-02,2142,SNPP,SNPP,n,2.0NRT,290.51,0.55,N
21.10142,72.64466,307.16,0.44,0.63,2026-09-02,2144,SNPP,SNPP,n,2.0NRT,287.46,2.25,N
21.1071,72.64617,347.86,0.44,0.63,2026-09-02,2144,SNPP,SNPP,n,2.0NRT,288.32,7.05,N
21.10903,72.63763,307.73,0.44,0.63,2026-09-02,2144,SNPP,SNPP,n,2.0NRT,288.01,2.25,N
21.10334,72.63613,318.44,0.44,0.63,2026-09-02,2144,SNPP,SNPP,n,2.0NRT,287.95,2.34,N
27.37946,95.33263,333.29,0.53,0.42,2026-09-03,0716,SNPP,SNPP,n,2.0NRT,293.87,1.57,D
23.80334,86.3283,329.9,0.56,0.43,2026-09-03,0716,SNPP,SNPP,n,2.0NRT,292.97,4.25,D
26.52341,90.53152,337.85,0.38,0.36,2026-09-03,0716,SNPP,SNPP,n,2.0NRT,295.1,3.17,D
26.88079,92.32764,335.88,0.4,0.37,2026-09-03,0716,SNPP,SNPP,n,2.0NRT,295.78,6.54,D
26.80206,90.32026,331.09,0.38,0.36,2026-09-03,0716,SNPP,SNPP,n,2.0NRT,295.86,4.05,D
27.98586,95.93726,334.3,0.39,0.44,2026-09-03,0716,SNPP,SNPP,n,2.0NRT,295.68,5.03,D
27.99035,95.94063,340.52,0.39,0.44,2026-09-03,0716,SNPP,SNPP,n,2.0NRT,294.12,6.05,D
28.181,95.66731,333.32,0.57,0.43,2026-09-03,0716,SNPP,SNPP,n,2.0NRT,294.3,5.65,D
8.99612,78.11604,340.09,0.33,0.55,2026-09-03,0852,SNPP,SNPP,n,2.0NRT,296.73,1.58,D
10.23653,79.19613,367,0.41,0.6,2026-09-03,0852,SNPP,SNPP,h,2.0NRT,294.56,11.42,D
10.9525,78.43614,334.3,0.37,0.58,2026-09-03,0852,SNPP,SNPP,n,2.0NRT,273.55,2.9,D
11.50817,79.52599,344.98,0.44,0.63,2026-09-03,0852,SNPP,SNPP,n,2.0NRT,294.04,2.7,D
8.99572,78.11298,337.77,0.33,0.55,2026-09-03,0852,SNPP,SNPP,n,2.0NRT,296.58,1.58,D
9.40996,78.80921,341.22,0.37,0.58,2026-09-03,0852,SNPP,SNPP,n,2.0NRT,292.88,0.73,D
8.81097,78.0528,333.07,0.32,0.55,2026-09-03,0852,SNPP,SNPP,n,2.0NRT,298.05,0.97,D
11.5078,79.52651,346.56,0.45,0.63,2026-09-03,0852,SNPP,SNPP,n,2.0NRT,294.32,4.34,D
8.86688,78.08226,334.12,0.33,0.55,2026-09-03,0852,SNPP,SNPP,n,2.0NRT,296.85,1.34,D
8.86421,78.08301,337.52,0.33,0.55,2026-09-03,0852,SNPP,SNPP,n,2.0NRT,296.67,2.55,D
21.10661,72.64839,332.65,0.42,0.45,2026-09-03,0856,SNPP,SNPP,n,2.0NRT,296.01,4.4,D
22.93244,69.69634,330.89,0.46,0.39,2026-09-03,0856,SNPP,SNPP,l,2.0NRT,302.24,4.13,D
22.92752,70.11013,330.19,0.48,0.4,2026-09-03,0856,SNPP,SNPP,n,2.0NRT,293.5,3.07,D
22.4173,69.04085,340.77,0.43,0.38,2026-09-03,0856,SNPP,SNPP,n,2.0NRT,302.56,5.33,D
18.56307,74.36423,332.55,0.5,0.49,2026-09-03,0856,SNPP,SNPP,n,2.0NRT,297.39,7.46,D
18.69169,73.04173,334.81,0.42,0.45,2026-09-03,0856,SNPP,SNPP,n,2.0NRT,295.45,5.14,D
18.51911,74.35187,330.29,0.5,0.49,2026-09-03,0856,SNPP,SNPP,n,2.0NRT,296.04,4.86,D
18.51854,74.3471,334.46,0.5,0.49,2026-09-03,0856,SNPP,SNPP,n,2.0NRT,296.41,4.86,D
29.88983,73.90404,333.23,0.32,0.55,2026-09-03,0858,SNPP,SNPP,n,2.0NRT,296.63,1.81,D
26.75918,83.19909,306.85,0.35,0.57,2026-09-03,1942,SNPP,SNPP,n,2.0NRT,285.78,1.16,N
23.69777,85.2904,303.8,0.48,0.48,2026-09-03,1945,SNPP,SNPP,n,2.0NRT,285.73,1.48,N
24.11965,86.86556,305.15,0.39,0.44,2026-09-03,1945,SNPP,SNPP,n,2.0NRT,287.3,0.4,N
24.11606,86.86103,316.46,0.39,0.44,2026-09-03,1945,SNPP,SNPP,n,2.0NRT,287.24,2.21,N
23.80754,86.32885,303.74,0.42,0.45,2026-09-03,1945,SNPP,SNPP,n,2.0NRT,279.15,0.61,N
23.80646,86.33013,307.16,0.42,0.45,2026-09-03,1945,SNPP,SNPP,n,2.0NRT,276.81,1.77,N
23.80228,86.32954,314.47,0.42,0.45,2026-09-03,1945,SNPP,SNPP,n,2.0NRT,273.05,1.77,N
23.79976,86.35018,300.15,0.42,0.45,2026-09-03,1945,SNPP,SNPP,n,2.0NRT,272.56,0.74,N
23.79559,86.34954,297.82,0.42,0.45,2026-09-03,1945,SNPP,SNPP,n,2.0NRT,273.2,0.83,N
23.79508,86.35372,302.73,0.42,0.45,2026-09-03,1945,SNPP,SNPP,n,2.0NRT,275.18,0.83,N
23.78223,86.3897,305.21,0.42,0.45,2026-09-03,1945,SNPP,SNPP,n,2.0NRT,275.26,1.38,N
23.78174,86.39377,300.97,0.42,0.45,2026-09-03,1945,SNPP,SNPP,n,2.0NRT,278.02,1.38,N
23.69338,87.10863,305.36,0.57,0.43,2026-09-03,1945,SNPP,SNPP,n,2.0NRT,285.59,1.71,N
23.69199,87.11974,307.04,0.57,0.43,2026-09-03,1945,SNPP,SNPP,n,2.0NRT,285.93,1.93,N
23.79659,86.2353,298,0.43,0.46,2026-09-03,1945,SNPP,SNPP,n,2.0NRT,279.57,0.51,N
23.77807,86.38908,317.93,0.42,0.45,2026-09-03,1945,SNPP,SNPP,n,2.0NRT,274.17,1.38,N
23.68801,87.11914,310.76,0.57,0.43,2026-09-03,1945,SNPP,SNPP,n,2.0NRT,285.56,1.93,N
23.7769,86.36366,309.48,0.42,0.45,2026-09-03,1945,SNPP,SNPP,n,2.0NRT,278.5,1.88,N
23.68263,87.12968,304.46,0.57,0.43,2026-09-03,1945,SNPP,SNPP,n,2.0NRT,286.13,1.02,N
23.76777,86.40421,320.79,0.42,0.45,2026-09-03,1945,SNPP,SNPP,n,2.0NRT,277.99,2,N
23.77272,86.36308,311,0.42,0.45,2026-09-03,1945,SNPP,SNPP,n,2.0NRT,279.79,1.88,N
23.76827,86.40009,301.49,0.42,0.45,2026-09-03,1945,SNPP,SNPP,n,2.0NRT,276.21,1.42,N
23.76411,86.39948,301.48,0.42,0.45,2026-09-03,1945,SNPP,SNPP,n,2.0NRT,276.62,1.13,N
23.76361,86.40362,319.57,0.42,0.45,2026-09-03,1945,SNPP,SNPP,n,2.0NRT,279.65,1.9,N
23.75995,86.39886,303.16,0.42,0.45,2026-09-03,1945,SNPP,SNPP,n,2.0NRT,278.33,1.13,N
23.75945,86.403,311.53,0.42,0.45,2026-09-03,1945,SNPP,SNPP,n,2.0NRT,281.99,1.9,N
23.77853,86.20712,305.87,0.43,0.46,2026-09-03,1945,SNPP,SNPP,n,2.0NRT,284.37,1.4,N
23.75333,86.41881,306.57,0.41,0.45,2026-09-03,1945,SNPP,SNPP,n,2.0NRT,285.49,2.21,N
23.66326,87.15506,315.58,0.56,0.43,2026-09-03,1945,SNPP,SNPP,n,2.0NRT,286.04,2.72,N
23.73892,86.43327,332.15,0.41,0.45,2026-09-03,1945,SNPP,SNPP,n,2.0NRT,289.42,4.27,N
23.66999,86.93584,305.31,0.39,0.44,2026-09-03,1945,SNPP,SNPP,n,2.0NRT,286.93,0.5,N
23.7255,86.43961,312.66,0.41,0.45,2026-09-03,1945,SNPP,SNPP,n,2.0NRT,287.88,2.79,N
23.72328,86.4226,307.96,0.41,0.45,2026-09-03,1945,SNPP,SNPP,n,2.0NRT,287.66,2.1,N
23.71913,86.422,311.36,0.41,0.45,2026-09-03,1945,SNPP,SNPP,n,2.0NRT,287.6,1.61,N
23.71672,86.44246,305.75,0.41,0.45,2026-09-03,1945,SNPP,SNPP,n,2.0NRT,287.65,0.91,N
23.71576,86.45063,309.84,0.41,0.45,2026-09-03,1945,SNPP,SNPP,n,2.0NRT,288.46,1.59,N
23.71498,86.42139,307.53,0.41,0.45,2026-09-03,1945,SNPP,SNPP,n,2.0NRT,287.58,1.61,N
23.71161,86.45001,317.27,0.41,0.45,2026-09-03,1945,SNPP,SNPP,n,2.0NRT,288.58,1.59,N
23.71034,86.42485,309.97,0.41,0.45,2026-09-03,1945,SNPP,SNPP,n,2.0NRT,285.13,1.8,N
23.70747,86.44939,305.52,0.41,0.45,2026-09-03,1945,SNPP,SNPP,n,2.0NRT,288.22,0.94,N
23.75867,85.85327,305.82,0.45,0.47,2026-09-03,1945,SNPP,SNPP,n,2.0NRT,284.84,1.3,N
23.78732,85.55491,301.71,0.47,0.48,2026-09-03,1945,SNPP,SNPP,n,2.0NRT,281.18,1.46,N
23.75436,85.85263,310.98,0.45,0.47,2026-09-03,1945,SNPP,SNPP,n,2.0NRT,284.88,1.3,N
23.75731,85.85121,303.97,0.45,0.47,2026-09-03,1945,SNPP,SNPP,n,2.0NRT,284.59,1.56,N
23.75678,85.85565,310.42,0.45,0.47,2026-09-03,1945,SNPP,SNPP,n,2.0NRT,285.22,1.56,N
23.78801,85.55334,308.69,0.47,0.48,2026-09-03,1945,SNPP,SNPP,n,2.0NRT,282,0.87,N
23.63301,86.83422,306.94,0.39,0.44,2026-09-03,1945,SNPP,SNPP,n,2.0NRT,288.53,0.84,N
23.61394,86.78859,309.63,0.39,0.44,2026-09-03,1945,SNPP,SNPP,n,2.0NRT,289.21,1.7,N
23.56118,87.08237,307.04,0.57,0.43,2026-09-03,1945,SNPP,SNPP,n,2.0NRT,282.82,2.48,N
23.58044,86.72423,309.01,0.4,0.44,2026-09-03,1945,SNPP,SNPP,n,2.0NRT,288.21,1.24,N
23.73955,85.01097,308.09,0.5,0.49,2026-09-03,1945,SNPP,SNPP,n,2.0NRT,285.74,1.92,N
23.7117,85.28757,301.95,0.48,0.48,2026-09-03,1945,SNPP,SNPP,n,2.0NRT,284.85,0.73,N
23.73894,85.0092,308.95,0.5,0.49,2026-09-03,1945,SNPP,SNPP,n,2.0NRT,285.68,1.68,N
23.69792,85.36774,302.62,0.48,0.48,2026-09-03,1945,SNPP,SNPP,n,2.0NRT,285.21,0.93,N
23.67558,85.32627,302.56,0.48,0.48,2026-09-03,1945,SNPP,SNPP,n,2.0NRT,285.85,0.87,N
23.64945,85.43736,328.16,0.47,0.48,2026-09-03,1945,SNPP,SNPP,n,2.0NRT,285.76,4,N
23.64893,85.44199,304.53,0.47,0.48,2026-09-03,1945,SNPP,SNPP,n,2.0NRT,285.44,1.15,N
23.6091,85.67449,308.9,0.46,0.47,2026-09-03,1945,SNPP,SNPP,n,2.0NRT,287.95,0.98,N
23.67128,84.99492,302,0.5,0.49,2026-09-03,1945,SNPP,SNPP,n,2.0NRT,285.16,0.81,N
23.6662,84.99924,305.61,0.5,0.49,2026-09-03,1945,SNPP,SNPP,n,2.0NRT,284.33,1.64,N
17.3574,76.87903,295.01,0.71,0.75,2026-09-03,1947,SNPP,SNPP,n,2.0NRT,274.37,0.63,N
15.02242,78.01557,301.82,0.56,0.69,2026-09-03,1947,SNPP,SNPP,n,2.0NRT,278.54,2.54,N
15.18106,76.67557,302.03,0.69,0.74,2026-09-03,1947,SNPP,SNPP,n,2.0NRT,278.37,1.25,N
15.18172,76.66895,299.3,0.69,0.74,2026-09-03,1947,SNPP,SNPP,n,2.0NRT,274.25,1.25,N
15.18083,76.6638,298.03,0.69,0.74,2026-09-03,1947,SNPP,SNPP,n,2.0NRT,269.99,2.73,N
9.54608,77.51984,305.2,0.52,0.66,2026-09-03,1949,SNPP,SNPP,n,2.0NRT,279.89,1.59,N
9.54534,77.51893,301.06,0.52,0.67,2026-09-03,1949,SNPP,SNPP,n,2.0NRT,279.69,2.19,N
29.4779,76.85962,322.24,0.55,0.51,2026-09-03,2123,SNPP,SNPP,n,2.0NRT,291.14,5.5,N
29.47618,76.85554,311.96,0.55,0.51,2026-09-03,2123,SNPP,SNPP,n,2.0NRT,290.99,4.41,N
23.4967,68.57797,310.58,0.4,0.37,2026-09-03,2123,SNPP,SNPP,n,2.0NRT,293.71,1.65,N
23.12061,70.08583,325.11,0.46,0.39,2026-09-03,2123,SNPP,SNPP,n,2.0NRT,293.82,3.65,N
22.38261,73.12849,303.37,0.45,0.47,2026-09-03,2123,SNPP,SNPP,n,2.0NRT,289.72,0.81,N
22.92733,69.82601,305.45,0.45,0.39,2026-09-03,2123,SNPP,SNPP,n,2.0NRT,294.43,2.2,N
22.93564,69.69796,316.67,0.44,0.39,2026-09-03,2123,SNPP,SNPP,n,2.0NRT,293.47,1.43,N
22.93487,69.70225,311.79,0.44,0.39,2026-09-03,2123,SNPP,SNPP,n,2.0NRT,293.42,1.43,N
22.93212,69.69724,321.98,0.44,0.39,2026-09-03,2123,SNPP,SNPP,n,2.0NRT,293.81,1.43,N
22.93135,69.70153,306.91,0.44,0.39,2026-09-03,2123,SNPP,SNPP,n,2.0NRT,293.25,1.43,N
22.33898,69.85583,307.29,0.46,0.39,2026-09-03,2123,SNPP,SNPP,n,2.0NRT,294.92,2.56,N
29.47491,76.86111,321.58,0.55,0.51,2026-09-03,2123,SNPP,SNPP,n,2.0NRT,291.09,4.53,N
31.26022,76.92496,303.07,0.51,0.49,2026-09-03,2123,SNPP,SNPP,n,2.0NRT,288.42,2.04,N
22.97782,72.56509,308.61,0.41,0.45,2026-09-03,2123,SNPP,SNPP,n,2.0NRT,291.96,1.43,N
24.68892,73.00289,302.62,0.41,0.45,2026-09-03,2123,SNPP,SNPP,n,2.0NRT,286.47,2.05,N
29.47329,76.85825,320.78,0.55,0.51,2026-09-03,2123,SNPP,SNPP,n,2.0NRT,290.76,5.35,N
18.69051,73.04059,303.23,0.52,0.5,2026-09-03,2125,SNPP,SNPP,n,2.0NRT,286.61,2.42,N
21.16711,72.67277,339.36,0.45,0.47,2026-09-03,2125,SNPP,SNPP,n,2.0NRT,291.7,7.63,N
21.16286,72.67182,331.87,0.45,0.47,2026-09-03,2125,SNPP,SNPP,n,2.0NRT,291.11,4.97,N
21.16523,72.66869,321.34,0.45,0.47,2026-09-03,2125,SNPP,SNPP,n,2.0NRT,291.15,4.37,N
21.1644,72.67298,336.65,0.45,0.47,2026-09-03,2125,SNPP,SNPP,n,2.0NRT,291.46,4.37,N
21.10739,72.64669,342.3,0.45,0.47,2026-09-03,2125,SNPP,SNPP,n,2.0NRT,292.6,7.81,N
21.10483,72.63718,307.78,0.45,0.47,2026-09-03,2125,SNPP,SNPP,n,2.0NRT,291.05,1.6,N
21.10314,72.64573,307.67,0.45,0.47,2026-09-03,2125,SNPP,SNPP,n,2.0NRT,291,2.61,N
21.10058,72.63622,307.03,0.45,0.47,2026-09-03,2125,SNPP,SNPP,n,2.0NRT,290.82,1.6,N
27.28717,73.83929,306.83,0.41,0.45,2026-09-03,2125,SNPP,SNPP,n,2.0NRT,293.71,0.98,N
27.081,73.81882,306.77,0.41,0.45,2026-09-03,2125,SNPP,SNPP,n,2.0NRT,294.29,0.77,N
26.87735,73.51431,305.85,0.4,0.44,2026-09-03,2125,SNPP,SNPP,n,2.0NRT,293.66,1.4,N
25.94198,72.19152,328.97,0.53,0.42,2026-09-03,2125,SNPP,SNPP,n,2.0NRT,295.09,4.61,N
25.94437,72.19054,317.01,0.53,0.42,2026-09-03,2125,SNPP,SNPP,n,2.0NRT,294.81,2.7,N
25.94338,72.19575,311.07,0.53,0.42,2026-09-03,2125,SNPP,SNPP,n,2.0NRT,294.72,2.18,N
20.91002,71.45757,304.58,0.38,0.44,2026-09-03,2125,SNPP,SNPP,n,2.0NRT,291.59,0.89,N
20.90932,71.46124,307.63,0.38,0.44,2026-09-03,2125,SNPP,SNPP,n,2.0NRT,291.99,0.99,N
20.86657,70.56716,305.32,0.52,0.41,2026-09-03,2125,SNPP,SNPP,n,2.0NRT,291.77,1.43,N
20.35693,72.94828,312.62,0.48,0.48,2026-09-03,2125,SNPP,SNPP,n,2.0NRT,283.84,1.12,N
20.35351,72.95026,295.9,0.48,0.48,2026-09-03,2125,SNPP,SNPP,n,2.0NRT,283.56,0.44,N
18.68717,73.03136,303.75,0.52,0.5,2026-09-03,2125,SNPP,SNPP,n,2.0NRT,286.82,3.48,N
18.68517,73.04121,303.66,0.52,0.5,2026-09-03,2125,SNPP,SNPP,n,2.0NRT,286.86,2.63,N
18.68594,73.03958,303.16,0.52,0.5,2026-09-03,2125,SNPP,SNPP,n,2.0NRT,286.88,1.63,N
18.68331,73.0287,301.11,0.52,0.5,2026-09-03,2125,SNPP,SNPP,n,2.0NRT,286.49,2.72,N
18.68235,73.03365,304.96,0.52,0.5,2026-09-03,2125,SNPP,SNPP,n,2.0NRT,286.6,1.63,N
18.68138,73.03857,306.06,0.52,0.5,2026-09-03,2125,SNPP,SNPP,n,2.0NRT,286.54,1.63,N
16.18728,78.91104,307.9,0.7,0.75,2026-09-03,2125,SNPP,SNPP,n,2.0NRT,282.64,6.01,N
16.18613,78.91606,303.5,0.7,0.75,2026-09-03,2125,SNPP,SNPP,n,2.0NRT,282.21,3.56,N
15.17637,77.09987,300.85,0.56,0.69,2026-09-03,2125,SNPP,SNPP,n,2.0NRT,285.39,1.68,N
15.01009,77.61835,303.55,0.61,0.71,2026-09-03,2125,SNPP,SNPP,n,2.0NRT,283.74,0.98,N
15.18179,76.66799,306.52,0.53,0.67,2026-09-03,2125,SNPP,SNPP,n,2.0NRT,281.19,2.6,N
15.17781,76.65665,313.84,0.52,0.67,2026-09-03,2125,SNPP,SNPP,n,2.0NRT,281.26,3.05,N
15.19921,76.37984,298.37,0.5,0.66,2026-09-03,2125,SNPP,SNPP,n,2.0NRT,276.11,1.48,N
15.19833,76.37807,297.68,0.5,0.66,2026-09-03,2125,SNPP,SNPP,n,2.0NRT,276.75,1.14,N
15.07013,76.86538,303.5,0.54,0.68,2026-09-03,2125,SNPP,SNPP,n,2.0NRT,284.27,1.56,N
12.75382,92.88086,332.85,0.44,0.46,2026-09-04,0654,SNPP,SNPP,n,2.0NRT,284.25,2.49,D
10.16672,78.79148,331.56,0.56,0.43,2026-09-04,0835,SNPP,SNPP,n,2.0NRT,300.74,8.56,D
10.16814,78.80172,335.48,0.56,0.43,2026-09-04,0835,SNPP,SNPP,n,2.0NRT,300.33,6.42,D
9.95849,79.1076,342.39,0.39,0.44,2026-09-04,0835,SNPP,SNPP,n,2.0NRT,298.57,2.39,D
10.28257,78.88253,334.67,0.57,0.43,2026-09-04,0835,SNPP,SNPP,n,2.0NRT,298.75,2.52,D
12.0522,78.36801,333.87,0.56,0.43,2026-09-04,0835,SNPP,SNPP,n,2.0NRT,298.13,4.2,D
12.80993,77.7602,332.58,0.52,0.42,2026-09-04,0835,SNPP,SNPP,n,2.0NRT,298.05,3.52,D
9.1797,78.22505,341.55,0.5,0.41,2026-09-04,0835,SNPP,SNPP,n,2.0NRT,304.13,10.26,D
9.20293,77.64448,345.47,0.47,0.4,2026-09-04,0835,SNPP,SNPP,n,2.0NRT,309.68,19.15,D
13.93385,78.31989,344.3,0.39,0.44,2026-09-04,0835,SNPP,SNPP,n,2.0NRT,300.15,5.9,D
14.5526,77.48568,330.23,0.53,0.42,2026-09-04,0835,SNPP,SNPP,n,2.0NRT,293.53,2.5,D
13.93448,78.31924,342.27,0.39,0.44,2026-09-04,0835,SNPP,SNPP,n,2.0NRT,300.78,5.51,D
13.90749,78.06878,335.38,0.56,0.43,2026-09-04,0835,SNPP,SNPP,n,2.0NRT,301.05,1.75,D
9.33688,76.59934,331.72,0.43,0.38,2026-09-04,0835,SNPP,SNPP,n,2.0NRT,299.27,2.02,D
9.62262,78.11741,340.95,0.5,0.41,2026-09-04,0835,SNPP,SNPP,n,2.0NRT,306.67,10.24,D
8.61746,77.98914,342.96,0.48,0.4,2026-09-04,0835,SNPP,SNPP,n,2.0NRT,299.73,3.29,D
8.73204,77.86298,347.6,0.48,0.4,2026-09-04,0835,SNPP,SNPP,n,2.0NRT,304,16.91,D
8.66597,77.40293,332.62,0.45,0.39,2026-09-04,0835,SNPP,SNPP,l,2.0NRT,304.58,6.07,D
8.81464,77.83777,342.22,0.48,0.4,2026-09-04,0835,SNPP,SNPP,n,2.0NRT,304.59,11.75,D
9.95692,79.105,336.23,0.38,0.44,2026-09-04,0835,SNPP,SNPP,n,2.0NRT,298.7,2.64,D
8.84638,77.70205,345.51,0.47,0.4,2026-09-04,0835,SNPP,SNPP,n,2.0NRT,310.41,22.48,D
8.93915,77.83005,339.25,0.48,0.4,2026-09-04,0835,SNPP,SNPP,n,2.0NRT,301.79,7.77,D
8.88569,77.40527,339.72,0.45,0.39,2026-09-04,0835,SNPP,SNPP,n,2.0NRT,306.78,5.49,D
8.92773,77.46704,336.21,0.46,0.39,2026-09-04,0835,SNPP,SNPP,n,2.0NRT,305.16,2.97,D
10.31339,79.34061,330.68,0.4,0.44,2026-09-04,0835,SNPP,SNPP,n,2.0NRT,296.16,2.09,D
9.17593,78.22559,337.95,0.5,0.41,2026-09-04,0835,SNPP,SNPP,n,2.0NRT,304.11,10.26,D
21.10191,72.63843,334.26,0.39,0.36,2026-09-04,0837,SNPP,SNPP,n,2.0NRT,293.93,7.03,D
14.9584,75.91736,334.21,0.45,0.39,2026-09-04,0837,SNPP,SNPP,n,2.0NRT,296.21,2.59,D
15.17642,76.65735,335.25,0.49,0.4,2026-09-04,0837,SNPP,SNPP,n,2.0NRT,297.04,5.16,D
15.18196,76.64268,333.96,0.49,0.4,2026-09-04,0837,SNPP,SNPP,n,2.0NRT,295.73,3.59,D
15.52757,73.99412,332.48,0.39,0.36,2026-09-04,0837,SNPP,SNPP,n,2.0NRT,297.41,3.12,D
17.6268,82.57391,330.76,0.41,0.61,2026-09-04,0837,SNPP,SNPP,n,2.0NRT,288.86,4.48,D
21.10135,72.63466,332.85,0.39,0.36,2026-09-04,0837,SNPP,SNPP,n,2.0NRT,295.09,7.03,D
21.10636,72.64542,344.24,0.39,0.36,2026-09-04,0837,SNPP,SNPP,n,2.0NRT,299.55,8.1,D
22.41645,69.03945,333.49,0.41,0.37,2026-09-04,0837,SNPP,SNPP,l,2.0NRT,301.9,5.64,D
22.92779,70.1069,338.61,0.39,0.36,2026-09-04,0837,SNPP,SNPP,n,2.0NRT,306.81,5.54,D
22.93431,69.69743,334.99,0.4,0.37,2026-09-04,0837,SNPP,SNPP,n,2.0NRT,304.23,3.12,D
24.0682,72.24971,330.15,0.4,0.37,2026-09-04,0837,SNPP,SNPP,n,2.0NRT,300.13,1.4,D
25.9841,73.41638,340.25,0.45,0.39,2026-09-04,0837,SNPP,SNPP,n,2.0NRT,290.2,5.6,D
27.14095,72.44164,335.03,0.42,0.38,2026-09-04,0837,SNPP,SNPP,l,2.0NRT,305.47,1.99,D
29.911,74.95192,341.22,0.39,0.44,2026-09-04,0839,SNPP,SNPP,n,2.0NRT,299.43,5.47,D
27.31744,95.26737,327.06,0.43,0.38,2026-09-04,1921,SNPP,SNPP,n,2.0NRT,290.45,3.22,N
23.77998,86.20918,310.75,0.42,0.61,2026-09-04,1923,SNPP,SNPP,n,2.0NRT,286.39,1.53,N
23.76381,86.40175,305.79,0.41,0.61,2026-09-04,1923,SNPP,SNPP,n,2.0NRT,282.63,3.31,N
23.76345,86.40598,299.36,0.41,0.61,2026-09-04,1923,SNPP,SNPP,n,2.0NRT,279.21,3.69,N
23.75817,86.40104,303.52,0.41,0.61,2026-09-04,1923,SNPP,SNPP,n,2.0NRT,284.47,3.31,N
23.7797,86.3896,302.64,0.41,0.61,2026-09-04,1923,SNPP,SNPP,n,2.0NRT,278.49,2.79,N
23.77635,86.36388,318.15,0.41,0.61,2026-09-04,1923,SNPP,SNPP,n,2.0NRT,285.94,2.96,N
23.77596,86.36807,306.29,0.41,0.61,2026-09-04,1923,SNPP,SNPP,n,2.0NRT,285.7,1.85,N
23.76689,86.40472,305.75,0.41,0.61,2026-09-04,1923,SNPP,SNPP,n,2.0NRT,279.25,3.54,N
23.77907,86.2077,310.15,0.42,0.61,2026-09-04,1923,SNPP,SNPP,n,2.0NRT,286.07,1.31,N
23.77868,86.21198,304.15,0.42,0.61,2026-09-04,1923,SNPP,SNPP,n,2.0NRT,285.94,1.31,N
23.76239,86.39155,304.11,0.41,0.61,2026-09-04,1923,SNPP,SNPP,n,2.0NRT,285.44,3.52,N
23.76163,86.39988,311.81,0.41,0.61,2026-09-04,1923,SNPP,SNPP,n,2.0NRT,285.21,2.07,N
23.76124,86.4041,303.71,0.41,0.61,2026-09-04,1923,SNPP,SNPP,n,2.0NRT,282.59,2.07,N
23.83774,85.46945,301.33,0.47,0.64,2026-09-04,1923,SNPP,SNPP,n,2.0NRT,285.37,1.6,N
23.82338,85.49656,302.05,0.47,0.64,2026-09-04,1923,SNPP,SNPP,n,2.0NRT,285.66,1.6,N
23.73572,86.43427,307.61,0.41,0.61,2026-09-04,1923,SNPP,SNPP,n,2.0NRT,281.7,2.56,N
23.71992,86.41992,304.33,0.41,0.61,2026-09-04,1923,SNPP,SNPP,n,2.0NRT,284.78,1.68,N
23.71392,86.42335,307.48,0.41,0.61,2026-09-04,1923,SNPP,SNPP,n,2.0NRT,285.94,1.96,N
23.80416,86.3309,312.49,0.42,0.61,2026-09-04,1923,SNPP,SNPP,n,2.0NRT,283.03,3.17,N
23.71136,86.45217,311.04,0.41,0.6,2026-09-04,1923,SNPP,SNPP,n,2.0NRT,285.88,1.74,N
23.75746,85.85387,309.71,0.45,0.63,2026-09-04,1923,SNPP,SNPP,n,2.0NRT,285.95,1.79,N
23.68826,86.39115,303.86,0.41,0.61,2026-09-04,1923,SNPP,SNPP,n,2.0NRT,285.4,0.91,N
23.68225,86.3947,307.39,0.41,0.61,2026-09-04,1923,SNPP,SNPP,n,2.0NRT,285.55,2.78,N
23.67626,86.39803,315.53,0.41,0.61,2026-09-04,1923,SNPP,SNPP,n,2.0NRT,285.7,1.36,N
23.77262,86.36506,321.88,0.41,0.61,2026-09-04,1923,SNPP,SNPP,n,2.0NRT,285.55,4.47,N
23.68471,86.09391,302.91,0.43,0.62,2026-09-04,1923,SNPP,SNPP,n,2.0NRT,283.95,1.17,N
23.67966,86.08476,304.85,0.43,0.62,2026-09-04,1923,SNPP,SNPP,n,2.0NRT,285.66,1.67,N
23.6793,86.08908,305.54,0.43,0.62,2026-09-04,1923,SNPP,SNPP,n,2.0NRT,285.15,1.67,N
23.67895,86.09338,303.36,0.43,0.62,2026-09-04,1923,SNPP,SNPP,n,2.0NRT,283.32,1.17,N
23.67909,86.396,305.97,0.41,0.61,2026-09-04,1923,SNPP,SNPP,n,2.0NRT,285.43,2.56,N
23.67871,86.40009,311.2,0.41,0.61,2026-09-04,1923,SNPP,SNPP,n,2.0NRT,285.8,2.46,N
23.82546,84.57072,305.89,0.54,0.68,2026-09-04,1923,SNPP,SNPP,n,2.0NRT,283.26,1.88,N
23.68351,86.09599,305.12,0.43,0.62,2026-09-04,1923,SNPP,SNPP,n,2.0NRT,283.11,1.25,N
23.67852,86.08686,305.34,0.43,0.62,2026-09-04,1923,SNPP,SNPP,n,2.0NRT,285.83,3.15,N
23.58107,86.72517,301.92,0.39,0.59,2026-09-04,1923,SNPP,SNPP,n,2.0NRT,285.24,0.65,N
23.67289,84.9959,296.21,0.5,0.66,2026-09-04,1923,SNPP,SNPP,n,2.0NRT,283.89,2.91,N
23.66674,84.99536,296.08,0.5,0.66,2026-09-04,1923,SNPP,SNPP,n,2.0NRT,283.69,1.49,N
23.66637,85.00024,299.89,0.5,0.66,2026-09-04,1923,SNPP,SNPP,n,2.0NRT,284.07,1.49,N
23.66712,85.00002,299.7,0.5,0.66,2026-09-04,1923,SNPP,SNPP,n,2.0NRT,284.04,2.86,N
22.22516,84.75098,301.08,0.5,0.66,2026-09-04,1923,SNPP,SNPP,n,2.0NRT,286.63,1.2,N
22.05509,85.46492,302.15,0.45,0.63,2026-09-04,1923,SNPP,SNPP,n,2.0NRT,286.52,0.66,N
22.32409,82.59403,303.05,0.69,0.74,2026-09-04,1923,SNPP,SNPP,n,2.0NRT,284.75,1.56,N
22.31921,82.56583,303.93,0.69,0.74,2026-09-04,1923,SNPP,SNPP,n,2.0NRT,284.52,1.65,N
22.05641,85.46532,301.04,0.45,0.63,2026-09-04,1923,SNPP,SNPP,n,2.0NRT,286.36,0.82,N
23.67591,86.40213,303.59,0.41,0.61,2026-09-04,1923,SNPP,SNPP,n,2.0NRT,285.43,1.36,N
23.78033,86.20491,303.18,0.42,0.61,2026-09-04,1923,SNPP,SNPP,n,2.0NRT,285.92,1.53,N
23.79671,86.35096,319.39,0.42,0.61,2026-09-04,1923,SNPP,SNPP,n,2.0NRT,283.86,4.1,N
24.31163,85.42353,303.75,0.48,0.65,2026-09-04,1923,SNPP,SNPP,n,2.0NRT,285.26,0.75,N
20.94963,86.04832,323.89,0.4,0.6,2026-09-04,1925,SNPP,SNPP,n,2.0NRT,288.03,2.27,N
21.80354,82.03689,300.24,0.74,0.76,2026-09-04,1925,SNPP,SNPP,n,2.0NRT,282.65,1.26,N
21.67499,82.07859,301.52,0.73,0.76,2026-09-04,1925,SNPP,SNPP,n,2.0NRT,284.48,1.32,N
20.99857,86.01012,305.85,0.41,0.6,2026-09-04,1925,SNPP,SNPP,n,2.0NRT,288.25,0.72,N
20.99819,86.01408,304.21,0.41,0.6,2026-09-04,1925,SNPP,SNPP,n,2.0NRT,288.26,0.72,N
21.07717,85.03472,303.73,0.47,0.64,2026-09-04,1925,SNPP,SNPP,n,2.0NRT,287.19,2.04,N
21.07676,85.03937,304.32,0.47,0.64,2026-09-04,1925,SNPP,SNPP,n,2.0NRT,287.05,1.41,N
21.07634,85.04405,307.57,0.47,0.64,2026-09-04,1925,SNPP,SNPP,n,2.0NRT,286.81,1.41,N
20.97089,86.00281,306.17,0.41,0.6,2026-09-04,1925,SNPP,SNPP,n,2.0NRT,288.42,1.7,N
20.97015,86.01069,307.09,0.41,0.6,2026-09-04,1925,SNPP,SNPP,n,2.0NRT,288.37,2.21,N
20.96528,86.00221,306.29,0.41,0.6,2026-09-04,1925,SNPP,SNPP,n,2.0NRT,288.08,1.79,N
20.9649,86.00615,315.28,0.41,0.6,2026-09-04,1925,SNPP,SNPP,n,2.0NRT,287.92,2.12,N
20.95558,86.04523,305.01,0.4,0.6,2026-09-04,1925,SNPP,SNPP,n,2.0NRT,287.63,1.4,N
20.95,86.04442,323.28,0.4,0.6,2026-09-04,1925,SNPP,SNPP,n,2.0NRT,288.01,2.27,N
21.67781,84.03859,305.65,0.55,0.68,2026-09-04,1925,SNPP,SNPP,n,2.0NRT,286.12,2.34,N
20.96638,86.01173,310.73,0.41,0.6,2026-09-04,1925,SNPP,SNPP,n,2.0NRT,288.16,2.97,N
20.96156,86.00327,307.14,0.41,0.6,2026-09-04,1925,SNPP,SNPP,n,2.0NRT,287.47,0.79,N
20.95159,86.0461,327.1,0.4,0.6,2026-09-04,1925,SNPP,SNPP,n,2.0NRT,288.09,2.23,N
20.95199,86.04217,313.92,0.4,0.6,2026-09-04,1925,SNPP,SNPP,n,2.0NRT,287.64,2.7,N
20.9512,86.04997,310.23,0.4,0.6,2026-09-04,1925,SNPP,SNPP,n,2.0NRT,287.85,2.23,N
20.97126,85.17391,305.19,0.46,0.63,2026-09-04,1925,SNPP,SNPP,n,2.0NRT,286.74,1.35,N
20.86249,84.98462,316.08,0.47,0.64,2026-09-04,1925,SNPP,SNPP,n,2.0NRT,286.31,2.17,N
20.86205,84.98914,309.94,0.47,0.64,2026-09-04,1925,SNPP,SNPP,n,2.0NRT,286.24,1.72,N
20.80653,85.256,313.31,0.45,0.63,2026-09-04,1925,SNPP,SNPP,n,2.0NRT,287.45,1.63,N
20.79477,85.25492,316.12,0.45,0.63,2026-09-04,1925,SNPP,SNPP,n,2.0NRT,286.91,2.9,N
20.78849,85.25857,306.91,0.45,0.63,2026-09-04,1925,SNPP,SNPP,n,2.0NRT,287.45,2.84,N
20.76171,85.29136,305.86,0.45,0.63,2026-09-04,1925,SNPP,SNPP,n,2.0NRT,287.15,2.2,N
20.7613,85.29581,313.55,0.45,0.63,2026-09-04,1925,SNPP,SNPP,n,2.0NRT,287.42,2.27,N
19.09592,82.16854,300.28,0.68,0.74,2026-09-04,1925,SNPP,SNPP,n,2.0NRT,285.1,2.29,N
19.08846,82.17459,301.41,0.68,0.74,2026-09-04,1925,SNPP,SNPP,n,2.0NRT,285.65,1.21,N
19.09711,82.16754,303.66,0.68,0.74,2026-09-04,1925,SNPP,SNPP,n,2.0NRT,285.33,1.56,N
19.0896,82.17361,300.24,0.68,0.74,2026-09-04,1925,SNPP,SNPP,n,2.0NRT,285.82,1.22,N
21.92587,85.22215,315.27,0.47,0.64,2026-09-04,1925,SNPP,SNPP,n,2.0NRT,287.75,2.18,N
22.00621,82.67161,300.84,0.68,0.74,2026-09-04,1925,SNPP,SNPP,n,2.0NRT,284.77,2.21,N
21.67952,84.03887,306.32,0.55,0.68,2026-09-04,1925,SNPP,SNPP,n,2.0NRT,285.77,1.89,N
22.00575,82.67023,304.37,0.68,0.74,2026-09-04,1925,SNPP,SNPP,n,2.0NRT,284.9,1.03,N
20.97084,85.17846,307.71,0.46,0.63,2026-09-04,1925,SNPP,SNPP,n,2.0NRT,286.43,2.67,N
20.96576,85.16875,309.08,0.46,0.63,2026-09-04,1925,SNPP,SNPP,n,2.0NRT,286.82,1.35,N
20.96534,85.1733,306,0.46,0.63,2026-09-04,1925,SNPP,SNPP,n,2.0NRT,286.79,1.35,N
20.96411,85.18684,307.86,0.46,0.63,2026-09-04,1925,SNPP,SNPP,n,2.0NRT,286.71,1.57,N
20.89002,84.98002,311.47,0.47,0.64,2026-09-04,1925,SNPP,SNPP,n,2.0NRT,286.43,1.53,N
20.86526,84.98695,321.87,0.47,0.64,2026-09-04,1925,SNPP,SNPP,n,2.0NRT,286.26,3.63,N
20.80561,85.25348,304.62,0.45,0.63,2026-09-04,1925,SNPP,SNPP,n,2.0NRT,287.35,1.78,N
13.15911,80.28068,306.72,0.77,0.78,2026-09-04,1928,SNPP,SNPP,n,2.0NRT,285.02,1.63,N
13.1608,80.27946,307.93,0.77,0.78,2026-09-04,1928,SNPP,SNPP,n,2.0NRT,285.03,1.92,N
23.69545,85.36923,311.51,0.61,0.71,2026-09-04,2104,SNPP,SNPP,n,2.0NRT,284.1,2.54,N
23.67414,85.32425,296.63,0.61,0.71,2026-09-04,2104,SNPP,SNPP,n,2.0NRT,284.11,2.29,N
24.16024,82.56169,300.91,0.41,0.6,2026-09-04,2104,SNPP,SNPP,n,2.0NRT,273.66,0.96,N
24.15935,82.56554,302.1,0.41,0.6,2026-09-04,2104,SNPP,SNPP,n,2.0NRT,274.26,0.96,N
22.57313,85.89704,313.33,0.7,0.75,2026-09-04,2104,SNPP,SNPP,n,2.0NRT,283.34,3.39,N
24.82128,73.0907,306.03,0.39,0.36,2026-09-04,2104,SNPP,SNPP,n,2.0NRT,293.89,0.74,N
23.67768,86.3978,298.43,0.71,0.75,2026-09-04,2104,SNPP,SNPP,n,2.0NRT,279.73,6.8,N
23.67941,86.08627,301.55,0.68,0.74,2026-09-04,2104,SNPP,SNPP,n,2.0NRT,283.28,2.58,N
23.79008,85.55405,297.1,0.63,0.72,2026-09-04,2104,SNPP,SNPP,n,2.0NRT,282.49,2.74,N
24.82064,73.09454,306.69,0.39,0.36,2026-09-04,2104,SNPP,SNPP,n,2.0NRT,293.39,0.74,N
23.67849,86.08708,301.87,0.68,0.74,2026-09-04,2104,SNPP,SNPP,n,2.0NRT,283.36,3.56,N
23.78611,85.55335,301.45,0.63,0.72,2026-09-04,2104,SNPP,SNPP,n,2.0NRT,282.32,1.22,N
22.93078,69.69768,309.29,0.41,0.37,2026-09-04,2106,SNPP,SNPP,n,2.0NRT,294.83,2.23,N
24.69059,73.00319,312.77,0.39,0.36,2026-09-04,2106,SNPP,SNPP,n,2.0NRT,294.49,1.28,N
22.22193,84.75527,297,0.61,0.71,2026-09-04,2106,SNPP,SNPP,n,2.0NRT,283.98,1.82,N
21.92594,85.22113,305.9,0.66,0.73,2026-09-04,2106,SNPP,SNPP,n,2.0NRT,285.28,2.86,N
21.92364,85.2219,307.46,0.66,0.73,2026-09-04,2106,SNPP,SNPP,n,2.0NRT,285.39,2.13,N
22.35826,82.30389,331.05,0.43,0.62,2026-09-04,2106,SNPP,SNPP,n,2.0NRT,286.53,3.98,N
22.3592,82.29978,311.54,0.43,0.62,2026-09-04,2106,SNPP,SNPP,n,2.0NRT,285.65,3.99,N
22.01755,83.75123,300.6,0.53,0.67,2026-09-04,2106,SNPP,SNPP,n,2.0NRT,284.85,1.06,N
22.1076,83.12428,302.56,0.49,0.65,2026-09-04,2106,SNPP,SNPP,n,2.0NRT,286.66,0.81,N
22.0352,83.35267,301.68,0.5,0.66,2026-09-04,2106,SNPP,SNPP,n,2.0NRT,286.05,1.18,N
22.03287,83.36258,301.81,0.5,0.66,2026-09-04,2106,SNPP,SNPP,n,2.0NRT,286.6,1.97,N
22.0317,83.36752,303.54,0.5,0.66,2026-09-04,2106,SNPP,SNPP,n,2.0NRT,286.54,1.32,N
21.87868,83.55658,307.68,0.52,0.67,2026-09-04,2106,SNPP,SNPP,n,2.0NRT,286.18,1.86,N
21.92071,83.35161,317.63,0.51,0.66,2026-09-04,2106,SNPP,SNPP,n,2.0NRT,287.11,3.02,N
21.87359,83.4966,302.93,0.52,0.67,2026-09-04,2106,SNPP,SNPP,n,2.0NRT,286.42,0.84,N
21.76307,83.84924,309.57,0.55,0.68,2026-09-04,2106,SNPP,SNPP,n,2.0NRT,285.94,2.87,N
21.7582,83.84217,315,0.55,0.68,2026-09-04,2106,SNPP,SNPP,n,2.0NRT,286.06,4.25,N
21.75692,83.84747,303.92,0.55,0.68,2026-09-04,2106,SNPP,SNPP,n,2.0NRT,285.81,2.94,N
21.75206,83.84034,323.03,0.55,0.68,2026-09-04,2106,SNPP,SNPP,n,2.0NRT,286.27,4.25,N
21.75076,83.8457,314.42,0.55,0.68,2026-09-04,2106,SNPP,SNPP,n,2.0NRT,285.99,2.94,N
21.74463,83.84384,332.64,0.55,0.68,2026-09-04,2106,SNPP,SNPP,n,2.0NRT,286.65,3.35,N
21.74593,83.83846,317.19,0.55,0.68,2026-09-04,2106,SNPP,SNPP,n,2.0NRT,285.9,6.72,N
21.7385,83.84195,301.88,0.55,0.68,2026-09-04,2106,SNPP,SNPP,n,2.0NRT,285.84,3.35,N
22.00665,82.66977,306.25,0.46,0.63,2026-09-04,2106,SNPP,SNPP,n,2.0NRT,286.71,1.36,N
21.67763,84.03689,301.22,0.56,0.69,2026-09-04,2106,SNPP,SNPP,n,2.0NRT,285.83,3.55,N
21.75471,83.84011,303.53,0.55,0.68,2026-09-04,2106,SNPP,SNPP,n,2.0NRT,286.16,4.01,N
21.75344,83.84547,319.43,0.55,0.68,2026-09-04,2106,SNPP,SNPP,n,2.0NRT,286.47,4.01,N
21.74731,83.8436,348.71,0.55,0.68,2026-09-04,2106,SNPP,SNPP,n,2.0NRT,286.9,4.01,N
21.74858,83.83821,303.2,0.55,0.68,2026-09-04,2106,SNPP,SNPP,n,2.0NRT,285.55,4.01,N
21.74119,83.84169,321.01,0.55,0.68,2026-09-04,2106,SNPP,SNPP,n,2.0NRT,286.55,3.34,N
22.00664,82.6723,305.81,0.46,0.63,2026-09-04,2106,SNPP,SNPP,n,2.0NRT,286.69,1.03,N
22.00088,82.67083,305.77,0.46,0.63,2026-09-04,2106,SNPP,SNPP,n,2.0NRT,286.92,1.43,N
22.01587,82.17987,301.54,0.43,0.62,2026-09-04,2106,SNPP,SNPP,n,2.0NRT,286.43,0.65,N
20.95286,86.04846,304.94,0.77,0.78,2026-09-04,2106,SNPP,SNPP,n,2.0NRT,284.19,2.74,N
21.93913,81.98277,302.44,0.42,0.61,2026-09-04,2106,SNPP,SNPP,n,2.0NRT,286.54,1.05,N
20.96696,86.00981,303.19,0.77,0.77,2026-09-04,2106,SNPP,SNPP,n,2.0NRT,280.35,1.45,N
20.97437,85.1714,306,0.68,0.74,2026-09-04,2106,SNPP,SNPP,n,2.0NRT,281.55,1.95,N
20.96767,85.16939,310.81,0.68,0.74,2026-09-04,2106,SNPP,SNPP,n,2.0NRT,282.73,3.15,N
20.96604,85.17587,302.79,0.69,0.74,2026-09-04,2106,SNPP,SNPP,n,2.0NRT,283.85,3.15,N
20.96438,85.18245,306.42,0.69,0.74,2026-09-04,2106,SNPP,SNPP,n,2.0NRT,282.57,1.3,N
20.96267,85.18922,299.1,0.69,0.74,2026-09-04,2106,SNPP,SNPP,n,2.0NRT,281.62,1.3,N
20.97304,85.17196,312.5,0.69,0.74,2026-09-04,2106,SNPP,SNPP,n,2.0NRT,282.27,3.32,N
20.96635,85.16991,306.46,0.69,0.74,2026-09-04,2106,SNPP,SNPP,n,2.0NRT,282.86,3.32,N
20.96312,85.18304,307.59,0.69,0.74,2026-09-04,2106,SNPP,SNPP,n,2.0NRT,282.97,5.19,N
21.67574,82.08032,301.97,0.43,0.62,2026-09-04,2106,SNPP,SNPP,n,2.0NRT,286.74,1.19,N
20.95502,85.0124,301.65,0.67,0.74,2026-09-04,2106,SNPP,SNPP,n,2.0NRT,285.18,1.52,N
20.80867,85.25465,303.12,0.7,0.75,2026-09-04,2106,SNPP,SNPP,n,2.0NRT,284.93,1.74,N
21.62011,81.79417,304.05,0.41,0.61,2026-09-04,2106,SNPP,SNPP,n,2.0NRT,286.39,0.52,N
20.86771,84.98637,305.94,0.67,0.74,2026-09-04,2106,SNPP,SNPP,n,2.0NRT,285.46,2.49,N
20.86599,84.99335,309.5,0.67,0.74,2026-09-04,2106,SNPP,SNPP,n,2.0NRT,285.86,2.49,N
20.7952,85.2505,317.2,0.7,0.75,2026-09-04,2106,SNPP,SNPP,n,2.0NRT,284.74,2.9,N
20.79352,85.25729,305.82,0.7,0.75,2026-09-04,2106,SNPP,SNPP,n,2.0NRT,285.35,2.9,N
22.33891,69.85638,308.84,0.4,0.37,2026-09-04,2106,SNPP,SNPP,n,2.0NRT,296.41,2.92,N
22.33719,69.86794,308.4,0.4,0.37,2026-09-04,2106,SNPP,SNPP,n,2.0NRT,296.38,3.19,N
21.43225,72.97722,304.92,0.41,0.37,2026-09-04,2106,SNPP,SNPP,n,2.0NRT,290.99,1.2,N
21.10881,72.64918,305.26,0.4,0.37,2026-09-04,2106,SNPP,SNPP,n,2.0NRT,291.28,2.05,N
21.10608,72.6447,333.02,0.4,0.37,2026-09-04,2106,SNPP,SNPP,n,2.0NRT,292.63,7.31,N
21.10738,72.637,305.46,0.4,0.37,2026-09-04,2106,SNPP,SNPP,n,2.0NRT,290.68,2.25,N
21.10544,72.64854,317.25,0.4,0.37,2026-09-04,2106,SNPP,SNPP,n,2.0NRT,290.81,2.05,N
21.10401,72.63636,332.65,0.4,0.37,2026-09-04,2106,SNPP,SNPP,n,2.0NRT,290.83,4,N
21.10271,72.64404,302.63,0.4,0.37,2026-09-04,2106,SNPP,SNPP,n,2.0NRT,287.6,1.38,N
19.10059,82.1667,304.42,0.49,0.65,2026-09-04,2106,SNPP,SNPP,n,2.0NRT,287.57,1.71,N
19.09743,82.16936,307.92,0.49,0.65,2026-09-04,2106,SNPP,SNPP,n,2.0NRT,287.64,1.77,N
20.91163,71.45867,308.37,0.39,0.36,2026-09-04,2106,SNPP,SNPP,n,2.0NRT,293.47,1.38,N
18.71995,79.53621,303.8,0.34,0.56,2026-09-04,2106,SNPP,SNPP,n,2.0NRT,284.54,0.99,N
17.60933,83.20343,316.08,0.61,0.71,2026-09-04,2106,SNPP,SNPP,n,2.0NRT,286.93,5.27,N
17.95946,80.79095,298.26,0.42,0.61,2026-09-04,2106,SNPP,SNPP,n,2.0NRT,280.44,0.79,N
17.95858,80.79491,300.72,0.42,0.61,2026-09-04,2106,SNPP,SNPP,n,2.0NRT,278.98,0.84,N
17.95682,80.79215,300.9,0.42,0.61,2026-09-04,2106,SNPP,SNPP,n,2.0NRT,278.73,1.17,N
18.69389,73.04198,319.91,0.43,0.38,2026-09-04,2106,SNPP,SNPP,n,2.0NRT,293.84,2.13,N
18.6904,73.04131,317.38,0.43,0.38,2026-09-04,2106,SNPP,SNPP,n,2.0NRT,292.88,2.13,N
18.68064,73.03526,304.1,0.43,0.38,2026-09-04,2106,SNPP,SNPP,n,2.0NRT,291.57,0.89,N
18.2715,74.19861,304.38,0.49,0.4,2026-09-04,2106,SNPP,SNPP,n,2.0NRT,290.01,0.84,N
20.76308,85.292,301.75,0.7,0.75,2026-09-04,2106,SNPP,SNPP,n,2.0NRT,284.99,2.48,N
20.76145,85.29849,309.4,0.7,0.75,2026-09-04,2106,SNPP,SNPP,n,2.0NRT,284.98,2.11,N
23.40848,72.41589,318.21,0.39,0.36,2026-09-04,2106,SNPP,SNPP,n,2.0NRT,293.57,1.43,N
21.30924,81.59233,302.07,0.41,0.6,2026-09-04,2106,SNPP,SNPP,n,2.0NRT,285.53,0.77,N
23.31575,70.48792,310.46,0.39,0.36,2026-09-04,2106,SNPP,SNPP,n,2.0NRT,295.34,1.37,N
23.30355,70.4779,305.59,0.39,0.36,2026-09-04,2106,SNPP,SNPP,n,2.0NRT,294.44,1.17,N
23.26578,70.25954,305.99,0.4,0.37,2026-09-04,2106,SNPP,SNPP,n,2.0NRT,294.82,1.02,N
21.18848,81.38943,302.2,0.4,0.6,2026-09-04,2106,SNPP,SNPP,n,2.0NRT,285.96,1.44,N
21.18765,81.39323,302.69,0.4,0.6,2026-09-04,2106,SNPP,SNPP,n,2.0NRT,286.34,1.74,N
21.18306,81.38803,301.41,0.4,0.6,2026-09-04,2106,SNPP,SNPP,n,2.0NRT,284.53,1.44,N
22.92655,69.82481,306.95,0.4,0.37,2026-09-04,2106,SNPP,SNPP,n,2.0NRT,295.48,1.98,N
22.93417,69.69827,336.76,0.41,0.37,2026-09-04,2106,SNPP,SNPP,n,2.0NRT,295.59,2.85,N
22.93359,69.7022,309.39,0.41,0.37,2026-09-04,2106,SNPP,SNPP,n,2.0NRT,295.17,2.85,N
15.1687,76.37943,305.66,0.49,0.49,2026-09-04,2108,SNPP,SNPP,n,2.0NRT,290.3,1.6,N
13.7111,79.6208,304.94,0.43,0.62,2026-09-04,2108,SNPP,SNPP,n,2.0NRT,288.3,0.66,N
13.89855,76.56493,302.15,0.53,0.5,2026-09-04,2108,SNPP,SNPP,n,2.0NRT,290.36,0.62,N
12.74499,77.61853,301.04,0.33,0.55,2026-09-04,2108,SNPP,SNPP,n,2.0NRT,286.93,0.33,N
11.56157,77.70795,302.5,0.35,0.57,2026-09-04,2108,SNPP,SNPP,n,2.0NRT,285.11,0.52,N
15.07176,76.86304,303.44,0.53,0.5,2026-09-04,2108,SNPP,SNPP,n,2.0NRT,291.41,1.91,N
15.17019,76.38186,305.67,0.49,0.49,2026-09-04,2108,SNPP,SNPP,n,2.0NRT,290.39,1.27,N
14.87154,78.05151,313.86,0.32,0.55,2026-09-04,2108,SNPP,SNPP,n,2.0NRT,289.54,2.49,N
14.87653,78.05255,303.35,0.32,0.55,2026-09-04,2108,SNPP,SNPP,n,2.0NRT,287.23,1.34,N
15.17759,76.65895,316.42,0.51,0.5,2026-09-04,2108,SNPP,SNPP,n,2.0NRT,292.36,2.02,N
15.1785,76.65421,311.15,0.51,0.5,2026-09-04,2108,SNPP,SNPP,n,2.0NRT,292.46,2.02,N
15.1803,76.66946,304.37,0.51,0.5,2026-09-04,2108,SNPP,SNPP,n,2.0NRT,291.72,1.54,N
15.18121,76.66469,311.06,0.51,0.5,2026-09-04,2108,SNPP,SNPP,n,2.0NRT,291.83,1.54,N
17.05184,75.64252,302.08,0.41,0.45,2026-09-04,2108,SNPP,SNPP,n,2.0NRT,290.04,0.6,N
15.30146,76.22165,304.93,0.48,0.48,2026-09-04,2108,SNPP,SNPP,n,2.0NRT,289.8,0.52,N
15.1777,77.10036,305.68,0.55,0.51,2026-09-04,2108,SNPP,SNPP,n,2.0NRT,290.97,2.43,N
15.33428,76.28631,304.46,0.48,0.48,2026-09-04,2108,SNPP,SNPP,n,2.0NRT,290.03,1.07,N
17.0538,75.64399,303.85,0.41,0.45,2026-09-04,2108,SNPP,SNPP,n,2.0NRT,290.02,0.7,N
16.36108,81.2864,304.31,0.49,0.65,2026-09-04,2108,SNPP,SNPP,n,2.0NRT,287.53,0.57,N
11.48045,77.62241,298.62,0.35,0.56,2026-09-04,2108,SNPP,SNPP,n,2.0NRT,264.84,0.77,N
11.48001,77.62247,300.66,0.35,0.56,2026-09-04,2108,SNPP,SNPP,n,2.0NRT,266.67,0.59,N
11.42084,77.48328,312.92,0.34,0.56,2026-09-04,2108,SNPP,SNPP,n,2.0NRT,284.16,0.82,N
10.61797,77.50148,308.59,0.35,0.57,2026-09-04,2108,SNPP,SNPP,n,2.0NRT,287.83,0.82,N
10.61668,77.42152,304.1,0.35,0.56,2026-09-04,2108,SNPP,SNPP,n,2.0NRT,289.3,0.28,N
9.94628,77.48783,305.53,0.36,0.57,2026-09-04,2108,SNPP,SNPP,n,2.0NRT,289.26,0.47,N
9.94102,77.48679,308.54,0.36,0.57,2026-09-04,2108,SNPP,SNPP,n,2.0NRT,289.38,0.6,N
15.07287,76.86671,304,0.53,0.5,2026-09-04,2108,SNPP,SNPP,n,2.0NRT,291.87,1.61,N
27.95755,96.95478,334.77,0.44,0.38,2026-09-05,0637,SNPP,SNPP,n,2.0NRT,285.13,5.26,D
27.95821,96.95849,328.12,0.44,0.38,2026-09-05,0637,SNPP,SNPP,n,2.0NRT,284.71,5.26,D
9.30931,78.79927,340.57,0.38,0.36,2026-09-05,0813,SNPP,SNPP,n,2.0NRT,302.17,4.62,D
9.39375,78.88885,340.06,0.38,0.36,2026-09-05,0813,SNPP,SNPP,n,2.0NRT,303.67,4.57,D
9.33446,77.69536,346.22,0.4,0.37,2026-09-05,0813,SNPP,SNPP,n,2.0NRT,307.87,7.2,D
9.76186,79.01588,333.28,0.38,0.36,2026-09-05,0813,SNPP,SNPP,n,2.0NRT,301.89,1.74,D
9.62122,77.4757,330.24,0.4,0.37,2026-09-05,0813,SNPP,SNPP,n,2.0NRT,297.29,5.38,D
10.54381,79.22341,346.01,0.39,0.36,2026-09-05,0813,SNPP,SNPP,n,2.0NRT,303.01,5.35,D
8.76241,78.10452,333.26,0.39,0.36,2026-09-05,0813,SNPP,SNPP,l,2.0NRT,302.74,2.68,D
14.52509,79.062,341.72,0.39,0.37,2026-09-05,0816,SNPP,SNPP,n,2.0NRT,307.25,4.51,D
14.66624,79.76509,337.69,0.41,0.37,2026-09-05,0816,SNPP,SNPP,n,2.0NRT,305.53,3.1,D
14.68695,79.73852,349.33,0.41,0.37,2026-09-05,0816,SNPP,SNPP,n,2.0NRT,309.32,6.04,D
14.69037,79.738,337.92,0.41,0.37,2026-09-05,0816,SNPP,SNPP,n,2.0NRT,306.41,6.04,D
14.77525,79.79544,353.09,0.41,0.37,2026-09-05,0816,SNPP,SNPP,n,2.0NRT,310.85,25.68,D
14.66658,78.99778,341.44,0.39,0.37,2026-09-05,0816,SNPP,SNPP,n,2.0NRT,306.16,3.54,D
14.46633,77.33766,338.22,0.39,0.36,2026-09-05,0816,SNPP,SNPP,n,2.0NRT,307.13,5.56,D
14.89181,79.23329,349.38,0.4,0.37,2026-09-05,0816,SNPP,SNPP,n,2.0NRT,308.74,9.19,D
14.59007,76.56956,333.14,0.4,0.37,2026-09-05,0816,SNPP,SNPP,l,2.0NRT,301.11,2.28,D
15.16295,78.87427,337.1,0.39,0.36,2026-09-05,0816,SNPP,SNPP,l,2.0NRT,307.74,3.6,D
15.4074,80.12518,340.46,0.43,0.38,2026-09-05,0816,SNPP,SNPP,n,2.0NRT,298.97,6.1,D
15.08564,77.31834,337.72,0.39,0.36,2026-09-05,0816,SNPP,SNPP,n,2.0NRT,303.89,7.62,D
15.05285,77.10738,337.92,0.39,0.36,2026-09-05,0816,SNPP,SNPP,n,2.0NRT,305.06,3.63,D
15.45176,79.12704,342.13,0.4,0.37,2026-09-05,0816,SNPP,SNPP,n,2.0NRT,305.39,5.98,D
15.60291,79.61507,338.85,0.41,0.37,2026-09-05,0816,SNPP,SNPP,n,2.0NRT,302.66,6.08,D
15.17266,76.66496,335.32,0.39,0.36,2026-09-05,0816,SNPP,SNPP,l,2.0NRT,305.84,5.73,D
15.17484,76.65714,335.27,0.39,0.36,2026-09-05,0816,SNPP,SNPP,l,2.0NRT,306.58,3.25,D
15.17818,76.65657,333.69,0.39,0.36,2026-09-05,0816,SNPP,SNPP,l,2.0NRT,301.98,3.25,D
14.95491,75.19309,333.16,0.43,0.38,2026-09-05,0816,SNPP,SNPP,n,2.0NRT,295.4,2.89,D
15.22651,76.76752,338.75,0.39,0.36,2026-09-05,0816,SNPP,SNPP,n,2.0NRT,306.89,8.29,D
15.16875,76.38062,330.07,0.4,0.37,2026-09-05,0816,SNPP,SNPP,l,2.0NRT,304.76,5.59,D
15.57417,78.94083,332.99,0.4,0.37,2026-09-05,0816,SNPP,SNPP,l,2.0NRT,303.61,3.19,D
15.18627,76.31717,331.27,0.4,0.37,2026-09-05,0816,SNPP,SNPP,l,2.0NRT,305.6,5.01,D
15.54765,78.12994,338.43,0.39,0.36,2026-09-05,0816,SNPP,SNPP,n,2.0NRT,303.03,3.47,D
15.82935,79.52122,340.2,0.41,0.37,2026-09-05,0816,SNPP,SNPP,n,2.0NRT,305.37,9.8,D
15.9341,78.1999,330.62,0.39,0.36,2026-09-05,0816,SNPP,SNPP,n,2.0NRT,297.99,2.24,D
15.9781,78.4109,334.76,0.39,0.36,2026-09-05,0816,SNPP,SNPP,n,2.0NRT,302.36,3.85,D
16.27654,80.32413,337.8,0.45,0.39,2026-09-05,0816,SNPP,SNPP,n,2.0NRT,300.38,4.93,D
16.49307,79.94553,334.64,0.43,0.38,2026-09-05,0816,SNPP,SNPP,n,2.0NRT,303.86,5.38,D
16.27423,78.39685,339.27,0.39,0.36,2026-09-05,0816,SNPP,SNPP,n,2.0NRT,302.22,2.49,D
16.46479,79.59985,337.28,0.42,0.38,2026-09-05,0816,SNPP,SNPP,n,2.0NRT,303.58,3.25,D
16.51543,78.36472,334.28,0.39,0.36,2026-09-05,0816,SNPP,SNPP,n,2.0NRT,299.48,3.19,D
16.8774,79.9932,332.78,0.44,0.38,2026-09-05,0816,SNPP,SNPP,n,2.0NRT,301.37,3.15,D
16.18071,75.15405,337.87,0.42,0.38,2026-09-05,0816,SNPP,SNPP,n,2.0NRT,303.1,7.59,D
16.59789,77.40491,342.06,0.38,0.36,2026-09-05,0816,SNPP,SNPP,n,2.0NRT,302.15,7.02,D
17.07409,78.59189,334.67,0.4,0.37,2026-09-05,0816,SNPP,SNPP,n,2.0NRT,300.67,3.91,D
17.75859,75.82333,339.69,0.4,0.37,2026-09-05,0816,SNPP,SNPP,l,2.0NRT,307.83,6.23,D
10.71104,79.432,341.49,0.39,0.36,2026-09-05,0816,SNPP,SNPP,n,2.0NRT,306.21,6.82,D
10.79202,79.03259,340.12,0.38,0.36,2026-09-05,0816,SNPP,SNPP,n,2.0NRT,304.36,10.43,D
10.82872,79.18511,346.57,0.39,0.36,2026-09-05,0816,SNPP,SNPP,n,2.0NRT,300.54,2.98,D
10.83204,79.18459,332.25,0.39,0.36,2026-09-05,0816,SNPP,SNPP,n,2.0NRT,301.85,2.98,D
10.87647,79.25341,338.54,0.39,0.36,2026-09-05,0816,SNPP,SNPP,n,2.0NRT,304.22,2.99,D
10.85818,78.95408,341.88,0.38,0.36,2026-09-05,0816,SNPP,SNPP,n,2.0NRT,304.07,4.71,D
10.98545,78.22152,341.16,0.39,0.36,2026-09-05,0816,SNPP,SNPP,n,2.0NRT,307.93,4.83,D
10.92989,77.06577,339.03,0.4,0.37,2026-09-05,0816,SNPP,SNPP,l,2.0NRT,308.06,3.75,D
11.00525,77.1251,345.45,0.4,0.37,2026-09-05,0816,SNPP,SNPP,l,2.0NRT,309.27,7.94,D
11.57037,79.64236,335.47,0.39,0.36,2026-09-05,0816,SNPP,SNPP,n,2.0NRT,290.73,1.41,D
11.48627,78.88146,338.67,0.38,0.36,2026-09-05,0816,SNPP,SNPP,n,2.0NRT,304.46,4.68,D
11.81176,79.62698,335.58,0.39,0.36,2026-09-05,0816,SNPP,SNPP,n,2.0NRT,301.35,3.95,D
11.85545,78.73141,330.2,0.38,0.36,2026-09-05,0816,SNPP,SNPP,n,2.0NRT,299.24,2.96,D
11.89135,78.72217,333.36,0.38,0.36,2026-09-05,0816,SNPP,SNPP,n,2.0NRT,303.29,1.26,D
11.96101,78.80475,336.43,0.38,0.36,2026-09-05,0816,SNPP,SNPP,n,2.0NRT,303.7,7.02,D
11.96047,78.80122,331.4,0.38,0.36,2026-09-05,0816,SNPP,SNPP,n,2.0NRT,301.09,4.31,D
12.09322,79.02973,338.07,0.39,0.36,2026-09-05,0816,SNPP,SNPP,n,2.0NRT,300.9,3.38,D
12.80918,79.95596,332.32,0.41,0.37,2026-09-05,0816,SNPP,SNPP,l,2.0NRT,304.04,4.06,D
12.83815,79.94009,334.31,0.41,0.37,2026-09-05,0816,SNPP,SNPP,l,2.0NRT,305.24,5.26,D
12.87172,80.07278,330.58,0.41,0.37,2026-09-05,0816,SNPP,SNPP,n,2.0NRT,298.93,1.57,D
12.85665,79.94463,332.34,0.41,0.37,2026-09-05,0816,SNPP,SNPP,l,2.0NRT,302.97,4.58,D
12.86005,79.94411,330.17,0.41,0.37,2026-09-05,0816,SNPP,SNPP,l,2.0NRT,302.1,2.67,D
13.14227,79.26152,336.42,0.39,0.36,2026-09-05,0816,SNPP,SNPP,n,2.0NRT,301.2,1.48,D
13.29621,80.06625,330.97,0.41,0.37,2026-09-05,0816,SNPP,SNPP,l,2.0NRT,302.74,2.46,D
13.29584,80.0663,331.23,0.41,0.37,2026-09-05,0816,SNPP,SNPP,l,2.0NRT,302.64,4.15,D
12.93002,76.32658,335.18,0.41,0.37,2026-09-05,0816,SNPP,SNPP,n,2.0NRT,305.77,4.73,D
13.66856,78.35713,333.98,0.38,0.36,2026-09-05,0816,SNPP,SNPP,l,2.0NRT,306.22,3.12,D
13.98457,78.95074,345.01,0.39,0.36,2026-09-05,0816,SNPP,SNPP,n,2.0NRT,307.45,7.01,D
14.07302,79.44398,339.09,0.4,0.37,2026-09-05,0816,SNPP,SNPP,n,2.0NRT,302.05,5.39,D
13.9938,78.45014,339.2,0.39,0.36,2026-09-05,0816,SNPP,SNPP,l,2.0NRT,310.21,5.97,D
13.88681,77.37984,347.76,0.39,0.36,2026-09-05,0816,SNPP,SNPP,n,2.0NRT,311.54,8.42,D
14.21456,79.22671,348.93,0.4,0.37,2026-09-05,0816,SNPP,SNPP,n,2.0NRT,307.57,9.3,D
14.2971,79.05283,351.03,0.39,0.36,2026-09-05,0816,SNPP,SNPP,n,2.0NRT,305.22,9.37,D
14.57383,79.93979,334.23,0.42,0.37,2026-09-05,0816,SNPP,SNPP,n,2.0NRT,299.73,6.63,D
14.57326,79.93592,332.81,0.42,0.37,2026-09-05,0816,SNPP,SNPP,n,2.0NRT,299.7,6.63,D
14.57245,79.93675,342.49,0.42,0.37,2026-09-05,0816,SNPP,SNPP,n,2.0NRT,302.56,12.86,D
19.09782,82.1674,334.75,0.4,0.44,2026-09-05,0818,SNPP,SNPP,n,2.0NRT,295.4,6.04,D
19.10191,82.16685,333.53,0.4,0.44,2026-09-05,0818,SNPP,SNPP,n,2.0NRT,295.65,4.75,D
19.02065,72.89297,332.56,0.49,0.4,2026-09-05,0818,SNPP,SNPP,l,2.0NRT,298.09,4.9,D
20.86472,84.9909,330.54,0.63,0.54,2026-09-05,0818,SNPP,SNPP,n,2.0NRT,293.37,6.34,D
20.96047,85.18738,333.23,0.33,0.55,2026-09-05,0818,SNPP,SNPP,n,2.0NRT,295,3.52,D
20.9636,85.16774,331.63,0.32,0.55,2026-09-05,0818,SNPP,SNPP,n,2.0NRT,295.36,6.38,D
20.9697,85.17672,330.55,0.33,0.55,2026-09-05,0818,SNPP,SNPP,n,2.0NRT,294.23,4.26,D
20.96937,85.17357,345.88,0.33,0.55,2026-09-05,0818,SNPP,SNPP,n,2.0NRT,295.24,4.26,D
20.96741,85.15464,333.4,0.32,0.55,2026-09-05,0818,SNPP,SNPP,n,2.0NRT,295.34,4.32,D
20.97448,85.17305,333.03,0.33,0.55,2026-09-05,0818,SNPP,SNPP,n,2.0NRT,294.32,3.48,D
21.7415,83.84051,331.26,0.55,0.51,2026-09-05,0818,SNPP,SNPP,n,2.0NRT,293.72,5.4,D
21.74681,83.84541,343.02,0.55,0.51,2026-09-05,0818,SNPP,SNPP,n,2.0NRT,293.86,13.65,D
21.74623,83.83998,341.98,0.55,0.51,2026-09-05,0818,SNPP,SNPP,n,2.0NRT,294.07,5.4,D
21.75626,83.84433,336.65,0.55,0.51,2026-09-05,0818,SNPP,SNPP,n,2.0NRT,294.06,11.19,D
21.92067,83.35186,334.17,0.51,0.49,2026-09-05,0818,SNPP,SNPP,n,2.0NRT,294.02,7.73,D
22.3772,87.27846,333.8,0.46,0.64,2026-09-05,0818,SNPP,SNPP,n,2.0NRT,290.72,6.49,D
21.10671,72.64536,336.44,0.47,0.4,2026-09-05,0818,SNPP,SNPP,n,2.0NRT,281.68,7.04,D
23.68271,86.39385,331.16,0.42,0.61,2026-09-05,0818,SNPP,SNPP,n,2.0NRT,291.17,8.81,D
23.71049,86.45036,328.02,0.42,0.61,2026-09-05,0818,SNPP,SNPP,n,2.0NRT,290.43,5,D
23.73798,86.4348,333.13,0.42,0.61,2026-09-05,0818,SNPP,SNPP,n,2.0NRT,290.42,3.33,D
23.75821,86.40292,331.56,0.42,0.61,2026-09-05,0818,SNPP,SNPP,n,2.0NRT,290.06,4.62,D
23.75978,86.40414,328.16,0.42,0.61,2026-09-05,0818,SNPP,SNPP,n,2.0NRT,289.56,4.93,D
23.78617,85.55293,333.73,0.37,0.58,2026-09-05,0818,SNPP,SNPP,n,2.0NRT,292.06,4.76,D
22.831,69.52864,338.61,0.44,0.46,2026-09-05,0818,SNPP,SNPP,n,2.0NRT,298.65,2.4,D
31.23082,75.08361,335.64,0.4,0.37,2026-09-05,0820,SNPP,SNPP,n,2.0NRT,295.18,4.59,D
27.37908,95.33517,307.45,0.5,0.49,2026-09-05,1904,SNPP,SNPP,n,2.0NRT,280.23,0.85,N
23.69161,87.117,309.44,0.74,0.76,2026-09-05,1906,SNPP,SNPP,n,2.0NRT,285.14,4.15,N
23.69583,87.12045,308.23,0.73,0.76,2026-09-05,1906,SNPP,SNPP,n,2.0NRT,285.22,2.7,N
23.69684,87.10555,302.82,0.74,0.76,2026-09-05,1906,SNPP,SNPP,n,2.0NRT,285.1,4.09,N
22.3653,87.01733,311.4,0.73,0.76,2026-09-05,1906,SNPP,SNPP,n,2.0NRT,285.76,3.35,N
22.37548,87.27741,315.33,0.7,0.75,2026-09-05,1906,SNPP,SNPP,n,2.0NRT,285.35,4.57,N
22.38052,87.27566,312.79,0.7,0.75,2026-09-05,1906,SNPP,SNPP,n,2.0NRT,285.85,3.53,N
23.55509,87.23924,305.77,0.72,0.76,2026-09-05,1906,SNPP,SNPP,n,2.0NRT,285.16,4.18,N
23.61425,86.7878,303.11,0.77,0.77,2026-09-05,1906,SNPP,SNPP,n,2.0NRT,285.37,1.33,N
23.55211,87.24216,311.64,0.72,0.76,2026-09-05,1906,SNPP,SNPP,n,2.0NRT,285.12,3.82,N
23.6648,87.15537,306.2,0.73,0.76,2026-09-05,1906,SNPP,SNPP,n,2.0NRT,285.59,1.48,N
23.6887,87.11978,306.73,0.73,0.76,2026-09-05,1906,SNPP,SNPP,n,2.0NRT,285.17,2.7,N
31.25029,76.9273,306.11,0.4,0.37,2026-09-05,2044,SNPP,SNPP,n,2.0NRT,290.29,0.57,N
29.47524,76.8587,312.67,0.39,0.36,2026-09-05,2044,SNPP,SNPP,n,2.0NRT,292.14,0.88,N
23.69439,85.372,308.29,0.63,0.54,2026-09-05,2046,SNPP,SNPP,n,2.0NRT,279.18,3.4,N
26.75865,83.20107,303.4,0.41,0.45,2026-09-05,2046,SNPP,SNPP,n,2.0NRT,284.8,1.1,N
23.66354,87.15416,309.16,0.41,0.6,2026-09-05,2046,SNPP,SNPP,n,2.0NRT,280.21,2.85,N
23.66264,87.15807,305.04,0.41,0.6,2026-09-05,2046,SNPP,SNPP,n,2.0NRT,280.27,2.21,N
23.75916,86.40092,297.2,0.36,0.58,2026-09-05,2046,SNPP,SNPP,n,2.0NRT,258.38,1.87,N
23.74075,86.43363,304.09,0.37,0.58,2026-09-05,2046,SNPP,SNPP,n,2.0NRT,278.08,1.41,N
23.73551,86.43227,309.67,0.37,0.58,2026-09-05,2046,SNPP,SNPP,n,2.0NRT,276.83,1.68,N
24.44885,83.0391,300.77,0.44,0.46,2026-09-05,2046,SNPP,SNPP,n,2.0NRT,280.08,0.66,N
23.71498,86.44942,307.91,0.37,0.58,2026-09-05,2046,SNPP,SNPP,n,2.0NRT,284.92,2.22,N
23.70973,86.44808,315.23,0.37,0.58,2026-09-05,2046,SNPP,SNPP,n,2.0NRT,285.54,2.15,N
23.69034,86.43555,303.17,0.37,0.58,2026-09-05,2046,SNPP,SNPP,n,2.0NRT,281.46,0.77,N
23.68354,86.3924,317.36,0.36,0.58,2026-09-05,2046,SNPP,SNPP,n,2.0NRT,287.63,4.39,N
23.67989,86.39262,310.41,0.36,0.58,2026-09-05,2046,SNPP,SNPP,n,2.0NRT,287.59,1.9,N
23.67911,86.39612,308.56,0.36,0.58,2026-09-05,2046,SNPP,SNPP,n,2.0NRT,288.37,1.9,N
23.67832,86.39969,311.12,0.36,0.58,2026-09-05,2046,SNPP,SNPP,n,2.0NRT,288.74,3.47,N
23.75568,85.85284,304.07,0.34,0.56,2026-09-05,2046,SNPP,SNPP,n,2.0NRT,277.94,0.97,N
23.70117,86.07451,298.32,0.35,0.57,2026-09-05,2046,SNPP,SNPP,n,2.0NRT,266.21,0.77,N
23.69453,86.07994,302.22,0.35,0.57,2026-09-05,2046,SNPP,SNPP,n,2.0NRT,272.29,0.75,N
23.68052,86.094,301.32,0.35,0.57,2026-09-05,2046,SNPP,SNPP,n,2.0NRT,274.43,0.93,N
23.67692,86.08581,305.12,0.35,0.57,2026-09-05,2046,SNPP,SNPP,n,2.0NRT,277.3,1.1,N
23.79019,85.55246,308.47,0.32,0.55,2026-09-05,2046,SNPP,SNPP,n,2.0NRT,282.49,0.87,N
23.78521,85.55125,307.79,0.32,0.55,2026-09-05,2046,SNPP,SNPP,n,2.0NRT,282.31,0.87,N
23.5474,86.53539,301.35,0.37,0.58,2026-09-05,2046,SNPP,SNPP,n,2.0NRT,280.35,0.53,N
23.65894,85.50828,303.09,0.32,0.55,2026-09-05,2046,SNPP,SNPP,n,2.0NRT,285.19,1.23,N
23.6945,85.37199,309.93,0.63,0.54,2026-09-05,2046,SNPP,SNPP,n,2.0NRT,281.38,3.98,N
23.65503,85.5074,307.41,0.32,0.55,2026-09-05,2046,SNPP,SNPP,n,2.0NRT,283.93,1.06,N
23.64934,85.43687,299.05,0.32,0.54,2026-09-05,2046,SNPP,SNPP,n,2.0NRT,271.74,0.32,N
23.64866,85.44,299.87,0.32,0.54,2026-09-05,2046,SNPP,SNPP,n,2.0NRT,274.08,0.32,N
22.87299,86.06194,318,0.36,0.57,2026-09-05,2046,SNPP,SNPP,n,2.0NRT,289.02,1.62,N
22.87465,86.06137,308.9,0.36,0.57,2026-09-05,2046,SNPP,SNPP,n,2.0NRT,288.82,0.9,N
22.87387,86.06493,304.88,0.36,0.57,2026-09-05,2046,SNPP,SNPP,n,2.0NRT,288.81,0.9,N
22.79832,86.20602,319.84,0.37,0.58,2026-09-05,2046,SNPP,SNPP,n,2.0NRT,288.96,1.44,N
22.7975,86.20966,308.81,0.37,0.58,2026-09-05,2046,SNPP,SNPP,n,2.0NRT,288.97,1.44,N
22.78704,86.20657,336.36,0.37,0.58,2026-09-05,2046,SNPP,SNPP,n,2.0NRT,289.55,2.71,N
22.78942,86.19597,308.1,0.37,0.58,2026-09-05,2046,SNPP,SNPP,n,2.0NRT,289.55,1.26,N
22.78863,86.19949,306,0.37,0.58,2026-09-05,2046,SNPP,SNPP,n,2.0NRT,289.8,1.26,N
22.78784,86.20303,309.19,0.37,0.58,2026-09-05,2046,SNPP,SNPP,n,2.0NRT,289.34,2.71,N
17.61234,83.206,310.53,0.6,0.53,2026-09-05,2046,SNPP,SNPP,n,2.0NRT,289.95,2.84,N
17.60749,83.20487,311.25,0.6,0.53,2026-09-05,2046,SNPP,SNPP,n,2.0NRT,289.69,2.84,N
17.95661,80.79498,302.11,0.42,0.45,2026-09-05,2046,SNPP,SNPP,n,2.0NRT,285.82,1.26,N
18.04078,74.8643,310.8,0.38,0.36,2026-09-05,2046,SNPP,SNPP,n,2.0NRT,290.71,0.83,N
17.14167,77.18513,308.39,0.42,0.38,2026-09-05,2046,SNPP,SNPP,n,2.0NRT,292.92,1.68,N
17.13956,77.17656,306.26,0.42,0.38,2026-09-05,2046,SNPP,SNPP,n,2.0NRT,293,1.56,N
15.3352,76.28614,312.29,0.41,0.37,2026-09-05,2046,SNPP,SNPP,n,2.0NRT,291.87,0.84,N
15.33179,76.28551,303.39,0.41,0.37,2026-09-05,2046,SNPP,SNPP,n,2.0NRT,291.01,0.84,N
15.02384,78.01737,309.76,0.49,0.4,2026-09-05,2046,SNPP,SNPP,n,2.0NRT,294.41,2.21,N
15.17896,77.10342,307.02,0.44,0.38,2026-09-05,2046,SNPP,SNPP,n,2.0NRT,291.83,1.47,N
15.17545,77.10278,306.89,0.44,0.38,2026-09-05,2046,SNPP,SNPP,n,2.0NRT,292.02,1.48,N
15.22675,76.76101,305.38,0.43,0.38,2026-09-05,2046,SNPP,SNPP,n,2.0NRT,291.57,1.06,N
15.22608,76.76495,308.86,0.43,0.38,2026-09-05,2046,SNPP,SNPP,n,2.0NRT,291.56,1.06,N
15.309,76.2541,302.96,0.41,0.37,2026-09-05,2046,SNPP,SNPP,n,2.0NRT,290.92,0.61,N
15.3005,76.22136,303.55,0.41,0.37,2026-09-05,2046,SNPP,SNPP,n,2.0NRT,291.33,0.72,N
15.65914,73.98743,304.12,0.39,0.36,2026-09-05,2046,SNPP,SNPP,n,2.0NRT,290.25,0.59,N
15.65858,73.99101,308.41,0.39,0.36,2026-09-05,2046,SNPP,SNPP,n,2.0NRT,289.16,0.59,N
15.17463,76.78519,305.64,0.43,0.38,2026-09-05,2046,SNPP,SNPP,n,2.0NRT,291.85,2.58,N
15.18671,76.64958,306.13,0.42,0.38,2026-09-05,2046,SNPP,SNPP,n,2.0NRT,292.46,1.58,N
15.18408,76.66525,309.32,0.42,0.38,2026-09-05,2046,SNPP,SNPP,n,2.0NRT,291.73,1.48,N
15.18342,76.66917,318.33,0.42,0.38,2026-09-05,2046,SNPP,SNPP,n,2.0NRT,292.33,1.48,N
15.18062,76.66463,307.28,0.42,0.38,2026-09-05,2046,SNPP,SNPP,n,2.0NRT,292.43,1.48,N
15.17865,76.67638,308.7,0.42,0.38,2026-09-05,2046,SNPP,SNPP,n,2.0NRT,293.14,2.25,N
15.17849,76.65616,318.32,0.42,0.38,2026-09-05,2046,SNPP,SNPP,n,2.0NRT,293.73,1.51,N
15.17783,76.66007,308.24,0.42,0.38,2026-09-05,2046,SNPP,SNPP,n,2.0NRT,292.41,1.51,N
15.17519,76.67574,306.33,0.42,0.38,2026-09-05,2046,SNPP,SNPP,n,2.0NRT,291.78,1.16,N
15.17453,76.67966,305.76,0.42,0.38,2026-09-05,2046,SNPP,SNPP,n,2.0NRT,292.15,1.17,N
15.17255,76.69141,319.54,0.42,0.38,2026-09-05,2046,SNPP,SNPP,n,2.0NRT,292.3,2.3,N
15.17504,76.65553,312.27,0.42,0.38,2026-09-05,2046,SNPP,SNPP,n,2.0NRT,293.05,1.51,N
15.16894,76.67054,306.65,0.42,0.38,2026-09-05,2046,SNPP,SNPP,n,2.0NRT,292.39,0.73,N
15.16829,76.67445,305.39,0.42,0.38,2026-09-05,2046,SNPP,SNPP,n,2.0NRT,292.09,0.73,N
15.13741,76.7094,307.17,0.43,0.38,2026-09-05,2046,SNPP,SNPP,n,2.0NRT,291.66,1.14,N
15.18638,76.31535,313.8,0.41,0.37,2026-09-05,2046,SNPP,SNPP,n,2.0NRT,292.18,1.39,N
15.17135,76.38354,305.11,0.41,0.37,2026-09-05,2046,SNPP,SNPP,n,2.0NRT,291.53,0.76,N
15.16858,76.3791,314.2,0.41,0.37,2026-09-05,2046,SNPP,SNPP,n,2.0NRT,292.21,1.64,N
15.07068,76.86605,305.47,0.43,0.38,2026-09-05,2046,SNPP,SNPP,n,2.0NRT,292.31,2.19,N
22.80193,86.09046,314.38,0.36,0.58,2026-09-05,2046,SNPP,SNPP,n,2.0NRT,289.31,2.09,N
22.37973,87.27766,308.18,0.44,0.62,2026-09-05,2046,SNPP,SNPP,n,2.0NRT,284.46,1.08,N
22.37874,87.28191,307.02,0.44,0.62,2026-09-05,2046,SNPP,SNPP,n,2.0NRT,284.97,1.08,N
22.36908,87.2974,304.62,0.44,0.62,2026-09-05,2046,SNPP,SNPP,n,2.0NRT,284.39,0.53,N
22.36808,87.30167,310.24,0.44,0.62,2026-09-05,2046,SNPP,SNPP,n,2.0NRT,288.1,2.1,N
22.36242,87.30013,305.66,0.44,0.62,2026-09-05,2046,SNPP,SNPP,n,2.0NRT,288.63,1.39,N
22.37881,87.27996,318.15,0.44,0.62,2026-09-05,2046,SNPP,SNPP,n,2.0NRT,285.4,2.47,N
22.36829,87.29976,309.34,0.44,0.62,2026-09-05,2046,SNPP,SNPP,n,2.0NRT,286.86,1.67,N
22.36731,87.30403,309.19,0.44,0.62,2026-09-05,2046,SNPP,SNPP,n,2.0NRT,288.63,2.06,N
22.36706,87.01907,313.72,0.42,0.61,2026-09-05,2046,SNPP,SNPP,n,2.0NRT,289.89,1.12,N
22.61234,85.91286,304.85,0.36,0.57,2026-09-05,2046,SNPP,SNPP,n,2.0NRT,288.86,0.63,N
22.36147,87.01765,309.38,0.42,0.61,2026-09-05,2046,SNPP,SNPP,n,2.0NRT,289.41,1.12,N
22.59233,85.90408,305.92,0.36,0.57,2026-09-05,2046,SNPP,SNPP,n,2.0NRT,288.9,0.78,N
22.24478,87.38964,305.49,0.45,0.63,2026-09-05,2046,SNPP,SNPP,n,2.0NRT,288.62,0.71,N
22.05721,88.12426,307.72,0.5,0.66,2026-09-05,2046,SNPP,SNPP,n,2.0NRT,287.52,1.99,N
22.57314,85.89168,307.27,0.36,0.57,2026-09-05,2046,SNPP,SNPP,n,2.0NRT,289.17,1.6,N
22.57237,85.89508,312.43,0.36,0.57,2026-09-05,2046,SNPP,SNPP,n,2.0NRT,288.9,1.39,N
22.57162,85.89843,310.28,0.36,0.57,2026-09-05,2046,SNPP,SNPP,n,2.0NRT,288.88,1.39,N
22.05124,88.12263,306.46,0.5,0.66,2026-09-05,2046,SNPP,SNPP,n,2.0NRT,287.53,1.99,N
22.57335,85.89222,307.09,0.36,0.57,2026-09-05,2046,SNPP,SNPP,n,2.0NRT,289.03,1.64,N
22.5726,85.89563,315.04,0.36,0.57,2026-09-05,2046,SNPP,SNPP,n,2.0NRT,289.31,1.32,N
22.57186,85.89901,307.13,0.36,0.57,2026-09-05,2046,SNPP,SNPP,n,2.0NRT,288.97,1.32,N
22.05639,88.1225,304.22,0.5,0.66,2026-09-05,2046,SNPP,SNPP,n,2.0NRT,287.22,1.6,N
22.05524,88.12738,308.96,0.5,0.66,2026-09-05,2046,SNPP,SNPP,n,2.0NRT,287.38,1.6,N
22.20868,84.86357,304.19,0.63,0.54,2026-09-05,2046,SNPP,SNPP,n,2.0NRT,288.58,3.01,N
21.96996,85.3136,301.33,0.34,0.56,2026-09-05,2046,SNPP,SNPP,n,2.0NRT,286.98,1.69,N
21.00243,86.02597,306.67,0.39,0.59,2026-09-05,2046,SNPP,SNPP,n,2.0NRT,288.82,3.58,N
20.97081,86.01405,327.75,0.39,0.59,2026-09-05,2046,SNPP,SNPP,n,2.0NRT,289.02,2.55,N
20.97332,86.00273,307.13,0.39,0.59,2026-09-05,2046,SNPP,SNPP,n,2.0NRT,288.82,5.04,N
20.97165,86.01027,305.74,0.39,0.59,2026-09-05,2046,SNPP,SNPP,n,2.0NRT,289.26,2.55,N
20.96543,86.01258,329.65,0.39,0.59,2026-09-05,2046,SNPP,SNPP,n,2.0NRT,288.87,2.55,N
20.96626,86.00883,319.76,0.39,0.59,2026-09-05,2046,SNPP,SNPP,n,2.0NRT,288.78,2.55,N
20.96087,86.00738,327.32,0.39,0.59,2026-09-05,2046,SNPP,SNPP,n,2.0NRT,288.37,3.85,N
20.9525,86.045,320.13,0.39,0.6,2026-09-05,2046,SNPP,SNPP,n,2.0NRT,288.64,4.04,N
20.95163,86.04891,315.49,0.39,0.6,2026-09-05,2046,SNPP,SNPP,n,2.0NRT,289.05,4.04,N
20.98341,85.13425,304.37,0.35,0.56,2026-09-05,2046,SNPP,SNPP,n,2.0NRT,287.74,1.44,N
20.97636,85.1673,307.05,0.35,0.56,2026-09-05,2046,SNPP,SNPP,n,2.0NRT,287.84,1.86,N
20.97565,85.17059,311.04,0.35,0.56,2026-09-05,2046,SNPP,SNPP,n,2.0NRT,287.42,1.44,N
20.97495,85.17385,310.9,0.35,0.57,2026-09-05,2046,SNPP,SNPP,n,2.0NRT,287.89,1.44,N
20.96983,85.17253,335.81,0.35,0.57,2026-09-05,2046,SNPP,SNPP,n,2.0NRT,288.32,2.04,N
20.97829,85.13296,306.72,0.35,0.56,2026-09-05,2046,SNPP,SNPP,n,2.0NRT,288.96,2.12,N
20.97758,85.13626,310.46,0.35,0.56,2026-09-05,2046,SNPP,SNPP,n,2.0NRT,288.32,1.68,N
20.96912,85.1758,318.77,0.35,0.57,2026-09-05,2046,SNPP,SNPP,n,2.0NRT,288.11,4.27,N
20.96627,85.18915,309.58,0.35,0.57,2026-09-05,2046,SNPP,SNPP,n,2.0NRT,288,1.67,N
20.96894,85.15144,339.81,0.35,0.56,2026-09-05,2046,SNPP,SNPP,n,2.0NRT,288.69,5.08,N
20.96822,85.15479,307.93,0.35,0.56,2026-09-05,2046,SNPP,SNPP,n,2.0NRT,288.01,2.87,N
20.96611,85.16463,307.29,0.35,0.56,2026-09-05,2046,SNPP,SNPP,n,2.0NRT,287.47,1.93,N
20.9654,85.16793,305.85,0.35,0.56,2026-09-05,2046,SNPP,SNPP,n,2.0NRT,286.58,2.04,N
20.9647,85.1712,303.06,0.35,0.57,2026-09-05,2046,SNPP,SNPP,n,2.0NRT,285.55,2.04,N
20.96185,85.18448,315.38,0.35,0.57,2026-09-05,2046,SNPP,SNPP,n,2.0NRT,287.37,4.52,N
20.96112,85.18789,314.48,0.35,0.57,2026-09-05,2046,SNPP,SNPP,n,2.0NRT,287.6,1.67,N
21.57817,82.02279,298.05,0.43,0.46,2026-09-05,2046,SNPP,SNPP,n,2.0NRT,285.6,1.82,N
20.95634,85.01005,303.16,0.34,0.56,2026-09-05,2046,SNPP,SNPP,n,2.0NRT,288.16,1.61,N
20.95564,85.01325,305.69,0.34,0.56,2026-09-05,2046,SNPP,SNPP,n,2.0NRT,288.22,1.33,N
20.88604,84.98206,325.41,0.34,0.56,2026-09-05,2046,SNPP,SNPP,n,2.0NRT,288.97,1.67,N
20.88534,84.98534,305.67,0.34,0.56,2026-09-05,2046,SNPP,SNPP,n,2.0NRT,288.63,1.67,N
20.86803,84.99112,305.14,0.34,0.56,2026-09-05,2046,SNPP,SNPP,n,2.0NRT,288.57,1.56,N
20.8673,84.99452,308.75,0.34,0.56,2026-09-05,2046,SNPP,SNPP,n,2.0NRT,288.98,1.56,N
20.86291,84.98999,332.66,0.34,0.56,2026-09-05,2046,SNPP,SNPP,n,2.0NRT,288.66,1.56,N
20.86363,84.98669,316.71,0.34,0.56,2026-09-05,2046,SNPP,SNPP,n,2.0NRT,288.39,2.97,N
20.80538,85.25605,310.73,0.35,0.57,2026-09-05,2046,SNPP,SNPP,n,2.0NRT,288.14,2.3,N
20.79505,85.25336,334.7,0.35,0.57,2026-09-05,2046,SNPP,SNPP,n,2.0NRT,287.79,4.69,N
20.79357,85.26019,308.35,0.35,0.57,2026-09-05,2046,SNPP,SNPP,n,2.0NRT,287.49,2.35,N
20.75956,85.29154,300.22,0.36,0.57,2026-09-05,2046,SNPP,SNPP,n,2.0NRT,276.32,1.38,N
21.33674,78.97054,306.77,0.45,0.39,2026-09-05,2046,SNPP,SNPP,n,2.0NRT,287.46,1.04,N
12.62502,79.78784,308.38,0.44,0.46,2026-09-05,2049,SNPP,SNPP,n,2.0NRT,289.72,1.63,N
17.60913,83.20568,317.89,0.6,0.53,2026-09-05,2049,SNPP,SNPP,n,2.0NRT,290.33,6.72,N
17.6949,83.24507,309.35,0.6,0.53,2026-09-05,2049,SNPP,SNPP,n,2.0NRT,290.69,3.38,N
18.71578,79.54022,308.94,0.52,0.41,2026-09-05,2049,SNPP,SNPP,n,2.0NRT,290.52,1.46,N
18.72045,79.53607,307.44,0.52,0.41,2026-09-05,2049,SNPP,SNPP,n,2.0NRT,290.76,1.46,N
19.09932,82.16781,317.65,0.49,0.48,2026-09-05,2049,SNPP,SNPP,n,2.0NRT,288.78,3.2,N
19.10373,82.16882,307.37,0.49,0.48,2026-09-05,2049,SNPP,SNPP,n,2.0NRT,289.24,1.32,N
14.15089,77.59003,320.11,0.48,0.4,2026-09-05,2049,SNPP,SNPP,n,2.0NRT,293.75,2.02,N
20.90938,71.45822,311.03,0.51,0.41,2026-09-05,2049,SNPP,SNPP,n,2.0NRT,293.48,1.45,N
21.1028,72.63883,305.88,0.45,0.39,2026-09-05,2049,SNPP,SNPP,n,2.0NRT,292.33,4.18,N
21.10341,72.63448,327.06,0.45,0.39,2026-09-05,2049,SNPP,SNPP,n,2.0NRT,292.52,5.41,N
21.10517,72.6481,316.64,0.45,0.39,2026-09-05,2049,SNPP,SNPP,n,2.0NRT,294.04,6.41,N
21.10577,72.64375,331.2,0.45,0.39,2026-09-05,2049,SNPP,SNPP,n,2.0NRT,294.54,8.99,N
21.11057,72.63561,313.66,0.45,0.39,2026-09-05,2049,SNPP,SNPP,n,2.0NRT,293.99,4.62,N
20.65857,78.49527,304.78,0.44,0.38,2026-09-05,2049,SNPP,SNPP,n,2.0NRT,289.97,0.7,N
14.15012,77.59451,305.37,0.48,0.4,2026-09-05,2049,SNPP,SNPP,n,2.0NRT,293.27,1.16,N
13.71024,79.61983,308.48,0.42,0.45,2026-09-05,2049,SNPP,SNPP,n,2.0NRT,293.37,1.7,N
13.89843,76.56497,313.55,0.43,0.38,2026-09-05,2049,SNPP,SNPP,n,2.0NRT,293.28,1.25,N
11.6361,77.65678,327.2,0.52,0.41,2026-09-05,2049,SNPP,SNPP,n,2.0NRT,290.59,2.4,N
13.16142,80.28448,309.21,0.47,0.48,2026-09-05,2049,SNPP,SNPP,n,2.0NRT,289.81,1.99,N
13.16061,80.2888,315.1,0.47,0.48,2026-09-05,2049,SNPP,SNPP,n,2.0NRT,289.67,1.1,N
13.16123,80.28672,323.74,0.47,0.48,2026-09-05,2049,SNPP,SNPP,n,2.0NRT,289.72,2.49,N
13.41842,75.98045,306.9,0.42,0.37,2026-09-05,2049,SNPP,SNPP,n,2.0NRT,291.32,0.73,N
27.87185,96.92667,355.9,0.51,0.49,2026-09-06,0620,SNPP,SNPP,n,2.0NRT,293.57,13.81,D
27.87594,96.92361,352.66,0.51,0.49,2026-09-06,0620,SNPP,SNPP,n,2.0NRT,292.76,13.81,D
27.87505,96.91943,330.24,0.51,0.49,2026-09-06,0620,SNPP,SNPP,n,2.0NRT,293.34,5.64,D
27.88107,96.92548,340,0.51,0.49,2026-09-06,0620,SNPP,SNPP,n,2.0NRT,292.87,5.9,D
27.85981,95.18361,327.99,0.32,0.55,2026-09-06,0620,SNPP,SNPP,n,2.0NRT,289.13,1.57,D
27.85909,95.18375,328.42,0.32,0.55,2026-09-06,0620,SNPP,SNPP,n,2.0NRT,289.01,2.18,D
8.69569,77.7998,344.6,0.46,0.47,2026-09-06,0756,SNPP,SNPP,n,2.0NRT,299.54,12.9,D
8.64496,78.06096,334.28,0.44,0.46,2026-09-06,0756,SNPP,SNPP,n,2.0NRT,298.39,3.84,D
11.73491,76.77407,338.02,0.48,0.48,2026-09-06,0756,SNPP,SNPP,n,2.0NRT,295.97,6.41,D
11.19149,79.82079,338.01,0.48,0.4,2026-09-06,0756,SNPP,SNPP,n,2.0NRT,293.68,6.32,D
9.78295,77.51691,340.9,0.46,0.47,2026-09-06,0756,SNPP,SNPP,n,2.0NRT,289.11,10.03,D
9.69221,77.82102,340.85,0.44,0.46,2026-09-06,0756,SNPP,SNPP,n,2.0NRT,294.22,4.64,D
9.23311,78.75137,337.36,0.39,0.44,2026-09-06,0756,SNPP,SNPP,n,2.0NRT,297.91,2.59,D
8.75129,77.44485,343.06,0.48,0.48,2026-09-06,0756,SNPP,SNPP,n,2.0NRT,299.3,6.9,D
8.64313,78.06151,334.8,0.44,0.46,2026-09-06,0756,SNPP,SNPP,n,2.0NRT,298.2,3.63,D
14.76573,77.04627,346.38,0.41,0.45,2026-09-06,0758,SNPP,SNPP,n,2.0NRT,304.13,5.72,D
20.96956,86.01638,333.55,0.56,0.43,2026-09-06,0758,SNPP,SNPP,n,2.0NRT,296.57,7.92,D
20.53382,85.9104,336.89,0.54,0.42,2026-09-06,0758,SNPP,SNPP,n,2.0NRT,292.52,7,D
19.33445,83.43093,334.55,0.41,0.37,2026-09-06,0758,SNPP,SNPP,n,2.0NRT,302.13,3.33,D
18.31238,82.37919,333.51,0.39,0.36,2026-09-06,0758,SNPP,SNPP,n,2.0NRT,298.13,2.64,D
17.24984,78.81324,332.6,0.46,0.39,2026-09-06,0758,SNPP,SNPP,n,2.0NRT,299,4.69,D
17.6088,83.20451,330.67,0.4,0.37,2026-09-06,0758,SNPP,SNPP,n,2.0NRT,297.88,4.73,D
17.31903,82.25283,335.47,0.38,0.36,2026-09-06,0758,SNPP,SNPP,n,2.0NRT,297.73,3.74,D
15.18268,76.66901,335.64,0.43,0.46,2026-09-06,0758,SNPP,SNPP,n,2.0NRT,301.2,4.48,D
15.17639,76.65804,330.31,0.43,0.46,2026-09-06,0758,SNPP,SNPP,l,2.0NRT,301.52,4.81,D
15.08584,77.31924,341.72,0.39,0.44,2026-09-06,0758,SNPP,SNPP,n,2.0NRT,300.95,7.01,D
14.64825,75.44234,340.81,0.52,0.5,2026-09-06,0758,SNPP,SNPP,n,2.0NRT,296.4,4.6,D
14.90104,77.50089,342.54,0.38,0.43,2026-09-06,0758,SNPP,SNPP,n,2.0NRT,298.4,7,D
22.35737,82.30364,340.16,0.4,0.37,2026-09-06,0801,SNPP,SNPP,n,2.0NRT,298.83,7.02,D
25.70847,73.58088,331.75,0.43,0.46,2026-09-06,0801,SNPP,SNPP,n,2.0NRT,298.37,2.5,D
21.10482,72.64702,334.96,0.6,0.53,2026-09-06,0801,SNPP,SNPP,n,2.0NRT,294.61,6.89,D
22.36074,82.30308,335.18,0.4,0.37,2026-09-06,0801,SNPP,SNPP,n,2.0NRT,297.5,4.18,D
22.78975,86.19833,330.22,0.4,0.44,2026-09-06,0801,SNPP,SNPP,n,2.0NRT,295.19,4.84,D
23.63325,70.43996,335.41,0.36,0.58,2026-09-06,0801,SNPP,SNPP,n,2.0NRT,295.9,4.13,D
24.1597,82.56544,335.99,0.42,0.38,2026-09-06,0801,SNPP,SNPP,n,2.0NRT,294.03,3.44,D
21.10245,72.63563,335.21,0.6,0.53,2026-09-06,0801,SNPP,SNPP,n,2.0NRT,291.91,7.51,D
26.63973,72.26364,339.78,0.49,0.49,2026-09-06,0803,SNPP,SNPP,n,2.0NRT,302.25,3.86,D
27.37713,95.33389,307.77,0.49,0.65,2026-09-06,1845,SNPP,SNPP,n,2.0NRT,285.43,0.49,N
27.37661,95.33383,307.74,0.49,0.65,2026-09-06,1845,SNPP,SNPP,n,2.0NRT,285.68,1.04,N
27.45938,95.47556,301.79,0.54,0.68,2026-09-06,2025,SNPP,SNPP,n,2.0NRT,284.79,0.45,N
27.31435,95.26549,304.05,0.53,0.67,2026-09-06,2025,SNPP,SNPP,n,2.0NRT,285.67,0.36,N
29.47667,76.85507,333.33,0.4,0.44,2026-09-06,2025,SNPP,SNPP,n,2.0NRT,292.41,2.08,N
29.47619,76.85919,304.71,0.4,0.44,2026-09-06,2025,SNPP,SNPP,n,2.0NRT,292.68,2.08,N
28.34537,77.22824,313.79,0.55,0.43,2026-09-06,2025,SNPP,SNPP,n,2.0NRT,291.85,1.68,N
27.60275,95.40074,302.75,0.53,0.67,2026-09-06,2025,SNPP,SNPP,n,2.0NRT,285.56,0.71,N
27.3204,95.2675,308.85,0.53,0.67,2026-09-06,2025,SNPP,SNPP,n,2.0NRT,285.52,0.96,N
21.37517,81.67767,302.43,0.39,0.36,2026-09-06,2027,SNPP,SNPP,n,2.0NRT,282.02,1.33,N
21.37455,81.68143,303.57,0.39,0.36,2026-09-06,2027,SNPP,SNPP,n,2.0NRT,284.51,1.17,N
21.3706,81.68456,303.3,0.39,0.36,2026-09-06,2027,SNPP,SNPP,n,2.0NRT,283.42,1.17,N
21.34445,81.66502,305.24,0.39,0.36,2026-09-06,2027,SNPP,SNPP,n,2.0NRT,285.8,1.06,N
20.53322,85.9088,306.94,0.4,0.44,2026-09-06,2027,SNPP,SNPP,n,2.0NRT,288.89,1.8,N
21.18927,81.39099,307.96,0.39,0.36,2026-09-06,2027,SNPP,SNPP,n,2.0NRT,292.28,1.83,N
21.18595,81.39038,314.9,0.39,0.36,2026-09-06,2027,SNPP,SNPP,n,2.0NRT,293.21,1.83,N
21.18384,81.38232,309.1,0.39,0.36,2026-09-06,2027,SNPP,SNPP,n,2.0NRT,292.4,3.03,N
21.18324,81.38604,315.5,0.39,0.36,2026-09-06,2027,SNPP,SNPP,n,2.0NRT,293.38,2.37,N
21.17992,81.38543,316.12,0.39,0.36,2026-09-06,2027,SNPP,SNPP,n,2.0NRT,292.52,2.37,N
21.18955,81.19997,308.88,0.39,0.36,2026-09-06,2027,SNPP,SNPP,n,2.0NRT,291.97,2.87,N
21.33711,78.96799,321.89,0.4,0.37,2026-09-06,2027,SNPP,SNPP,n,2.0NRT,291.03,2.74,N
21.33653,78.97186,307.2,0.4,0.37,2026-09-06,2027,SNPP,SNPP,n,2.0NRT,290.3,0.7,N
21.23326,79.63209,308.52,0.39,0.36,2026-09-06,2027,SNPP,SNPP,n,2.0NRT,292.29,0.91,N
21.24928,79.20884,312.66,0.4,0.37,2026-09-06,2027,SNPP,SNPP,n,2.0NRT,290.74,1.27,N
21.24365,79.22351,310.91,0.4,0.37,2026-09-06,2027,SNPP,SNPP,n,2.0NRT,290.63,1.42,N
20.69544,78.63868,309.14,0.41,0.37,2026-09-06,2027,SNPP,SNPP,n,2.0NRT,292.2,0.96,N
19.9623,79.33501,317.82,0.39,0.36,2026-09-06,2027,SNPP,SNPP,n,2.0NRT,292.43,1.46,N
19.92946,79.12298,305.97,0.39,0.36,2026-09-06,2027,SNPP,SNPP,n,2.0NRT,293.11,1.38,N
19.9218,79.11452,308.01,0.39,0.36,2026-09-06,2027,SNPP,SNPP,n,2.0NRT,293.39,1.9,N
19.10314,82.16439,326.72,0.42,0.37,2026-09-06,2027,SNPP,SNPP,n,2.0NRT,290.28,1.34,N
19.10248,82.16832,312.58,0.42,0.37,2026-09-06,2027,SNPP,SNPP,n,2.0NRT,291.66,1.76,N
19.09906,82.16767,326.96,0.42,0.37,2026-09-06,2027,SNPP,SNPP,n,2.0NRT,290.99,3.86,N
19.09155,82.1703,309.99,0.42,0.37,2026-09-06,2027,SNPP,SNPP,n,2.0NRT,290.52,1.04,N
19.93615,73.71325,306.27,0.47,0.47,2026-09-06,2027,SNPP,SNPP,n,2.0NRT,288.62,0.58,N
18.71906,79.53666,312.58,0.39,0.36,2026-09-06,2027,SNPP,SNPP,n,2.0NRT,294.49,1.7,N
18.72028,79.507,323.64,0.39,0.36,2026-09-06,2027,SNPP,SNPP,n,2.0NRT,293.83,2.51,N
18.71518,79.53973,307.53,0.39,0.36,2026-09-06,2027,SNPP,SNPP,n,2.0NRT,293.84,1.5,N
17.61002,83.20612,320.93,0.47,0.4,2026-09-06,2027,SNPP,SNPP,n,2.0NRT,288.29,2.1,N
17.60715,83.201,309.76,0.47,0.4,2026-09-06,2027,SNPP,SNPP,n,2.0NRT,288.37,2.44,N
17.60352,83.2003,306.86,0.47,0.4,2026-09-06,2027,SNPP,SNPP,n,2.0NRT,288.38,1.62,N
17.95887,80.79402,304.76,0.39,0.36,2026-09-06,2027,SNPP,SNPP,n,2.0NRT,284.02,0.76,N
17.95826,80.7977,304.07,0.39,0.36,2026-09-06,2027,SNPP,SNPP,n,2.0NRT,284.37,0.6,N
17.95553,80.79343,308.84,0.39,0.36,2026-09-06,2027,SNPP,SNPP,n,2.0NRT,285.86,1.46,N
21.19259,81.39162,313.12,0.39,0.36,2026-09-06,2027,SNPP,SNPP,n,2.0NRT,291.99,2.44,N
24.20604,82.70895,300.98,0.4,0.37,2026-09-06,2027,SNPP,SNPP,n,2.0NRT,277.44,0.69,N
24.2027,82.70829,300.61,0.4,0.37,2026-09-06,2027,SNPP,SNPP,n,2.0NRT,277.12,0.53,N
24.19806,82.71532,306.47,0.4,0.37,2026-09-06,2027,SNPP,SNPP,n,2.0NRT,276.18,1.09,N
24.18309,82.66032,304.11,0.4,0.37,2026-09-06,2027,SNPP,SNPP,n,2.0NRT,281.06,0.99,N
24.18234,82.64417,304.68,0.4,0.37,2026-09-06,2027,SNPP,SNPP,n,2.0NRT,282.47,0.65,N
24.16126,82.56416,317.13,0.39,0.36,2026-09-06,2027,SNPP,SNPP,n,2.0NRT,281.97,1.43,N
24.76391,74.60693,301.93,0.47,0.48,2026-09-06,2027,SNPP,SNPP,n,2.0NRT,279.07,2.03,N
23.16709,82.34083,325.76,0.39,0.37,2026-09-06,2027,SNPP,SNPP,n,2.0NRT,291.77,1.89,N
23.16645,82.34466,316.47,0.39,0.37,2026-09-06,2027,SNPP,SNPP,n,2.0NRT,290.81,1.89,N
23.16438,82.33635,322.71,0.39,0.37,2026-09-06,2027,SNPP,SNPP,n,2.0NRT,291.19,2.38,N
23.16375,82.34019,321.44,0.39,0.37,2026-09-06,2027,SNPP,SNPP,n,2.0NRT,291.06,2.14,N
22.33014,82.60641,320.21,0.4,0.37,2026-09-06,2027,SNPP,SNPP,n,2.0NRT,291.23,2.5,N
22.361,82.30081,313.17,0.4,0.37,2026-09-06,2027,SNPP,SNPP,n,2.0NRT,291.69,2.32,N
22.31718,82.55957,308.04,0.4,0.37,2026-09-06,2027,SNPP,SNPP,n,2.0NRT,288.06,2.02,N
22.357,82.30401,333.42,0.4,0.37,2026-09-06,2027,SNPP,SNPP,n,2.0NRT,293.5,2.32,N
22.35765,82.30017,311.88,0.4,0.37,2026-09-06,2027,SNPP,SNPP,n,2.0NRT,290.85,2.32,N
21.85982,83.96837,305.16,0.46,0.39,2026-09-06,2027,SNPP,SNPP,n,2.0NRT,289.61,2.05,N
21.98676,83.2336,307.64,0.43,0.38,2026-09-06,2027,SNPP,SNPP,n,2.0NRT,289.2,1.27,N
21.9833,83.23293,312.42,0.43,0.38,2026-09-06,2027,SNPP,SNPP,n,2.0NRT,290.12,2.01,N
21.92246,83.34988,303.61,0.43,0.38,2026-09-06,2027,SNPP,SNPP,n,2.0NRT,283.9,0.49,N
21.82608,83.90034,307.09,0.45,0.39,2026-09-06,2027,SNPP,SNPP,n,2.0NRT,291.03,2.21,N
21.91899,83.3492,299.83,0.43,0.38,2026-09-06,2027,SNPP,SNPP,n,2.0NRT,280.98,0.4,N
21.87917,83.55689,309.65,0.44,0.38,2026-09-06,2027,SNPP,SNPP,n,2.0NRT,290.99,1.35,N
21.87546,83.49538,314.31,0.44,0.38,2026-09-06,2027,SNPP,SNPP,n,2.0NRT,291.01,2.58,N
21.80195,83.89095,326.15,0.45,0.39,2026-09-06,2027,SNPP,SNPP,n,2.0NRT,291.26,4.49,N
22.00439,82.6674,310,0.41,0.37,2026-09-06,2027,SNPP,SNPP,n,2.0NRT,291.64,1.15,N
22.00373,82.67131,311.44,0.41,0.37,2026-09-06,2027,SNPP,SNPP,n,2.0NRT,291.91,1.15,N
21.76783,84.01991,302.77,0.46,0.39,2026-09-06,2027,SNPP,SNPP,n,2.0NRT,287.51,2.97,N
21.76425,84.01917,303.28,0.46,0.39,2026-09-06,2027,SNPP,SNPP,n,2.0NRT,286.8,2.08,N
21.75631,84.02211,304.46,0.46,0.39,2026-09-06,2027,SNPP,SNPP,n,2.0NRT,286.86,2.37,N
21.76197,83.8469,321.7,0.45,0.39,2026-09-06,2027,SNPP,SNPP,n,2.0NRT,291.55,4.3,N
21.76119,83.85125,314.94,0.45,0.39,2026-09-06,2027,SNPP,SNPP,n,2.0NRT,291.53,2.26,N
21.7592,83.84185,309.9,0.45,0.39,2026-09-06,2027,SNPP,SNPP,n,2.0NRT,291.44,2.29,N
21.75487,83.84546,328.9,0.45,0.39,2026-09-06,2027,SNPP,SNPP,n,2.0NRT,292.15,2.29,N
21.75565,83.84112,317.79,0.45,0.39,2026-09-06,2027,SNPP,SNPP,n,2.0NRT,291.67,2.29,N
21.76005,83.84395,310.4,0.45,0.39,2026-09-06,2027,SNPP,SNPP,n,2.0NRT,291.49,3.17,N
21.7565,83.84322,333.59,0.45,0.39,2026-09-06,2027,SNPP,SNPP,n,2.0NRT,292.75,3.17,N
21.75296,83.84248,320.33,0.45,0.39,2026-09-06,2027,SNPP,SNPP,n,2.0NRT,291.63,4.14,N
21.74941,83.84174,341.16,0.45,0.39,2026-09-06,2027,SNPP,SNPP,n,2.0NRT,292.89,4.14,N
21.74865,83.84608,306.91,0.45,0.39,2026-09-06,2027,SNPP,SNPP,n,2.0NRT,291.24,4.14,N
21.74586,83.841,334.78,0.45,0.39,2026-09-06,2027,SNPP,SNPP,n,2.0NRT,291.92,4.04,N
21.74232,83.84026,330.78,0.45,0.39,2026-09-06,2027,SNPP,SNPP,n,2.0NRT,292.01,4.04,N
21.74155,83.8446,306.63,0.45,0.39,2026-09-06,2027,SNPP,SNPP,n,2.0NRT,291.42,4.04,N
21.738,83.84386,309.58,0.45,0.39,2026-09-06,2027,SNPP,SNPP,n,2.0NRT,291.41,2.02,N
21.68095,84.04077,311.45,0.46,0.39,2026-09-06,2027,SNPP,SNPP,n,2.0NRT,291.4,2.33,N
21.67737,84.04004,316.31,0.46,0.39,2026-09-06,2027,SNPP,SNPP,n,2.0NRT,291.03,2.33,N
21.8011,82.04027,310,0.4,0.37,2026-09-06,2027,SNPP,SNPP,n,2.0NRT,290.19,1.38,N
21.73018,82.2159,305.94,0.4,0.37,2026-09-06,2027,SNPP,SNPP,n,2.0NRT,291.7,1.13,N
20.97011,86.01249,323.26,0.4,0.44,2026-09-06,2027,SNPP,SNPP,n,2.0NRT,289.57,6.38,N
20.96609,86.0116,326.24,0.4,0.44,2026-09-06,2027,SNPP,SNPP,n,2.0NRT,290.33,3.82,N
20.96279,86.00687,338.88,0.4,0.44,2026-09-06,2027,SNPP,SNPP,n,2.0NRT,290.58,3.82,N
20.96206,86.01067,312.43,0.4,0.44,2026-09-06,2027,SNPP,SNPP,n,2.0NRT,290.34,3.82,N
21.62137,81.79305,306.67,0.39,0.36,2026-09-06,2027,SNPP,SNPP,n,2.0NRT,290.33,1.71,N
21.57637,82.02264,310.42,0.4,0.37,2026-09-06,2027,SNPP,SNPP,n,2.0NRT,292.7,1.55,N
21.5443,81.94603,306.44,0.4,0.37,2026-09-06,2027,SNPP,SNPP,n,2.0NRT,291.31,1.19,N
21.56058,81.75462,306.02,0.39,0.36,2026-09-06,2027,SNPP,SNPP,n,2.0NRT,290.77,0.75,N
21.79301,80.01822,311.19,0.39,0.36,2026-09-06,2027,SNPP,SNPP,n,2.0NRT,291.05,0.72,N
21.7897,80.01763,308.71,0.39,0.36,2026-09-06,2027,SNPP,SNPP,n,2.0NRT,291.13,0.72,N
21.48625,81.76778,309.66,0.39,0.36,2026-09-06,2027,SNPP,SNPP,n,2.0NRT,291.67,0.75,N
20.8889,84.98129,313.53,0.52,0.42,2026-09-06,2027,SNPP,SNPP,n,2.0NRT,290.98,1.53,N
20.88511,84.98045,308.02,0.52,0.42,2026-09-06,2027,SNPP,SNPP,n,2.0NRT,290.78,1.53,N
20.86714,84.99224,309.09,0.53,0.42,2026-09-06,2027,SNPP,SNPP,n,2.0NRT,291.07,2.81,N
20.86426,84.9864,318.65,0.53,0.42,2026-09-06,2027,SNPP,SNPP,n,2.0NRT,290.68,2.23,N
20.86333,84.99149,316.18,0.53,0.42,2026-09-06,2027,SNPP,SNPP,n,2.0NRT,291.13,2.32,N
20.79493,85.25308,339.28,0.54,0.42,2026-09-06,2027,SNPP,SNPP,n,2.0NRT,290.53,9.48,N
20.78524,85.26192,307.14,0.55,0.42,2026-09-06,2027,SNPP,SNPP,n,2.0NRT,290.34,4.31,N
20.75904,85.29414,310.14,0.55,0.43,2026-09-06,2027,SNPP,SNPP,n,2.0NRT,290.58,5.01,N
21.37788,81.68205,309.01,0.39,0.36,2026-09-06,2027,SNPP,SNPP,n,2.0NRT,289.29,1.17,N
18.69176,73.03945,305.78,0.49,0.49,2026-09-06,2029,SNPP,SNPP,n,2.0NRT,290.01,1.97,N
18.49386,74.20312,309.64,0.42,0.45,2026-09-06,2029,SNPP,SNPP,n,2.0NRT,289.93,1.01,N
17.5851,80.31999,305.01,0.39,0.36,2026-09-06,2029,SNPP,SNPP,n,2.0NRT,289.16,0.85,N
17.46283,80.65475,307.66,0.39,0.36,2026-09-06,2029,SNPP,SNPP,n,2.0NRT,279.96,0.92,N
16.54707,79.75684,305.42,0.38,0.36,2026-09-06,2029,SNPP,SNPP,n,2.0NRT,290.32,1.27,N
15.65793,73.98854,301.83,0.39,0.44,2026-09-06,2029,SNPP,SNPP,n,2.0NRT,287.12,0.42,N
15.33737,76.24843,303.54,0.45,0.39,2026-09-06,2029,SNPP,SNPP,n,2.0NRT,283.42,1.18,N
15.33194,76.28572,306.13,0.44,0.39,2026-09-06,2029,SNPP,SNPP,n,2.0NRT,283.68,1.32,N
15.2266,76.76109,299.69,0.43,0.38,2026-09-06,2029,SNPP,SNPP,n,2.0NRT,272.66,0.37,N
15.22602,76.76505,295.28,0.43,0.38,2026-09-06,2029,SNPP,SNPP,n,2.0NRT,270.75,0.37,N
15.17665,77.10001,297.03,0.41,0.37,2026-09-06,2029,SNPP,SNPP,n,2.0NRT,275.56,0.27,N
15.02173,78.0144,314.99,0.39,0.36,2026-09-06,2029,SNPP,SNPP,n,2.0NRT,289.03,2.19,N
15.1873,76.65886,303.92,0.43,0.38,2026-09-06,2029,SNPP,SNPP,n,2.0NRT,278.34,0.98,N
15.18494,76.67477,303.39,0.43,0.38,2026-09-06,2029,SNPP,SNPP,n,2.0NRT,278.76,1.32,N
15.18263,76.66628,328.99,0.43,0.38,2026-09-06,2029,SNPP,SNPP,n,2.0NRT,278.67,4.01,N
15.18145,76.67422,307.58,0.43,0.38,2026-09-06,2029,SNPP,SNPP,n,2.0NRT,279.24,1.32,N
15.17796,76.6737,304.5,0.43,0.38,2026-09-06,2029,SNPP,SNPP,n,2.0NRT,279.15,1.44,N
15.17737,76.67767,318.25,0.43,0.38,2026-09-06,2029,SNPP,SNPP,n,2.0NRT,279,1.44,N
15.17741,76.65328,303.36,0.43,0.38,2026-09-06,2029,SNPP,SNPP,n,2.0NRT,278.85,0.66,N
15.17682,76.65726,311.46,0.43,0.38,2026-09-06,2029,SNPP,SNPP,n,2.0NRT,279.46,1.6,N
15.17153,76.69308,299.81,0.43,0.38,2026-09-06,2029,SNPP,SNPP,n,2.0NRT,277.78,0.75,N
15.17334,76.65672,303.9,0.43,0.38,2026-09-06,2029,SNPP,SNPP,n,2.0NRT,277.9,0.93,N
15.17275,76.66071,316.58,0.43,0.38,2026-09-06,2029,SNPP,SNPP,n,2.0NRT,278.07,0.93,N
15.17216,76.66468,303.26,0.43,0.38,2026-09-06,2029,SNPP,SNPP,n,2.0NRT,276.99,1.17,N
15.16716,76.37951,309.9,0.44,0.38,2026-09-06,2029,SNPP,SNPP,n,2.0NRT,286.63,2.15,N
15.06937,76.86656,295.47,0.42,0.38,2026-09-06,2029,SNPP,SNPP,n,2.0NRT,270.81,0.28,N
14.60554,78.52198,308.55,0.39,0.36,2026-09-06,2029,SNPP,SNPP,n,2.0NRT,283.51,1.9,N
14.5861,78.58088,298.19,0.39,0.36,2026-09-06,2029,SNPP,SNPP,n,2.0NRT,276.76,0.52,N
14.36213,78.77739,316.75,0.38,0.36,2026-09-06,2029,SNPP,SNPP,n,2.0NRT,289.62,2.88,N
14.36157,78.78092,312.71,0.38,0.36,2026-09-06,2029,SNPP,SNPP,n,2.0NRT,290.24,2.88,N
13.39207,80.103,304.24,0.4,0.37,2026-09-06,2029,SNPP,SNPP,n,2.0NRT,285.54,0.59,N
13.39294,80.0768,307.2,0.4,0.37,2026-09-06,2029,SNPP,SNPP,n,2.0NRT,281.93,0.57,N
11.72184,76.97085,307.81,0.4,0.37,2026-09-06,2032,SNPP,SNPP,n,2.0NRT,275.69,1.32,N
10.90913,77.41766,305.74,0.39,0.36,2026-09-06,2032,SNPP,SNPP,n,2.0NRT,292.29,0.84,N
10.61761,77.42153,304.96,0.39,0.36,2026-09-06,2032,SNPP,SNPP,n,2.0NRT,292.05,0.67,N
10.44463,77.50969,308.74,0.39,0.36,2026-09-06,2032,SNPP,SNPP,n,2.0NRT,290.41,0.44,N
9.17599,77.52721,333.26,0.49,0.65,2026-09-07,0737,SNPP,SNPP,n,2.0NRT,288.8,2.66,D
9.55967,78.24466,336.71,0.43,0.62,2026-09-07,0737,SNPP,SNPP,n,2.0NRT,293.64,2.76,D
10.1291,79.13102,332.12,0.37,0.58,2026-09-07,0737,SNPP,SNPP,n,2.0NRT,295.76,5.25,D
10.76486,79.56414,335.07,0.34,0.56,2026-09-07,0737,SNPP,SNPP,n,2.0NRT,295.31,4.29,D
10.65692,77.37951,330.62,0.47,0.64,2026-09-07,0737,SNPP,SNPP,n,2.0NRT,298.11,4.96,D
12.62981,79.35361,333.59,0.32,0.55,2026-09-07,0737,SNPP,SNPP,n,2.0NRT,297.1,2.88,D
13.29172,78.11819,330.13,0.38,0.59,2026-09-07,0737,SNPP,SNPP,l,2.0NRT,304.36,2.95,D
13.39129,78.55532,336.72,0.35,0.57,2026-09-07,0737,SNPP,SNPP,n,2.0NRT,298.92,2.84,D
13.39136,78.55396,346.49,0.35,0.57,2026-09-07,0737,SNPP,SNPP,n,2.0NRT,299.5,1.87,D
13.33688,77.90711,341.01,0.39,0.59,2026-09-07,0737,SNPP,SNPP,n,2.0NRT,304.06,4.79,D
13.8661,79.33069,333.82,0.61,0.54,2026-09-07,0737,SNPP,SNPP,n,2.0NRT,294.2,4.15,D
14.0443,80.13178,345.5,0.54,0.51,2026-09-07,0737,SNPP,SNPP,n,2.0NRT,300.87,6.22,D
14.29615,77.58157,330.2,0.39,0.59,2026-09-07,0737,SNPP,SNPP,n,2.0NRT,296.64,4.19,D
14.77676,79.65521,331.62,0.56,0.52,2026-09-07,0737,SNPP,SNPP,n,2.0NRT,292.91,4.63,D
14.47812,77.5274,333.85,0.39,0.6,2026-09-07,0737,SNPP,SNPP,n,2.0NRT,296.59,5.12,D
14.95639,79.64087,339.26,0.56,0.51,2026-09-07,0737,SNPP,SNPP,n,2.0NRT,293.27,7.63,D
14.95541,79.63568,342.98,0.56,0.51,2026-09-07,0737,SNPP,SNPP,n,2.0NRT,294.56,7.63,D
14.89407,79.23284,335.91,0.6,0.53,2026-09-07,0737,SNPP,SNPP,n,2.0NRT,293.91,8.26,D
15.69215,80.01839,334.19,0.51,0.5,2026-09-07,0737,SNPP,SNPP,n,2.0NRT,300.16,4.75,D
15.78737,78.27644,330.57,0.33,0.55,2026-09-07,0737,SNPP,SNPP,n,2.0NRT,295.03,1.5,D
16.1232,79.9809,335.62,0.51,0.49,2026-09-07,0737,SNPP,SNPP,n,2.0NRT,297.28,3.29,D
20.86444,84.99381,340.65,0.39,0.36,2026-09-07,0739,SNPP,SNPP,n,2.0NRT,299.45,8.19,D
16.42542,79.45825,334.26,0.54,0.51,2026-09-07,0739,SNPP,SNPP,n,2.0NRT,295.46,4.47,D
16.87874,80.85161,338.45,0.43,0.46,2026-09-07,0739,SNPP,SNPP,n,2.0NRT,295.2,3.28,D
16.90787,79.90573,331.26,0.5,0.49,2026-09-07,0739,SNPP,SNPP,n,2.0NRT,291.63,3.14,D
17.01457,79.93188,334.31,0.49,0.49,2026-09-07,0739,SNPP,SNPP,n,2.0NRT,292.52,4.75,D
17.60496,83.18684,331.71,0.47,0.4,2026-09-07,0739,SNPP,SNPP,l,2.0NRT,299.65,5.71,D
17.9126,83.45437,330.09,0.45,0.39,2026-09-07,0739,SNPP,SNPP,l,2.0NRT,298.6,5.26,D
19.10229,82.16896,330.22,0.5,0.41,2026-09-07,0739,SNPP,SNPP,l,2.0NRT,298.74,7.63,D
20.76041,85.29862,335.93,0.39,0.36,2026-09-07,0739,SNPP,SNPP,n,2.0NRT,300.8,6.35,D
20.78744,85.25918,333.19,0.39,0.36,2026-09-07,0739,SNPP,SNPP,n,2.0NRT,300.43,7.26,D
20.79349,85.25431,339.1,0.39,0.36,2026-09-07,0739,SNPP,SNPP,n,2.0NRT,301.49,11.19,D
20.80732,85.25565,336.42,0.39,0.36,2026-09-07,0739,SNPP,SNPP,n,2.0NRT,300.85,7.38,D
20.96409,86.00706,339.73,0.38,0.36,2026-09-07,0739,SNPP,SNPP,n,2.0NRT,300.76,8.78,D
20.96964,86.0212,330.75,0.38,0.36,2026-09-07,0739,SNPP,SNPP,n,2.0NRT,299.51,4.31,D
20.96852,86.01384,335.31,0.38,0.36,2026-09-07,0739,SNPP,SNPP,n,2.0NRT,301.63,5.93,D
20.97015,86.00223,336.57,0.38,0.36,2026-09-07,0739,SNPP,SNPP,n,2.0NRT,300.55,5.31,D
20.97402,86.00534,335.32,0.38,0.36,2026-09-07,0739,SNPP,SNPP,n,2.0NRT,300.01,4.11,D
20.86386,84.9901,341.59,0.39,0.36,2026-09-07,0739,SNPP,SNPP,n,2.0NRT,299.56,3.53,D
20.86327,84.98638,332.71,0.39,0.36,2026-09-07,0739,SNPP,SNPP,n,2.0NRT,296.58,3.53,D
20.87168,84.99634,343.09,0.39,0.36,2026-09-07,0739,SNPP,SNPP,n,2.0NRT,298.42,8.12,D
20.88653,84.98221,332.89,0.39,0.36,2026-09-07,0739,SNPP,SNPP,n,2.0NRT,299.3,6.25,D
20.88985,84.98161,330.49,0.39,0.36,2026-09-07,0739,SNPP,SNPP,n,2.0NRT,297.96,3.52,D
20.96211,85.18645,330.4,0.39,0.36,2026-09-07,0739,SNPP,SNPP,n,2.0NRT,296.72,5.82,D
20.97089,85.17728,336.28,0.39,0.36,2026-09-07,0739,SNPP,SNPP,n,2.0NRT,297.87,5.21,D
20.9703,85.17357,342.39,0.39,0.36,2026-09-07,0739,SNPP,SNPP,n,2.0NRT,298.79,5.21,D
20.97693,85.17239,330.76,0.39,0.36,2026-09-07,0739,SNPP,SNPP,n,2.0NRT,297.63,3.85,D
21.6799,84.03884,331.65,0.4,0.37,2026-09-07,0739,SNPP,SNPP,l,2.0NRT,299.85,3.63,D
21.76809,84.01927,330.61,0.4,0.37,2026-09-07,0739,SNPP,SNPP,l,2.0NRT,299.44,7.95,D
21.74611,83.84345,340.17,0.41,0.37,2026-09-07,0739,SNPP,SNPP,l,2.0NRT,300.69,12.68,D
21.74949,83.84281,341.41,0.41,0.37,2026-09-07,0739,SNPP,SNPP,l,2.0NRT,300.15,11.39,D
21.7569,83.84543,336.81,0.41,0.37,2026-09-07,0739,SNPP,SNPP,l,2.0NRT,299.79,7.87,D
21.76431,83.84805,333.67,0.41,0.37,2026-09-07,0739,SNPP,SNPP,l,2.0NRT,296.86,5.12,D
21.80306,83.89296,335.17,0.4,0.37,2026-09-07,0739,SNPP,SNPP,l,2.0NRT,299.72,5.38,D
22.20925,84.86183,337.56,0.39,0.36,2026-09-07,0739,SNPP,SNPP,n,2.0NRT,297.82,3.47,D
22.57151,85.89799,330.51,0.39,0.36,2026-09-07,0739,SNPP,SNPP,n,2.0NRT,299.25,4.01,D
22.57482,85.89742,331.58,0.39,0.36,2026-09-07,0739,SNPP,SNPP,n,2.0NRT,297.26,3.54,D
22.57426,85.89369,339.35,0.39,0.36,2026-09-07,0739,SNPP,SNPP,n,2.0NRT,297.88,3.54,D
22.3571,82.30258,336.1,0.45,0.39,2026-09-07,0739,SNPP,SNPP,l,2.0NRT,298.18,10.02,D
23.67601,86.39903,332.82,0.39,0.37,2026-09-07,0739,SNPP,SNPP,n,2.0NRT,298.25,4.45,D
23.67936,86.39845,332.32,0.39,0.37,2026-09-07,0739,SNPP,SNPP,n,2.0NRT,297.7,4.45,D
23.6855,86.39344,345.21,0.39,0.37,2026-09-07,0739,SNPP,SNPP,n,2.0NRT,298.93,8.43,D
23.71457,86.45176,333.91,0.4,0.37,2026-09-07,0739,SNPP,SNPP,n,2.0NRT,296.78,5.65,D
23.73637,86.43615,338.87,0.4,0.37,2026-09-07,0739,SNPP,SNPP,n,2.0NRT,299.15,3.06,D
23.73581,86.43229,331.95,0.4,0.37,2026-09-07,0739,SNPP,SNPP,n,2.0NRT,297.04,3.06,D
23.73973,86.43557,332.5,0.4,0.37,2026-09-07,0739,SNPP,SNPP,n,2.0NRT,297.34,3.06,D
23.75722,86.40472,333.45,0.39,0.37,2026-09-07,0739,SNPP,SNPP,n,2.0NRT,296.78,2.85,D
23.76057,86.40414,334.9,0.39,0.37,2026-09-07,0739,SNPP,SNPP,n,2.0NRT,296.73,2.85,D
23.79465,86.35478,332.56,0.39,0.36,2026-09-07,0739,SNPP,SNPP,n,2.0NRT,292.41,1.86,D
23.80133,86.32993,335.05,0.39,0.36,2026-09-07,0739,SNPP,SNPP,n,2.0NRT,297.07,4.15,D
23.80467,86.32935,343.5,0.39,0.36,2026-09-07,0739,SNPP,SNPP,n,2.0NRT,297.8,4.15,D
25.97929,93.56585,331.22,0.63,0.54,2026-09-07,0739,SNPP,SNPP,n,2.0NRT,291.4,3.67,D
31.3671,76.35385,311.15,0.43,0.62,2026-09-07,2006,SNPP,SNPP,n,2.0NRT,289.99,2.46,N
22.03716,83.35303,312.58,0.42,0.37,2026-09-07,2008,SNPP,SNPP,n,2.0NRT,289.7,1.48,N
22.03775,83.34901,309.61,0.42,0.37,2026-09-07,2008,SNPP,SNPP,n,2.0NRT,288.74,0.81,N
22.09159,83.12476,306.26,0.42,0.38,2026-09-07,2008,SNPP,SNPP,n,2.0NRT,289.68,1.03,N
22.09291,83.12337,306.99,0.42,0.38,2026-09-07,2008,SNPP,SNPP,n,2.0NRT,289.74,0.8,N
22.01295,83.75442,307.61,0.41,0.37,2026-09-07,2008,SNPP,SNPP,n,2.0NRT,289.52,1.24,N
22.01634,83.75499,307.63,0.41,0.37,2026-09-07,2008,SNPP,SNPP,n,2.0NRT,290.06,0.97,N
22.01691,83.75108,305.81,0.41,0.37,2026-09-07,2008,SNPP,SNPP,n,2.0NRT,289.89,1.19,N
22.02825,83.74499,304.38,0.41,0.37,2026-09-07,2008,SNPP,SNPP,n,2.0NRT,287.59,0.63,N
27.3751,95.3355,307.7,0.56,0.52,2026-09-07,2008,SNPP,SNPP,n,2.0NRT,288.08,0.94,N
27.32445,95.27393,304.83,0.56,0.51,2026-09-07,2008,SNPP,SNPP,n,2.0NRT,287.95,1.4,N
27.32268,95.27859,305.5,0.56,0.51,2026-09-07,2008,SNPP,SNPP,n,2.0NRT,288.17,0.88,N
29.91,74.94514,367,0.5,0.66,2026-09-07,2008,SNPP,SNPP,h,2.0NRT,291.13,10.9,N
29.91032,74.93981,303.98,0.5,0.66,2026-09-07,2008,SNPP,SNPP,n,2.0NRT,290.29,10.9,N
29.90967,74.95046,307.94,0.5,0.66,2026-09-07,2008,SNPP,SNPP,n,2.0NRT,290.62,6.63,N
26.77367,94.50772,303.98,0.52,0.5,2026-09-07,2008,SNPP,SNPP,n,2.0NRT,287.53,1.96,N
28.85041,77.14855,306.37,0.36,0.57,2026-09-07,2008,SNPP,SNPP,n,2.0NRT,292.68,0.72,N
28.66099,77.57737,306.46,0.34,0.56,2026-09-07,2008,SNPP,SNPP,n,2.0NRT,293.34,0.67,N
28.37362,77.22543,312.87,0.35,0.57,2026-09-07,2008,SNPP,SNPP,n,2.0NRT,292.68,0.97,N
28.34664,77.22958,305.33,0.35,0.57,2026-09-07,2008,SNPP,SNPP,n,2.0NRT,292.45,0.56,N
23.76423,86.39191,297.67,0.39,0.36,2026-09-07,2008,SNPP,SNPP,n,2.0NRT,280.38,1.12,N
23.77234,86.19652,315.34,0.38,0.36,2026-09-07,2008,SNPP,SNPP,n,2.0NRT,290.2,2.42,N
23.75589,85.85011,304.3,0.38,0.36,2026-09-07,2008,SNPP,SNPP,n,2.0NRT,288.83,0.66,N
24.20514,82.71014,308.99,0.46,0.39,2026-09-07,2008,SNPP,SNPP,n,2.0NRT,287.9,1.6,N
24.20153,82.7096,305.27,0.46,0.39,2026-09-07,2008,SNPP,SNPP,n,2.0NRT,287.83,1.32,N
24.2045,82.70778,304.64,0.46,0.39,2026-09-07,2008,SNPP,SNPP,n,2.0NRT,287.58,1.22,N
23.69606,86.07864,306.71,0.38,0.36,2026-09-07,2008,SNPP,SNPP,n,2.0NRT,286.25,2.29,N
24.1812,82.66249,307.03,0.46,0.39,2026-09-07,2008,SNPP,SNPP,n,2.0NRT,286.44,1.4,N
24.14507,82.65659,301.21,0.46,0.39,2026-09-07,2008,SNPP,SNPP,n,2.0NRT,284.54,0.69,N
24.13551,82.59011,313.35,0.46,0.39,2026-09-07,2008,SNPP,SNPP,n,2.0NRT,286.91,2.22,N
24.76122,74.60571,303.2,0.47,0.64,2026-09-07,2008,SNPP,SNPP,n,2.0NRT,290.66,1.01,N
24.76444,74.60759,305.29,0.47,0.64,2026-09-07,2008,SNPP,SNPP,n,2.0NRT,291.17,1.01,N
22.37614,87.27805,304.92,0.4,0.37,2026-09-07,2008,SNPP,SNPP,n,2.0NRT,279.82,1.63,N
22.36546,87.30004,318.07,0.4,0.37,2026-09-07,2008,SNPP,SNPP,n,2.0NRT,287.62,2.53,N
22.36481,87.30393,307.46,0.4,0.37,2026-09-07,2008,SNPP,SNPP,n,2.0NRT,288.09,1.06,N
22.35666,87.2903,307.49,0.4,0.37,2026-09-07,2008,SNPP,SNPP,n,2.0NRT,287.22,1.66,N
22.21537,84.8685,311.14,0.39,0.36,2026-09-07,2008,SNPP,SNPP,n,2.0NRT,291.15,1.97,N
22.21147,84.87166,321.25,0.39,0.36,2026-09-07,2008,SNPP,SNPP,n,2.0NRT,291.36,2.21,N
22.2109,84.8754,332.48,0.39,0.36,2026-09-07,2008,SNPP,SNPP,n,2.0NRT,292.05,2.44,N
22.21262,84.86417,306.93,0.39,0.36,2026-09-07,2008,SNPP,SNPP,n,2.0NRT,291.9,1.38,N
22.21205,84.86791,317.55,0.39,0.36,2026-09-07,2008,SNPP,SNPP,n,2.0NRT,291.13,2.21,N
22.21032,84.87914,311.4,0.39,0.36,2026-09-07,2008,SNPP,SNPP,n,2.0NRT,291.41,2.44,N
22.2093,84.86359,310.79,0.39,0.36,2026-09-07,2008,SNPP,SNPP,n,2.0NRT,292.15,1.38,N
22.20656,84.85925,306.99,0.39,0.36,2026-09-07,2008,SNPP,SNPP,n,2.0NRT,291.38,1.63,N
22.33097,82.60513,320.14,0.45,0.39,2026-09-07,2008,SNPP,SNPP,n,2.0NRT,289.97,2.59,N
22.32993,82.53404,306.15,0.45,0.39,2026-09-07,2008,SNPP,SNPP,n,2.0NRT,289.93,1.51,N
22.32211,82.59047,312.49,0.45,0.39,2026-09-07,2008,SNPP,SNPP,n,2.0NRT,289.68,2.42,N
22.35786,82.30437,321.87,0.46,0.39,2026-09-07,2008,SNPP,SNPP,n,2.0NRT,291.04,2.03,N
22.35847,82.2999,306.3,0.46,0.39,2026-09-07,2008,SNPP,SNPP,n,2.0NRT,289.92,1.81,N
22.35425,82.30378,306.13,0.46,0.39,2026-09-07,2008,SNPP,SNPP,n,2.0NRT,290.06,1.04,N
22.321,82.54596,306.64,0.45,0.39,2026-09-07,2008,SNPP,SNPP,n,2.0NRT,290.35,2.18,N
22.31859,82.56335,316,0.45,0.39,2026-09-07,2008,SNPP,SNPP,n,2.0NRT,290.56,3.61,N
22.31799,82.5677,310.21,0.45,0.39,2026-09-07,2008,SNPP,SNPP,n,2.0NRT,290.26,2.46,N
21.92332,85.22227,300.52,0.38,0.36,2026-09-07,2008,SNPP,SNPP,n,2.0NRT,287.2,1.07,N
22.31507,82.53609,304.74,0.45,0.39,2026-09-07,2008,SNPP,SNPP,n,2.0NRT,289.46,2.33,N
22.06517,83.70693,303.72,0.41,0.37,2026-09-07,2008,SNPP,SNPP,n,2.0NRT,278.88,0.88,N
22.04016,83.73492,307.47,0.41,0.37,2026-09-07,2008,SNPP,SNPP,n,2.0NRT,288.43,1.77,N
22.03677,83.73435,305.64,0.41,0.37,2026-09-07,2008,SNPP,SNPP,n,2.0NRT,288.32,1.03,N
22.03734,83.73043,309.51,0.41,0.37,2026-09-07,2008,SNPP,SNPP,n,2.0NRT,288.19,1.29,N
20.80338,85.25696,313.52,0.38,0.36,2026-09-07,2010,SNPP,SNPP,n,2.0NRT,291.4,2.79,N
21.30586,81.57719,306.64,0.48,0.4,2026-09-07,2010,SNPP,SNPP,n,2.0NRT,290.83,1.24,N
21.24577,81.77044,305.78,0.47,0.4,2026-09-07,2010,SNPP,SNPP,n,2.0NRT,291.23,0.58,N
21.19702,81.41945,321.15,0.49,0.4,2026-09-07,2010,SNPP,SNPP,n,2.0NRT,288.76,5.78,N
21.1933,81.41888,327.06,0.49,0.4,2026-09-07,2010,SNPP,SNPP,n,2.0NRT,289.37,5.78,N
21.19393,81.41416,317.08,0.49,0.4,2026-09-07,2010,SNPP,SNPP,n,2.0NRT,288.22,9.94,N
21.19211,81.39938,304.04,0.49,0.4,2026-09-07,2010,SNPP,SNPP,n,2.0NRT,288.13,0.44,N
21.18593,81.38875,316.12,0.49,0.4,2026-09-07,2010,SNPP,SNPP,n,2.0NRT,288.83,1.54,N
21.18283,81.38342,305.98,0.49,0.4,2026-09-07,2010,SNPP,SNPP,n,2.0NRT,287.66,1.35,N
21.1822,81.38818,307.06,0.49,0.4,2026-09-07,2010,SNPP,SNPP,n,2.0NRT,287.91,1.54,N
21.33766,78.96764,310.9,0.45,0.47,2026-09-07,2010,SNPP,SNPP,n,2.0NRT,289.2,1.28,N
21.33712,78.97202,305.33,0.45,0.47,2026-09-07,2010,SNPP,SNPP,n,2.0NRT,288.8,1.38,N
21.33333,78.96702,307.7,0.45,0.47,2026-09-07,2010,SNPP,SNPP,n,2.0NRT,288.08,1.28,N
20.69603,78.6388,306.68,0.46,0.47,2026-09-07,2010,SNPP,SNPP,n,2.0NRT,291.14,1.29,N
19.93037,79.12118,307.83,0.42,0.46,2026-09-07,2010,SNPP,SNPP,n,2.0NRT,292.39,1.22,N
19.82112,79.23884,306.04,0.42,0.45,2026-09-07,2010,SNPP,SNPP,n,2.0NRT,292.13,0.75,N
19.10317,82.1642,321.03,0.43,0.38,2026-09-07,2010,SNPP,SNPP,n,2.0NRT,291.84,1.6,N
19.10259,82.16832,310.34,0.43,0.38,2026-09-07,2010,SNPP,SNPP,n,2.0NRT,293.22,1.29,N
19.09908,82.16777,317.36,0.43,0.38,2026-09-07,2010,SNPP,SNPP,n,2.0NRT,291.83,1.29,N
19.10188,82.16952,309.46,0.43,0.38,2026-09-07,2010,SNPP,SNPP,n,2.0NRT,292.87,1.13,N
19.09837,82.16897,324.98,0.43,0.38,2026-09-07,2010,SNPP,SNPP,n,2.0NRT,292.16,1.13,N
19.93666,73.71207,310.84,0.47,0.64,2026-09-07,2010,SNPP,SNPP,n,2.0NRT,284.38,1.69,N
18.72083,79.54057,307.39,0.39,0.44,2026-09-07,2010,SNPP,SNPP,n,2.0NRT,293.05,0.99,N
18.7168,79.53994,306.37,0.39,0.44,2026-09-07,2010,SNPP,SNPP,n,2.0NRT,292.98,1.38,N
17.96845,83.15285,307.51,0.4,0.37,2026-09-07,2010,SNPP,SNPP,n,2.0NRT,294.04,0.8,N
17.6936,83.24232,309.93,0.39,0.37,2026-09-07,2010,SNPP,SNPP,n,2.0NRT,294.74,1.2,N
17.61128,83.20637,311.32,0.4,0.37,2026-09-07,2010,SNPP,SNPP,n,2.0NRT,293.45,0.96,N
17.95595,80.79268,307.32,0.49,0.4,2026-09-07,2010,SNPP,SNPP,n,2.0NRT,293.32,2.72,N
17.95531,80.79729,310.34,0.49,0.4,2026-09-07,2010,SNPP,SNPP,n,2.0NRT,293.27,1.99,N
17.60513,83.20155,316.15,0.4,0.37,2026-09-07,2010,SNPP,SNPP,n,2.0NRT,293.83,2.39,N
15.17621,77.1028,303.67,0.49,0.49,2026-09-07,2010,SNPP,SNPP,n,2.0NRT,289.79,4.86,N
21.9652,83.77157,306.37,0.4,0.37,2026-09-07,2010,SNPP,SNPP,n,2.0NRT,290.43,2.53,N
21.89918,83.98308,306.18,0.4,0.37,2026-09-07,2010,SNPP,SNPP,n,2.0NRT,291.3,0.95,N
21.98612,83.36504,300.36,0.42,0.37,2026-09-07,2010,SNPP,SNPP,n,2.0NRT,281.05,0.33,N
21.98398,83.23223,319.49,0.42,0.38,2026-09-07,2010,SNPP,SNPP,n,2.0NRT,291.08,2.75,N
21.85923,83.96523,308.62,0.4,0.37,2026-09-07,2010,SNPP,SNPP,n,2.0NRT,291.63,0.83,N
21.92392,83.3393,303.36,0.42,0.37,2026-09-07,2010,SNPP,SNPP,n,2.0NRT,283.07,2.13,N
21.92216,83.35136,317.07,0.42,0.37,2026-09-07,2010,SNPP,SNPP,n,2.0NRT,280.68,1.83,N
21.91931,83.34677,297.63,0.42,0.37,2026-09-07,2010,SNPP,SNPP,n,2.0NRT,277.3,0.42,N
21.91873,83.35078,315.86,0.42,0.37,2026-09-07,2010,SNPP,SNPP,n,2.0NRT,280.18,2.05,N
21.81696,83.99355,306.84,0.4,0.37,2026-09-07,2010,SNPP,SNPP,n,2.0NRT,291.28,0.75,N
22.00529,82.67177,309.98,0.44,0.38,2026-09-07,2010,SNPP,SNPP,n,2.0NRT,290.83,1.72,N
21.87935,83.54838,305.36,0.41,0.37,2026-09-07,2010,SNPP,SNPP,n,2.0NRT,289.86,0.9,N
21.87819,83.55629,312.48,0.41,0.37,2026-09-07,2010,SNPP,SNPP,n,2.0NRT,290.32,1.08,N
22.00236,82.66692,307.92,0.44,0.38,2026-09-07,2010,SNPP,SNPP,n,2.0NRT,290.1,1.44,N
21.87663,83.49507,309.03,0.41,0.37,2026-09-07,2010,SNPP,SNPP,n,2.0NRT,288.8,1.13,N
21.79338,83.98951,306.09,0.4,0.37,2026-09-07,2010,SNPP,SNPP,n,2.0NRT,291.23,0.6,N
21.80094,83.89191,326.63,0.4,0.37,2026-09-07,2010,SNPP,SNPP,n,2.0NRT,291.58,2.65,N
21.79533,83.883,311.63,0.4,0.37,2026-09-07,2010,SNPP,SNPP,n,2.0NRT,291.24,1.36,N
21.77139,84.02124,311.41,0.4,0.37,2026-09-07,2010,SNPP,SNPP,n,2.0NRT,291.93,1.75,N
21.76802,84.02066,313.33,0.4,0.37,2026-09-07,2010,SNPP,SNPP,n,2.0NRT,292.35,1.75,N
21.76745,84.0245,307.62,0.4,0.37,2026-09-07,2010,SNPP,SNPP,n,2.0NRT,291.2,1.41,N
21.76466,84.02008,320.86,0.4,0.37,2026-09-07,2010,SNPP,SNPP,n,2.0NRT,292.87,2.32,N
21.76129,84.0195,313.8,0.4,0.37,2026-09-07,2010,SNPP,SNPP,n,2.0NRT,292.64,2.32,N
21.75399,84.02219,317.94,0.4,0.37,2026-09-07,2010,SNPP,SNPP,n,2.0NRT,291.76,3.68,N
21.76164,83.84987,334.32,0.4,0.37,2026-09-07,2010,SNPP,SNPP,n,2.0NRT,292.75,3.5,N
21.76222,83.846,309.75,0.4,0.37,2026-09-07,2010,SNPP,SNPP,n,2.0NRT,291.65,2.05,N
21.75941,83.84155,311.83,0.4,0.37,2026-09-07,2010,SNPP,SNPP,n,2.0NRT,291.99,2.61,N
21.75546,83.84485,329.97,0.4,0.37,2026-09-07,2010,SNPP,SNPP,n,2.0NRT,292.96,2.61,N
21.75611,83.81718,306.86,0.4,0.37,2026-09-07,2010,SNPP,SNPP,n,2.0NRT,290.94,0.93,N
21.75208,83.84428,307.52,0.4,0.37,2026-09-07,2010,SNPP,SNPP,n,2.0NRT,291.4,4,N
21.74869,83.84371,336.84,0.4,0.37,2026-09-07,2010,SNPP,SNPP,n,2.0NRT,293.31,4,N
21.74531,83.84315,338.03,0.4,0.37,2026-09-07,2010,SNPP,SNPP,n,2.0NRT,292.28,4.75,N
21.74192,83.84258,325.8,0.4,0.37,2026-09-07,2010,SNPP,SNPP,n,2.0NRT,292.67,4.75,N
21.73854,83.84201,316.37,0.4,0.37,2026-09-07,2010,SNPP,SNPP,n,2.0NRT,292.56,2.04,N
21.68114,84.04147,313.58,0.4,0.37,2026-09-07,2010,SNPP,SNPP,n,2.0NRT,292.82,3.14,N
21.67835,84.03706,320.73,0.4,0.37,2026-09-07,2010,SNPP,SNPP,n,2.0NRT,292.25,3.35,N
21.62202,81.79386,306.19,0.48,0.4,2026-09-07,2010,SNPP,SNPP,n,2.0NRT,290.65,1.91,N
21.07928,85.03306,314.21,0.38,0.36,2026-09-07,2010,SNPP,SNPP,n,2.0NRT,292.67,1.11,N
21.0787,85.03674,316.31,0.38,0.36,2026-09-07,2010,SNPP,SNPP,n,2.0NRT,293.7,2.19,N
21.07755,85.0441,308.45,0.38,0.36,2026-09-07,2010,SNPP,SNPP,n,2.0NRT,292.47,0.69,N
21.07539,85.03615,308.1,0.38,0.36,2026-09-07,2010,SNPP,SNPP,n,2.0NRT,293.45,2.14,N
21.07424,85.04351,312.01,0.38,0.36,2026-09-07,2010,SNPP,SNPP,n,2.0NRT,292.07,0.97,N
21.07366,85.0472,309.46,0.38,0.36,2026-09-07,2010,SNPP,SNPP,n,2.0NRT,292.21,0.97,N
21.48734,81.77048,309.42,0.48,0.4,2026-09-07,2010,SNPP,SNPP,n,2.0NRT,290.85,1.97,N
20.97629,85.1702,324.85,0.38,0.36,2026-09-07,2010,SNPP,SNPP,n,2.0NRT,291.95,1.94,N
20.97571,85.17388,312.16,0.38,0.36,2026-09-07,2010,SNPP,SNPP,n,2.0NRT,291.39,1.94,N
20.97878,85.13287,307.81,0.38,0.36,2026-09-07,2010,SNPP,SNPP,n,2.0NRT,292.27,1.91,N
20.9782,85.13654,316.87,0.38,0.36,2026-09-07,2010,SNPP,SNPP,n,2.0NRT,292.36,1.91,N
20.97183,85.17696,313.68,0.38,0.36,2026-09-07,2010,SNPP,SNPP,n,2.0NRT,291.68,2.79,N
20.9691,85.1727,330.17,0.38,0.36,2026-09-07,2010,SNPP,SNPP,n,2.0NRT,292.4,5.18,N
20.96852,85.17638,337.27,0.38,0.36,2026-09-07,2010,SNPP,SNPP,n,2.0NRT,292.39,2.79,N
20.96869,85.15373,335.81,0.38,0.36,2026-09-07,2010,SNPP,SNPP,n,2.0NRT,292.72,5.77,N
20.96348,85.18681,335.02,0.38,0.36,2026-09-07,2010,SNPP,SNPP,n,2.0NRT,292.68,2.11,N
20.9629,85.19048,322.56,0.38,0.36,2026-09-07,2010,SNPP,SNPP,n,2.0NRT,292.72,3.35,N
20.96638,85.16843,314.01,0.38,0.36,2026-09-07,2010,SNPP,SNPP,n,2.0NRT,291.93,1.54,N
20.9658,85.17211,307.3,0.38,0.36,2026-09-07,2010,SNPP,SNPP,n,2.0NRT,291.47,1.54,N
20.96464,85.17946,306.97,0.38,0.36,2026-09-07,2010,SNPP,SNPP,n,2.0NRT,291.42,1.78,N
20.96406,85.18313,309.94,0.38,0.36,2026-09-07,2010,SNPP,SNPP,n,2.0NRT,291.29,2.11,N
20.96307,85.16784,322.16,0.38,0.36,2026-09-07,2010,SNPP,SNPP,n,2.0NRT,292.43,1.54,N
20.96249,85.17152,322.78,0.38,0.36,2026-09-07,2010,SNPP,SNPP,n,2.0NRT,292.1,1.54,N
20.96423,85.16049,310.36,0.38,0.36,2026-09-07,2010,SNPP,SNPP,n,2.0NRT,291.45,2.96,N
20.96191,85.17519,308.15,0.38,0.36,2026-09-07,2010,SNPP,SNPP,n,2.0NRT,291.84,1.78,N
20.96017,85.18622,311.27,0.38,0.36,2026-09-07,2010,SNPP,SNPP,n,2.0NRT,291.32,2.11,N
20.95701,85.01184,311.63,0.38,0.36,2026-09-07,2010,SNPP,SNPP,n,2.0NRT,293.53,3.02,N
21.37708,81.68069,310.66,0.48,0.4,2026-09-07,2010,SNPP,SNPP,n,2.0NRT,292.12,2.95,N
20.88759,84.98129,333.47,0.38,0.36,2026-09-07,2010,SNPP,SNPP,n,2.0NRT,292.81,1.57,N
21.37473,81.64243,307.36,0.48,0.4,2026-09-07,2010,SNPP,SNPP,n,2.0NRT,291.31,1.67,N
20.88702,84.98495,310.15,0.38,0.36,2026-09-07,2010,SNPP,SNPP,n,2.0NRT,292.78,1.57,N
20.88428,84.9807,320.52,0.38,0.36,2026-09-07,2010,SNPP,SNPP,n,2.0NRT,292.25,1.57,N
20.88371,84.98437,311.78,0.38,0.36,2026-09-07,2010,SNPP,SNPP,n,2.0NRT,292.57,1.57,N
20.87148,84.99731,316.29,0.38,0.36,2026-09-07,2010,SNPP,SNPP,n,2.0NRT,292.05,3.91,N
20.86818,84.99673,345.11,0.38,0.36,2026-09-07,2010,SNPP,SNPP,n,2.0NRT,294.01,3.91,N
20.86876,84.99306,312.48,0.38,0.36,2026-09-07,2010,SNPP,SNPP,n,2.0NRT,292.77,3.91,N
20.86602,84.98879,308,0.38,0.36,2026-09-07,2010,SNPP,SNPP,n,2.0NRT,292.16,1.58,N
20.86545,84.99247,315.54,0.38,0.36,2026-09-07,2010,SNPP,SNPP,n,2.0NRT,292.53,1.87,N
20.86487,84.99614,318.33,0.38,0.36,2026-09-07,2010,SNPP,SNPP,n,2.0NRT,292.61,1.87,N
20.86272,84.9882,329.87,0.38,0.36,2026-09-07,2010,SNPP,SNPP,n,2.0NRT,292.92,1.58,N
21.34521,81.66624,304.62,0.48,0.4,2026-09-07,2010,SNPP,SNPP,n,2.0NRT,288.02,0.58,N
20.80668,85.25755,328.96,0.38,0.36,2026-09-07,2010,SNPP,SNPP,n,2.0NRT,292.94,4.39,N
20.79949,85.26003,321.45,0.38,0.36,2026-09-07,2010,SNPP,SNPP,n,2.0NRT,291.23,2.16,N
20.79621,85.2599,316.79,0.38,0.36,2026-09-07,2010,SNPP,SNPP,n,2.0NRT,291.21,1.4,N
20.79407,85.25198,330.59,0.38,0.36,2026-09-07,2010,SNPP,SNPP,n,2.0NRT,290.7,6.87,N
20.79349,85.25565,321.86,0.38,0.36,2026-09-07,2010,SNPP,SNPP,n,2.0NRT,291.6,6.87,N
20.7929,85.25932,306.66,0.38,0.36,2026-09-07,2010,SNPP,SNPP,n,2.0NRT,291.29,1.4,N
20.7896,85.25873,334.98,0.38,0.36,2026-09-07,2010,SNPP,SNPP,n,2.0NRT,291.18,3.1,N
20.78571,85.2618,316.32,0.38,0.36,2026-09-07,2010,SNPP,SNPP,n,2.0NRT,291.42,3.1,N
20.78513,85.26547,313.15,0.38,0.36,2026-09-07,2010,SNPP,SNPP,n,2.0NRT,290.61,2.66,N
20.75949,85.2986,324.96,0.38,0.36,2026-09-07,2010,SNPP,SNPP,n,2.0NRT,291.89,2.66,N
20.76065,85.29126,306.88,0.38,0.36,2026-09-07,2010,SNPP,SNPP,n,2.0NRT,291.03,1.51,N
20.76007,85.29493,312.01,0.38,0.36,2026-09-07,2010,SNPP,SNPP,n,2.0NRT,291.57,1.51,N
10.61566,77.41953,310.47,0.41,0.45,2026-09-07,2012,SNPP,SNPP,n,2.0NRT,293.93,0.66,N
10.82689,78.8291,313.7,0.51,0.41,2026-09-07,2012,SNPP,SNPP,n,2.0NRT,294.42,2.11,N
11.76615,76.94112,305.83,0.46,0.47,2026-09-07,2012,SNPP,SNPP,n,2.0NRT,290.12,0.87,N
11.77049,76.9417,304.84,0.46,0.47,2026-09-07,2012,SNPP,SNPP,n,2.0NRT,290.95,0.87,N
11.81668,77.91529,307.02,0.4,0.44,2026-09-07,2012,SNPP,SNPP,n,2.0NRT,294.26,1.54,N
12.09401,76.79564,301.72,0.47,0.48,2026-09-07,2012,SNPP,SNPP,n,2.0NRT,290.69,0.55,N
12.09841,76.79625,302.32,0.47,0.48,2026-09-07,2012,SNPP,SNPP,n,2.0NRT,290.88,0.49,N
12.09417,76.79395,302.15,0.47,0.48,2026-09-07,2012,SNPP,SNPP,n,2.0NRT,290.74,0.63,N
12.74417,77.6196,306.6,0.42,0.46,2026-09-07,2012,SNPP,SNPP,n,2.0NRT,290.3,0.82,N
12.09858,76.79456,305.69,0.47,0.48,2026-09-07,2012,SNPP,SNPP,n,2.0NRT,290.83,0.66,N
31.3673,76.35603,303.33,0.53,0.67,2026-09-07,2146,SNPP,SNPP,n,2.0NRT,290.59,0.89,N
31.25916,76.92676,298.77,0.58,0.7,2026-09-07,2146,SNPP,SNPP,n,2.0NRT,286.22,1.48,N
31.25737,76.92625,299.46,0.58,0.7,2026-09-07,2146,SNPP,SNPP,n,2.0NRT,286.48,0.91,N
29.90457,74.95105,311.45,0.48,0.65,2026-09-07,2148,SNPP,SNPP,n,2.0NRT,290.39,6,N
29.90849,74.95123,367,0.48,0.65,2026-09-07,2148,SNPP,SNPP,h,2.0NRT,291.65,10.15,N
29.90977,74.9463,303.3,0.48,0.65,2026-09-07,2148,SNPP,SNPP,n,2.0NRT,290,10.15,N
29.90722,74.95615,313.15,0.48,0.65,2026-09-07,2148,SNPP,SNPP,n,2.0NRT,290.66,8.76,N
29.91037,74.95306,367,0.48,0.65,2026-09-07,2148,SNPP,SNPP,h,2.0NRT,291.9,6,N
29.47196,76.86069,305.54,0.63,0.72,2026-09-07,2148,SNPP,SNPP,n,2.0NRT,291.29,1.33,N
29.91168,74.94814,312.02,0.48,0.65,2026-09-07,2148,SNPP,SNPP,n,2.0NRT,290.76,13.68,N
29.90907,74.95796,303.49,0.48,0.65,2026-09-07,2148,SNPP,SNPP,n,2.0NRT,290.52,6,N
20.91152,71.45925,303.63,0.47,0.64,2026-09-07,2150,SNPP,SNPP,n,2.0NRT,289.9,0.85,N
23.54443,72.40617,305.66,0.48,0.64,2026-09-07,2150,SNPP,SNPP,n,2.0NRT,290.62,0.62,N
23.31261,70.1996,301.47,0.35,0.57,2026-09-07,2150,SNPP,SNPP,n,2.0NRT,290.92,0.45,N
23.51418,72.41602,302.64,0.48,0.65,2026-09-07,2150,SNPP,SNPP,n,2.0NRT,290.68,0.44,N
20.90812,71.4603,302.6,0.47,0.64,2026-09-07,2150,SNPP,SNPP,n,2.0NRT,290.07,1.17,N
10.42577,79.25342,344.95,0.74,0.76,2026-09-08,0718,SNPP,SNPP,n,2.0NRT,295.13,7.07,D
10.42313,79.25229,355.09,0.73,0.76,2026-09-08,0718,SNPP,SNPP,n,2.0NRT,295.22,10.43,D
11.16977,79.58669,330.7,0.68,0.74,2026-09-08,0718,SNPP,SNPP,n,2.0NRT,293.92,5.67,D
10.41876,79.25484,335.8,0.74,0.76,2026-09-08,0718,SNPP,SNPP,n,2.0NRT,295.51,7.07,D
11.71798,79.20487,330.28,0.7,0.75,2026-09-08,0720,SNPP,SNPP,n,2.0NRT,294.5,6.98,D
11.44852,79.55484,331.28,0.67,0.74,2026-09-08,0720,SNPP,SNPP,n,2.0NRT,294.18,6.1,D
11.71861,79.20637,333.78,0.7,0.75,2026-09-08,0720,SNPP,SNPP,n,2.0NRT,294.92,4.97,D
11.91456,78.91544,337.28,0.73,0.76,2026-09-08,0720,SNPP,SNPP,n,2.0NRT,294.41,4.43,D
17.42077,82.34301,336.64,0.34,0.56,2026-09-08,0720,SNPP,SNPP,n,2.0NRT,292.76,2.06,D
17.42123,82.3414,329.03,0.34,0.56,2026-09-08,0720,SNPP,SNPP,n,2.0NRT,292.18,2.8,D
16.86987,79.28905,349.2,0.55,0.68,2026-09-08,0720,SNPP,SNPP,n,2.0NRT,286.91,9.74,D
16.86624,79.28669,340.8,0.55,0.68,2026-09-08,0720,SNPP,SNPP,n,2.0NRT,287.48,10.5,D
19.09924,82.16588,327.77,0.33,0.55,2026-09-08,0720,SNPP,SNPP,n,2.0NRT,293.54,3.91,D
23.67418,86.0887,335.29,0.48,0.4,2026-09-08,0722,SNPP,SNPP,n,2.0NRT,289.13,7.74,D
27.94888,95.25629,332.5,0.44,0.46,2026-09-08,0722,SNPP,SNPP,n,2.0NRT,294.32,2.75,D
29.90792,74.9504,333.77,0.52,0.67,2026-09-08,0724,SNPP,SNPP,n,2.0NRT,296.05,16.71,D
31.21099,75.96707,329.07,0.42,0.61,2026-09-08,0724,SNPP,SNPP,n,2.0NRT,295.18,2.47,D
29.90838,74.94791,367,0.52,0.67,2026-09-08,0724,SNPP,SNPP,h,2.0NRT,295.73,15.56,D
29.9065,74.94508,367,0.52,0.67,2026-09-08,0724,SNPP,SNPP,h,2.0NRT,295.48,13.87,D
28.65772,77.57368,338.07,0.39,0.6,2026-09-08,0724,SNPP,SNPP,n,2.0NRT,294.07,3.21,D
10.26851,77.25398,367,0.39,0.59,2026-09-08,0858,SNPP,SNPP,h,2.0NRT,303.46,13.47,D
10.26803,77.25012,333.67,0.38,0.59,2026-09-08,0858,SNPP,SNPP,n,2.0NRT,300.52,4.37,D
10.27382,77.25198,367,0.38,0.59,2026-09-08,0858,SNPP,SNPP,h,2.0NRT,306.94,8.66,D
10.27434,77.2561,338.94,0.39,0.59,2026-09-08,0858,SNPP,SNPP,n,2.0NRT,304.77,7.95,D
9.09733,77.4617,330.93,0.38,0.59,2026-09-08,0858,SNPP,SNPP,n,2.0NRT,298.6,1.47,D
9.09777,77.45968,335.17,0.38,0.59,2026-09-08,0858,SNPP,SNPP,n,2.0NRT,298.97,1.46,D
9.34557,78.82265,340.93,0.48,0.64,2026-09-08,0858,SNPP,SNPP,n,2.0NRT,294.84,7.49,D
8.60429,77.96714,337.01,0.41,0.6,2026-09-08,0858,SNPP,SNPP,n,2.0NRT,299.88,2.57,D
9.24284,77.45622,367,0.38,0.59,2026-09-08,0858,SNPP,SNPP,h,2.0NRT,300.12,6.7,D
9.34336,77.66833,336.37,0.4,0.6,2026-09-08,0858,SNPP,SNPP,n,2.0NRT,301.54,1.47,D
9.34892,77.66765,330.81,0.4,0.6,2026-09-08,0858,SNPP,SNPP,n,2.0NRT,300.21,1.47,D
9.3474,77.66602,348.28,0.4,0.6,2026-09-08,0858,SNPP,SNPP,n,2.0NRT,300.93,2.13,D
9.53493,78.64525,358.03,0.47,0.64,2026-09-08,0858,SNPP,SNPP,n,2.0NRT,293.97,10.55,D
9.48111,78.22231,334.78,0.44,0.62,2026-09-08,0858,SNPP,SNPP,n,2.0NRT,297.17,3.12,D
9.84432,77.43795,330.84,0.39,0.59,2026-09-08,0858,SNPP,SNPP,l,2.0NRT,301.21,2.31,D
9.84427,77.43711,333.04,0.39,0.59,2026-09-08,0858,SNPP,SNPP,n,2.0NRT,301.65,1.08,D
10.26912,77.25885,367,0.39,0.59,2026-09-08,0858,SNPP,SNPP,h,2.0NRT,303.19,13.47,D
12.09969,77.06045,331.42,0.4,0.6,2026-09-08,0900,SNPP,SNPP,l,2.0NRT,302.11,3.63,D
12.68629,79.22961,330.03,0.56,0.69,2026-09-08,0900,SNPP,SNPP,n,2.0NRT,290.8,5,D
12.6018,76.3521,330.43,0.36,0.57,2026-09-08,0900,SNPP,SNPP,n,2.0NRT,297.42,1.17,D
14.2825,76.63771,339.44,0.4,0.6,2026-09-08,0900,SNPP,SNPP,n,2.0NRT,295.05,4.58,D
12.06157,77.02383,330.93,0.39,0.6,2026-09-08,0900,SNPP,SNPP,n,2.0NRT,298.73,2.86,D
13.76837,76.63393,334.36,0.39,0.59,2026-09-08,0900,SNPP,SNPP,n,2.0NRT,294.39,3.36,D
21.10201,72.65463,333.48,0.53,0.5,2026-09-08,0902,SNPP,SNPP,n,2.0NRT,297.8,4.88,D
21.10373,72.64575,343.32,0.53,0.5,2026-09-08,0902,SNPP,SNPP,n,2.0NRT,299.18,10.64,D
21.10262,72.63547,337.55,0.53,0.5,2026-09-08,0902,SNPP,SNPP,n,2.0NRT,298.03,9.33,D
16.83965,76.57693,338.6,0.42,0.61,2026-09-08,0902,SNPP,SNPP,n,2.0NRT,289.66,3.65,D
20.81934,71.06818,330.11,0.42,0.45,2026-09-08,0902,SNPP,SNPP,n,2.0NRT,299.88,2.79,D
21.10607,72.6489,339.2,0.53,0.5,2026-09-08,0902,SNPP,SNPP,n,2.0NRT,299.32,10.32,D
20.97745,85.16879,301.13,0.55,0.43,2026-09-08,1949,SNPP,SNPP,n,2.0NRT,275.55,1.53,N
20.9689,85.17302,309.48,0.55,0.43,2026-09-08,1949,SNPP,SNPP,n,2.0NRT,274.62,1.63,N
20.96823,85.17837,305.13,0.55,0.43,2026-09-08,1949,SNPP,SNPP,n,2.0NRT,273.49,1.63,N
20.96564,85.16711,301.3,0.55,0.43,2026-09-08,1949,SNPP,SNPP,n,2.0NRT,273.54,2.31,N
20.96497,85.17246,301.6,0.55,0.43,2026-09-08,1949,SNPP,SNPP,n,2.0NRT,273.25,1.63,N
20.96362,85.18311,296.46,0.55,0.43,2026-09-08,1949,SNPP,SNPP,n,2.0NRT,271.8,1.24,N
20.96296,85.18839,307.2,0.55,0.43,2026-09-08,1949,SNPP,SNPP,n,2.0NRT,268.75,1.24,N
20.96103,85.1719,297.17,0.55,0.43,2026-09-08,1949,SNPP,SNPP,n,2.0NRT,272.55,1.48,N
20.96824,85.15533,299.2,0.55,0.43,2026-09-08,1949,SNPP,SNPP,n,2.0NRT,272.53,1.8,N
20.96399,85.18727,307.6,0.55,0.43,2026-09-08,1949,SNPP,SNPP,n,2.0NRT,270.26,2.38,N
20.96218,85.17078,300.26,0.55,0.43,2026-09-08,1949,SNPP,SNPP,n,2.0NRT,272.53,3.59,N
20.96147,85.17611,298.83,0.55,0.43,2026-09-08,1949,SNPP,SNPP,n,2.0NRT,272.18,2.6,N
20.89022,84.97961,305.39,0.56,0.43,2026-09-08,1949,SNPP,SNPP,n,2.0NRT,268.48,1.48,N
20.88556,84.98448,298.64,0.56,0.43,2026-09-08,1949,SNPP,SNPP,n,2.0NRT,268.71,1.3,N
20.86501,84.98708,306.75,0.56,0.43,2026-09-08,1949,SNPP,SNPP,n,2.0NRT,271.06,1.16,N
20.86435,84.99242,296.94,0.56,0.43,2026-09-08,1949,SNPP,SNPP,n,2.0NRT,269.84,1.16,N
20.86611,84.99142,299.33,0.56,0.43,2026-09-08,1949,SNPP,SNPP,n,2.0NRT,270.68,1.96,N
20.86284,84.98545,298.67,0.56,0.43,2026-09-08,1949,SNPP,SNPP,n,2.0NRT,270.94,1.25,N
20.80691,85.25891,300.08,0.54,0.42,2026-09-08,1949,SNPP,SNPP,n,2.0NRT,268.92,2.19,N
20.79587,85.25201,315.69,0.54,0.42,2026-09-08,1949,SNPP,SNPP,n,2.0NRT,272.81,3.87,N
20.78671,85.26124,298.84,0.54,0.42,2026-09-08,1949,SNPP,SNPP,n,2.0NRT,272.8,2.18,N
21.33592,78.96922,313.41,0.46,0.63,2026-09-08,1949,SNPP,SNPP,n,2.0NRT,283.01,1.74,N
21.3374,78.96973,314.29,0.45,0.63,2026-09-08,1949,SNPP,SNPP,n,2.0NRT,283.02,2.12,N
21.24244,79.22527,306.63,0.44,0.62,2026-09-08,1949,SNPP,SNPP,n,2.0NRT,287.33,1.09,N
19.96099,79.33219,300.58,0.42,0.61,2026-09-08,1949,SNPP,SNPP,n,2.0NRT,269.83,0.78,N
19.10295,82.16367,306.2,0.53,0.5,2026-09-08,1949,SNPP,SNPP,n,2.0NRT,273.54,1.37,N
26.64162,79.47488,304.22,0.48,0.65,2026-09-08,1949,SNPP,SNPP,n,2.0NRT,290.65,0.53,N
24.92294,84.15626,306.82,0.47,0.48,2026-09-08,1949,SNPP,SNPP,n,2.0NRT,286,1.73,N
23.80277,86.33076,303.31,0.52,0.41,2026-09-08,1949,SNPP,SNPP,n,2.0NRT,277.22,0.85,N
23.66553,87.1602,303.3,0.47,0.4,2026-09-08,1949,SNPP,SNPP,n,2.0NRT,280.63,1.3,N
23.66251,87.15499,307.21,0.47,0.4,2026-09-08,1949,SNPP,SNPP,n,2.0NRT,278.78,1.3,N
23.7798,86.20742,309.32,0.52,0.42,2026-09-08,1949,SNPP,SNPP,n,2.0NRT,285.51,2.44,N
23.77914,86.21259,311.63,0.52,0.42,2026-09-08,1949,SNPP,SNPP,n,2.0NRT,284.99,1.55,N
23.77346,86.19588,308.14,0.52,0.42,2026-09-08,1949,SNPP,SNPP,n,2.0NRT,284.71,1.73,N
23.7728,86.20103,303.01,0.52,0.42,2026-09-08,1949,SNPP,SNPP,n,2.0NRT,284.66,2.29,N
23.61153,87.1468,306.1,0.47,0.4,2026-09-08,1949,SNPP,SNPP,n,2.0NRT,283.12,0.84,N
23.83938,85.30389,302.27,0.39,0.44,2026-09-08,1949,SNPP,SNPP,n,2.0NRT,287.36,0.51,N
23.83902,85.30463,303.99,0.39,0.44,2026-09-08,1949,SNPP,SNPP,n,2.0NRT,287.28,1.02,N
23.5617,87.2391,315.55,0.46,0.39,2026-09-08,1949,SNPP,SNPP,n,2.0NRT,285.37,5.48,N
23.55808,87.23852,331,0.46,0.39,2026-09-08,1949,SNPP,SNPP,n,2.0NRT,286.14,5.48,N
23.55933,87.22939,317.11,0.46,0.39,2026-09-08,1949,SNPP,SNPP,n,2.0NRT,285.55,2.15,N
23.55746,87.24306,316.67,0.46,0.39,2026-09-08,1949,SNPP,SNPP,n,2.0NRT,285.87,5.33,N
23.69677,86.07681,321.72,0.53,0.42,2026-09-08,1949,SNPP,SNPP,n,2.0NRT,283.98,3.27,N
23.68253,86.09591,314.45,0.53,0.42,2026-09-08,1949,SNPP,SNPP,n,2.0NRT,283.44,1.63,N
23.67217,86.11553,308.55,0.53,0.42,2026-09-08,1949,SNPP,SNPP,n,2.0NRT,283.62,1.25,N
22.79099,86.19352,316.28,0.51,0.41,2026-09-08,1949,SNPP,SNPP,n,2.0NRT,284.3,2.54,N
22.79034,86.19852,312.09,0.51,0.41,2026-09-08,1949,SNPP,SNPP,n,2.0NRT,283.06,2.54,N
22.78655,86.19794,303.72,0.51,0.41,2026-09-08,1949,SNPP,SNPP,n,2.0NRT,282.63,1.5,N
22.21111,84.86725,296.64,0.4,0.44,2026-09-08,1949,SNPP,SNPP,n,2.0NRT,265.75,0.93,N
22.33052,82.60535,296.65,0.55,0.51,2026-09-08,1949,SNPP,SNPP,n,2.0NRT,264.1,0.57,N
22.32055,82.56607,296.17,0.55,0.51,2026-09-08,1949,SNPP,SNPP,n,2.0NRT,265.75,1.13,N
21.92199,83.3504,308.56,0.49,0.48,2026-09-08,1949,SNPP,SNPP,n,2.0NRT,267.01,1.63,N
21.91968,83.34795,300.5,0.49,0.48,2026-09-08,1949,SNPP,SNPP,n,2.0NRT,268.28,0.71,N
21.91912,83.35267,297.13,0.48,0.48,2026-09-08,1949,SNPP,SNPP,n,2.0NRT,268.48,0.71,N
21.68175,84.04088,306.79,0.44,0.46,2026-09-08,1949,SNPP,SNPP,n,2.0NRT,283.25,1.39,N
21.67748,84.04029,304.58,0.44,0.46,2026-09-08,1949,SNPP,SNPP,n,2.0NRT,283.06,1.83,N
20.97303,86.00401,299.09,0.5,0.41,2026-09-08,1949,SNPP,SNPP,n,2.0NRT,272.26,1.05,N
20.96801,86.01303,298.69,0.5,0.41,2026-09-08,1949,SNPP,SNPP,n,2.0NRT,273.17,1.58,N
20.95175,86.04957,310.7,0.5,0.41,2026-09-08,1949,SNPP,SNPP,n,2.0NRT,272.04,1.4,N
20.95109,86.04737,310.27,0.5,0.41,2026-09-08,1949,SNPP,SNPP,n,2.0NRT,271.42,1.38,N
21.07918,85.03577,300.85,0.56,0.43,2026-09-08,1949,SNPP,SNPP,n,2.0NRT,272.89,2.47,N
12.69771,76.40362,296.02,0.53,0.67,2026-09-08,1951,SNPP,SNPP,n,2.0NRT,285.99,2.14,N
19.0977,82.16817,303.81,0.53,0.5,2026-09-08,1951,SNPP,SNPP,n,2.0NRT,273.29,1.64,N
17.60929,83.20439,306.12,0.44,0.46,2026-09-08,1951,SNPP,SNPP,n,2.0NRT,275.54,0.83,N
17.46397,80.65453,305.67,0.64,0.54,2026-09-08,1951,SNPP,SNPP,n,2.0NRT,289.37,1.51,N
15.17607,76.65705,301.42,0.55,0.68,2026-09-08,1951,SNPP,SNPP,n,2.0NRT,278.43,2.31,N
14.60695,79.35424,295.06,0.36,0.57,2026-09-08,1951,SNPP,SNPP,n,2.0NRT,284.72,2.36,N
11.86972,79.20905,308.67,0.33,0.56,2026-09-08,1951,SNPP,SNPP,n,2.0NRT,291.66,0.73,N
11.86825,79.20898,308.07,0.33,0.56,2026-09-08,1951,SNPP,SNPP,n,2.0NRT,291.62,0.69,N
10.26213,77.25868,300.67,0.43,0.62,2026-09-08,1953,SNPP,SNPP,n,2.0NRT,289.55,0.89,N
10.39128,79.30709,311.77,0.63,0.54,2026-09-08,1953,SNPP,SNPP,n,2.0NRT,293.29,2.85,N
9.93439,78.31834,308.55,0.36,0.57,2026-09-08,1953,SNPP,SNPP,n,2.0NRT,292.76,0.7,N
29.47554,76.86042,310.75,0.34,0.56,2026-09-08,2127,SNPP,SNPP,n,2.0NRT,292.51,0.75,N
29.47636,76.85699,304.91,0.34,0.56,2026-09-08,2127,SNPP,SNPP,n,2.0NRT,291.99,0.75,N
29.63118,77.24579,303.99,0.35,0.57,2026-09-08,2127,SNPP,SNPP,n,2.0NRT,291.79,0.58,N
33.90252,74.64256,303.02,0.41,0.45,2026-09-08,2127,SNPP,SNPP,n,2.0NRT,283.88,1.2,N
28.744,76.92703,309.02,0.35,0.57,2026-09-08,2127,SNPP,SNPP,n,2.0NRT,291.79,0.88,N
28.34513,77.23094,307.2,0.38,0.58,2026-09-08,2127,SNPP,SNPP,n,2.0NRT,291.84,0.78,N
28.74435,76.92632,305.77,0.35,0.57,2026-09-08,2127,SNPP,SNPP,n,2.0NRT,291.99,1.24,N
28.77183,77.56693,306.21,0.39,0.59,2026-09-08,2127,SNPP,SNPP,n,2.0NRT,290.42,0.51,N
24.6623,74.63559,305.55,0.63,0.54,2026-09-08,2129,SNPP,SNPP,n,2.0NRT,292.59,1.89,N
24.93405,74.6332,303.84,0.62,0.54,2026-09-08,2129,SNPP,SNPP,n,2.0NRT,292.51,1.36,N
24.66258,74.636,304.85,0.63,0.54,2026-09-08,2129,SNPP,SNPP,n,2.0NRT,292.63,1.81,N
24.69026,73.00349,304.37,0.5,0.49,2026-09-08,2129,SNPP,SNPP,n,2.0NRT,293.62,1.03,N
23.28408,72.41761,307.05,0.49,0.49,2026-09-08,2129,SNPP,SNPP,n,2.0NRT,292.41,0.91,N
23.2817,72.41914,310.48,0.49,0.49,2026-09-08,2129,SNPP,SNPP,n,2.0NRT,292.49,0.89,N
22.26371,75.1344,305.94,0.38,0.59,2026-09-08,2129,SNPP,SNPP,n,2.0NRT,289.82,1.06,N
27.66834,76.12954,304.87,0.34,0.56,2026-09-08,2129,SNPP,SNPP,n,2.0NRT,293.68,0.87,N
26.87394,73.51777,305.58,0.49,0.48,2026-09-08,2129,SNPP,SNPP,n,2.0NRT,295.45,1.38,N
18.6874,73.03365,303.69,0.33,0.55,2026-09-08,2131,SNPP,SNPP,n,2.0NRT,291.25,2.33,N
18.68609,73.03984,303.23,0.33,0.55,2026-09-08,2131,SNPP,SNPP,n,2.0NRT,290.86,1.06,N
18.6817,73.03559,303.54,0.33,0.55,2026-09-08,2131,SNPP,SNPP,n,2.0NRT,291.62,1.06,N
18.68104,73.0387,311.31,0.33,0.55,2026-09-08,2131,SNPP,SNPP,n,2.0NRT,290.91,1.06,N
18.68038,73.04181,303.95,0.33,0.55,2026-09-08,2131,SNPP,SNPP,n,2.0NRT,290.64,2.04,N
18.69305,73.04095,316.93,0.33,0.55,2026-09-08,2131,SNPP,SNPP,n,2.0NRT,291.47,2.21,N
18.68424,73.03241,313.03,0.33,0.55,2026-09-08,2131,SNPP,SNPP,n,2.0NRT,291.62,1.8,N
18.68296,73.03863,305.36,0.33,0.55,2026-09-08,2131,SNPP,SNPP,n,2.0NRT,291.24,2.36,N
18.68233,73.04176,310.34,0.33,0.55,2026-09-08,2131,SNPP,SNPP,n,2.0NRT,290.94,1.64,N
15.22613,76.76373,301.41,0.67,0.74,2026-09-08,2131,SNPP,SNPP,n,2.0NRT,287,1.03,N
15.18275,76.67428,302.85,0.66,0.73,2026-09-08,2131,SNPP,SNPP,n,2.0NRT,287.4,1.89,N
15.17892,76.66013,304.46,0.66,0.73,2026-09-08,2131,SNPP,SNPP,n,2.0NRT,287.58,2.95,N
15.17795,76.657,308.23,0.66,0.73,2026-09-08,2131,SNPP,SNPP,n,2.0NRT,287.68,3.05,N
15.13748,76.71239,304.03,0.67,0.73,2026-09-08,2131,SNPP,SNPP,n,2.0NRT,287.39,1.38,N
15.6609,73.98779,300.61,0.43,0.62,2026-09-08,2131,SNPP,SNPP,n,2.0NRT,288.62,1.28,N
15.65884,73.9893,310.62,0.44,0.62,2026-09-08,2131,SNPP,SNPP,n,2.0NRT,288.94,1.44,N
18.57162,74.15484,303.27,0.39,0.59,2026-09-08,2131,SNPP,SNPP,n,2.0NRT,289.09,0.82,N
19.93463,73.71231,301.71,0.35,0.56,2026-09-08,2131,SNPP,SNPP,n,2.0NRT,287.55,0.43,N
20.35331,72.95158,302.88,0.6,0.53,2026-09-08,2131,SNPP,SNPP,n,2.0NRT,290.82,2.13,N
20.91132,71.46037,311.82,0.48,0.48,2026-09-08,2131,SNPP,SNPP,n,2.0NRT,294.96,1.86,N
21.10329,72.63621,309.85,0.56,0.51,2026-09-08,2131,SNPP,SNPP,n,2.0NRT,291.32,2.74,N
21.10576,72.64803,305.61,0.56,0.51,2026-09-08,2131,SNPP,SNPP,n,2.0NRT,291.86,2.49,N
19.82081,79.33638,300.96,0.78,0.78,2026-09-08,2131,SNPP,SNPP,n,2.0NRT,277.48,1.84,N
22.92725,70.10981,310.63,0.55,0.43,2026-09-08,2131,SNPP,SNPP,n,2.0NRT,292.31,4.11,N
18.57086,74.15802,301.48,0.39,0.59,2026-09-08,2131,SNPP,SNPP,n,2.0NRT,289.11,0.94,N
18.69113,73.041,316.05,0.33,0.55,2026-09-08,2131,SNPP,SNPP,n,2.0NRT,290.89,2.15,N
27.87488,96.84531,331.52,0.45,0.39,2026-09-09,0703,SNPP,SNPP,n,2.0NRT,294.68,2.22,D
24.79702,94.19991,325.94,0.38,0.36,2026-09-09,0703,SNPP,SNPP,n,2.0NRT,288.79,1.88,D
27.37927,95.33396,330.91,0.4,0.37,2026-09-09,0703,SNPP,SNPP,n,2.0NRT,295.35,2.29,D
27.87187,96.85019,335.29,0.45,0.39,2026-09-09,0703,SNPP,SNPP,n,2.0NRT,294.94,6.71,D
27.87366,96.83576,337.86,0.45,0.39,2026-09-09,0703,SNPP,SNPP,n,2.0NRT,296.25,5.55,D
27.93021,96.76659,332.46,0.45,0.39,2026-09-09,0703,SNPP,SNPP,n,2.0NRT,295.41,4.17,D
28.01827,96.64623,329.37,0.44,0.39,2026-09-09,0703,SNPP,SNPP,n,2.0NRT,292.44,1.22,D
8.37381,77.62325,339.68,0.56,0.43,2026-09-09,0839,SNPP,SNPP,n,2.0NRT,307.26,6.09,D
8.37234,77.62077,339.77,0.56,0.43,2026-09-09,0839,SNPP,SNPP,n,2.0NRT,306.54,10.28,D
8.53304,78.12076,336.58,0.4,0.44,2026-09-09,0839,SNPP,SNPP,l,2.0NRT,308.22,2.69,D
8.60634,77.96951,345.48,0.39,0.44,2026-09-09,0839,SNPP,SNPP,n,2.0NRT,306.15,4.79,D
8.88306,77.78769,334.5,0.39,0.44,2026-09-09,0839,SNPP,SNPP,n,2.0NRT,303.98,2.52,D
9.63687,78.10203,339.96,0.41,0.45,2026-09-09,0839,SNPP,SNPP,n,2.0NRT,308.2,5.41,D
9.80809,77.51385,340.35,0.57,0.43,2026-09-09,0839,SNPP,SNPP,n,2.0NRT,296.04,7.83,D
9.83092,77.56013,331.53,0.38,0.44,2026-09-09,0839,SNPP,SNPP,n,2.0NRT,295.36,3.1,D
9.83046,77.55689,341.33,0.38,0.44,2026-09-09,0839,SNPP,SNPP,n,2.0NRT,295.21,2.25,D
10.09023,77.69757,343.84,0.4,0.44,2026-09-09,0839,SNPP,SNPP,n,2.0NRT,303.29,1.42,D
10.34748,79.41254,338.36,0.51,0.5,2026-09-09,0839,SNPP,SNPP,n,2.0NRT,292.31,3.18,D
10.34718,79.41057,336.58,0.51,0.5,2026-09-09,0839,SNPP,SNPP,n,2.0NRT,292.56,3.7,D
10.31302,78.61387,342.94,0.45,0.47,2026-09-09,0839,SNPP,SNPP,n,2.0NRT,300.44,4.49,D
10.25788,77.24821,335.44,0.56,0.43,2026-09-09,0839,SNPP,SNPP,n,2.0NRT,295.72,50.16,D
10.26118,77.24303,330.49,0.56,0.43,2026-09-09,0839,SNPP,SNPP,n,2.0NRT,290.27,26.52,D
10.25719,77.25083,347.9,0.56,0.43,2026-09-09,0839,SNPP,SNPP,n,2.0NRT,291.29,94.07,D
10.53283,78.61864,330.74,0.46,0.47,2026-09-09,0839,SNPP,SNPP,n,2.0NRT,300.14,1.94,D
10.68338,79.27805,334.52,0.51,0.49,2026-09-09,0839,SNPP,SNPP,n,2.0NRT,294.9,3.25,D
10.43343,77.19473,335.63,0.56,0.43,2026-09-09,0839,SNPP,SNPP,n,2.0NRT,303.53,9.4,D
10.67141,78.88138,335.09,0.48,0.48,2026-09-09,0839,SNPP,SNPP,n,2.0NRT,301.43,4.19,D
10.44232,77.11541,335.28,0.55,0.43,2026-09-09,0839,SNPP,SNPP,n,2.0NRT,299.13,2.39,D
10.91727,78.97856,335.44,0.49,0.49,2026-09-09,0839,SNPP,SNPP,n,2.0NRT,299.35,2.94,D
10.91968,78.97959,334.43,0.49,0.49,2026-09-09,0839,SNPP,SNPP,n,2.0NRT,299.05,1.76,D
10.90465,78.49009,345.24,0.45,0.47,2026-09-09,0839,SNPP,SNPP,n,2.0NRT,300.98,4.58,D
11.02803,77.51046,336.75,0.4,0.44,2026-09-09,0839,SNPP,SNPP,n,2.0NRT,304.82,4.23,D
12.06407,79.16139,333.03,0.52,0.5,2026-09-09,0839,SNPP,SNPP,n,2.0NRT,299.16,2.28,D
12.56395,79.11487,341.51,0.53,0.5,2026-09-09,0839,SNPP,SNPP,n,2.0NRT,296.93,15.8,D
14.04664,79.93987,331.29,0.63,0.54,2026-09-09,0841,SNPP,SNPP,n,2.0NRT,291.17,2.68,D
13.86723,77.47733,342.52,0.43,0.46,2026-09-09,0841,SNPP,SNPP,n,2.0NRT,291.65,4.47,D
14.70121,79.99017,339.65,0.32,0.55,2026-09-09,0841,SNPP,SNPP,n,2.0NRT,294.2,3.2,D
14.5568,78.02254,345.93,0.48,0.48,2026-09-09,0841,SNPP,SNPP,n,2.0NRT,298.39,4.37,D
14.79568,79.02826,345.59,0.56,0.51,2026-09-09,0841,SNPP,SNPP,n,2.0NRT,292.83,11.93,D
15.17479,76.67694,332.08,0.4,0.44,2026-09-09,0841,SNPP,SNPP,n,2.0NRT,301.53,4.6,D
15.17643,76.65775,341.25,0.4,0.44,2026-09-09,0841,SNPP,SNPP,n,2.0NRT,302.38,6.01,D
15.18199,76.66843,336.98,0.4,0.44,2026-09-09,0841,SNPP,SNPP,n,2.0NRT,300.46,6.09,D
17.38081,75.72618,336.85,0.56,0.43,2026-09-09,0841,SNPP,SNPP,n,2.0NRT,301.49,3.99,D
18.37337,74.35523,337.45,0.49,0.4,2026-09-09,0841,SNPP,SNPP,n,2.0NRT,304.07,5.1,D
18.48067,73.98694,330.97,0.47,0.4,2026-09-09,0841,SNPP,SNPP,l,2.0NRT,301.28,5.5,D
18.55479,74.31213,343.56,0.49,0.4,2026-09-09,0841,SNPP,SNPP,n,2.0NRT,301.81,7.86,D
18.55849,74.3116,334.95,0.49,0.4,2026-09-09,0841,SNPP,SNPP,n,2.0NRT,304.73,8.74,D
18.62244,74.55608,335.85,0.5,0.41,2026-09-09,0841,SNPP,SNPP,n,2.0NRT,302.07,4.25,D
18.64365,74.65992,335.5,0.51,0.41,2026-09-09,0841,SNPP,SNPP,n,2.0NRT,304.29,4.85,D
18.68402,73.04089,339.03,0.43,0.38,2026-09-09,0841,SNPP,SNPP,n,2.0NRT,301.53,8.87,D
18.68637,73.03223,331.44,0.43,0.38,2026-09-09,0841,SNPP,SNPP,n,2.0NRT,301.25,6.71,D
18.691,73.03982,339.49,0.43,0.38,2026-09-09,0841,SNPP,SNPP,n,2.0NRT,302.47,8.26,D
18.99486,74.43908,330.89,0.5,0.41,2026-09-09,0841,SNPP,SNPP,l,2.0NRT,303.44,3.27,D
23.05331,69.64938,335.4,0.38,0.36,2026-09-09,0843,SNPP,SNPP,n,2.0NRT,299.9,5.02,D
19.65047,74.57458,335.89,0.52,0.41,2026-09-09,0843,SNPP,SNPP,n,2.0NRT,298.13,6.15,D
21.10127,72.63649,343.94,0.43,0.38,2026-09-09,0843,SNPP,SNPP,n,2.0NRT,303.4,10.01,D
21.10652,72.6485,344.45,0.43,0.38,2026-09-09,0843,SNPP,SNPP,n,2.0NRT,304.6,8.4,D
21.10594,72.64432,339.18,0.43,0.38,2026-09-09,0843,SNPP,SNPP,n,2.0NRT,304.26,8.38,D
21.10479,72.63596,342.9,0.43,0.38,2026-09-09,0843,SNPP,SNPP,n,2.0NRT,301.56,10.01,D
21.1083,72.63541,341.85,0.43,0.38,2026-09-09,0843,SNPP,SNPP,n,2.0NRT,303.4,3.48,D
21.11181,72.63486,337.68,0.43,0.38,2026-09-09,0843,SNPP,SNPP,n,2.0NRT,303.62,3.48,D
22.35983,82.30304,326.78,0.56,0.69,2026-09-09,0843,SNPP,SNPP,n,2.0NRT,287.19,8.43,D
21.45597,72.9502,334.97,0.45,0.39,2026-09-09,0843,SNPP,SNPP,n,2.0NRT,301.66,3.95,D
21.96141,72.51338,339.3,0.44,0.38,2026-09-09,0843,SNPP,SNPP,n,2.0NRT,303.3,6.19,D
22.55157,71.63312,338.85,0.41,0.37,2026-09-09,0843,SNPP,SNPP,n,2.0NRT,305.61,5.82,D
22.4838,70.93859,337.46,0.4,0.37,2026-09-09,0843,SNPP,SNPP,n,2.0NRT,302.73,3.49,D
23.10171,72.47737,330.84,0.45,0.39,2026-09-09,0843,SNPP,SNPP,l,2.0NRT,303.73,4.76,D
22.78069,69.46031,337.63,0.38,0.36,2026-09-09,0843,SNPP,SNPP,n,2.0NRT,302.9,3.57,D
22.89505,69.89949,334.75,0.39,0.36,2026-09-09,0843,SNPP,SNPP,n,2.0NRT,304.7,1.82,D
22.92988,70.10869,336.43,0.39,0.36,2026-09-09,0843,SNPP,SNPP,n,2.0NRT,304.53,6.77,D
22.87284,69.57805,332.78,0.38,0.36,2026-09-09,0843,SNPP,SNPP,n,2.0NRT,301.04,4.04,D
22.93237,69.70152,331.13,0.38,0.36,2026-09-09,0843,SNPP,SNPP,l,2.0NRT,303.33,3.74,D
22.9318,69.69779,332.54,0.38,0.36,2026-09-09,0843,SNPP,SNPP,l,2.0NRT,304.36,2.27,D
22.93511,69.6972,335.3,0.38,0.36,2026-09-09,0843,SNPP,SNPP,n,2.0NRT,303.5,2.27,D
23.03181,69.53057,331.92,0.38,0.36,2026-09-09,0843,SNPP,SNPP,l,2.0NRT,302.92,2.6,D
23.50802,72.15764,337.69,0.44,0.38,2026-09-09,0843,SNPP,SNPP,n,2.0NRT,305.06,3.69,D
23.57267,72.47577,335.21,0.45,0.39,2026-09-09,0843,SNPP,SNPP,n,2.0NRT,305.14,4.27,D
26.64183,79.48302,332.65,0.41,0.61,2026-09-09,0843,SNPP,SNPP,n,2.0NRT,294.48,4.48,D
26.78156,72.00723,343.32,0.46,0.39,2026-09-09,0843,SNPP,SNPP,n,2.0NRT,310.89,7.69,D
26.78636,72.01598,341.03,0.46,0.39,2026-09-09,0843,SNPP,SNPP,n,2.0NRT,309.83,19.54,D
26.78459,72.00198,339.68,0.46,0.39,2026-09-09,0843,SNPP,SNPP,l,2.0NRT,310.8,7.69,D
26.78939,72.01074,348.52,0.46,0.39,2026-09-09,0843,SNPP,SNPP,n,2.0NRT,310.23,9.4,D
26.7936,72.01483,342.21,0.46,0.39,2026-09-09,0843,SNPP,SNPP,n,2.0NRT,310.55,9.4,D
26.79242,72.0055,347.32,0.46,0.39,2026-09-09,0843,SNPP,SNPP,n,2.0NRT,311.3,15.04,D
26.79723,72.01426,338.28,0.46,0.39,2026-09-09,0843,SNPP,SNPP,l,2.0NRT,310.24,4.85,D
26.79663,72.00959,342.06,0.46,0.39,2026-09-09,0843,SNPP,SNPP,n,2.0NRT,310.44,4.85,D
31.12366,74.67133,345.68,0.48,0.48,2026-09-09,0845,SNPP,SNPP,n,2.0NRT,298.08,6.33,D
31.12966,74.65249,332.7,0.48,0.48,2026-09-09,0845,SNPP,SNPP,n,2.0NRT,297.49,2.66,D
31.11923,74.6719,346.95,0.48,0.48,2026-09-09,0845,SNPP,SNPP,n,2.0NRT,300.42,10.59,D
20.99799,86.01233,300.3,0.32,0.55,2026-09-09,1932,SNPP,SNPP,n,2.0NRT,267.69,0.42,N
28.34835,77.25511,307.79,0.4,0.44,2026-09-09,2110,SNPP,SNPP,n,2.0NRT,293.86,1.02,N
28.34753,77.25915,306.48,0.4,0.44,2026-09-09,2110,SNPP,SNPP,n,2.0NRT,293.82,1.02,N
28.27803,77.27264,308.04,0.4,0.44,2026-09-09,2110,SNPP,SNPP,n,2.0NRT,293.79,1.08,N
28.275,77.1826,309.13,0.4,0.44,2026-09-09,2110,SNPP,SNPP,n,2.0NRT,294.05,0.78,N
27.66891,76.13161,308.25,0.54,0.42,2026-09-09,2110,SNPP,SNPP,n,2.0NRT,296.75,2.32,N
26.702,77.84742,306.41,0.46,0.47,2026-09-09,2110,SNPP,SNPP,n,2.0NRT,293.08,1.27,N
27.28872,73.83931,310.71,0.43,0.38,2026-09-09,2110,SNPP,SNPP,n,2.0NRT,298.15,1.61,N
26.92571,73.46764,307.46,0.42,0.38,2026-09-09,2110,SNPP,SNPP,n,2.0NRT,296.84,1.03,N
26.87812,73.51436,311.62,0.43,0.38,2026-09-09,2110,SNPP,SNPP,n,2.0NRT,297.32,1.08,N
26.87392,73.51785,307.54,0.43,0.38,2026-09-09,2110,SNPP,SNPP,n,2.0NRT,297.29,1.08,N
29.02955,73.97697,318.86,0.42,0.38,2026-09-09,2110,SNPP,SNPP,n,2.0NRT,296.55,1.05,N
26.25893,74.09446,310.9,0.45,0.39,2026-09-09,2110,SNPP,SNPP,n,2.0NRT,296.54,1.6,N
28.3718,77.22294,308.59,0.4,0.44,2026-09-09,2110,SNPP,SNPP,n,2.0NRT,293.68,1.32,N
28.37098,77.22699,305.53,0.4,0.44,2026-09-09,2110,SNPP,SNPP,n,2.0NRT,293.78,1.01,N
28.35967,77.24104,308.29,0.4,0.44,2026-09-09,2110,SNPP,SNPP,n,2.0NRT,293.95,0.92,N
31.25911,76.92336,303.81,0.52,0.41,2026-09-09,2110,SNPP,SNPP,n,2.0NRT,290.65,0.89,N
28.77395,77.56806,310.88,0.41,0.45,2026-09-09,2110,SNPP,SNPP,n,2.0NRT,294.37,0.77,N
21.69743,72.53883,307.31,0.44,0.39,2026-09-09,2112,SNPP,SNPP,n,2.0NRT,293.66,0.44,N
21.10808,72.64604,339.52,0.45,0.39,2026-09-09,2112,SNPP,SNPP,n,2.0NRT,295.46,18.82,N
21.10964,72.63737,315.57,0.45,0.39,2026-09-09,2112,SNPP,SNPP,n,2.0NRT,294.89,4.74,N
21.10452,72.64532,340.71,0.45,0.39,2026-09-09,2112,SNPP,SNPP,n,2.0NRT,295.19,18.82,N
21.10252,72.63594,333.31,0.45,0.39,2026-09-09,2112,SNPP,SNPP,n,2.0NRT,296.07,10.96,N
21.10432,72.63768,321.45,0.45,0.39,2026-09-09,2112,SNPP,SNPP,n,2.0NRT,294.18,5.71,N
21.10281,72.64636,308.29,0.45,0.39,2026-09-09,2112,SNPP,SNPP,n,2.0NRT,293.27,3.56,N
21.10076,72.63695,334.48,0.45,0.39,2026-09-09,2112,SNPP,SNPP,n,2.0NRT,294.18,5.71,N
20.90956,71.46092,311.05,0.41,0.37,2026-09-09,2112,SNPP,SNPP,n,2.0NRT,294.88,2.1,N
20.86824,71.39729,307.63,0.41,0.37,2026-09-09,2112,SNPP,SNPP,n,2.0NRT,294.66,0.73,N
20.86701,70.56599,311.65,0.39,0.36,2026-09-09,2112,SNPP,SNPP,n,2.0NRT,294.95,1.55,N
19.93644,73.71235,311.96,0.53,0.42,2026-09-09,2112,SNPP,SNPP,n,2.0NRT,290.1,1.54,N
19.93405,73.71447,306.08,0.53,0.42,2026-09-09,2112,SNPP,SNPP,n,2.0NRT,289.2,0.62,N
17.61107,83.20312,299.76,0.76,0.77,2026-09-09,2112,SNPP,SNPP,n,2.0NRT,269.88,1.97,N
22.92927,70.10672,306.23,0.38,0.36,2026-09-09,2112,SNPP,SNPP,n,2.0NRT,293.82,1.86,N
23.05618,69.9922,306.29,0.38,0.36,2026-09-09,2112,SNPP,SNPP,n,2.0NRT,294.3,0.62,N
22.26339,75.13261,304.97,0.39,0.44,2026-09-09,2112,SNPP,SNPP,n,2.0NRT,292.9,1.44,N
23.25672,70.26176,323.61,0.38,0.36,2026-09-09,2112,SNPP,SNPP,n,2.0NRT,295.3,1.41,N
23.31528,70.4887,312.09,0.39,0.36,2026-09-09,2112,SNPP,SNPP,n,2.0NRT,295.9,1.43,N
24.66075,74.63564,307.83,0.5,0.41,2026-09-09,2112,SNPP,SNPP,n,2.0NRT,296.09,2.06,N
24.93354,74.6346,310.77,0.5,0.41,2026-09-09,2112,SNPP,SNPP,n,2.0NRT,295.26,1.39,N
25.7812,73.699,311.72,0.44,0.39,2026-09-09,2112,SNPP,SNPP,n,2.0NRT,294.51,1.14,N
22.80195,70.89373,307.56,0.39,0.36,2026-09-09,2112,SNPP,SNPP,n,2.0NRT,293.94,0.85,N
22.92675,69.82255,308.26,0.38,0.36,2026-09-09,2112,SNPP,SNPP,n,2.0NRT,295.52,1.46,N
22.93287,69.69716,337.93,0.38,0.36,2026-09-09,2112,SNPP,SNPP,n,2.0NRT,296.19,7.62,N
22.93229,69.70088,323.29,0.38,0.36,2026-09-09,2112,SNPP,SNPP,n,2.0NRT,295.1,2.27,N
22.92957,69.69656,320.29,0.38,0.36,2026-09-09,2112,SNPP,SNPP,n,2.0NRT,294.77,2.26,N
22.91245,69.69726,306.83,0.38,0.36,2026-09-09,2112,SNPP,SNPP,n,2.0NRT,294.61,1.06,N
22.90915,69.69665,307.65,0.38,0.36,2026-09-09,2112,SNPP,SNPP,n,2.0NRT,294.89,1.67,N
25.78472,73.69977,310.35,0.44,0.39,2026-09-09,2112,SNPP,SNPP,n,2.0NRT,294.89,1.14,N
22.65471,70.98373,305.96,0.39,0.36,2026-09-09,2112,SNPP,SNPP,n,2.0NRT,294.85,0.49,N
22.33882,69.85501,315.32,0.38,0.36,2026-09-09,2112,SNPP,SNPP,n,2.0NRT,297.94,3.38,N
22.33705,69.86613,308.05,0.38,0.36,2026-09-09,2112,SNPP,SNPP,n,2.0NRT,296.28,3.31,N
24.8211,73.09267,312.4,0.43,0.38,2026-09-09,2112,SNPP,SNPP,n,2.0NRT,297.17,1.45,N
24.66097,74.634,308.22,0.5,0.41,2026-09-09,2112,SNPP,SNPP,n,2.0NRT,296.35,2.08,N
22.41887,69.03963,311.95,0.39,0.36,2026-09-09,2112,SNPP,SNPP,n,2.0NRT,294.66,2.1,N
22.41555,69.03904,326.87,0.39,0.36,2026-09-09,2112,SNPP,SNPP,n,2.0NRT,295.02,3.3,N
12.98171,74.85807,304.67,0.54,0.51,2026-09-09,2114,SNPP,SNPP,n,2.0NRT,290.65,3.59,N
18.86003,72.92754,310.02,0.5,0.41,2026-09-09,2114,SNPP,SNPP,n,2.0NRT,282.2,1.39,N
18.56875,74.52725,305.33,0.41,0.45,2026-09-09,2114,SNPP,SNPP,n,2.0NRT,279.75,0.96,N
18.85631,72.92681,305.26,0.5,0.41,2026-09-09,2114,SNPP,SNPP,n,2.0NRT,282.93,1.34,N
18.39037,74.80548,301.77,0.43,0.46,2026-09-09,2114,SNPP,SNPP,n,2.0NRT,284.96,0.64,N
18.68642,73.02856,300.51,0.51,0.41,2026-09-09,2114,SNPP,SNPP,n,2.0NRT,280.14,1.21,N
18.68556,73.03335,302.87,0.51,0.41,2026-09-09,2114,SNPP,SNPP,n,2.0NRT,282.18,1.89,N
16.64885,74.31091,299.8,0.43,0.46,2026-09-09,2114,SNPP,SNPP,n,2.0NRT,280.71,0.57,N
15.22533,76.76504,302.85,0.33,0.55,2026-09-09,2114,SNPP,SNPP,n,2.0NRT,278.94,0.75,N
15.17654,76.67481,297.48,0.33,0.55,2026-09-09,2114,SNPP,SNPP,n,2.0NRT,271.64,0.64,N
15.17594,76.67782,296.1,0.33,0.55,2026-09-09,2114,SNPP,SNPP,n,2.0NRT,272.59,0.56,N
15.13735,76.7136,295.07,0.33,0.55,2026-09-09,2114,SNPP,SNPP,n,2.0NRT,272.58,0.3,N
13.89847,76.565,303.98,0.34,0.56,2026-09-09,2114,SNPP,SNPP,n,2.0NRT,289.84,0.34,N
12.98732,74.8539,307.28,0.54,0.51,2026-09-09,2114,SNPP,SNPP,n,2.0NRT,291.02,2.71,N
12.98266,74.85311,350.99,0.54,0.51,2026-09-09,2114,SNPP,SNPP,n,2.0NRT,292.11,17.03,N
12.98359,74.84822,310.48,0.54,0.51,2026-09-09,2114,SNPP,SNPP,n,2.0NRT,291.24,17.03,N
12.98521,74.85059,324.98,0.54,0.51,2026-09-09,2114,SNPP,SNPP,n,2.0NRT,291.42,19.31,N
12.98431,74.85551,333.59,0.54,0.51,2026-09-09,2114,SNPP,SNPP,n,2.0NRT,292.24,19.31,N
12.97965,74.85469,305.92,0.54,0.51,2026-09-09,2114,SNPP,SNPP,n,2.0NRT,290.85,3.13,N
10.78634,76.78297,310.68,0.4,0.6,2026-09-09,2116,SNPP,SNPP,n,2.0NRT,289.04,0.81,N
10.78694,76.78407,304.4,0.4,0.6,2026-09-09,2116,SNPP,SNPP,n,2.0NRT,289.1,0.73,N
28.03857,96.65233,331.41,0.4,0.37,2026-09-10,0644,SNPP,SNPP,n,2.0NRT,297.19,4.27,D
28.0171,96.64835,339.06,0.4,0.37,2026-09-10,0644,SNPP,SNPP,n,2.0NRT,294.8,4.76,D
27.86725,96.95296,327.92,0.4,0.37,2026-09-10,0644,SNPP,SNPP,l,2.0NRT,298.54,10.53,D
28.19521,97.02945,326.09,0.39,0.36,2026-09-10,0646,SNPP,SNPP,n,2.0NRT,296.8,1.37,D
28.14016,96.67348,339.01,0.4,0.37,2026-09-10,0646,SNPP,SNPP,n,2.0NRT,292.09,7.19,D
8.43785,77.62556,341.99,0.38,0.36,2026-09-10,0820,SNPP,SNPP,n,2.0NRT,309.16,4.26,D
8.62137,77.9171,337.25,0.38,0.36,2026-09-10,0820,SNPP,SNPP,n,2.0NRT,306.6,4.2,D
8.77444,77.74644,341.85,0.38,0.36,2026-09-10,0820,SNPP,SNPP,l,2.0NRT,311.95,6.31,D
14.80636,79.0248,330.18,0.44,0.39,2026-09-10,0822,SNPP,SNPP,n,2.0NRT,284.81,3.33,D
14.14186,76.48392,337.51,0.38,0.36,2026-09-10,0822,SNPP,SNPP,n,2.0NRT,302.14,2.44,D
13.56128,76.31514,331.81,0.38,0.36,2026-09-10,0822,SNPP,SNPP,n,2.0NRT,298.1,3.46,D
9.81509,78.59298,339.48,0.4,0.37,2026-09-10,0822,SNPP,SNPP,n,2.0NRT,295.91,4.08,D
9.24757,77.89983,341.57,0.39,0.36,2026-09-10,0822,SNPP,SNPP,n,2.0NRT,309.81,9.52,D
9.00893,77.79801,345.28,0.38,0.36,2026-09-10,0822,SNPP,SNPP,n,2.0NRT,310.28,14.15,D
15.82326,76.42226,332.69,0.39,0.36,2026-09-10,0822,SNPP,SNPP,n,2.0NRT,301.42,2.48,D
15.40017,77.02663,336.03,0.39,0.36,2026-09-10,0822,SNPP,SNPP,n,2.0NRT,302.55,3.03,D
15.21043,75.79651,337.14,0.38,0.36,2026-09-10,0822,SNPP,SNPP,l,2.0NRT,310.41,3.93,D
15.20712,75.79704,339.7,0.38,0.36,2026-09-10,0822,SNPP,SNPP,n,2.0NRT,309.26,1.84,D
15.87121,80.60237,331.5,0.54,0.42,2026-09-10,0822,SNPP,SNPP,n,2.0NRT,290.75,4.57,D
15.22531,76.76296,334.33,0.39,0.36,2026-09-10,0822,SNPP,SNPP,n,2.0NRT,298.46,1.81,D
15.22379,78.51904,337.52,0.43,0.38,2026-09-10,0822,SNPP,SNPP,n,2.0NRT,287.73,3.06,D
14.80579,79.02069,336.34,0.44,0.39,2026-09-10,0822,SNPP,SNPP,n,2.0NRT,286.24,2.74,D
21.80279,83.89226,329.17,0.35,0.57,2026-09-10,0824,SNPP,SNPP,n,2.0NRT,284.55,2.34,D
21.74492,83.84295,340.64,0.34,0.56,2026-09-10,0824,SNPP,SNPP,n,2.0NRT,285.48,3.79,D
21.75016,83.84244,357.41,0.34,0.56,2026-09-10,0824,SNPP,SNPP,n,2.0NRT,286.1,10.37,D
21.10355,72.64788,337.26,0.41,0.37,2026-09-10,0824,SNPP,SNPP,l,2.0NRT,304.42,6.53,D
21.10157,72.63602,344.18,0.41,0.37,2026-09-10,0824,SNPP,SNPP,n,2.0NRT,304.57,16.7,D
21.10696,72.64724,348.07,0.41,0.37,2026-09-10,0824,SNPP,SNPP,n,2.0NRT,305.53,6.53,D
23.75989,86.40087,329.67,0.53,0.67,2026-09-10,0824,SNPP,SNPP,n,2.0NRT,286.63,6.03,D
23.80455,86.32764,330.42,0.52,0.67,2026-09-10,0824,SNPP,SNPP,n,2.0NRT,286.03,3.46,D
23.80222,86.32877,333.14,0.52,0.67,2026-09-10,0824,SNPP,SNPP,n,2.0NRT,286.42,4.63,D
16.61314,75.89799,338.35,0.38,0.36,2026-09-10,0824,SNPP,SNPP,n,2.0NRT,300.68,2.37,D
17.30929,77.62043,330.79,0.41,0.37,2026-09-10,0824,SNPP,SNPP,n,2.0NRT,295.01,3.08,D
17.69838,75.36028,331.99,0.38,0.36,2026-09-10,0824,SNPP,SNPP,n,2.0NRT,301.84,1.85,D
17.97609,74.36363,337.35,0.39,0.36,2026-09-10,0824,SNPP,SNPP,n,2.0NRT,303.35,3.02,D
18.86072,76.52007,336.81,0.4,0.37,2026-09-10,0824,SNPP,SNPP,n,2.0NRT,297.42,4.29,D
18.8621,76.51934,341.23,0.4,0.37,2026-09-10,0824,SNPP,SNPP,n,2.0NRT,298.75,4.65,D
28.03975,75.82047,335.44,0.44,0.38,2026-09-10,0826,SNPP,SNPP,n,2.0NRT,306.52,2.28,D
26.07044,74.30474,332.86,0.39,0.36,2026-09-10,0826,SNPP,SNPP,l,2.0NRT,305.89,1.79,D
25.78353,73.69852,336.77,0.38,0.36,2026-09-10,0826,SNPP,SNPP,n,2.0NRT,305.99,2.65,D
25.61475,75.90067,339.91,0.42,0.38,2026-09-10,0826,SNPP,SNPP,n,2.0NRT,300.69,2.98,D
22.92957,70.10769,338.96,0.5,0.41,2026-09-10,0826,SNPP,SNPP,n,2.0NRT,306.49,7.09,D
23.10672,72.22006,332.7,0.41,0.37,2026-09-10,0826,SNPP,SNPP,l,2.0NRT,305.1,2.57,D
31.62473,75.01824,346.08,0.44,0.38,2026-09-10,0828,SNPP,SNPP,n,2.0NRT,301.81,7.26,D
31.6471,75.02378,338.54,0.44,0.38,2026-09-10,0828,SNPP,SNPP,n,2.0NRT,301.85,5.25,D
31.76258,74.94447,336.14,0.44,0.38,2026-09-10,0828,SNPP,SNPP,n,2.0NRT,300.54,3.39,D
31.73356,74.64149,332.83,0.43,0.38,2026-09-10,0828,SNPP,SNPP,n,2.0NRT,299.69,2.77,D
31.3569,75.92867,330.03,0.47,0.4,2026-09-10,0828,SNPP,SNPP,n,2.0NRT,298.91,2.8,D
31.13243,74.62755,345.78,0.42,0.38,2026-09-10,0828,SNPP,SNPP,n,2.0NRT,300.28,6.93,D
31.41759,75.8811,338.02,0.47,0.4,2026-09-10,0828,SNPP,SNPP,n,2.0NRT,299.78,7.11,D
31.12557,74.68327,332.7,0.42,0.38,2026-09-10,0828,SNPP,SNPP,n,2.0NRT,304.31,2.01,D
31.53902,74.82557,336.36,0.43,0.38,2026-09-10,0828,SNPP,SNPP,n,2.0NRT,303.77,3.68,D
31.56346,74.60093,335.37,0.42,0.38,2026-09-10,0828,SNPP,SNPP,n,2.0NRT,302.63,4.09,D
27.60698,95.40187,306.35,0.4,0.44,2026-09-10,1910,SNPP,SNPP,n,2.0NRT,290.62,1.92,N
27.46212,95.47769,305.97,0.4,0.44,2026-09-10,1910,SNPP,SNPP,n,2.0NRT,288.92,0.51,N
27.31865,95.26725,314.82,0.41,0.45,2026-09-10,1910,SNPP,SNPP,n,2.0NRT,282.7,1.4,N
25.54185,91.23533,298.11,0.34,0.56,2026-09-10,1913,SNPP,SNPP,n,2.0NRT,280.77,0.46,N
31.32711,76.89539,305.23,0.38,0.36,2026-09-10,2051,SNPP,SNPP,n,2.0NRT,291.18,0.67,N
31.25028,76.92976,306.25,0.38,0.36,2026-09-10,2051,SNPP,SNPP,n,2.0NRT,290.73,0.53,N
28.72888,77.15527,309.68,0.39,0.36,2026-09-10,2053,SNPP,SNPP,n,2.0NRT,294.61,0.78,N
29.47655,76.85686,309.82,0.39,0.36,2026-09-10,2053,SNPP,SNPP,n,2.0NRT,296.09,1.21,N
28.83644,77.14004,308.99,0.39,0.36,2026-09-10,2053,SNPP,SNPP,n,2.0NRT,294.18,2.12,N
28.77258,76.70015,312.8,0.39,0.36,2026-09-10,2053,SNPP,SNPP,n,2.0NRT,295.03,2.26,N
28.37354,77.22604,307.78,0.39,0.36,2026-09-10,2053,SNPP,SNPP,n,2.0NRT,293.71,3.11,N
27.66957,76.12965,308.26,0.38,0.36,2026-09-10,2053,SNPP,SNPP,n,2.0NRT,297.49,0.88,N
27.66895,76.13351,308.11,0.38,0.36,2026-09-10,2053,SNPP,SNPP,n,2.0NRT,297.59,0.88,N
27.66628,76.12898,308.26,0.38,0.36,2026-09-10,2053,SNPP,SNPP,n,2.0NRT,295.96,0.88,N
27.28744,73.8385,309.07,0.41,0.37,2026-09-10,2053,SNPP,SNPP,n,2.0NRT,297.07,1.43,N
26.926,73.46916,308.33,0.42,0.37,2026-09-10,2053,SNPP,SNPP,n,2.0NRT,296.68,1.04,N
26.87709,73.51604,309.82,0.41,0.37,2026-09-10,2053,SNPP,SNPP,n,2.0NRT,296.6,1.48,N
26.87366,73.51543,308.26,0.41,0.37,2026-09-10,2053,SNPP,SNPP,n,2.0NRT,296.65,0.82,N
26.60533,73.68541,309.06,0.41,0.37,2026-09-10,2053,SNPP,SNPP,n,2.0NRT,297.89,0.55,N
26.29624,74.1245,306.91,0.4,0.37,2026-09-10,2053,SNPP,SNPP,n,2.0NRT,295.86,0.96,N
26.25889,74.09734,312.07,0.4,0.37,2026-09-10,2053,SNPP,SNPP,n,2.0NRT,297.38,0.86,N
25.78426,73.6976,309.18,0.4,0.37,2026-09-10,2053,SNPP,SNPP,n,2.0NRT,295.99,1.1,N
24.93236,74.63454,314.43,0.39,0.36,2026-09-10,2053,SNPP,SNPP,n,2.0NRT,295.74,1.16,N
24.76389,74.60896,320.46,0.39,0.36,2026-09-10,2053,SNPP,SNPP,n,2.0NRT,297.23,2.49,N
24.6917,74.68143,306.75,0.39,0.36,2026-09-10,2053,SNPP,SNPP,n,2.0NRT,295.18,1.21,N
19.93596,73.71201,330.68,0.38,0.36,2026-09-10,2053,SNPP,SNPP,n,2.0NRT,280.67,3.98,N
18.80503,74.26031,309.43,0.39,0.36,2026-09-10,2053,SNPP,SNPP,n,2.0NRT,291.28,0.97,N
18.68038,73.03343,304.73,0.39,0.36,2026-09-10,2053,SNPP,SNPP,n,2.0NRT,291.97,0.53,N
24.57784,74.80502,305.14,0.38,0.36,2026-09-10,2053,SNPP,SNPP,n,2.0NRT,291.46,0.49,N
24.8193,73.09328,306.93,0.41,0.37,2026-09-10,2053,SNPP,SNPP,n,2.0NRT,293.59,1.07,N
24.65848,73.87827,306.98,0.39,0.36,2026-09-10,2053,SNPP,SNPP,n,2.0NRT,295.98,1.02,N
24.6893,73.00108,305.46,0.41,0.37,2026-09-10,2053,SNPP,SNPP,n,2.0NRT,294.36,1.13,N
20.96593,86.01443,305.09,0.49,0.65,2026-09-10,2053,SNPP,SNPP,n,2.0NRT,265.86,1.97,N
20.97001,86.01376,311.77,0.49,0.65,2026-09-10,2053,SNPP,SNPP,n,2.0NRT,264.77,2,N
15.57361,73.74066,313.66,0.39,0.36,2026-09-10,2055,SNPP,SNPP,n,2.0NRT,281.25,0.97,N
15.16912,76.37991,307.17,0.48,0.4,2026-09-10,2055,SNPP,SNPP,n,2.0NRT,290.68,2.33,N
22.85678,71.53668,309.02,0.45,0.39,2026-09-10,2055,SNPP,SNPP,n,2.0NRT,294.71,0.66,N
15.33521,76.28432,305.33,0.47,0.4,2026-09-10,2055,SNPP,SNPP,n,2.0NRT,290.32,0.93,N
22.93341,69.69515,312.82,0.56,0.43,2026-09-10,2055,SNPP,SNPP,n,2.0NRT,294.57,2.36,N
22.93274,69.70058,313.09,0.55,0.43,2026-09-10,2055,SNPP,SNPP,n,2.0NRT,294.77,2.53,N
22.93421,69.69978,312.72,0.55,0.43,2026-09-10,2055,SNPP,SNPP,n,2.0NRT,294.76,4.31,N
22.90592,69.70102,306.49,0.55,0.43,2026-09-10,2055,SNPP,SNPP,n,2.0NRT,294.15,2.16,N
22.65436,70.98223,306.36,0.47,0.4,2026-09-10,2055,SNPP,SNPP,n,2.0NRT,293.47,1.6,N
22.33524,69.86731,306.78,0.53,0.42,2026-09-10,2055,SNPP,SNPP,n,2.0NRT,295.53,3.02,N
22.41582,69.04021,311.69,0.4,0.44,2026-09-10,2055,SNPP,SNPP,n,2.0NRT,294.15,2.07,N
21.6993,72.54128,309.73,0.41,0.37,2026-09-10,2055,SNPP,SNPP,n,2.0NRT,290.73,0.8,N
21.6959,72.5407,314.76,0.41,0.37,2026-09-10,2055,SNPP,SNPP,n,2.0NRT,290.7,0.8,N
21.10481,72.64471,306.44,0.4,0.37,2026-09-10,2055,SNPP,SNPP,n,2.0NRT,251.85,0.82,N
21.10259,72.63643,306.8,0.4,0.37,2026-09-10,2055,SNPP,SNPP,n,2.0NRT,243.1,0.76,N
27.5995,95.3554,328.24,0.52,0.5,2026-09-11,0627,SNPP,SNPP,l,2.0NRT,299.28,11.23,D
27.59978,95.35804,330.38,0.52,0.5,2026-09-11,0627,SNPP,SNPP,l,2.0NRT,300.42,8.12,D
27.76703,96.05153,329.29,0.47,0.48,2026-09-11,0627,SNPP,SNPP,n,2.0NRT,294.37,2.21,D
27.92588,96.77444,327.85,0.42,0.45,2026-09-11,0627,SNPP,SNPP,n,2.0NRT,294.95,2.76,D
27.93463,96.77489,334.01,0.42,0.45,2026-09-11,0627,SNPP,SNPP,n,2.0NRT,294.45,4.73,D
27.95016,95.23589,330.52,0.52,0.5,2026-09-11,0627,SNPP,SNPP,n,2.0NRT,294.75,2.44,D
8.77848,77.56741,338.43,0.57,0.43,2026-09-11,0801,SNPP,SNPP,n,2.0NRT,300.49,2.92,D
8.30266,77.63816,339.74,0.57,0.43,2026-09-11,0801,SNPP,SNPP,n,2.0NRT,306.69,6.52,D
8.61995,78.07992,330.34,0.53,0.42,2026-09-11,0801,SNPP,SNPP,l,2.0NRT,302.72,4.45,D
8.72995,77.52225,334.04,0.57,0.43,2026-09-11,0801,SNPP,SNPP,n,2.0NRT,297.74,3.73,D
8.92184,77.48255,331.84,0.57,0.43,2026-09-11,0801,SNPP,SNPP,n,2.0NRT,297.5,8.51,D
18.21146,74.44026,330.24,0.42,0.45,2026-09-11,0803,SNPP,SNPP,n,2.0NRT,298.3,5.36,D
18.26146,75.48334,335.52,0.54,0.42,2026-09-11,0803,SNPP,SNPP,n,2.0NRT,300.47,5.57,D
18.69317,73.04006,329.01,0.5,0.49,2026-09-11,0803,SNPP,SNPP,n,2.0NRT,294.1,4.98,D
21.1883,81.39214,331,0.41,0.37,2026-09-11,0805,SNPP,SNPP,n,2.0NRT,295.11,5.07,D
21.92127,83.3507,340.46,0.5,0.41,2026-09-11,0805,SNPP,SNPP,n,2.0NRT,296.01,9.06,D
21.10511,72.64705,344.32,0.48,0.48,2026-09-11,0805,SNPP,SNPP,n,2.0NRT,297.72,9.15,D
21.1033,72.63795,337.6,0.48,0.48,2026-09-11,0805,SNPP,SNPP,n,2.0NRT,295.6,5.89,D
23.16489,82.34189,332.83,0.46,0.39,2026-09-11,0805,SNPP,SNPP,n,2.0NRT,292.37,6.1,D
26.77699,90.32763,331.36,0.5,0.66,2026-09-11,0805,SNPP,SNPP,n,2.0NRT,291.43,2.81,D
26.77685,90.32755,332.52,0.5,0.66,2026-09-11,0805,SNPP,SNPP,n,2.0NRT,291.5,3.91,D
30.72791,76.34161,333.5,0.39,0.36,2026-09-11,0807,SNPP,SNPP,n,2.0NRT,296.18,1.3,D
29.13163,75.77078,331.51,0.4,0.37,2026-09-11,0807,SNPP,SNPP,l,2.0NRT,305.14,3.84,D
30.87769,75.94084,344.92,0.39,0.36,2026-09-11,0807,SNPP,SNPP,n,2.0NRT,302.48,3,D
31.59567,74.82895,333.66,0.4,0.37,2026-09-11,0807,SNPP,SNPP,n,2.0NRT,305.54,2.21,D
31.78289,75.174,335.78,0.4,0.37,2026-09-11,0807,SNPP,SNPP,n,2.0NRT,300.83,3.43,D
31.86762,75.00837,343.03,0.4,0.37,2026-09-11,0807,SNPP,SNPP,n,2.0NRT,301.46,5.58,D
34.15523,74.19093,332.36,0.4,0.37,2026-09-11,0809,SNPP,SNPP,n,2.0NRT,300.75,3.76,D
34.15862,74.19041,329.45,0.4,0.37,2026-09-11,0809,SNPP,SNPP,n,2.0NRT,299.49,1.78,D
27.60801,95.40346,302.79,0.39,0.59,2026-09-11,1851,SNPP,SNPP,n,2.0NRT,287.83,0.79,N
25.54361,91.23469,295.33,0.67,0.74,2026-09-11,1851,SNPP,SNPP,n,2.0NRT,271.56,0.42,N
27.325,95.27734,311.48,0.39,0.6,2026-09-11,1851,SNPP,SNPP,n,2.0NRT,288.28,0.61,N
33.71712,73.97829,302.64,0.53,0.5,2026-09-11,2032,SNPP,SNPP,n,2.0NRT,288.29,1.08,N
23.7587,86.40199,312.87,0.46,0.47,2026-09-11,2034,SNPP,SNPP,n,2.0NRT,274.38,2.58,N
23.69279,87.12022,296.37,0.51,0.5,2026-09-11,2034,SNPP,SNPP,n,2.0NRT,273.63,0.42,N
23.69176,87.12515,296.53,0.51,0.5,2026-09-11,2034,SNPP,SNPP,n,2.0NRT,273.57,0.42,N
23.66188,87.15467,300,0.52,0.5,2026-09-11,2034,SNPP,SNPP,n,2.0NRT,275.93,1.31,N
23.80626,86.32754,301.06,0.46,0.47,2026-09-11,2034,SNPP,SNPP,n,2.0NRT,280.45,1.08,N
23.80536,86.33195,306.3,0.46,0.47,2026-09-11,2034,SNPP,SNPP,n,2.0NRT,281.4,1.08,N
23.80108,86.33093,305.12,0.46,0.47,2026-09-11,2034,SNPP,SNPP,n,2.0NRT,279.47,1.08,N
23.79647,86.35325,311.44,0.46,0.47,2026-09-11,2034,SNPP,SNPP,n,2.0NRT,282.13,1.77,N
23.80489,86.32858,310.34,0.46,0.47,2026-09-11,2034,SNPP,SNPP,n,2.0NRT,280.28,1.38,N
23.80401,86.33302,302.43,0.46,0.47,2026-09-11,2034,SNPP,SNPP,n,2.0NRT,280.04,1.38,N
23.79527,86.35438,313.6,0.46,0.47,2026-09-11,2034,SNPP,SNPP,n,2.0NRT,282.03,2.15,N
23.78417,86.34245,305.26,0.46,0.47,2026-09-11,2034,SNPP,SNPP,n,2.0NRT,282.74,1.93,N
23.76732,86.40403,305.33,0.46,0.47,2026-09-11,2034,SNPP,SNPP,n,2.0NRT,274.5,1.57,N
23.76481,86.39408,298.26,0.46,0.47,2026-09-11,2034,SNPP,SNPP,n,2.0NRT,273.37,2.26,N
23.76302,86.403,318.41,0.46,0.47,2026-09-11,2034,SNPP,SNPP,n,2.0NRT,275.77,2.58,N
23.73847,86.43504,312.83,0.47,0.47,2026-09-11,2034,SNPP,SNPP,n,2.0NRT,274.14,2.43,N
23.77917,86.21124,326.49,0.45,0.47,2026-09-11,2034,SNPP,SNPP,n,2.0NRT,287.43,3.19,N
23.78005,86.20687,306.98,0.45,0.47,2026-09-11,2034,SNPP,SNPP,n,2.0NRT,287.43,2.85,N
23.7749,86.21031,306.06,0.45,0.47,2026-09-11,2034,SNPP,SNPP,n,2.0NRT,286.88,1.35,N
23.77329,86.19618,308.76,0.45,0.47,2026-09-11,2034,SNPP,SNPP,n,2.0NRT,287.49,1.69,N
23.55926,87.23817,303.14,0.52,0.5,2026-09-11,2034,SNPP,SNPP,n,2.0NRT,275.51,1.74,N
23.71227,86.45252,295.09,0.47,0.48,2026-09-11,2034,SNPP,SNPP,n,2.0NRT,263.28,0.41,N
23.5627,87.08546,303.71,0.51,0.5,2026-09-11,2034,SNPP,SNPP,n,2.0NRT,278.13,1.24,N
23.68361,86.39369,309.5,0.46,0.47,2026-09-11,2034,SNPP,SNPP,n,2.0NRT,271.69,1.17,N
23.67929,86.39272,302.1,0.46,0.47,2026-09-11,2034,SNPP,SNPP,n,2.0NRT,272.19,1.17,N
23.67837,86.39718,303.97,0.46,0.47,2026-09-11,2034,SNPP,SNPP,n,2.0NRT,271.24,1.17,N
23.67743,86.40173,301.45,0.46,0.47,2026-09-11,2034,SNPP,SNPP,n,2.0NRT,272.9,0.97,N
23.67404,86.39622,295.03,0.46,0.47,2026-09-11,2034,SNPP,SNPP,n,2.0NRT,269.67,0.72,N
23.68302,86.39138,299.91,0.46,0.47,2026-09-11,2034,SNPP,SNPP,n,2.0NRT,274.17,1.88,N
23.68214,86.39581,303.53,0.46,0.47,2026-09-11,2034,SNPP,SNPP,n,2.0NRT,270.22,1.02,N
23.67782,86.39482,306.34,0.46,0.47,2026-09-11,2034,SNPP,SNPP,n,2.0NRT,270.96,1.02,N
23.67691,86.39936,306.6,0.46,0.47,2026-09-11,2034,SNPP,SNPP,n,2.0NRT,271.88,1.02,N
23.75447,85.85305,307.08,0.43,0.46,2026-09-11,2034,SNPP,SNPP,n,2.0NRT,284.53,2,N
23.70125,86.07622,320.87,0.44,0.46,2026-09-11,2034,SNPP,SNPP,n,2.0NRT,285.98,2.97,N
23.69703,86.07521,342.93,0.44,0.46,2026-09-11,2034,SNPP,SNPP,n,2.0NRT,285.97,2.97,N
23.6979,86.07088,305.93,0.44,0.46,2026-09-11,2034,SNPP,SNPP,n,2.0NRT,285.34,2.77,N
23.69616,86.07954,306.56,0.44,0.46,2026-09-11,2034,SNPP,SNPP,n,2.0NRT,286.55,2.97,N
23.7882,85.55163,313.64,0.41,0.45,2026-09-11,2034,SNPP,SNPP,n,2.0NRT,286.05,2.36,N
23.6774,86.1067,307.43,0.45,0.47,2026-09-11,2034,SNPP,SNPP,n,2.0NRT,288.78,1.17,N
23.66734,86.09063,304.88,0.45,0.47,2026-09-11,2034,SNPP,SNPP,n,2.0NRT,286.91,1.46,N
24.19785,82.71539,319.36,0.44,0.38,2026-09-11,2034,SNPP,SNPP,n,2.0NRT,288.24,2.61,N
23.69408,85.36958,319.01,0.4,0.45,2026-09-11,2034,SNPP,SNPP,n,2.0NRT,283.12,3.16,N
23.73969,85.01115,297.18,0.38,0.44,2026-09-11,2034,SNPP,SNPP,n,2.0NRT,283.89,0.79,N
22.37859,87.28189,309.21,0.56,0.51,2026-09-11,2034,SNPP,SNPP,n,2.0NRT,278.48,2.67,N
22.37058,87.29688,305.95,0.56,0.51,2026-09-11,2034,SNPP,SNPP,n,2.0NRT,277.13,1.6,N
22.3659,87.29573,299.76,0.56,0.51,2026-09-11,2034,SNPP,SNPP,n,2.0NRT,277.53,1.6,N
22.36478,87.30112,309.44,0.56,0.51,2026-09-11,2034,SNPP,SNPP,n,2.0NRT,278.65,1.6,N
22.36546,87.01844,298.31,0.54,0.51,2026-09-11,2034,SNPP,SNPP,n,2.0NRT,273.4,0.92,N
22.2472,87.39132,298.05,0.57,0.52,2026-09-11,2034,SNPP,SNPP,n,2.0NRT,278.14,1.37,N
22.05133,88.12428,298.19,0.32,0.54,2026-09-11,2034,SNPP,SNPP,n,2.0NRT,271.33,1.24,N
23.26521,70.25777,304.89,0.34,0.56,2026-09-11,2034,SNPP,SNPP,n,2.0NRT,292.8,0.85,N
20.78374,85.25797,302.67,0.45,0.47,2026-09-11,2034,SNPP,SNPP,n,2.0NRT,284.81,1.74,N
20.75914,85.29253,304.29,0.45,0.47,2026-09-11,2034,SNPP,SNPP,n,2.0NRT,284.17,1.19,N
22.9267,69.82265,307.63,0.36,0.57,2026-09-11,2034,SNPP,SNPP,n,2.0NRT,291.83,0.89,N
22.9331,69.69727,306.91,0.36,0.58,2026-09-11,2034,SNPP,SNPP,n,2.0NRT,288.63,0.56,N
22.93276,69.70088,303.67,0.36,0.58,2026-09-11,2034,SNPP,SNPP,n,2.0NRT,288.44,0.56,N
22.41649,69.03779,312.23,0.39,0.6,2026-09-11,2034,SNPP,SNPP,n,2.0NRT,291.92,1.4,N
21.16537,72.66583,334.66,0.45,0.47,2026-09-11,2034,SNPP,SNPP,n,2.0NRT,289.32,10.37,N
21.16485,72.6702,335.84,0.45,0.47,2026-09-11,2034,SNPP,SNPP,n,2.0NRT,290.35,10.53,N
21.10653,72.64437,340.24,0.45,0.47,2026-09-11,2034,SNPP,SNPP,n,2.0NRT,291.98,7.13,N
21.10755,72.63565,309.89,0.45,0.47,2026-09-11,2034,SNPP,SNPP,n,2.0NRT,290.88,4.4,N
21.10603,72.64871,309.18,0.45,0.47,2026-09-11,2034,SNPP,SNPP,n,2.0NRT,290.5,7.13,N
21.10979,72.63779,308.22,0.45,0.47,2026-09-11,2034,SNPP,SNPP,n,2.0NRT,291.28,3.95,N
21.10872,72.64648,311.12,0.45,0.47,2026-09-11,2034,SNPP,SNPP,n,2.0NRT,291.06,6.65,N
21.10441,72.6459,343.3,0.45,0.47,2026-09-11,2034,SNPP,SNPP,n,2.0NRT,291.64,6.65,N
21.10548,72.6372,308.75,0.45,0.47,2026-09-11,2034,SNPP,SNPP,n,2.0NRT,290.15,3.95,N
21.10116,72.63661,339.66,0.45,0.47,2026-09-11,2034,SNPP,SNPP,n,2.0NRT,291.28,9.18,N
15.65624,73.99073,303.93,0.48,0.4,2026-09-11,2036,SNPP,SNPP,n,2.0NRT,288.34,0.43,N
13.39206,80.10056,307.08,0.45,0.39,2026-09-11,2036,SNPP,SNPP,n,2.0NRT,289.17,1.34,N
15.02515,76.50147,309.08,0.39,0.36,2026-09-11,2036,SNPP,SNPP,n,2.0NRT,288.72,0.8,N
15.16912,76.37862,302.57,0.39,0.36,2026-09-11,2036,SNPP,SNPP,n,2.0NRT,283.21,0.92,N
13.18113,79.91359,304.89,0.44,0.39,2026-09-11,2036,SNPP,SNPP,n,2.0NRT,288.79,0.88,N
15.17247,76.37917,304.41,0.39,0.36,2026-09-11,2036,SNPP,SNPP,n,2.0NRT,284.12,0.92,N
15.02417,78.01468,305.44,0.39,0.36,2026-09-11,2036,SNPP,SNPP,n,2.0NRT,284.08,2.26,N
15.22512,76.76299,300.51,0.39,0.36,2026-09-11,2036,SNPP,SNPP,n,2.0NRT,274.54,0.96,N
15.16826,76.67259,314.56,0.39,0.36,2026-09-11,2036,SNPP,SNPP,n,2.0NRT,291.21,2.01,N
15.17353,76.65462,312.41,0.39,0.36,2026-09-11,2036,SNPP,SNPP,n,2.0NRT,289.89,1.95,N
15.17631,76.65878,318.99,0.39,0.36,2026-09-11,2036,SNPP,SNPP,n,2.0NRT,291.02,1.95,N
15.17686,76.65517,332.84,0.39,0.36,2026-09-11,2036,SNPP,SNPP,n,2.0NRT,292,1.95,N
15.17464,76.69185,304.65,0.39,0.36,2026-09-11,2036,SNPP,SNPP,n,2.0NRT,284.95,1.61,N
15.1802,76.65571,303.39,0.39,0.36,2026-09-11,2036,SNPP,SNPP,n,2.0NRT,284.86,0.72,N
19.93491,73.71051,305.03,0.56,0.43,2026-09-11,2036,SNPP,SNPP,n,2.0NRT,280.5,1.46,N
19.22277,74.8159,301.94,0.48,0.4,2026-09-11,2036,SNPP,SNPP,n,2.0NRT,287.42,0.77,N
18.81351,74.30283,299.21,0.51,0.41,2026-09-11,2036,SNPP,SNPP,n,2.0NRT,282.78,0.44,N
18.69197,73.03873,308.23,0.4,0.44,2026-09-11,2036,SNPP,SNPP,n,2.0NRT,291.06,1.61,N
18.69148,73.0425,316.86,0.4,0.44,2026-09-11,2036,SNPP,SNPP,n,2.0NRT,290.51,1.61,N
18.68483,73.02999,314.34,0.4,0.44,2026-09-11,2036,SNPP,SNPP,n,2.0NRT,291.14,1.51,N
9.3321,77.42197,324.79,0.4,0.37,2026-09-11,2038,SNPP,SNPP,n,2.0NRT,287.74,2.04,N
9.32874,77.42142,321.89,0.4,0.37,2026-09-11,2038,SNPP,SNPP,n,2.0NRT,287.03,2.04,N
11.57125,77.67776,306.91,0.39,0.36,2026-09-11,2038,SNPP,SNPP,n,2.0NRT,287.08,2.27,N
27.73226,96.2794,345.79,0.43,0.62,2026-09-12,0608,SNPP,SNPP,n,2.0NRT,287.82,4.11,D
27.72672,96.28129,333.96,0.43,0.62,2026-09-12,0608,SNPP,SNPP,n,2.0NRT,288.25,4.11,D
9.67016,78.19058,334.88,0.34,0.56,2026-09-12,0744,SNPP,SNPP,n,2.0NRT,288.66,1.73,D
8.31892,77.59275,330.58,0.39,0.6,2026-09-12,0744,SNPP,SNPP,n,2.0NRT,298.47,2.22,D
9.06973,77.52162,334.25,0.39,0.59,2026-09-12,0744,SNPP,SNPP,n,2.0NRT,300.96,1.1,D
9.192,77.81502,338.44,0.37,0.58,2026-09-12,0744,SNPP,SNPP,n,2.0NRT,297.68,10.03,D
11.93996,77.03573,335.16,0.37,0.58,2026-09-12,0744,SNPP,SNPP,n,2.0NRT,295.58,2.4,D
23.68652,86.39357,337.38,0.44,0.38,2026-09-12,0746,SNPP,SNPP,n,2.0NRT,295.05,4.02,D
23.7564,85.85259,332.56,0.42,0.38,2026-09-12,0746,SNPP,SNPP,n,2.0NRT,298.52,5.14,D
23.78724,85.55238,330.14,0.41,0.37,2026-09-12,0746,SNPP,SNPP,n,2.0NRT,294.64,2.32,D
23.67653,86.39957,332.16,0.44,0.38,2026-09-12,0746,SNPP,SNPP,n,2.0NRT,295.51,9.04,D
23.68299,86.39413,331.66,0.44,0.38,2026-09-12,0746,SNPP,SNPP,n,2.0NRT,294.31,4.02,D
24.19804,82.71844,332.43,0.39,0.36,2026-09-12,0748,SNPP,SNPP,n,2.0NRT,295.83,3.01,D
27.92105,96.75591,336.99,0.65,0.73,2026-09-12,0748,SNPP,SNPP,n,2.0NRT,288.75,5.14,D
27.92283,96.76014,328.13,0.65,0.73,2026-09-12,0748,SNPP,SNPP,n,2.0NRT,289.16,6.8,D
31.87394,74.68877,330.02,0.43,0.46,2026-09-12,0750,SNPP,SNPP,n,2.0NRT,294.86,2.76,D
31.6174,75.06292,333.18,0.41,0.45,2026-09-12,0750,SNPP,SNPP,n,2.0NRT,298.2,3.5,D
31.12898,74.61642,349.42,0.45,0.47,2026-09-12,0750,SNPP,SNPP,n,2.0NRT,297.29,6.74,D
31.16105,74.82891,336.12,0.43,0.46,2026-09-12,0750,SNPP,SNPP,n,2.0NRT,295.62,2.47,D
23.50945,69.26907,336.81,0.44,0.62,2026-09-12,0928,SNPP,SNPP,n,2.0NRT,294.22,5.28,D
23.34302,68.96366,337.57,0.41,0.61,2026-09-12,0928,SNPP,SNPP,n,2.0NRT,296.07,4.42,D
23.72294,86.42259,312.38,0.41,0.37,2026-09-12,2014,SNPP,SNPP,n,2.0NRT,292.56,2.75,N
23.71609,86.4419,309.88,0.41,0.37,2026-09-12,2014,SNPP,SNPP,n,2.0NRT,291.6,1.2,N
23.7154,86.44591,304.37,0.41,0.37,2026-09-12,2014,SNPP,SNPP,n,2.0NRT,291.11,1.2,N
23.7147,86.44991,311.36,0.41,0.37,2026-09-12,2014,SNPP,SNPP,n,2.0NRT,291.86,1.04,N
23.71402,86.45391,304.28,0.41,0.37,2026-09-12,2014,SNPP,SNPP,n,2.0NRT,291.01,1.04,N
23.71544,86.42522,308.23,0.41,0.37,2026-09-12,2014,SNPP,SNPP,n,2.0NRT,292.57,1.12,N
23.71475,86.42923,306.74,0.41,0.37,2026-09-12,2014,SNPP,SNPP,n,2.0NRT,291.61,1.12,N
23.7113,86.44923,319.91,0.41,0.37,2026-09-12,2014,SNPP,SNPP,n,2.0NRT,292.38,1.04,N
23.71061,86.45323,304.7,0.41,0.37,2026-09-12,2014,SNPP,SNPP,n,2.0NRT,291.03,1.04,N
23.71204,86.42454,308.89,0.41,0.37,2026-09-12,2014,SNPP,SNPP,n,2.0NRT,292.7,2.36,N
23.7079,86.44854,314.75,0.41,0.37,2026-09-12,2014,SNPP,SNPP,n,2.0NRT,291.81,1.85,N
23.55814,87.23893,329.6,0.44,0.38,2026-09-12,2014,SNPP,SNPP,n,2.0NRT,290.73,2.43,N
23.55967,87.23042,316.08,0.44,0.38,2026-09-12,2014,SNPP,SNPP,n,2.0NRT,290.73,2.2,N
23.55738,87.24319,304.01,0.44,0.38,2026-09-12,2014,SNPP,SNPP,n,2.0NRT,290.25,2.43,N
23.6861,86.39155,322.52,0.41,0.37,2026-09-12,2014,SNPP,SNPP,n,2.0NRT,292.42,3.33,N
23.68542,86.39553,312.42,0.41,0.37,2026-09-12,2014,SNPP,SNPP,n,2.0NRT,291.71,2.05,N
23.68202,86.39486,323.74,0.41,0.37,2026-09-12,2014,SNPP,SNPP,n,2.0NRT,292.85,2.05,N
23.67794,86.39818,325.93,0.41,0.37,2026-09-12,2014,SNPP,SNPP,n,2.0NRT,293.57,2.26,N
23.67862,86.39417,317.72,0.41,0.37,2026-09-12,2014,SNPP,SNPP,n,2.0NRT,291.8,2.26,N
23.67726,86.40218,313.01,0.41,0.37,2026-09-12,2014,SNPP,SNPP,n,2.0NRT,292.01,1.43,N
23.67454,86.39751,310.79,0.41,0.37,2026-09-12,2014,SNPP,SNPP,n,2.0NRT,292.62,2.26,N
23.67385,86.40151,308.77,0.41,0.37,2026-09-12,2014,SNPP,SNPP,n,2.0NRT,291.88,1.43,N
23.75879,85.85697,307.48,0.4,0.37,2026-09-12,2014,SNPP,SNPP,n,2.0NRT,291.75,3.29,N
23.75609,85.85244,322.13,0.4,0.37,2026-09-12,2014,SNPP,SNPP,n,2.0NRT,293.42,4.37,N
23.75544,85.85631,307.84,0.4,0.37,2026-09-12,2014,SNPP,SNPP,n,2.0NRT,291.79,3.45,N
23.78876,85.55253,312.81,0.39,0.36,2026-09-12,2014,SNPP,SNPP,n,2.0NRT,291.43,1.02,N
23.78543,85.55188,311.24,0.39,0.36,2026-09-12,2014,SNPP,SNPP,n,2.0NRT,291.16,1.22,N
23.68042,86.09537,326.13,0.4,0.37,2026-09-12,2014,SNPP,SNPP,n,2.0NRT,290.87,3.21,N
23.68241,86.0836,307.57,0.4,0.37,2026-09-12,2014,SNPP,SNPP,n,2.0NRT,291.42,1.1,N
23.67842,86.10715,310.7,0.4,0.37,2026-09-12,2014,SNPP,SNPP,n,2.0NRT,290.62,0.57,N
23.67838,86.08684,304.16,0.4,0.37,2026-09-12,2014,SNPP,SNPP,n,2.0NRT,291.05,1.1,N
23.67505,86.10647,309.57,0.4,0.37,2026-09-12,2014,SNPP,SNPP,n,2.0NRT,290.56,0.57,N
23.67767,86.07047,304.57,0.4,0.37,2026-09-12,2014,SNPP,SNPP,n,2.0NRT,291.23,0.84,N
23.67501,86.08616,311.43,0.4,0.37,2026-09-12,2014,SNPP,SNPP,n,2.0NRT,291.12,1.6,N
24.20054,82.71329,299.67,0.41,0.37,2026-09-12,2014,SNPP,SNPP,n,2.0NRT,288.48,0.95,N
23.74516,85.50454,306.95,0.39,0.36,2026-09-12,2014,SNPP,SNPP,n,2.0NRT,290.56,0.82,N
23.54823,86.54303,305.88,0.42,0.37,2026-09-12,2014,SNPP,SNPP,n,2.0NRT,291.16,1.63,N
24.15983,82.56371,303.76,0.41,0.37,2026-09-12,2014,SNPP,SNPP,n,2.0NRT,290.3,1.34,N
24.15924,82.56773,308.36,0.41,0.37,2026-09-12,2014,SNPP,SNPP,n,2.0NRT,290.49,1.19,N
23.8263,84.57089,299.76,0.38,0.36,2026-09-12,2014,SNPP,SNPP,n,2.0NRT,287.75,1.21,N
23.6954,85.35757,304.61,0.39,0.36,2026-09-12,2014,SNPP,SNPP,n,2.0NRT,290.61,1.14,N
23.7391,85.00703,297.99,0.39,0.36,2026-09-12,2014,SNPP,SNPP,n,2.0NRT,273.74,0.38,N
23.65687,85.50741,309.63,0.39,0.36,2026-09-12,2014,SNPP,SNPP,n,2.0NRT,291.84,1.52,N
23.67653,85.32647,301.79,0.39,0.36,2026-09-12,2014,SNPP,SNPP,n,2.0NRT,282.84,0.31,N
23.67321,85.32582,297.7,0.39,0.36,2026-09-12,2014,SNPP,SNPP,n,2.0NRT,281.67,0.4,N
23.71864,85.00701,299.46,0.39,0.36,2026-09-12,2014,SNPP,SNPP,n,2.0NRT,273.42,0.43,N
23.64767,85.43868,304.17,0.39,0.36,2026-09-12,2014,SNPP,SNPP,n,2.0NRT,289.62,0.98,N
23.0312,86.15887,304.8,0.41,0.37,2026-09-12,2014,SNPP,SNPP,n,2.0NRT,290.73,0.6,N
27.37769,95.33535,303.9,0.35,0.57,2026-09-12,2014,SNPP,SNPP,n,2.0NRT,286.99,0.46,N
27.31674,95.26546,313.74,0.35,0.56,2026-09-12,2014,SNPP,SNPP,n,2.0NRT,286.97,0.7,N
28.89434,78.85506,305.99,0.46,0.47,2026-09-12,2014,SNPP,SNPP,n,2.0NRT,289.29,0.77,N
28.37121,77.22247,305.35,0.56,0.52,2026-09-12,2014,SNPP,SNPP,n,2.0NRT,289.22,1.64,N
28.37108,77.22758,304.21,0.56,0.52,2026-09-12,2014,SNPP,SNPP,n,2.0NRT,289.16,1.12,N
28.34656,77.23035,310.59,0.56,0.52,2026-09-12,2014,SNPP,SNPP,n,2.0NRT,289.6,1.73,N
26.64271,79.47958,308.23,0.4,0.44,2026-09-12,2014,SNPP,SNPP,n,2.0NRT,288.94,1.17,N
25.31061,83.01505,305.14,0.4,0.37,2026-09-12,2014,SNPP,SNPP,n,2.0NRT,286.6,0.75,N
24.92946,84.14631,309.7,0.39,0.36,2026-09-12,2014,SNPP,SNPP,n,2.0NRT,292.09,1.13,N
24.92139,84.1573,309.98,0.39,0.36,2026-09-12,2014,SNPP,SNPP,n,2.0NRT,291.51,1.33,N
23.80519,86.33186,308.47,0.41,0.37,2026-09-12,2014,SNPP,SNPP,n,2.0NRT,291.27,1.93,N
23.66359,87.15517,319.27,0.43,0.38,2026-09-12,2014,SNPP,SNPP,n,2.0NRT,291.38,1.93,N
23.66285,87.1594,311.49,0.44,0.38,2026-09-12,2014,SNPP,SNPP,n,2.0NRT,290.59,1.93,N
23.80314,86.32323,309.3,0.41,0.37,2026-09-12,2014,SNPP,SNPP,n,2.0NRT,290.59,1.87,N
23.80179,86.33117,318.18,0.41,0.37,2026-09-12,2014,SNPP,SNPP,n,2.0NRT,290.9,1.93,N
23.79435,86.35438,328.64,0.41,0.37,2026-09-12,2014,SNPP,SNPP,n,2.0NRT,292.15,3.71,N
23.79771,86.31393,304.67,0.41,0.37,2026-09-12,2014,SNPP,SNPP,n,2.0NRT,289.69,1.68,N
23.78078,86.37225,316.28,0.41,0.37,2026-09-12,2014,SNPP,SNPP,n,2.0NRT,292.02,2.6,N
23.77806,86.38817,315.36,0.41,0.37,2026-09-12,2014,SNPP,SNPP,n,2.0NRT,291.56,2.67,N
23.78145,86.34767,310.4,0.41,0.37,2026-09-12,2014,SNPP,SNPP,n,2.0NRT,291.56,1.17,N
23.77535,86.36292,327.04,0.41,0.37,2026-09-12,2014,SNPP,SNPP,n,2.0NRT,292.57,2.11,N
23.77806,86.347,309.89,0.41,0.37,2026-09-12,2014,SNPP,SNPP,n,2.0NRT,291,1.17,N
23.77467,86.36688,308.04,0.41,0.37,2026-09-12,2014,SNPP,SNPP,n,2.0NRT,291.27,2.11,N
23.76854,86.4028,308.46,0.41,0.37,2026-09-12,2014,SNPP,SNPP,n,2.0NRT,290.64,1.2,N
23.79357,86.2352,309.35,0.41,0.37,2026-09-12,2014,SNPP,SNPP,n,2.0NRT,290.59,1.53,N
23.77195,86.36222,305.82,0.41,0.37,2026-09-12,2014,SNPP,SNPP,n,2.0NRT,290.75,1.61,N
23.76651,86.39413,306.74,0.41,0.37,2026-09-12,2014,SNPP,SNPP,n,2.0NRT,292.96,1.45,N
23.76514,86.40211,311.36,0.41,0.37,2026-09-12,2014,SNPP,SNPP,n,2.0NRT,291.7,1.43,N
23.76447,86.40609,310.82,0.41,0.37,2026-09-12,2014,SNPP,SNPP,n,2.0NRT,291.59,1.43,N
23.76175,86.40143,325.12,0.41,0.37,2026-09-12,2014,SNPP,SNPP,n,2.0NRT,291.76,1.43,N
23.76311,86.39346,309.27,0.41,0.37,2026-09-12,2014,SNPP,SNPP,n,2.0NRT,292.56,1.45,N
23.76106,86.40541,310.76,0.41,0.37,2026-09-12,2014,SNPP,SNPP,n,2.0NRT,291.06,1.43,N
23.75767,86.40472,320.53,0.41,0.37,2026-09-12,2014,SNPP,SNPP,n,2.0NRT,292.11,1.55,N
23.75834,86.40075,313.14,0.41,0.37,2026-09-12,2014,SNPP,SNPP,n,2.0NRT,291.66,1.55,N
23.75426,86.40405,306.23,0.41,0.37,2026-09-12,2014,SNPP,SNPP,n,2.0NRT,291.22,1.55,N
23.7807,86.20808,311.37,0.41,0.37,2026-09-12,2014,SNPP,SNPP,n,2.0NRT,291.44,1.89,N
23.73857,86.43401,333.3,0.41,0.37,2026-09-12,2014,SNPP,SNPP,n,2.0NRT,293.45,3.11,N
23.77732,86.20741,307.77,0.41,0.37,2026-09-12,2014,SNPP,SNPP,n,2.0NRT,291.48,1.08,N
23.77665,86.21135,304.18,0.41,0.37,2026-09-12,2014,SNPP,SNPP,n,2.0NRT,290.72,1.08,N
23.73517,86.43333,315.19,0.41,0.37,2026-09-12,2014,SNPP,SNPP,n,2.0NRT,291.19,3.11,N
23.77257,86.19424,306.02,0.4,0.37,2026-09-12,2014,SNPP,SNPP,n,2.0NRT,290.89,1.27,N
23.7719,86.19817,314.1,0.4,0.37,2026-09-12,2014,SNPP,SNPP,n,2.0NRT,291.2,1.9,N
23.72359,86.43928,311.74,0.41,0.37,2026-09-12,2014,SNPP,SNPP,n,2.0NRT,292.08,2.38,N
21.92594,85.22472,314.86,0.4,0.37,2026-09-12,2017,SNPP,SNPP,n,2.0NRT,292.31,2.41,N
22.87266,86.06033,302.38,0.41,0.37,2026-09-12,2017,SNPP,SNPP,n,2.0NRT,287.84,0.58,N
22.87199,86.0643,305.44,0.41,0.37,2026-09-12,2017,SNPP,SNPP,n,2.0NRT,287.43,0.58,N
22.7981,86.20949,324.45,0.41,0.37,2026-09-12,2017,SNPP,SNPP,n,2.0NRT,291.48,1.24,N
22.79469,86.20879,316.32,0.41,0.37,2026-09-12,2017,SNPP,SNPP,n,2.0NRT,291.18,1.24,N
22.79129,86.20809,304.79,0.41,0.37,2026-09-12,2017,SNPP,SNPP,n,2.0NRT,291.6,1.25,N
22.79061,86.21207,312.24,0.41,0.37,2026-09-12,2017,SNPP,SNPP,n,2.0NRT,291.4,1.25,N
22.80829,86.08837,306.5,0.41,0.37,2026-09-12,2017,SNPP,SNPP,n,2.0NRT,291.16,1.29,N
22.78994,86.19548,306.63,0.41,0.37,2026-09-12,2017,SNPP,SNPP,n,2.0NRT,292.19,1.8,N
22.78925,86.19945,307.88,0.41,0.37,2026-09-12,2017,SNPP,SNPP,n,2.0NRT,292.48,1.32,N
22.78857,86.20341,307.5,0.41,0.37,2026-09-12,2017,SNPP,SNPP,n,2.0NRT,291.85,1.32,N
22.80083,86.09099,310.27,0.41,0.37,2026-09-12,2017,SNPP,SNPP,n,2.0NRT,292.19,1.55,N
22.37988,87.29131,310.57,0.45,0.39,2026-09-12,2017,SNPP,SNPP,n,2.0NRT,290.38,2.27,N
22.37868,87.27744,328.8,0.45,0.39,2026-09-12,2017,SNPP,SNPP,n,2.0NRT,291.39,5.62,N
22.37789,87.28181,321.47,0.45,0.39,2026-09-12,2017,SNPP,SNPP,n,2.0NRT,291.37,3.59,N
22.61032,85.91248,314.29,0.41,0.37,2026-09-12,2017,SNPP,SNPP,n,2.0NRT,292.26,1.96,N
22.36683,87.30225,310.93,0.46,0.39,2026-09-12,2017,SNPP,SNPP,n,2.0NRT,290.19,2.57,N
22.36327,87.30151,324.39,0.46,0.39,2026-09-12,2017,SNPP,SNPP,n,2.0NRT,289.18,2.57,N
22.3593,87.28251,308.84,0.45,0.39,2026-09-12,2017,SNPP,SNPP,n,2.0NRT,287.4,1.57,N
22.35772,87.29127,312.62,0.45,0.39,2026-09-12,2017,SNPP,SNPP,n,2.0NRT,289.03,2.05,N
22.59069,85.90456,306.11,0.41,0.37,2026-09-12,2017,SNPP,SNPP,n,2.0NRT,291.57,1.25,N
22.57409,85.89846,320.11,0.41,0.37,2026-09-12,2017,SNPP,SNPP,n,2.0NRT,292.78,1.2,N
22.57541,85.89064,306.4,0.41,0.37,2026-09-12,2017,SNPP,SNPP,n,2.0NRT,291.7,1.41,N
22.57475,85.89455,306.69,0.41,0.37,2026-09-12,2017,SNPP,SNPP,n,2.0NRT,292.07,1.41,N
22.57071,85.89777,306.49,0.41,0.37,2026-09-12,2017,SNPP,SNPP,n,2.0NRT,291.31,1.2,N
22.36408,87.01652,310.09,0.44,0.39,2026-09-12,2017,SNPP,SNPP,n,2.0NRT,291.55,2,N
22.36056,87.0158,311.15,0.44,0.39,2026-09-12,2017,SNPP,SNPP,n,2.0NRT,291.71,1.84,N
22.13222,85.38387,311.03,0.4,0.37,2026-09-12,2017,SNPP,SNPP,n,2.0NRT,290.14,0.71,N
22.2116,84.86497,300.16,0.39,0.36,2026-09-12,2017,SNPP,SNPP,n,2.0NRT,278.31,0.89,N
22.20956,84.86136,332.56,0.39,0.36,2026-09-12,2017,SNPP,SNPP,n,2.0NRT,281.4,1.94,N
22.20624,84.86073,303.34,0.39,0.36,2026-09-12,2017,SNPP,SNPP,n,2.0NRT,281.02,1.94,N
22.20475,84.84886,310.81,0.39,0.36,2026-09-12,2017,SNPP,SNPP,n,2.0NRT,283.99,1.23,N
21.99023,85.32662,305.03,0.4,0.37,2026-09-12,2017,SNPP,SNPP,n,2.0NRT,290.08,0.56,N
21.92991,85.22155,314.57,0.4,0.37,2026-09-12,2017,SNPP,SNPP,n,2.0NRT,292.04,1.2,N
21.8023,83.89389,304.02,0.38,0.36,2026-09-12,2017,SNPP,SNPP,n,2.0NRT,286.77,0.45,N
21.79413,83.881,305.26,0.38,0.36,2026-09-12,2017,SNPP,SNPP,n,2.0NRT,285.84,1.31,N
21.76467,84.02391,324.64,0.38,0.36,2026-09-12,2017,SNPP,SNPP,n,2.0NRT,286.02,2.5,N
21.76525,84.02021,305.16,0.38,0.36,2026-09-12,2017,SNPP,SNPP,n,2.0NRT,286.2,0.64,N
21.76195,84.01962,311.38,0.38,0.36,2026-09-12,2017,SNPP,SNPP,n,2.0NRT,284.52,0.98,N
21.75806,84.02271,299.62,0.38,0.36,2026-09-12,2017,SNPP,SNPP,n,2.0NRT,282.01,0.64,N
21.75475,84.02209,304.73,0.38,0.36,2026-09-12,2017,SNPP,SNPP,n,2.0NRT,282.01,0.72,N
21.75417,84.02579,309.3,0.38,0.36,2026-09-12,2017,SNPP,SNPP,n,2.0NRT,283.42,0.72,N
21.71428,84.04133,308.71,0.38,0.36,2026-09-12,2017,SNPP,SNPP,n,2.0NRT,289.63,0.91,N
21.6807,84.03948,308.54,0.38,0.36,2026-09-12,2017,SNPP,SNPP,n,2.0NRT,290.4,0.8,N
21.68011,84.04317,305.53,0.38,0.36,2026-09-12,2017,SNPP,SNPP,n,2.0NRT,289.7,0.8,N
21.6774,84.03888,317.35,0.38,0.36,2026-09-12,2017,SNPP,SNPP,n,2.0NRT,290.02,1.1,N
21.67351,84.04198,308.87,0.38,0.36,2026-09-12,2017,SNPP,SNPP,n,2.0NRT,290.04,1.1,N
21.00256,86.02729,303.25,0.42,0.38,2026-09-12,2017,SNPP,SNPP,n,2.0NRT,290.27,0.67,N
20.99911,86.02661,304.69,0.42,0.38,2026-09-12,2017,SNPP,SNPP,n,2.0NRT,289.68,0.67,N
20.97435,86.00518,314.19,0.42,0.38,2026-09-12,2017,SNPP,SNPP,n,2.0NRT,291.45,1.99,N
20.96953,86.01254,324.36,0.42,0.38,2026-09-12,2017,SNPP,SNPP,n,2.0NRT,292.49,2.79,N
20.97091,86.00451,311.62,0.42,0.38,2026-09-12,2017,SNPP,SNPP,n,2.0NRT,292.39,2.67,N
20.96814,86.02058,311.49,0.42,0.38,2026-09-12,2017,SNPP,SNPP,n,2.0NRT,291.87,2.49,N
20.96609,86.01186,318.25,0.42,0.38,2026-09-12,2017,SNPP,SNPP,n,2.0NRT,291.74,2.79,N
20.96334,86.00716,312.27,0.42,0.38,2026-09-12,2017,SNPP,SNPP,n,2.0NRT,292.06,2.09,N
20.96195,86.01521,309.98,0.42,0.38,2026-09-12,2017,SNPP,SNPP,n,2.0NRT,291.35,1.26,N
20.95294,86.04669,334.33,0.42,0.38,2026-09-12,2017,SNPP,SNPP,n,2.0NRT,292.45,3.01,N
20.95224,86.05075,314.07,0.42,0.38,2026-09-12,2017,SNPP,SNPP,n,2.0NRT,291.86,3.01,N
20.94949,86.04604,323.82,0.42,0.38,2026-09-12,2017,SNPP,SNPP,n,2.0NRT,291.41,2.22,N
20.94878,86.05009,311.67,0.42,0.38,2026-09-12,2017,SNPP,SNPP,n,2.0NRT,291.2,2.22,N
20.93979,86.06087,306.18,0.42,0.38,2026-09-12,2017,SNPP,SNPP,n,2.0NRT,292.05,1.43,N
21.08164,85.03528,307.46,0.4,0.37,2026-09-12,2017,SNPP,SNPP,n,2.0NRT,291.83,1.14,N
21.07829,85.03465,312.25,0.4,0.37,2026-09-12,2017,SNPP,SNPP,n,2.0NRT,293.31,1.14,N
21.07767,85.03843,314.69,0.4,0.37,2026-09-12,2017,SNPP,SNPP,n,2.0NRT,292.85,1.14,N
21.07704,85.04221,314.71,0.4,0.37,2026-09-12,2017,SNPP,SNPP,n,2.0NRT,291.72,2.17,N
21.07432,85.0378,310.74,0.4,0.37,2026-09-12,2017,SNPP,SNPP,n,2.0NRT,292.77,1.67,N
21.07369,85.04157,309.2,0.4,0.37,2026-09-12,2017,SNPP,SNPP,n,2.0NRT,291.51,1.59,N
20.9765,85.16814,317.71,0.4,0.37,2026-09-12,2017,SNPP,SNPP,n,2.0NRT,292.62,1.76,N
20.97586,85.17195,319.59,0.4,0.37,2026-09-12,2017,SNPP,SNPP,n,2.0NRT,292.78,1.31,N
20.97522,85.17574,307.47,0.4,0.37,2026-09-12,2017,SNPP,SNPP,n,2.0NRT,291.83,1.31,N
20.9789,85.13326,309,0.4,0.37,2026-09-12,2017,SNPP,SNPP,n,2.0NRT,292.7,1.52,N
20.97826,85.13706,312.15,0.4,0.37,2026-09-12,2017,SNPP,SNPP,n,2.0NRT,292.59,1.52,N
20.97186,85.17511,316.76,0.4,0.37,2026-09-12,2017,SNPP,SNPP,n,2.0NRT,292.54,1.31,N
20.9685,85.17447,343.92,0.4,0.37,2026-09-12,2017,SNPP,SNPP,n,2.0NRT,294,2.57,N
20.96914,85.17067,308.66,0.4,0.37,2026-09-12,2017,SNPP,SNPP,n,2.0NRT,292.09,2.57,N
20.96786,85.17827,307.53,0.4,0.37,2026-09-12,2017,SNPP,SNPP,n,2.0NRT,292.09,1.22,N
20.96594,85.18972,307.73,0.4,0.37,2026-09-12,2017,SNPP,SNPP,n,2.0NRT,291.97,2.48,N
20.96835,85.15481,327.59,0.4,0.37,2026-09-12,2017,SNPP,SNPP,n,2.0NRT,292.6,2.19,N
20.96322,85.18526,325.01,0.4,0.37,2026-09-12,2017,SNPP,SNPP,n,2.0NRT,292.87,2.48,N
20.96257,85.18909,338.76,0.4,0.37,2026-09-12,2017,SNPP,SNPP,n,2.0NRT,294.09,2.48,N
20.96643,85.16622,309.45,0.4,0.37,2026-09-12,2017,SNPP,SNPP,n,2.0NRT,292.28,1.5,N
20.96515,85.17383,309.01,0.4,0.37,2026-09-12,2017,SNPP,SNPP,n,2.0NRT,292.56,2.57,N
20.9645,85.17764,306.31,0.4,0.37,2026-09-12,2017,SNPP,SNPP,n,2.0NRT,292.55,1.22,N
20.96786,85.15176,321.31,0.4,0.37,2026-09-12,2017,SNPP,SNPP,n,2.0NRT,292.31,2.12,N
20.96407,85.17461,321.81,0.4,0.37,2026-09-12,2017,SNPP,SNPP,n,2.0NRT,293.18,1.46,N
20.96218,85.18604,334.36,0.4,0.37,2026-09-12,2017,SNPP,SNPP,n,2.0NRT,293.08,3.17,N
20.96154,85.18987,328.18,0.4,0.37,2026-09-12,2017,SNPP,SNPP,n,2.0NRT,292.85,3.17,N
20.96723,85.15557,308.38,0.4,0.37,2026-09-12,2017,SNPP,SNPP,n,2.0NRT,291.67,1.53,N
20.96597,85.16319,306.93,0.4,0.37,2026-09-12,2017,SNPP,SNPP,n,2.0NRT,292.11,1.23,N
20.96533,85.16698,319.03,0.4,0.37,2026-09-12,2017,SNPP,SNPP,n,2.0NRT,293.23,1.23,N
20.96344,85.17841,306.12,0.4,0.37,2026-09-12,2017,SNPP,SNPP,n,2.0NRT,292.38,2.4,N
20.96198,85.16634,307.01,0.4,0.37,2026-09-12,2017,SNPP,SNPP,n,2.0NRT,292.38,1.23,N
20.96135,85.17016,307.7,0.4,0.37,2026-09-12,2017,SNPP,SNPP,n,2.0NRT,292.64,1.46,N
20.96071,85.17396,309.75,0.4,0.37,2026-09-12,2017,SNPP,SNPP,n,2.0NRT,292.22,1.46,N
20.95699,85.00874,304.61,0.4,0.37,2026-09-12,2017,SNPP,SNPP,n,2.0NRT,291.27,1.11,N
20.95636,85.01252,314.59,0.4,0.37,2026-09-12,2017,SNPP,SNPP,n,2.0NRT,292.53,2.12,N
20.88923,84.98034,313.91,0.4,0.37,2026-09-12,2017,SNPP,SNPP,n,2.0NRT,292.16,1.2,N
20.88745,84.98,309.65,0.4,0.37,2026-09-12,2017,SNPP,SNPP,n,2.0NRT,292.12,1.45,N
20.88683,84.98378,316.5,0.4,0.37,2026-09-12,2017,SNPP,SNPP,n,2.0NRT,292.52,1.14,N
20.88348,84.98315,307.5,0.4,0.37,2026-09-12,2017,SNPP,SNPP,n,2.0NRT,292.23,1.14,N
20.86822,84.99197,312.29,0.4,0.37,2026-09-12,2017,SNPP,SNPP,n,2.0NRT,292.31,1.35,N
20.86424,84.99514,330.72,0.4,0.37,2026-09-12,2017,SNPP,SNPP,n,2.0NRT,293.17,2.75,N
20.8655,84.98754,312.6,0.4,0.37,2026-09-12,2017,SNPP,SNPP,n,2.0NRT,292.9,2.38,N
20.86487,84.99133,309.5,0.4,0.37,2026-09-12,2017,SNPP,SNPP,n,2.0NRT,292.34,2.38,N
20.86215,84.98692,334.13,0.4,0.37,2026-09-12,2017,SNPP,SNPP,n,2.0NRT,291.99,2.38,N
20.80709,85.25542,325.4,0.4,0.37,2026-09-12,2017,SNPP,SNPP,n,2.0NRT,293.45,3.13,N
20.80645,85.25925,306.55,0.4,0.37,2026-09-12,2017,SNPP,SNPP,n,2.0NRT,291.74,1.42,N
20.79972,85.25796,315.86,0.4,0.37,2026-09-12,2017,SNPP,SNPP,n,2.0NRT,291.6,1.14,N
20.79635,85.25731,305.14,0.4,0.37,2026-09-12,2017,SNPP,SNPP,n,2.0NRT,291.3,1.14,N
20.79362,85.25285,339.94,0.4,0.37,2026-09-12,2017,SNPP,SNPP,n,2.0NRT,292.85,5.89,N
20.78896,85.25988,305.65,0.4,0.37,2026-09-12,2017,SNPP,SNPP,n,2.0NRT,291.99,2.19,N
20.78767,85.26756,312.77,0.4,0.37,2026-09-12,2017,SNPP,SNPP,n,2.0NRT,291.99,1.68,N
20.78559,85.25925,308.8,0.4,0.37,2026-09-12,2017,SNPP,SNPP,n,2.0NRT,292.24,1.25,N
20.78495,85.26309,319.78,0.4,0.37,2026-09-12,2017,SNPP,SNPP,n,2.0NRT,292.29,2.72,N
20.76164,85.29824,312.55,0.4,0.37,2026-09-12,2017,SNPP,SNPP,n,2.0NRT,290.92,1.14,N
20.75891,85.29375,306.55,0.4,0.37,2026-09-12,2017,SNPP,SNPP,n,2.0NRT,289.85,1.11,N
20.75826,85.29758,310.62,0.4,0.37,2026-09-12,2017,SNPP,SNPP,n,2.0NRT,290.04,1.11,N
15.18691,76.65974,296.41,0.42,0.45,2026-09-12,2019,SNPP,SNPP,n,2.0NRT,270.54,0.71,N
15.18168,76.66698,302.65,0.42,0.45,2026-09-12,2019,SNPP,SNPP,n,2.0NRT,268.52,0.75,N
15.17381,76.69381,295.21,0.42,0.45,2026-09-12,2019,SNPP,SNPP,n,2.0NRT,268.19,0.23,N
15.1749,76.65414,301.32,0.42,0.45,2026-09-12,2019,SNPP,SNPP,n,2.0NRT,269.92,0.45,N
15.17437,76.65804,298.29,0.42,0.45,2026-09-12,2019,SNPP,SNPP,n,2.0NRT,270.44,0.45,N
15.17293,76.37693,298.76,0.44,0.46,2026-09-12,2019,SNPP,SNPP,n,2.0NRT,276.57,0.56,N
15.16814,76.38044,303.41,0.44,0.46,2026-09-12,2019,SNPP,SNPP,n,2.0NRT,278.28,1.56,N
14.58845,78.57951,311.22,0.48,0.4,2026-09-12,2019,SNPP,SNPP,n,2.0NRT,295.38,9.62,N
15.65777,73.9874,304.1,0.63,0.54,2026-09-12,2019,SNPP,SNPP,n,2.0NRT,288.92,1.15,N
15.659,73.98737,305.29,0.63,0.54,2026-09-12,2019,SNPP,SNPP,n,2.0NRT,289.26,1.14,N
13.29275,78.005,330.52,0.62,0.72,2026-09-13,0726,SNPP,SNPP,n,2.0NRT,273.46,2.75,D
11.51971,77.19726,331.51,0.76,0.77,2026-09-13,0726,SNPP,SNPP,n,2.0NRT,273.59,5.26,D
11.52328,77.19559,338.04,0.76,0.77,2026-09-13,0726,SNPP,SNPP,n,2.0NRT,273.2,4.7,D
21.74854,83.84378,339.36,0.56,0.43,2026-09-13,0729,SNPP,SNPP,n,2.0NRT,294.91,8.41,D
21.76223,83.85188,328.88,0.56,0.43,2026-09-13,0729,SNPP,SNPP,n,2.0NRT,294.85,6.33,D
22.57471,85.89218,334.45,0.43,0.38,2026-09-13,0729,SNPP,SNPP,n,2.0NRT,293.88,7.49,D
23.68204,86.09431,335.29,0.42,0.37,2026-09-13,0729,SNPP,SNPP,n,2.0NRT,287.37,3.75,D
24.19585,82.71654,332.02,0.39,0.44,2026-09-13,0729,SNPP,SNPP,n,2.0NRT,293.19,4.25,D
31.87933,78.38251,340.37,0.49,0.49,2026-09-13,0729,SNPP,SNPP,n,2.0NRT,297.25,8.56,D
20.76136,85.29738,331.07,0.48,0.4,2026-09-13,0729,SNPP,SNPP,l,2.0NRT,297.4,8.78,D
20.863,84.99017,328.02,0.5,0.41,2026-09-13,0729,SNPP,SNPP,l,2.0NRT,295.91,5.02,D
31.12459,74.60937,334.58,0.42,0.61,2026-09-13,0731,SNPP,SNPP,n,2.0NRT,294.39,5.49,D
31.12239,74.60079,330.56,0.42,0.61,2026-09-13,0731,SNPP,SNPP,n,2.0NRT,294.98,2.78,D
31.1207,74.60992,335.31,0.42,0.61,2026-09-13,0731,SNPP,SNPP,n,2.0NRT,294.42,4.14,D
27.32437,95.27544,307.77,0.55,0.43,2026-09-13,1953,SNPP,SNPP,n,2.0NRT,284.63,2.16,N
26.77183,94.50758,305.58,0.52,0.41,2026-09-13,1953,SNPP,SNPP,n,2.0NRT,290.19,1.2,N
23.66276,87.15872,311.45,0.41,0.37,2026-09-13,1955,SNPP,SNPP,n,2.0NRT,289.86,0.99,N
23.76825,86.40244,312.51,0.44,0.38,2026-09-13,1955,SNPP,SNPP,n,2.0NRT,289.74,2.88,N
23.76764,86.40674,304.43,0.44,0.38,2026-09-13,1955,SNPP,SNPP,n,2.0NRT,282.45,2,N
23.76413,86.40616,328.1,0.44,0.38,2026-09-13,1955,SNPP,SNPP,n,2.0NRT,291.09,2,N
23.76473,86.40186,317.35,0.44,0.38,2026-09-13,1955,SNPP,SNPP,n,2.0NRT,290.25,2.88,N
23.76122,86.40128,324.78,0.44,0.38,2026-09-13,1955,SNPP,SNPP,n,2.0NRT,290.65,2.68,N
23.75771,86.40068,306.62,0.44,0.38,2026-09-13,1955,SNPP,SNPP,n,2.0NRT,289.82,2.68,N
23.7571,86.40497,318.8,0.44,0.38,2026-09-13,1955,SNPP,SNPP,n,2.0NRT,290.53,3.48,N
23.75178,86.41717,309.33,0.43,0.38,2026-09-13,1955,SNPP,SNPP,n,2.0NRT,290.53,2.61,N
23.73886,86.4324,325.57,0.43,0.38,2026-09-13,1955,SNPP,SNPP,n,2.0NRT,291.59,3.49,N
23.73826,86.43665,310.93,0.43,0.38,2026-09-13,1955,SNPP,SNPP,n,2.0NRT,290.86,1.61,N
23.73595,86.42755,309,0.43,0.38,2026-09-13,1955,SNPP,SNPP,n,2.0NRT,290.31,2.25,N
23.73535,86.43181,319.56,0.43,0.38,2026-09-13,1955,SNPP,SNPP,n,2.0NRT,291.03,2.25,N
24.20284,82.71186,306.91,0.45,0.47,2026-09-13,1955,SNPP,SNPP,n,2.0NRT,289.99,1.61,N
24.19794,82.71615,321.32,0.45,0.47,2026-09-13,1955,SNPP,SNPP,n,2.0NRT,289.56,1.61,N
23.72363,86.43855,309,0.43,0.38,2026-09-13,1955,SNPP,SNPP,n,2.0NRT,290.3,2.06,N
24.20606,82.52725,303.42,0.47,0.47,2026-09-13,1955,SNPP,SNPP,n,2.0NRT,288.99,0.59,N
23.71132,86.44952,308.42,0.43,0.38,2026-09-13,1955,SNPP,SNPP,n,2.0NRT,291.08,1.98,N
24.32612,81.32758,298.76,0.55,0.51,2026-09-13,1955,SNPP,SNPP,n,2.0NRT,279.95,0.6,N
24.18184,82.66359,303.47,0.46,0.47,2026-09-13,1955,SNPP,SNPP,n,2.0NRT,289.67,0.93,N
24.16845,82.62519,303.89,0.46,0.47,2026-09-13,1955,SNPP,SNPP,n,2.0NRT,288.9,0.8,N
24.16357,82.6292,302.86,0.46,0.47,2026-09-13,1955,SNPP,SNPP,n,2.0NRT,289.37,0.8,N
23.56012,87.23943,343.68,0.41,0.37,2026-09-13,1955,SNPP,SNPP,n,2.0NRT,290.39,8.92,N
23.5607,87.23544,308.73,0.41,0.37,2026-09-13,1955,SNPP,SNPP,n,2.0NRT,289.85,1.07,N
23.67572,86.39562,305.17,0.43,0.38,2026-09-13,1955,SNPP,SNPP,n,2.0NRT,288.86,2.33,N
23.55672,87.23885,311.43,0.41,0.37,2026-09-13,1955,SNPP,SNPP,n,2.0NRT,289.72,1.19,N
23.55614,87.24284,313.74,0.41,0.37,2026-09-13,1955,SNPP,SNPP,n,2.0NRT,290.55,1.19,N
23.55274,87.24224,307.42,0.41,0.37,2026-09-13,1955,SNPP,SNPP,n,2.0NRT,290.88,1.19,N
23.67558,86.39755,304.68,0.43,0.38,2026-09-13,1955,SNPP,SNPP,n,2.0NRT,287.49,2.48,N
23.67497,86.40179,303.18,0.43,0.38,2026-09-13,1955,SNPP,SNPP,n,2.0NRT,288.67,1.67,N
23.56211,87.08519,317.4,0.41,0.37,2026-09-13,1955,SNPP,SNPP,n,2.0NRT,290.87,2.44,N
23.58239,86.72541,314.01,0.42,0.38,2026-09-13,1955,SNPP,SNPP,n,2.0NRT,290.97,1.87,N
23.48319,87.36163,307.62,0.4,0.37,2026-09-13,1955,SNPP,SNPP,n,2.0NRT,291.76,1.28,N
23.16427,82.33958,319.08,0.46,0.47,2026-09-13,1955,SNPP,SNPP,n,2.0NRT,288.34,3.26,N
22.38112,87.29224,307.28,0.4,0.37,2026-09-13,1955,SNPP,SNPP,n,2.0NRT,289.85,0.91,N
22.38004,87.27615,313.34,0.4,0.37,2026-09-13,1955,SNPP,SNPP,n,2.0NRT,290.82,1.3,N
22.37946,87.28002,317.19,0.4,0.37,2026-09-13,1955,SNPP,SNPP,n,2.0NRT,291.13,2.01,N
22.37609,87.27944,332.16,0.4,0.37,2026-09-13,1955,SNPP,SNPP,n,2.0NRT,292.76,3.97,N
22.37666,87.27557,307.15,0.4,0.37,2026-09-13,1955,SNPP,SNPP,n,2.0NRT,291.4,1.09,N
22.36591,87.30152,328.04,0.4,0.37,2026-09-13,1955,SNPP,SNPP,n,2.0NRT,292.41,2.16,N
22.36254,87.30094,309.56,0.4,0.37,2026-09-13,1955,SNPP,SNPP,n,2.0NRT,290.61,2.16,N
22.3575,87.28816,312.82,0.4,0.37,2026-09-13,1955,SNPP,SNPP,n,2.0NRT,291,1.46,N
22.35805,87.27732,305.7,0.4,0.37,2026-09-13,1955,SNPP,SNPP,n,2.0NRT,290.67,0.82,N
22.35631,87.28893,305.43,0.4,0.37,2026-09-13,1955,SNPP,SNPP,n,2.0NRT,290.42,0.79,N
22.36531,87.01859,316.18,0.41,0.37,2026-09-13,1955,SNPP,SNPP,n,2.0NRT,290.63,1.92,N
22.36192,87.018,320.65,0.41,0.37,2026-09-13,1955,SNPP,SNPP,n,2.0NRT,290.99,2.29,N
22.24472,87.38838,311.93,0.4,0.37,2026-09-13,1955,SNPP,SNPP,n,2.0NRT,291.32,1.1,N
22.21108,84.83997,304.41,0.49,0.4,2026-09-13,1955,SNPP,SNPP,n,2.0NRT,289.1,1.65,N
22.33335,82.60513,305.7,0.44,0.46,2026-09-13,1955,SNPP,SNPP,n,2.0NRT,288.62,0.69,N
22.33004,82.6066,316.32,0.44,0.46,2026-09-13,1955,SNPP,SNPP,n,2.0NRT,288.66,2.32,N
22.35786,82.30442,310.5,0.46,0.47,2026-09-13,1955,SNPP,SNPP,n,2.0NRT,288.43,0.89,N
22.33037,82.5325,303.26,0.44,0.46,2026-09-13,1955,SNPP,SNPP,n,2.0NRT,288.47,0.61,N
22.32307,82.59263,306.44,0.44,0.46,2026-09-13,1955,SNPP,SNPP,n,2.0NRT,288.78,1.02,N
22.32191,82.56638,306.55,0.44,0.46,2026-09-13,1955,SNPP,SNPP,n,2.0NRT,289.63,1.32,N
22.31816,82.5615,305.44,0.44,0.46,2026-09-13,1955,SNPP,SNPP,n,2.0NRT,288.66,1.84,N
22.31764,82.56581,311.66,0.44,0.46,2026-09-13,1955,SNPP,SNPP,n,2.0NRT,289.45,1.32,N
21.92538,85.22469,301.32,0.47,0.4,2026-09-13,1955,SNPP,SNPP,n,2.0NRT,286.75,0.96,N
21.53155,86.83215,306.56,0.41,0.37,2026-09-13,1955,SNPP,SNPP,n,2.0NRT,291.4,1.31,N
21.766,84.0172,309.18,0.54,0.42,2026-09-13,1955,SNPP,SNPP,n,2.0NRT,288.38,3.6,N
21.76146,84.02184,309.82,0.53,0.42,2026-09-13,1955,SNPP,SNPP,n,2.0NRT,289.01,3.29,N
21.74827,83.84332,296.36,0.55,0.42,2026-09-13,1955,SNPP,SNPP,n,2.0NRT,261.86,1.07,N
21.7487,83.84174,298.1,0.55,0.42,2026-09-13,1955,SNPP,SNPP,n,2.0NRT,262.21,0.73,N
21.71474,84.0393,303.95,0.53,0.42,2026-09-13,1955,SNPP,SNPP,n,2.0NRT,289.19,0.76,N
21.68311,84.03979,306.02,0.53,0.42,2026-09-13,1955,SNPP,SNPP,n,2.0NRT,289.38,1.32,N
21.67924,84.03922,311.38,0.53,0.42,2026-09-13,1955,SNPP,SNPP,n,2.0NRT,289.6,1.32,N
21.6215,81.79205,303.42,0.48,0.48,2026-09-13,1955,SNPP,SNPP,n,2.0NRT,287.37,0.72,N
21.00114,86.02699,306.53,0.43,0.38,2026-09-13,1955,SNPP,SNPP,n,2.0NRT,284.73,1.5,N
20.97566,86.00607,310.33,0.43,0.38,2026-09-13,1955,SNPP,SNPP,n,2.0NRT,286.56,1.73,N
20.97276,86.00142,312.46,0.43,0.38,2026-09-13,1955,SNPP,SNPP,n,2.0NRT,283.44,1.73,N
20.96752,86.01312,327.69,0.43,0.38,2026-09-13,1955,SNPP,SNPP,n,2.0NRT,289.03,4.44,N
20.95183,86.04818,300.78,0.42,0.38,2026-09-13,1955,SNPP,SNPP,n,2.0NRT,278.75,0.59,N
21.48572,81.76661,302.12,0.48,0.48,2026-09-13,1955,SNPP,SNPP,n,2.0NRT,286.01,2.39,N
21.37561,81.67847,304.88,0.49,0.48,2026-09-13,1955,SNPP,SNPP,n,2.0NRT,285.71,2.98,N
21.37541,81.63982,307.09,0.49,0.48,2026-09-13,1955,SNPP,SNPP,n,2.0NRT,286.01,1.77,N
21.37735,81.68028,306.24,0.48,0.48,2026-09-13,1955,SNPP,SNPP,n,2.0NRT,285.67,2.13,N
21.34775,81.66187,305.85,0.49,0.48,2026-09-13,1955,SNPP,SNPP,n,2.0NRT,280.49,2.23,N
20.9553,86.04876,304.31,0.42,0.38,2026-09-13,1955,SNPP,SNPP,n,2.0NRT,281.74,0.59,N
28.37308,77.22578,311.37,0.55,0.68,2026-09-13,1955,SNPP,SNPP,n,2.0NRT,286.62,1.48,N
26.64284,79.47813,305.36,0.38,0.59,2026-09-13,1955,SNPP,SNPP,n,2.0NRT,281.9,0.41,N
25.03788,87.38869,307.12,0.41,0.37,2026-09-13,1955,SNPP,SNPP,n,2.0NRT,290.75,1.46,N
24.9248,84.15372,306.19,0.57,0.43,2026-09-13,1955,SNPP,SNPP,n,2.0NRT,290.53,4.25,N
24.12,86.86421,302.93,0.42,0.38,2026-09-13,1955,SNPP,SNPP,n,2.0NRT,290.8,0.77,N
23.80391,86.32772,321.02,0.44,0.38,2026-09-13,1955,SNPP,SNPP,n,2.0NRT,291.79,2.86,N
23.80332,86.33203,334.3,0.44,0.38,2026-09-13,1955,SNPP,SNPP,n,2.0NRT,292.02,4.64,N
23.80451,86.32339,306.65,0.44,0.38,2026-09-13,1955,SNPP,SNPP,n,2.0NRT,290.7,2.86,N
23.69641,87.09315,315.12,0.41,0.37,2026-09-13,1955,SNPP,SNPP,n,2.0NRT,291.27,1.86,N
23.69468,87.10525,308.78,0.41,0.37,2026-09-13,1955,SNPP,SNPP,n,2.0NRT,291.08,2.25,N
23.69295,87.11732,310.05,0.41,0.37,2026-09-13,1955,SNPP,SNPP,n,2.0NRT,290.88,2.58,N
23.69237,87.12135,316.74,0.41,0.37,2026-09-13,1955,SNPP,SNPP,n,2.0NRT,291.4,2.66,N
23.79744,86.34859,310.81,0.44,0.38,2026-09-13,1955,SNPP,SNPP,n,2.0NRT,291.14,1.68,N
23.79684,86.3529,303.65,0.44,0.38,2026-09-13,1955,SNPP,SNPP,n,2.0NRT,283.16,1.68,N
23.69184,87.10062,305.87,0.41,0.37,2026-09-13,1955,SNPP,SNPP,n,2.0NRT,290.45,1.33,N
23.68895,87.12075,315.38,0.41,0.37,2026-09-13,1955,SNPP,SNPP,n,2.0NRT,290.79,1.74,N
23.68841,87.10004,308.91,0.41,0.37,2026-09-13,1955,SNPP,SNPP,n,2.0NRT,290.62,1.33,N
23.68553,87.12016,306.76,0.41,0.37,2026-09-13,1955,SNPP,SNPP,n,2.0NRT,290.05,1.74,N
23.78098,86.38973,313.77,0.44,0.38,2026-09-13,1955,SNPP,SNPP,n,2.0NRT,288.13,2.59,N
23.7806,86.39144,314.58,0.44,0.38,2026-09-13,1955,SNPP,SNPP,n,2.0NRT,290.06,2.21,N
23.77769,86.3866,313.76,0.44,0.38,2026-09-13,1955,SNPP,SNPP,n,2.0NRT,290.27,2.06,N
23.77709,86.39085,319.68,0.44,0.38,2026-09-13,1955,SNPP,SNPP,n,2.0NRT,290.45,3.22,N
23.66618,87.15931,307.16,0.41,0.37,2026-09-13,1955,SNPP,SNPP,n,2.0NRT,290.14,0.99,N
23.66335,87.1547,328.53,0.41,0.37,2026-09-13,1955,SNPP,SNPP,n,2.0NRT,291.14,3.22,N
23.77418,86.38599,307.67,0.44,0.38,2026-09-13,1955,SNPP,SNPP,n,2.0NRT,289.04,2.06,N
21.34719,81.66659,313.34,0.49,0.48,2026-09-13,1955,SNPP,SNPP,n,2.0NRT,281.44,1.93,N
21.19621,81.41589,307.35,0.5,0.49,2026-09-13,1955,SNPP,SNPP,n,2.0NRT,285.13,1.35,N
21.18984,81.39027,298.68,0.5,0.49,2026-09-13,1955,SNPP,SNPP,n,2.0NRT,280.76,0.71,N
21.19493,81.41876,306.05,0.5,0.49,2026-09-13,1955,SNPP,SNPP,n,2.0NRT,286.74,0.94,N
21.18022,81.38721,310.17,0.5,0.49,2026-09-13,1955,SNPP,SNPP,n,2.0NRT,287.76,2.01,N
17.61007,83.20281,307.36,0.53,0.42,2026-09-13,1957,SNPP,SNPP,n,2.0NRT,280.06,1.78,N
17.60621,83.20224,303.65,0.53,0.42,2026-09-13,1957,SNPP,SNPP,n,2.0NRT,279.84,1.78,N
31.24984,76.92884,300.08,0.38,0.59,2026-09-13,2133,SNPP,SNPP,n,2.0NRT,287.47,0.3,N
29.12362,75.77895,306.31,0.37,0.58,2026-09-13,2136,SNPP,SNPP,n,2.0NRT,290.19,0.65,N
27.00325,70.81197,311.77,0.42,0.45,2026-09-13,2136,SNPP,SNPP,n,2.0NRT,290.74,2.16,N
27.76889,76.25789,343.38,0.42,0.61,2026-09-13,2136,SNPP,SNPP,n,2.0NRT,288.88,4.41,N
22.93492,69.69862,315.71,0.43,0.46,2026-09-13,2138,SNPP,SNPP,n,2.0NRT,279.81,1.52,N
22.93465,69.70101,308.54,0.43,0.46,2026-09-13,2138,SNPP,SNPP,n,2.0NRT,280.13,2.52,N
22.93077,69.69767,305.39,0.43,0.46,2026-09-13,2138,SNPP,SNPP,n,2.0NRT,279.25,1.52,N
20.86523,84.98661,327.74,0.32,0.54,2026-09-14,0707,SNPP,SNPP,n,2.0NRT,286.82,2.38,D
20.96399,85.19006,330.15,0.62,0.54,2026-09-14,0707,SNPP,SNPP,n,2.0NRT,291.94,8.04,D
20.97139,85.176,329.96,0.62,0.54,2026-09-14,0707,SNPP,SNPP,n,2.0NRT,291.52,12.11,D
20.96438,85.18786,328.85,0.62,0.54,2026-09-14,0707,SNPP,SNPP,n,2.0NRT,291.92,5.91,D
17.5983,83.18493,347.2,0.48,0.65,2026-09-14,0707,SNPP,SNPP,n,2.0NRT,290.45,6.76,D
17.60156,83.18497,336.35,0.48,0.65,2026-09-14,0707,SNPP,SNPP,n,2.0NRT,290.44,7.07,D
28.10505,95.51579,331.65,0.46,0.39,2026-09-14,0709,SNPP,SNPP,n,2.0NRT,295.62,2.86,D
27.37767,95.3363,336.66,0.45,0.39,2026-09-14,0709,SNPP,SNPP,n,2.0NRT,295.02,5.54,D
28.13535,96.59023,331.7,0.52,0.42,2026-09-14,0709,SNPP,SNPP,n,2.0NRT,292.39,6.3,D
27.0319,94.89224,331.25,0.43,0.38,2026-09-14,0709,SNPP,SNPP,n,2.0NRT,292.41,2.24,D
25.13784,94.06382,329.57,0.4,0.37,2026-09-14,0709,SNPP,SNPP,n,2.0NRT,297.71,1.85,D
23.73668,86.43643,328.8,0.46,0.47,2026-09-14,0709,SNPP,SNPP,n,2.0NRT,294.83,3.91,D
23.69364,87.12219,329.01,0.42,0.45,2026-09-14,0709,SNPP,SNPP,n,2.0NRT,297.63,5.37,D
22.37731,87.28133,334.03,0.43,0.46,2026-09-14,0709,SNPP,SNPP,n,2.0NRT,294.62,6.16,D
22.36387,87.30157,332.7,0.43,0.46,2026-09-14,0709,SNPP,SNPP,n,2.0NRT,296.53,5.6,D
22.3633,87.30112,332.45,0.43,0.46,2026-09-14,0709,SNPP,SNPP,n,2.0NRT,296.88,4.89,D
28.84286,78.82959,351.66,0.5,0.66,2026-09-14,0712,SNPP,SNPP,n,2.0NRT,287.28,10.52,D
12.1599,77.08751,335.36,0.49,0.48,2026-09-14,0845,SNPP,SNPP,n,2.0NRT,290.93,2.56,D
10.58596,77.47468,335.91,0.49,0.49,2026-09-14,0845,SNPP,SNPP,n,2.0NRT,294.37,3.36,D
12.99218,76.12268,351.11,0.43,0.46,2026-09-14,0848,SNPP,SNPP,n,2.0NRT,304.85,7.79,D
18.01446,75.23695,336.1,0.44,0.46,2026-09-14,0848,SNPP,SNPP,n,2.0NRT,284.74,2.78,D
16.26682,78.06293,331.3,0.32,0.55,2026-09-14,0848,SNPP,SNPP,n,2.0NRT,298.84,0.98,D
15.96467,76.64512,338.41,0.51,0.49,2026-09-14,0848,SNPP,SNPP,n,2.0NRT,302.44,6.84,D
15.59263,76.72092,337.81,0.51,0.49,2026-09-14,0848,SNPP,SNPP,n,2.0NRT,306.06,11.21,D
14.60289,77.20931,341.82,0.53,0.5,2026-09-14,0848,SNPP,SNPP,n,2.0NRT,307.06,7.4,D
14.98026,77.67973,339.1,0.58,0.52,2026-09-14,0848,SNPP,SNPP,n,2.0NRT,300.88,10.99,D
15.17592,76.65578,333.75,0.5,0.49,2026-09-14,0848,SNPP,SNPP,l,2.0NRT,307.25,4.36,D
15.37479,75.96941,338.72,0.45,0.47,2026-09-14,0848,SNPP,SNPP,n,2.0NRT,303.55,10.11,D
15.37652,75.97082,340.52,0.45,0.47,2026-09-14,0848,SNPP,SNPP,n,2.0NRT,309.25,13.29,D
15.62385,76.98132,334.76,0.53,0.5,2026-09-14,0848,SNPP,SNPP,l,2.0NRT,307.04,4.54,D
12.98795,76.12327,351.03,0.43,0.46,2026-09-14,0848,SNPP,SNPP,n,2.0NRT,304.8,6.13,D
13.71349,78.21307,335.94,0.61,0.53,2026-09-14,0848,SNPP,SNPP,n,2.0NRT,301.05,4.09,D
13.715,78.21195,339.29,0.61,0.53,2026-09-14,0848,SNPP,SNPP,n,2.0NRT,301.57,4.66,D
13.78507,77.39103,338.61,0.54,0.5,2026-09-14,0848,SNPP,SNPP,n,2.0NRT,305.12,7.36,D
13.78582,76.8893,335.74,0.5,0.49,2026-09-14,0848,SNPP,SNPP,n,2.0NRT,303.78,3.38,D
13.87963,77.44249,345.82,0.54,0.51,2026-09-14,0848,SNPP,SNPP,n,2.0NRT,304.46,6.08,D
13.95288,77.52271,336.51,0.55,0.51,2026-09-14,0848,SNPP,SNPP,n,2.0NRT,306.28,5.57,D
14.04912,76.51514,344.21,0.47,0.48,2026-09-14,0848,SNPP,SNPP,n,2.0NRT,307.37,12.08,D
14.3943,76.73463,341.45,0.49,0.49,2026-09-14,0848,SNPP,SNPP,n,2.0NRT,307.06,5.53,D
14.39193,76.73648,343.98,0.49,0.49,2026-09-14,0848,SNPP,SNPP,n,2.0NRT,307.93,9.88,D
15.38841,75.17694,334.14,0.41,0.45,2026-09-14,0848,SNPP,SNPP,l,2.0NRT,306.77,2.82,D
22.35759,82.30507,329.83,0.71,0.75,2026-09-14,0850,SNPP,SNPP,n,2.0NRT,286.86,7.98,D
22.35564,82.30373,328.43,0.71,0.75,2026-09-14,0850,SNPP,SNPP,n,2.0NRT,287.44,8.16,D
27.43854,70.56213,339.88,0.48,0.4,2026-09-14,0852,SNPP,SNPP,l,2.0NRT,311.19,8.39,D
27.43793,70.55732,340.66,0.48,0.4,2026-09-14,0852,SNPP,SNPP,l,2.0NRT,311.27,8.81,D
31.50077,75.02708,341.1,0.62,0.54,2026-09-14,0852,SNPP,SNPP,n,2.0NRT,294.41,6.01,D
34.01701,75.52268,356.76,0.36,0.57,2026-09-14,0854,SNPP,SNPP,n,2.0NRT,298.98,6.33,D
34.01609,75.5239,367,0.36,0.57,2026-09-14,0854,SNPP,SNPP,h,2.0NRT,300.12,7.86,D
25.54119,91.23531,303.76,0.45,0.39,2026-09-14,1936,SNPP,SNPP,n,2.0NRT,281.46,0.86,N
25.47433,94.44122,297.82,0.38,0.36,2026-09-14,1936,SNPP,SNPP,n,2.0NRT,285.93,0.35,N
25.47762,94.44185,316.02,0.38,0.36,2026-09-14,1936,SNPP,SNPP,n,2.0NRT,286.2,0.89,N
26.64482,79.47797,302.66,0.75,0.77,2026-09-14,1936,SNPP,SNPP,n,2.0NRT,285.07,1.59,N
20.96452,85.16294,309.42,0.58,0.52,2026-09-14,1938,SNPP,SNPP,n,2.0NRT,289.23,1.95,N
24.11522,86.86143,314.97,0.49,0.49,2026-09-14,1938,SNPP,SNPP,n,2.0NRT,291.12,3.19,N
24.11384,86.85915,311.37,0.49,0.49,2026-09-14,1938,SNPP,SNPP,n,2.0NRT,290.86,2.54,N
24.45109,83.03879,304.65,0.43,0.62,2026-09-14,1938,SNPP,SNPP,n,2.0NRT,287.64,0.65,N
24.20353,82.71224,303.57,0.45,0.63,2026-09-14,1938,SNPP,SNPP,n,2.0NRT,287.59,1.23,N
24.19722,82.71703,308.97,0.45,0.63,2026-09-14,1938,SNPP,SNPP,n,2.0NRT,287.29,1.23,N
24.20539,82.71142,306.7,0.45,0.63,2026-09-14,1938,SNPP,SNPP,n,2.0NRT,287.71,2.22,N
24.19908,82.71587,312.22,0.45,0.63,2026-09-14,1938,SNPP,SNPP,n,2.0NRT,287.63,2.06,N
23.80707,86.32977,308.17,0.53,0.5,2026-09-14,1938,SNPP,SNPP,n,2.0NRT,290.92,2.47,N
23.80242,86.32916,321.62,0.53,0.5,2026-09-14,1938,SNPP,SNPP,n,2.0NRT,291.06,2.47,N
23.803,86.32384,310.43,0.53,0.5,2026-09-14,1938,SNPP,SNPP,n,2.0NRT,290.8,3.68,N
23.80015,86.35001,308.57,0.53,0.5,2026-09-14,1938,SNPP,SNPP,n,2.0NRT,290.96,1.71,N
23.79551,86.34934,305.39,0.53,0.5,2026-09-14,1938,SNPP,SNPP,n,2.0NRT,290.62,1.51,N
23.79494,86.35463,307.95,0.53,0.5,2026-09-14,1938,SNPP,SNPP,n,2.0NRT,290.67,1.51,N
23.7817,86.38998,317.73,0.52,0.5,2026-09-14,1938,SNPP,SNPP,n,2.0NRT,291.69,3.42,N
23.77707,86.38933,321.6,0.52,0.5,2026-09-14,1938,SNPP,SNPP,n,2.0NRT,291.32,3.42,N
23.77483,86.41007,305.06,0.52,0.5,2026-09-14,1938,SNPP,SNPP,n,2.0NRT,290.44,0.91,N
23.77526,86.36253,318.71,0.53,0.5,2026-09-14,1938,SNPP,SNPP,n,2.0NRT,291.15,3.41,N
23.7747,86.36778,313.76,0.52,0.5,2026-09-14,1938,SNPP,SNPP,n,2.0NRT,290.93,2.38,N
23.77078,86.40417,308.03,0.52,0.5,2026-09-14,1938,SNPP,SNPP,n,2.0NRT,291.1,3.63,N
23.69287,87.11047,307.74,0.47,0.48,2026-09-14,1938,SNPP,SNPP,n,2.0NRT,291.55,1.77,N
23.69235,87.1151,306.83,0.47,0.48,2026-09-14,1938,SNPP,SNPP,n,2.0NRT,291.33,1.28,N
23.69183,87.11974,313.31,0.47,0.48,2026-09-14,1938,SNPP,SNPP,n,2.0NRT,291.65,1.28,N
23.6913,87.12441,308.66,0.47,0.48,2026-09-14,1938,SNPP,SNPP,n,2.0NRT,291.22,2.44,N
23.76615,86.40356,331.32,0.52,0.5,2026-09-14,1938,SNPP,SNPP,n,2.0NRT,291.75,3.63,N
23.76727,86.39314,306.77,0.52,0.5,2026-09-14,1938,SNPP,SNPP,n,2.0NRT,291.65,3.28,N
23.76558,86.40883,306.24,0.52,0.5,2026-09-14,1938,SNPP,SNPP,n,2.0NRT,290.9,2.01,N
23.6895,87.10058,312.99,0.47,0.48,2026-09-14,1938,SNPP,SNPP,n,2.0NRT,291.61,3.06,N
23.68742,87.11912,307.35,0.47,0.48,2026-09-14,1938,SNPP,SNPP,n,2.0NRT,291.06,1.28,N
23.78223,86.20867,306.51,0.54,0.51,2026-09-14,1938,SNPP,SNPP,n,2.0NRT,291.11,1.66,N
23.76265,86.39248,305.98,0.52,0.5,2026-09-14,1938,SNPP,SNPP,n,2.0NRT,291.26,1.88,N
23.76209,86.39769,307.07,0.52,0.5,2026-09-14,1938,SNPP,SNPP,n,2.0NRT,291.21,2,N
23.76153,86.40295,316.59,0.52,0.5,2026-09-14,1938,SNPP,SNPP,n,2.0NRT,291.26,2,N
23.68196,87.12782,306.39,0.47,0.48,2026-09-14,1938,SNPP,SNPP,n,2.0NRT,291.23,1.01,N
23.77756,86.20798,313,0.54,0.51,2026-09-14,1938,SNPP,SNPP,n,2.0NRT,291.03,1.66,N
23.77699,86.21335,304.7,0.54,0.51,2026-09-14,1938,SNPP,SNPP,n,2.0NRT,290.04,1.66,N
23.75691,86.40227,306.92,0.52,0.5,2026-09-14,1938,SNPP,SNPP,n,2.0NRT,290.78,2,N
23.77401,86.19659,306.76,0.54,0.51,2026-09-14,1938,SNPP,SNPP,n,2.0NRT,290.86,2.27,N
23.75063,86.41724,316.27,0.52,0.5,2026-09-14,1938,SNPP,SNPP,n,2.0NRT,291.17,3.06,N
23.66564,87.15379,313.96,0.47,0.48,2026-09-14,1938,SNPP,SNPP,n,2.0NRT,292.03,1.55,N
23.66512,87.15846,311.67,0.47,0.48,2026-09-14,1938,SNPP,SNPP,n,2.0NRT,291.35,1.57,N
23.83867,85.46996,308.3,0.6,0.53,2026-09-14,1938,SNPP,SNPP,n,2.0NRT,290.16,1.83,N
23.73976,86.43137,311.32,0.52,0.5,2026-09-14,1938,SNPP,SNPP,n,2.0NRT,291.24,2.47,N
23.73921,86.43653,312.35,0.52,0.5,2026-09-14,1938,SNPP,SNPP,n,2.0NRT,291.29,1.87,N
23.73514,86.43074,313.44,0.52,0.5,2026-09-14,1938,SNPP,SNPP,n,2.0NRT,290.8,2.47,N
23.7346,86.43587,306.01,0.52,0.5,2026-09-14,1938,SNPP,SNPP,n,2.0NRT,291.18,1.87,N
23.72483,86.43978,314.38,0.52,0.5,2026-09-14,1938,SNPP,SNPP,n,2.0NRT,291.72,3.08,N
23.71724,86.42298,315.42,0.52,0.5,2026-09-14,1938,SNPP,SNPP,n,2.0NRT,291.06,2.97,N
23.71507,86.44365,307.35,0.52,0.5,2026-09-14,1938,SNPP,SNPP,n,2.0NRT,290.82,3.91,N
23.71399,86.45398,306.84,0.52,0.5,2026-09-14,1938,SNPP,SNPP,n,2.0NRT,291.06,1.21,N
23.73559,86.43439,322.63,0.52,0.5,2026-09-14,1938,SNPP,SNPP,n,2.0NRT,291.08,2.72,N
23.73617,86.42926,309.42,0.52,0.5,2026-09-14,1938,SNPP,SNPP,n,2.0NRT,290.74,2.72,N
23.83691,85.46898,305.66,0.6,0.53,2026-09-14,1938,SNPP,SNPP,n,2.0NRT,289.38,1.53,N
23.77477,85.99797,305.61,0.55,0.51,2026-09-14,1938,SNPP,SNPP,n,2.0NRT,290.09,1.58,N
23.72579,86.4383,310.27,0.52,0.5,2026-09-14,1938,SNPP,SNPP,n,2.0NRT,291.11,4.42,N
23.72293,86.42216,306.39,0.52,0.5,2026-09-14,1938,SNPP,SNPP,n,2.0NRT,291.54,2.59,N
23.71831,86.42155,313.53,0.52,0.5,2026-09-14,1938,SNPP,SNPP,n,2.0NRT,291.13,1.63,N
23.716,86.44219,307.8,0.52,0.5,2026-09-14,1938,SNPP,SNPP,n,2.0NRT,291.08,1.7,N
23.71484,86.45251,309.67,0.52,0.5,2026-09-14,1938,SNPP,SNPP,n,2.0NRT,291.24,3.53,N
23.71369,86.42095,307.16,0.52,0.5,2026-09-14,1938,SNPP,SNPP,n,2.0NRT,290.97,1.63,N
23.75638,85.85515,314.66,0.56,0.52,2026-09-14,1938,SNPP,SNPP,n,2.0NRT,290.65,3.57,N
23.84001,84.94863,310.23,0.32,0.55,2026-09-14,1938,SNPP,SNPP,n,2.0NRT,288.48,0.83,N
23.68424,86.39064,311.49,0.52,0.5,2026-09-14,1938,SNPP,SNPP,n,2.0NRT,290.96,2.04,N
23.68366,86.3959,310.99,0.52,0.5,2026-09-14,1938,SNPP,SNPP,n,2.0NRT,291.44,2.04,N
23.67905,86.39524,310.36,0.52,0.5,2026-09-14,1938,SNPP,SNPP,n,2.0NRT,291.21,2.04,N
23.67849,86.40038,317.57,0.52,0.5,2026-09-14,1938,SNPP,SNPP,n,2.0NRT,291.82,2.8,N
23.8254,84.94028,302.26,0.32,0.55,2026-09-14,1938,SNPP,SNPP,n,2.0NRT,288.51,0.4,N
23.61278,86.78856,307.05,0.49,0.49,2026-09-14,1938,SNPP,SNPP,n,2.0NRT,291.53,1.78,N
23.68323,86.09106,308.22,0.54,0.51,2026-09-14,1938,SNPP,SNPP,n,2.0NRT,290.57,1.84,N
23.68266,86.09644,310.67,0.54,0.51,2026-09-14,1938,SNPP,SNPP,n,2.0NRT,290.27,1.84,N
23.55795,87.2392,310.18,0.46,0.47,2026-09-14,1938,SNPP,SNPP,n,2.0NRT,291.26,1.7,N
23.67681,86.10667,322.04,0.54,0.51,2026-09-14,1938,SNPP,SNPP,n,2.0NRT,290.43,3.54,N
23.82952,84.57415,309.06,0.34,0.56,2026-09-14,1938,SNPP,SNPP,n,2.0NRT,288.11,0.77,N
23.67908,86.08509,309.84,0.55,0.51,2026-09-14,1938,SNPP,SNPP,n,2.0NRT,291.12,2.57,N
23.55307,87.24316,307.87,0.46,0.47,2026-09-14,1938,SNPP,SNPP,n,2.0NRT,292.21,1.58,N
23.55255,87.24771,307.01,0.46,0.47,2026-09-14,1938,SNPP,SNPP,n,2.0NRT,292.1,1.47,N
23.82464,84.57004,305.56,0.34,0.56,2026-09-14,1938,SNPP,SNPP,n,2.0NRT,287.81,0.77,N
23.82432,84.57346,306.54,0.34,0.56,2026-09-14,1938,SNPP,SNPP,n,2.0NRT,288.13,0.77,N
23.56182,87.08543,312.07,0.47,0.48,2026-09-14,1938,SNPP,SNPP,n,2.0NRT,291.9,2.66,N
23.58311,86.72481,309.42,0.5,0.49,2026-09-14,1938,SNPP,SNPP,n,2.0NRT,291.51,2.11,N
23.66751,86.09367,305.03,0.54,0.51,2026-09-14,1938,SNPP,SNPP,n,2.0NRT,289.82,0.67,N
23.58233,86.72322,305.88,0.5,0.49,2026-09-14,1938,SNPP,SNPP,n,2.0NRT,291.38,1.61,N
23.73823,85.01056,306.38,0.32,0.55,2026-09-14,1938,SNPP,SNPP,n,2.0NRT,288.36,1.41,N
23.69679,85.36584,303.6,0.61,0.53,2026-09-14,1938,SNPP,SNPP,n,2.0NRT,288.86,1.19,N
23.72338,85.00546,302.16,0.32,0.55,2026-09-14,1938,SNPP,SNPP,n,2.0NRT,287.87,0.67,N
23.64943,85.43832,318.91,0.6,0.53,2026-09-14,1938,SNPP,SNPP,n,2.0NRT,289.62,3.22,N
23.66804,84.99532,303.39,0.32,0.55,2026-09-14,1938,SNPP,SNPP,n,2.0NRT,287.99,1.13,N
23.66774,84.99841,304.6,0.32,0.55,2026-09-14,1938,SNPP,SNPP,n,2.0NRT,288.34,0.7,N
23.66268,84.99783,303.68,0.32,0.55,2026-09-14,1938,SNPP,SNPP,n,2.0NRT,287.8,0.79,N
23.6691,84.99674,305.99,0.32,0.54,2026-09-14,1938,SNPP,SNPP,n,2.0NRT,288.63,1.02,N
23.66372,84.99924,314.27,0.32,0.54,2026-09-14,1938,SNPP,SNPP,n,2.0NRT,288.55,1.02,N
22.87222,88.21207,307.7,0.4,0.44,2026-09-14,1938,SNPP,SNPP,n,2.0NRT,292.63,0.76,N
23.16576,82.33776,304.85,0.47,0.64,2026-09-14,1938,SNPP,SNPP,n,2.0NRT,287.1,1.55,N
22.79571,86.20775,332.02,0.52,0.5,2026-09-14,1938,SNPP,SNPP,n,2.0NRT,289.54,4.04,N
22.79681,86.19747,306.74,0.52,0.5,2026-09-14,1938,SNPP,SNPP,n,2.0NRT,290.29,2.07,N
22.79218,86.19689,313.34,0.52,0.5,2026-09-14,1938,SNPP,SNPP,n,2.0NRT,290.39,2.07,N
22.79859,86.09229,306.44,0.53,0.5,2026-09-14,1938,SNPP,SNPP,n,2.0NRT,290.01,1.36,N
22.78237,86.20087,305.75,0.52,0.5,2026-09-14,1938,SNPP,SNPP,n,2.0NRT,290.48,2.63,N
22.79747,86.20689,315.52,0.52,0.5,2026-09-14,1938,SNPP,SNPP,n,2.0NRT,289.81,2.57,N
22.80116,86.09171,313.07,0.53,0.5,2026-09-14,1938,SNPP,SNPP,n,2.0NRT,290.43,2.85,N
22.78938,86.19547,314.94,0.52,0.5,2026-09-14,1938,SNPP,SNPP,n,2.0NRT,290.11,3.15,N
22.60946,85.91406,302.15,0.54,0.51,2026-09-14,1938,SNPP,SNPP,n,2.0NRT,289.62,2.16,N
22.57178,85.89764,312.57,0.54,0.51,2026-09-14,1938,SNPP,SNPP,n,2.0NRT,290.25,4.46,N
22.37853,87.27845,337.42,0.44,0.46,2026-09-14,1938,SNPP,SNPP,n,2.0NRT,294.04,5.51,N
22.36743,87.29887,329.39,0.44,0.46,2026-09-14,1938,SNPP,SNPP,n,2.0NRT,293.04,3.63,N
22.36693,87.30319,306.69,0.44,0.46,2026-09-14,1938,SNPP,SNPP,n,2.0NRT,292.32,1.45,N
22.36315,87.29827,309.43,0.44,0.46,2026-09-14,1938,SNPP,SNPP,n,2.0NRT,291.94,1.69,N
22.35987,87.28902,309.25,0.44,0.46,2026-09-14,1938,SNPP,SNPP,n,2.0NRT,292.05,1.21,N
22.36365,87.01866,315.16,0.46,0.47,2026-09-14,1938,SNPP,SNPP,n,2.0NRT,291.49,2.08,N
22.24551,87.38818,307.62,0.43,0.46,2026-09-14,1938,SNPP,SNPP,n,2.0NRT,291.98,1,N
22.05473,88.12352,314.63,0.39,0.44,2026-09-14,1938,SNPP,SNPP,n,2.0NRT,293.68,1.65,N
22.05426,88.12731,317.4,0.39,0.44,2026-09-14,1938,SNPP,SNPP,n,2.0NRT,292.96,0.84,N
22.13378,85.38084,304.64,0.58,0.52,2026-09-14,1938,SNPP,SNPP,n,2.0NRT,288.58,0.94,N
22.20993,84.54901,304.1,0.33,0.55,2026-09-14,1938,SNPP,SNPP,n,2.0NRT,288.63,0.74,N
22.2018,84.57719,306.89,0.33,0.55,2026-09-14,1938,SNPP,SNPP,n,2.0NRT,288.48,0.55,N
22.33164,82.6065,313.99,0.44,0.62,2026-09-14,1938,SNPP,SNPP,n,2.0NRT,288.43,1.4,N
22.32117,82.59234,312.79,0.44,0.62,2026-09-14,1938,SNPP,SNPP,n,2.0NRT,288.01,1.86,N
22.31764,82.56564,307.32,0.44,0.62,2026-09-14,1938,SNPP,SNPP,n,2.0NRT,288.15,2.22,N
22.32171,82.59111,317.56,0.44,0.62,2026-09-14,1938,SNPP,SNPP,n,2.0NRT,288.26,1.75,N
22.31836,82.56446,312.09,0.44,0.62,2026-09-14,1938,SNPP,SNPP,n,2.0NRT,288.39,2.19,N
21.92798,85.22099,304.71,0.59,0.53,2026-09-14,1938,SNPP,SNPP,n,2.0NRT,288.61,1.86,N
21.93033,85.22063,305.91,0.59,0.53,2026-09-14,1938,SNPP,SNPP,n,2.0NRT,288.66,1.4,N
22.06839,83.70524,304.61,0.37,0.58,2026-09-14,1938,SNPP,SNPP,n,2.0NRT,288.68,0.46,N
22.03858,83.73116,311,0.37,0.58,2026-09-14,1938,SNPP,SNPP,n,2.0NRT,289.37,0.96,N
22.03823,83.73479,305.68,0.37,0.58,2026-09-14,1938,SNPP,SNPP,n,2.0NRT,288.96,0.96,N
22.03178,83.74506,303.73,0.37,0.58,2026-09-14,1938,SNPP,SNPP,n,2.0NRT,289.27,0.96,N
22.01461,83.75395,303.57,0.37,0.58,2026-09-14,1938,SNPP,SNPP,n,2.0NRT,288.54,0.81,N
22.03606,83.35328,306.08,0.39,0.59,2026-09-14,1938,SNPP,SNPP,n,2.0NRT,289.14,1.53,N
22.0295,83.36396,304.11,0.39,0.59,2026-09-14,1938,SNPP,SNPP,n,2.0NRT,289.25,1.22,N
22.03696,83.34937,303.45,0.39,0.59,2026-09-14,1938,SNPP,SNPP,n,2.0NRT,289,1.21,N
22.03658,83.35319,309.09,0.39,0.59,2026-09-14,1938,SNPP,SNPP,n,2.0NRT,289.49,1.93,N
22.02994,83.36388,306.08,0.39,0.59,2026-09-14,1938,SNPP,SNPP,n,2.0NRT,288.73,1.81,N
21.95258,83.8076,303.63,0.36,0.58,2026-09-14,1938,SNPP,SNPP,n,2.0NRT,288.71,0.61,N
21.98516,83.36628,303.04,0.39,0.59,2026-09-14,1938,SNPP,SNPP,n,2.0NRT,288.7,0.89,N
21.98677,83.2332,306.32,0.4,0.6,2026-09-14,1938,SNPP,SNPP,n,2.0NRT,288.69,1.13,N
22.00492,82.66667,304.68,0.43,0.62,2026-09-14,1938,SNPP,SNPP,n,2.0NRT,288.08,1.21,N
22.00453,82.67102,303.64,0.43,0.62,2026-09-14,1938,SNPP,SNPP,n,2.0NRT,287.91,0.78,N
21.92534,83.35132,304.44,0.39,0.59,2026-09-14,1938,SNPP,SNPP,n,2.0NRT,288.97,1.46,N
21.92019,83.34682,316.8,0.39,0.59,2026-09-14,1938,SNPP,SNPP,n,2.0NRT,289.15,1.46,N
21.91983,83.35065,314.44,0.39,0.59,2026-09-14,1938,SNPP,SNPP,n,2.0NRT,289.7,1.46,N
21.9267,83.33707,308.77,0.39,0.59,2026-09-14,1938,SNPP,SNPP,n,2.0NRT,288.83,1.78,N
21.92004,83.34795,319.48,0.39,0.59,2026-09-14,1938,SNPP,SNPP,n,2.0NRT,289.49,1.58,N
21.91966,83.35177,311.19,0.39,0.59,2026-09-14,1938,SNPP,SNPP,n,2.0NRT,290.17,1.58,N
21.83947,83.98271,307.1,0.35,0.57,2026-09-14,1938,SNPP,SNPP,n,2.0NRT,288.85,0.94,N
21.87717,83.55614,303.88,0.38,0.58,2026-09-14,1938,SNPP,SNPP,n,2.0NRT,288.89,0.66,N
21.87764,83.4959,308.74,0.38,0.59,2026-09-14,1938,SNPP,SNPP,n,2.0NRT,289.27,0.69,N
21.79596,83.88212,305.79,0.36,0.57,2026-09-14,1938,SNPP,SNPP,n,2.0NRT,288.78,1.32,N
21.77165,84.0201,308.84,0.35,0.57,2026-09-14,1938,SNPP,SNPP,n,2.0NRT,289.3,0.8,N
21.76638,84.01948,316.25,0.35,0.57,2026-09-14,1938,SNPP,SNPP,n,2.0NRT,289.6,1.34,N
21.76111,84.01883,307.92,0.35,0.57,2026-09-14,1938,SNPP,SNPP,n,2.0NRT,289.7,1.34,N
21.75551,84.02162,306.15,0.35,0.57,2026-09-14,1938,SNPP,SNPP,n,2.0NRT,289.66,1.7,N
21.75517,84.0251,308.26,0.35,0.57,2026-09-14,1938,SNPP,SNPP,n,2.0NRT,289.29,1.06,N
21.76147,83.84935,312.28,0.36,0.57,2026-09-14,1938,SNPP,SNPP,n,2.0NRT,289.36,1.32,N
21.75633,84.02273,314.45,0.35,0.57,2026-09-14,1938,SNPP,SNPP,n,2.0NRT,289.76,2.12,N
21.76386,83.84732,308.47,0.36,0.57,2026-09-14,1938,SNPP,SNPP,n,2.0NRT,289.18,1.11,N
21.7635,83.8508,305.74,0.36,0.57,2026-09-14,1938,SNPP,SNPP,n,2.0NRT,289.3,1.05,N
21.7589,83.84319,309.39,0.36,0.57,2026-09-14,1938,SNPP,SNPP,n,2.0NRT,289.49,1.11,N
21.74824,83.84205,305.51,0.36,0.57,2026-09-14,1938,SNPP,SNPP,n,2.0NRT,289.34,0.94,N
21.68026,84.03762,315.06,0.35,0.57,2026-09-14,1938,SNPP,SNPP,n,2.0NRT,289.85,1.26,N
21.67991,84.04109,307.72,0.35,0.57,2026-09-14,1938,SNPP,SNPP,n,2.0NRT,289.17,1.26,N
21.67232,82.07858,311.21,0.46,0.64,2026-09-14,1938,SNPP,SNPP,n,2.0NRT,287.94,1.76,N
21.62278,81.79402,302.87,0.48,0.65,2026-09-14,1938,SNPP,SNPP,n,2.0NRT,288.24,0.53,N
21.00011,86.0254,306.81,0.51,0.49,2026-09-14,1938,SNPP,SNPP,n,2.0NRT,289.68,1.55,N
21.08011,85.03389,307.72,0.59,0.53,2026-09-14,1938,SNPP,SNPP,n,2.0NRT,289.33,1.61,N
21.07948,85.03963,307.79,0.59,0.53,2026-09-14,1938,SNPP,SNPP,n,2.0NRT,289.28,1.61,N
20.96987,86.00432,309.08,0.51,0.49,2026-09-14,1938,SNPP,SNPP,n,2.0NRT,289.6,1.47,N
20.96929,86.00925,308.88,0.51,0.49,2026-09-14,1938,SNPP,SNPP,n,2.0NRT,290.42,1.47,N
20.96871,86.0142,308.91,0.51,0.49,2026-09-14,1938,SNPP,SNPP,n,2.0NRT,290.67,1.58,N
20.96814,86.01912,311.27,0.51,0.49,2026-09-14,1938,SNPP,SNPP,n,2.0NRT,290.16,1.58,N
20.96528,86.00378,332.35,0.51,0.49,2026-09-14,1938,SNPP,SNPP,n,2.0NRT,290.31,4.39,N
21.07459,85.03903,304.98,0.59,0.53,2026-09-14,1938,SNPP,SNPP,n,2.0NRT,289.09,2.65,N
21.07395,85.04485,307.51,0.59,0.53,2026-09-14,1938,SNPP,SNPP,n,2.0NRT,288.81,2.06,N
20.96471,86.0087,319.14,0.51,0.49,2026-09-14,1938,SNPP,SNPP,n,2.0NRT,290.47,4.39,N
20.95099,86.04692,321.55,0.51,0.49,2026-09-14,1938,SNPP,SNPP,n,2.0NRT,290.19,4.67,N
20.94019,86.06023,307.02,0.51,0.49,2026-09-14,1938,SNPP,SNPP,n,2.0NRT,290.35,1.98,N
21.37746,81.63812,303.92,0.49,0.65,2026-09-14,1938,SNPP,SNPP,n,2.0NRT,287.65,1.08,N
21.37704,81.64302,303.86,0.49,0.65,2026-09-14,1938,SNPP,SNPP,n,2.0NRT,287.46,1.08,N
21.37405,81.67725,304.61,0.49,0.65,2026-09-14,1938,SNPP,SNPP,n,2.0NRT,287.48,2.74,N
21.34452,81.66414,306.49,0.49,0.65,2026-09-14,1938,SNPP,SNPP,n,2.0NRT,287.3,1.15,N
20.97661,85.1706,309.42,0.58,0.52,2026-09-14,1938,SNPP,SNPP,n,2.0NRT,289.16,1.85,N
21.34411,81.66356,306.56,0.49,0.65,2026-09-14,1938,SNPP,SNPP,n,2.0NRT,287.16,0.88,N
20.97841,85.1703,307.93,0.58,0.52,2026-09-14,1938,SNPP,SNPP,n,2.0NRT,288.98,1.46,N
20.96873,85.16914,305.64,0.58,0.52,2026-09-14,1938,SNPP,SNPP,n,2.0NRT,289.04,2.2,N
20.96809,85.17483,318.61,0.58,0.52,2026-09-14,1938,SNPP,SNPP,n,2.0NRT,289.3,4.66,N
20.96621,85.19154,304.82,0.57,0.52,2026-09-14,1938,SNPP,SNPP,n,2.0NRT,288.99,1.29,N
20.96388,85.16862,309.75,0.58,0.52,2026-09-14,1938,SNPP,SNPP,n,2.0NRT,289.67,1.95,N
20.96325,85.17423,308.69,0.58,0.52,2026-09-14,1938,SNPP,SNPP,n,2.0NRT,289.67,3.08,N
20.962,85.18542,309.62,0.58,0.52,2026-09-14,1938,SNPP,SNPP,n,2.0NRT,289.45,1.7,N
20.96138,85.19091,309.78,0.57,0.52,2026-09-14,1938,SNPP,SNPP,n,2.0NRT,289.17,1.7,N
21.30769,81.59084,304.96,0.49,0.65,2026-09-14,1938,SNPP,SNPP,n,2.0NRT,287.29,1.29,N
20.95657,85.01227,305.53,0.59,0.53,2026-09-14,1938,SNPP,SNPP,n,2.0NRT,289.24,2.1,N
20.89054,84.98092,313.62,0.59,0.53,2026-09-14,1938,SNPP,SNPP,n,2.0NRT,288.81,2.55,N
20.88844,84.97826,312.54,0.59,0.53,2026-09-14,1938,SNPP,SNPP,n,2.0NRT,288.7,2.64,N
20.8878,84.98393,315.21,0.59,0.53,2026-09-14,1938,SNPP,SNPP,n,2.0NRT,289.14,1.94,N
20.8829,84.98341,309.6,0.59,0.53,2026-09-14,1938,SNPP,SNPP,n,2.0NRT,288.92,1.94,N
20.80816,85.25826,308.91,0.57,0.52,2026-09-14,1938,SNPP,SNPP,n,2.0NRT,289.31,1.67,N
20.79435,85.25103,310.88,0.57,0.52,2026-09-14,1938,SNPP,SNPP,n,2.0NRT,289.04,1.91,N
20.78836,85.2613,309.02,0.57,0.52,2026-09-14,1938,SNPP,SNPP,n,2.0NRT,289.86,3.08,N
20.78776,85.26681,306.34,0.57,0.52,2026-09-14,1938,SNPP,SNPP,n,2.0NRT,289.38,1.42,N
20.76083,85.29119,305.46,0.56,0.52,2026-09-14,1938,SNPP,SNPP,n,2.0NRT,288.66,2.06,N
20.76023,85.29678,314.22,0.56,0.52,2026-09-14,1938,SNPP,SNPP,n,2.0NRT,289.04,2.92,N
20.76081,85.2962,318.04,0.56,0.52,2026-09-14,1938,SNPP,SNPP,n,2.0NRT,288.61,4.33,N
17.59933,83.18109,307.48,0.35,0.57,2026-09-14,1938,SNPP,SNPP,n,2.0NRT,289.39,1.89,N
17.59897,83.18446,310.69,0.35,0.57,2026-09-14,1938,SNPP,SNPP,n,2.0NRT,289.3,0.95,N
17.60055,83.18222,317.47,0.35,0.57,2026-09-14,1938,SNPP,SNPP,n,2.0NRT,289.11,2.19,N
17.60016,83.18559,303.24,0.35,0.57,2026-09-14,1938,SNPP,SNPP,n,2.0NRT,289.5,0.8,N
13.16096,80.28231,302.06,0.48,0.65,2026-09-14,1940,SNPP,SNPP,n,2.0NRT,281.8,0.77,N
31.26009,76.92488,300.56,0.41,0.45,2026-09-14,2116,SNPP,SNPP,n,2.0NRT,288.06,0.57,N
31.25031,76.93048,304.67,0.41,0.45,2026-09-14,2116,SNPP,SNPP,n,2.0NRT,288.18,0.72,N
27.28798,73.83923,309.78,0.5,0.41,2026-09-14,2116,SNPP,SNPP,n,2.0NRT,295.05,1.86,N
26.6403,79.48196,305.39,0.36,0.57,2026-09-14,2116,SNPP,SNPP,n,2.0NRT,287.98,0.49,N
26.64113,79.47839,303.58,0.36,0.57,2026-09-14,2116,SNPP,SNPP,n,2.0NRT,287.6,0.68,N
26.64549,79.48349,303.99,0.36,0.57,2026-09-14,2116,SNPP,SNPP,n,2.0NRT,287.97,0.49,N
27.66681,76.13074,309.73,0.44,0.46,2026-09-14,2116,SNPP,SNPP,n,2.0NRT,292.92,2.07,N
28.3478,77.23093,311.99,0.49,0.49,2026-09-14,2116,SNPP,SNPP,n,2.0NRT,291.74,1.8,N
28.37185,77.2271,304.63,0.49,0.48,2026-09-14,2116,SNPP,SNPP,n,2.0NRT,291.31,1.05,N
28.77263,77.56545,308.75,0.5,0.49,2026-09-14,2116,SNPP,SNPP,n,2.0NRT,291.06,0.78,N
22.35967,82.3056,309.04,0.66,0.73,2026-09-14,2118,SNPP,SNPP,n,2.0NRT,285.46,3.25,N
22.35548,82.30425,312.57,0.66,0.73,2026-09-14,2118,SNPP,SNPP,n,2.0NRT,285.58,2.12,N
22.35713,82.29786,304.28,0.66,0.73,2026-09-14,2118,SNPP,SNPP,n,2.0NRT,285.44,2.12,N
22.31172,82.53,302.05,0.68,0.74,2026-09-14,2118,SNPP,SNPP,n,2.0NRT,285.69,1.41,N
23.16423,82.34449,304.06,0.64,0.72,2026-09-14,2118,SNPP,SNPP,n,2.0NRT,285.79,1.86,N
23.16586,82.3381,315,0.64,0.72,2026-09-14,2118,SNPP,SNPP,n,2.0NRT,286.08,1.86,N
24.16052,82.56312,304.04,0.63,0.72,2026-09-14,2118,SNPP,SNPP,n,2.0NRT,285.69,1.05,N
24.19525,82.7155,304.02,0.64,0.72,2026-09-14,2118,SNPP,SNPP,n,2.0NRT,285.64,1.31,N
26.25674,74.0959,306.38,0.54,0.42,2026-09-14,2118,SNPP,SNPP,n,2.0NRT,286.13,1.19,N
26.87749,73.5162,307.84,0.49,0.4,2026-09-14,2118,SNPP,SNPP,n,2.0NRT,291.14,3.91,N
22.36127,82.29922,307.4,0.66,0.73,2026-09-14,2118,SNPP,SNPP,n,2.0NRT,285.76,3.97,N
22.26578,75.13512,299.26,0.48,0.48,2026-09-14,2118,SNPP,SNPP,n,2.0NRT,281.27,0.87,N
22.26523,75.13352,303.03,0.48,0.48,2026-09-14,2118,SNPP,SNPP,n,2.0NRT,282.09,1.4,N
21.18645,81.39151,301.91,0.62,0.71,2026-09-14,2118,SNPP,SNPP,n,2.0NRT,285.24,3.27,N
21.1929,81.39339,300.15,0.62,0.71,2026-09-14,2118,SNPP,SNPP,n,2.0NRT,284.32,1.81,N
21.37414,81.64196,304.14,0.63,0.72,2026-09-14,2118,SNPP,SNPP,n,2.0NRT,285.87,1.94,N
21.37818,81.68219,306.02,0.64,0.72,2026-09-14,2118,SNPP,SNPP,n,2.0NRT,285.88,1.12,N
21.92258,83.3521,313.13,0.78,0.78,2026-09-14,2118,SNPP,SNPP,n,2.0NRT,285.24,3.73,N
21.92643,83.33698,301.82,0.78,0.78,2026-09-14,2118,SNPP,SNPP,n,2.0NRT,285.02,4.4,N
21.91865,83.34875,306.94,0.78,0.78,2026-09-14,2118,SNPP,SNPP,n,2.0NRT,285.24,2.7,N
21.92768,83.34326,303.6,0.78,0.78,2026-09-14,2118,SNPP,SNPP,n,2.0NRT,285.43,2.7,N
18.68415,73.0302,314.97,0.41,0.45,2026-09-14,2121,SNPP,SNPP,n,2.0NRT,290.99,1.72,N
18.6909,73.03973,305.41,0.42,0.45,2026-09-14,2121,SNPP,SNPP,n,2.0NRT,290.6,1.55,N
18.68826,73.03106,307.05,0.41,0.45,2026-09-14,2121,SNPP,SNPP,n,2.0NRT,291.36,2.15,N
15.33474,76.28601,302.94,0.39,0.59,2026-09-14,2121,SNPP,SNPP,n,2.0NRT,290.9,0.81,N
15.33622,76.27875,309.54,0.38,0.59,2026-09-14,2121,SNPP,SNPP,n,2.0NRT,290.84,0.9,N
15.33695,76.27518,303.69,0.38,0.59,2026-09-14,2121,SNPP,SNPP,n,2.0NRT,290.78,0.9,N
15.17753,77.1048,302.12,0.44,0.62,2026-09-14,2121,SNPP,SNPP,n,2.0NRT,289.38,1.65,N
15.36418,76.30761,302.16,0.39,0.59,2026-09-14,2121,SNPP,SNPP,n,2.0NRT,290.08,0.47,N
18.68266,73.03801,305.52,0.42,0.45,2026-09-14,2121,SNPP,SNPP,n,2.0NRT,290.83,1.94,N
18.6834,73.0341,305.36,0.42,0.45,2026-09-14,2121,SNPP,SNPP,n,2.0NRT,291.57,1.72,N
18.68678,73.03886,310.73,0.42,0.45,2026-09-14,2121,SNPP,SNPP,n,2.0NRT,291.36,1.55,N
15.07159,76.86485,304.18,0.43,0.62,2026-09-14,2121,SNPP,SNPP,n,2.0NRT,290.23,1.2,N
15.17304,76.37813,302.91,0.39,0.6,2026-09-14,2121,SNPP,SNPP,n,2.0NRT,290.64,1.12,N
15.17325,76.65584,304.56,0.41,0.61,2026-09-14,2121,SNPP,SNPP,n,2.0NRT,291.37,1.44,N
15.17487,76.6763,304.85,0.41,0.61,2026-09-14,2121,SNPP,SNPP,n,2.0NRT,290.42,2.25,N
15.17878,76.65715,315.21,0.41,0.61,2026-09-14,2121,SNPP,SNPP,n,2.0NRT,291.58,2.73,N
15.18274,76.66614,305.28,0.41,0.61,2026-09-14,2121,SNPP,SNPP,n,2.0NRT,291.47,1.96,N
15.30107,76.22134,302.63,0.38,0.59,2026-09-14,2121,SNPP,SNPP,n,2.0NRT,290.29,0.48,N
15.17356,76.78545,303.36,0.42,0.61,2026-09-14,2121,SNPP,SNPP,n,2.0NRT,290.01,0.74,N
23.64789,85.43798,327.66,0.52,0.67,2026-09-15,0650,SNPP,SNPP,n,2.0NRT,289.62,4.06,D
23.77511,86.36607,329.83,0.45,0.63,2026-09-15,0650,SNPP,SNPP,n,2.0NRT,291.18,7.08,D
23.76634,86.40575,331.72,0.45,0.63,2026-09-15,0650,SNPP,SNPP,n,2.0NRT,290.62,4.91,D
23.77469,86.36554,330.93,0.45,0.63,2026-09-15,0650,SNPP,SNPP,n,2.0NRT,291.24,9.27,D
23.76571,86.4054,331.54,0.45,0.63,2026-09-15,0650,SNPP,SNPP,n,2.0NRT,290.52,4.47,D
20.96728,85.17609,327.56,0.61,0.71,2026-09-15,0650,SNPP,SNPP,n,2.0NRT,289.49,6.26,D
20.96285,86.00354,326.23,0.54,0.68,2026-09-15,0650,SNPP,SNPP,n,2.0NRT,289.53,3.43,D
20.96028,86.00732,329.38,0.54,0.68,2026-09-15,0650,SNPP,SNPP,n,2.0NRT,289.31,5,D
8.77061,77.33401,337.4,0.4,0.37,2026-09-15,0828,SNPP,SNPP,n,2.0NRT,299.69,4.28,D
10.98571,79.75504,330.2,0.52,0.42,2026-09-15,0828,SNPP,SNPP,n,2.0NRT,297.38,2.91,D
10.93953,79.12907,350.85,0.48,0.4,2026-09-15,0828,SNPP,SNPP,n,2.0NRT,307.21,11.24,D
10.76942,77.88364,343.64,0.42,0.38,2026-09-15,0828,SNPP,SNPP,n,2.0NRT,302.55,4.83,D
11.01777,79.29658,344.42,0.49,0.41,2026-09-15,0828,SNPP,SNPP,n,2.0NRT,301.52,5.75,D
10.86702,77.79005,330.84,0.42,0.38,2026-09-15,0828,SNPP,SNPP,n,2.0NRT,297.6,1.71,D
11.15617,79.10941,337.23,0.48,0.4,2026-09-15,0828,SNPP,SNPP,n,2.0NRT,302.67,4.55,D
11.06012,77.9247,338.85,0.43,0.38,2026-09-15,0828,SNPP,SNPP,n,2.0NRT,300.68,4.25,D
11.80991,78.93258,331.71,0.48,0.4,2026-09-15,0828,SNPP,SNPP,l,2.0NRT,302.67,4.1,D
11.80872,77.92429,334.97,0.43,0.38,2026-09-15,0828,SNPP,SNPP,n,2.0NRT,299.05,3.04,D
12.37383,79.42127,331.95,0.52,0.41,2026-09-15,0828,SNPP,SNPP,n,2.0NRT,300.39,2.2,D
12.00551,76.72073,331.95,0.4,0.37,2026-09-15,0828,SNPP,SNPP,n,2.0NRT,299.95,2.34,D
12.48369,76.69528,332.16,0.4,0.37,2026-09-15,0828,SNPP,SNPP,n,2.0NRT,301.42,2.03,D
12.56242,76.85345,339.8,0.41,0.37,2026-09-15,0828,SNPP,SNPP,n,2.0NRT,296.54,2.85,D
12.62344,77.00887,331.74,0.41,0.37,2026-09-15,0828,SNPP,SNPP,n,2.0NRT,301.31,1.64,D
13.23795,76.23752,334.09,0.39,0.37,2026-09-15,0828,SNPP,SNPP,l,2.0NRT,307.25,2.64,D
13.64323,78.19398,337.66,0.46,0.39,2026-09-15,0828,SNPP,SNPP,n,2.0NRT,304.91,4.71,D
13.64301,78.1903,337.67,0.46,0.39,2026-09-15,0828,SNPP,SNPP,n,2.0NRT,305.5,5.59,D
13.82313,77.64932,338.59,0.44,0.38,2026-09-15,0828,SNPP,SNPP,n,2.0NRT,307.52,3.99,D
13.92296,76.81512,346.11,0.41,0.37,2026-09-15,0828,SNPP,SNPP,n,2.0NRT,312.33,11.01,D
14.18345,77.80505,339,0.45,0.39,2026-09-15,0828,SNPP,SNPP,n,2.0NRT,301.54,4.69,D
14.27247,77.98753,337.92,0.46,0.39,2026-09-15,0828,SNPP,SNPP,n,2.0NRT,303.07,14.76,D
14.2298,76.81605,339.3,0.41,0.37,2026-09-15,0828,SNPP,SNPP,l,2.0NRT,311.32,6.3,D
14.59342,78.64937,336.27,0.5,0.41,2026-09-15,0828,SNPP,SNPP,n,2.0NRT,303.86,8.06,D
14.39324,77.20574,341.64,0.43,0.38,2026-09-15,0828,SNPP,SNPP,n,2.0NRT,310.02,8.88,D
14.30373,76.3907,343.19,0.4,0.37,2026-09-15,0828,SNPP,SNPP,n,2.0NRT,308.3,8.22,D
14.89592,79.90098,338.27,0.4,0.44,2026-09-15,0828,SNPP,SNPP,n,2.0NRT,300.17,3.8,D
14.80994,79.02027,341.62,0.53,0.42,2026-09-15,0828,SNPP,SNPP,n,2.0NRT,306.78,7.29,D
14.93851,79.6282,335.56,0.38,0.43,2026-09-15,0828,SNPP,SNPP,n,2.0NRT,301.08,2.22,D
14.85825,77.79368,342.54,0.46,0.39,2026-09-15,0828,SNPP,SNPP,n,2.0NRT,308.45,8.55,D
15.16262,79.73203,341.15,0.39,0.44,2026-09-15,0828,SNPP,SNPP,n,2.0NRT,301.48,5.19,D
14.95282,77.47688,348.8,0.44,0.39,2026-09-15,0828,SNPP,SNPP,n,2.0NRT,304.94,11.48,D
15.16473,77.47666,341.18,0.45,0.39,2026-09-15,0828,SNPP,SNPP,n,2.0NRT,310.13,13,D
15.61345,80.14118,337.02,0.42,0.45,2026-09-15,0828,SNPP,SNPP,n,2.0NRT,302.37,3.35,D
8.76723,77.33446,339.94,0.4,0.37,2026-09-15,0828,SNPP,SNPP,n,2.0NRT,299.7,3.38,D
18.4412,83.37183,333.68,0.37,0.58,2026-09-15,0830,SNPP,SNPP,n,2.0NRT,294.51,3.03,D
18.44351,83.37077,336.59,0.37,0.58,2026-09-15,0830,SNPP,SNPP,n,2.0NRT,294.32,3.79,D
17.75496,75.41422,342.69,0.4,0.37,2026-09-15,0830,SNPP,SNPP,n,2.0NRT,306.49,7.8,D
17.97391,74.36504,334.06,0.39,0.36,2026-09-15,0830,SNPP,SNPP,l,2.0NRT,308.53,1.95,D
19.09714,82.16702,329.43,0.63,0.54,2026-09-15,0830,SNPP,SNPP,n,2.0NRT,294.98,7.32,D
18.20587,74.60564,333.99,0.39,0.36,2026-09-15,0830,SNPP,SNPP,l,2.0NRT,308.07,1.48,D
18.72359,73.79954,335.14,0.38,0.36,2026-09-15,0830,SNPP,SNPP,n,2.0NRT,304.72,4.09,D
18.68437,73.04131,331.2,0.39,0.36,2026-09-15,0830,SNPP,SNPP,n,2.0NRT,299.39,3.18,D
18.68769,73.04074,336.1,0.39,0.36,2026-09-15,0830,SNPP,SNPP,n,2.0NRT,298.37,3.18,D
18.68597,73.02977,334.76,0.39,0.36,2026-09-15,0830,SNPP,SNPP,n,2.0NRT,299.46,2.8,D
18.691,73.04016,336.66,0.39,0.36,2026-09-15,0830,SNPP,SNPP,n,2.0NRT,299.56,6.88,D
19.24205,75.18865,333.94,0.4,0.37,2026-09-15,0830,SNPP,SNPP,n,2.0NRT,301.72,2.2,D
20.9646,85.18823,327.33,0.52,0.67,2026-09-15,0830,SNPP,SNPP,n,2.0NRT,291.21,5.62,D
20.96953,85.1723,332.2,0.52,0.67,2026-09-15,0830,SNPP,SNPP,n,2.0NRT,291.02,5.59,D
15.23728,75.21181,339.03,0.39,0.36,2026-09-15,0830,SNPP,SNPP,l,2.0NRT,310.44,2.1,D
15.25832,75.12794,337.48,0.39,0.36,2026-09-15,0830,SNPP,SNPP,n,2.0NRT,306.76,2.23,D
15.68853,77.96468,343.01,0.48,0.4,2026-09-15,0830,SNPP,SNPP,n,2.0NRT,308.84,8.71,D
15.48376,75.66547,340.78,0.39,0.36,2026-09-15,0830,SNPP,SNPP,l,2.0NRT,315.53,8.58,D
15.41398,75.10604,336.47,0.39,0.36,2026-09-15,0830,SNPP,SNPP,l,2.0NRT,310.9,2.36,D
17.11134,74.4759,331.98,0.38,0.36,2026-09-15,0830,SNPP,SNPP,n,2.0NRT,298.53,2.1,D
20.97576,85.17188,329.27,0.52,0.67,2026-09-15,0830,SNPP,SNPP,n,2.0NRT,291.39,5.81,D
21.74761,83.84423,351.26,0.43,0.62,2026-09-15,0830,SNPP,SNPP,n,2.0NRT,293.04,4.6,D
21.7472,83.83984,329.47,0.43,0.62,2026-09-15,0830,SNPP,SNPP,n,2.0NRT,291.23,4.6,D
21.75339,83.84376,331.54,0.43,0.62,2026-09-15,0830,SNPP,SNPP,n,2.0NRT,292.5,4.6,D
15.80911,79.68896,335.13,0.4,0.44,2026-09-15,0830,SNPP,SNPP,n,2.0NRT,302.52,4.49,D
22.36086,82.3008,338.82,0.35,0.57,2026-09-15,0833,SNPP,SNPP,n,2.0NRT,294.75,4.49,D
22.36051,82.30323,335.18,0.35,0.57,2026-09-15,0833,SNPP,SNPP,n,2.0NRT,294.89,5.63,D
22.36019,82.29977,330.24,0.35,0.57,2026-09-15,0833,SNPP,SNPP,n,2.0NRT,294.46,4.63,D
23.77644,86.20872,327.37,0.64,0.72,2026-09-15,0833,SNPP,SNPP,n,2.0NRT,287.86,1.67,D
23.78321,86.20798,327.42,0.64,0.72,2026-09-15,0833,SNPP,SNPP,n,2.0NRT,289.03,6.32,D
26.9922,79.61642,334.37,0.54,0.51,2026-09-15,0833,SNPP,SNPP,n,2.0NRT,293.23,2.3,D
22.35593,82.30486,332.55,0.35,0.57,2026-09-15,0833,SNPP,SNPP,n,2.0NRT,295.57,3.94,D
30.07004,76.46227,340.52,0.39,0.44,2026-09-15,0835,SNPP,SNPP,n,2.0NRT,295.71,2.97,D
30.07086,76.46245,341.27,0.39,0.44,2026-09-15,0835,SNPP,SNPP,n,2.0NRT,295.11,4.26,D
31.37772,74.85419,334.48,0.5,0.41,2026-09-15,0835,SNPP,SNPP,n,2.0NRT,295.9,4.98,D
31.37739,74.85583,335.15,0.5,0.41,2026-09-15,0835,SNPP,SNPP,n,2.0NRT,296.31,4.76,D
22.57245,85.89285,306.59,0.55,0.68,2026-09-15,1917,SNPP,SNPP,n,2.0NRT,286.66,2.18,N
21.83975,83.97794,308.95,0.71,0.75,2026-09-15,1917,SNPP,SNPP,n,2.0NRT,283.84,1.79,N
21.84173,83.97871,307.18,0.71,0.75,2026-09-15,1917,SNPP,SNPP,n,2.0NRT,283.52,1.41,N
21.75384,84.02072,301.05,0.7,0.75,2026-09-15,1917,SNPP,SNPP,n,2.0NRT,279.73,1.81,N
21.75626,84.02007,300.25,0.7,0.75,2026-09-15,1917,SNPP,SNPP,n,2.0NRT,280,1.03,N
22.21063,84.8613,302.6,0.63,0.72,2026-09-15,1917,SNPP,SNPP,n,2.0NRT,286.86,1.12,N
22.05172,88.1232,309.38,0.39,0.59,2026-09-15,1917,SNPP,SNPP,n,2.0NRT,288.84,1.67,N
22.05723,88.12386,306.59,0.39,0.59,2026-09-15,1917,SNPP,SNPP,n,2.0NRT,289.15,1.08,N
22.36225,87.01565,310.11,0.46,0.64,2026-09-15,1917,SNPP,SNPP,n,2.0NRT,288.77,2.03,N
22.36684,87.30072,317.97,0.44,0.62,2026-09-15,1917,SNPP,SNPP,n,2.0NRT,289.77,2.81,N
22.37464,87.2794,314.24,0.44,0.63,2026-09-15,1917,SNPP,SNPP,n,2.0NRT,289.21,1.69,N
22.38047,87.28003,314,0.44,0.63,2026-09-15,1917,SNPP,SNPP,n,2.0NRT,289.36,2.36,N
22.38087,87.27563,307.46,0.44,0.63,2026-09-15,1917,SNPP,SNPP,n,2.0NRT,289.22,1.97,N
22.57201,85.89843,301.41,0.55,0.68,2026-09-15,1917,SNPP,SNPP,n,2.0NRT,286.41,0.77,N
21.9184,83.34647,302.81,0.78,0.78,2026-09-15,1917,SNPP,SNPP,n,2.0NRT,284.43,2.74,N
22.60925,85.91283,305.46,0.54,0.68,2026-09-15,1917,SNPP,SNPP,n,2.0NRT,287.19,0.96,N
22.78868,86.2018,303.61,0.52,0.67,2026-09-15,1917,SNPP,SNPP,n,2.0NRT,287.08,2.13,N
22.7978,86.09037,306.29,0.53,0.67,2026-09-15,1917,SNPP,SNPP,n,2.0NRT,286.72,1.84,N
23.56051,87.08061,303.31,0.47,0.64,2026-09-15,1917,SNPP,SNPP,n,2.0NRT,281.22,1.52,N
23.61553,86.79014,301.45,0.49,0.65,2026-09-15,1917,SNPP,SNPP,n,2.0NRT,280.97,0.68,N
23.67751,86.39614,306.82,0.52,0.67,2026-09-15,1917,SNPP,SNPP,n,2.0NRT,279.96,1.58,N
23.68415,86.39152,304.18,0.52,0.67,2026-09-15,1917,SNPP,SNPP,n,2.0NRT,281.03,1.58,N
23.75727,85.85426,302.97,0.56,0.69,2026-09-15,1917,SNPP,SNPP,n,2.0NRT,284.99,1.18,N
23.71944,86.42186,302.68,0.52,0.67,2026-09-15,1917,SNPP,SNPP,n,2.0NRT,276.91,1.46,N
23.66512,87.15424,307.2,0.47,0.64,2026-09-15,1917,SNPP,SNPP,n,2.0NRT,284.67,1.98,N
23.72439,86.43833,303.72,0.52,0.67,2026-09-15,1917,SNPP,SNPP,n,2.0NRT,279.67,2.7,N
23.73725,86.43442,308.81,0.52,0.67,2026-09-15,1917,SNPP,SNPP,n,2.0NRT,280.07,1.48,N
23.73767,86.42921,302.17,0.52,0.67,2026-09-15,1917,SNPP,SNPP,n,2.0NRT,280.76,1.48,N
23.69179,87.12393,301.64,0.47,0.64,2026-09-15,1917,SNPP,SNPP,n,2.0NRT,279.49,0.98,N
23.6922,87.11918,305.95,0.47,0.64,2026-09-15,1917,SNPP,SNPP,n,2.0NRT,276.88,1.76,N
23.75139,86.41496,308.3,0.52,0.67,2026-09-15,1917,SNPP,SNPP,n,2.0NRT,281.03,2.09,N
23.75892,86.39964,305.01,0.52,0.67,2026-09-15,1917,SNPP,SNPP,n,2.0NRT,280.93,2.27,N
23.76471,86.40573,315.1,0.52,0.67,2026-09-15,1917,SNPP,SNPP,n,2.0NRT,281.79,2.23,N
23.76515,86.40034,306.49,0.52,0.67,2026-09-15,1917,SNPP,SNPP,n,2.0NRT,282.06,2.23,N
23.78083,86.2086,303.3,0.54,0.68,2026-09-15,1917,SNPP,SNPP,n,2.0NRT,281.39,0.93,N
23.77444,86.36401,315.17,0.52,0.67,2026-09-15,1917,SNPP,SNPP,n,2.0NRT,283.77,3.51,N
23.73541,86.43536,303.08,0.52,0.67,2026-09-15,1917,SNPP,SNPP,n,2.0NRT,279.86,1.26,N
23.7358,86.43015,306.95,0.52,0.67,2026-09-15,1917,SNPP,SNPP,n,2.0NRT,280.64,2.02,N
23.68883,87.12051,307.44,0.47,0.64,2026-09-15,1917,SNPP,SNPP,n,2.0NRT,277.71,1.12,N
23.69479,87.12122,306.29,0.47,0.64,2026-09-15,1917,SNPP,SNPP,n,2.0NRT,280.16,1.12,N
23.69517,87.11652,298.75,0.47,0.64,2026-09-15,1917,SNPP,SNPP,n,2.0NRT,278.11,1.14,N
23.74942,86.41591,308.63,0.52,0.67,2026-09-15,1917,SNPP,SNPP,n,2.0NRT,281.24,1.9,N
23.76267,86.40678,305.32,0.52,0.67,2026-09-15,1917,SNPP,SNPP,n,2.0NRT,281.57,2.55,N
23.76308,86.40134,309.97,0.52,0.67,2026-09-15,1917,SNPP,SNPP,n,2.0NRT,282.1,4.74,N
23.76389,86.39068,302.38,0.52,0.67,2026-09-15,1917,SNPP,SNPP,n,2.0NRT,281.19,1.97,N
23.7775,86.20921,305.43,0.54,0.68,2026-09-15,1917,SNPP,SNPP,n,2.0NRT,281.65,3.08,N
23.76932,86.40198,306.98,0.52,0.67,2026-09-15,1917,SNPP,SNPP,n,2.0NRT,280.44,2.32,N
23.77213,86.365,312.21,0.52,0.67,2026-09-15,1917,SNPP,SNPP,n,2.0NRT,282.97,3.44,N
23.77635,86.3922,300.27,0.52,0.67,2026-09-15,1917,SNPP,SNPP,n,2.0NRT,278.5,1.81,N
23.77675,86.38699,312.12,0.52,0.67,2026-09-15,1917,SNPP,SNPP,n,2.0NRT,279.23,1.81,N
23.79835,86.35168,303.15,0.53,0.67,2026-09-15,1917,SNPP,SNPP,n,2.0NRT,276.01,1.14,N
23.79998,86.33059,298.48,0.53,0.67,2026-09-15,1917,SNPP,SNPP,n,2.0NRT,273.4,1.97,N
24.1157,86.85902,299,0.49,0.65,2026-09-15,1917,SNPP,SNPP,n,2.0NRT,272.97,0.72,N
24.1163,86.86052,299.4,0.49,0.65,2026-09-15,1917,SNPP,SNPP,n,2.0NRT,272.67,0.82,N
22.21012,84.86763,303.75,0.63,0.72,2026-09-15,1917,SNPP,SNPP,n,2.0NRT,286.45,1.12,N
20.95247,86.04662,319.12,0.51,0.66,2026-09-15,1919,SNPP,SNPP,n,2.0NRT,285.92,3.62,N
20.93877,86.05994,298.49,0.51,0.66,2026-09-15,1919,SNPP,SNPP,n,2.0NRT,282.21,1,N
20.95076,86.04656,324.41,0.51,0.66,2026-09-15,1919,SNPP,SNPP,n,2.0NRT,286.34,4.6,N
25.54158,91.23806,304.38,0.54,0.51,2026-09-15,1919,SNPP,SNPP,n,2.0NRT,279.24,1.93,N
25.54328,91.2335,299.36,0.54,0.51,2026-09-15,1919,SNPP,SNPP,n,2.0NRT,279,1.08,N
33.24278,75.75042,296,0.38,0.36,2026-09-15,2055,SNPP,SNPP,n,2.0NRT,282.83,0.4,N
33.24343,75.74633,296.35,0.38,0.36,2026-09-15,2055,SNPP,SNPP,n,2.0NRT,282.88,0.61,N
33.72784,74.6589,297.4,0.39,0.37,2026-09-15,2055,SNPP,SNPP,n,2.0NRT,279.49,0.5,N
23.69217,85.36918,308.66,0.49,0.65,2026-09-15,2057,SNPP,SNPP,n,2.0NRT,283.75,1.49,N
23.69632,85.2877,300.53,0.48,0.65,2026-09-15,2057,SNPP,SNPP,n,2.0NRT,283.65,0.97,N
23.64818,85.43747,302.65,0.49,0.65,2026-09-15,2057,SNPP,SNPP,n,2.0NRT,280.41,1.02,N
22.87338,86.0646,302.05,0.56,0.69,2026-09-15,2057,SNPP,SNPP,n,2.0NRT,283.87,0.74,N
22.79747,86.20809,325.55,0.57,0.69,2026-09-15,2057,SNPP,SNPP,n,2.0NRT,285.41,3.13,N
22.785,86.20412,304.95,0.57,0.69,2026-09-15,2057,SNPP,SNPP,n,2.0NRT,285.48,1.99,N
22.79598,86.20683,325.48,0.57,0.69,2026-09-15,2057,SNPP,SNPP,n,2.0NRT,285.49,4.2,N
22.79803,86.08869,303.17,0.56,0.69,2026-09-15,2057,SNPP,SNPP,n,2.0NRT,284.62,1.76,N
22.37901,87.2791,320.23,0.68,0.74,2026-09-15,2057,SNPP,SNPP,n,2.0NRT,286.49,4.38,N
22.36557,87.30363,310.58,0.68,0.74,2026-09-15,2057,SNPP,SNPP,n,2.0NRT,286.87,3.65,N
22.3674,87.01634,300.86,0.66,0.73,2026-09-15,2057,SNPP,SNPP,n,2.0NRT,281.98,2.07,N
24.93507,74.63219,303.99,0.39,0.36,2026-09-15,2057,SNPP,SNPP,n,2.0NRT,290.73,1.4,N
22.36388,87.01889,307.85,0.66,0.73,2026-09-15,2057,SNPP,SNPP,n,2.0NRT,282.53,1.51,N
22.06034,88.12437,305.23,0.78,0.78,2026-09-15,2057,SNPP,SNPP,n,2.0NRT,286.73,2.03,N
22.6097,85.91307,304.63,0.56,0.69,2026-09-15,2057,SNPP,SNPP,n,2.0NRT,286.05,1,N
22.05333,88.12221,309.57,0.78,0.78,2026-09-15,2057,SNPP,SNPP,n,2.0NRT,285.85,2.03,N
22.57515,85.89153,304.41,0.56,0.68,2026-09-15,2057,SNPP,SNPP,n,2.0NRT,285.75,2.08,N
22.57385,85.8968,314.76,0.56,0.69,2026-09-15,2057,SNPP,SNPP,n,2.0NRT,285.99,2.57,N
22.57305,85.89042,304.01,0.56,0.69,2026-09-15,2057,SNPP,SNPP,n,2.0NRT,285.75,1.73,N
22.57178,85.89569,313.56,0.56,0.69,2026-09-15,2057,SNPP,SNPP,n,2.0NRT,286.21,1.73,N
24.76552,74.60744,307.56,0.39,0.36,2026-09-15,2057,SNPP,SNPP,n,2.0NRT,290.71,0.86,N
24.76219,74.60677,308.45,0.39,0.36,2026-09-15,2057,SNPP,SNPP,n,2.0NRT,290.55,1.09,N
23.17011,82.34422,302.72,0.33,0.55,2026-09-15,2057,SNPP,SNPP,n,2.0NRT,288.08,1.33,N
23.16579,82.33987,325.44,0.33,0.55,2026-09-15,2057,SNPP,SNPP,n,2.0NRT,288.38,1.33,N
23.1665,82.33665,305.2,0.33,0.55,2026-09-15,2057,SNPP,SNPP,n,2.0NRT,288.19,1.57,N
23.16508,82.34306,317.34,0.33,0.55,2026-09-15,2057,SNPP,SNPP,n,2.0NRT,288.34,1.33,N
23.16149,82.33546,304.35,0.33,0.55,2026-09-15,2057,SNPP,SNPP,n,2.0NRT,287.23,0.37,N
23.16707,82.34367,322.44,0.33,0.55,2026-09-15,2057,SNPP,SNPP,n,2.0NRT,288.54,1.42,N
23.16776,82.34046,317.99,0.33,0.55,2026-09-15,2057,SNPP,SNPP,n,2.0NRT,288.71,1.42,N
23.16344,82.33601,312.56,0.33,0.55,2026-09-15,2057,SNPP,SNPP,n,2.0NRT,287.51,2.08,N
23.16273,82.33936,306.73,0.33,0.55,2026-09-15,2057,SNPP,SNPP,n,2.0NRT,286.74,1.42,N
24.5777,74.80283,303.55,0.39,0.37,2026-09-15,2057,SNPP,SNPP,n,2.0NRT,289.9,0.9,N
22.13491,85.38432,301.08,0.53,0.67,2026-09-15,2057,SNPP,SNPP,n,2.0NRT,286.35,0.89,N
22.13605,85.38396,301.1,0.53,0.67,2026-09-15,2057,SNPP,SNPP,n,2.0NRT,286.6,0.93,N
22.20535,84.84766,305.86,0.49,0.65,2026-09-15,2057,SNPP,SNPP,n,2.0NRT,286.81,1.31,N
22.22164,84.75223,305.81,0.48,0.65,2026-09-15,2057,SNPP,SNPP,n,2.0NRT,286.5,1.26,N
22.22054,84.75686,304.05,0.48,0.65,2026-09-15,2057,SNPP,SNPP,n,2.0NRT,286.43,1.26,N
31.25859,76.926,301.49,0.4,0.37,2026-09-15,2057,SNPP,SNPP,n,2.0NRT,289.02,0.6,N
31.25123,76.92848,302.89,0.4,0.37,2026-09-15,2057,SNPP,SNPP,n,2.0NRT,289.11,0.77,N
28.74531,76.92725,306.83,0.42,0.37,2026-09-15,2057,SNPP,SNPP,n,2.0NRT,293.94,2.08,N
28.74383,76.93568,304.94,0.42,0.37,2026-09-15,2057,SNPP,SNPP,n,2.0NRT,293.23,1.74,N
28.71267,76.83401,307.26,0.41,0.37,2026-09-15,2057,SNPP,SNPP,n,2.0NRT,294.88,0.97,N
28.27658,77.27289,309.69,0.43,0.38,2026-09-15,2057,SNPP,SNPP,n,2.0NRT,294.6,0.67,N
27.66854,76.12929,299.45,0.4,0.37,2026-09-15,2057,SNPP,SNPP,n,2.0NRT,286.38,0.57,N
23.69795,87.09607,302.51,0.62,0.71,2026-09-15,2057,SNPP,SNPP,n,2.0NRT,281.89,2.07,N
23.69325,87.1144,301.8,0.62,0.72,2026-09-15,2057,SNPP,SNPP,n,2.0NRT,283.15,3.77,N
23.69168,87.12054,306.79,0.62,0.72,2026-09-15,2057,SNPP,SNPP,n,2.0NRT,283.12,3.83,N
23.68993,87.1002,304.52,0.62,0.71,2026-09-15,2057,SNPP,SNPP,n,2.0NRT,282.93,2.07,N
23.66282,87.15142,301.06,0.63,0.72,2026-09-15,2057,SNPP,SNPP,n,2.0NRT,282.91,0.97,N
23.66125,87.15747,301.17,0.63,0.72,2026-09-15,2057,SNPP,SNPP,n,2.0NRT,283.16,0.97,N
23.69464,87.1156,302.27,0.62,0.72,2026-09-15,2057,SNPP,SNPP,n,2.0NRT,283.33,1.93,N
23.69311,87.12174,305.22,0.62,0.72,2026-09-15,2057,SNPP,SNPP,n,2.0NRT,283.15,1.93,N
23.69126,87.1013,304.21,0.62,0.71,2026-09-15,2057,SNPP,SNPP,n,2.0NRT,283.27,3.37,N
23.66297,87.15866,304.84,0.63,0.72,2026-09-15,2057,SNPP,SNPP,n,2.0NRT,283.14,1.37,N
23.66976,86.93896,302.25,0.61,0.71,2026-09-15,2057,SNPP,SNPP,n,2.0NRT,283.92,0.72,N
23.80218,86.33021,311.71,0.56,0.68,2026-09-15,2057,SNPP,SNPP,n,2.0NRT,278.25,2.35,N
23.79671,86.35214,308.63,0.56,0.69,2026-09-15,2057,SNPP,SNPP,n,2.0NRT,279.82,1.57,N
23.78563,86.34319,297.9,0.56,0.69,2026-09-15,2057,SNPP,SNPP,n,2.0NRT,275.64,0.99,N
23.77806,86.34687,296.46,0.56,0.69,2026-09-15,2057,SNPP,SNPP,n,2.0NRT,275.42,0.99,N
23.77399,86.36308,298.71,0.56,0.69,2026-09-15,2057,SNPP,SNPP,n,2.0NRT,277.83,1.92,N
23.76576,86.39591,301.87,0.56,0.69,2026-09-15,2057,SNPP,SNPP,n,2.0NRT,280.59,3.3,N
23.7644,86.40131,305.23,0.56,0.69,2026-09-15,2057,SNPP,SNPP,n,2.0NRT,280.1,1.33,N
23.76307,86.40662,304.44,0.56,0.69,2026-09-15,2057,SNPP,SNPP,n,2.0NRT,279.34,1.33,N
23.75815,86.39958,302.25,0.56,0.69,2026-09-15,2057,SNPP,SNPP,n,2.0NRT,279.13,1.33,N
23.75681,86.40495,302.56,0.56,0.69,2026-09-15,2057,SNPP,SNPP,n,2.0NRT,279.19,1.33,N
23.73598,86.43446,312.31,0.56,0.69,2026-09-15,2057,SNPP,SNPP,n,2.0NRT,282.1,2.89,N
23.56376,87.08268,303.95,0.62,0.72,2026-09-15,2057,SNPP,SNPP,n,2.0NRT,284.87,2.06,N
23.71166,86.4511,304.76,0.57,0.69,2026-09-15,2057,SNPP,SNPP,n,2.0NRT,282.53,2.34,N
23.76281,86.4003,306.44,0.56,0.69,2026-09-15,2057,SNPP,SNPP,n,2.0NRT,279.71,5.68,N
23.7615,86.40565,306.3,0.56,0.69,2026-09-15,2057,SNPP,SNPP,n,2.0NRT,279.12,1.65,N
23.75524,86.40395,302.54,0.56,0.69,2026-09-15,2057,SNPP,SNPP,n,2.0NRT,278.81,1.65,N
23.73463,86.43352,309.34,0.57,0.69,2026-09-15,2057,SNPP,SNPP,n,2.0NRT,280.9,2.9,N
23.71045,86.45015,306.02,0.57,0.69,2026-09-15,2057,SNPP,SNPP,n,2.0NRT,282,2.15,N
23.55993,87.08154,304.33,0.62,0.72,2026-09-15,2057,SNPP,SNPP,n,2.0NRT,284.37,2.66,N
23.61289,86.78787,303.67,0.6,0.7,2026-09-15,2057,SNPP,SNPP,n,2.0NRT,283.63,1.4,N
23.68525,86.3899,299.05,0.56,0.69,2026-09-15,2057,SNPP,SNPP,n,2.0NRT,276.07,2.62,N
23.68394,86.39518,306.67,0.56,0.69,2026-09-15,2057,SNPP,SNPP,n,2.0NRT,276.14,1.34,N
23.67767,86.39352,302.67,0.56,0.69,2026-09-15,2057,SNPP,SNPP,n,2.0NRT,275.65,1.34,N
23.67628,86.39905,300.32,0.56,0.69,2026-09-15,2057,SNPP,SNPP,n,2.0NRT,276.42,1.34,N
23.78753,85.55463,301.99,0.5,0.66,2026-09-15,2057,SNPP,SNPP,n,2.0NRT,274.47,1.32,N
23.69807,85.3708,305.58,0.49,0.65,2026-09-15,2057,SNPP,SNPP,n,2.0NRT,283.77,0.84,N
20.97055,85.17452,306.58,0.54,0.68,2026-09-15,2059,SNPP,SNPP,n,2.0NRT,265.42,1.04,N
21.82372,73.11503,308.73,0.38,0.36,2026-09-15,2059,SNPP,SNPP,n,2.0NRT,288.49,1.1,N
20.86672,70.56433,305.24,0.41,0.37,2026-09-15,2059,SNPP,SNPP,n,2.0NRT,285.31,0.73,N
17.9825,80.82578,305.68,0.33,0.55,2026-09-15,2059,SNPP,SNPP,n,2.0NRT,288.72,0.87,N
17.98186,80.8289,304.6,0.33,0.55,2026-09-15,2059,SNPP,SNPP,n,2.0NRT,288.77,0.87,N
17.9574,80.79375,316.42,0.33,0.55,2026-09-15,2059,SNPP,SNPP,n,2.0NRT,288.88,1.46,N
18.88025,72.97102,305.42,0.39,0.36,2026-09-15,2059,SNPP,SNPP,n,2.0NRT,292.08,0.93,N
18.69298,73.04085,340.86,0.39,0.36,2026-09-15,2059,SNPP,SNPP,n,2.0NRT,294.22,6.02,N
18.68632,73.03964,310.68,0.39,0.36,2026-09-15,2059,SNPP,SNPP,n,2.0NRT,293.49,1.92,N
18.68419,73.03167,315.63,0.39,0.36,2026-09-15,2059,SNPP,SNPP,n,2.0NRT,292.72,1.24,N
18.68359,73.03535,306.4,0.39,0.36,2026-09-15,2059,SNPP,SNPP,n,2.0NRT,293.28,1.24,N
18.68298,73.03905,308,0.39,0.36,2026-09-15,2059,SNPP,SNPP,n,2.0NRT,292.46,1.34,N
18.68025,73.03475,322.86,0.39,0.36,2026-09-15,2059,SNPP,SNPP,n,2.0NRT,292.99,1.24,N
18.67965,73.03844,306.83,0.39,0.36,2026-09-15,2059,SNPP,SNPP,n,2.0NRT,292.72,1.34,N
17.36981,77.44453,304.85,0.42,0.45,2026-09-15,2059,SNPP,SNPP,n,2.0NRT,291.85,0.74,N
21.92419,85.22303,311.23,0.52,0.67,2026-09-15,2059,SNPP,SNPP,n,2.0NRT,286.51,2.01,N
22.31772,82.56616,304.56,0.35,0.57,2026-09-15,2059,SNPP,SNPP,n,2.0NRT,289.39,0.89,N
22.3148,82.5298,309.25,0.35,0.57,2026-09-15,2059,SNPP,SNPP,n,2.0NRT,289.63,0.98,N
22.31406,82.53317,305.58,0.35,0.57,2026-09-15,2059,SNPP,SNPP,n,2.0NRT,289.11,0.98,N
22.35895,82.30317,340.25,0.34,0.56,2026-09-15,2059,SNPP,SNPP,n,2.0NRT,291.2,4.66,N
22.04142,83.72813,326.61,0.42,0.61,2026-09-15,2059,SNPP,SNPP,n,2.0NRT,287.86,3.22,N
22.35966,82.29993,319.1,0.34,0.56,2026-09-15,2059,SNPP,SNPP,n,2.0NRT,289.41,4.17,N
22.01826,83.75204,305.77,0.42,0.61,2026-09-15,2059,SNPP,SNPP,n,2.0NRT,287.42,1.26,N
21.96611,83.77303,304.61,0.42,0.61,2026-09-15,2059,SNPP,SNPP,n,2.0NRT,287.45,0.79,N
22.06104,83.33662,306.36,0.4,0.6,2026-09-15,2059,SNPP,SNPP,n,2.0NRT,288.78,0.94,N
22.1087,83.12427,303.72,0.38,0.59,2026-09-15,2059,SNPP,SNPP,n,2.0NRT,288.9,0.45,N
22.0613,83.33819,311.49,0.4,0.6,2026-09-15,2059,SNPP,SNPP,n,2.0NRT,288.37,0.8,N
21.96464,83.77041,302.39,0.42,0.61,2026-09-15,2059,SNPP,SNPP,n,2.0NRT,287.07,0.92,N
22.04066,83.3534,308.67,0.4,0.6,2026-09-15,2059,SNPP,SNPP,n,2.0NRT,288.94,1.27,N
22.0881,83.11494,305.09,0.38,0.59,2026-09-15,2059,SNPP,SNPP,n,2.0NRT,288.86,0.47,N
22.03521,83.35204,303.26,0.4,0.6,2026-09-15,2059,SNPP,SNPP,n,2.0NRT,288.47,1.27,N
22.03171,83.36765,304.89,0.4,0.6,2026-09-15,2059,SNPP,SNPP,n,2.0NRT,288.77,1.45,N
22.02059,83.34023,303.81,0.4,0.6,2026-09-15,2059,SNPP,SNPP,n,2.0NRT,288.91,0.79,N
21.82282,83.99906,303.01,0.44,0.62,2026-09-15,2059,SNPP,SNPP,n,2.0NRT,287.61,1.28,N
21.82227,83.99692,304.28,0.44,0.62,2026-09-15,2059,SNPP,SNPP,n,2.0NRT,287.94,1.17,N
21.98686,83.23262,307.1,0.39,0.6,2026-09-15,2059,SNPP,SNPP,n,2.0NRT,288.53,0.99,N
21.92802,83.34239,304.22,0.4,0.6,2026-09-15,2059,SNPP,SNPP,n,2.0NRT,288.53,2.26,N
21.92084,83.34869,318.77,0.4,0.6,2026-09-15,2059,SNPP,SNPP,n,2.0NRT,288.65,3.18,N
21.91997,83.35256,317.64,0.4,0.6,2026-09-15,2059,SNPP,SNPP,n,2.0NRT,288.95,2.62,N
21.76913,84.01881,310.32,0.44,0.63,2026-09-15,2059,SNPP,SNPP,n,2.0NRT,288.84,2.27,N
21.76248,84.02153,308.95,0.44,0.63,2026-09-15,2059,SNPP,SNPP,n,2.0NRT,288.38,2.27,N
21.75581,84.02428,315.58,0.44,0.63,2026-09-15,2059,SNPP,SNPP,n,2.0NRT,288.47,1.74,N
21.76631,83.84803,306.43,0.43,0.62,2026-09-15,2059,SNPP,SNPP,n,2.0NRT,288.55,1.11,N
21.76069,83.8465,321.01,0.43,0.62,2026-09-15,2059,SNPP,SNPP,n,2.0NRT,288.39,1.87,N
21.76166,83.84233,307.51,0.43,0.62,2026-09-15,2059,SNPP,SNPP,n,2.0NRT,288.43,2.38,N
21.75972,83.85071,304.01,0.43,0.62,2026-09-15,2059,SNPP,SNPP,n,2.0NRT,288.38,1.87,N
21.75507,83.84499,321.98,0.43,0.62,2026-09-15,2059,SNPP,SNPP,n,2.0NRT,288.76,1.87,N
21.75604,83.84078,309.78,0.43,0.62,2026-09-15,2059,SNPP,SNPP,n,2.0NRT,288.45,2.38,N
21.74946,83.84341,343.1,0.43,0.62,2026-09-15,2059,SNPP,SNPP,n,2.0NRT,289.49,3.96,N
21.75044,83.83919,305.5,0.43,0.62,2026-09-15,2059,SNPP,SNPP,n,2.0NRT,288.38,6.1,N
21.74386,83.84182,324.4,0.43,0.62,2026-09-15,2059,SNPP,SNPP,n,2.0NRT,288.81,3.96,N
22.00536,82.66946,313.88,0.36,0.57,2026-09-15,2059,SNPP,SNPP,n,2.0NRT,289.72,1.2,N
22.00459,82.6729,306.3,0.36,0.58,2026-09-15,2059,SNPP,SNPP,n,2.0NRT,289.11,1.2,N
21.67948,84.04067,313.42,0.45,0.63,2026-09-15,2059,SNPP,SNPP,n,2.0NRT,288.88,2.42,N
21.74839,83.84337,346.84,0.43,0.62,2026-09-15,2059,SNPP,SNPP,n,2.0NRT,289.55,4.27,N
22.00648,82.67233,311.08,0.36,0.58,2026-09-15,2059,SNPP,SNPP,n,2.0NRT,289.15,1.27,N
21.74934,83.83912,307.22,0.43,0.62,2026-09-15,2059,SNPP,SNPP,n,2.0NRT,288.28,6.32,N
22.00199,82.66761,307.67,0.36,0.58,2026-09-15,2059,SNPP,SNPP,n,2.0NRT,288.9,1.27,N
21.74279,83.84174,319.64,0.43,0.62,2026-09-15,2059,SNPP,SNPP,n,2.0NRT,289.05,4.27,N
21.68072,84.03683,304.2,0.45,0.63,2026-09-15,2059,SNPP,SNPP,n,2.0NRT,288.69,2.32,N
21.67976,84.04108,312.82,0.45,0.63,2026-09-15,2059,SNPP,SNPP,n,2.0NRT,289.42,2.52,N
20.97004,86.00351,305.76,0.61,0.71,2026-09-15,2059,SNPP,SNPP,n,2.0NRT,287.11,2.67,N
20.96861,86.00941,306.97,0.61,0.71,2026-09-15,2059,SNPP,SNPP,n,2.0NRT,286.8,2.67,N
20.96718,86.01533,317.91,0.61,0.71,2026-09-15,2059,SNPP,SNPP,n,2.0NRT,286.85,4.49,N
20.9622,86.00745,329.42,0.61,0.71,2026-09-15,2059,SNPP,SNPP,n,2.0NRT,286.98,4.39,N
20.95214,86.04897,304.32,0.62,0.71,2026-09-15,2059,SNPP,SNPP,n,2.0NRT,286.92,1.38,N
21.80213,82.03938,308.32,0.33,0.56,2026-09-15,2059,SNPP,SNPP,n,2.0NRT,289.49,1.08,N
21.72974,82.21314,306.01,0.34,0.56,2026-09-15,2059,SNPP,SNPP,n,2.0NRT,289.57,1.12,N
20.97466,85.17097,296.32,0.54,0.68,2026-09-15,2059,SNPP,SNPP,n,2.0NRT,266.59,0.79,N
20.96852,85.1692,295.78,0.54,0.68,2026-09-15,2059,SNPP,SNPP,n,2.0NRT,264.62,0.79,N
20.96728,85.17435,297.05,0.54,0.68,2026-09-15,2059,SNPP,SNPP,n,2.0NRT,264.81,0.79,N
21.67108,82.08128,306.26,0.34,0.56,2026-09-15,2059,SNPP,SNPP,n,2.0NRT,289.52,0.78,N
20.98029,85.13301,295.55,0.54,0.68,2026-09-15,2059,SNPP,SNPP,n,2.0NRT,271.96,0.9,N
20.95687,85.01101,303.48,0.53,0.67,2026-09-15,2059,SNPP,SNPP,n,2.0NRT,285.83,1.83,N
21.574,82.02437,307.53,0.34,0.56,2026-09-15,2059,SNPP,SNPP,n,2.0NRT,289.82,1.29,N
20.88714,84.9818,317.08,0.53,0.67,2026-09-15,2059,SNPP,SNPP,n,2.0NRT,285.96,2.73,N
20.8665,84.98666,303.86,0.53,0.67,2026-09-15,2059,SNPP,SNPP,n,2.0NRT,285.93,1.76,N
20.86522,84.99208,307.99,0.53,0.67,2026-09-15,2059,SNPP,SNPP,n,2.0NRT,285.59,2.48,N
20.79689,85.25277,320.45,0.55,0.68,2026-09-15,2059,SNPP,SNPP,n,2.0NRT,281.54,3.96,N
20.78681,85.2673,300.92,0.56,0.68,2026-09-15,2059,SNPP,SNPP,n,2.0NRT,281.55,1.49,N
20.76053,85.29401,304.02,0.56,0.69,2026-09-15,2059,SNPP,SNPP,n,2.0NRT,284.28,2.44,N
20.75927,85.29925,301.06,0.56,0.69,2026-09-15,2059,SNPP,SNPP,n,2.0NRT,282.11,1.72,N
20.75748,85.29817,300.17,0.56,0.69,2026-09-15,2059,SNPP,SNPP,n,2.0NRT,279.65,2.29,N
21.48827,81.76899,313.87,0.33,0.55,2026-09-15,2059,SNPP,SNPP,n,2.0NRT,290.51,1.07,N
21.38945,81.64653,311.5,0.32,0.55,2026-09-15,2059,SNPP,SNPP,n,2.0NRT,290.46,1.12,N
21.37721,81.67908,306.36,0.32,0.55,2026-09-15,2059,SNPP,SNPP,n,2.0NRT,290.52,0.97,N
21.37654,81.68217,313.74,0.32,0.55,2026-09-15,2059,SNPP,SNPP,n,2.0NRT,290.81,0.97,N
21.37519,81.63981,307.89,0.32,0.55,2026-09-15,2059,SNPP,SNPP,n,2.0NRT,289.58,1.82,N
21.37255,81.65208,305.22,0.32,0.55,2026-09-15,2059,SNPP,SNPP,n,2.0NRT,289.97,0.91,N
21.36659,81.67964,305.87,0.32,0.55,2026-09-15,2059,SNPP,SNPP,n,2.0NRT,289.94,1.53,N
21.34231,81.67059,305.05,0.32,0.55,2026-09-15,2059,SNPP,SNPP,n,2.0NRT,290.18,0.6,N
21.3084,81.59089,313.4,0.32,0.55,2026-09-15,2059,SNPP,SNPP,n,2.0NRT,289.5,1.15,N
21.29953,81.60796,318.96,0.32,0.55,2026-09-15,2059,SNPP,SNPP,n,2.0NRT,290.25,1.18,N
21.29025,81.60248,304.7,0.32,0.55,2026-09-15,2059,SNPP,SNPP,n,2.0NRT,289.19,0.29,N
21.18535,81.38806,307.78,0.62,0.54,2026-09-15,2059,SNPP,SNPP,n,2.0NRT,288.28,1.43,N
21.18044,81.38686,307.48,0.62,0.54,2026-09-15,2059,SNPP,SNPP,n,2.0NRT,288.09,1.43,N
22.26343,75.13453,307.93,0.42,0.37,2026-09-15,2059,SNPP,SNPP,n,2.0NRT,291.52,0.83,N
21.33493,78.97038,305.15,0.44,0.46,2026-09-15,2059,SNPP,SNPP,n,2.0NRT,289.93,1.72,N
21.2479,79.21045,311.06,0.46,0.47,2026-09-15,2059,SNPP,SNPP,n,2.0NRT,290,1.63,N
21.2453,79.22353,305.25,0.46,0.47,2026-09-15,2059,SNPP,SNPP,n,2.0NRT,290.71,1.53,N
13.70845,79.61936,307.86,0.33,0.55,2026-09-15,2101,SNPP,SNPP,n,2.0NRT,285.89,1.31,N
17.14156,77.18441,308.25,0.4,0.45,2026-09-15,2101,SNPP,SNPP,n,2.0NRT,292.05,1.55,N
10.86468,78.57971,346.45,0.41,0.37,2026-09-16,0809,SNPP,SNPP,n,2.0NRT,303.06,6.54,D
11.06063,77.64198,336.72,0.44,0.38,2026-09-16,0809,SNPP,SNPP,l,2.0NRT,301.93,8.03,D
11.88033,79.37421,332.62,0.39,0.36,2026-09-16,0809,SNPP,SNPP,n,2.0NRT,302.2,4.36,D
12.41312,79.09644,334.22,0.39,0.36,2026-09-16,0809,SNPP,SNPP,n,2.0NRT,303.56,2.54,D
12.68162,79.69539,331.85,0.38,0.36,2026-09-16,0809,SNPP,SNPP,l,2.0NRT,302.08,2.56,D
12.80921,79.95585,332.37,0.38,0.36,2026-09-16,0809,SNPP,SNPP,l,2.0NRT,302.72,1.92,D
12.80444,79.90247,335.05,0.38,0.36,2026-09-16,0809,SNPP,SNPP,n,2.0NRT,301.49,3.44,D
12.83462,79.9446,330.86,0.38,0.36,2026-09-16,0809,SNPP,SNPP,l,2.0NRT,304.3,3.9,D
12.83739,79.94054,335.33,0.38,0.36,2026-09-16,0809,SNPP,SNPP,l,2.0NRT,307.01,1.79,D
12.8407,79.94003,330.26,0.38,0.36,2026-09-16,0809,SNPP,SNPP,l,2.0NRT,301.79,1.79,D
12.85502,79.94497,331.64,0.38,0.36,2026-09-16,0809,SNPP,SNPP,l,2.0NRT,302.95,2.95,D
12.85833,79.94445,333.53,0.38,0.36,2026-09-16,0809,SNPP,SNPP,n,2.0NRT,303.38,3.78,D
12.87986,79.90807,336.19,0.38,0.36,2026-09-16,0809,SNPP,SNPP,n,2.0NRT,305.99,6.6,D
12.90249,79.90087,333.48,0.38,0.36,2026-09-16,0809,SNPP,SNPP,l,2.0NRT,306.91,4.88,D
12.98208,80.0002,331.36,0.38,0.36,2026-09-16,0809,SNPP,SNPP,l,2.0NRT,304.69,2.3,D
13.43832,79.71164,331.64,0.38,0.36,2026-09-16,0809,SNPP,SNPP,l,2.0NRT,303.57,4.06,D
13.57117,79.69406,331.49,0.38,0.36,2026-09-16,0809,SNPP,SNPP,l,2.0NRT,302.88,2.41,D
13.48112,78.97852,336.22,0.39,0.36,2026-09-16,0809,SNPP,SNPP,n,2.0NRT,297.64,1.94,D
13.0316,76.11507,330.22,0.49,0.4,2026-09-16,0809,SNPP,SNPP,l,2.0NRT,302.69,4.8,D
13.67833,79.60012,336.71,0.38,0.36,2026-09-16,0809,SNPP,SNPP,n,2.0NRT,305.53,5.57,D
13.82196,79.63383,335.88,0.38,0.36,2026-09-16,0809,SNPP,SNPP,n,2.0NRT,305.12,5.69,D
14.1287,79.75809,332,0.38,0.36,2026-09-16,0809,SNPP,SNPP,l,2.0NRT,303.1,3.35,D
13.65174,76.52674,338.53,0.46,0.39,2026-09-16,0809,SNPP,SNPP,n,2.0NRT,300.26,3.52,D
14.38803,77.74513,334.31,0.41,0.37,2026-09-16,0809,SNPP,SNPP,l,2.0NRT,301.14,4.07,D
15.05126,79.73014,337.98,0.39,0.36,2026-09-16,0809,SNPP,SNPP,n,2.0NRT,305.06,5.02,D
15.17474,76.65694,336.59,0.44,0.38,2026-09-16,0809,SNPP,SNPP,l,2.0NRT,306.73,6.22,D
15.18322,76.64294,340.89,0.44,0.38,2026-09-16,0809,SNPP,SNPP,l,2.0NRT,304.23,6.02,D
15.87144,80.60111,337.37,0.4,0.37,2026-09-16,0809,SNPP,SNPP,n,2.0NRT,304.36,3.2,D
15.82627,80.05234,345.32,0.39,0.36,2026-09-16,0809,SNPP,SNPP,n,2.0NRT,304.44,5.21,D
15.86686,79.89035,348.83,0.39,0.36,2026-09-16,0809,SNPP,SNPP,n,2.0NRT,305.99,10.09,D
15.83647,79.50893,340.87,0.38,0.36,2026-09-16,0809,SNPP,SNPP,n,2.0NRT,306.71,5.83,D
15.63841,78.10263,333.16,0.39,0.36,2026-09-16,0809,SNPP,SNPP,n,2.0NRT,301.14,4,D
15.24926,75.19452,330.95,0.51,0.41,2026-09-16,0809,SNPP,SNPP,l,2.0NRT,298.74,3.49,D
15.24818,75.19145,332.29,0.51,0.41,2026-09-16,0809,SNPP,SNPP,n,2.0NRT,297.84,3.02,D
16.80981,80.20505,330.39,0.4,0.37,2026-09-16,0809,SNPP,SNPP,l,2.0NRT,301.62,4.55,D
16.71376,79.56265,346.19,0.39,0.36,2026-09-16,0809,SNPP,SNPP,n,2.0NRT,303.1,5.28,D
16.81149,80.20468,331.81,0.4,0.37,2026-09-16,0809,SNPP,SNPP,n,2.0NRT,300.89,4.09,D
17.04335,80.70287,334.67,0.41,0.37,2026-09-16,0809,SNPP,SNPP,n,2.0NRT,300.52,2.58,D
16.85604,79.14082,332.95,0.38,0.36,2026-09-16,0809,SNPP,SNPP,l,2.0NRT,303.83,1.37,D
17.14139,80.77789,330.39,0.41,0.37,2026-09-16,0809,SNPP,SNPP,n,2.0NRT,298.65,2.05,D
17.05987,80.1198,332.97,0.4,0.37,2026-09-16,0809,SNPP,SNPP,n,2.0NRT,300.19,2.59,D
16.5696,75.22845,334.66,0.49,0.4,2026-09-16,0809,SNPP,SNPP,l,2.0NRT,305.08,16.85,D
17.58362,75.70586,333.38,0.45,0.39,2026-09-16,0809,SNPP,SNPP,l,2.0NRT,301.8,6.18,D
18.30667,79.47578,330.51,0.39,0.36,2026-09-16,0809,SNPP,SNPP,n,2.0NRT,299.71,2.59,D
18.05582,75.26559,344.31,0.47,0.39,2026-09-16,0811,SNPP,SNPP,n,2.0NRT,301.37,4.1,D
18.6819,73.03521,333.12,0.4,0.44,2026-09-16,0811,SNPP,SNPP,n,2.0NRT,292.08,4.5,D
20.79536,85.25188,330.11,0.52,0.5,2026-09-16,0811,SNPP,SNPP,n,2.0NRT,291.5,3.29,D
20.88488,84.98148,333.65,0.5,0.49,2026-09-16,0811,SNPP,SNPP,n,2.0NRT,295.07,4.26,D
20.88672,84.98424,341.92,0.5,0.49,2026-09-16,0811,SNPP,SNPP,n,2.0NRT,294.99,7.3,D
20.96785,85.17305,342.26,0.51,0.49,2026-09-16,0811,SNPP,SNPP,n,2.0NRT,297.43,8.52,D
19.91829,74.21223,339.65,0.5,0.41,2026-09-16,0811,SNPP,SNPP,n,2.0NRT,298.09,8.38,D
20.69658,78.63722,330.03,0.39,0.36,2026-09-16,0811,SNPP,SNPP,l,2.0NRT,304.32,2.59,D
21.67842,84.03878,336.05,0.44,0.46,2026-09-16,0811,SNPP,SNPP,n,2.0NRT,298.46,7.96,D
21.74078,83.84452,331.02,0.43,0.46,2026-09-16,0811,SNPP,SNPP,n,2.0NRT,298.81,5.96,D
21.74503,83.844,339.95,0.43,0.46,2026-09-16,0811,SNPP,SNPP,n,2.0NRT,298.95,7.48,D
21.74927,83.84347,346.49,0.43,0.46,2026-09-16,0811,SNPP,SNPP,n,2.0NRT,298.88,7.48,D
21.75352,83.84294,338.32,0.43,0.46,2026-09-16,0811,SNPP,SNPP,n,2.0NRT,299.21,3.22,D
21.75826,83.84662,336.06,0.43,0.46,2026-09-16,0811,SNPP,SNPP,n,2.0NRT,298,8.52,D
21.75776,83.84239,331.62,0.43,0.46,2026-09-16,0811,SNPP,SNPP,n,2.0NRT,297.03,3.22,D
21.763,83.85031,332.17,0.43,0.46,2026-09-16,0811,SNPP,SNPP,n,2.0NRT,297,5.64,D
21.92207,83.35213,342.48,0.41,0.45,2026-09-16,0811,SNPP,SNPP,n,2.0NRT,298.59,10.48,D
21.92159,83.34818,331.54,0.41,0.45,2026-09-16,0811,SNPP,SNPP,n,2.0NRT,298.25,5.63,D
21.33731,78.96886,330.67,0.39,0.36,2026-09-16,0811,SNPP,SNPP,n,2.0NRT,298.62,3.54,D
21.92476,83.33973,334.79,0.41,0.45,2026-09-16,0811,SNPP,SNPP,n,2.0NRT,299.64,5.44,D
22.03979,83.72896,339.03,0.43,0.46,2026-09-16,0811,SNPP,SNPP,n,2.0NRT,297.28,4.87,D
22.78692,86.20747,333.4,0.63,0.54,2026-09-16,0811,SNPP,SNPP,n,2.0NRT,295.86,11.78,D
22.35761,82.30546,338.35,0.54,0.42,2026-09-16,0811,SNPP,SNPP,n,2.0NRT,299.06,8.15,D
23.68524,86.39467,336.55,0.33,0.55,2026-09-16,0811,SNPP,SNPP,n,2.0NRT,294.41,7.07,D
23.67715,86.40037,328.92,0.33,0.55,2026-09-16,0811,SNPP,SNPP,n,2.0NRT,293.93,2.51,D
23.67685,86.39706,329.99,0.33,0.55,2026-09-16,0811,SNPP,SNPP,n,2.0NRT,294.2,2.51,D
23.68198,86.39639,329.38,0.33,0.55,2026-09-16,0811,SNPP,SNPP,n,2.0NRT,294.03,2.51,D
23.68681,86.39255,333.33,0.33,0.55,2026-09-16,0811,SNPP,SNPP,n,2.0NRT,294.67,4.73,D
23.73745,86.43335,335.1,0.33,0.55,2026-09-16,0811,SNPP,SNPP,n,2.0NRT,292.38,3.56,D
23.77765,86.21114,349.15,0.32,0.55,2026-09-16,0811,SNPP,SNPP,n,2.0NRT,295.46,6.63,D
23.78103,86.21056,356.47,0.32,0.55,2026-09-16,0811,SNPP,SNPP,n,2.0NRT,296.22,8.94,D
30.98641,74.78347,331.93,0.39,0.36,2026-09-16,0813,SNPP,SNPP,n,2.0NRT,297.46,5.37,D
30.99784,74.74787,335.12,0.39,0.36,2026-09-16,0813,SNPP,SNPP,n,2.0NRT,300.3,12.64,D
31.14556,75.06457,339.46,0.38,0.36,2026-09-16,0813,SNPP,SNPP,n,2.0NRT,297.5,4.48,D
31.57678,75.11276,337.43,0.38,0.36,2026-09-16,0813,SNPP,SNPP,n,2.0NRT,302.35,4.91,D
31.62166,75.02859,334.12,0.38,0.36,2026-09-16,0813,SNPP,SNPP,n,2.0NRT,300.32,1.86,D
34.00336,75.5161,332.88,0.39,0.36,2026-09-16,0816,SNPP,SNPP,n,2.0NRT,299.09,10.19,D
34.45443,74.24952,338.52,0.38,0.36,2026-09-16,0816,SNPP,SNPP,n,2.0NRT,300.74,6.18,D
22.0548,88.12333,302.18,0.77,0.78,2026-09-16,1900,SNPP,SNPP,n,2.0NRT,275.85,1.99,N
21.88284,88.16669,306.22,0.77,0.77,2026-09-16,1900,SNPP,SNPP,n,2.0NRT,284.03,1.98,N
21.8812,88.16744,310.53,0.77,0.77,2026-09-16,1900,SNPP,SNPP,n,2.0NRT,283.74,2.55,N
28.83548,77.14072,297.75,0.42,0.37,2026-09-16,2038,SNPP,SNPP,n,2.0NRT,269.19,0.28,N
28.74295,76.9282,303.08,0.42,0.38,2026-09-16,2038,SNPP,SNPP,n,2.0NRT,284.69,0.7,N
20.966,85.1814,304.35,0.55,0.51,2026-09-16,2040,SNPP,SNPP,n,2.0NRT,285.45,2.51,N
28.3737,77.227,306.19,0.41,0.37,2026-09-16,2040,SNPP,SNPP,n,2.0NRT,287.42,1.87,N
28.34849,77.25659,311.47,0.41,0.37,2026-09-16,2040,SNPP,SNPP,n,2.0NRT,284.68,2.22,N
26.76108,83.19954,306.33,0.5,0.41,2026-09-16,2040,SNPP,SNPP,n,2.0NRT,293.73,2.28,N
26.64202,79.4771,312.81,0.39,0.36,2026-09-16,2040,SNPP,SNPP,n,2.0NRT,295.09,0.88,N
26.62989,79.53049,308.59,0.39,0.36,2026-09-16,2040,SNPP,SNPP,n,2.0NRT,295.3,0.59,N
26.70449,77.85036,307.49,0.39,0.36,2026-09-16,2040,SNPP,SNPP,n,2.0NRT,296.04,1.41,N
26.70116,77.84975,309.29,0.39,0.36,2026-09-16,2040,SNPP,SNPP,n,2.0NRT,295.92,1.61,N
23.73638,86.43475,307.43,0.58,0.52,2026-09-16,2040,SNPP,SNPP,n,2.0NRT,267.66,1.54,N
23.78107,86.20674,304.45,0.56,0.51,2026-09-16,2040,SNPP,SNPP,n,2.0NRT,278.35,3.74,N
23.77989,86.21216,319.15,0.56,0.51,2026-09-16,2040,SNPP,SNPP,n,2.0NRT,277.91,1.71,N
23.7752,86.21107,299.79,0.56,0.51,2026-09-16,2040,SNPP,SNPP,n,2.0NRT,277.57,1.71,N
23.73776,86.4343,306.78,0.58,0.52,2026-09-16,2040,SNPP,SNPP,n,2.0NRT,267.39,2.17,N
23.77974,86.2111,323.79,0.56,0.51,2026-09-16,2040,SNPP,SNPP,n,2.0NRT,278.6,2.95,N
23.77504,86.21003,302.33,0.56,0.51,2026-09-16,2040,SNPP,SNPP,n,2.0NRT,277.48,2.95,N
23.71398,86.45204,296.36,0.58,0.52,2026-09-16,2040,SNPP,SNPP,n,2.0NRT,265.53,1.18,N
23.71041,86.44525,297.31,0.58,0.52,2026-09-16,2040,SNPP,SNPP,n,2.0NRT,266.26,1.08,N
23.77628,85.9952,300.43,0.54,0.51,2026-09-16,2040,SNPP,SNPP,n,2.0NRT,282.58,0.92,N
23.68678,86.39201,302.77,0.58,0.52,2026-09-16,2040,SNPP,SNPP,n,2.0NRT,271.09,2.09,N
23.68083,86.39639,301.16,0.58,0.52,2026-09-16,2040,SNPP,SNPP,n,2.0NRT,271.09,1.54,N
23.67607,86.39529,300.9,0.58,0.52,2026-09-16,2040,SNPP,SNPP,n,2.0NRT,270.63,1.54,N
23.67485,86.40094,297.12,0.58,0.52,2026-09-16,2040,SNPP,SNPP,n,2.0NRT,270.28,1.57,N
23.75813,85.85296,306.16,0.53,0.5,2026-09-16,2040,SNPP,SNPP,n,2.0NRT,284.97,2.07,N
23.82449,85.49656,303.5,0.51,0.49,2026-09-16,2040,SNPP,SNPP,n,2.0NRT,289.1,2,N
23.7002,86.07713,307.51,0.55,0.51,2026-09-16,2040,SNPP,SNPP,n,2.0NRT,279.94,1.68,N
23.69858,86.07553,309.53,0.55,0.51,2026-09-16,2040,SNPP,SNPP,n,2.0NRT,279.7,1.8,N
23.68015,86.09339,300.76,0.55,0.51,2026-09-16,2040,SNPP,SNPP,n,2.0NRT,279.5,1.68,N
23.78779,85.5535,320.64,0.51,0.49,2026-09-16,2040,SNPP,SNPP,n,2.0NRT,288.23,2.54,N
23.67663,86.08681,302.97,0.55,0.51,2026-09-16,2040,SNPP,SNPP,n,2.0NRT,280.09,1.13,N
23.77914,85.57248,307.55,0.51,0.49,2026-09-16,2040,SNPP,SNPP,n,2.0NRT,288.08,2.22,N
23.80972,84.84702,302.33,0.46,0.47,2026-09-16,2040,SNPP,SNPP,n,2.0NRT,287.18,0.74,N
23.69806,85.37019,308.27,0.5,0.49,2026-09-16,2040,SNPP,SNPP,n,2.0NRT,287.85,1.29,N
23.6936,85.36913,307.76,0.5,0.49,2026-09-16,2040,SNPP,SNPP,n,2.0NRT,287.79,1.29,N
23.65508,85.5093,303.78,0.51,0.49,2026-09-16,2040,SNPP,SNPP,n,2.0NRT,287.88,1.66,N
23.69628,85.28864,305.97,0.49,0.49,2026-09-16,2040,SNPP,SNPP,n,2.0NRT,288.36,1.29,N
23.74064,85.00724,303.67,0.47,0.48,2026-09-16,2040,SNPP,SNPP,n,2.0NRT,289.12,1.19,N
23.65157,85.43586,302.05,0.5,0.49,2026-09-16,2040,SNPP,SNPP,n,2.0NRT,287.59,0.71,N
23.64605,85.43977,302.95,0.51,0.49,2026-09-16,2040,SNPP,SNPP,n,2.0NRT,287.74,0.68,N
23.72227,85.00774,303.23,0.47,0.48,2026-09-16,2040,SNPP,SNPP,n,2.0NRT,288.33,0.73,N
24.16422,82.62969,308.2,0.51,0.41,2026-09-16,2040,SNPP,SNPP,n,2.0NRT,290.13,1.19,N
24.19693,80.79787,304.74,0.43,0.38,2026-09-16,2040,SNPP,SNPP,n,2.0NRT,291.36,0.55,N
22.79765,86.20492,325.5,0.58,0.52,2026-09-16,2040,SNPP,SNPP,n,2.0NRT,266.13,3.97,N
22.79641,86.21063,309.44,0.59,0.52,2026-09-16,2040,SNPP,SNPP,n,2.0NRT,265.13,3.97,N
22.79778,86.20975,330.84,0.59,0.53,2026-09-16,2040,SNPP,SNPP,n,2.0NRT,265.4,4.17,N
22.79898,86.20404,298.97,0.59,0.52,2026-09-16,2040,SNPP,SNPP,n,2.0NRT,266.56,3.49,N
22.7976,86.09148,303.82,0.58,0.52,2026-09-16,2040,SNPP,SNPP,n,2.0NRT,277.76,1.33,N
24.76556,74.60939,305.57,0.48,0.4,2026-09-16,2040,SNPP,SNPP,n,2.0NRT,291.42,0.65,N
24.76189,74.60881,305.88,0.48,0.4,2026-09-16,2040,SNPP,SNPP,n,2.0NRT,290.44,0.65,N
22.38017,87.27811,305.21,0.35,0.57,2026-09-16,2040,SNPP,SNPP,n,2.0NRT,268.56,0.69,N
22.37943,87.28146,302.16,0.35,0.57,2026-09-16,2040,SNPP,SNPP,n,2.0NRT,268.14,0.69,N
22.36465,87.299,295.43,0.35,0.57,2026-09-16,2040,SNPP,SNPP,n,2.0NRT,269.52,0.78,N
22.3639,87.30236,295.49,0.35,0.57,2026-09-16,2040,SNPP,SNPP,n,2.0NRT,269.4,0.48,N
22.57617,85.89533,299.87,0.57,0.52,2026-09-16,2040,SNPP,SNPP,n,2.0NRT,281.33,1.39,N
22.0573,88.12438,304.38,0.4,0.6,2026-09-16,2040,SNPP,SNPP,n,2.0NRT,276.94,1.3,N
22.05186,88.12296,302.79,0.4,0.6,2026-09-16,2040,SNPP,SNPP,n,2.0NRT,275.18,0.9,N
22.05262,88.12322,303.93,0.4,0.6,2026-09-16,2040,SNPP,SNPP,n,2.0NRT,274.83,1.82,N
23.1664,82.34291,329.66,0.51,0.41,2026-09-16,2040,SNPP,SNPP,n,2.0NRT,291.01,3.78,N
23.16735,82.33791,312.04,0.51,0.41,2026-09-16,2040,SNPP,SNPP,n,2.0NRT,290.74,1.76,N
23.16358,82.33712,317.17,0.51,0.41,2026-09-16,2040,SNPP,SNPP,n,2.0NRT,290.2,2.33,N
22.13421,85.38097,302.63,0.54,0.51,2026-09-16,2040,SNPP,SNPP,n,2.0NRT,285.89,1.7,N
22.20939,84.861,306.68,0.5,0.49,2026-09-16,2040,SNPP,SNPP,n,2.0NRT,289.88,2.34,N
22.20692,84.85046,314.1,0.5,0.49,2026-09-16,2040,SNPP,SNPP,n,2.0NRT,289.27,2.69,N
22.21112,84.86451,304.6,0.5,0.49,2026-09-16,2040,SNPP,SNPP,n,2.0NRT,289.53,3.51,N
22.22408,84.75336,304.72,0.49,0.48,2026-09-16,2040,SNPP,SNPP,n,2.0NRT,289.34,2.19,N
22.2051,84.84811,316.44,0.5,0.49,2026-09-16,2040,SNPP,SNPP,n,2.0NRT,289.28,2.76,N
22.21873,84.75699,305.61,0.49,0.48,2026-09-16,2040,SNPP,SNPP,n,2.0NRT,289.15,2.07,N
22.05596,85.46424,299.35,0.54,0.51,2026-09-16,2040,SNPP,SNPP,n,2.0NRT,283.15,0.44,N
22.20976,84.55068,305.99,0.47,0.48,2026-09-16,2040,SNPP,SNPP,n,2.0NRT,289.76,1.23,N
21.93038,85.2205,298.26,0.53,0.5,2026-09-16,2040,SNPP,SNPP,n,2.0NRT,271.79,1.34,N
21.92472,85.22459,300.56,0.53,0.5,2026-09-16,2040,SNPP,SNPP,n,2.0NRT,271.17,1.39,N
21.93044,85.22426,297.67,0.53,0.5,2026-09-16,2040,SNPP,SNPP,n,2.0NRT,271.84,0.96,N
21.92587,85.22319,299.91,0.53,0.5,2026-09-16,2040,SNPP,SNPP,n,2.0NRT,270.79,0.96,N
22.32377,82.58978,310.57,0.55,0.42,2026-09-16,2040,SNPP,SNPP,n,2.0NRT,290.78,1.25,N
22.32435,82.58759,308.05,0.55,0.42,2026-09-16,2040,SNPP,SNPP,n,2.0NRT,290.27,2.26,N
22.32054,82.56478,306.76,0.54,0.42,2026-09-16,2040,SNPP,SNPP,n,2.0NRT,291.24,3.34,N
22.36179,82.30003,317.39,0.53,0.42,2026-09-16,2040,SNPP,SNPP,n,2.0NRT,291.28,2.55,N
22.36085,82.30511,305.9,0.53,0.42,2026-09-16,2040,SNPP,SNPP,n,2.0NRT,291.17,2.55,N
22.35703,82.30431,331.4,0.53,0.42,2026-09-16,2040,SNPP,SNPP,n,2.0NRT,291.9,2.55,N
22.35798,82.29924,313.12,0.53,0.42,2026-09-16,2040,SNPP,SNPP,n,2.0NRT,290.35,2.55,N
22.31482,82.53086,309.31,0.54,0.42,2026-09-16,2040,SNPP,SNPP,n,2.0NRT,290.83,2.42,N
22.06494,83.70469,306.09,0.43,0.46,2026-09-16,2040,SNPP,SNPP,n,2.0NRT,289.65,0.82,N
22.04268,83.72959,310.07,0.43,0.46,2026-09-16,2040,SNPP,SNPP,n,2.0NRT,290.42,1.88,N
22.03853,83.72861,308.86,0.43,0.46,2026-09-16,2040,SNPP,SNPP,n,2.0NRT,290.61,1.08,N
22.03772,83.73272,305.26,0.43,0.46,2026-09-16,2040,SNPP,SNPP,n,2.0NRT,290.46,1.08,N
22.01616,83.75363,316.37,0.43,0.46,2026-09-16,2040,SNPP,SNPP,n,2.0NRT,290.78,2.52,N
22.10584,83.12509,310.18,0.39,0.44,2026-09-16,2040,SNPP,SNPP,n,2.0NRT,290.88,1.39,N
22.09053,83.11774,305.04,0.39,0.44,2026-09-16,2040,SNPP,SNPP,n,2.0NRT,290.52,0.78,N
21.96386,83.77377,311.7,0.43,0.46,2026-09-16,2040,SNPP,SNPP,n,2.0NRT,290.57,1.99,N
22.03754,83.34983,312.97,0.41,0.45,2026-09-16,2040,SNPP,SNPP,n,2.0NRT,290.76,1.38,N
22.03679,83.35375,307.86,0.41,0.45,2026-09-16,2040,SNPP,SNPP,n,2.0NRT,291.24,1.86,N
21.85993,83.96577,304.28,0.44,0.46,2026-09-16,2040,SNPP,SNPP,n,2.0NRT,289.85,0.5,N
21.98478,83.2346,316.29,0.4,0.44,2026-09-16,2040,SNPP,SNPP,n,2.0NRT,291.41,2.69,N
21.92036,83.34976,319.31,0.41,0.45,2026-09-16,2040,SNPP,SNPP,n,2.0NRT,292.27,2.79,N
21.9196,83.35368,309.51,0.41,0.45,2026-09-16,2040,SNPP,SNPP,n,2.0NRT,291.17,1.22,N
21.76724,84.01838,320.2,0.45,0.47,2026-09-16,2040,SNPP,SNPP,n,2.0NRT,291.45,4.18,N
21.76213,84.02171,309.96,0.45,0.47,2026-09-16,2040,SNPP,SNPP,n,2.0NRT,291.16,3.71,N
22.00566,82.67021,315.19,0.56,0.43,2026-09-16,2040,SNPP,SNPP,n,2.0NRT,291.4,3.53,N
21.76571,83.84904,313.57,0.44,0.46,2026-09-16,2040,SNPP,SNPP,n,2.0NRT,290.83,1.94,N
21.7615,83.84806,331.42,0.44,0.46,2026-09-16,2040,SNPP,SNPP,n,2.0NRT,291.33,2.31,N
21.76235,83.84384,305.24,0.44,0.46,2026-09-16,2040,SNPP,SNPP,n,2.0NRT,290.48,2.31,N
21.75814,83.84288,325.56,0.44,0.46,2026-09-16,2040,SNPP,SNPP,n,2.0NRT,291.51,2.31,N
21.75729,83.84709,307.64,0.44,0.46,2026-09-16,2040,SNPP,SNPP,n,2.0NRT,290.58,2.31,N
21.76264,83.84577,321.76,0.44,0.46,2026-09-16,2040,SNPP,SNPP,n,2.0NRT,290.69,3.19,N
21.76182,83.85001,319.45,0.44,0.46,2026-09-16,2040,SNPP,SNPP,n,2.0NRT,290.85,3.19,N
21.75843,83.84481,321.94,0.44,0.46,2026-09-16,2040,SNPP,SNPP,n,2.0NRT,291.38,3.61,N
21.75422,83.84384,328.7,0.44,0.46,2026-09-16,2040,SNPP,SNPP,n,2.0NRT,291.59,3.61,N
21.75002,83.84284,337.87,0.44,0.46,2026-09-16,2040,SNPP,SNPP,n,2.0NRT,291.88,5.32,N
21.74582,83.84184,330.08,0.44,0.46,2026-09-16,2040,SNPP,SNPP,n,2.0NRT,291.64,5.32,N
21.74161,83.84083,315.04,0.44,0.46,2026-09-16,2040,SNPP,SNPP,n,2.0NRT,291.44,3.5,N
21.68094,84.03707,308.2,0.45,0.47,2026-09-16,2040,SNPP,SNPP,n,2.0NRT,290.44,4.18,N
21.68009,84.04137,313.26,0.45,0.47,2026-09-16,2040,SNPP,SNPP,n,2.0NRT,290.69,4.15,N
21.8022,82.03944,311.42,0.52,0.42,2026-09-16,2040,SNPP,SNPP,n,2.0NRT,291.42,1.64,N
21.67427,82.07825,310.26,0.52,0.42,2026-09-16,2040,SNPP,SNPP,n,2.0NRT,291.59,0.99,N
21.67333,82.08327,307.19,0.52,0.42,2026-09-16,2040,SNPP,SNPP,n,2.0NRT,291.37,0.99,N
21.07667,85.03596,306.02,0.53,0.5,2026-09-16,2040,SNPP,SNPP,n,2.0NRT,286.77,3.39,N
21.07841,85.03456,307.67,0.53,0.5,2026-09-16,2040,SNPP,SNPP,n,2.0NRT,286.76,1.76,N
21.07738,85.03967,306.98,0.53,0.5,2026-09-16,2040,SNPP,SNPP,n,2.0NRT,286.59,1.76,N
20.97851,85.16806,306.29,0.55,0.51,2026-09-16,2040,SNPP,SNPP,n,2.0NRT,285.98,1.79,N
20.97744,85.17324,310.57,0.55,0.51,2026-09-16,2040,SNPP,SNPP,n,2.0NRT,285.88,1.56,N
20.98036,85.13575,310.1,0.54,0.51,2026-09-16,2040,SNPP,SNPP,n,2.0NRT,287.09,3.48,N
20.9728,85.17211,311.7,0.55,0.51,2026-09-16,2040,SNPP,SNPP,n,2.0NRT,286.13,2.17,N
20.97173,85.1773,311.04,0.55,0.51,2026-09-16,2040,SNPP,SNPP,n,2.0NRT,285.71,2.17,N
20.96491,85.18665,325.75,0.55,0.51,2026-09-16,2040,SNPP,SNPP,n,2.0NRT,285.6,2.51,N
20.96817,85.17097,319.67,0.55,0.51,2026-09-16,2040,SNPP,SNPP,n,2.0NRT,286.2,2.17,N
20.96709,85.17618,310.01,0.55,0.51,2026-09-16,2040,SNPP,SNPP,n,2.0NRT,286.15,2.17,N
20.96678,85.1543,305.5,0.55,0.51,2026-09-16,2040,SNPP,SNPP,n,2.0NRT,286.45,1.9,N
20.96461,85.16467,311.94,0.55,0.51,2026-09-16,2040,SNPP,SNPP,n,2.0NRT,286.5,2.84,N
20.96353,85.16985,311.16,0.55,0.51,2026-09-16,2040,SNPP,SNPP,n,2.0NRT,286.29,3.68,N
20.96234,85.16837,309.52,0.55,0.51,2026-09-16,2040,SNPP,SNPP,n,2.0NRT,286.59,2.93,N
20.9613,85.17358,307.5,0.55,0.51,2026-09-16,2040,SNPP,SNPP,n,2.0NRT,286.37,1.77,N
20.95571,85.00945,304.3,0.54,0.5,2026-09-16,2040,SNPP,SNPP,n,2.0NRT,285.62,1.71,N
20.88892,84.98279,313.09,0.53,0.5,2026-09-16,2040,SNPP,SNPP,n,2.0NRT,286.23,2.28,N
20.88434,84.98166,308.54,0.53,0.5,2026-09-16,2040,SNPP,SNPP,n,2.0NRT,286.48,2.03,N
20.86847,84.98844,307.03,0.54,0.5,2026-09-16,2040,SNPP,SNPP,n,2.0NRT,287.16,1.68,N
20.86736,84.99375,304.84,0.54,0.5,2026-09-16,2040,SNPP,SNPP,n,2.0NRT,287.31,1.68,N
20.88528,84.98427,321.6,0.54,0.5,2026-09-16,2040,SNPP,SNPP,n,2.0NRT,286.74,2.64,N
21.48705,81.76936,310.56,0.51,0.41,2026-09-16,2040,SNPP,SNPP,n,2.0NRT,291.65,3.28,N
20.86948,84.99106,306.13,0.54,0.51,2026-09-16,2040,SNPP,SNPP,n,2.0NRT,287.45,2.39,N
20.86486,84.99007,316.5,0.54,0.51,2026-09-16,2040,SNPP,SNPP,n,2.0NRT,287.06,2.39,N
20.79671,85.25403,303.73,0.56,0.51,2026-09-16,2040,SNPP,SNPP,n,2.0NRT,287.43,1.73,N
21.38918,81.64635,307.95,0.5,0.41,2026-09-16,2040,SNPP,SNPP,n,2.0NRT,291.66,2.4,N
21.37929,81.67932,307.42,0.51,0.41,2026-09-16,2040,SNPP,SNPP,n,2.0NRT,291.54,2.28,N
21.37555,81.67852,310.47,0.51,0.41,2026-09-16,2040,SNPP,SNPP,n,2.0NRT,291.81,2.28,N
21.34651,81.66743,313.63,0.51,0.41,2026-09-16,2040,SNPP,SNPP,n,2.0NRT,291.47,1.98,N
21.30923,81.59255,310.77,0.5,0.41,2026-09-16,2040,SNPP,SNPP,n,2.0NRT,291.96,1.18,N
20.26019,86.60262,308.09,0.35,0.57,2026-09-16,2040,SNPP,SNPP,n,2.0NRT,286.89,0.99,N
22.26526,75.13476,306.64,0.43,0.38,2026-09-16,2040,SNPP,SNPP,n,2.0NRT,292.5,1.52,N
22.26511,75.13223,309.6,0.43,0.38,2026-09-16,2040,SNPP,SNPP,n,2.0NRT,292.41,1.57,N
21.19374,81.41823,311.61,0.49,0.41,2026-09-16,2040,SNPP,SNPP,n,2.0NRT,291.47,0.65,N
21.18694,81.39231,308.48,0.49,0.4,2026-09-16,2040,SNPP,SNPP,n,2.0NRT,292.72,2.36,N
21.23548,79.62951,313.84,0.42,0.37,2026-09-16,2040,SNPP,SNPP,n,2.0NRT,293.35,1.81,N
21.23205,79.62885,308.2,0.42,0.37,2026-09-16,2040,SNPP,SNPP,n,2.0NRT,293.21,1.81,N
21.23264,79.63024,316.03,0.42,0.37,2026-09-16,2040,SNPP,SNPP,n,2.0NRT,293.69,2.78,N
21.33662,78.96928,326.27,0.4,0.37,2026-09-16,2040,SNPP,SNPP,n,2.0NRT,293.87,2.8,N
21.24744,79.21069,307.87,0.41,0.37,2026-09-16,2040,SNPP,SNPP,n,2.0NRT,292.25,0.76,N
21.24547,79.22234,314.15,0.41,0.37,2026-09-16,2040,SNPP,SNPP,n,2.0NRT,293.56,1.59,N
21.24077,79.22945,309.68,0.41,0.37,2026-09-16,2040,SNPP,SNPP,n,2.0NRT,293.2,1.57,N
20.7046,78.6228,306.08,0.4,0.37,2026-09-16,2040,SNPP,SNPP,n,2.0NRT,293.67,1.07,N
20.70125,78.62218,306.59,0.4,0.37,2026-09-16,2040,SNPP,SNPP,n,2.0NRT,293.59,1.2,N
21.10963,72.64555,306.28,0.54,0.42,2026-09-16,2042,SNPP,SNPP,n,2.0NRT,291.24,4.81,N
21.10572,72.64497,340.61,0.54,0.42,2026-09-16,2042,SNPP,SNPP,n,2.0NRT,292.51,11.63,N
21.10505,72.65024,305.8,0.54,0.42,2026-09-16,2042,SNPP,SNPP,n,2.0NRT,290.79,11.63,N
21.10314,72.63384,333.46,0.55,0.42,2026-09-16,2042,SNPP,SNPP,n,2.0NRT,292.01,19.9,N
21.10388,72.63271,330.15,0.55,0.42,2026-09-16,2042,SNPP,SNPP,n,2.0NRT,290.73,12.4,N
21.11097,72.63501,309.85,0.55,0.42,2026-09-16,2042,SNPP,SNPP,n,2.0NRT,291.62,5.53,N
21.10318,72.63799,326.28,0.54,0.42,2026-09-16,2042,SNPP,SNPP,n,2.0NRT,291.71,5.92,N
21.10248,72.64323,304.86,0.54,0.42,2026-09-16,2042,SNPP,SNPP,n,2.0NRT,290.56,5.92,N
19.96132,79.33545,309.1,0.42,0.38,2026-09-16,2042,SNPP,SNPP,n,2.0NRT,292.49,1.64,N
19.78615,79.14957,307.17,0.41,0.37,2026-09-16,2042,SNPP,SNPP,n,2.0NRT,293.95,0.85,N
19.10453,82.16895,305.96,0.39,0.44,2026-09-16,2042,SNPP,SNPP,n,2.0NRT,289.19,0.9,N
19.10054,82.16809,304.96,0.39,0.44,2026-09-16,2042,SNPP,SNPP,n,2.0NRT,288.71,0.9,N
19.09656,82.16724,311.1,0.39,0.44,2026-09-16,2042,SNPP,SNPP,n,2.0NRT,289.17,1.78,N
19.09188,82.17005,304.74,0.39,0.44,2026-09-16,2042,SNPP,SNPP,n,2.0NRT,289.25,1.22,N
20.35746,72.95112,310.17,0.51,0.41,2026-09-16,2042,SNPP,SNPP,n,2.0NRT,290.57,0.73,N
18.72141,79.53712,307.09,0.44,0.38,2026-09-16,2042,SNPP,SNPP,n,2.0NRT,286.55,1.38,N
17.9577,80.79324,313.05,0.51,0.41,2026-09-16,2042,SNPP,SNPP,n,2.0NRT,285.55,3.22,N
17.37035,77.44593,305.98,0.39,0.36,2026-09-16,2042,SNPP,SNPP,n,2.0NRT,292.58,0.95,N
16.87278,80.02107,310.49,0.48,0.4,2026-09-16,2042,SNPP,SNPP,n,2.0NRT,293.75,3.75,N
17.14627,78.22549,305.86,0.41,0.37,2026-09-16,2042,SNPP,SNPP,n,2.0NRT,292.31,0.77,N
17.06348,76.97945,315.91,0.39,0.36,2026-09-16,2042,SNPP,SNPP,n,2.0NRT,294.84,2.68,N
15.68402,78.45842,307.56,0.42,0.38,2026-09-16,2042,SNPP,SNPP,n,2.0NRT,294.04,2.46,N
15.35812,76.71073,311.76,0.39,0.36,2026-09-16,2042,SNPP,SNPP,n,2.0NRT,291.95,0.97,N
15.33536,76.2847,304.94,0.38,0.36,2026-09-16,2042,SNPP,SNPP,n,2.0NRT,292.11,1.17,N
15.33773,76.2485,305.93,0.38,0.36,2026-09-16,2042,SNPP,SNPP,n,2.0NRT,292.26,0.99,N
15.30955,76.2547,306.86,0.38,0.36,2026-09-16,2042,SNPP,SNPP,n,2.0NRT,291.79,0.54,N
15.30143,76.2204,308.24,0.38,0.36,2026-09-16,2042,SNPP,SNPP,n,2.0NRT,292.23,0.82,N
15.18758,76.65636,312.35,0.39,0.36,2026-09-16,2042,SNPP,SNPP,n,2.0NRT,293.58,3.39,N
15.18253,76.66656,322.73,0.39,0.36,2026-09-16,2042,SNPP,SNPP,n,2.0NRT,292.39,3.79,N
15.17516,76.69111,321.17,0.39,0.36,2026-09-16,2042,SNPP,SNPP,n,2.0NRT,292.21,2.71,N
15.17762,76.65465,320.2,0.39,0.36,2026-09-16,2042,SNPP,SNPP,n,2.0NRT,291.49,1.85,N
15.17705,76.65824,318.61,0.39,0.36,2026-09-16,2042,SNPP,SNPP,n,2.0NRT,291.16,1.26,N
15.17431,76.65408,307.26,0.39,0.36,2026-09-16,2042,SNPP,SNPP,n,2.0NRT,289.78,1.85,N
15.17373,76.65767,305.27,0.39,0.36,2026-09-16,2042,SNPP,SNPP,n,2.0NRT,289.9,1.26,N
15.17315,76.66125,308.75,0.39,0.36,2026-09-16,2042,SNPP,SNPP,n,2.0NRT,288.76,1.26,N
15.11606,76.80288,304.8,0.39,0.36,2026-09-16,2042,SNPP,SNPP,n,2.0NRT,289.66,1.31,N
15.11215,76.80591,303.17,0.39,0.36,2026-09-16,2042,SNPP,SNPP,n,2.0NRT,288.82,0.99,N
13.3958,80.07763,309.59,0.54,0.42,2026-09-16,2044,SNPP,SNPP,n,2.0NRT,293.28,0.99,N
13.39193,80.0769,309.79,0.54,0.42,2026-09-16,2044,SNPP,SNPP,n,2.0NRT,293.19,0.85,N
13.89798,76.56422,306.05,0.39,0.36,2026-09-16,2044,SNPP,SNPP,n,2.0NRT,292.13,0.54,N
11.84093,79.02319,332.41,0.43,0.46,2026-09-17,0750,SNPP,SNPP,n,2.0NRT,297.32,2.79,D
8.5661,77.67891,346.14,0.6,0.53,2026-09-17,0750,SNPP,SNPP,n,2.0NRT,296.67,10.23,D
8.56332,77.68252,335.26,0.6,0.53,2026-09-17,0750,SNPP,SNPP,n,2.0NRT,296.11,5.63,D
10.94808,77.369,332.82,0.58,0.52,2026-09-17,0750,SNPP,SNPP,n,2.0NRT,292.75,2.59,D
11.70747,79.19976,330.48,0.43,0.46,2026-09-17,0750,SNPP,SNPP,n,2.0NRT,298.27,1.48,D
11.84172,79.02304,330.67,0.44,0.46,2026-09-17,0750,SNPP,SNPP,n,2.0NRT,297.19,2.11,D
14.11936,77.71715,331.89,0.48,0.48,2026-09-17,0752,SNPP,SNPP,n,2.0NRT,300.8,6.82,D
14.0709,77.2552,337.19,0.52,0.5,2026-09-17,0752,SNPP,SNPP,n,2.0NRT,300.64,5.6,D
14.4197,77.97533,337.35,0.46,0.47,2026-09-17,0752,SNPP,SNPP,n,2.0NRT,301.6,3.45,D
14.47426,78.25214,345.76,0.44,0.46,2026-09-17,0752,SNPP,SNPP,n,2.0NRT,302.58,7.33,D
14.34916,76.77248,335.54,0.55,0.51,2026-09-17,0752,SNPP,SNPP,n,2.0NRT,299.7,7.92,D
14.34582,76.77034,338.34,0.55,0.51,2026-09-17,0752,SNPP,SNPP,n,2.0NRT,299.74,5.57,D
14.63784,77.24184,342.1,0.51,0.49,2026-09-17,0752,SNPP,SNPP,n,2.0NRT,301,6.26,D
15.22019,77.55892,348.38,0.47,0.48,2026-09-17,0752,SNPP,SNPP,n,2.0NRT,302.14,9.7,D
15.90257,79.4185,333.26,0.54,0.42,2026-09-17,0752,SNPP,SNPP,n,2.0NRT,301.62,2.37,D
15.72621,78.39029,342.11,0.41,0.45,2026-09-17,0752,SNPP,SNPP,n,2.0NRT,300.53,5.89,D
15.71992,78.20345,337.01,0.42,0.45,2026-09-17,0752,SNPP,SNPP,n,2.0NRT,301.75,5.11,D
15.57457,76.90315,331.92,0.51,0.5,2026-09-17,0752,SNPP,SNPP,n,2.0NRT,299.62,3.25,D
15.28948,75.23705,333.78,0.33,0.56,2026-09-17,0752,SNPP,SNPP,n,2.0NRT,298.47,2.24,D
16.13089,78.2978,343.56,0.41,0.45,2026-09-17,0752,SNPP,SNPP,n,2.0NRT,297.81,5.16,D
16.46995,79.60595,334.17,0.51,0.41,2026-09-17,0752,SNPP,SNPP,l,2.0NRT,300.73,8.74,D
16.7369,79.29222,336.26,0.53,0.42,2026-09-17,0752,SNPP,SNPP,n,2.0NRT,302.01,3.89,D
18.00865,83.52342,330.28,0.38,0.36,2026-09-17,0752,SNPP,SNPP,n,2.0NRT,297.03,1.31,D
17.93264,82.01937,333.7,0.4,0.37,2026-09-17,0752,SNPP,SNPP,n,2.0NRT,297.53,2.37,D
19.09782,82.16909,334.45,0.39,0.36,2026-09-17,0752,SNPP,SNPP,n,2.0NRT,300.53,4.5,D
20.7945,85.25539,337.85,0.43,0.38,2026-09-17,0752,SNPP,SNPP,n,2.0NRT,291.23,7.84,D
20.86482,84.98676,334.65,0.42,0.38,2026-09-17,0752,SNPP,SNPP,n,2.0NRT,298.42,2.25,D
20.86884,84.99023,333.3,0.42,0.38,2026-09-17,0752,SNPP,SNPP,n,2.0NRT,300.8,10.16,D
20.88555,84.98354,340.2,0.42,0.38,2026-09-17,0752,SNPP,SNPP,n,2.0NRT,301.13,5.88,D
20.889,84.98299,338.03,0.42,0.38,2026-09-17,0752,SNPP,SNPP,n,2.0NRT,300.29,5.88,D
20.97951,85.13586,334,0.43,0.38,2026-09-17,0752,SNPP,SNPP,n,2.0NRT,299.68,4.58,D
22.05378,88.12634,339.82,0.41,0.45,2026-09-17,0752,SNPP,SNPP,n,2.0NRT,294.62,3.6,D
22.37893,87.28261,333.14,0.55,0.43,2026-09-17,0752,SNPP,SNPP,n,2.0NRT,297.42,8.99,D
22.37826,87.27721,333.28,0.55,0.43,2026-09-17,0752,SNPP,SNPP,n,2.0NRT,296.35,8.13,D
21.91952,83.35139,344.18,0.39,0.36,2026-09-17,0752,SNPP,SNPP,n,2.0NRT,301.07,6.34,D
21.92284,83.35082,349.35,0.39,0.36,2026-09-17,0752,SNPP,SNPP,n,2.0NRT,298.66,6.34,D
21.9295,83.34969,329.08,0.39,0.36,2026-09-17,0752,SNPP,SNPP,n,2.0NRT,298.31,4.95,D
21.98642,83.23223,329.86,0.39,0.36,2026-09-17,0752,SNPP,SNPP,l,2.0NRT,300.43,3.12,D
21.10249,72.63689,367,0.38,0.59,2026-09-17,0754,SNPP,SNPP,h,2.0NRT,292.62,9.37,D
21.10482,72.64775,343.6,0.38,0.59,2026-09-17,0754,SNPP,SNPP,n,2.0NRT,293.04,6.57,D
23.67882,86.39905,336.25,0.51,0.41,2026-09-17,0754,SNPP,SNPP,n,2.0NRT,298.08,13.52,D
23.6779,86.08772,333.27,0.5,0.41,2026-09-17,0754,SNPP,SNPP,n,2.0NRT,296.92,4.68,D
23.16512,82.34019,339.91,0.38,0.36,2026-09-17,0754,SNPP,SNPP,n,2.0NRT,298.49,5.58,D
23.16455,82.33646,330.69,0.38,0.36,2026-09-17,0754,SNPP,SNPP,n,2.0NRT,296.94,2.68,D
23.78183,86.21259,333.45,0.5,0.41,2026-09-17,0754,SNPP,SNPP,n,2.0NRT,295.55,4.44,D
23.78114,86.20964,346.86,0.5,0.41,2026-09-17,0754,SNPP,SNPP,n,2.0NRT,297.59,6.73,D
29.91951,74.9534,303.76,0.32,0.55,2026-09-17,2019,SNPP,SNPP,n,2.0NRT,291.13,0.92,N
24.92962,84.148,307.83,0.39,0.36,2026-09-17,2019,SNPP,SNPP,n,2.0NRT,290.32,0.88,N
26.75973,83.19985,314.71,0.39,0.36,2026-09-17,2019,SNPP,SNPP,n,2.0NRT,295.09,3.36,N
25.54002,91.23613,301.7,0.54,0.51,2026-09-17,2019,SNPP,SNPP,n,2.0NRT,284.95,0.76,N
20.96897,85.17303,338.81,0.45,0.39,2026-09-17,2021,SNPP,SNPP,n,2.0NRT,288.7,2.46,N
21.32329,81.57885,305.13,0.39,0.36,2026-09-17,2021,SNPP,SNPP,n,2.0NRT,290.36,0.49,N
21.31103,81.59196,311.6,0.39,0.36,2026-09-17,2021,SNPP,SNPP,n,2.0NRT,290.59,0.83,N
21.30612,81.57966,307.31,0.39,0.36,2026-09-17,2021,SNPP,SNPP,n,2.0NRT,290.83,0.24,N
21.29878,81.60506,307.41,0.39,0.36,2026-09-17,2021,SNPP,SNPP,n,2.0NRT,290.49,0.82,N
20.53433,85.90583,318.79,0.49,0.4,2026-09-17,2021,SNPP,SNPP,n,2.0NRT,279.27,2.14,N
20.53064,85.90511,303.84,0.49,0.4,2026-09-17,2021,SNPP,SNPP,n,2.0NRT,279.02,1.2,N
21.19556,81.41569,329.5,0.39,0.36,2026-09-17,2021,SNPP,SNPP,n,2.0NRT,291.78,3.16,N
21.19233,81.39217,307.74,0.39,0.36,2026-09-17,2021,SNPP,SNPP,n,2.0NRT,292.15,1.16,N
21.189,81.39159,308.81,0.39,0.36,2026-09-17,2021,SNPP,SNPP,n,2.0NRT,292.81,0.82,N
21.18625,81.38728,314.83,0.39,0.36,2026-09-17,2021,SNPP,SNPP,n,2.0NRT,292.36,1.6,N
21.18568,81.39101,311.59,0.39,0.36,2026-09-17,2021,SNPP,SNPP,n,2.0NRT,293.32,0.82,N
21.18292,81.3867,334.71,0.39,0.36,2026-09-17,2021,SNPP,SNPP,n,2.0NRT,294,2.74,N
21.18349,81.38296,310.32,0.39,0.36,2026-09-17,2021,SNPP,SNPP,n,2.0NRT,292.6,2.74,N
21.17959,81.38611,334.36,0.39,0.36,2026-09-17,2021,SNPP,SNPP,n,2.0NRT,293.22,2.74,N
21.18898,81.19984,307.1,0.39,0.36,2026-09-17,2021,SNPP,SNPP,n,2.0NRT,291.68,1.01,N
20.25925,86.60054,308.89,0.53,0.42,2026-09-17,2021,SNPP,SNPP,n,2.0NRT,284.13,1.61,N
21.33811,78.97135,305.49,0.46,0.39,2026-09-17,2021,SNPP,SNPP,n,2.0NRT,290.74,1.47,N
21.33511,78.96634,318.19,0.46,0.39,2026-09-17,2021,SNPP,SNPP,n,2.0NRT,291.28,2.17,N
21.24864,79.20864,309.53,0.45,0.39,2026-09-17,2021,SNPP,SNPP,n,2.0NRT,290.14,3.82,N
21.43239,72.97762,321.76,0.34,0.56,2026-09-17,2021,SNPP,SNPP,n,2.0NRT,288.68,1.98,N
21.11183,72.63544,319.84,0.36,0.57,2026-09-17,2021,SNPP,SNPP,n,2.0NRT,289.3,2.02,N
21.10547,72.64535,344.2,0.36,0.57,2026-09-17,2021,SNPP,SNPP,n,2.0NRT,290.06,7.41,N
21.1065,72.6348,304.79,0.36,0.57,2026-09-17,2021,SNPP,SNPP,n,2.0NRT,289.14,2.02,N
21.10117,72.63416,347.21,0.36,0.57,2026-09-17,2021,SNPP,SNPP,n,2.0NRT,289.41,6.23,N
21.11343,72.63612,310.65,0.36,0.57,2026-09-17,2021,SNPP,SNPP,n,2.0NRT,289.62,1.76,N
21.10699,72.64602,340.1,0.36,0.57,2026-09-17,2021,SNPP,SNPP,n,2.0NRT,290.47,6.14,N
21.1081,72.6355,313.63,0.36,0.57,2026-09-17,2021,SNPP,SNPP,n,2.0NRT,289.45,1.76,N
21.10278,72.63486,350.06,0.36,0.57,2026-09-17,2021,SNPP,SNPP,n,2.0NRT,289.59,5.74,N
21.10167,72.6454,305.38,0.36,0.57,2026-09-17,2021,SNPP,SNPP,n,2.0NRT,289.03,1.57,N
20.12774,79.01972,308.61,0.44,0.39,2026-09-17,2021,SNPP,SNPP,n,2.0NRT,287.26,1.06,N
19.961,79.33565,304.99,0.43,0.38,2026-09-17,2021,SNPP,SNPP,n,2.0NRT,284.5,0.47,N
19.96102,79.33298,303.05,0.43,0.38,2026-09-17,2021,SNPP,SNPP,n,2.0NRT,284.91,0.88,N
19.93054,79.12032,302.94,0.44,0.38,2026-09-17,2021,SNPP,SNPP,n,2.0NRT,281.23,0.67,N
19.10327,82.16475,296.93,0.39,0.36,2026-09-17,2021,SNPP,SNPP,n,2.0NRT,261.98,0.17,N
19.10268,82.1684,295.79,0.39,0.36,2026-09-17,2021,SNPP,SNPP,n,2.0NRT,262.03,0.19,N
19.09937,82.1678,297.32,0.39,0.36,2026-09-17,2021,SNPP,SNPP,n,2.0NRT,261.65,0.19,N
19.09667,82.16798,300.37,0.39,0.36,2026-09-17,2021,SNPP,SNPP,n,2.0NRT,263.78,0.27,N
19.10099,73.0514,301.48,0.32,0.54,2026-09-17,2021,SNPP,SNPP,n,2.0NRT,288.78,0.7,N
17.62322,83.19546,307.19,0.41,0.37,2026-09-17,2021,SNPP,SNPP,n,2.0NRT,292.83,0.64,N
17.6111,83.20508,326.48,0.41,0.37,2026-09-17,2021,SNPP,SNPP,n,2.0NRT,294.23,1.72,N
17.60769,83.20445,308.38,0.41,0.37,2026-09-17,2021,SNPP,SNPP,n,2.0NRT,293.49,1.72,N
17.60493,83.2,308.81,0.41,0.37,2026-09-17,2021,SNPP,SNPP,n,2.0NRT,293.27,1.38,N
17.98388,80.8305,307.38,0.39,0.36,2026-09-17,2021,SNPP,SNPP,n,2.0NRT,291.49,1.37,N
17.95851,80.79635,314.21,0.39,0.36,2026-09-17,2021,SNPP,SNPP,n,2.0NRT,290.52,1.03,N
17.95519,80.79579,305.44,0.39,0.36,2026-09-17,2021,SNPP,SNPP,n,2.0NRT,289.4,1.03,N
18.61427,73.7197,318.38,0.57,0.52,2026-09-17,2021,SNPP,SNPP,n,2.0NRT,285.69,2.83,N
17.46283,80.65397,311.25,0.39,0.36,2026-09-17,2021,SNPP,SNPP,n,2.0NRT,286.5,1.18,N
23.5586,87.23982,335.25,0.52,0.41,2026-09-17,2021,SNPP,SNPP,n,2.0NRT,265.95,6.29,N
24.20532,82.70683,305.18,0.38,0.36,2026-09-17,2021,SNPP,SNPP,n,2.0NRT,289.99,0.64,N
24.20473,82.71059,306.64,0.38,0.36,2026-09-17,2021,SNPP,SNPP,n,2.0NRT,290.7,1.45,N
24.19693,82.7169,319.69,0.38,0.36,2026-09-17,2021,SNPP,SNPP,n,2.0NRT,290.08,1.62,N
24.20653,82.52477,302.9,0.39,0.36,2026-09-17,2021,SNPP,SNPP,n,2.0NRT,285.63,0.56,N
24.18205,82.65988,307.62,0.38,0.36,2026-09-17,2021,SNPP,SNPP,n,2.0NRT,290.44,1.18,N
24.1811,82.64421,307.27,0.38,0.36,2026-09-17,2021,SNPP,SNPP,n,2.0NRT,289.88,0.92,N
24.16302,82.62923,310.7,0.38,0.36,2026-09-17,2021,SNPP,SNPP,n,2.0NRT,289.83,1.11,N
24.15919,82.56651,308.94,0.38,0.36,2026-09-17,2021,SNPP,SNPP,n,2.0NRT,290.19,1.13,N
24.1545,82.59667,303.68,0.38,0.36,2026-09-17,2021,SNPP,SNPP,n,2.0NRT,289.36,0.57,N
24.1451,82.65688,309.94,0.38,0.36,2026-09-17,2021,SNPP,SNPP,n,2.0NRT,288.77,0.93,N
23.82859,84.57331,305.7,0.4,0.37,2026-09-17,2021,SNPP,SNPP,n,2.0NRT,288.02,1.88,N
23.73961,85.0083,309.55,0.41,0.37,2026-09-17,2021,SNPP,SNPP,n,2.0NRT,286.93,1.57,N
24.32523,81.32887,308.4,0.4,0.37,2026-09-17,2021,SNPP,SNPP,n,2.0NRT,288.99,0.64,N
23.64853,85.43797,302.31,0.43,0.38,2026-09-17,2021,SNPP,SNPP,n,2.0NRT,274.75,0.34,N
23.71881,85.00961,308.91,0.42,0.37,2026-09-17,2021,SNPP,SNPP,n,2.0NRT,284.92,0.59,N
24.05251,80.61311,308.97,0.42,0.38,2026-09-17,2021,SNPP,SNPP,n,2.0NRT,291.68,1.02,N
24.01121,80.53002,304.79,0.42,0.38,2026-09-17,2021,SNPP,SNPP,n,2.0NRT,291.56,0.93,N
22.37922,87.27854,322.59,0.54,0.42,2026-09-17,2021,SNPP,SNPP,n,2.0NRT,287.15,4.05,N
22.37536,87.27769,308.67,0.54,0.42,2026-09-17,2021,SNPP,SNPP,n,2.0NRT,286.8,2.06,N
22.36656,87.30293,312.57,0.54,0.42,2026-09-17,2021,SNPP,SNPP,n,2.0NRT,285.31,2.88,N
22.3627,87.30209,311.96,0.54,0.42,2026-09-17,2021,SNPP,SNPP,n,2.0NRT,285.02,2.4,N
22.35698,87.28996,304.91,0.54,0.42,2026-09-17,2021,SNPP,SNPP,n,2.0NRT,286.17,1.23,N
23.16786,82.34424,312.13,0.38,0.36,2026-09-17,2021,SNPP,SNPP,n,2.0NRT,288.52,1.61,N
23.16514,82.33989,330.1,0.38,0.36,2026-09-17,2021,SNPP,SNPP,n,2.0NRT,290.17,1.61,N
23.16573,82.33615,306.39,0.38,0.36,2026-09-17,2021,SNPP,SNPP,n,2.0NRT,289.2,0.73,N
23.16456,82.34363,307.95,0.38,0.36,2026-09-17,2021,SNPP,SNPP,n,2.0NRT,287.95,1.61,N
22.36705,87.01815,311.33,0.52,0.42,2026-09-17,2021,SNPP,SNPP,n,2.0NRT,287.73,1.57,N
23.16242,82.33555,313.18,0.38,0.36,2026-09-17,2021,SNPP,SNPP,n,2.0NRT,288.77,1.06,N
22.36325,87.01734,306.81,0.52,0.42,2026-09-17,2021,SNPP,SNPP,n,2.0NRT,287.35,1.94,N
22.05408,88.12284,310.15,0.41,0.45,2026-09-17,2021,SNPP,SNPP,n,2.0NRT,279.94,0.93,N
22.05333,88.12676,300.01,0.41,0.45,2026-09-17,2021,SNPP,SNPP,n,2.0NRT,279.35,0.93,N
22.2189,84.88046,304.48,0.42,0.38,2026-09-17,2021,SNPP,SNPP,n,2.0NRT,289.6,0.62,N
22.13164,85.38404,306.67,0.44,0.39,2026-09-17,2021,SNPP,SNPP,n,2.0NRT,288.74,0.63,N
22.2141,84.86684,325.37,0.42,0.38,2026-09-17,2021,SNPP,SNPP,n,2.0NRT,290.16,1.64,N
22.2134,84.87091,305.34,0.42,0.38,2026-09-17,2021,SNPP,SNPP,n,2.0NRT,290.19,1.64,N
22.21136,84.86207,306.61,0.42,0.38,2026-09-17,2021,SNPP,SNPP,n,2.0NRT,290.55,2.79,N
22.20791,84.86137,336.29,0.42,0.38,2026-09-17,2021,SNPP,SNPP,n,2.0NRT,290.95,2.79,N
22.21141,84.84103,307.2,0.42,0.38,2026-09-17,2021,SNPP,SNPP,n,2.0NRT,289.89,1.22,N
22.20931,84.85323,307.19,0.42,0.38,2026-09-17,2021,SNPP,SNPP,n,2.0NRT,289.72,0.57,N
22.2065,84.86951,312.33,0.42,0.38,2026-09-17,2021,SNPP,SNPP,n,2.0NRT,288.89,1.96,N
22.05503,85.46603,305.45,0.45,0.39,2026-09-17,2021,SNPP,SNPP,n,2.0NRT,289.57,0.88,N
22.20851,84.54888,306.86,0.41,0.37,2026-09-17,2021,SNPP,SNPP,n,2.0NRT,289.78,1.04,N
21.93141,85.22286,307.39,0.44,0.38,2026-09-17,2021,SNPP,SNPP,n,2.0NRT,290.02,1.54,N
21.92439,85.22147,317.28,0.44,0.38,2026-09-17,2021,SNPP,SNPP,n,2.0NRT,290.6,2.65,N
22.33073,82.60389,310.14,0.38,0.36,2026-09-17,2021,SNPP,SNPP,n,2.0NRT,279.63,1.39,N
22.32318,82.58723,302.7,0.38,0.36,2026-09-17,2021,SNPP,SNPP,n,2.0NRT,277.88,0.75,N
22.32258,82.59093,303.12,0.38,0.36,2026-09-17,2021,SNPP,SNPP,n,2.0NRT,279.21,0.75,N
22.3201,82.56376,308.88,0.38,0.36,2026-09-17,2021,SNPP,SNPP,n,2.0NRT,277.97,0.94,N
22.35783,82.30344,341.06,0.38,0.36,2026-09-17,2021,SNPP,SNPP,n,2.0NRT,289.04,4.46,N
22.31739,82.55944,320.34,0.38,0.36,2026-09-17,2021,SNPP,SNPP,n,2.0NRT,276.76,1.87,N
22.35842,82.29972,316.3,0.38,0.36,2026-09-17,2021,SNPP,SNPP,n,2.0NRT,286.35,2.74,N
22.3168,82.56316,299.36,0.38,0.36,2026-09-17,2021,SNPP,SNPP,n,2.0NRT,277.18,0.94,N
22.31489,82.53227,298.81,0.38,0.36,2026-09-17,2021,SNPP,SNPP,n,2.0NRT,277.66,1.17,N
21.76424,85.57803,303.15,0.46,0.39,2026-09-17,2021,SNPP,SNPP,n,2.0NRT,287.55,0.55,N
22.04216,83.73125,296.86,0.4,0.37,2026-09-17,2021,SNPP,SNPP,n,2.0NRT,264.45,0.66,N
22.03882,83.73061,303.22,0.4,0.37,2026-09-17,2021,SNPP,SNPP,n,2.0NRT,265.49,0.66,N
22.08943,83.11558,304.78,0.39,0.36,2026-09-17,2021,SNPP,SNPP,n,2.0NRT,283.61,1.12,N
22.03775,83.34889,303.75,0.39,0.36,2026-09-17,2021,SNPP,SNPP,n,2.0NRT,279.24,0.78,N
22.03713,83.35266,305.56,0.39,0.36,2026-09-17,2021,SNPP,SNPP,n,2.0NRT,280.06,0.78,N
22.03135,83.36708,301.22,0.39,0.36,2026-09-17,2021,SNPP,SNPP,n,2.0NRT,279.46,0.88,N
21.96451,83.77235,301.3,0.4,0.37,2026-09-17,2021,SNPP,SNPP,n,2.0NRT,274.03,0.97,N
21.95255,83.78188,296.47,0.4,0.37,2026-09-17,2021,SNPP,SNPP,n,2.0NRT,271.43,0.35,N
21.98516,83.23084,303.58,0.39,0.36,2026-09-17,2021,SNPP,SNPP,n,2.0NRT,280.88,0.77,N
21.98454,83.23458,307.92,0.39,0.36,2026-09-17,2021,SNPP,SNPP,n,2.0NRT,280.37,0.77,N
21.92215,83.35123,307.34,0.39,0.36,2026-09-17,2021,SNPP,SNPP,n,2.0NRT,266.89,0.97,N
21.88929,83.55106,302.35,0.39,0.36,2026-09-17,2021,SNPP,SNPP,n,2.0NRT,279.92,0.34,N
21.91882,83.35059,305.62,0.39,0.36,2026-09-17,2021,SNPP,SNPP,n,2.0NRT,267.6,0.97,N
21.87802,83.55674,301.9,0.39,0.36,2026-09-17,2021,SNPP,SNPP,n,2.0NRT,281.12,0.65,N
21.76514,84.02493,325.15,0.4,0.37,2026-09-17,2021,SNPP,SNPP,n,2.0NRT,277.25,1.77,N
21.76645,84.01719,303.37,0.4,0.37,2026-09-17,2021,SNPP,SNPP,n,2.0NRT,276.53,1.42,N
21.7658,84.02105,303.86,0.4,0.37,2026-09-17,2021,SNPP,SNPP,n,2.0NRT,275.57,1.77,N
21.76242,84.0204,303.32,0.4,0.37,2026-09-17,2021,SNPP,SNPP,n,2.0NRT,275.03,1.69,N
21.76347,83.84949,319.11,0.4,0.37,2026-09-17,2021,SNPP,SNPP,n,2.0NRT,277.98,1.22,N
21.76076,83.845,311.2,0.4,0.37,2026-09-17,2021,SNPP,SNPP,n,2.0NRT,274.14,1.22,N
21.76011,83.84884,300.38,0.4,0.37,2026-09-17,2021,SNPP,SNPP,n,2.0NRT,275.73,1.22,N
21.7574,83.84435,312.21,0.4,0.37,2026-09-17,2021,SNPP,SNPP,n,2.0NRT,275.01,1.51,N
21.75404,83.8437,318.14,0.4,0.37,2026-09-17,2021,SNPP,SNPP,n,2.0NRT,276.8,1.51,N
21.75276,83.84368,308.34,0.4,0.37,2026-09-17,2021,SNPP,SNPP,n,2.0NRT,276.58,1.66,N
21.7494,83.84303,324.86,0.4,0.37,2026-09-17,2021,SNPP,SNPP,n,2.0NRT,277.46,1.66,N
21.74604,83.84237,326.62,0.4,0.37,2026-09-17,2021,SNPP,SNPP,n,2.0NRT,276.98,2.05,N
21.74268,83.84171,311.08,0.4,0.37,2026-09-17,2021,SNPP,SNPP,n,2.0NRT,275.12,2.05,N
21.73932,83.84106,302.62,0.4,0.37,2026-09-17,2021,SNPP,SNPP,n,2.0NRT,273.03,0.85,N
21.68145,84.04111,301.12,0.4,0.37,2026-09-17,2021,SNPP,SNPP,n,2.0NRT,272.91,1.05,N
21.67872,84.03658,306.87,0.4,0.37,2026-09-17,2021,SNPP,SNPP,n,2.0NRT,275.89,1.04,N
21.67807,84.04046,305.93,0.4,0.37,2026-09-17,2021,SNPP,SNPP,n,2.0NRT,273.29,1.04,N
20.9745,86.00552,304.18,0.49,0.4,2026-09-17,2021,SNPP,SNPP,n,2.0NRT,287.05,1.5,N
20.97082,86.00476,314.37,0.49,0.4,2026-09-17,2021,SNPP,SNPP,n,2.0NRT,287.52,2.2,N
20.96912,86.01407,317.46,0.49,0.4,2026-09-17,2021,SNPP,SNPP,n,2.0NRT,288.16,1.49,N
20.96827,86.01872,307.63,0.49,0.4,2026-09-17,2021,SNPP,SNPP,n,2.0NRT,288.29,1.49,N
20.96714,86.00399,308.38,0.49,0.4,2026-09-17,2021,SNPP,SNPP,n,2.0NRT,287.77,2.2,N
20.96544,86.01329,306.24,0.49,0.4,2026-09-17,2021,SNPP,SNPP,n,2.0NRT,287.52,1.49,N
20.96262,86.00786,327.65,0.49,0.4,2026-09-17,2021,SNPP,SNPP,n,2.0NRT,287.65,4.62,N
20.95209,86.04438,321.14,0.49,0.4,2026-09-17,2021,SNPP,SNPP,n,2.0NRT,288.89,3.4,N
20.95123,86.04911,312.93,0.49,0.4,2026-09-17,2021,SNPP,SNPP,n,2.0NRT,289.59,2.53,N
21.6216,81.79366,306.43,0.39,0.36,2026-09-17,2021,SNPP,SNPP,n,2.0NRT,288.66,1.06,N
21.57584,82.0214,308.71,0.38,0.36,2026-09-17,2021,SNPP,SNPP,n,2.0NRT,288.44,0.95,N
20.97679,85.17021,321.55,0.45,0.39,2026-09-17,2021,SNPP,SNPP,n,2.0NRT,288.17,1.97,N
20.97919,85.1354,313.75,0.45,0.39,2026-09-17,2021,SNPP,SNPP,n,2.0NRT,288,2.41,N
20.9725,85.17376,306.76,0.45,0.39,2026-09-17,2021,SNPP,SNPP,n,2.0NRT,287.91,1.97,N
20.97176,85.178,308.07,0.45,0.39,2026-09-17,2021,SNPP,SNPP,n,2.0NRT,287.42,0.87,N
20.96822,85.17728,311.77,0.45,0.39,2026-09-17,2021,SNPP,SNPP,n,2.0NRT,286.42,1.16,N
20.96319,85.18513,324.11,0.45,0.39,2026-09-17,2021,SNPP,SNPP,n,2.0NRT,288.13,3.7,N
20.96243,85.18944,332.24,0.45,0.39,2026-09-17,2021,SNPP,SNPP,n,2.0NRT,289.71,3.7,N
20.9684,85.15527,300.53,0.45,0.39,2026-09-17,2021,SNPP,SNPP,n,2.0NRT,283.03,0.47,N
20.96617,85.16805,311.08,0.45,0.39,2026-09-17,2021,SNPP,SNPP,n,2.0NRT,287.61,2.46,N
20.96543,85.17232,308.7,0.45,0.39,2026-09-17,2021,SNPP,SNPP,n,2.0NRT,286.76,2.46,N
20.96468,85.17657,306.74,0.45,0.39,2026-09-17,2021,SNPP,SNPP,n,2.0NRT,286.41,1.16,N
20.96394,85.18085,305.88,0.45,0.39,2026-09-17,2021,SNPP,SNPP,n,2.0NRT,286.5,1.16,N
20.96264,85.16731,317.13,0.45,0.39,2026-09-17,2021,SNPP,SNPP,n,2.0NRT,288.61,1.98,N
20.96189,85.17159,314.97,0.45,0.39,2026-09-17,2021,SNPP,SNPP,n,2.0NRT,287.65,1.98,N
21.50048,81.81085,305.75,0.39,0.36,2026-09-17,2021,SNPP,SNPP,n,2.0NRT,288.19,0.52,N
21.48636,81.77025,311.48,0.39,0.36,2026-09-17,2021,SNPP,SNPP,n,2.0NRT,288.08,0.79,N
21.45741,81.8032,305.38,0.39,0.36,2026-09-17,2021,SNPP,SNPP,n,2.0NRT,287.76,0.65,N
20.88592,84.98248,309.23,0.44,0.38,2026-09-17,2021,SNPP,SNPP,n,2.0NRT,277.37,1.3,N
20.86614,84.99158,308.62,0.44,0.38,2026-09-17,2021,SNPP,SNPP,n,2.0NRT,282.6,1.53,N
20.86337,84.98667,323.73,0.44,0.38,2026-09-17,2021,SNPP,SNPP,n,2.0NRT,285.76,2.1,N
20.80827,85.25842,314.67,0.45,0.39,2026-09-17,2021,SNPP,SNPP,n,2.0NRT,291.11,2.37,N
20.80471,85.25769,311.72,0.45,0.39,2026-09-17,2021,SNPP,SNPP,n,2.0NRT,287.71,2.37,N
20.79403,85.25552,330.68,0.45,0.39,2026-09-17,2021,SNPP,SNPP,n,2.0NRT,291.07,7.72,N
21.39013,81.64706,310,0.39,0.36,2026-09-17,2021,SNPP,SNPP,n,2.0NRT,289.83,1.17,N
20.77505,85.34147,305.13,0.46,0.39,2026-09-17,2021,SNPP,SNPP,n,2.0NRT,286.61,0.81,N
20.78537,85.26277,312.81,0.45,0.39,2026-09-17,2021,SNPP,SNPP,n,2.0NRT,285.28,2.04,N
20.7846,85.2671,302.1,0.45,0.39,2026-09-17,2021,SNPP,SNPP,n,2.0NRT,283.09,0.81,N
21.38177,81.65703,305.19,0.39,0.36,2026-09-17,2021,SNPP,SNPP,n,2.0NRT,288.54,1.04,N
21.37833,81.6793,310.5,0.39,0.36,2026-09-17,2021,SNPP,SNPP,n,2.0NRT,291.38,1.21,N
21.37501,81.67871,308.37,0.39,0.36,2026-09-17,2021,SNPP,SNPP,n,2.0NRT,290.84,1.59,N
21.37743,81.641,307.29,0.39,0.36,2026-09-17,2021,SNPP,SNPP,n,2.0NRT,290.13,1.25,N
21.37055,81.68555,309.9,0.39,0.36,2026-09-17,2021,SNPP,SNPP,n,2.0NRT,289.93,1.93,N
21.36506,81.67696,305.68,0.39,0.36,2026-09-17,2021,SNPP,SNPP,n,2.0NRT,288.81,0.85,N
21.34631,81.66602,312.01,0.39,0.36,2026-09-17,2021,SNPP,SNPP,n,2.0NRT,289.57,1.51,N
21.34381,81.66635,307.15,0.39,0.36,2026-09-17,2021,SNPP,SNPP,n,2.0NRT,289.47,1.25,N
21.37055,81.44953,306.05,0.39,0.36,2026-09-17,2021,SNPP,SNPP,n,2.0NRT,289.6,0.43,N
12.62707,79.91238,315.74,0.38,0.36,2026-09-17,2023,SNPP,SNPP,n,2.0NRT,289.16,1.63,N
16.59328,80.69549,308.15,0.39,0.36,2026-09-17,2023,SNPP,SNPP,n,2.0NRT,291.07,0.66,N
15.65784,73.98741,309.59,0.5,0.49,2026-09-17,2023,SNPP,SNPP,n,2.0NRT,287.68,1.82,N
13.39237,80.10231,308.79,0.38,0.36,2026-09-17,2023,SNPP,SNPP,n,2.0NRT,286.24,1.22,N
11.81608,77.91647,303.15,0.42,0.37,2026-09-17,2023,SNPP,SNPP,n,2.0NRT,284.71,0.94,N
13.38076,80.11128,305.05,0.38,0.36,2026-09-17,2023,SNPP,SNPP,n,2.0NRT,287.42,1.24,N
13.44764,80.09685,305.49,0.38,0.36,2026-09-17,2023,SNPP,SNPP,n,2.0NRT,287.99,1.47,N
8.76085,78.01939,307.37,0.4,0.37,2026-09-17,2025,SNPP,SNPP,n,2.0NRT,293.37,1.38,N
12.76095,76.89168,328.91,0.6,0.7,2026-09-18,0731,SNPP,SNPP,n,2.0NRT,285.42,3.45,D
16.72037,80.79633,331.11,0.56,0.51,2026-09-18,0731,SNPP,SNPP,n,2.0NRT,293.46,4.92,D
15.82326,79.27283,330.08,0.36,0.58,2026-09-18,0731,SNPP,SNPP,n,2.0NRT,291.55,1.73,D
15.77255,79.61308,342.12,0.35,0.56,2026-09-18,0731,SNPP,SNPP,n,2.0NRT,295.87,2.57,D
9.35563,78.81754,338.63,0.51,0.66,2026-09-18,0731,SNPP,SNPP,n,2.0NRT,290.3,6.4,D
9.58416,78.56781,331.83,0.53,0.67,2026-09-18,0731,SNPP,SNPP,n,2.0NRT,290.8,3.52,D
12.45774,76.88866,329.6,0.6,0.71,2026-09-18,0731,SNPP,SNPP,n,2.0NRT,287.02,3.87,D
22.61108,85.91333,331.75,0.39,0.36,2026-09-18,0733,SNPP,SNPP,n,2.0NRT,299.31,2.6,D
23.40216,86.44112,330.04,0.39,0.36,2026-09-18,0733,SNPP,SNPP,n,2.0NRT,296.03,1.44,D
23.66456,87.15617,331.13,0.38,0.36,2026-09-18,0733,SNPP,SNPP,n,2.0NRT,294.46,3.18,D
23.71261,86.45381,330.18,0.38,0.36,2026-09-18,0733,SNPP,SNPP,n,2.0NRT,298.3,2.37,D
23.71202,86.45006,330.66,0.38,0.36,2026-09-18,0733,SNPP,SNPP,n,2.0NRT,298.77,2.37,D
23.7367,86.43395,345.13,0.38,0.36,2026-09-18,0733,SNPP,SNPP,n,2.0NRT,299.42,6.9,D
23.69788,86.07732,345.92,0.39,0.36,2026-09-18,0733,SNPP,SNPP,n,2.0NRT,300.39,5.38,D
23.75904,86.40284,334.5,0.38,0.36,2026-09-18,0733,SNPP,SNPP,n,2.0NRT,297.51,3.58,D
23.76293,86.40599,330.47,0.38,0.36,2026-09-18,0733,SNPP,SNPP,n,2.0NRT,297.3,3.58,D
23.76623,86.40538,340.83,0.38,0.36,2026-09-18,0733,SNPP,SNPP,n,2.0NRT,298.87,7.33,D
23.77361,86.36539,338.01,0.39,0.36,2026-09-18,0733,SNPP,SNPP,n,2.0NRT,298.41,5.63,D
23.79494,86.35343,334.23,0.39,0.36,2026-09-18,0733,SNPP,SNPP,n,2.0NRT,297.25,3.43,D
23.64898,85.43888,330.97,0.4,0.37,2026-09-18,0733,SNPP,SNPP,n,2.0NRT,295.71,3.69,D
23.77977,86.21311,334.06,0.39,0.36,2026-09-18,0733,SNPP,SNPP,n,2.0NRT,297.71,4.05,D
23.77917,86.20934,330.42,0.39,0.36,2026-09-18,0733,SNPP,SNPP,n,2.0NRT,299.3,5.19,D
21.07709,85.03987,337.55,0.42,0.38,2026-09-18,0733,SNPP,SNPP,l,2.0NRT,299.78,9.75,D
21.08054,85.03921,337.66,0.42,0.38,2026-09-18,0733,SNPP,SNPP,l,2.0NRT,298.64,8.08,D
21.68003,84.04025,334.65,0.46,0.39,2026-09-18,0733,SNPP,SNPP,n,2.0NRT,297.36,8.25,D
22.20841,84.86203,338.5,0.42,0.38,2026-09-18,0733,SNPP,SNPP,n,2.0NRT,299.33,4.33,D
20.76025,85.29648,330.8,0.42,0.38,2026-09-18,0733,SNPP,SNPP,n,2.0NRT,297.04,3.63,D
20.79413,85.2533,342.2,0.42,0.38,2026-09-18,0733,SNPP,SNPP,n,2.0NRT,300.4,13.43,D
20.87001,84.99484,334.77,0.43,0.38,2026-09-18,0733,SNPP,SNPP,n,2.0NRT,295.35,4.79,D
20.88594,84.98339,337.65,0.43,0.38,2026-09-18,0733,SNPP,SNPP,n,2.0NRT,300.51,7.29,D
20.88941,84.98272,330.16,0.43,0.38,2026-09-18,0733,SNPP,SNPP,l,2.0NRT,300.44,6.67,D
20.96318,85.18954,347.15,0.42,0.38,2026-09-18,0733,SNPP,SNPP,n,2.0NRT,300.37,8.26,D
20.96252,85.18555,330.84,0.42,0.38,2026-09-18,0733,SNPP,SNPP,n,2.0NRT,298.34,5.6,D
20.96807,85.17624,343.6,0.42,0.38,2026-09-18,0733,SNPP,SNPP,n,2.0NRT,299.14,8.51,D
20.9715,85.17557,337.16,0.42,0.38,2026-09-18,0733,SNPP,SNPP,n,2.0NRT,298.09,4.62,D
30.99714,74.72215,337.86,0.34,0.56,2026-09-18,0737,SNPP,SNPP,n,2.0NRT,293.78,2.42,D
9.61201,78.40251,331.91,0.73,0.76,2026-09-18,0911,SNPP,SNPP,n,2.0NRT,290.84,7.68,D
27.37969,95.33612,311.31,0.45,0.47,2026-09-18,2000,SNPP,SNPP,n,2.0NRT,290.58,0.94,N
27.37545,95.33499,312.53,0.45,0.47,2026-09-18,2000,SNPP,SNPP,n,2.0NRT,290.66,1.2,N
22.79263,86.20007,306.81,0.39,0.36,2026-09-18,2002,SNPP,SNPP,n,2.0NRT,290.39,0.97,N
27.32314,95.2765,304.57,0.45,0.47,2026-09-18,2002,SNPP,SNPP,n,2.0NRT,290.6,0.92,N
27.31654,95.26531,314.53,0.45,0.47,2026-09-18,2002,SNPP,SNPP,n,2.0NRT,290.42,1.39,N
27.26719,95.1238,304.67,0.44,0.46,2026-09-18,2002,SNPP,SNPP,n,2.0NRT,291.05,0.49,N
28.83567,77.14016,312.57,0.45,0.63,2026-09-18,2002,SNPP,SNPP,n,2.0NRT,293.13,1.18,N
28.37532,77.22484,304.24,0.44,0.62,2026-09-18,2002,SNPP,SNPP,n,2.0NRT,292.91,0.79,N
28.37057,77.22346,307.07,0.44,0.62,2026-09-18,2002,SNPP,SNPP,n,2.0NRT,292.8,0.86,N
28.34658,77.2303,306.7,0.44,0.62,2026-09-18,2002,SNPP,SNPP,n,2.0NRT,292.35,0.78,N
26.76082,83.20113,306.74,0.56,0.43,2026-09-18,2002,SNPP,SNPP,n,2.0NRT,291.92,2.01,N
26.75687,83.20054,305.24,0.56,0.43,2026-09-18,2002,SNPP,SNPP,n,2.0NRT,291.51,1.58,N
25.03805,87.38852,303.35,0.39,0.36,2026-09-18,2002,SNPP,SNPP,n,2.0NRT,281.89,0.68,N
23.69896,87.11481,300.32,0.39,0.36,2026-09-18,2002,SNPP,SNPP,n,2.0NRT,281.91,0.43,N
23.69448,87.12174,306.69,0.39,0.36,2026-09-18,2002,SNPP,SNPP,n,2.0NRT,286.61,1.61,N
23.69526,87.09477,306.73,0.39,0.36,2026-09-18,2002,SNPP,SNPP,n,2.0NRT,281.46,1.06,N
23.69292,87.10983,307.6,0.39,0.36,2026-09-18,2002,SNPP,SNPP,n,2.0NRT,286.29,1.02,N
23.69234,87.11361,304.16,0.39,0.36,2026-09-18,2002,SNPP,SNPP,n,2.0NRT,285.71,1.02,N
23.69117,87.12113,313.26,0.39,0.36,2026-09-18,2002,SNPP,SNPP,n,2.0NRT,287.94,1.61,N
23.69136,87.09794,302.58,0.39,0.36,2026-09-18,2002,SNPP,SNPP,n,2.0NRT,281.8,0.72,N
23.68786,87.12051,318.07,0.39,0.36,2026-09-18,2002,SNPP,SNPP,n,2.0NRT,290.03,2.73,N
23.80548,86.32819,308.79,0.4,0.37,2026-09-18,2002,SNPP,SNPP,n,2.0NRT,282.25,1.44,N
23.8049,86.33206,309.37,0.39,0.37,2026-09-18,2002,SNPP,SNPP,n,2.0NRT,282.68,1.02,N
23.80212,86.3276,309.1,0.4,0.37,2026-09-18,2002,SNPP,SNPP,n,2.0NRT,284.92,2.07,N
23.80154,86.33147,319.78,0.39,0.37,2026-09-18,2002,SNPP,SNPP,n,2.0NRT,286.19,1.86,N
23.79864,86.35076,308.16,0.39,0.37,2026-09-18,2002,SNPP,SNPP,n,2.0NRT,289.34,2.93,N
23.79471,86.35403,322.05,0.39,0.37,2026-09-18,2002,SNPP,SNPP,n,2.0NRT,290.94,2.47,N
23.66487,87.15887,320.52,0.39,0.36,2026-09-18,2002,SNPP,SNPP,n,2.0NRT,292.35,2.76,N
23.78222,86.39143,309.31,0.39,0.36,2026-09-18,2002,SNPP,SNPP,n,2.0NRT,290.54,1.61,N
23.66545,87.15511,309.6,0.39,0.36,2026-09-18,2002,SNPP,SNPP,n,2.0NRT,292.39,2.05,N
23.77887,86.39083,328.37,0.39,0.36,2026-09-18,2002,SNPP,SNPP,n,2.0NRT,291.32,3.52,N
23.66214,87.1545,320.08,0.39,0.36,2026-09-18,2002,SNPP,SNPP,n,2.0NRT,290.62,2.98,N
23.78118,86.3754,309.81,0.39,0.36,2026-09-18,2002,SNPP,SNPP,n,2.0NRT,290.94,1.03,N
23.77945,86.38699,316.01,0.39,0.36,2026-09-18,2002,SNPP,SNPP,n,2.0NRT,290.76,1.77,N
23.78189,86.34778,307.9,0.39,0.37,2026-09-18,2002,SNPP,SNPP,n,2.0NRT,291.32,1.23,N
23.7761,86.38638,314.14,0.39,0.36,2026-09-18,2002,SNPP,SNPP,n,2.0NRT,290.36,1.77,N
23.77263,86.40949,308.52,0.39,0.36,2026-09-18,2002,SNPP,SNPP,n,2.0NRT,290.66,1.78,N
23.7953,86.23494,300.03,0.4,0.37,2026-09-18,2002,SNPP,SNPP,n,2.0NRT,278.82,0.72,N
23.77854,86.34718,307.7,0.39,0.37,2026-09-18,2002,SNPP,SNPP,n,2.0NRT,291.44,1.01,N
23.77622,86.36263,315,0.39,0.37,2026-09-18,2002,SNPP,SNPP,n,2.0NRT,292.12,1.61,N
23.77564,86.36649,309.37,0.39,0.37,2026-09-18,2002,SNPP,SNPP,n,2.0NRT,291.15,1.02,N
23.77044,86.40118,306.38,0.39,0.36,2026-09-18,2002,SNPP,SNPP,n,2.0NRT,290.9,1.43,N
23.76651,86.40445,338.45,0.39,0.36,2026-09-18,2002,SNPP,SNPP,n,2.0NRT,292.74,4.94,N
23.77287,86.36203,316.96,0.39,0.37,2026-09-18,2002,SNPP,SNPP,n,2.0NRT,291.16,1.61,N
23.77229,86.3659,313.18,0.39,0.37,2026-09-18,2002,SNPP,SNPP,n,2.0NRT,291.13,1.02,N
23.76825,86.39288,305.52,0.39,0.36,2026-09-18,2002,SNPP,SNPP,n,2.0NRT,290.61,1.88,N
23.76709,86.40059,311.61,0.39,0.36,2026-09-18,2002,SNPP,SNPP,n,2.0NRT,291.89,1.43,N
23.76316,86.40385,332.95,0.39,0.36,2026-09-18,2002,SNPP,SNPP,n,2.0NRT,291.99,3.01,N
23.7649,86.39227,312.15,0.39,0.36,2026-09-18,2002,SNPP,SNPP,n,2.0NRT,292.18,2.02,N
23.76432,86.39613,308.39,0.39,0.36,2026-09-18,2002,SNPP,SNPP,n,2.0NRT,291.94,1.42,N
23.76374,86.39999,308.24,0.39,0.36,2026-09-18,2002,SNPP,SNPP,n,2.0NRT,290.78,1.42,N
23.75982,86.40324,326.81,0.39,0.36,2026-09-18,2002,SNPP,SNPP,n,2.0NRT,291.79,3.01,N
23.7604,86.39938,317.29,0.39,0.36,2026-09-18,2002,SNPP,SNPP,n,2.0NRT,291.37,1.42,N
23.75647,86.40264,329.2,0.39,0.36,2026-09-18,2002,SNPP,SNPP,n,2.0NRT,291.17,3.37,N
23.75081,86.41746,324.73,0.39,0.36,2026-09-18,2002,SNPP,SNPP,n,2.0NRT,292.18,3.08,N
23.78195,86.20869,299,0.4,0.37,2026-09-18,2002,SNPP,SNPP,n,2.0NRT,272.56,0.67,N
23.77802,86.21198,300.53,0.4,0.37,2026-09-18,2002,SNPP,SNPP,n,2.0NRT,272.26,1.28,N
23.73789,86.43488,335.44,0.39,0.36,2026-09-18,2002,SNPP,SNPP,n,2.0NRT,292.77,2.34,N
23.73847,86.43105,312.88,0.39,0.36,2026-09-18,2002,SNPP,SNPP,n,2.0NRT,291.5,2.34,N
23.73512,86.43044,311.79,0.39,0.36,2026-09-18,2002,SNPP,SNPP,n,2.0NRT,291.01,2.34,N
23.73397,86.43813,308.04,0.39,0.36,2026-09-18,2002,SNPP,SNPP,n,2.0NRT,292.42,1.58,N
23.72336,86.44019,313.59,0.39,0.36,2026-09-18,2002,SNPP,SNPP,n,2.0NRT,291.95,2.4,N
23.72289,86.42036,307.77,0.39,0.36,2026-09-18,2002,SNPP,SNPP,n,2.0NRT,291.34,2.07,N
23.71832,86.44032,308.91,0.39,0.36,2026-09-18,2002,SNPP,SNPP,n,2.0NRT,291.08,1.18,N
23.71323,86.45125,327.23,0.39,0.36,2026-09-18,2002,SNPP,SNPP,n,2.0NRT,292.39,2.78,N
23.71789,86.42051,312.34,0.39,0.36,2026-09-18,2002,SNPP,SNPP,n,2.0NRT,289.61,2.13,N
23.71673,86.42819,306.26,0.39,0.36,2026-09-18,2002,SNPP,SNPP,n,2.0NRT,290.87,0.88,N
23.71397,86.42375,314.55,0.39,0.36,2026-09-18,2002,SNPP,SNPP,n,2.0NRT,291.75,2.26,N
23.71047,86.44681,316.51,0.39,0.36,2026-09-18,2002,SNPP,SNPP,n,2.0NRT,291.37,1.58,N
23.83788,85.47121,312.58,0.41,0.37,2026-09-18,2002,SNPP,SNPP,n,2.0NRT,293.83,1.16,N
23.82689,85.49847,307.87,0.41,0.37,2026-09-18,2002,SNPP,SNPP,n,2.0NRT,294.12,1.18,N
23.82346,85.49788,309.16,0.41,0.37,2026-09-18,2002,SNPP,SNPP,n,2.0NRT,294.25,2.35,N
23.68399,86.39473,328.44,0.39,0.36,2026-09-18,2002,SNPP,SNPP,n,2.0NRT,291.89,2.74,N
23.68457,86.39087,319.99,0.39,0.36,2026-09-18,2002,SNPP,SNPP,n,2.0NRT,289.65,2.74,N
23.7601,85.86021,300.78,0.4,0.37,2026-09-18,2002,SNPP,SNPP,n,2.0NRT,277.84,1.03,N
23.68007,86.39798,314.52,0.39,0.36,2026-09-18,2002,SNPP,SNPP,n,2.0NRT,291.55,1.75,N
23.67672,86.39737,321.5,0.39,0.36,2026-09-18,2002,SNPP,SNPP,n,2.0NRT,291.94,1.8,N
23.67614,86.40121,322.52,0.39,0.36,2026-09-18,2002,SNPP,SNPP,n,2.0NRT,292.69,1.8,N
23.75787,85.85171,295.1,0.4,0.37,2026-09-18,2002,SNPP,SNPP,n,2.0NRT,274.48,0.41,N
23.75729,85.85567,295.59,0.4,0.37,2026-09-18,2002,SNPP,SNPP,n,2.0NRT,274.97,0.41,N
23.6773,86.39352,308.83,0.39,0.36,2026-09-18,2002,SNPP,SNPP,n,2.0NRT,290.32,1.4,N
23.7539,85.85507,296.05,0.4,0.37,2026-09-18,2002,SNPP,SNPP,n,2.0NRT,272.89,0.41,N
23.67338,86.39677,307.11,0.39,0.36,2026-09-18,2002,SNPP,SNPP,n,2.0NRT,291.16,1.8,N
23.6137,86.78973,309.57,0.39,0.36,2026-09-18,2002,SNPP,SNPP,n,2.0NRT,288.03,1.71,N
23.56169,87.08281,306.63,0.39,0.36,2026-09-18,2002,SNPP,SNPP,n,2.0NRT,283.36,0.75,N
23.78727,85.55383,312.59,0.41,0.37,2026-09-18,2002,SNPP,SNPP,n,2.0NRT,292.91,1.56,N
23.78094,85.57336,306.57,0.41,0.37,2026-09-18,2002,SNPP,SNPP,n,2.0NRT,292.35,1.21,N
24.32507,81.32832,307.25,0.44,0.46,2026-09-18,2002,SNPP,SNPP,n,2.0NRT,289.85,0.83,N
23.68201,86.08439,331.79,0.4,0.37,2026-09-18,2002,SNPP,SNPP,n,2.0NRT,289.58,2.5,N
23.68086,86.0922,307.17,0.4,0.37,2026-09-18,2002,SNPP,SNPP,n,2.0NRT,288.73,1.8,N
23.68029,86.09611,305.32,0.4,0.37,2026-09-18,2002,SNPP,SNPP,n,2.0NRT,287.12,1.51,N
23.67865,86.08381,310.07,0.4,0.37,2026-09-18,2002,SNPP,SNPP,n,2.0NRT,290.29,2.5,N
23.58248,86.72565,306.68,0.39,0.36,2026-09-18,2002,SNPP,SNPP,n,2.0NRT,279.74,0.65,N
23.6747,86.08712,309.69,0.4,0.37,2026-09-18,2002,SNPP,SNPP,n,2.0NRT,289.21,1.1,N
23.67068,86.11443,309.07,0.4,0.37,2026-09-18,2002,SNPP,SNPP,n,2.0NRT,276.78,0.76,N
23.63181,86.29543,303.31,0.39,0.37,2026-09-18,2002,SNPP,SNPP,n,2.0NRT,284.44,0.61,N
23.54943,86.54469,308.87,0.39,0.36,2026-09-18,2002,SNPP,SNPP,n,2.0NRT,286.74,1.23,N
23.82817,84.57443,305.23,0.45,0.39,2026-09-18,2002,SNPP,SNPP,n,2.0NRT,286.42,0.9,N
23.71023,85.28749,305.47,0.42,0.38,2026-09-18,2002,SNPP,SNPP,n,2.0NRT,291.02,1.03,N
23.69854,85.36937,306.54,0.42,0.37,2026-09-18,2002,SNPP,SNPP,n,2.0NRT,291.38,0.83,N
23.69685,85.35654,304.83,0.42,0.37,2026-09-18,2002,SNPP,SNPP,n,2.0NRT,289.08,0.28,N
23.6951,85.36878,309.87,0.42,0.37,2026-09-18,2002,SNPP,SNPP,n,2.0NRT,291.74,0.83,N
23.73853,85.01175,308.43,0.43,0.38,2026-09-18,2002,SNPP,SNPP,n,2.0NRT,290.01,1.98,N
23.69584,85.28921,314.72,0.42,0.38,2026-09-18,2002,SNPP,SNPP,n,2.0NRT,291.7,2,N
23.72108,85.0088,306.56,0.43,0.38,2026-09-18,2002,SNPP,SNPP,n,2.0NRT,288.35,1.23,N
23.6768,85.32381,307.94,0.42,0.38,2026-09-18,2002,SNPP,SNPP,n,2.0NRT,291.85,1.24,N
23.65027,85.43616,318.23,0.41,0.37,2026-09-18,2002,SNPP,SNPP,n,2.0NRT,292.87,1.74,N
23.64969,85.44021,305.53,0.41,0.37,2026-09-18,2002,SNPP,SNPP,n,2.0NRT,292.4,0.68,N
23.64791,85.43729,327.07,0.41,0.37,2026-09-18,2002,SNPP,SNPP,n,2.0NRT,293.39,3.84,N
23.64732,85.44133,305.7,0.41,0.37,2026-09-18,2002,SNPP,SNPP,n,2.0NRT,292.42,0.83,N
23.66862,84.99754,306.24,0.43,0.38,2026-09-18,2002,SNPP,SNPP,n,2.0NRT,289.63,0.86,N
24.76276,74.60567,303.1,0.59,0.7,2026-09-18,2002,SNPP,SNPP,n,2.0NRT,287.1,1.22,N
23.66454,85.00112,308.45,0.43,0.38,2026-09-18,2002,SNPP,SNPP,n,2.0NRT,289.43,1.95,N
22.79598,86.20065,317.95,0.39,0.36,2026-09-18,2002,SNPP,SNPP,n,2.0NRT,290.82,2.33,N
22.79092,86.21151,311.49,0.39,0.36,2026-09-18,2002,SNPP,SNPP,n,2.0NRT,290.27,2.5,N
22.78986,86.19566,308.59,0.39,0.36,2026-09-18,2002,SNPP,SNPP,n,2.0NRT,291.27,2.19,N
22.78929,86.19947,309.5,0.39,0.36,2026-09-18,2002,SNPP,SNPP,n,2.0NRT,291.45,0.97,N
22.78872,86.20331,306.88,0.39,0.36,2026-09-18,2002,SNPP,SNPP,n,2.0NRT,291.08,0.97,N
22.60851,85.91394,308.53,0.4,0.37,2026-09-18,2002,SNPP,SNPP,n,2.0NRT,286.09,0.84,N
22.5914,85.90395,303.71,0.4,0.37,2026-09-18,2002,SNPP,SNPP,n,2.0NRT,285.52,0.48,N
22.37897,87.27989,316.86,0.38,0.36,2026-09-18,2002,SNPP,SNPP,n,2.0NRT,292.88,2.47,N
22.37567,87.27929,325.93,0.38,0.36,2026-09-18,2002,SNPP,SNPP,n,2.0NRT,292.64,3.49,N
22.36883,87.30095,331.87,0.38,0.36,2026-09-18,2002,SNPP,SNPP,n,2.0NRT,291.84,3.02,N
22.36553,87.30035,321.88,0.38,0.36,2026-09-18,2002,SNPP,SNPP,n,2.0NRT,292.34,2.4,N
22.36494,87.30405,309.51,0.38,0.36,2026-09-18,2002,SNPP,SNPP,n,2.0NRT,291.47,1.42,N
22.57574,85.89334,305.13,0.4,0.37,2026-09-18,2002,SNPP,SNPP,n,2.0NRT,286.89,1.78,N
22.57179,85.89662,314.42,0.4,0.37,2026-09-18,2002,SNPP,SNPP,n,2.0NRT,287.56,1.75,N
22.35679,87.2911,306.32,0.38,0.36,2026-09-18,2002,SNPP,SNPP,n,2.0NRT,291.28,1.79,N
22.36588,87.01775,320.32,0.38,0.36,2026-09-18,2002,SNPP,SNPP,n,2.0NRT,292.27,2.43,N
22.36257,87.01715,318.62,0.38,0.36,2026-09-18,2002,SNPP,SNPP,n,2.0NRT,291.91,2.2,N
22.24328,87.38868,325.86,0.38,0.36,2026-09-18,2002,SNPP,SNPP,n,2.0NRT,291.63,3.3,N
22.21283,84.85806,303.62,0.42,0.38,2026-09-18,2002,SNPP,SNPP,n,2.0NRT,287.8,1.14,N
22.21164,84.86621,311.42,0.42,0.38,2026-09-18,2002,SNPP,SNPP,n,2.0NRT,288.17,2.25,N
22.20986,84.87847,308.05,0.42,0.38,2026-09-18,2002,SNPP,SNPP,n,2.0NRT,287.66,1.89,N
22.20936,84.85747,305.62,0.42,0.38,2026-09-18,2002,SNPP,SNPP,n,2.0NRT,287.97,1.13,N
22.20877,84.86156,313.28,0.42,0.38,2026-09-18,2002,SNPP,SNPP,n,2.0NRT,288.83,1.13,N
22.20758,84.86974,304.97,0.42,0.38,2026-09-18,2002,SNPP,SNPP,n,2.0NRT,288.27,0.88,N
22.13232,85.38275,310.01,0.41,0.37,2026-09-18,2002,SNPP,SNPP,n,2.0NRT,290.22,0.99,N
22.21726,84.75373,307.27,0.43,0.38,2026-09-18,2002,SNPP,SNPP,n,2.0NRT,290.15,0.97,N
22.20318,84.57724,305.64,0.43,0.38,2026-09-18,2002,SNPP,SNPP,n,2.0NRT,286.77,1.17,N
22.05394,85.4658,303.68,0.4,0.37,2026-09-18,2002,SNPP,SNPP,n,2.0NRT,289.85,0.64,N
22.32968,82.60818,313.93,0.53,0.42,2026-09-18,2002,SNPP,SNPP,n,2.0NRT,288.14,1.35,N
22.36042,82.29964,306.81,0.55,0.43,2026-09-18,2002,SNPP,SNPP,n,2.0NRT,284.94,1.24,N
22.35975,82.30505,308.88,0.55,0.43,2026-09-18,2002,SNPP,SNPP,n,2.0NRT,285.25,1.24,N
22.32002,82.59087,320.66,0.53,0.42,2026-09-18,2002,SNPP,SNPP,n,2.0NRT,285.69,3.3,N
22.35581,82.30444,309.76,0.55,0.43,2026-09-18,2002,SNPP,SNPP,n,2.0NRT,285.86,2.03,N
22.31942,82.56427,315.23,0.54,0.42,2026-09-18,2002,SNPP,SNPP,n,2.0NRT,286.02,2.69,N
22.31553,82.56368,309.05,0.54,0.42,2026-09-18,2002,SNPP,SNPP,n,2.0NRT,285.3,1.42,N
22.32357,82.58999,307.87,0.53,0.42,2026-09-18,2002,SNPP,SNPP,n,2.0NRT,285.95,1.91,N
22.3573,82.30349,325.16,0.55,0.43,2026-09-18,2002,SNPP,SNPP,n,2.0NRT,285.85,3.47,N
22.31968,82.58945,314.39,0.53,0.42,2026-09-18,2002,SNPP,SNPP,n,2.0NRT,285.49,1.91,N
22.31924,82.56287,314.99,0.54,0.42,2026-09-18,2002,SNPP,SNPP,n,2.0NRT,285.38,1.79,N
22.31536,82.56229,306.89,0.54,0.42,2026-09-18,2002,SNPP,SNPP,n,2.0NRT,285.64,1.79,N
21.92949,85.2216,310.44,0.41,0.37,2026-09-18,2002,SNPP,SNPP,n,2.0NRT,284.35,1.02,N
21.92607,85.22102,304.19,0.41,0.37,2026-09-18,2002,SNPP,SNPP,n,2.0NRT,285.3,1.19,N
21.9255,85.22496,311.38,0.41,0.37,2026-09-18,2002,SNPP,SNPP,n,2.0NRT,286.12,1.24,N
22.06402,83.70573,305.33,0.47,0.4,2026-09-18,2002,SNPP,SNPP,n,2.0NRT,282.3,1.33,N
22.06422,83.70339,302.12,0.47,0.39,2026-09-18,2002,SNPP,SNPP,n,2.0NRT,280.24,0.75,N
21.76474,85.57841,305.03,0.4,0.37,2026-09-18,2002,SNPP,SNPP,n,2.0NRT,289.61,0.69,N
22.00386,82.66943,309.39,0.52,0.42,2026-09-18,2002,SNPP,SNPP,n,2.0NRT,280.73,1.64,N
21.76776,84.0175,313.14,0.45,0.39,2026-09-18,2002,SNPP,SNPP,n,2.0NRT,290.19,1.32,N
21.76419,84.01692,304.97,0.45,0.39,2026-09-18,2002,SNPP,SNPP,n,2.0NRT,289.09,1.32,N
21.76358,84.02129,310,0.45,0.39,2026-09-18,2002,SNPP,SNPP,n,2.0NRT,289.67,1.32,N
21.76297,84.02563,305.69,0.45,0.39,2026-09-18,2002,SNPP,SNPP,n,2.0NRT,288.78,0.72,N
21.76001,84.02071,306.14,0.45,0.39,2026-09-18,2002,SNPP,SNPP,n,2.0NRT,289.98,1.83,N
21.75583,84.02448,308.09,0.45,0.39,2026-09-18,2002,SNPP,SNPP,n,2.0NRT,289.93,1.2,N
21.76162,83.85062,320.71,0.46,0.39,2026-09-18,2002,SNPP,SNPP,n,2.0NRT,290.51,1.61,N
21.76223,83.84623,307.6,0.46,0.39,2026-09-18,2002,SNPP,SNPP,n,2.0NRT,289.77,1.61,N
21.75863,83.84566,308.37,0.46,0.39,2026-09-18,2002,SNPP,SNPP,n,2.0NRT,290.11,1.61,N
21.75866,83.81859,305.55,0.46,0.39,2026-09-18,2002,SNPP,SNPP,n,2.0NRT,290.42,0.94,N
21.75503,83.84508,319.14,0.46,0.39,2026-09-18,2002,SNPP,SNPP,n,2.0NRT,290.47,2,N
21.74782,83.84396,332.35,0.46,0.39,2026-09-18,2002,SNPP,SNPP,n,2.0NRT,291.6,2.02,N
21.74422,83.8434,309.96,0.46,0.39,2026-09-18,2002,SNPP,SNPP,n,2.0NRT,290.69,2.02,N
21.74062,83.84285,307.58,0.46,0.39,2026-09-18,2002,SNPP,SNPP,n,2.0NRT,290.82,1.48,N
21.71357,84.03982,304.94,0.45,0.39,2026-09-18,2002,SNPP,SNPP,n,2.0NRT,288.1,0.91,N
21.68225,84.04133,307.82,0.45,0.39,2026-09-18,2002,SNPP,SNPP,n,2.0NRT,287.1,1.76,N
21.6793,84.03642,305.75,0.45,0.39,2026-09-18,2002,SNPP,SNPP,n,2.0NRT,283.74,1.43,N
21.67869,84.04076,307.29,0.45,0.39,2026-09-18,2002,SNPP,SNPP,n,2.0NRT,283.76,1.02,N
20.95576,85.01318,314.29,0.41,0.37,2026-09-18,2004,SNPP,SNPP,n,2.0NRT,291.95,2.96,N
20.95634,85.00925,308.03,0.41,0.37,2026-09-18,2004,SNPP,SNPP,n,2.0NRT,291.46,2.42,N
21.07348,85.04387,304.31,0.41,0.37,2026-09-18,2004,SNPP,SNPP,n,2.0NRT,284.38,2.21,N
21.0769,85.04443,308.87,0.41,0.37,2026-09-18,2004,SNPP,SNPP,n,2.0NRT,287.93,3.51,N
21.07864,85.03264,310.5,0.41,0.37,2026-09-18,2004,SNPP,SNPP,n,2.0NRT,291.06,4.07,N
21.07806,85.03657,339.86,0.41,0.37,2026-09-18,2004,SNPP,SNPP,n,2.0NRT,292.5,4.07,N
20.94984,86.04774,310.13,0.39,0.36,2026-09-18,2004,SNPP,SNPP,n,2.0NRT,282.7,2.29,N
18.68349,73.03576,300.06,0.64,0.72,2026-09-18,2004,SNPP,SNPP,n,2.0NRT,286.6,3.52,N
17.46194,80.65218,304.28,0.4,0.44,2026-09-18,2004,SNPP,SNPP,n,2.0NRT,286.33,1.04,N
17.1383,77.17531,303.72,0.33,0.55,2026-09-18,2004,SNPP,SNPP,n,2.0NRT,286.01,0.66,N
18.6851,73.0346,296.99,0.64,0.72,2026-09-18,2004,SNPP,SNPP,n,2.0NRT,286.34,2.31,N
15.65804,73.98804,301.45,0.51,0.66,2026-09-18,2004,SNPP,SNPP,n,2.0NRT,286.34,0.32,N
18.68456,73.04094,299.28,0.64,0.72,2026-09-18,2004,SNPP,SNPP,n,2.0NRT,286.56,2.79,N
17.60577,83.20053,312.97,0.44,0.39,2026-09-18,2004,SNPP,SNPP,n,2.0NRT,287.95,2.3,N
17.60499,83.19962,306.75,0.44,0.39,2026-09-18,2004,SNPP,SNPP,n,2.0NRT,287.77,1.87,N
17.61151,83.20492,308.85,0.44,0.39,2026-09-18,2004,SNPP,SNPP,n,2.0NRT,287.44,1.95,N
19.09571,82.16794,305.25,0.52,0.41,2026-09-18,2004,SNPP,SNPP,n,2.0NRT,283.63,1.21,N
19.09952,82.1685,305.56,0.52,0.41,2026-09-18,2004,SNPP,SNPP,n,2.0NRT,283.8,1.21,N
19.10333,82.16905,305.23,0.52,0.41,2026-09-18,2004,SNPP,SNPP,n,2.0NRT,284.72,1.24,N
19.104,82.16415,310.49,0.52,0.41,2026-09-18,2004,SNPP,SNPP,n,2.0NRT,283.86,1.24,N
20.25749,86.59939,307.35,0.38,0.36,2026-09-18,2004,SNPP,SNPP,n,2.0NRT,291.72,1.96,N
20.88396,84.98249,308.87,0.41,0.37,2026-09-18,2004,SNPP,SNPP,n,2.0NRT,290.76,1.03,N
20.88738,84.98305,307.53,0.41,0.37,2026-09-18,2004,SNPP,SNPP,n,2.0NRT,290.85,1.03,N
20.88796,84.97913,307.58,0.41,0.37,2026-09-18,2004,SNPP,SNPP,n,2.0NRT,290.42,1.03,N
13.71029,79.61803,306.46,0.41,0.45,2026-09-18,2006,SNPP,SNPP,n,2.0NRT,286.25,0.6,N
14.46243,77.73553,303.6,0.56,0.52,2026-09-18,2006,SNPP,SNPP,n,2.0NRT,268.47,1.58,N
14.46244,77.73399,304,0.56,0.52,2026-09-18,2006,SNPP,SNPP,n,2.0NRT,268.81,1.22,N
13.71394,79.62247,305.28,0.41,0.45,2026-09-18,2006,SNPP,SNPP,n,2.0NRT,285.81,0.83,N
11.80968,77.92376,296.23,0.5,0.49,2026-09-18,2006,SNPP,SNPP,n,2.0NRT,265.49,0.48,N
13.39268,80.10199,309.94,0.38,0.43,2026-09-18,2006,SNPP,SNPP,n,2.0NRT,286.66,1.34,N
12.84287,79.89474,298.56,0.39,0.44,2026-09-18,2006,SNPP,SNPP,n,2.0NRT,274.13,0.31,N
26.25778,74.09514,305.5,0.42,0.61,2026-09-18,2142,SNPP,SNPP,n,2.0NRT,289.87,1.12,N
28.83723,77.14088,307.18,0.55,0.68,2026-09-18,2142,SNPP,SNPP,n,2.0NRT,292.11,0.92,N
28.83381,77.14003,304.47,0.55,0.68,2026-09-18,2142,SNPP,SNPP,n,2.0NRT,292.02,1,N
24.66085,74.63242,301.96,0.49,0.65,2026-09-18,2142,SNPP,SNPP,n,2.0NRT,287.72,1.28,N
24.93545,74.6357,300.96,0.48,0.65,2026-09-18,2142,SNPP,SNPP,n,2.0NRT,288.01,0.83,N
24.68844,73.00268,303.45,0.39,0.59,2026-09-18,2144,SNPP,SNPP,n,2.0NRT,287.67,0.59,N
24.6897,73.00195,306.66,0.39,0.59,2026-09-18,2144,SNPP,SNPP,n,2.0NRT,288.16,0.96,N
20.90883,71.46107,303.82,0.37,0.58,2026-09-18,2144,SNPP,SNPP,n,2.0NRT,291.5,1.13,N
20.90962,71.4575,302.08,0.37,0.58,2026-09-18,2144,SNPP,SNPP,n,2.0NRT,291.09,1.36,N
22.31089,69.71923,313.71,0.55,0.51,2026-09-18,2144,SNPP,SNPP,n,2.0NRT,293.22,1.74,N
23.49901,68.57819,308.91,0.44,0.46,2026-09-18,2144,SNPP,SNPP,n,2.0NRT,296.1,1.82,N
23.2587,70.26107,304.02,0.56,0.52,2026-09-18,2144,SNPP,SNPP,n,2.0NRT,291.25,0.96,N
18.68579,73.03786,301.92,0.52,0.67,2026-09-18,2144,SNPP,SNPP,n,2.0NRT,288.19,0.99,N
18.6869,73.03294,303.56,0.52,0.67,2026-09-18,2144,SNPP,SNPP,n,2.0NRT,288.72,1.55,N
18.68437,73.03822,302.33,0.52,0.67,2026-09-18,2144,SNPP,SNPP,n,2.0NRT,288.33,0.93,N
18.6855,73.03329,302.07,0.52,0.67,2026-09-18,2144,SNPP,SNPP,n,2.0NRT,288.4,0.93,N
20.96249,85.19122,333.07,0.49,0.49,2026-09-19,0716,SNPP,SNPP,n,2.0NRT,294.78,5.75,D
27.60894,96.28357,340.85,0.4,0.44,2026-09-19,0716,SNPP,SNPP,n,2.0NRT,295.14,6.08,D
27.60483,96.284,341.81,0.4,0.44,2026-09-19,0716,SNPP,SNPP,n,2.0NRT,295.53,5.72,D
22.32001,82.5649,327.47,0.34,0.56,2026-09-19,0716,SNPP,SNPP,n,2.0NRT,292.39,3.52,D
22.3206,82.59199,350.27,0.34,0.56,2026-09-19,0716,SNPP,SNPP,n,2.0NRT,291.96,5.85,D
22.32345,82.5928,342.72,0.34,0.56,2026-09-19,0716,SNPP,SNPP,n,2.0NRT,291.82,5.69,D
21.07979,85.03632,341.96,0.5,0.49,2026-09-19,0716,SNPP,SNPP,n,2.0NRT,290.87,6.14,D
21.07533,85.03733,334.22,0.5,0.49,2026-09-19,0716,SNPP,SNPP,n,2.0NRT,292.94,7.17,D
21.07825,85.03847,350.45,0.5,0.49,2026-09-19,0716,SNPP,SNPP,n,2.0NRT,292.89,14.23,D
20.76082,85.2962,328.08,0.49,0.48,2026-09-19,0716,SNPP,SNPP,n,2.0NRT,294.18,5.76,D
20.78631,85.26122,328.63,0.49,0.49,2026-09-19,0716,SNPP,SNPP,n,2.0NRT,294.54,6.08,D
20.79428,85.25468,343.01,0.49,0.49,2026-09-19,0716,SNPP,SNPP,n,2.0NRT,294.15,10.3,D
20.95019,86.04843,343.04,0.44,0.46,2026-09-19,0716,SNPP,SNPP,n,2.0NRT,294.97,8.66,D
20.94941,86.04896,338.38,0.44,0.46,2026-09-19,0716,SNPP,SNPP,n,2.0NRT,294.56,6.62,D
20.96315,86.007,329.33,0.44,0.46,2026-09-19,0716,SNPP,SNPP,n,2.0NRT,292.22,3.36,D
20.88434,84.98519,329.1,0.51,0.49,2026-09-19,0716,SNPP,SNPP,n,2.0NRT,293.95,8.77,D
27.74719,96.31156,330.3,0.4,0.44,2026-09-19,0716,SNPP,SNPP,n,2.0NRT,295.96,2.58,D
27.66253,96.24951,335.94,0.4,0.44,2026-09-19,0716,SNPP,SNPP,n,2.0NRT,295.35,3.6,D
27.60801,96.281,340.28,0.4,0.44,2026-09-19,0716,SNPP,SNPP,n,2.0NRT,295.74,10.36,D
8.5822,78.07184,338.98,0.32,0.55,2026-09-19,0852,SNPP,SNPP,n,2.0NRT,293.08,2.12,D
9.87499,78.16687,335.92,0.34,0.56,2026-09-19,0852,SNPP,SNPP,n,2.0NRT,288.81,2.38,D
12.17125,76.61151,333.49,0.57,0.52,2026-09-19,0854,SNPP,SNPP,n,2.0NRT,294.97,5.45,D
14.81415,76.36037,339.11,0.6,0.53,2026-09-19,0854,SNPP,SNPP,n,2.0NRT,296.77,6.72,D
14.10054,76.44862,334.83,0.59,0.53,2026-09-19,0854,SNPP,SNPP,n,2.0NRT,295.06,4.61,D
13.367,75.90335,331.76,0.53,0.5,2026-09-19,0854,SNPP,SNPP,n,2.0NRT,290.68,3.99,D
15.33132,75.15416,341.35,0.51,0.49,2026-09-19,0854,SNPP,SNPP,n,2.0NRT,294.16,4.86,D
14.81554,76.3573,331.08,0.6,0.53,2026-09-19,0854,SNPP,SNPP,n,2.0NRT,296.52,5.13,D
21.10412,72.63467,340.84,0.42,0.45,2026-09-19,0856,SNPP,SNPP,n,2.0NRT,297.51,2.23,D
21.10554,72.6468,350.1,0.42,0.45,2026-09-19,0856,SNPP,SNPP,n,2.0NRT,300.15,12.63,D
21.09994,72.63522,331.88,0.42,0.45,2026-09-19,0856,SNPP,SNPP,n,2.0NRT,297.47,2.23,D
31.74733,75.04183,329.33,0.39,0.59,2026-09-19,0858,SNPP,SNPP,n,2.0NRT,298.21,2.34,D
31.21831,76.06273,348.79,0.44,0.62,2026-09-19,0858,SNPP,SNPP,n,2.0NRT,298.5,4.23,D
25.94109,72.19331,351.45,0.45,0.47,2026-09-19,0858,SNPP,SNPP,n,2.0NRT,300.96,14.9,D
27.37895,95.33591,307.58,0.41,0.37,2026-09-19,1942,SNPP,SNPP,n,2.0NRT,260.68,1.42,N
23.56194,87.08469,308.21,0.57,0.43,2026-09-19,1945,SNPP,SNPP,n,2.0NRT,289.59,2.05,N
23.67675,86.08537,326.78,0.44,0.46,2026-09-19,1945,SNPP,SNPP,n,2.0NRT,290.91,3.07,N
23.66723,86.09283,307.79,0.44,0.46,2026-09-19,1945,SNPP,SNPP,n,2.0NRT,290.14,1.16,N
23.82908,84.57273,305.7,0.54,0.51,2026-09-19,1945,SNPP,SNPP,n,2.0NRT,287.56,1.35,N
23.82438,84.57207,305.34,0.54,0.51,2026-09-19,1945,SNPP,SNPP,n,2.0NRT,287.49,1.35,N
23.63107,86.2945,304.48,0.42,0.45,2026-09-19,1945,SNPP,SNPP,n,2.0NRT,289.94,1.04,N
23.58066,86.7249,309.53,0.4,0.44,2026-09-19,1945,SNPP,SNPP,n,2.0NRT,289.16,1.01,N
23.48711,87.36575,305.23,0.55,0.43,2026-09-19,1945,SNPP,SNPP,n,2.0NRT,288.01,1.39,N
23.48318,87.36514,305.43,0.55,0.43,2026-09-19,1945,SNPP,SNPP,n,2.0NRT,288.11,1.39,N
23.82765,84.57129,305.36,0.54,0.51,2026-09-19,1945,SNPP,SNPP,n,2.0NRT,287.5,2.87,N
23.48398,87.36385,310.19,0.55,0.43,2026-09-19,1945,SNPP,SNPP,n,2.0NRT,288.33,2.32,N
23.69631,85.36734,306.27,0.48,0.48,2026-09-19,1945,SNPP,SNPP,n,2.0NRT,289.66,1.21,N
23.69607,85.28915,311.4,0.49,0.48,2026-09-19,1945,SNPP,SNPP,n,2.0NRT,289.8,1.97,N
23.6738,85.32542,303.64,0.49,0.48,2026-09-19,1945,SNPP,SNPP,n,2.0NRT,289.3,1,N
23.64769,85.43773,323.96,0.48,0.48,2026-09-19,1945,SNPP,SNPP,n,2.0NRT,290.48,3.29,N
22.87554,86.06346,309.2,0.43,0.46,2026-09-19,1945,SNPP,SNPP,n,2.0NRT,289.71,1.18,N
22.7983,86.20878,325.46,0.42,0.45,2026-09-19,1945,SNPP,SNPP,n,2.0NRT,289.3,2.04,N
22.79508,86.20007,311.66,0.42,0.45,2026-09-19,1945,SNPP,SNPP,n,2.0NRT,289.68,1.43,N
22.79138,86.19534,305.82,0.42,0.45,2026-09-19,1945,SNPP,SNPP,n,2.0NRT,290.12,1.79,N
22.79041,86.20361,305.67,0.42,0.45,2026-09-19,1945,SNPP,SNPP,n,2.0NRT,289.88,1.43,N
22.79934,86.09099,322.28,0.43,0.46,2026-09-19,1945,SNPP,SNPP,n,2.0NRT,289.96,1.7,N
22.57471,85.89317,305.92,0.43,0.46,2026-09-19,1945,SNPP,SNPP,n,2.0NRT,289.07,2.23,N
22.36652,87.29972,306.98,0.54,0.42,2026-09-19,1945,SNPP,SNPP,n,2.0NRT,276.61,2.59,N
22.13252,85.38329,307.44,0.46,0.47,2026-09-19,1945,SNPP,SNPP,n,2.0NRT,289.45,1.09,N
22.1327,85.38155,307.79,0.46,0.47,2026-09-19,1945,SNPP,SNPP,n,2.0NRT,289.32,1.18,N
21.92415,85.22125,303.88,0.47,0.48,2026-09-19,1945,SNPP,SNPP,n,2.0NRT,288.91,1.49,N
21.92459,85.22404,304.13,0.47,0.48,2026-09-19,1945,SNPP,SNPP,n,2.0NRT,289.05,1.87,N
22.03751,83.73325,300.04,0.58,0.52,2026-09-19,1945,SNPP,SNPP,n,2.0NRT,276.58,2.1,N
22.01565,83.75361,299.01,0.58,0.52,2026-09-19,1945,SNPP,SNPP,n,2.0NRT,273.93,0.98,N
21.92144,83.34727,304.2,0.62,0.54,2026-09-19,1945,SNPP,SNPP,n,2.0NRT,274.36,1.35,N
21.92083,83.35331,301.47,0.62,0.54,2026-09-19,1945,SNPP,SNPP,n,2.0NRT,272.74,1.35,N
21.92154,83.34715,305.56,0.62,0.54,2026-09-19,1945,SNPP,SNPP,n,2.0NRT,274.82,2.37,N
21.92089,83.35318,303.36,0.61,0.54,2026-09-19,1945,SNPP,SNPP,n,2.0NRT,274.17,1.58,N
21.84134,83.98376,303.03,0.56,0.51,2026-09-19,1945,SNPP,SNPP,n,2.0NRT,285.4,0.88,N
21.76984,84.0188,303.92,0.56,0.51,2026-09-19,1945,SNPP,SNPP,n,2.0NRT,286.08,1.67,N
21.76509,84.01818,311.22,0.56,0.51,2026-09-19,1945,SNPP,SNPP,n,2.0NRT,286.69,1.67,N
21.75499,84.02237,310.51,0.55,0.51,2026-09-19,1945,SNPP,SNPP,n,2.0NRT,286.73,3.77,N
21.75407,84.02509,307.12,0.55,0.51,2026-09-19,1945,SNPP,SNPP,n,2.0NRT,286.35,3.89,N
21.0005,86.02509,309.61,0.41,0.45,2026-09-19,1945,SNPP,SNPP,n,2.0NRT,288.08,1.42,N
20.96647,86.01376,311.62,0.41,0.45,2026-09-19,1945,SNPP,SNPP,n,2.0NRT,287.35,1.31,N
21.07853,85.0389,340.02,0.47,0.48,2026-09-19,1945,SNPP,SNPP,n,2.0NRT,290.64,4.28,N
21.07908,85.03436,319.84,0.47,0.48,2026-09-19,1945,SNPP,SNPP,n,2.0NRT,290.2,4.28,N
21.07798,85.0435,307.46,0.47,0.48,2026-09-19,1945,SNPP,SNPP,n,2.0NRT,289.27,1.07,N
20.95371,86.04803,309.29,0.41,0.45,2026-09-19,1945,SNPP,SNPP,n,2.0NRT,287.78,1.57,N
21.07412,85.03835,306.16,0.47,0.48,2026-09-19,1945,SNPP,SNPP,n,2.0NRT,289.63,4.28,N
21.07357,85.04292,308.06,0.47,0.48,2026-09-19,1945,SNPP,SNPP,n,2.0NRT,288.99,1.07,N
21.07302,85.04753,307.63,0.47,0.48,2026-09-19,1945,SNPP,SNPP,n,2.0NRT,289.26,1.07,N
20.94959,86.04742,314.35,0.41,0.45,2026-09-19,1945,SNPP,SNPP,n,2.0NRT,287.93,1.57,N
20.97816,85.17166,311.76,0.46,0.47,2026-09-19,1945,SNPP,SNPP,n,2.0NRT,289.46,1.54,N
20.97327,85.17558,305.15,0.46,0.47,2026-09-19,1945,SNPP,SNPP,n,2.0NRT,289.25,2.35,N
20.96891,85.175,327.86,0.46,0.47,2026-09-19,1945,SNPP,SNPP,n,2.0NRT,289.57,2.35,N
20.97149,85.1526,309.59,0.46,0.47,2026-09-19,1945,SNPP,SNPP,n,2.0NRT,288.99,1.47,N
20.96942,85.17052,306.04,0.46,0.47,2026-09-19,1945,SNPP,SNPP,n,2.0NRT,289.23,2.44,N
20.97773,85.16917,308.18,0.46,0.47,2026-09-19,1945,SNPP,SNPP,n,2.0NRT,289.3,1.06,N
20.97717,85.17365,308.98,0.46,0.47,2026-09-19,1945,SNPP,SNPP,n,2.0NRT,289.14,1.06,N
20.96789,85.177,323.54,0.46,0.47,2026-09-19,1945,SNPP,SNPP,n,2.0NRT,289.21,3.67,N
20.97064,85.15461,312.06,0.46,0.47,2026-09-19,1945,SNPP,SNPP,n,2.0NRT,289.16,1.97,N
20.96844,85.17252,309.08,0.46,0.47,2026-09-19,1945,SNPP,SNPP,n,2.0NRT,289.36,3.38,N
20.96517,85.16301,312.34,0.46,0.47,2026-09-19,1945,SNPP,SNPP,n,2.0NRT,289.33,2.49,N
20.96462,85.16748,316.33,0.46,0.47,2026-09-19,1945,SNPP,SNPP,n,2.0NRT,289.55,2.36,N
20.96408,85.17196,309.85,0.46,0.47,2026-09-19,1945,SNPP,SNPP,n,2.0NRT,289.55,2.36,N
20.96353,85.17641,309.38,0.46,0.47,2026-09-19,1945,SNPP,SNPP,n,2.0NRT,289.55,1.42,N
20.96299,85.18086,307.1,0.46,0.47,2026-09-19,1945,SNPP,SNPP,n,2.0NRT,289.27,1.42,N
20.96245,85.18526,314.09,0.46,0.47,2026-09-19,1945,SNPP,SNPP,n,2.0NRT,289.27,1.98,N
20.96191,85.18964,317.46,0.46,0.47,2026-09-19,1945,SNPP,SNPP,n,2.0NRT,289.38,1.98,N
20.95681,85.01095,305.88,0.47,0.48,2026-09-19,1945,SNPP,SNPP,n,2.0NRT,289.34,2.2,N
20.88887,84.97883,305.54,0.47,0.48,2026-09-19,1945,SNPP,SNPP,n,2.0NRT,288.52,2.27,N
20.88835,84.98338,308.27,0.47,0.48,2026-09-19,1945,SNPP,SNPP,n,2.0NRT,288.67,1.71,N
20.88393,84.9828,321.32,0.47,0.48,2026-09-19,1945,SNPP,SNPP,n,2.0NRT,289.1,1.71,N
20.88954,84.98176,314.01,0.47,0.48,2026-09-19,1945,SNPP,SNPP,n,2.0NRT,288.74,2.25,N
20.88512,84.98122,326.2,0.47,0.48,2026-09-19,1945,SNPP,SNPP,n,2.0NRT,288.85,2.25,N
20.86636,84.98807,308.13,0.47,0.48,2026-09-19,1945,SNPP,SNPP,n,2.0NRT,288.59,1.21,N
20.86583,84.99248,306.79,0.47,0.48,2026-09-19,1945,SNPP,SNPP,n,2.0NRT,288.38,3.08,N
20.86196,84.98734,311.98,0.47,0.48,2026-09-19,1945,SNPP,SNPP,n,2.0NRT,288,0.95,N
20.80744,85.25566,321.02,0.45,0.47,2026-09-19,1945,SNPP,SNPP,n,2.0NRT,289.5,2.9,N
20.79444,85.25397,338.33,0.45,0.47,2026-09-19,1945,SNPP,SNPP,n,2.0NRT,288.87,6.19,N
20.78475,85.26138,315.06,0.45,0.47,2026-09-19,1945,SNPP,SNPP,n,2.0NRT,288.21,1.58,N
20.78423,85.26575,313.1,0.45,0.47,2026-09-19,1945,SNPP,SNPP,n,2.0NRT,287.45,1.58,N
20.759,85.29333,306.38,0.45,0.47,2026-09-19,1945,SNPP,SNPP,n,2.0NRT,287.26,1.47,N
20.75848,85.29771,309.73,0.45,0.47,2026-09-19,1945,SNPP,SNPP,n,2.0NRT,287.45,1.47,N
23.55857,87.24297,321.33,0.56,0.43,2026-09-19,1945,SNPP,SNPP,n,2.0NRT,289.67,2.73,N
24.11633,86.85782,305.37,0.4,0.44,2026-09-19,1945,SNPP,SNPP,n,2.0NRT,290.98,1.4,N
24.11587,86.86176,315.21,0.4,0.44,2026-09-19,1945,SNPP,SNPP,n,2.0NRT,291.4,1.4,N
24.45077,83.03903,303.43,0.34,0.56,2026-09-19,1945,SNPP,SNPP,n,2.0NRT,287.06,0.72,N
24.20562,82.71011,305.22,0.36,0.57,2026-09-19,1945,SNPP,SNPP,n,2.0NRT,286.21,1.26,N
24.202,82.7122,305.14,0.36,0.57,2026-09-19,1945,SNPP,SNPP,n,2.0NRT,286.59,1.76,N
24.19627,82.71576,309.59,0.36,0.57,2026-09-19,1945,SNPP,SNPP,n,2.0NRT,286.5,1.56,N
23.80615,86.33062,309.47,0.42,0.45,2026-09-19,1945,SNPP,SNPP,n,2.0NRT,290.27,1.4,N
23.80195,86.33002,321.79,0.42,0.45,2026-09-19,1945,SNPP,SNPP,n,2.0NRT,290.73,2.69,N
23.79945,86.35086,309.7,0.42,0.45,2026-09-19,1945,SNPP,SNPP,n,2.0NRT,290.4,1.74,N
23.79876,86.32096,304.5,0.42,0.46,2026-09-19,1945,SNPP,SNPP,n,2.0NRT,289.96,2.23,N
23.79526,86.35024,309.79,0.42,0.45,2026-09-19,1945,SNPP,SNPP,n,2.0NRT,290.26,1.74,N
23.79475,86.35445,313.48,0.42,0.45,2026-09-19,1945,SNPP,SNPP,n,2.0NRT,290.11,1.35,N
23.78188,86.39079,309.05,0.42,0.45,2026-09-19,1945,SNPP,SNPP,n,2.0NRT,290.14,1.41,N
23.6962,87.0942,306.8,0.57,0.43,2026-09-19,1945,SNPP,SNPP,n,2.0NRT,289.18,2.04,N
23.6948,87.10545,306.99,0.57,0.43,2026-09-19,1945,SNPP,SNPP,n,2.0NRT,289.54,3.2,N
23.69341,87.11668,307.45,0.57,0.43,2026-09-19,1945,SNPP,SNPP,n,2.0NRT,290.26,2.83,N
23.69271,87.1223,319.48,0.57,0.43,2026-09-19,1945,SNPP,SNPP,n,2.0NRT,290.86,2.83,N
23.7777,86.39017,326.19,0.42,0.45,2026-09-19,1945,SNPP,SNPP,n,2.0NRT,290.73,1.67,N
23.77968,86.37348,304.69,0.42,0.45,2026-09-19,1945,SNPP,SNPP,n,2.0NRT,290.36,1.23,N
23.77819,86.38602,305.84,0.42,0.45,2026-09-19,1945,SNPP,SNPP,n,2.0NRT,290.09,1.67,N
23.6915,87.09924,306.12,0.57,0.43,2026-09-19,1945,SNPP,SNPP,n,2.0NRT,288.77,2.4,N
23.68871,87.12169,312.08,0.57,0.43,2026-09-19,1945,SNPP,SNPP,n,2.0NRT,290.44,3.53,N
23.77649,86.3645,315.49,0.42,0.45,2026-09-19,1945,SNPP,SNPP,n,2.0NRT,290.46,1.58,N
23.77401,86.38538,307.87,0.42,0.45,2026-09-19,1945,SNPP,SNPP,n,2.0NRT,290.15,1.67,N
23.77229,86.36391,320.56,0.42,0.45,2026-09-19,1945,SNPP,SNPP,n,2.0NRT,289.97,2.46,N
23.76736,86.40551,324.2,0.42,0.45,2026-09-19,1945,SNPP,SNPP,n,2.0NRT,290.85,2.31,N
23.76785,86.40134,316.02,0.42,0.45,2026-09-19,1945,SNPP,SNPP,n,2.0NRT,290.57,2.31,N
23.76317,86.40493,326.8,0.42,0.45,2026-09-19,1945,SNPP,SNPP,n,2.0NRT,290.4,2.31,N
23.76466,86.3924,311.67,0.42,0.45,2026-09-19,1945,SNPP,SNPP,n,2.0NRT,291.22,3.69,N
23.76367,86.40073,310.01,0.42,0.45,2026-09-19,1945,SNPP,SNPP,n,2.0NRT,289.93,2.31,N
23.78168,86.21125,311.76,0.43,0.46,2026-09-19,1945,SNPP,SNPP,n,2.0NRT,291.01,1.5,N
23.75949,86.4001,313.49,0.42,0.45,2026-09-19,1945,SNPP,SNPP,n,2.0NRT,290.3,2.23,N
23.75899,86.40429,318.32,0.42,0.45,2026-09-19,1945,SNPP,SNPP,n,2.0NRT,290.14,2.23,N
23.75334,86.41614,321.65,0.42,0.45,2026-09-19,1945,SNPP,SNPP,n,2.0NRT,289.96,2.58,N
23.77795,86.20632,308.37,0.43,0.46,2026-09-19,1945,SNPP,SNPP,n,2.0NRT,291.02,1.5,N
23.77745,86.21059,313.33,0.43,0.46,2026-09-19,1945,SNPP,SNPP,n,2.0NRT,291.32,1.5,N
23.66458,87.15237,307.44,0.57,0.43,2026-09-19,1945,SNPP,SNPP,n,2.0NRT,290.16,2.33,N
23.66389,87.158,316.19,0.57,0.43,2026-09-19,1945,SNPP,SNPP,n,2.0NRT,290.34,3.23,N
23.73888,86.43074,303.99,0.42,0.45,2026-09-19,1945,SNPP,SNPP,n,2.0NRT,289.95,1.16,N
23.7384,86.43486,317.89,0.42,0.45,2026-09-19,1945,SNPP,SNPP,n,2.0NRT,290.68,1.16,N
23.73471,86.43014,305.13,0.42,0.45,2026-09-19,1945,SNPP,SNPP,n,2.0NRT,289.73,1.16,N
23.73423,86.43424,305.06,0.42,0.45,2026-09-19,1945,SNPP,SNPP,n,2.0NRT,289.68,1.16,N
23.73374,86.43837,305.56,0.42,0.45,2026-09-19,1945,SNPP,SNPP,n,2.0NRT,290.76,1.31,N
23.67064,86.93469,307.63,0.39,0.44,2026-09-19,1945,SNPP,SNPP,n,2.0NRT,289.82,1.49,N
23.77619,85.99534,306.44,0.44,0.46,2026-09-19,1945,SNPP,SNPP,n,2.0NRT,290.41,0.83,N
23.7757,85.99969,306.51,0.44,0.46,2026-09-19,1945,SNPP,SNPP,n,2.0NRT,290.22,0.83,N
23.72492,86.44128,309.54,0.42,0.45,2026-09-19,1945,SNPP,SNPP,n,2.0NRT,290.1,2.41,N
23.72315,86.42001,304.98,0.42,0.45,2026-09-19,1945,SNPP,SNPP,n,2.0NRT,290.56,1.07,N
23.6644,86.91805,305.88,0.39,0.44,2026-09-19,1945,SNPP,SNPP,n,2.0NRT,289.79,1.24,N
23.82306,85.49478,305.51,0.48,0.48,2026-09-19,1945,SNPP,SNPP,n,2.0NRT,291.05,2.26,N
23.71897,86.4194,309.58,0.42,0.45,2026-09-19,1945,SNPP,SNPP,n,2.0NRT,289.71,1.07,N
23.7185,86.42349,305.78,0.42,0.45,2026-09-19,1945,SNPP,SNPP,n,2.0NRT,289.57,1.07,N
23.71658,86.44003,304.06,0.42,0.45,2026-09-19,1945,SNPP,SNPP,n,2.0NRT,289.33,2.07,N
23.7161,86.44417,305.05,0.42,0.45,2026-09-19,1945,SNPP,SNPP,n,2.0NRT,289.66,2.19,N
23.71514,86.45243,305.89,0.42,0.45,2026-09-19,1945,SNPP,SNPP,n,2.0NRT,289.76,0.72,N
23.71432,86.4229,310.27,0.42,0.45,2026-09-19,1945,SNPP,SNPP,n,2.0NRT,290.38,2.21,N
23.71145,86.44766,304.39,0.42,0.45,2026-09-19,1945,SNPP,SNPP,n,2.0NRT,289.93,1.58,N
23.71098,86.4518,309.5,0.42,0.45,2026-09-19,1945,SNPP,SNPP,n,2.0NRT,289.67,1.42,N
23.71827,86.42102,317.17,0.42,0.45,2026-09-19,1945,SNPP,SNPP,n,2.0NRT,289.81,1.89,N
23.71574,86.44164,303.78,0.42,0.45,2026-09-19,1945,SNPP,SNPP,n,2.0NRT,289.47,1.11,N
23.71472,86.44988,306.47,0.42,0.45,2026-09-19,1945,SNPP,SNPP,n,2.0NRT,290.03,1.52,N
23.71422,86.454,306.1,0.42,0.45,2026-09-19,1945,SNPP,SNPP,n,2.0NRT,289.81,1.3,N
23.82438,85.49805,305.11,0.48,0.48,2026-09-19,1945,SNPP,SNPP,n,2.0NRT,290.66,1.47,N
23.7136,86.42451,312.11,0.42,0.45,2026-09-19,1945,SNPP,SNPP,n,2.0NRT,290.55,1.89,N
23.71056,86.44926,309.07,0.42,0.45,2026-09-19,1945,SNPP,SNPP,n,2.0NRT,289.81,1.52,N
23.7597,85.86057,311.83,0.45,0.47,2026-09-19,1945,SNPP,SNPP,n,2.0NRT,290.27,2.04,N
23.75642,85.85103,305.25,0.45,0.47,2026-09-19,1945,SNPP,SNPP,n,2.0NRT,290.27,1.61,N
23.75589,85.85554,311.61,0.45,0.47,2026-09-19,1945,SNPP,SNPP,n,2.0NRT,290.89,1.61,N
23.78637,85.55461,305.23,0.47,0.48,2026-09-19,1945,SNPP,SNPP,n,2.0NRT,290.34,1.07,N
23.68787,86.39133,305.97,0.42,0.45,2026-09-19,1945,SNPP,SNPP,n,2.0NRT,289.86,1.02,N
23.6837,86.3907,304.76,0.42,0.45,2026-09-19,1945,SNPP,SNPP,n,2.0NRT,289.55,1.02,N
23.68319,86.3949,312.2,0.42,0.45,2026-09-19,1945,SNPP,SNPP,n,2.0NRT,290.01,1.02,N
23.67852,86.3984,320.04,0.42,0.45,2026-09-19,1945,SNPP,SNPP,n,2.0NRT,290.98,2.1,N
23.67435,86.39774,304.69,0.42,0.45,2026-09-19,1945,SNPP,SNPP,n,2.0NRT,289.98,2.1,N
23.6996,86.07531,305.36,0.44,0.46,2026-09-19,1945,SNPP,SNPP,n,2.0NRT,290.24,1.03,N
23.61442,86.78979,308.91,0.4,0.44,2026-09-19,1945,SNPP,SNPP,n,2.0NRT,283.88,1.65,N
23.55926,87.23745,312.81,0.56,0.43,2026-09-19,1945,SNPP,SNPP,n,2.0NRT,289.45,2.73,N
23.68579,86.08218,324.52,0.44,0.46,2026-09-19,1945,SNPP,SNPP,n,2.0NRT,290.39,2.25,N
23.68152,86.08163,316.51,0.44,0.46,2026-09-19,1945,SNPP,SNPP,n,2.0NRT,290.42,3.07,N
23.68002,86.09458,313.95,0.44,0.46,2026-09-19,1945,SNPP,SNPP,n,2.0NRT,290.26,2.66,N
17.61139,83.20617,299.28,0.55,0.51,2026-09-19,1947,SNPP,SNPP,n,2.0NRT,270.06,0.52,N
23.49956,68.57881,307.73,0.4,0.37,2026-09-19,2123,SNPP,SNPP,n,2.0NRT,296.6,1.09,N
28.67086,77.56998,303.95,0.62,0.54,2026-09-19,2123,SNPP,SNPP,n,2.0NRT,293.87,1.74,N
22.26406,75.13526,304.57,0.6,0.53,2026-09-19,2123,SNPP,SNPP,n,2.0NRT,291.13,1.32,N
22.93186,69.69827,307.75,0.44,0.38,2026-09-19,2123,SNPP,SNPP,n,2.0NRT,295.26,0.9,N
22.93537,69.69899,306.8,0.44,0.38,2026-09-19,2123,SNPP,SNPP,n,2.0NRT,295.15,0.71,N
23.49619,68.57815,310.38,0.4,0.37,2026-09-19,2123,SNPP,SNPP,n,2.0NRT,296.76,1.19,N
21.10623,72.65048,307.38,0.44,0.46,2026-09-19,2125,SNPP,SNPP,n,2.0NRT,289.8,3.06,N
21.10708,72.64625,317.84,0.44,0.46,2026-09-19,2125,SNPP,SNPP,n,2.0NRT,289.8,3.06,N
22.41644,69.03992,318.8,0.42,0.38,2026-09-19,2125,SNPP,SNPP,n,2.0NRT,295.54,1.76,N
22.41989,69.0406,306.86,0.42,0.38,2026-09-19,2125,SNPP,SNPP,n,2.0NRT,294.97,0.38,N
22.33592,69.86636,306.91,0.45,0.39,2026-09-19,2125,SNPP,SNPP,n,2.0NRT,295.89,3.12,N
22.57542,70.22902,308.29,0.47,0.4,2026-09-19,2125,SNPP,SNPP,n,2.0NRT,293.94,0.75,N
21.10453,72.63682,306.2,0.44,0.46,2026-09-19,2125,SNPP,SNPP,n,2.0NRT,289.58,4.4,N
27.08077,73.81672,307.09,0.41,0.45,2026-09-19,2125,SNPP,SNPP,n,2.0NRT,295.37,1.17,N
27.28754,73.83817,308.13,0.4,0.44,2026-09-19,2125,SNPP,SNPP,n,2.0NRT,293.82,0.86,N
27.28626,73.84059,304.36,0.4,0.44,2026-09-19,2125,SNPP,SNPP,n,2.0NRT,293.74,0.7,N
27.66952,76.12982,305.89,0.54,0.51,2026-09-19,2125,SNPP,SNPP,n,2.0NRT,295.11,1.55,N
18.68543,73.0321,304.72,0.52,0.5,2026-09-19,2125,SNPP,SNPP,n,2.0NRT,285.77,1.64,N
21.10284,72.64529,305.4,0.44,0.46,2026-09-19,2125,SNPP,SNPP,n,2.0NRT,289.43,4.15,N
26.25745,74.09571,308.98,0.44,0.46,2026-09-19,2125,SNPP,SNPP,n,2.0NRT,292.89,1.11,N
26.25618,74.09748,304.98,0.44,0.46,2026-09-19,2125,SNPP,SNPP,n,2.0NRT,292.28,1.45,N
26.87696,73.5136,305.52,0.39,0.44,2026-09-19,2125,SNPP,SNPP,n,2.0NRT,293.77,1.38,N
26.87618,73.51752,308.68,0.39,0.44,2026-09-19,2125,SNPP,SNPP,n,2.0NRT,294.14,1.87,N
26.92768,73.46886,307.02,0.39,0.44,2026-09-19,2125,SNPP,SNPP,n,2.0NRT,294.11,1.11,N
20.88891,84.97933,327.25,0.51,0.66,2026-09-20,0657,SNPP,SNPP,n,2.0NRT,278.36,1.25,D
21.07579,85.03978,331.7,0.5,0.66,2026-09-20,0657,SNPP,SNPP,n,2.0NRT,277.55,8.92,D
22.32475,82.59406,341.78,0.66,0.73,2026-09-20,0657,SNPP,SNPP,n,2.0NRT,285.11,9.38,D
22.32036,82.59339,342.69,0.66,0.73,2026-09-20,0657,SNPP,SNPP,n,2.0NRT,285.06,7.81,D
27.74629,96.12154,331.33,0.39,0.36,2026-09-20,0659,SNPP,SNPP,n,2.0NRT,291.04,2.76,D
27.75585,96.04725,342.27,0.39,0.36,2026-09-20,0659,SNPP,SNPP,n,2.0NRT,293.26,4.07,D
27.77244,96.04417,346.68,0.39,0.36,2026-09-20,0659,SNPP,SNPP,n,2.0NRT,292.81,9.26,D
28.12971,95.46777,331.12,0.38,0.36,2026-09-20,0659,SNPP,SNPP,n,2.0NRT,296.02,3.06,D
8.81362,78.10622,338.11,0.49,0.4,2026-09-20,0835,SNPP,SNPP,n,2.0NRT,285.24,7.96,D
9.29924,77.76429,331.95,0.47,0.4,2026-09-20,0835,SNPP,SNPP,n,2.0NRT,295.62,3.52,D
9.77945,78.18136,347.16,0.5,0.41,2026-09-20,0835,SNPP,SNPP,n,2.0NRT,292.92,5.18,D
10.82826,79.18586,339.68,0.4,0.44,2026-09-20,0835,SNPP,SNPP,n,2.0NRT,298.65,2.84,D
11.03817,77.20752,337.8,0.46,0.39,2026-09-20,0835,SNPP,SNPP,n,2.0NRT,301.08,8.73,D
17.01503,74.87815,339.17,0.42,0.38,2026-09-20,0835,SNPP,SNPP,n,2.0NRT,307.69,7.11,D
17.72023,74.63428,336.32,0.42,0.38,2026-09-20,0835,SNPP,SNPP,n,2.0NRT,300.69,1.87,D
18.53193,74.24606,333.94,0.41,0.37,2026-09-20,0835,SNPP,SNPP,n,2.0NRT,298.1,1.15,D
19.39204,74.96561,331.84,0.45,0.39,2026-09-20,0835,SNPP,SNPP,n,2.0NRT,298.09,1.98,D
18.71877,74.53772,336.29,0.42,0.38,2026-09-20,0835,SNPP,SNPP,n,2.0NRT,299.66,3.98,D
18.54997,74.39593,330.68,0.42,0.38,2026-09-20,0835,SNPP,SNPP,l,2.0NRT,300.86,3.68,D
16.55261,75.60561,340.67,0.45,0.39,2026-09-20,0835,SNPP,SNPP,n,2.0NRT,304.4,5.6,D
15.48758,76.01228,340.38,0.45,0.39,2026-09-20,0837,SNPP,SNPP,n,2.0NRT,297.1,7.88,D
15.32506,75.11153,337.73,0.42,0.38,2026-09-20,0837,SNPP,SNPP,n,2.0NRT,294.11,3.26,D
15.7973,75.60358,333.69,0.44,0.38,2026-09-20,0837,SNPP,SNPP,n,2.0NRT,296.66,5.44,D
21.10523,72.64537,339.88,0.39,0.36,2026-09-20,0837,SNPP,SNPP,n,2.0NRT,294.73,3.58,D
21.10412,72.63786,336.66,0.39,0.36,2026-09-20,0837,SNPP,SNPP,n,2.0NRT,298.19,7.96,D
22.35868,82.30519,329.11,0.44,0.63,2026-09-20,0837,SNPP,SNPP,n,2.0NRT,288.88,4.82,D
22.35828,82.30085,336.27,0.44,0.63,2026-09-20,0837,SNPP,SNPP,n,2.0NRT,288.63,4.82,D
22.35785,82.30502,329.65,0.44,0.63,2026-09-20,0837,SNPP,SNPP,n,2.0NRT,288.96,4.28,D
22.35748,82.30067,336.21,0.44,0.63,2026-09-20,0837,SNPP,SNPP,n,2.0NRT,288.11,4.28,D
25.02158,72.28376,336.51,0.4,0.37,2026-09-20,0837,SNPP,SNPP,n,2.0NRT,303.67,2.96,D
27.401,71.00533,340.66,0.39,0.36,2026-09-20,0839,SNPP,SNPP,n,2.0NRT,310.58,7.72,D
30.75927,74.28515,339.53,0.55,0.43,2026-09-20,0839,SNPP,SNPP,n,2.0NRT,301.31,5.59,D
31.1416,76.02649,341.57,0.46,0.47,2026-09-20,0839,SNPP,SNPP,n,2.0NRT,303.42,10.52,D
31.11418,74.65856,331.53,0.39,0.44,2026-09-20,0839,SNPP,SNPP,l,2.0NRT,302.08,4.02,D
31.1182,74.65797,345.09,0.39,0.44,2026-09-20,0839,SNPP,SNPP,n,2.0NRT,302.19,4.02,D
31.12493,74.68186,339.98,0.39,0.44,2026-09-20,0839,SNPP,SNPP,n,2.0NRT,305.72,2.39,D
31.12178,74.65333,342.14,0.39,0.44,2026-09-20,0839,SNPP,SNPP,n,2.0NRT,304.46,5.61,D
31.11909,74.62894,341.27,0.38,0.44,2026-09-20,0839,SNPP,SNPP,n,2.0NRT,302.12,3.88,D
31.19417,75.01112,344.31,0.4,0.45,2026-09-20,0839,SNPP,SNPP,n,2.0NRT,301.75,4.43,D
31.36599,76.0065,331.51,0.46,0.47,2026-09-20,0839,SNPP,SNPP,l,2.0NRT,303.14,2.25,D
31.62954,74.96935,342.48,0.41,0.45,2026-09-20,0839,SNPP,SNPP,n,2.0NRT,304.66,4.74,D
31.6274,74.97133,350.94,0.41,0.45,2026-09-20,0839,SNPP,SNPP,n,2.0NRT,304.35,5.55,D
31.66311,74.99259,342.05,0.41,0.45,2026-09-20,0839,SNPP,SNPP,n,2.0NRT,304.08,3.99,D
31.70499,75.15134,336.74,0.42,0.45,2026-09-20,0839,SNPP,SNPP,n,2.0NRT,305.87,3.43,D
31.73768,75.00512,339.71,0.41,0.45,2026-09-20,0839,SNPP,SNPP,n,2.0NRT,303.79,4.33,D
31.73836,74.93018,337.76,0.41,0.45,2026-09-20,0839,SNPP,SNPP,n,2.0NRT,304.51,3.7,D
23.80265,86.33012,309.34,0.42,0.61,2026-09-20,1923,SNPP,SNPP,n,2.0NRT,273.46,1.59,N
23.76783,86.40233,314.63,0.42,0.61,2026-09-20,1923,SNPP,SNPP,n,2.0NRT,282,3.98,N
23.76747,86.40658,313.67,0.42,0.61,2026-09-20,1923,SNPP,SNPP,n,2.0NRT,282.12,3.33,N
23.80137,86.32865,302.25,0.42,0.61,2026-09-20,1923,SNPP,SNPP,n,2.0NRT,273.8,2.01,N
23.76567,86.40509,325.69,0.42,0.61,2026-09-20,1923,SNPP,SNPP,n,2.0NRT,282.51,5.3,N
23.76039,86.40017,310.48,0.42,0.61,2026-09-20,1923,SNPP,SNPP,n,2.0NRT,282.49,1.55,N
23.76,86.40443,304.58,0.42,0.61,2026-09-20,1923,SNPP,SNPP,n,2.0NRT,282.19,1.55,N
23.75321,86.4163,316.72,0.41,0.61,2026-09-20,1923,SNPP,SNPP,n,2.0NRT,282.13,1.82,N
23.74003,86.43561,304.1,0.41,0.61,2026-09-20,1923,SNPP,SNPP,n,2.0NRT,281.54,1.43,N
23.73474,86.43078,305.57,0.41,0.61,2026-09-20,1923,SNPP,SNPP,n,2.0NRT,281.59,0.93,N
23.73438,86.4349,303.62,0.41,0.61,2026-09-20,1923,SNPP,SNPP,n,2.0NRT,281.36,0.93,N
23.72269,86.43774,304.11,0.41,0.61,2026-09-20,1923,SNPP,SNPP,n,2.0NRT,282.18,1.15,N
23.71849,86.42043,309.6,0.41,0.61,2026-09-20,1923,SNPP,SNPP,n,2.0NRT,280.79,1.94,N
23.71667,86.44122,304.62,0.41,0.61,2026-09-20,1923,SNPP,SNPP,n,2.0NRT,281.98,1.15,N
23.71247,86.4239,304.45,0.41,0.61,2026-09-20,1923,SNPP,SNPP,n,2.0NRT,281.32,1.34,N
23.68666,86.39141,304.65,0.42,0.61,2026-09-20,1923,SNPP,SNPP,n,2.0NRT,278.95,1.03,N
23.68062,86.39497,301.52,0.42,0.61,2026-09-20,1923,SNPP,SNPP,n,2.0NRT,278.72,2.1,N
23.68027,86.39914,302.85,0.41,0.61,2026-09-20,1923,SNPP,SNPP,n,2.0NRT,278.71,0.95,N
23.67461,86.39834,302.93,0.41,0.61,2026-09-20,1923,SNPP,SNPP,n,2.0NRT,278.69,0.95,N
23.6842,86.39069,302.6,0.41,0.61,2026-09-20,1923,SNPP,SNPP,n,2.0NRT,278.35,0.82,N
23.68381,86.39499,304.32,0.41,0.61,2026-09-20,1923,SNPP,SNPP,n,2.0NRT,278.67,0.82,N
23.67776,86.39841,312.16,0.41,0.61,2026-09-20,1923,SNPP,SNPP,n,2.0NRT,279.04,2.1,N
23.68201,86.09537,307.44,0.43,0.62,2026-09-20,1923,SNPP,SNPP,n,2.0NRT,279.27,1.77,N
23.67699,86.08612,303.8,0.43,0.62,2026-09-20,1923,SNPP,SNPP,n,2.0NRT,279.71,1.69,N
23.56016,87.23779,309.69,0.37,0.58,2026-09-20,1923,SNPP,SNPP,n,2.0NRT,283.82,2.44,N
23.55981,87.24145,317.54,0.37,0.58,2026-09-20,1923,SNPP,SNPP,n,2.0NRT,283.65,1.56,N
23.55444,87.24084,303.39,0.37,0.58,2026-09-20,1923,SNPP,SNPP,n,2.0NRT,282.2,1.15,N
23.5802,86.72306,298.42,0.39,0.6,2026-09-20,1923,SNPP,SNPP,n,2.0NRT,283.15,1.57,N
23.69631,85.28792,302.32,0.49,0.65,2026-09-20,1923,SNPP,SNPP,n,2.0NRT,282.89,1.12,N
27.60578,95.4034,303.04,0.43,0.38,2026-09-20,1923,SNPP,SNPP,n,2.0NRT,280.88,0.81,N
27.46249,95.47806,298.93,0.43,0.38,2026-09-20,1923,SNPP,SNPP,n,2.0NRT,273.81,0.6,N
26.75983,83.19746,303.31,0.7,0.75,2026-09-20,1923,SNPP,SNPP,n,2.0NRT,284.79,1.1,N
20.76037,85.29834,311.47,0.45,0.63,2026-09-20,1925,SNPP,SNPP,n,2.0NRT,283.25,2.08,N
22.09886,85.35068,296.61,0.46,0.64,2026-09-20,1925,SNPP,SNPP,n,2.0NRT,284.45,0.84,N
22.03127,83.36603,299.94,0.62,0.71,2026-09-20,1925,SNPP,SNPP,n,2.0NRT,276.33,2.08,N
21.9182,83.34815,298.34,0.62,0.71,2026-09-20,1925,SNPP,SNPP,n,2.0NRT,271.5,0.8,N
21.92182,83.34976,305.65,0.62,0.71,2026-09-20,1925,SNPP,SNPP,n,2.0NRT,272.55,1.31,N
20.96284,86.04884,302.97,0.41,0.6,2026-09-20,1925,SNPP,SNPP,n,2.0NRT,280.7,1.09,N
20.95199,86.04358,305.49,0.41,0.6,2026-09-20,1925,SNPP,SNPP,n,2.0NRT,281.57,1.13,N
20.9516,86.04755,302.11,0.41,0.6,2026-09-20,1925,SNPP,SNPP,n,2.0NRT,280.95,1.29,N
20.97639,85.17077,304.88,0.46,0.64,2026-09-20,1925,SNPP,SNPP,n,2.0NRT,284.13,0.8,N
20.97002,85.17482,308.77,0.46,0.64,2026-09-20,1925,SNPP,SNPP,n,2.0NRT,283.85,1.59,N
20.96961,85.17944,305.41,0.46,0.64,2026-09-20,1925,SNPP,SNPP,n,2.0NRT,284.27,1.64,N
20.9649,85.16504,305.95,0.46,0.64,2026-09-20,1925,SNPP,SNPP,n,2.0NRT,284.47,3.04,N
20.96449,85.16962,307.87,0.46,0.64,2026-09-20,1925,SNPP,SNPP,n,2.0NRT,283.51,1.59,N
20.96408,85.17424,310.65,0.46,0.64,2026-09-20,1925,SNPP,SNPP,n,2.0NRT,284.37,1.59,N
20.96325,85.18336,302.95,0.46,0.64,2026-09-20,1925,SNPP,SNPP,n,2.0NRT,284.1,1.64,N
20.96285,85.18785,312.36,0.46,0.64,2026-09-20,1925,SNPP,SNPP,n,2.0NRT,285.35,2.27,N
20.96222,85.16368,305.57,0.46,0.64,2026-09-20,1925,SNPP,SNPP,n,2.0NRT,284.99,1.05,N
20.96178,85.16828,303.43,0.46,0.64,2026-09-20,1925,SNPP,SNPP,n,2.0NRT,284.11,1.05,N
20.96134,85.17287,305.57,0.46,0.64,2026-09-20,1925,SNPP,SNPP,n,2.0NRT,283.99,1.67,N
20.96003,85.18647,303.51,0.46,0.64,2026-09-20,1925,SNPP,SNPP,n,2.0NRT,285.1,1.28,N
20.8058,85.258,298.67,0.46,0.63,2026-09-20,1925,SNPP,SNPP,n,2.0NRT,276.91,0.72,N
20.79441,85.25239,314.61,0.46,0.63,2026-09-20,1925,SNPP,SNPP,n,2.0NRT,277.54,2.59,N
20.78769,85.2605,300.13,0.45,0.63,2026-09-20,1925,SNPP,SNPP,n,2.0NRT,279.43,1.74,N
20.78727,85.26496,305.6,0.45,0.63,2026-09-20,1925,SNPP,SNPP,n,2.0NRT,279.56,1.39,N
20.7608,85.29372,305.19,0.45,0.63,2026-09-20,1925,SNPP,SNPP,n,2.0NRT,282.7,2.48,N
25.94324,72.19121,308.97,0.38,0.36,2026-09-20,2104,SNPP,SNPP,n,2.0NRT,297.99,0.98,N
24.20395,82.52426,303.01,0.4,0.6,2026-09-20,2104,SNPP,SNPP,n,2.0NRT,287.7,0.97,N
26.25704,74.09747,311.25,0.4,0.37,2026-09-20,2104,SNPP,SNPP,n,2.0NRT,296.62,1.52,N
25.43332,78.62933,309.54,0.44,0.46,2026-09-20,2104,SNPP,SNPP,n,2.0NRT,290.54,0.66,N
23.78116,86.21237,299,0.68,0.74,2026-09-20,2104,SNPP,SNPP,n,2.0NRT,281.34,1.22,N
23.78287,86.2057,297.88,0.68,0.74,2026-09-20,2104,SNPP,SNPP,n,2.0NRT,281.11,1.22,N
26.62982,72.69478,331.13,0.38,0.36,2026-09-20,2104,SNPP,SNPP,n,2.0NRT,296.54,1.48,N
31.25842,76.92686,301.65,0.44,0.38,2026-09-20,2104,SNPP,SNPP,n,2.0NRT,289.55,0.63,N
31.25062,76.9295,300.27,0.44,0.38,2026-09-20,2104,SNPP,SNPP,n,2.0NRT,289.69,0.34,N
28.95865,77.71369,306.95,0.51,0.41,2026-09-20,2104,SNPP,SNPP,n,2.0NRT,294.79,1.61,N
29.12281,75.77964,317.01,0.42,0.38,2026-09-20,2104,SNPP,SNPP,n,2.0NRT,296.36,1.93,N
28.85201,77.14511,312.04,0.48,0.4,2026-09-20,2104,SNPP,SNPP,n,2.0NRT,294.09,1.35,N
28.37272,77.22691,306.79,0.49,0.41,2026-09-20,2104,SNPP,SNPP,n,2.0NRT,293.85,0.68,N
28.34756,77.25748,307.38,0.5,0.41,2026-09-20,2104,SNPP,SNPP,n,2.0NRT,294.12,1.07,N
28.34496,77.23066,308.48,0.5,0.41,2026-09-20,2104,SNPP,SNPP,n,2.0NRT,293.75,1.43,N
26.75961,83.20028,307.92,0.38,0.59,2026-09-20,2104,SNPP,SNPP,n,2.0NRT,283.82,1.05,N
27.66689,76.13145,312.2,0.45,0.39,2026-09-20,2104,SNPP,SNPP,n,2.0NRT,295.34,1.77,N
26.70224,77.84677,306.85,0.56,0.43,2026-09-20,2104,SNPP,SNPP,n,2.0NRT,291.69,2.49,N
27.28865,73.84013,310.26,0.39,0.36,2026-09-20,2104,SNPP,SNPP,n,2.0NRT,297.2,0.98,N
26.9281,73.46879,311.93,0.39,0.36,2026-09-20,2104,SNPP,SNPP,n,2.0NRT,296.7,1.72,N
26.87673,73.51562,312.16,0.39,0.36,2026-09-20,2104,SNPP,SNPP,n,2.0NRT,296.87,2.04,N
26.87276,73.51883,306.87,0.39,0.36,2026-09-20,2104,SNPP,SNPP,n,2.0NRT,296.85,1.68,N
26.60409,73.68307,307.23,0.39,0.36,2026-09-20,2104,SNPP,SNPP,n,2.0NRT,296.7,1.13,N
23.80322,86.3271,302.81,0.69,0.74,2026-09-20,2104,SNPP,SNPP,n,2.0NRT,280,1.9,N
23.80147,86.33381,298,0.69,0.74,2026-09-20,2104,SNPP,SNPP,n,2.0NRT,281.06,2.08,N
23.79615,86.35421,303.27,0.69,0.74,2026-09-20,2104,SNPP,SNPP,n,2.0NRT,281.15,2.48,N
23.78268,86.21214,297.79,0.68,0.74,2026-09-20,2104,SNPP,SNPP,n,2.0NRT,280.97,2.22,N
26.63312,72.69543,309.15,0.38,0.36,2026-09-20,2104,SNPP,SNPP,n,2.0NRT,296.14,1.48,N
20.9677,86.00958,324.51,0.76,0.77,2026-09-20,2106,SNPP,SNPP,n,2.0NRT,269.16,3.68,N
21.37567,81.68205,307.11,0.4,0.6,2026-09-20,2106,SNPP,SNPP,n,2.0NRT,285.84,1.62,N
21.38973,81.64839,305.41,0.4,0.6,2026-09-20,2106,SNPP,SNPP,n,2.0NRT,286.54,0.71,N
21.37659,81.68169,312.49,0.4,0.6,2026-09-20,2106,SNPP,SNPP,n,2.0NRT,285.89,1.57,N
21.31013,81.59108,305.4,0.4,0.6,2026-09-20,2106,SNPP,SNPP,n,2.0NRT,282.91,0.69,N
23.31525,70.48738,312.42,0.39,0.36,2026-09-20,2106,SNPP,SNPP,n,2.0NRT,293.96,2.49,N
23.25753,70.26478,310.24,0.4,0.37,2026-09-20,2106,SNPP,SNPP,n,2.0NRT,292.46,2.31,N
23.49692,68.57792,306.93,0.45,0.39,2026-09-20,2106,SNPP,SNPP,n,2.0NRT,293.87,1.6,N
21.18903,81.38966,302.22,0.39,0.59,2026-09-20,2106,SNPP,SNPP,n,2.0NRT,282.62,1.18,N
22.2647,75.13119,305.61,0.48,0.4,2026-09-20,2106,SNPP,SNPP,n,2.0NRT,290.52,0.8,N
21.25071,79.20749,300.97,0.57,0.52,2026-09-20,2106,SNPP,SNPP,n,2.0NRT,274.93,0.79,N
22.20797,70.80544,309.79,0.39,0.36,2026-09-20,2106,SNPP,SNPP,n,2.0NRT,291.76,0.54,N
22.33866,69.85473,311.51,0.4,0.37,2026-09-20,2106,SNPP,SNPP,n,2.0NRT,292.65,2.75,N
22.33693,69.86636,308.03,0.4,0.37,2026-09-20,2106,SNPP,SNPP,n,2.0NRT,291.27,2.57,N
21.11169,72.63599,311.09,0.4,0.37,2026-09-20,2106,SNPP,SNPP,n,2.0NRT,295.98,0.89,N
21.10639,72.64685,321.58,0.4,0.37,2026-09-20,2106,SNPP,SNPP,n,2.0NRT,294.28,1.85,N
21.10833,72.63535,308.69,0.4,0.37,2026-09-20,2106,SNPP,SNPP,n,2.0NRT,295.5,0.89,N
21.10496,72.6347,319.73,0.4,0.37,2026-09-20,2106,SNPP,SNPP,n,2.0NRT,294.85,2.34,N
21.10173,72.65388,314.48,0.4,0.37,2026-09-20,2106,SNPP,SNPP,n,2.0NRT,294.8,1.57,N
21.10159,72.63406,330.29,0.4,0.37,2026-09-20,2106,SNPP,SNPP,n,2.0NRT,295.23,2.34,N
21.10095,72.63789,311.03,0.4,0.37,2026-09-20,2106,SNPP,SNPP,n,2.0NRT,294.2,2.34,N
19.10636,82.16667,303.84,0.48,0.65,2026-09-20,2106,SNPP,SNPP,n,2.0NRT,280.47,0.52,N
19.10048,82.16512,297.83,0.48,0.65,2026-09-20,2106,SNPP,SNPP,n,2.0NRT,280,0.8,N
20.90879,71.45869,309.05,0.39,0.36,2026-09-20,2106,SNPP,SNPP,n,2.0NRT,293.04,1.02,N
20.86739,70.56648,311.42,0.39,0.36,2026-09-20,2106,SNPP,SNPP,n,2.0NRT,291.72,0.71,N
18.72158,79.53608,305.09,0.33,0.56,2026-09-20,2106,SNPP,SNPP,n,2.0NRT,285.39,0.77,N
18.71583,79.53812,303.56,0.33,0.56,2026-09-20,2106,SNPP,SNPP,n,2.0NRT,286.09,0.77,N
17.60813,83.20174,305.2,0.6,0.71,2026-09-20,2106,SNPP,SNPP,n,2.0NRT,286.38,2.25,N
20.96775,85.18339,303.39,0.68,0.74,2026-09-20,2106,SNPP,SNPP,n,2.0NRT,283.1,1.57,N
20.9661,85.1901,301.67,0.68,0.74,2026-09-20,2106,SNPP,SNPP,n,2.0NRT,282.96,1.57,N
20.96427,85.16842,303.54,0.68,0.74,2026-09-20,2106,SNPP,SNPP,n,2.0NRT,283.43,1.88,N
20.96268,85.17488,300.44,0.68,0.74,2026-09-20,2106,SNPP,SNPP,n,2.0NRT,283.03,1.88,N
20.96107,85.18143,305.64,0.68,0.74,2026-09-20,2106,SNPP,SNPP,n,2.0NRT,283.09,1.84,N
20.95941,85.18815,299.43,0.68,0.74,2026-09-20,2106,SNPP,SNPP,n,2.0NRT,283.31,1.84,N
21.57411,82.02424,304.79,0.42,0.61,2026-09-20,2106,SNPP,SNPP,n,2.0NRT,286.29,1.04,N
20.7595,85.29628,311.84,0.7,0.75,2026-09-20,2106,SNPP,SNPP,n,2.0NRT,278.94,4.76,N
20.75919,85.29675,312.93,0.7,0.75,2026-09-20,2106,SNPP,SNPP,n,2.0NRT,278.51,3.03,N
24.93254,74.63241,310.28,0.43,0.38,2026-09-20,2106,SNPP,SNPP,n,2.0NRT,293.17,1.7,N
24.76372,74.60709,313.24,0.43,0.38,2026-09-20,2106,SNPP,SNPP,n,2.0NRT,293.87,1.82,N
24.76556,74.60907,305.15,0.43,0.38,2026-09-20,2106,SNPP,SNPP,n,2.0NRT,293.84,0.92,N
24.7621,74.60835,308.16,0.43,0.38,2026-09-20,2106,SNPP,SNPP,n,2.0NRT,292.63,0.92,N
23.16632,82.33922,311.43,0.41,0.6,2026-09-20,2106,SNPP,SNPP,n,2.0NRT,276.65,2.31,N
23.1654,82.34323,308.42,0.41,0.61,2026-09-20,2106,SNPP,SNPP,n,2.0NRT,276.39,1.36,N
24.69186,74.68076,310.94,0.43,0.38,2026-09-20,2106,SNPP,SNPP,n,2.0NRT,293.58,1.44,N
24.57964,74.80354,307.34,0.44,0.38,2026-09-20,2106,SNPP,SNPP,n,2.0NRT,293.39,1.21,N
24.82095,73.0922,318.27,0.39,0.36,2026-09-20,2106,SNPP,SNPP,n,2.0NRT,296.92,1.78,N
24.6909,73.00086,306.45,0.39,0.36,2026-09-20,2106,SNPP,SNPP,n,2.0NRT,294.14,1.03,N
24.69028,73.00469,310.73,0.39,0.36,2026-09-20,2106,SNPP,SNPP,n,2.0NRT,294.69,1.08,N
21.98568,83.23323,303.98,0.49,0.65,2026-09-20,2106,SNPP,SNPP,n,2.0NRT,281.22,0.88,N
21.87811,83.55508,304.53,0.52,0.66,2026-09-20,2106,SNPP,SNPP,n,2.0NRT,284.76,0.83,N
21.76704,84.01956,300.4,0.55,0.68,2026-09-20,2106,SNPP,SNPP,n,2.0NRT,269.79,1.53,N
21.9209,83.34761,296.74,0.5,0.66,2026-09-20,2106,SNPP,SNPP,n,2.0NRT,276.82,0.86,N
21.91975,83.35246,305.69,0.5,0.66,2026-09-20,2106,SNPP,SNPP,n,2.0NRT,276.69,0.86,N
21.75956,84.02314,298.34,0.55,0.68,2026-09-20,2106,SNPP,SNPP,n,2.0NRT,270,1.61,N
21.87899,83.49741,302.25,0.51,0.66,2026-09-20,2106,SNPP,SNPP,n,2.0NRT,285.53,0.82,N
21.76329,83.84416,299.24,0.54,0.68,2026-09-20,2106,SNPP,SNPP,n,2.0NRT,276,1.86,N
21.76201,83.84943,305.92,0.54,0.68,2026-09-20,2106,SNPP,SNPP,n,2.0NRT,276.89,2.61,N
21.75715,83.84244,314.15,0.54,0.68,2026-09-20,2106,SNPP,SNPP,n,2.0NRT,276.56,1.86,N
21.75104,83.84061,312.83,0.54,0.68,2026-09-20,2106,SNPP,SNPP,n,2.0NRT,277.22,2.29,N
21.74975,83.84591,300.15,0.54,0.68,2026-09-20,2106,SNPP,SNPP,n,2.0NRT,276.94,1.53,N
21.74493,83.83875,300.68,0.54,0.68,2026-09-20,2106,SNPP,SNPP,n,2.0NRT,278.16,2.29,N
21.74364,83.84407,304.79,0.54,0.68,2026-09-20,2106,SNPP,SNPP,n,2.0NRT,277.46,1.53,N
21.76482,83.84669,299.91,0.54,0.68,2026-09-20,2106,SNPP,SNPP,n,2.0NRT,276.1,0.94,N
21.75869,83.84494,312.22,0.54,0.68,2026-09-20,2106,SNPP,SNPP,n,2.0NRT,276.82,2.06,N
21.75256,83.84317,310.48,0.54,0.68,2026-09-20,2106,SNPP,SNPP,n,2.0NRT,277.38,2.06,N
21.74646,83.84129,326.18,0.54,0.68,2026-09-20,2106,SNPP,SNPP,n,2.0NRT,278.64,5.01,N
21.67992,84.03791,297.79,0.56,0.69,2026-09-20,2106,SNPP,SNPP,n,2.0NRT,266.98,1.04,N
21.45891,81.8028,303.23,0.41,0.61,2026-09-20,2106,SNPP,SNPP,n,2.0NRT,285,0.46,N
20.96962,86.00217,297.69,0.76,0.77,2026-09-20,2106,SNPP,SNPP,n,2.0NRT,270.35,2.99,N
20.96578,86.01697,305.13,0.76,0.77,2026-09-20,2106,SNPP,SNPP,n,2.0NRT,267.65,3.68,N
20.97068,86.01198,327.67,0.76,0.77,2026-09-20,2106,SNPP,SNPP,n,2.0NRT,268.8,2.53,N
20.97256,86.00454,296.17,0.76,0.77,2026-09-20,2106,SNPP,SNPP,n,2.0NRT,270.22,2.53,N
20.96881,86.01936,299.84,0.76,0.77,2026-09-20,2106,SNPP,SNPP,n,2.0NRT,267.74,3.08,N
20.96562,86.00231,296.98,0.76,0.77,2026-09-20,2106,SNPP,SNPP,n,2.0NRT,272.5,2.53,N
20.96374,86.00974,306.43,0.76,0.77,2026-09-20,2106,SNPP,SNPP,n,2.0NRT,271.24,2.53,N
21.80042,82.03914,305.39,0.42,0.61,2026-09-20,2106,SNPP,SNPP,n,2.0NRT,282.17,0.85,N
20.9813,85.13518,304.96,0.67,0.74,2026-09-20,2106,SNPP,SNPP,n,2.0NRT,283.86,3.47,N
20.97153,85.1739,311.92,0.68,0.74,2026-09-20,2106,SNPP,SNPP,n,2.0NRT,283.13,1.77,N
20.96647,85.1655,299.64,0.68,0.74,2026-09-20,2106,SNPP,SNPP,n,2.0NRT,282.96,1.77,N
20.96485,85.17191,305.13,0.68,0.74,2026-09-20,2106,SNPP,SNPP,n,2.0NRT,283.08,1.77,N
20.96322,85.17836,302.41,0.68,0.74,2026-09-20,2106,SNPP,SNPP,n,2.0NRT,283.16,3.12,N
20.96156,85.18494,316.39,0.68,0.74,2026-09-20,2106,SNPP,SNPP,n,2.0NRT,283.13,3.12,N
20.9776,85.17252,301.99,0.68,0.74,2026-09-20,2106,SNPP,SNPP,n,2.0NRT,283.44,1.48,N
20.9805,85.13157,304.5,0.67,0.74,2026-09-20,2106,SNPP,SNPP,n,2.0NRT,284.42,1.47,N
20.97889,85.13812,299.89,0.67,0.74,2026-09-20,2106,SNPP,SNPP,n,2.0NRT,283.86,1.47,N
20.97093,85.17047,307.08,0.68,0.74,2026-09-20,2106,SNPP,SNPP,n,2.0NRT,282.94,1.48,N
20.96935,85.17689,302.06,0.68,0.74,2026-09-20,2106,SNPP,SNPP,n,2.0NRT,283.06,1.48,N
13.39286,80.10187,306.63,0.46,0.63,2026-09-20,2108,SNPP,SNPP,n,2.0NRT,283.27,2.74,N
13.71191,79.62077,305.23,0.42,0.61,2026-09-20,2108,SNPP,SNPP,n,2.0NRT,286.55,1.06,N
15.17667,76.65621,305.79,0.51,0.49,2026-09-20,2108,SNPP,SNPP,n,2.0NRT,273.8,1.89,N
15.18387,76.66755,306.91,0.51,0.49,2026-09-20,2108,SNPP,SNPP,n,2.0NRT,278.62,1.8,N
15.17544,77.10265,299.66,0.54,0.51,2026-09-20,2108,SNPP,SNPP,n,2.0NRT,276.99,0.99,N
16.87038,80.02232,295.17,0.39,0.59,2026-09-20,2108,SNPP,SNPP,n,2.0NRT,266.53,0.36,N
19.02167,72.89248,306.75,0.42,0.38,2026-09-20,2108,SNPP,SNPP,n,2.0NRT,290.57,2.45,N
9.0166,78.13821,342.87,0.39,0.36,2026-09-21,0813,SNPP,SNPP,n,2.0NRT,299.3,2.61,D
8.87128,78.08917,341.62,0.39,0.36,2026-09-21,0813,SNPP,SNPP,n,2.0NRT,304.37,4.56,D
11.23936,77.23362,330.61,0.4,0.37,2026-09-21,0816,SNPP,SNPP,l,2.0NRT,296.96,3.22,D
11.24016,77.23308,332.45,0.4,0.37,2026-09-21,0816,SNPP,SNPP,l,2.0NRT,297.23,3.71,D
12.82642,79.54056,333.16,0.4,0.37,2026-09-21,0816,SNPP,SNPP,n,2.0NRT,296.41,2.42,D
13.27823,80.29333,333.09,0.42,0.37,2026-09-21,0816,SNPP,SNPP,n,2.0NRT,278.2,3.27,D
13.67215,79.5278,332.93,0.4,0.37,2026-09-21,0816,SNPP,SNPP,n,2.0NRT,282.22,3.81,D
15.73247,79.65581,335.25,0.41,0.37,2026-09-21,0816,SNPP,SNPP,n,2.0NRT,297.09,3.82,D
15.83993,79.7503,330.64,0.42,0.38,2026-09-21,0816,SNPP,SNPP,n,2.0NRT,293.68,3.34,D
15.84448,79.75757,351.76,0.42,0.38,2026-09-21,0816,SNPP,SNPP,n,2.0NRT,296.4,12.39,D
15.84972,79.74483,349.19,0.42,0.37,2026-09-21,0816,SNPP,SNPP,n,2.0NRT,294.28,7.9,D
15.84917,79.74093,335.12,0.42,0.37,2026-09-21,0816,SNPP,SNPP,n,2.0NRT,293.34,7.9,D
16.1658,79.92622,333.28,0.43,0.38,2026-09-21,0816,SNPP,SNPP,n,2.0NRT,296.11,3.85,D
16.16523,79.92226,335.46,0.43,0.38,2026-09-21,0816,SNPP,SNPP,n,2.0NRT,294.81,1.41,D
16.33395,78.26297,330.91,0.39,0.36,2026-09-21,0816,SNPP,SNPP,n,2.0NRT,288.8,2.78,D
16.61245,79.49863,330.5,0.42,0.37,2026-09-21,0816,SNPP,SNPP,n,2.0NRT,298.04,2.67,D
17.09404,80.59815,333.58,0.46,0.39,2026-09-21,0816,SNPP,SNPP,n,2.0NRT,294.65,4.02,D
16.82013,78.19477,334.81,0.39,0.36,2026-09-21,0816,SNPP,SNPP,n,2.0NRT,294.94,2.45,D
17.03526,77.73318,331.72,0.39,0.36,2026-09-21,0816,SNPP,SNPP,n,2.0NRT,295.63,0.81,D
22.7711,75.34428,330.64,0.39,0.36,2026-09-21,0818,SNPP,SNPP,l,2.0NRT,302.01,1.18,D
22.94425,75.89148,330.11,0.38,0.36,2026-09-21,0818,SNPP,SNPP,l,2.0NRT,302.73,2.13,D
22.88176,75.44677,330.89,0.39,0.36,2026-09-21,0818,SNPP,SNPP,l,2.0NRT,302.03,3.81,D
22.94285,75.73074,338.94,0.38,0.36,2026-09-21,0818,SNPP,SNPP,n,2.0NRT,302.75,3.8,D
23.23625,75.98862,330.03,0.38,0.36,2026-09-21,0818,SNPP,SNPP,l,2.0NRT,303.16,2.2,D
21.10517,72.64781,336.96,0.48,0.4,2026-09-21,0818,SNPP,SNPP,n,2.0NRT,296.25,9.79,D
22.69435,75.37374,331.25,0.39,0.36,2026-09-21,0818,SNPP,SNPP,l,2.0NRT,303.36,2.56,D
21.05754,75.62813,338.9,0.39,0.36,2026-09-21,0818,SNPP,SNPP,n,2.0NRT,302.75,3.12,D
21.10358,72.63866,334.97,0.48,0.4,2026-09-21,0818,SNPP,SNPP,n,2.0NRT,294.29,37.18,D
30.50016,76.93479,338.62,0.44,0.38,2026-09-21,0820,SNPP,SNPP,n,2.0NRT,301.36,5.3,D
30.50368,76.93418,336.89,0.44,0.38,2026-09-21,0820,SNPP,SNPP,n,2.0NRT,299.1,5.3,D
30.59048,76.77258,333.95,0.43,0.38,2026-09-21,0820,SNPP,SNPP,n,2.0NRT,300.66,5.72,D
30.49247,74.64198,330.89,0.39,0.36,2026-09-21,0820,SNPP,SNPP,l,2.0NRT,301.16,2.2,D
23.12208,70.08372,337.2,0.41,0.45,2026-09-21,0820,SNPP,SNPP,n,2.0NRT,298.98,3.83,D
27.30935,82.76711,331.86,0.54,0.51,2026-09-21,0820,SNPP,SNPP,n,2.0NRT,291.68,9.17,D
28.06107,77.68706,334.4,0.45,0.39,2026-09-21,0820,SNPP,SNPP,n,2.0NRT,299.48,3.77,D
28.06335,77.6835,340.51,0.45,0.39,2026-09-21,0820,SNPP,SNPP,n,2.0NRT,298.12,4.15,D
27.83533,75.0683,330.62,0.39,0.36,2026-09-21,0820,SNPP,SNPP,l,2.0NRT,304.81,1.22,D
28.73018,77.2591,333.06,0.44,0.38,2026-09-21,0820,SNPP,SNPP,n,2.0NRT,302.12,1.51,D
29.58856,76.99125,330.62,0.43,0.38,2026-09-21,0820,SNPP,SNPP,n,2.0NRT,300,3.29,D
29.58877,76.99303,333.33,0.43,0.38,2026-09-21,0820,SNPP,SNPP,n,2.0NRT,300.23,2.82,D
31.1235,74.67964,344.68,0.39,0.36,2026-09-21,0822,SNPP,SNPP,n,2.0NRT,302.54,8.94,D
31.12682,74.67899,333.31,0.39,0.36,2026-09-21,0822,SNPP,SNPP,n,2.0NRT,299.28,3.15,D
31.30233,75.1265,331.86,0.4,0.37,2026-09-21,0822,SNPP,SNPP,n,2.0NRT,300.82,2.53,D
31.31937,74.6959,332.88,0.39,0.36,2026-09-21,0822,SNPP,SNPP,n,2.0NRT,300.23,2.59,D
31.40234,75.215,332.99,0.4,0.37,2026-09-21,0822,SNPP,SNPP,n,2.0NRT,300.81,2.33,D
31.60312,75.03194,345.35,0.4,0.37,2026-09-21,0822,SNPP,SNPP,n,2.0NRT,304.02,3.77,D
31.69464,75.28987,330.19,0.4,0.37,2026-09-21,0822,SNPP,SNPP,n,2.0NRT,299.32,1.73,D
31.7096,75.04677,335.33,0.4,0.37,2026-09-21,0822,SNPP,SNPP,n,2.0NRT,303.45,4.63,D
31.79288,75.02636,335.72,0.4,0.37,2026-09-21,0822,SNPP,SNPP,n,2.0NRT,302.62,3.36,D
31.86499,75.11228,333.03,0.4,0.37,2026-09-21,0822,SNPP,SNPP,n,2.0NRT,300.11,2.44,D
32.27169,75.38228,335.98,0.41,0.37,2026-09-21,0822,SNPP,SNPP,n,2.0NRT,300.94,4.61,D
25.54515,91.23645,302.17,0.43,0.62,2026-09-21,1904,SNPP,SNPP,n,2.0NRT,285.37,0.61,N
25.54457,91.23431,297.31,0.43,0.62,2026-09-21,1904,SNPP,SNPP,n,2.0NRT,285.01,0.5,N
25.5442,91.23865,298.01,0.43,0.62,2026-09-21,1904,SNPP,SNPP,n,2.0NRT,285.12,0.5,N
24.11254,86.86145,303.34,0.77,0.78,2026-09-21,1906,SNPP,SNPP,n,2.0NRT,286.04,1.61,N
23.61509,86.79058,299.68,0.77,0.78,2026-09-21,1906,SNPP,SNPP,n,2.0NRT,279.26,3.12,N
30.36275,77.82179,306.73,0.39,0.36,2026-09-21,2044,SNPP,SNPP,n,2.0NRT,293.19,0.46,N
31.25871,76.92288,302.69,0.4,0.37,2026-09-21,2044,SNPP,SNPP,n,2.0NRT,290.62,0.65,N
31.25075,76.93011,305.54,0.4,0.37,2026-09-21,2044,SNPP,SNPP,n,2.0NRT,290.97,0.33,N
22.03719,83.7308,303.75,0.53,0.5,2026-09-21,2046,SNPP,SNPP,n,2.0NRT,286.95,1.32,N
19.93884,73.71175,304.68,0.41,0.37,2026-09-21,2046,SNPP,SNPP,n,2.0NRT,289.45,1.26,N
19.93543,73.71117,321.03,0.41,0.37,2026-09-21,2046,SNPP,SNPP,n,2.0NRT,289.3,1.26,N
23.73737,86.43261,324.22,0.36,0.57,2026-09-21,2046,SNPP,SNPP,n,2.0NRT,284.89,1.98,N
23.73657,86.43615,308.89,0.36,0.57,2026-09-21,2046,SNPP,SNPP,n,2.0NRT,284.9,1.98,N
23.78185,86.20965,333.78,0.35,0.57,2026-09-21,2046,SNPP,SNPP,n,2.0NRT,289.23,1.54,N
23.77668,86.2084,307.46,0.35,0.57,2026-09-21,2046,SNPP,SNPP,n,2.0NRT,288.05,1.54,N
23.77592,86.21179,305.48,0.35,0.57,2026-09-21,2046,SNPP,SNPP,n,2.0NRT,287.93,1.54,N
23.77457,86.19354,308.85,0.35,0.57,2026-09-21,2046,SNPP,SNPP,n,2.0NRT,288.44,1.29,N
23.77381,86.19691,313.29,0.35,0.57,2026-09-21,2046,SNPP,SNPP,n,2.0NRT,288.23,1.29,N
23.77934,86.14801,302.93,0.35,0.56,2026-09-21,2046,SNPP,SNPP,n,2.0NRT,287.31,0.36,N
23.71172,86.44823,314.62,0.36,0.58,2026-09-21,2046,SNPP,SNPP,n,2.0NRT,281.4,1.3,N
23.71093,86.45173,304.08,0.36,0.58,2026-09-21,2046,SNPP,SNPP,n,2.0NRT,281.08,1.3,N
23.56063,87.08394,296.59,0.4,0.6,2026-09-21,2046,SNPP,SNPP,n,2.0NRT,259.19,1.56,N
23.77516,85.99851,303.82,0.34,0.56,2026-09-21,2046,SNPP,SNPP,n,2.0NRT,287.89,1.04,N
23.68555,86.39312,315.26,0.36,0.57,2026-09-21,2046,SNPP,SNPP,n,2.0NRT,280.54,1.55,N
23.68476,86.39655,304.04,0.36,0.57,2026-09-21,2046,SNPP,SNPP,n,2.0NRT,279.89,0.91,N
23.68032,86.39185,302.49,0.36,0.57,2026-09-21,2046,SNPP,SNPP,n,2.0NRT,278.27,1.55,N
23.67953,86.39527,308.35,0.36,0.57,2026-09-21,2046,SNPP,SNPP,n,2.0NRT,277.73,0.91,N
23.67873,86.39877,306.16,0.36,0.57,2026-09-21,2046,SNPP,SNPP,n,2.0NRT,278.16,0.91,N
23.67792,86.40232,302.91,0.36,0.57,2026-09-21,2046,SNPP,SNPP,n,2.0NRT,277.94,0.62,N
23.67349,86.39754,300.15,0.36,0.57,2026-09-21,2046,SNPP,SNPP,n,2.0NRT,276.37,0.43,N
23.77361,85.9988,305.42,0.34,0.56,2026-09-21,2046,SNPP,SNPP,n,2.0NRT,287.42,0.95,N
23.68668,86.39449,309.77,0.36,0.57,2026-09-21,2046,SNPP,SNPP,n,2.0NRT,279.93,1.78,N
23.68145,86.3932,307.53,0.36,0.57,2026-09-21,2046,SNPP,SNPP,n,2.0NRT,277.69,1.78,N
23.68069,86.39666,305.16,0.36,0.57,2026-09-21,2046,SNPP,SNPP,n,2.0NRT,277.37,1.18,N
23.6799,86.40021,302.12,0.36,0.57,2026-09-21,2046,SNPP,SNPP,n,2.0NRT,277.23,1.18,N
23.67622,86.39191,303.42,0.36,0.57,2026-09-21,2046,SNPP,SNPP,n,2.0NRT,276.37,1.13,N
23.67545,86.3954,302.11,0.36,0.57,2026-09-21,2046,SNPP,SNPP,n,2.0NRT,276.35,0.98,N
23.67467,86.39892,303.05,0.36,0.57,2026-09-21,2046,SNPP,SNPP,n,2.0NRT,276.31,0.98,N
23.75758,85.85251,311.56,0.33,0.55,2026-09-21,2046,SNPP,SNPP,n,2.0NRT,287.87,1.02,N
23.75688,85.85571,306.67,0.33,0.55,2026-09-21,2046,SNPP,SNPP,n,2.0NRT,288.25,1.02,N
23.82514,85.49701,303.9,0.63,0.54,2026-09-21,2046,SNPP,SNPP,n,2.0NRT,289.16,1.85,N
23.69781,86.07372,312.26,0.34,0.56,2026-09-21,2046,SNPP,SNPP,n,2.0NRT,286.72,0.96,N
23.69706,86.07708,309,0.34,0.56,2026-09-21,2046,SNPP,SNPP,n,2.0NRT,286.87,0.96,N
23.68237,86.09437,306.12,0.34,0.56,2026-09-21,2046,SNPP,SNPP,n,2.0NRT,286.9,1.3,N
23.67877,86.08624,312.26,0.34,0.56,2026-09-21,2046,SNPP,SNPP,n,2.0NRT,287.2,1.92,N
23.6327,86.29122,304.04,0.36,0.57,2026-09-21,2046,SNPP,SNPP,n,2.0NRT,273.96,0.88,N
23.63192,86.29471,304.19,0.36,0.57,2026-09-21,2046,SNPP,SNPP,n,2.0NRT,274.4,0.86,N
23.67668,86.07144,303.78,0.34,0.56,2026-09-21,2046,SNPP,SNPP,n,2.0NRT,286.95,0.34,N
23.78689,85.55251,308.37,0.64,0.54,2026-09-21,2046,SNPP,SNPP,n,2.0NRT,288.03,2.03,N
23.7817,85.57599,305.46,0.32,0.54,2026-09-21,2046,SNPP,SNPP,n,2.0NRT,288.45,1.1,N
23.66631,86.09352,303.78,0.34,0.56,2026-09-21,2046,SNPP,SNPP,n,2.0NRT,286.25,0.69,N
23.69627,85.37206,313.58,0.62,0.54,2026-09-21,2046,SNPP,SNPP,n,2.0NRT,287.97,2.37,N
23.69617,85.37157,313.54,0.62,0.54,2026-09-21,2046,SNPP,SNPP,n,2.0NRT,287.72,3,N
23.65641,85.50858,311.05,0.32,0.54,2026-09-21,2046,SNPP,SNPP,n,2.0NRT,286.71,1.62,N
23.65097,85.43726,303.01,0.63,0.54,2026-09-21,2046,SNPP,SNPP,n,2.0NRT,286.92,1.01,N
24.2066,82.70848,305.36,0.42,0.45,2026-09-21,2046,SNPP,SNPP,n,2.0NRT,289.77,1.48,N
24.19675,82.71458,314.26,0.42,0.45,2026-09-21,2046,SNPP,SNPP,n,2.0NRT,289.39,2.77,N
24.9344,74.63508,310.21,0.42,0.37,2026-09-21,2046,SNPP,SNPP,n,2.0NRT,295.88,1.15,N
24.76338,74.60709,317.61,0.42,0.37,2026-09-21,2046,SNPP,SNPP,n,2.0NRT,297.07,1.71,N
22.05151,88.1259,300.53,0.5,0.66,2026-09-21,2046,SNPP,SNPP,n,2.0NRT,270.5,0.85,N
24.57897,74.80194,307.51,0.41,0.37,2026-09-21,2046,SNPP,SNPP,n,2.0NRT,296.12,1.03,N
23.16614,82.34349,322.52,0.42,0.45,2026-09-21,2046,SNPP,SNPP,n,2.0NRT,286.2,1.79,N
23.16695,82.33942,316.85,0.42,0.45,2026-09-21,2046,SNPP,SNPP,n,2.0NRT,286.54,1.79,N
23.16364,82.33437,310.07,0.42,0.45,2026-09-21,2046,SNPP,SNPP,n,2.0NRT,285.81,1.38,N
23.16281,82.33857,304.69,0.42,0.45,2026-09-21,2046,SNPP,SNPP,n,2.0NRT,285.81,1.79,N
22.33271,82.60463,304.17,0.45,0.47,2026-09-21,2046,SNPP,SNPP,n,2.0NRT,287.43,1.21,N
22.32258,82.58869,317.23,0.45,0.47,2026-09-21,2046,SNPP,SNPP,n,2.0NRT,287.66,2.56,N
22.35836,82.30141,329.85,0.43,0.46,2026-09-21,2046,SNPP,SNPP,n,2.0NRT,287.87,2.21,N
22.35754,82.30553,303.12,0.43,0.46,2026-09-21,2046,SNPP,SNPP,n,2.0NRT,286.55,2.21,N
22.35834,82.30303,332.32,0.43,0.46,2026-09-21,2046,SNPP,SNPP,n,2.0NRT,288.29,3.2,N
22.04281,83.72684,304.69,0.53,0.5,2026-09-21,2046,SNPP,SNPP,n,2.0NRT,286.66,1.32,N
22.04176,83.73196,305.27,0.53,0.5,2026-09-21,2046,SNPP,SNPP,n,2.0NRT,286.38,1.32,N
22.01817,83.75312,303.43,0.53,0.5,2026-09-21,2046,SNPP,SNPP,n,2.0NRT,286.15,1.04,N
22.01358,83.75202,302.97,0.53,0.5,2026-09-21,2046,SNPP,SNPP,n,2.0NRT,285.23,1.04,N
21.9658,83.77306,304.11,0.54,0.51,2026-09-21,2046,SNPP,SNPP,n,2.0NRT,283.95,1.68,N
21.92501,83.35303,305.44,0.51,0.49,2026-09-21,2046,SNPP,SNPP,n,2.0NRT,284.91,2.96,N
21.92052,83.352,320.99,0.51,0.49,2026-09-21,2046,SNPP,SNPP,n,2.0NRT,285.65,2.96,N
21.92469,83.35132,307.69,0.51,0.49,2026-09-21,2046,SNPP,SNPP,n,2.0NRT,284.73,2.03,N
21.9202,83.35027,320.46,0.51,0.49,2026-09-21,2046,SNPP,SNPP,n,2.0NRT,285.49,3.67,N
22.15497,82.09354,304.19,0.42,0.45,2026-09-21,2046,SNPP,SNPP,n,2.0NRT,286.73,1.12,N
22.00558,82.67285,306.56,0.46,0.47,2026-09-21,2046,SNPP,SNPP,n,2.0NRT,285.21,0.81,N
21.76105,83.84766,297.46,0.55,0.51,2026-09-21,2046,SNPP,SNPP,n,2.0NRT,258.58,0.74,N
21.75751,83.84128,295.62,0.55,0.51,2026-09-21,2046,SNPP,SNPP,n,2.0NRT,259.95,0.74,N
21.74715,83.84424,305.54,0.55,0.51,2026-09-21,2046,SNPP,SNPP,n,2.0NRT,259.53,2.23,N
21.74252,83.84306,295.26,0.55,0.51,2026-09-21,2046,SNPP,SNPP,n,2.0NRT,260.05,0.96,N
22.97714,72.56501,308.96,0.48,0.4,2026-09-21,2046,SNPP,SNPP,n,2.0NRT,293.53,0.59,N
21.32372,81.57734,302.94,0.41,0.45,2026-09-21,2046,SNPP,SNPP,n,2.0NRT,289.24,1.3,N
29.45513,76.86785,306.59,0.39,0.36,2026-09-21,2046,SNPP,SNPP,n,2.0NRT,296.38,1.07,N
29.12581,75.77995,308.24,0.41,0.37,2026-09-21,2046,SNPP,SNPP,n,2.0NRT,296.42,0.82,N
29.12238,75.77932,307.06,0.41,0.37,2026-09-21,2046,SNPP,SNPP,n,2.0NRT,295.82,0.49,N
28.67078,77.56784,309.43,0.38,0.36,2026-09-21,2046,SNPP,SNPP,n,2.0NRT,295.14,0.81,N
28.37211,77.22575,318.87,0.39,0.36,2026-09-21,2046,SNPP,SNPP,n,2.0NRT,295.29,1.64,N
28.3468,77.25704,308.74,0.39,0.36,2026-09-21,2046,SNPP,SNPP,n,2.0NRT,295.76,1.03,N
28.2758,77.27523,306.18,0.39,0.36,2026-09-21,2046,SNPP,SNPP,n,2.0NRT,295.56,0.61,N
26.75973,83.20072,306.28,0.4,0.45,2026-09-21,2046,SNPP,SNPP,n,2.0NRT,291.29,0.82,N
27.66868,76.1311,314.59,0.4,0.37,2026-09-21,2046,SNPP,SNPP,n,2.0NRT,297.06,1.89,N
25.0379,87.38733,305.21,0.39,0.59,2026-09-21,2046,SNPP,SNPP,n,2.0NRT,288.76,1.07,N
26.64305,79.479,306.44,0.41,0.37,2026-09-21,2046,SNPP,SNPP,n,2.0NRT,293.27,0.87,N
26.63097,79.52794,312.26,0.42,0.37,2026-09-21,2046,SNPP,SNPP,n,2.0NRT,294.2,1.04,N
26.70348,77.84853,313.5,0.39,0.36,2026-09-21,2046,SNPP,SNPP,n,2.0NRT,295.19,1.19,N
26.87618,73.5126,306.47,0.48,0.4,2026-09-21,2046,SNPP,SNPP,n,2.0NRT,296.39,2.81,N
26.60559,73.68449,307.62,0.47,0.39,2026-09-21,2046,SNPP,SNPP,n,2.0NRT,296.97,1.29,N
23.66994,86.93687,312.54,0.39,0.59,2026-09-21,2046,SNPP,SNPP,n,2.0NRT,275.08,1.3,N
23.80462,86.32816,323.43,0.35,0.57,2026-09-21,2046,SNPP,SNPP,n,2.0NRT,288.41,2.28,N
23.80384,86.33157,326.61,0.35,0.57,2026-09-21,2046,SNPP,SNPP,n,2.0NRT,288.5,2.87,N
23.80539,86.32478,310.38,0.35,0.57,2026-09-21,2046,SNPP,SNPP,n,2.0NRT,287.83,2.28,N
23.79908,86.3524,310.42,0.36,0.57,2026-09-21,2046,SNPP,SNPP,n,2.0NRT,287.55,0.92,N
23.80022,86.32341,306.95,0.35,0.57,2026-09-21,2046,SNPP,SNPP,n,2.0NRT,287.66,1.16,N
23.79389,86.35106,315.02,0.36,0.57,2026-09-21,2046,SNPP,SNPP,n,2.0NRT,287.71,0.94,N
23.79311,86.35448,303.71,0.36,0.57,2026-09-21,2046,SNPP,SNPP,n,2.0NRT,287.39,0.94,N
23.78316,86.37389,310.69,0.36,0.57,2026-09-21,2046,SNPP,SNPP,n,2.0NRT,286.91,0.97,N
23.77999,86.38766,304.3,0.36,0.57,2026-09-21,2046,SNPP,SNPP,n,2.0NRT,286.57,0.78,N
23.8046,86.32846,323.13,0.35,0.57,2026-09-21,2046,SNPP,SNPP,n,2.0NRT,288.56,2.25,N
23.80384,86.33189,327.9,0.35,0.57,2026-09-21,2046,SNPP,SNPP,n,2.0NRT,288.26,3,N
23.80534,86.32508,311.25,0.35,0.57,2026-09-21,2046,SNPP,SNPP,n,2.0NRT,288.11,2.25,N
23.66867,86.9376,306.77,0.39,0.59,2026-09-21,2046,SNPP,SNPP,n,2.0NRT,272.15,1.82,N
23.79403,86.35143,320.76,0.36,0.57,2026-09-21,2046,SNPP,SNPP,n,2.0NRT,287.4,2.3,N
23.80017,86.32369,305.95,0.35,0.57,2026-09-21,2046,SNPP,SNPP,n,2.0NRT,287.51,0.93,N
23.78346,86.37431,308.74,0.36,0.57,2026-09-21,2046,SNPP,SNPP,n,2.0NRT,286.55,0.81,N
23.78518,86.34183,313.56,0.36,0.57,2026-09-21,2046,SNPP,SNPP,n,2.0NRT,286.55,1.71,N
23.77846,86.34739,306.75,0.36,0.57,2026-09-21,2046,SNPP,SNPP,n,2.0NRT,286.33,1.01,N
23.77538,86.36122,306.19,0.36,0.57,2026-09-21,2046,SNPP,SNPP,n,2.0NRT,286.22,0.98,N
23.77461,86.36465,310.09,0.36,0.57,2026-09-21,2046,SNPP,SNPP,n,2.0NRT,286.64,0.98,N
23.76761,86.39608,304.44,0.36,0.57,2026-09-21,2046,SNPP,SNPP,n,2.0NRT,285.48,1.29,N
23.76607,86.40302,306.15,0.36,0.57,2026-09-21,2046,SNPP,SNPP,n,2.0NRT,284.52,0.78,N
23.76086,86.40163,316.56,0.36,0.57,2026-09-21,2046,SNPP,SNPP,n,2.0NRT,285.36,1.15,N
23.7601,86.40505,312.42,0.36,0.57,2026-09-21,2046,SNPP,SNPP,n,2.0NRT,285.64,1.15,N
23.75487,86.40376,308.02,0.36,0.57,2026-09-21,2046,SNPP,SNPP,n,2.0NRT,285.18,1.15,N
21.10902,72.6453,307.95,0.46,0.39,2026-09-21,2049,SNPP,SNPP,n,2.0NRT,291.53,3.02,N
21.11024,72.63653,311.6,0.46,0.39,2026-09-21,2049,SNPP,SNPP,n,2.0NRT,291.93,3.97,N
21.11085,72.63213,325.55,0.46,0.39,2026-09-21,2049,SNPP,SNPP,n,2.0NRT,291.47,3.7,N
21.01187,75.8149,316.41,0.38,0.36,2026-09-21,2049,SNPP,SNPP,n,2.0NRT,288.16,0.61,N
20.69692,78.63698,305.62,0.44,0.38,2026-09-21,2049,SNPP,SNPP,n,2.0NRT,290.95,1.1,N
20.70339,78.62085,312.4,0.44,0.38,2026-09-21,2049,SNPP,SNPP,n,2.0NRT,291.01,1.61,N
20.7069,78.62156,325.66,0.44,0.38,2026-09-21,2049,SNPP,SNPP,n,2.0NRT,290.77,1.61,N
22.31075,69.71478,300.84,0.45,0.47,2026-09-21,2049,SNPP,SNPP,n,2.0NRT,284.03,1.05,N
22.43015,69.83142,300.53,0.45,0.47,2026-09-21,2049,SNPP,SNPP,n,2.0NRT,280.47,0.33,N
21.24086,79.23096,304.8,0.46,0.39,2026-09-21,2049,SNPP,SNPP,n,2.0NRT,288.58,0.74,N
21.24602,79.22286,309.36,0.46,0.39,2026-09-21,2049,SNPP,SNPP,n,2.0NRT,288.53,1.97,N
21.24838,79.20966,312.23,0.46,0.39,2026-09-21,2049,SNPP,SNPP,n,2.0NRT,286.42,1.31,N
21.33846,78.97131,305.76,0.45,0.39,2026-09-21,2049,SNPP,SNPP,n,2.0NRT,290.13,0.7,N
21.33566,78.9663,308,0.45,0.39,2026-09-21,2049,SNPP,SNPP,n,2.0NRT,290.24,1.03,N
20.35443,72.94792,306.15,0.44,0.38,2026-09-21,2049,SNPP,SNPP,n,2.0NRT,289.45,0.84,N
20.35795,72.94849,309.85,0.44,0.38,2026-09-21,2049,SNPP,SNPP,n,2.0NRT,289.73,0.84,N
20.35414,72.95067,309.07,0.44,0.38,2026-09-21,2049,SNPP,SNPP,n,2.0NRT,289.81,0.79,N
20.35766,72.95123,310.65,0.44,0.38,2026-09-21,2049,SNPP,SNPP,n,2.0NRT,290.01,0.79,N
19.80169,78.86482,303.15,0.46,0.39,2026-09-21,2049,SNPP,SNPP,n,2.0NRT,288.33,0.61,N
15.65868,73.98865,312.11,0.39,0.36,2026-09-21,2049,SNPP,SNPP,n,2.0NRT,285.12,1.02,N
19.78558,79.147,305.7,0.48,0.4,2026-09-21,2049,SNPP,SNPP,n,2.0NRT,289.22,1.07,N
21.10304,72.63538,334.32,0.46,0.39,2026-09-21,2049,SNPP,SNPP,n,2.0NRT,292.42,9.1,N
21.10542,72.64474,342.32,0.46,0.39,2026-09-21,2049,SNPP,SNPP,n,2.0NRT,292.16,9.88,N
8.66861,77.99207,305.03,0.39,0.44,2026-09-21,2049,SNPP,SNPP,n,2.0NRT,289.36,1.05,N
15.52609,73.99277,300.36,0.39,0.36,2026-09-21,2049,SNPP,SNPP,n,2.0NRT,281.17,0.6,N
8.67719,77.4745,331.29,0.49,0.48,2026-09-22,0756,SNPP,SNPP,n,2.0NRT,291.27,2.92,D
8.60402,77.96516,330.04,0.46,0.47,2026-09-22,0756,SNPP,SNPP,n,2.0NRT,297.13,1.5,D
8.55172,77.81528,350.32,0.47,0.47,2026-09-22,0756,SNPP,SNPP,n,2.0NRT,299.89,10.65,D
9.41835,78.65449,342.61,0.4,0.44,2026-09-22,0756,SNPP,SNPP,n,2.0NRT,293.57,2.66,D
9.12537,77.64301,335.21,0.47,0.48,2026-09-22,0756,SNPP,SNPP,n,2.0NRT,299.01,3.18,D
10.96626,77.76252,333.77,0.43,0.46,2026-09-22,0756,SNPP,SNPP,n,2.0NRT,294.84,2.89,D
9.57274,78.57926,338.7,0.4,0.44,2026-09-22,0756,SNPP,SNPP,n,2.0NRT,295.12,2.85,D
14.63489,75.59111,334.29,0.51,0.5,2026-09-22,0758,SNPP,SNPP,n,2.0NRT,297.49,5.39,D
14.86724,75.62377,334.3,0.51,0.49,2026-09-22,0758,SNPP,SNPP,n,2.0NRT,297.95,6.56,D
23.78018,86.21159,341.77,0.41,0.45,2026-09-22,0801,SNPP,SNPP,n,2.0NRT,295.28,6.74,D
22.04179,83.72925,329.56,0.44,0.38,2026-09-22,0801,SNPP,SNPP,n,2.0NRT,287.54,6.7,D
22.32229,82.59002,332.73,0.41,0.37,2026-09-22,0801,SNPP,SNPP,n,2.0NRT,287.3,2.58,D
22.35829,82.30475,338.12,0.4,0.37,2026-09-22,0801,SNPP,SNPP,n,2.0NRT,298.11,5.83,D
22.35773,82.30088,334.49,0.4,0.37,2026-09-22,0801,SNPP,SNPP,n,2.0NRT,295.16,5.83,D
21.80369,75.58145,332.35,0.39,0.44,2026-09-22,0801,SNPP,SNPP,n,2.0NRT,298.01,2.7,D
23.1648,82.34029,330.31,0.4,0.37,2026-09-22,0801,SNPP,SNPP,n,2.0NRT,292.31,3.28,D
23.80289,86.33267,337.64,0.42,0.45,2026-09-22,0801,SNPP,SNPP,n,2.0NRT,295.46,6.61,D
23.8024,86.32857,340.54,0.42,0.45,2026-09-22,0801,SNPP,SNPP,n,2.0NRT,295.86,4.92,D
23.80193,86.32452,339.05,0.42,0.45,2026-09-22,0801,SNPP,SNPP,n,2.0NRT,294.9,4.92,D
23.19924,69.42709,338.94,0.43,0.62,2026-09-22,0801,SNPP,SNPP,n,2.0NRT,298.54,5.34,D
23.20078,69.42857,344.69,0.43,0.62,2026-09-22,0801,SNPP,SNPP,n,2.0NRT,297.99,5.07,D
25.60174,81.36993,334,0.4,0.37,2026-09-22,0801,SNPP,SNPP,n,2.0NRT,296.12,2.8,D
26.42662,80.35898,344.56,0.39,0.36,2026-09-22,0801,SNPP,SNPP,n,2.0NRT,299.96,3.8,D
27.11756,81.2395,349.55,0.4,0.37,2026-09-22,0803,SNPP,SNPP,n,2.0NRT,299.07,9.22,D
28.04023,74.92174,344.45,0.5,0.41,2026-09-22,0803,SNPP,SNPP,n,2.0NRT,313.21,5.98,D
28.63658,78.55211,338.31,0.39,0.36,2026-09-22,0803,SNPP,SNPP,n,2.0NRT,298.65,4.28,D
28.64143,80.14547,332.49,0.39,0.36,2026-09-22,0803,SNPP,SNPP,n,2.0NRT,298.66,2.43,D
28.36004,78.75585,330.25,0.39,0.36,2026-09-22,0803,SNPP,SNPP,n,2.0NRT,298.61,2.71,D
28.1074,77.62468,334,0.4,0.37,2026-09-22,0803,SNPP,SNPP,n,2.0NRT,302.67,4.15,D
28.10137,77.60917,333.83,0.4,0.37,2026-09-22,0803,SNPP,SNPP,n,2.0NRT,301.8,2.59,D
28.08182,77.72206,339.87,0.4,0.37,2026-09-22,0803,SNPP,SNPP,n,2.0NRT,300.47,4.38,D
27.98707,77.80803,336.38,0.4,0.37,2026-09-22,0803,SNPP,SNPP,n,2.0NRT,303.35,2.81,D
27.58669,77.46663,339.9,0.41,0.37,2026-09-22,0803,SNPP,SNPP,n,2.0NRT,301.39,4.5,D
31.84063,74.64835,333.51,0.46,0.39,2026-09-22,0803,SNPP,SNPP,n,2.0NRT,299.96,3.58,D
31.79421,74.94135,335.93,0.45,0.39,2026-09-22,0803,SNPP,SNPP,n,2.0NRT,301.72,3.13,D
31.53741,74.82207,332.6,0.45,0.39,2026-09-22,0803,SNPP,SNPP,n,2.0NRT,299.97,4.53,D
30.60375,76.83249,332.38,0.4,0.37,2026-09-22,0803,SNPP,SNPP,n,2.0NRT,304.75,2.63,D
30.22848,76.19668,340.79,0.42,0.38,2026-09-22,0803,SNPP,SNPP,n,2.0NRT,305.92,28.31,D
29.25152,75.70355,346.86,0.45,0.39,2026-09-22,0803,SNPP,SNPP,n,2.0NRT,305.15,7,D
29.24799,75.70438,331.18,0.45,0.39,2026-09-22,0803,SNPP,SNPP,l,2.0NRT,304.41,2.5,D
29.13253,75.77234,334.64,0.45,0.39,2026-09-22,0803,SNPP,SNPP,l,2.0NRT,308.7,4.2,D
28.63026,77.77587,331.87,0.4,0.37,2026-09-22,0803,SNPP,SNPP,l,2.0NRT,303.28,1.76,D
26.75866,83.19894,309.24,0.39,0.36,2026-09-22,2025,SNPP,SNPP,n,2.0NRT,286.63,1.31,N
26.76047,83.19804,306.88,0.39,0.36,2026-09-22,2025,SNPP,SNPP,n,2.0NRT,286.82,0.83,N
28.34573,77.25457,307.19,0.56,0.43,2026-09-22,2025,SNPP,SNPP,n,2.0NRT,296.66,1.32,N
28.71062,76.85635,311.54,0.39,0.44,2026-09-22,2025,SNPP,SNPP,n,2.0NRT,296.58,1.55,N
28.74325,76.92624,307.83,0.39,0.44,2026-09-22,2025,SNPP,SNPP,n,2.0NRT,295.76,0.85,N
28.77306,76.69802,308.73,0.4,0.44,2026-09-22,2025,SNPP,SNPP,n,2.0NRT,296.21,1.49,N
28.78234,76.94443,305.6,0.39,0.44,2026-09-22,2025,SNPP,SNPP,n,2.0NRT,295.45,0.47,N
31.26024,76.9229,301.2,0.42,0.45,2026-09-22,2025,SNPP,SNPP,n,2.0NRT,291.08,0.53,N
26.64145,79.47942,319.19,0.43,0.38,2026-09-22,2025,SNPP,SNPP,n,2.0NRT,291.62,1.69,N
23.6661,87.1612,301.87,0.41,0.45,2026-09-22,2027,SNPP,SNPP,n,2.0NRT,279.11,1.38,N
24.92181,84.15652,302.72,0.43,0.38,2026-09-22,2027,SNPP,SNPP,n,2.0NRT,279.74,0.37,N
24.11636,86.85889,299.53,0.39,0.44,2026-09-22,2027,SNPP,SNPP,n,2.0NRT,270.6,0.8,N
25.94327,72.18935,310.22,0.35,0.56,2026-09-22,2027,SNPP,SNPP,n,2.0NRT,297.64,1.12,N
23.6636,87.15228,301.85,0.41,0.45,2026-09-22,2027,SNPP,SNPP,n,2.0NRT,278.98,1.14,N
23.6628,87.15627,307.88,0.41,0.45,2026-09-22,2027,SNPP,SNPP,n,2.0NRT,279.35,1.38,N
23.66947,86.93599,302.5,0.4,0.44,2026-09-22,2027,SNPP,SNPP,n,2.0NRT,280.48,0.82,N
23.51768,87.27235,299.68,0.42,0.45,2026-09-22,2027,SNPP,SNPP,n,2.0NRT,279.55,0.76,N
24.20443,82.7112,300.78,0.4,0.37,2026-09-22,2027,SNPP,SNPP,n,2.0NRT,278.2,1.2,N
24.19646,82.71751,311.08,0.4,0.37,2026-09-22,2027,SNPP,SNPP,n,2.0NRT,277.44,1.22,N
24.18209,82.65876,299.72,0.39,0.37,2026-09-22,2027,SNPP,SNPP,n,2.0NRT,276.35,0.73,N
24.18069,82.64651,297.66,0.39,0.36,2026-09-22,2027,SNPP,SNPP,n,2.0NRT,276.61,0.63,N
24.7647,74.60931,311.15,0.48,0.48,2026-09-22,2027,SNPP,SNPP,n,2.0NRT,296.9,2.7,N
24.66031,74.63074,305.94,0.47,0.48,2026-09-22,2027,SNPP,SNPP,n,2.0NRT,295.88,2.32,N
22.79051,86.20804,298.83,0.57,0.43,2026-09-22,2027,SNPP,SNPP,n,2.0NRT,277.59,0.86,N
22.78867,86.19625,301.51,0.56,0.43,2026-09-22,2027,SNPP,SNPP,n,2.0NRT,281.03,1.17,N
22.78762,86.20168,300.24,0.57,0.43,2026-09-22,2027,SNPP,SNPP,n,2.0NRT,280.39,1.17,N
22.78658,86.20712,298.92,0.57,0.43,2026-09-22,2027,SNPP,SNPP,n,2.0NRT,278.65,0.99,N
22.35982,82.30381,320.8,0.4,0.37,2026-09-22,2027,SNPP,SNPP,n,2.0NRT,273.83,1.67,N
22.36046,82.29998,305.73,0.4,0.37,2026-09-22,2027,SNPP,SNPP,n,2.0NRT,272.53,1.5,N
22.35647,82.30317,310.67,0.4,0.37,2026-09-22,2027,SNPP,SNPP,n,2.0NRT,272.25,1.53,N
21.98676,83.23273,295.01,0.42,0.38,2026-09-22,2027,SNPP,SNPP,n,2.0NRT,264.67,0.7,N
20.96889,85.15355,300.09,0.53,0.42,2026-09-22,2027,SNPP,SNPP,n,2.0NRT,271.28,2.45,N
22.41736,69.03574,306.01,0.5,0.66,2026-09-22,2027,SNPP,SNPP,n,2.0NRT,293.19,1.64,N
22.41708,69.0388,306.2,0.5,0.66,2026-09-22,2027,SNPP,SNPP,n,2.0NRT,293.27,1.82,N
21.27164,72.87063,310.97,0.55,0.51,2026-09-22,2027,SNPP,SNPP,n,2.0NRT,288.73,2.06,N
21.27147,72.86965,312.24,0.55,0.51,2026-09-22,2027,SNPP,SNPP,n,2.0NRT,288.69,1.5,N
21.10729,72.64602,341.41,0.57,0.52,2026-09-22,2027,SNPP,SNPP,n,2.0NRT,289.97,7.03,N
21.10849,72.63493,306.75,0.57,0.52,2026-09-22,2027,SNPP,SNPP,n,2.0NRT,289.71,3.45,N
21.10367,72.63429,332.03,0.57,0.52,2026-09-22,2027,SNPP,SNPP,n,2.0NRT,289.54,3.45,N
21.10248,72.64541,320.62,0.57,0.52,2026-09-22,2027,SNPP,SNPP,n,2.0NRT,288.08,7.03,N
21.10977,72.63442,311.94,0.57,0.52,2026-09-22,2027,SNPP,SNPP,n,2.0NRT,290.06,5.2,N
21.10849,72.6455,316.98,0.57,0.52,2026-09-22,2027,SNPP,SNPP,n,2.0NRT,289.89,6.98,N
21.10496,72.63382,329.1,0.57,0.52,2026-09-22,2027,SNPP,SNPP,n,2.0NRT,289.2,5.2,N
21.10369,72.64491,345.87,0.57,0.52,2026-09-22,2027,SNPP,SNPP,n,2.0NRT,288.23,6.98,N
21.10015,72.6332,307.73,0.57,0.52,2026-09-22,2027,SNPP,SNPP,n,2.0NRT,288.72,2.35,N
18.80264,74.26019,317.29,0.42,0.45,2026-09-22,2029,SNPP,SNPP,n,2.0NRT,286.21,1.87,N
15.65808,73.98932,297.62,0.4,0.44,2026-09-22,2029,SNPP,SNPP,n,2.0NRT,268.67,0.64,N
12.74701,77.62012,299.29,0.39,0.36,2026-09-22,2029,SNPP,SNPP,n,2.0NRT,274.23,0.68,N
8.67101,77.99467,304.96,0.38,0.36,2026-09-22,2032,SNPP,SNPP,n,2.0NRT,286.8,0.38,N
22.314,69.86107,307.6,0.68,0.74,2026-09-22,2208,SNPP,SNPP,n,2.0NRT,290.97,0.7,N
22.31283,69.86509,304.07,0.68,0.74,2026-09-22,2208,SNPP,SNPP,n,2.0NRT,290.99,1.04,N
22.41594,69.03984,305.93,0.6,0.71,2026-09-22,2208,SNPP,SNPP,n,2.0NRT,292.8,1.22,N
22.41537,69.03992,305.74,0.6,0.71,2026-09-22,2208,SNPP,SNPP,n,2.0NRT,293.04,1.23,N
21.6728,84.04043,329.34,0.4,0.37,2026-09-23,0739,SNPP,SNPP,n,2.0NRT,291.65,3.89,D
21.67955,84.03915,334.13,0.4,0.37,2026-09-23,0739,SNPP,SNPP,n,2.0NRT,294.64,4.78,D
28.03601,75.06429,334.31,0.61,0.53,2026-09-23,0741,SNPP,SNPP,l,2.0NRT,307.28,1.24,D
27.51616,78.42499,330.05,0.4,0.44,2026-09-23,0741,SNPP,SNPP,n,2.0NRT,299.17,1.62,D
27.51587,78.42472,330.97,0.4,0.44,2026-09-23,0741,SNPP,SNPP,n,2.0NRT,299.51,1.66,D
27.77869,77.67394,341.58,0.43,0.46,2026-09-23,0741,SNPP,SNPP,n,2.0NRT,302.25,5.25,D
26.63719,72.25947,349,0.48,0.64,2026-09-23,0741,SNPP,SNPP,n,2.0NRT,307.83,5.35,D
28.92355,79.84691,330.51,0.48,0.4,2026-09-23,0741,SNPP,SNPP,n,2.0NRT,296.67,3.88,D
30.57632,76.99915,336.76,0.42,0.45,2026-09-23,0744,SNPP,SNPP,n,2.0NRT,300.94,3.45,D
33.79535,74.92694,325.33,0.47,0.47,2026-09-23,0744,SNPP,SNPP,l,2.0NRT,300.23,3.56,D
29.13685,76.68494,330.54,0.46,0.47,2026-09-23,0744,SNPP,SNPP,n,2.0NRT,302.62,2.46,D
31.87357,74.69193,340.2,0.53,0.5,2026-09-23,0744,SNPP,SNPP,n,2.0NRT,297.89,5.08,D
27.24188,70.47696,357.8,0.45,0.63,2026-09-23,0922,SNPP,SNPP,n,2.0NRT,314.24,5.37,D
26.358,70.7627,337.26,0.46,0.63,2026-09-23,0922,SNPP,SNPP,l,2.0NRT,309.59,3.04,D
23.33205,69.15276,331.8,0.34,0.56,2026-09-23,0922,SNPP,SNPP,n,2.0NRT,301.84,0.91,D
21.10767,72.64611,367,0.53,0.67,2026-09-23,0922,SNPP,SNPP,h,2.0NRT,292.69,12.9,D
21.10051,72.63617,333.75,0.53,0.67,2026-09-23,0922,SNPP,SNPP,n,2.0NRT,292.95,4.46,D
28.03121,76.49477,310.38,0.39,0.59,2026-09-23,2008,SNPP,SNPP,n,2.0NRT,295.19,1.3,N
30.51824,77.20013,303.62,0.37,0.58,2026-09-23,2008,SNPP,SNPP,n,2.0NRT,291.76,0.55,N
28.8934,78.85721,304.01,0.57,0.52,2026-09-23,2008,SNPP,SNPP,n,2.0NRT,293.6,0.75,N
28.74422,76.92708,306.1,0.37,0.58,2026-09-23,2008,SNPP,SNPP,n,2.0NRT,295.77,0.61,N
28.65629,77.58827,306.02,0.34,0.56,2026-09-23,2008,SNPP,SNPP,n,2.0NRT,294.57,0.57,N
28.71347,76.83268,308.05,0.38,0.59,2026-09-23,2008,SNPP,SNPP,n,2.0NRT,295.68,0.86,N
28.21419,77.32272,334.28,0.35,0.57,2026-09-23,2008,SNPP,SNPP,n,2.0NRT,295.36,1.4,N
28.20892,77.32211,309.78,0.35,0.57,2026-09-23,2008,SNPP,SNPP,n,2.0NRT,294.72,1.4,N
28.17372,76.85616,305.54,0.37,0.58,2026-09-23,2008,SNPP,SNPP,n,2.0NRT,295.19,0.95,N
25.11131,93.83849,297.1,0.5,0.49,2026-09-23,2008,SNPP,SNPP,n,2.0NRT,284.72,0.55,N
26.64386,79.47805,306.33,0.49,0.49,2026-09-23,2008,SNPP,SNPP,n,2.0NRT,287.46,0.73,N
26.63934,79.47744,304.04,0.49,0.49,2026-09-23,2008,SNPP,SNPP,n,2.0NRT,286.49,0.73,N
24.66043,74.63132,304.31,0.47,0.64,2026-09-23,2008,SNPP,SNPP,n,2.0NRT,292.85,1.32,N
22.06565,83.70436,305.23,0.41,0.37,2026-09-23,2010,SNPP,SNPP,n,2.0NRT,275.49,1.05,N
21.10267,72.63477,338.82,0.57,0.69,2026-09-23,2010,SNPP,SNPP,n,2.0NRT,289.86,5.29,N
21.10902,72.64156,313.04,0.57,0.69,2026-09-23,2010,SNPP,SNPP,n,2.0NRT,290.25,2.59,N
21.10854,72.64725,309.54,0.57,0.69,2026-09-23,2010,SNPP,SNPP,n,2.0NRT,290.49,2.59,N
21.10302,72.63522,337.09,0.57,0.69,2026-09-23,2010,SNPP,SNPP,n,2.0NRT,290.03,9.64,N
21.10253,72.64093,307.57,0.57,0.69,2026-09-23,2010,SNPP,SNPP,n,2.0NRT,290.05,2.59,N
22.04054,83.73252,306.62,0.41,0.37,2026-09-23,2010,SNPP,SNPP,n,2.0NRT,281.23,1.82,N
22.04112,83.72858,304.01,0.41,0.37,2026-09-23,2010,SNPP,SNPP,n,2.0NRT,278.76,0.9,N
21.10826,72.64685,312.44,0.57,0.69,2026-09-23,2010,SNPP,SNPP,n,2.0NRT,290.66,4.92,N
21.10871,72.64114,313.28,0.57,0.69,2026-09-23,2010,SNPP,SNPP,n,2.0NRT,290.47,5.29,N
22.26721,75.13126,306.53,0.41,0.61,2026-09-23,2010,SNPP,SNPP,n,2.0NRT,291.19,0.68,N
22.26427,75.13342,303.88,0.41,0.61,2026-09-23,2010,SNPP,SNPP,n,2.0NRT,288.89,0.98,N
21.67838,84.03748,313.72,0.4,0.37,2026-09-23,2010,SNPP,SNPP,n,2.0NRT,284.25,1.86,N
21.7456,83.84255,298.09,0.4,0.37,2026-09-23,2010,SNPP,SNPP,n,2.0NRT,278.41,1.61,N
21.74899,83.84311,305.73,0.4,0.37,2026-09-23,2010,SNPP,SNPP,n,2.0NRT,277.92,1.27,N
21.87668,83.49562,297.98,0.41,0.37,2026-09-23,2010,SNPP,SNPP,n,2.0NRT,273.76,0.46,N
21.919,83.3504,313.01,0.42,0.38,2026-09-23,2010,SNPP,SNPP,n,2.0NRT,277.89,1.66,N
21.92245,83.35098,330.61,0.42,0.38,2026-09-23,2010,SNPP,SNPP,n,2.0NRT,280.36,3.7,N
21.98416,83.23089,306.52,0.42,0.38,2026-09-23,2010,SNPP,SNPP,n,2.0NRT,283.37,1.42,N
21.96508,83.77345,304.67,0.41,0.37,2026-09-23,2010,SNPP,SNPP,n,2.0NRT,283.88,0.89,N
22.01605,83.75665,304.13,0.41,0.37,2026-09-23,2010,SNPP,SNPP,n,2.0NRT,284.08,0.7,N
22.01663,83.75273,307.91,0.41,0.37,2026-09-23,2010,SNPP,SNPP,n,2.0NRT,283.73,0.7,N
22.03713,83.73196,303.54,0.41,0.37,2026-09-23,2010,SNPP,SNPP,n,2.0NRT,281.55,1.2,N
11.81787,77.91727,300.11,0.4,0.44,2026-09-23,2012,SNPP,SNPP,n,2.0NRT,274.5,0.56,N
11.81378,77.91667,295.38,0.4,0.44,2026-09-23,2012,SNPP,SNPP,n,2.0NRT,274.35,0.56,N
10.61679,77.42041,298.39,0.41,0.45,2026-09-23,2012,SNPP,SNPP,n,2.0NRT,279.94,0.23,N
26.87691,73.5162,307.21,0.46,0.64,2026-09-23,2148,SNPP,SNPP,n,2.0NRT,295.05,2.3,N
31.48955,75.05499,306.21,0.44,0.63,2026-09-23,2148,SNPP,SNPP,n,2.0NRT,292.19,0.58,N
26.87525,73.51791,305.21,0.46,0.64,2026-09-23,2148,SNPP,SNPP,n,2.0NRT,294.8,1.52,N
26.25668,74.09562,308.23,0.52,0.67,2026-09-23,2148,SNPP,SNPP,n,2.0NRT,294.47,1.1,N
21.09943,72.63602,321.83,0.55,0.68,2026-09-23,2150,SNPP,SNPP,n,2.0NRT,287.3,2.84,N
21.10308,72.64829,312.94,0.55,0.68,2026-09-23,2150,SNPP,SNPP,n,2.0NRT,287.9,2.72,N
21.10435,72.64301,313.45,0.55,0.68,2026-09-23,2150,SNPP,SNPP,n,2.0NRT,286.5,2.72,N
21.10561,72.63773,315.81,0.55,0.68,2026-09-23,2150,SNPP,SNPP,n,2.0NRT,287.45,1.48,N
21.11179,72.63943,303.2,0.55,0.68,2026-09-23,2150,SNPP,SNPP,n,2.0NRT,288.21,1.48,N
21.11305,72.63417,303.9,0.55,0.68,2026-09-23,2150,SNPP,SNPP,n,2.0NRT,288.6,1.48,N
22.41748,69.0394,310.11,0.62,0.54,2026-09-23,2150,SNPP,SNPP,n,2.0NRT,297.39,2.24,N
22.41833,69.04184,307.33,0.62,0.54,2026-09-23,2150,SNPP,SNPP,n,2.0NRT,297.07,2.19,N
22.92669,69.82512,308.41,0.34,0.56,2026-09-23,2150,SNPP,SNPP,n,2.0NRT,297.32,0.8,N
22.36144,73.1191,309.33,0.55,0.68,2026-09-23,2150,SNPP,SNPP,n,2.0NRT,292.27,2.3,N
22.36764,73.12083,317.95,0.55,0.68,2026-09-23,2150,SNPP,SNPP,n,2.0NRT,292.8,2.3,N
22.36439,73.12109,324.01,0.55,0.68,2026-09-23,2150,SNPP,SNPP,n,2.0NRT,292.19,4.07,N
23.51054,72.41356,307.45,0.47,0.64,2026-09-23,2150,SNPP,SNPP,n,2.0NRT,291.93,0.7,N
24.81977,73.09304,308.27,0.49,0.65,2026-09-23,2150,SNPP,SNPP,n,2.0NRT,294.42,1.77,N
26.78875,75.76647,355.4,0.56,0.69,2026-09-24,0724,SNPP,SNPP,n,2.0NRT,297.73,7.12,D
31.11184,77.4421,327.33,0.36,0.57,2026-09-24,0724,SNPP,SNPP,n,2.0NRT,296.76,2.42,D
32.16761,75.3111,328.82,0.44,0.63,2026-09-24,0726,SNPP,SNPP,n,2.0NRT,287.26,4.76,D
21.10151,72.63606,335.39,0.52,0.5,2026-09-24,0902,SNPP,SNPP,n,2.0NRT,277.16,5.42,D
21.10728,72.64566,344.76,0.52,0.5,2026-09-24,0902,SNPP,SNPP,n,2.0NRT,278.27,10.58,D
22.41732,69.03951,331.36,0.5,0.41,2026-09-24,0902,SNPP,SNPP,l,2.0NRT,305.46,2.4,D
23.1181,70.05336,332.57,0.39,0.44,2026-09-24,0905,SNPP,SNPP,l,2.0NRT,306.56,1.21,D
23.10217,69.92092,345.77,0.57,0.43,2026-09-24,0905,SNPP,SNPP,n,2.0NRT,308.57,6.1,D
23.15767,70.10974,343.32,0.39,0.44,2026-09-24,0905,SNPP,SNPP,n,2.0NRT,308,5.09,D
23.15721,70.10592,343.57,0.39,0.44,2026-09-24,0905,SNPP,SNPP,n,2.0NRT,308.08,3.9,D
23.32869,69.72157,338.25,0.56,0.43,2026-09-24,0905,SNPP,SNPP,l,2.0NRT,308.75,3.02,D
31.13174,74.65819,336.48,0.45,0.63,2026-09-24,0907,SNPP,SNPP,n,2.0NRT,295.55,4.12,D
31.13051,74.66029,332.22,0.45,0.63,2026-09-24,0907,SNPP,SNPP,n,2.0NRT,295.25,3.33,D
31.41108,75.06441,330.08,0.48,0.65,2026-09-24,0907,SNPP,SNPP,n,2.0NRT,295.85,3.52,D
28.95065,78.80548,300.9,0.56,0.69,2026-09-24,1947,SNPP,SNPP,n,2.0NRT,288.86,1.19,N
31.2576,76.92658,303.12,0.62,0.54,2026-09-24,2127,SNPP,SNPP,n,2.0NRT,289.33,1.14,N
31.25717,76.925,299.91,0.62,0.54,2026-09-24,2127,SNPP,SNPP,n,2.0NRT,288.57,1.42,N
28.56773,77.55437,302.28,0.38,0.59,2026-09-24,2129,SNPP,SNPP,n,2.0NRT,290.83,1.39,N
28.56854,77.55767,299.95,0.38,0.59,2026-09-24,2129,SNPP,SNPP,n,2.0NRT,289.8,0.73,N
28.56323,77.55599,302.02,0.38,0.59,2026-09-24,2129,SNPP,SNPP,n,2.0NRT,290.87,0.73,N
28.56227,77.55989,301.04,0.38,0.59,2026-09-24,2129,SNPP,SNPP,n,2.0NRT,290.21,0.73,N
28.56959,77.54662,300.79,0.38,0.59,2026-09-24,2129,SNPP,SNPP,n,2.0NRT,290.16,1.05,N
28.5668,77.55826,301.95,0.38,0.59,2026-09-24,2129,SNPP,SNPP,n,2.0NRT,290.25,1.16,N
27.66774,76.12987,305.27,0.33,0.55,2026-09-24,2129,SNPP,SNPP,n,2.0NRT,294.62,1.31,N
27.28851,73.84077,307.27,0.5,0.49,2026-09-24,2129,SNPP,SNPP,n,2.0NRT,297.27,0.95,N
26.8735,73.51535,308.27,0.48,0.48,2026-09-24,2129,SNPP,SNPP,n,2.0NRT,297.2,1.63,N
26.2579,74.09552,306.96,0.54,0.51,2026-09-24,2129,SNPP,SNPP,n,2.0NRT,296.36,1.25,N
24.93318,74.63246,305.64,0.62,0.54,2026-09-24,2129,SNPP,SNPP,n,2.0NRT,293.87,1.39,N
24.66125,74.63567,305.73,0.63,0.54,2026-09-24,2129,SNPP,SNPP,n,2.0NRT,293.44,2.49,N
24.6881,73.00338,307.14,0.5,0.49,2026-09-24,2129,SNPP,SNPP,n,2.0NRT,296.09,2.03,N
18.69103,73.92159,302.65,0.37,0.58,2026-09-24,2131,SNPP,SNPP,n,2.0NRT,276.62,0.33,N
22.93426,69.69944,316.17,0.52,0.41,2026-09-24,2131,SNPP,SNPP,n,2.0NRT,298.09,2.33,N
22.41552,69.03941,318.58,0.49,0.4,2026-09-24,2131,SNPP,SNPP,n,2.0NRT,297.47,2.82,N
21.11128,72.63631,313,0.55,0.51,2026-09-24,2131,SNPP,SNPP,n,2.0NRT,296.1,2,N
21.10911,72.6469,309.38,0.55,0.51,2026-09-24,2131,SNPP,SNPP,n,2.0NRT,296.05,1.66,N
21.10445,72.64579,344.67,0.55,0.51,2026-09-24,2131,SNPP,SNPP,n,2.0NRT,296.21,8.79,N
21.10195,72.63409,337.04,0.55,0.51,2026-09-24,2131,SNPP,SNPP,n,2.0NRT,295.58,8.93,N
18.68962,73.91727,301.29,0.37,0.58,2026-09-24,2131,SNPP,SNPP,n,2.0NRT,277.47,0.76,N
18.68887,73.92072,311.38,0.37,0.58,2026-09-24,2131,SNPP,SNPP,n,2.0NRT,276.38,0.76,N
18.69176,73.91814,296.15,0.37,0.58,2026-09-24,2131,SNPP,SNPP,n,2.0NRT,277.41,0.33,N
18.68643,73.917,295.97,0.37,0.58,2026-09-24,2131,SNPP,SNPP,n,2.0NRT,278.51,0.55,N
18.68571,73.92046,303.31,0.37,0.58,2026-09-24,2131,SNPP,SNPP,n,2.0NRT,277.91,0.55,N
18.69121,73.84142,309.11,0.37,0.58,2026-09-24,2131,SNPP,SNPP,n,2.0NRT,288.33,0.96,N
18.86038,72.92651,314.22,0.32,0.54,2026-09-24,2131,SNPP,SNPP,n,2.0NRT,289.68,3.58,N
18.85981,72.92925,318.23,0.32,0.54,2026-09-24,2131,SNPP,SNPP,n,2.0NRT,290.75,1.68,N
18.85539,72.92547,306.18,0.32,0.54,2026-09-24,2131,SNPP,SNPP,n,2.0NRT,291.76,3.58,N
18.85483,72.92818,309.94,0.32,0.54,2026-09-24,2131,SNPP,SNPP,n,2.0NRT,291.55,1.68,N
18.69164,73.04081,308.78,0.33,0.55,2026-09-24,2131,SNPP,SNPP,n,2.0NRT,292.65,1.49,N
18.68353,73.0293,308.32,0.33,0.55,2026-09-24,2131,SNPP,SNPP,n,2.0NRT,292.15,2.26,N
18.68225,73.03543,312.15,0.33,0.55,2026-09-24,2131,SNPP,SNPP,n,2.0NRT,292.48,1.9,N
16.64768,74.30985,298.3,0.43,0.62,2026-09-24,2131,SNPP,SNPP,n,2.0NRT,285.59,0.62,N
22.26537,75.13546,299.83,0.38,0.58,2026-09-24,2131,SNPP,SNPP,n,2.0NRT,276.47,0.46,N
26.97938,93.99506,331.49,0.38,0.36,2026-09-25,0703,SNPP,SNPP,n,2.0NRT,297.03,3.59,D
27.62766,96.02306,338.62,0.42,0.37,2026-09-25,0703,SNPP,SNPP,n,2.0NRT,297.28,4.49,D
27.67099,96.23769,346.74,0.42,0.38,2026-09-25,0703,SNPP,SNPP,n,2.0NRT,293.47,7.19,D
27.67271,96.22423,345.15,0.42,0.38,2026-09-25,0703,SNPP,SNPP,n,2.0NRT,295.35,10.1,D
27.72019,96.26009,338.71,0.43,0.38,2026-09-25,0703,SNPP,SNPP,n,2.0NRT,298.79,4.44,D
27.71784,96.26131,339.1,0.43,0.38,2026-09-25,0703,SNPP,SNPP,n,2.0NRT,299.46,5.18,D
27.74032,96.32349,342.5,0.43,0.38,2026-09-25,0703,SNPP,SNPP,n,2.0NRT,299.24,9.54,D
27.73516,96.28473,343.45,0.43,0.38,2026-09-25,0703,SNPP,SNPP,n,2.0NRT,299.52,9.99,D
28.01596,95.5574,334.33,0.41,0.37,2026-09-25,0703,SNPP,SNPP,n,2.0NRT,298.18,3.18,D
28.14342,95.42505,332.99,0.41,0.37,2026-09-25,0703,SNPP,SNPP,n,2.0NRT,298.3,2.91,D
27.74498,96.30508,336.68,0.43,0.38,2026-09-25,0703,SNPP,SNPP,n,2.0NRT,297.97,3.13,D
27.74677,96.2652,329.43,0.43,0.38,2026-09-25,0703,SNPP,SNPP,n,2.0NRT,298.94,5.1,D
27.75024,96.26463,339.73,0.43,0.38,2026-09-25,0703,SNPP,SNPP,n,2.0NRT,299.32,5.1,D
27.768,96.03022,334.44,0.42,0.38,2026-09-25,0703,SNPP,SNPP,n,2.0NRT,300.41,5.89,D
27.80412,96.26881,335.12,0.43,0.38,2026-09-25,0703,SNPP,SNPP,n,2.0NRT,299.04,7.59,D
27.81157,96.21918,336.95,0.42,0.38,2026-09-25,0703,SNPP,SNPP,n,2.0NRT,295.13,4.04,D
27.81904,96.18395,331.92,0.42,0.38,2026-09-25,0703,SNPP,SNPP,n,2.0NRT,296.12,2.3,D
27.92341,96.75948,344.4,0.45,0.39,2026-09-25,0703,SNPP,SNPP,n,2.0NRT,301.67,15.06,D
27.89113,96.08849,333.2,0.42,0.38,2026-09-25,0703,SNPP,SNPP,n,2.0NRT,299.54,2.59,D
28.00383,96.02225,329.65,0.42,0.38,2026-09-25,0703,SNPP,SNPP,n,2.0NRT,299.9,2.05,D
28.01256,95.55799,347.13,0.41,0.37,2026-09-25,0703,SNPP,SNPP,n,2.0NRT,301.84,6.41,D
21.10218,72.63695,344.92,0.43,0.38,2026-09-25,0843,SNPP,SNPP,n,2.0NRT,299.83,13.62,D
18.85814,72.92683,346.9,0.42,0.38,2026-09-25,0843,SNPP,SNPP,n,2.0NRT,299.88,7.12,D
18.85949,72.92673,344.8,0.42,0.38,2026-09-25,0843,SNPP,SNPP,n,2.0NRT,298.95,9.86,D
21.10332,72.64526,337.71,0.43,0.38,2026-09-25,0843,SNPP,SNPP,n,2.0NRT,299.43,5.22,D
21.10739,72.64888,331.22,0.43,0.38,2026-09-25,0843,SNPP,SNPP,n,2.0NRT,301.17,5.85,D
21.10682,72.64472,340.35,0.43,0.38,2026-09-25,0843,SNPP,SNPP,n,2.0NRT,300.65,5.22,D
22.63914,70.98642,336.2,0.4,0.37,2026-09-25,0843,SNPP,SNPP,n,2.0NRT,305.91,2.26,D
22.4154,69.03798,334.03,0.39,0.36,2026-09-25,0843,SNPP,SNPP,l,2.0NRT,306.42,2.44,D
22.81862,69.40572,333.34,0.38,0.36,2026-09-25,0843,SNPP,SNPP,l,2.0NRT,306.13,1.51,D
22.9343,69.69837,340.18,0.38,0.36,2026-09-25,0843,SNPP,SNPP,l,2.0NRT,311.09,3.01,D
22.91547,69.46451,339.5,0.38,0.36,2026-09-25,0843,SNPP,SNPP,n,2.0NRT,309,2.71,D
31.83345,74.7467,330.63,0.49,0.48,2026-09-25,0845,SNPP,SNPP,n,2.0NRT,298.5,2.6,D
31.83136,74.74836,331.93,0.49,0.48,2026-09-25,0845,SNPP,SNPP,n,2.0NRT,299,2.36,D
31.54101,74.60007,340.38,0.47,0.48,2026-09-25,0845,SNPP,SNPP,n,2.0NRT,295.34,4.18,D
20.9995,86.01266,305.64,0.32,0.55,2026-09-25,1932,SNPP,SNPP,n,2.0NRT,284.19,0.9,N
20.9944,86.01208,297.18,0.32,0.55,2026-09-25,1932,SNPP,SNPP,n,2.0NRT,282.48,0.9,N
20.96703,86.00244,297.6,0.32,0.55,2026-09-25,1932,SNPP,SNPP,n,2.0NRT,282.59,1.53,N
23.77252,86.19855,299.03,0.34,0.56,2026-09-25,1932,SNPP,SNPP,n,2.0NRT,284.83,1.54,N
23.63118,86.29478,298.8,0.33,0.56,2026-09-25,1932,SNPP,SNPP,n,2.0NRT,284.23,0.91,N
22.63026,86.17858,302.91,0.33,0.55,2026-09-25,1932,SNPP,SNPP,n,2.0NRT,286.99,1.15,N
28.34614,77.23,308.85,0.4,0.44,2026-09-25,2110,SNPP,SNPP,n,2.0NRT,291.76,0.7,N
26.87246,73.51851,309.67,0.42,0.38,2026-09-25,2110,SNPP,SNPP,n,2.0NRT,297.04,1.2,N
26.87664,73.51504,312.01,0.42,0.38,2026-09-25,2110,SNPP,SNPP,n,2.0NRT,296.95,2.11,N
26.92624,73.46744,308.67,0.42,0.38,2026-09-25,2110,SNPP,SNPP,n,2.0NRT,297.15,1.04,N
27.66809,76.13132,308.5,0.53,0.42,2026-09-25,2110,SNPP,SNPP,n,2.0NRT,294.89,2.38,N
28.32293,77.21977,309.11,0.4,0.44,2026-09-25,2110,SNPP,SNPP,n,2.0NRT,292.13,0.61,N
30.61551,74.2737,309.52,0.41,0.37,2026-09-25,2110,SNPP,SNPP,n,2.0NRT,294.36,0.73,N
30.81182,76.01755,306.55,0.47,0.4,2026-09-25,2110,SNPP,SNPP,n,2.0NRT,293.34,1.26,N
31.25997,76.92519,301.61,0.51,0.41,2026-09-25,2110,SNPP,SNPP,n,2.0NRT,289.02,0.93,N
24.82137,73.09346,315.8,0.43,0.38,2026-09-25,2112,SNPP,SNPP,n,2.0NRT,298.85,2.14,N
23.31582,70.48887,309.64,0.39,0.36,2026-09-25,2112,SNPP,SNPP,n,2.0NRT,298.28,1.01,N
23.26816,70.25694,307.43,0.38,0.36,2026-09-25,2112,SNPP,SNPP,n,2.0NRT,297.25,1.18,N
23.25704,70.26257,312.33,0.38,0.36,2026-09-25,2112,SNPP,SNPP,n,2.0NRT,297.51,1.11,N
23.16928,70.21937,308.3,0.38,0.36,2026-09-25,2112,SNPP,SNPP,n,2.0NRT,298,1.32,N
22.9331,69.69752,307.6,0.38,0.36,2026-09-25,2112,SNPP,SNPP,n,2.0NRT,295.95,1,N
22.93252,69.70126,317.92,0.38,0.36,2026-09-25,2112,SNPP,SNPP,n,2.0NRT,295.28,1,N
22.43056,69.83376,308.34,0.38,0.36,2026-09-25,2112,SNPP,SNPP,n,2.0NRT,297.18,0.72,N
22.33927,69.85606,315.73,0.38,0.36,2026-09-25,2112,SNPP,SNPP,n,2.0NRT,300.93,2.53,N
22.3375,69.86721,309.72,0.38,0.36,2026-09-25,2112,SNPP,SNPP,n,2.0NRT,299.49,2.07,N
22.41635,69.03768,313.79,0.39,0.36,2026-09-25,2112,SNPP,SNPP,n,2.0NRT,296.54,1.83,N
21.10909,72.64645,301.06,0.45,0.39,2026-09-25,2112,SNPP,SNPP,n,2.0NRT,279.44,1.12,N
21.10477,72.65004,302.08,0.45,0.39,2026-09-25,2112,SNPP,SNPP,n,2.0NRT,279.51,1.09,N
20.90922,71.4587,314.09,0.41,0.37,2026-09-25,2112,SNPP,SNPP,n,2.0NRT,289.64,1.26,N
24.69133,73.00352,312.34,0.43,0.38,2026-09-25,2112,SNPP,SNPP,n,2.0NRT,297.42,2.04,N
24.65789,73.87594,305.65,0.46,0.39,2026-09-25,2112,SNPP,SNPP,n,2.0NRT,294.23,1.13,N
15.89755,75.4159,295.59,0.52,0.5,2026-09-25,2114,SNPP,SNPP,n,2.0NRT,271.19,0.68,N
18.68396,73.04115,309.64,0.5,0.41,2026-09-25,2114,SNPP,SNPP,n,2.0NRT,294.91,3.04,N
18.68566,73.03166,312.27,0.5,0.41,2026-09-25,2114,SNPP,SNPP,n,2.0NRT,295.15,3.63,N
18.69145,73.04265,306.07,0.5,0.41,2026-09-25,2114,SNPP,SNPP,n,2.0NRT,294.5,1.98,N
18.68107,73.03566,308.87,0.5,0.41,2026-09-25,2114,SNPP,SNPP,n,2.0NRT,295.23,2.95,N
20.8686,70.56738,305.22,0.39,0.36,2026-09-25,2114,SNPP,SNPP,n,2.0NRT,294.89,1.28,N
